id,gore,monto,fecha,ruc1,ruc2,ruc3,ruc4,ruc5,ruc6,ruc7,ruc8,ruc9
1,AMAZONAS,"553,742.97",29/12/2011,20479717304,,,,,,,,
2,AMAZONAS,"2,600,000.00",28/12/2011,20479683728,20480052090,20508637358,,,,,,
3,AMAZONAS,"1,701,595.00",01/12/2011,20516728362,20531703155,20506812462,,,,,,
4,AMAZONAS,"509,548.14",23/11/2011,20487406261,,,,,,,,
5,AMAZONAS,"8,444,624.37",21/11/2011,20452440912,20502397568,,,,,,,
6,AMAZONAS,"2,017,783.31",18/11/2011,20480052090,20479683728,,,,,,,
7,AMAZONAS,"1,763,291.55",11/11/2011,20515771591,20537837757,20479813958,,,,,,
8,AMAZONAS,"556,827.21",10/11/2011,20487543099,,,,,,,,
9,AMAZONAS,"1,620,453.54",10/11/2011,20479683728,20480052090,20479790303,,,,,,
10,AMAZONAS,"1,735,000.00",08/11/2011,20479683728,20487499685,,,,,,,
11,AMAZONAS,"6,520,000.00",28/10/2011,20493504062,20480052090,20479683728,,,,,,
12,AMAZONAS,"31,395,010.00",06/10/2011,20100364701,20393096960,,,,,,,
13,AMAZONAS,"360,371.02",03/10/2011,20392284169,,,,,,,,
14,AMAZONAS,"914,310.65",03/10/2011,20480411081,20480403496,,,,,,,
15,AMAZONAS,"1,501,721.05",15/09/2011,20487641422,20484065480,20487519384,,,,,,
16,AMAZONAS,"118,186.68",25/08/2011,20487598071,,,,,,,,
17,AMAZONAS,"354,054.43",24/08/2011,20480791305,20487499685,,,,,,,
18,AMAZONAS,"248,118.47",15/07/2011,20480009755,,,,,,,,
19,AMAZONAS,"2,003,620.95",28/06/2011,20479808440,20487590925,,,,,,,
20,AMAZONAS,"5,891,712.29",06/05/2013,20226217003,,,,,,,,
21,AMAZONAS,"5,891,712.29",18/03/2013,20506426155,20226217003,,,,,,,
22,AMAZONAS,"284,500.00",27/02/2013,20479646440,,,,,,,,
23,AMAZONAS,"537,120.00",19/02/2013,20480546921,,,,,,,,
24,AMAZONAS,"882,000.00",29/12/2012,20480791305,20487499685,,,,,,,
25,AMAZONAS,"278,278.79",29/12/2012,20479646440,,,,,,,,
26,AMAZONAS,"1,162,969.56",21/12/2012,20480403496,20480641249,,,,,,,
27,AMAZONAS,"1,731,117.16",19/12/2012,20480836252,20487499685,,,,,,,
28,AMAZONAS,"780,130.62",11/12/2012,20480009755,,,,,,,,
29,AMAZONAS,"1,767,528.67",11/12/2012,20480522827,,,,,,,,
30,AMAZONAS,"1,327,159.81",11/12/2012,20480580860,20480403496,,,,,,,
31,AMAZONAS,"2,134,654.46",07/12/2012,20393096960,,,,,,,,
32,AMAZONAS,"1,851,108.52",07/12/2012,20393096960,,,,,,,,
33,AMAZONAS,"4,430,800.00",07/12/2012,20480342926,20480009755,,,,,,,
34,AMAZONAS,"6,529,000.00",07/12/2012,10334070684,20516210428,20489517320,20480833822,,,,,
35,AMAZONAS,"3,288,942.43",07/12/2012,20394882489,,,,,,,,
36,AMAZONAS,"4,352,239.95",06/12/2012,20226217003,,,,,,,,
37,AMAZONAS,"2,423,960.00",05/12/2012,20480009755,20536044397,,,,,,,
38,AMAZONAS,"2,650,000.00",30/11/2012,20480833822,20479790303,,,,,,,
39,AMAZONAS,"3,645,000.00",29/11/2012,20487499685,20480836252,20479790303,,,,,,
40,AMAZONAS,"434,500.00",29/11/2012,20480113064,,,,,,,,
41,AMAZONAS,"2,695,000.00",28/11/2012,20487590925,20480833822,20479790303,,,,,,
42,AMAZONAS,"2,946,672.02",27/11/2012,20488020871,20108736659,,,,,,,
43,AMAZONAS,"6,742,882.70",27/11/2012,20544338910,20519615445,,,,,,,
44,AMAZONAS,"284,000.00",23/11/2012,20487543099,,,,,,,,
45,AMAZONAS,"815,107.00",09/11/2012,20487543099,20328053617,,,,,,,
46,AMAZONAS,"2,946,672.02",08/11/2012,20508637358,20108736659,,,,,,,
47,AMAZONAS,"605,241.94",08/11/2012,20314691475,,,,,,,,
48,AMAZONAS,"2,265,000.00",07/11/2012,20487747174,20480833822,20479790303,,,,,,
49,AMAZONAS,"2,650,000.00",31/10/2012,20479683728,,,,,,,,
50,AMAZONAS,"825,000.00",31/10/2012,20487499685,20480836252,,,,,,,
51,AMAZONAS,"2,695,000.00",30/10/2012,20479683728,20487590925,,,,,,,
52,AMAZONAS,"5,420,000.00",26/10/2012,20479683728,20516210428,20537474778,,,,,,
53,AMAZONAS,"3,968,900.00",11/10/2012,20393097265,20350034014,,,,,,,
54,AMAZONAS,"3,644,630.71",10/10/2012,20480342926,,,,,,,,
55,AMAZONAS,"3,247,526.99",02/10/2012,20393097265,20350034014,,,,,,,
56,AMAZONAS,"1,628,000.00",25/05/2012,20523110471,20487499685,20479683728,,,,,,
57,AMAZONAS,"1,070,834.53",24/05/2012,20503981298,20480427913,,,,,,,
58,AMAZONAS,"2,349,070.89",09/02/2012,20531977441,20531950241,20511001235,20445102947,,,,,
59,AMAZONAS,"4,585,000.00",27/01/2012,20350034014,20393097265,,,,,,,
60,AMAZONAS,"884,296.24",20/12/2013,20480188404,20487435369,,,,,,,
61,AMAZONAS,"249,780.54",20/12/2013,20480791305,,,,,,,,
62,AMAZONAS,"764,463.76",19/12/2013,20480546921,20480113064,,,,,,,
63,AMAZONAS,"566,776.00",19/12/2013,20480833822,20487592545,,,,,,,
64,AMAZONAS,"3,547,627.66",18/12/2013,20108736659,20488020871,,,,,,,
65,AMAZONAS,"1,740,000.00",10/12/2013,20480833822,20487499685,,,,,,,
66,AMAZONAS,"1,604,433.39",14/11/2013,10165410446,20479572659,20487980049,,,,,,
67,AMAZONAS,"930,545.41",07/11/2013,20480188404,20539240855,,,,,,,
68,AMAZONAS,"3,284,593.50",07/11/2013,20538980928,20480421478,,,,,,,
69,AMAZONAS,"1,838,952.00",07/11/2013,20480805705,20479683728,,,,,,,
70,AMAZONAS,"4,023,552.46",21/10/2013,20503981298,20480214928,20535965502,,,,,,
71,AMAZONAS,"1,390,000.00",21/10/2013,20487499685,20479683728,,,,,,,
72,AMAZONAS,"364,040.08",17/10/2013,20480214928,,,,,,,,
73,AMAZONAS,"428,108.76",14/10/2013,20539202091,,,,,,,,
74,AMAZONAS,"5,070,000.00",03/10/2013,20480833822,20507983481,20479683728,,,,,,
75,AMAZONAS,"541,736.95",26/09/2013,20480188404,,,,,,,,
76,AMAZONAS,"971,430.00",25/09/2013,20487499685,20480833822,20479683728,,,,,,
77,AMAZONAS,"862,114.89",23/09/2013,20539090861,,,,,,,,
78,AMAZONAS,"1,705,915.83",11/09/2013,20508461489,20512419837,,,,,,,
79,AMAZONAS,"9,760,929.66",02/09/2013,10066917415,20479840688,,,,,,,
80,AMAZONAS,"1,197,620.18",09/08/2013,20437405710,20539134231,20545836131,10096422461,,,,,
81,AMAZONAS,"275,800.00",02/08/2013,20480214928,,,,,,,,
82,AMAZONAS,"300,700.00",26/07/2013,20480762208,,,,,,,,
83,AMAZONAS,"2,456,530.06",24/07/2013,20480342926,,,,,,,,
84,AMAZONAS,"8,200,000.00",24/07/2013,20479683728,20519615445,,,,,,,
85,AMAZONAS,"296,098.44",31/05/2013,20487575888,20480791305,,,,,,,
86,AMAZONAS,"296,098.44",04/04/2013,20487575888,20480791305,,,,,,,
87,AMAZONAS,"117,958.67",15/03/2013,20480522151,,,,,,,,
88,AMAZONAS,"480,383.03",08/02/2013,20479646440,,,,,,,,
89,AMAZONAS,"1,066,835.00",07/02/2013,20480009755,20479809764,,,,,,,
90,AMAZONAS,"528,000.00",07/02/2013,20538912680,,,,,,,,
91,AMAZONAS,"2,365,359.78",10/10/2014,20503981298,20480214928,,,,,,,
92,AMAZONAS,"6,317,467.34",11/09/2014,20505885725,20538980928,,,,,,,
93,AMAZONAS,"177,904,002.17",09/09/2014,20553360910,20109565017,,,,,,,
94,AMAZONAS,"6,678,582.37",21/08/2014,20538980928,20487459039,,,,,,,
95,AMAZONAS,"3,649,553.34",13/08/2014,20561240125,20561234079,20539202091,20487571891,20480188404,20561234583,,,
96,AMAZONAS,"7,608,729.03",06/08/2014,20539221982,20487504352,20487459039,,,,,,
97,AMAZONAS,"59,902,530.00",23/07/2014,20548931321,99000003278,20109565017,,,,,,
98,AMAZONAS,"402,000.00",18/07/2014,20479808440,20539278232,,,,,,,
99,AMAZONAS,"7,814,334.92",04/07/2014,20538980928,20505885725,,,,,,,
100,AMAZONAS,"4,587,000.00",25/06/2014,20480188404,20539273605,20479808440,,,,,,
101,AMAZONAS,"4,715,000.00",13/03/2014,20479683728,20480833822,,,,,,,
102,AMAZONAS,"98,156.00",24/12/2015,20479809098,,,,,,,,
103,AMAZONAS,"2,028,619.69",06/11/2015,20495948871,,,,,,,,
104,AMAZONAS,"810,191.70",30/10/2015,20450269060,,,,,,,,
105,AMAZONAS,"657,551.64",30/10/2015,20487499685,20488057287,,,,,,,
106,AMAZONAS,"875,410.04",30/10/2015,20450269060,,,,,,,,
107,AMAZONAS,"667,832.92",30/10/2015,20487499685,20488057287,,,,,,,
108,AMAZONAS,"700,813.17",30/10/2015,20487931188,,,,,,,,
109,AMAZONAS,"670,381.27",06/10/2015,20487499685,,,,,,,,
110,AMAZONAS,"542,655.41",06/10/2015,20487499685,,,,,,,,
111,AMAZONAS,"734,520.96",06/10/2015,20480391200,,,,,,,,
112,AMAZONAS,"656,972.77",06/10/2015,20480391200,,,,,,,,
113,AMAZONAS,"1,847,212.00",21/09/2015,20101446639,20487499685,,,,,,,
114,AMAZONAS,"563,965.07",18/08/2015,20480821735,,,,,,,,
115,AMAZONAS,"1,182,239.92",21/07/2015,20487499685,20488057287,,,,,,,
116,AMAZONAS,"1,281,162.00",25/02/2015,10102838721,20488057287,,,,,,,
117,AMAZONAS,"274,000.58",30/12/2016,10166918851,20600156579,,,,,,,
118,AMAZONAS,"339,033.78",22/12/2016,20570683374,20493955315,,,,,,,
119,AMAZONAS,"282,769.09",22/12/2016,20493955315,20570683374,,,,,,,
120,AMAZONAS,"197,920.69",22/12/2016,20488057287,10166918851,,,,,,,
121,AMAZONAS,"335,841.69",22/12/2016,20570683374,20493955315,,,,,,,
122,AMAZONAS,"780,743.33",14/12/2016,20480214928,,,,,,,,
123,AMAZONAS,"451,279.83",14/12/2016,20600143051,20539094000,20480789408,20480427913,,,,,
124,AMAZONAS,"1,044,336.37",13/12/2016,20480836252,20600845561,,,,,,,
125,AMAZONAS,"420,000.00",12/12/2016,20487976955,,,,,,,,
126,AMAZONAS,"304,705.03",09/12/2016,20538930157,,,,,,,,
127,AMAZONAS,"448,738.13",06/12/2016,20487611191,,,,,,,,
128,AMAZONAS,"634,869.50",16/11/2016,20487611191,20488057287,,,,,,,
129,AMAZONAS,"2,121,789.58",11/11/2016,20600143051,20480789408,20539094000,20480427913,20480188404,,,,
130,AMAZONAS,"439,738.61",08/11/2016,20479790303,20487611191,,,,,,,
131,AMAZONAS,"1,113,487.47",08/11/2016,20480546921,,,,,,,,
132,AMAZONAS,"29,250,000.00",04/11/2016,20450278051,20480052090,,,,,,,
133,AMAZONAS,"3,537,725.36",19/09/2016,20600094964,20561418129,20487611191,,,,,,
134,AMAZONAS,"3,461,279.12",19/09/2016,20487358194,20488083105,20600039335,,,,,,
135,AMAZONAS,"2,900,861.77",15/09/2016,20479840688,,,,,,,,
136,AMAZONAS,"3,020,839.84",05/09/2016,20480052090,20508637358,,,,,,,
137,AMAZONAS,"2,767,000.00",22/08/2016,20600197739,20487499685,,,,,,,
138,AMAZONAS,"522,000.00",29/12/2017,20496118112,,,,,,,,
139,AMAZONAS,"2,445,643.02",29/12/2017,20600143051,20487499685,20480059850,20539094000,,,,,
140,AMAZONAS,"1,180,467.00",14/12/2017,20487499685,20602061036,,,,,,,
141,AMAZONAS,"1,113,766.25",07/12/2017,20480814798,20392368427,,,,,,,
142,AMAZONAS,"967,289.00",07/12/2017,20480113064,20561260070,,,,,,,
143,AMAZONAS,"1,567,562.28",07/12/2017,20507983481,20539107004,,,,,,,
144,AMAZONAS,"619,661.89",07/12/2017,20480791305,,,,,,,,
145,AMAZONAS,"2,875,288.83",29/11/2017,20450325661,20480427913,20487517098,,,,,,
146,AMAZONAS,"668,144.26",27/11/2017,20480427913,20480762976,20488057287,,,,,,
147,AMAZONAS,"8,542,866.15",23/11/2017,20600197739,20480052090,20480833822,,,,,,
148,AMAZONAS,"602,357.21",20/11/2017,20601738873,20487854841,,,,,,,
149,AMAZONAS,"13,839,855.42",17/11/2017,20600197739,20450278051,20508637358,,,,,,
150,AMAZONAS,"3,294,627.35",13/11/2017,20570581709,20394882489,,,,,,,
151,AMAZONAS,"1,334,218.42",07/11/2017,20487592545,,,,,,,,
152,AMAZONAS,"2,696,874.42",07/11/2017,20480833822,20600197739,,,,,,,
153,AMAZONAS,"4,493,665.07",07/11/2017,20570527593,20487809463,20539073771,,,,,,
154,AMAZONAS,"728,531.55",06/11/2017,20480139705,20480590661,,,,,,,
155,AMAZONAS,"7,299,713.38",17/10/2017,20600197739,20480833822,20480052090,,,,,,
156,AMAZONAS,"2,220,311.18",10/10/2017,20600094964,20480791305,20480052090,,,,,,
157,AMAZONAS,"343,200.00",14/09/2017,20488057287,20601921431,,,,,,,
158,AMAZONAS,"358,860.00",14/09/2017,20601921431,20488057287,,,,,,,
159,AMAZONAS,"5,230,039.53",14/08/2017,20600197739,20480052090,,,,,,,
160,AMAZONAS,"1,296,221.99",21/07/2017,20480188404,20487517098,,,,,,,
161,AMAZONAS,"3,000,000.00",10/07/2017,20561418129,20480059850,,,,,,,
162,AMAZONAS,"2,733,012.58",07/07/2017,20488020871,20480833822,20479840688,,,,,,
163,AMAZONAS,"125,317.51",12/06/2017,20561260070,,,,,,,,
164,AMAZONAS,"6,028,278.15",20/03/2019,20571395283,20480059850,,,,,,,
165,AMAZONAS,"6,028,278.15",20/03/2019,20479790303,20480836252,,,,,,,
166,AMAZONAS,"1,042,962.85",06/12/2018,20453649840,20570818644,,,,,,,
167,AMAZONAS,"800,000.00",06/12/2018,20601921431,20488057287,,,,,,,
168,AMAZONAS,"4,145,124.19",15/11/2018,20186871864,20531309091,,,,,,,
169,AMAZONAS,"3,767,481.84",30/10/2018,20601047226,20480836252,,,,,,,
170,AMAZONAS,"1,548,889.44",17/10/2018,20503981298,20480214928,,,,,,,
171,AMAZONAS,"1,118,465.93",04/10/2018,20600798937,20495973981,,,,,,,
172,AMAZONAS,"1,298,247.48",04/10/2018,20600798937,20495973981,,,,,,,
173,AMAZONAS,"1,458,028.47",04/10/2018,20480059850,20600143051,,,,,,,
174,AMAZONAS,"944,329.52",04/10/2018,20600798937,20495973981,,,,,,,
175,AMAZONAS,"1,268,547.40",04/10/2018,20480059850,20600143051,,,,,,,
176,AMAZONAS,"2,808,847.60",13/09/2018,20487499685,20603036744,20480791305,,,,,,
177,AMAZONAS,"1,435,000.00",07/08/2018,20561415456,20450299139,20602736106,,,,,,
178,AMAZONAS,"4,327,587.70",24/07/2018,20392368427,20480590661,,,,,,,
179,AMAZONAS,"1,525,125.00",18/07/2018,20602263526,20480546921,20539073771,,,,,,
180,AMAZONAS,"10,240,336.59",13/07/2018,20479683728,20480052090,,,,,,,
181,AMAZONAS,"11,325,621.58",13/07/2018,20480052090,20480833822,,,,,,,
182,AMAZONAS,"5,932,111.67",26/06/2018,20480791305,20480052090,20487499685,,,,,,
183,AMAZONAS,"1,606,886.41",01/10/2020,20270971891,,,,,,,,
184,AMAZONAS,"198,407.09",27/11/2019,20479840688,,,,,,,,
185,AMAZONAS,"3,348,900.00",12/11/2019,20561152005,20487499685,,,,,,,
186,AMAZONAS,"1,540,000.00",12/11/2019,20480427913,,,,,,,,
187,AMAZONAS,"4,708,000.00",08/11/2019,20480836252,20487499685,,,,,,,
188,AMAZONAS,"3,278,860.82",08/11/2019,20453649840,20570818644,,,,,,,
189,AMAZONAS,"2,147,000.00",08/11/2019,20600162412,20561152005,,,,,,,
190,AMAZONAS,"95,863,757.07",29/10/2019,20563373009,99000027401,,,,,,,
191,AMAZONAS,"640,110.39",24/10/2019,20479764728,,,,,,,,
192,AMAZONAS,"1,139,961.15",16/10/2019,20480427913,,,,,,,,
193,AMAZONAS,"8,032,132.00",11/10/2019,20480009755,20479790303,,,,,,,
194,AMAZONAS,"769,243.42",11/10/2019,20600924169,20480590661,,,,,,,
195,AMAZONAS,"794,854.04",02/10/2019,20539013441,20600924169,,,,,,,
196,AMAZONAS,"3,567,296.85",20/09/2019,20539183878,20480214928,20148020966,,,,,,
197,AMAZONAS,"2,795,000.00",17/09/2019,20494079713,20602570534,,,,,,,
198,AMAZONAS,"1,964,517.17",18/07/2019,20603512040,20450119254,,,,,,,
199,AMAZONAS,"1,158,198.01",11/07/2019,20523790324,,,,,,,,
200,AMAZONAS,"5,037,000.00",09/07/2019,20450278051,20480836252,,,,,,,
201,AMAZONAS,"2,902,924.35",21/06/2019,20450119254,20604115923,,,,,,,
202,AMAZONAS,"2,824,281.38",20/05/2019,20570818644,20495973981,,,,,,,
203,AMAZONAS,"4,690,000.00",20/05/2019,20450326713,,,,,,,,
204,AMAZONAS,"803,860.50",11/04/2019,20539013441,,,,,,,,
205,AMAZONAS,"707,991.02",19/11/2020,20552390025,20602272304,,,,,,,
206,AMAZONAS,"207,657.55",18/11/2020,20479764728,20600504500,,,,,,,
207,AMAZONAS,"187,575.89",13/10/2020,20480836252,,,,,,,,
208,AMAZONAS,"357,535.31",01/10/2020,20493987195,20488057287,,,,,,,
209,AMAZONAS,"471,854.80",01/10/2020,20487592545,20488057287,,,,,,,
210,AMAZONAS,"932,472.16",25/09/2020,20601649161,20570757831,,,,,,,
211,AMAZONAS,"270,197.19",25/09/2020,20604434972,,,,,,,,
212,AMAZONAS,"223,133,642.43",14/07/2020,20479683728,20480052090,20602371442,,,,,,
213,AMAZONAS,"5,004,937.29",23/06/2020,20270971891,10167681978,,,,,,,
214,AMAZONAS,"82,168,819.24",11/03/2020,20602371442,20480052090,,,,,,,
215,AMAZONAS,"1,758,745.66",19/05/2022,20479790303,,,,,,,,
216,AMAZONAS,"3,458,000.00",01/03/2022,20450326713,,,,,,,,
217,AMAZONAS,"2,229,161.77",28/02/2022,20480391200,20480811934,,,,,,,
218,AMAZONAS,"1,977,707.25",28/02/2022,20528217461,20605899227,,,,,,,
219,AMAZONAS,"227,921.40",10/11/2021,20136318323,20487909336,,,,,,,
220,AMAZONAS,"1,694,543.35",29/10/2021,20604451648,20534166240,,,,,,,
221,AMAZONAS,"3,672,791.92",28/10/2021,20602698409,20480774397,,,,,,,
222,AMAZONAS,"2,947,476.22",28/10/2021,20561152005,20479683728,,,,,,,
223,AMAZONAS,"2,229,161.77",15/10/2021,20479790303,20539201281,,,,,,,
224,AMAZONAS,"626,250.00",13/10/2021,20539273605,20539201281,,,,,,,
225,AMAZONAS,"1,587,565.42",01/10/2021,20561152005,20600542525,,,,,,,
226,AMAZONAS,"1,230,844.17",24/09/2021,20487499685,20480791305,,,,,,,
227,AMAZONAS,"1,295,764.01",16/09/2021,20480791305,,,,,,,,
228,AMAZONAS,"1,618,708.39",16/09/2021,20487611191,20600147600,,,,,,,
229,AMAZONAS,"4,752,590.00",16/09/2021,20480836252,20542271834,,,,,,,
230,AMAZONAS,"8,518,000.00",14/09/2021,20450326713,,,,,,,,
231,AMAZONAS,"704,787.28",08/09/2021,20450157008,20604115923,,,,,,,
232,AMAZONAS,"4,331,250.27",03/09/2021,20480836252,20487499685,,,,,,,
233,AMAZONAS,"2,650,000.00",17/08/2021,20480836252,,,,,,,,
234,AMAZONAS,"562,199.96",13/08/2021,20604775010,20480427913,,,,,,,
235,AMAZONAS,"626,250.00",12/08/2021,20539273605,20539201281,,,,,,,
236,AMAZONAS,"2,779,000.00",20/07/2021,20450326713,20542312450,,,,,,,
237,AMAZONAS,"8,319,581.09",15/06/2021,20477530665,20600798937,,,,,,,
238,AMAZONAS,"13,730,000.00",28/04/2021,20450326713,20494079713,,,,,,,
239,AMAZONAS,"241,494.14",01/02/2021,20539016629,,,,,,,,
240,AMAZONAS,"996,580.74",27/10/2022,20487499685,20480134142,,,,,,,
241,AMAZONAS,"296,470.00",04/10/2022,20479764728,20608056026,,,,,,,
242,AMAZONAS,"2,125,000.00",04/08/2022,20572141986,,,,,,,,
243,AMAZONAS,"250,795.96",19/07/2022,20487818535,20601832811,,,,,,,
244,AMAZONAS,"7,372,300.00",05/07/2022,20480188404,20480427913,,,,,,,
245,AMAZONAS,"150,579,197.58",04/07/2022,20602979173,,,,,,,,
246,AMAZONAS,"443,706.31",15/06/2022,20600504500,20479764728,,,,,,,
247,AMAZONAS,"122,415,156.59",14/06/2022,20602979173,,,,,,,,
248,AMAZONAS,"5,763,345.05",10/06/2022,20495136231,20487419754,,,,,,,
249,AMAZONAS,"767,188.56",08/06/2022,20608518763,20487980634,,,,,,,
250,AMAZONAS,"1,235,773.34",08/06/2022,20600542525,20479764728,,,,,,,
251,AMAZONAS,"8,410,000.00",28/03/2022,20450326713,20450186440,,,,,,,
252,AMAZONAS,"1,460,000.00",22/01/2024,20480427913,20600040040,,,,,,,
253,AMAZONAS,"3,218,626.00",20/12/2023,20480833822,20480836252,,,,,,,
254,AMAZONAS,"2,735,000.00",20/12/2023,20480833822,,,,,,,,
255,AMAZONAS,"3,295,000.00",20/12/2023,20480836252,20480833822,,,,,,,
256,AMAZONAS,"5,122,828.57",19/12/2023,20480134142,20487499685,,,,,,,
257,AMAZONAS,"918,169.39",06/12/2023,20480791305,20487499685,,,,,,,
258,AMAZONAS,"8,600,000.00",06/12/2023,20487499685,20525333923,,,,,,,
259,AMAZONAS,"10,929,000.00",06/12/2023,20561152005,20479683728,,,,,,,
260,AMAZONAS,"2,221,112.46",05/12/2023,20480791305,20601832811,,,,,,,
261,AMAZONAS,"5,196,327.98",27/11/2023,20488077717,20479572659,,,,,,,
262,AMAZONAS,"425,918.95",27/11/2023,20480836252,20480550871,,,,,,,
263,AMAZONAS,"2,978,510.04",16/11/2023,20600398700,20480123884,,,,,,,
264,AMAZONAS,"1,510,419.00",06/11/2023,20494535409,20480167407,,,,,,,
265,AMAZONAS,"10,633,826.00",03/11/2023,20480836252,20606125969,,,,,,,
266,AMAZONAS,"1,138,138.85",26/10/2023,20480123884,20539009096,,,,,,,
267,AMAZONAS,"11,351,472.44",20/10/2023,20487499685,20600143051,,,,,,,
268,AMAZONAS,"11,834,887.34",13/10/2023,20494101662,20488077717,,,,,,,
269,AMAZONAS,"466,509.70",12/10/2023,20561415707,20480791305,,,,,,,
270,AMAZONAS,"717,980.08",12/10/2023,20480059850,,,,,,,,
271,AMAZONAS,"28,731,320.13",01/09/2023,20479683728,20480059850,,,,,,,
272,AMAZONAS,"1,951,140.95",18/08/2023,20539201281,20485848372,,,,,,,
273,AMAZONAS,"3,304,348.64",10/08/2023,20601832811,20480791305,,,,,,,
274,AMAZONAS,"662,485.10",03/08/2023,20600143051,,,,,,,,
275,AMAZONAS,"974,159.80",21/06/2023,20542396297,20604775010,,,,,,,
276,AMAZONAS,"741,760.25",16/06/2023,20542396297,20604775010,,,,,,,
277,AMAZONAS,"1,723,162.27",04/04/2023,20601832811,20392307045,,,,,,,
278,AMAZONAS,"4,774,334.31",04/04/2023,20561239542,,,,,,,,
279,AMAZONAS,"634,373.30",06/03/2023,20600143051,,,,,,,,
280,AMAZONAS,"2,013,657.85",20/12/2024,20560168994,20487976955,,,,,,,
281,AMAZONAS,"1,444,588.04",20/12/2024,20487976955,,,,,,,,
282,AMAZONAS,"1,942,126.04",20/12/2024,20560168994,20487976955,,,,,,,
283,AMAZONAS,"9,926,471.45",20/12/2024,20570698304,20610241191,,,,,,,
284,AMAZONAS,"1,204,023.45",12/12/2024,20487976955,20606918144,,,,,,,
285,AMAZONAS,"1,913,257.01",03/12/2024,20480059850,,,,,,,,
286,AMAZONAS,"880,757.64",28/11/2024,20487976955,20611111241,,,,,,,
287,AMAZONAS,"648,324.39",28/11/2024,20487976955,20611111241,,,,,,,
288,AMAZONAS,"331,989.19",28/11/2024,20487976955,,,,,,,,
289,AMAZONAS,"543,851.01",28/11/2024,20487976955,,,,,,,,
290,AMAZONAS,"519,597.34",28/11/2024,20487976955,,,,,,,,
291,AMAZONAS,"2,608,569.42",27/11/2024,20479790303,20487499685,,,,,,,
292,AMAZONAS,"3,852,742.44",27/11/2024,20517623394,20610381538,,,,,,,
293,AMAZONAS,"1,588,695.74",30/10/2024,20600147600,20479808440,,,,,,,
294,AMAZONAS,"2,632,772.49",17/09/2024,20601446741,20480836252,,,,,,,
295,AMAZONAS,"3,156,291.75",11/09/2024,20491617439,20495931472,,,,,,,
296,AMAZONAS,"3,099,666.99",02/09/2024,20600979192,20531455313,,,,,,,
297,AMAZONAS,"10,881,246.64",01/08/2024,20487976955,20600197739,,,,,,,
298,AMAZONAS,"704,728.39",24/07/2024,20561260070,20480113064,,,,,,,
299,AMAZONAS,"1,579,075.36",22/07/2024,20480791305,20601832811,,,,,,,
300,AMAZONAS,"852,499.31",18/07/2024,20600143051,,,,,,,,
301,AMAZONAS,"190,029.57",08/07/2024,20607492337,20607214914,,,,,,,
302,AMAZONAS,"1,117,599.86",25/06/2024,20510100604,20515869647,,,,,,,
303,AMAZONAS,"5,652,798.03",13/06/2024,20488071603,20561239542,,,,,,,
304,AMAZONAS,"10,011,017.75",11/06/2024,20491560496,20480123884,,,,,,,
305,AMAZONAS,"1,430,577.06",10/04/2024,20600357248,10466648707,,,,,,,
306,ANCASH,"65,880.59",15/12/2005,20530784275,,,,,,,,
307,ANCASH,"134,256.95",23/11/2005,20530894291,,,,,,,,
308,ANCASH,"89,991.74",07/11/2005,20227662108,,,,,,,,
309,ANCASH,"380,095.03",31/10/2005,20445389201,,,,,,,,
310,ANCASH,"1,752,927.75",26/09/2005,20108736659,10282902082,,,,,,,
311,ANCASH,"89,956.94",26/09/2005,20530867561,,,,,,,,
312,ANCASH,"338,718.32",21/09/2005,20530592520,,,,,,,,
313,ANCASH,"621,234.28",07/09/2005,20530813399,,,,,,,,
314,ANCASH,"438,888.56",06/09/2005,20530891438,,,,,,,,
315,ANCASH,"72,831.45",02/09/2005,20364766999,,,,,,,,
316,ANCASH,"231,416.02",02/09/2005,20488351398,,,,,,,,
317,ANCASH,"873,492.43",23/08/2005,20505935251,,,,,,,,
318,ANCASH,"768,976.25",15/08/2005,20453914268,,,,,,,,
319,ANCASH,"193,710.59",04/08/2005,20530774806,,,,,,,,
320,ANCASH,"733,647.15",13/06/2005,20364680687,,,,,,,,
321,ANCASH,"351,537.77",30/05/2005,20406905226,,,,,,,,
322,ANCASH,"381,121.25",05/05/2005,20445016358,,,,,,,,
323,ANCASH,"252,814.56",04/05/2005,20449282729,,,,,,,,
324,ANCASH,"483,602.17",28/04/2005,20530862250,,,,,,,,
325,ANCASH,"573,460.37",06/04/2005,20358000348,,,,,,,,
326,ANCASH,"804,824.97",06/04/2005,20489263123,,,,,,,,
327,ANCASH,"417,479.13",04/04/2005,20165813996,,,,,,,,
328,ANCASH,"437,482.94",04/04/2005,20530696902,,,,,,,,
329,ANCASH,"2,582,515.99",14/11/2006,20163906661,20503574226,20440128557,,,,,,
330,ANCASH,"294,857.12",13/11/2006,10157044414,,,,,,,,
331,ANCASH,"817,602.54",31/10/2006,20484346659,,,,,,,,
332,ANCASH,"768,326.39",31/10/2006,20428434588,,,,,,,,
333,ANCASH,"751,827.08",30/10/2006,20277572517,,,,,,,,
334,ANCASH,"431,303.67",27/10/2006,20403407004,,,,,,,,
335,ANCASH,"467,188.02",25/10/2006,20489466741,,,,,,,,
336,ANCASH,"575,422.95",23/10/2006,20510916710,,,,,,,,
337,ANCASH,"1,146,884.67",19/10/2006,20207951316,20470005565,,,,,,,
338,ANCASH,"594,656.23",13/10/2006,20364680687,,,,,,,,
339,ANCASH,"507,371.00",12/10/2006,20445454975,,,,,,,,
340,ANCASH,"710,571.17",12/10/2006,20445454975,,,,,,,,
341,ANCASH,"505,660.88",12/10/2006,10157044414,20403914101,,,,,,,
342,ANCASH,"808,259.33",21/09/2006,20530867561,,,,,,,,
343,ANCASH,"517,280.34",08/09/2006,10157044414,,,,,,,,
344,ANCASH,"412,955.85",28/08/2006,20530862250,,,,,,,,
345,ANCASH,"151,534.33",04/07/2006,10081180704,,,,,,,,
346,ANCASH,"194,304.45",04/07/2006,20114110966,,,,,,,,
347,ANCASH,"1,508,934.32",12/04/2006,20100620805,,,,,,,,
348,ANCASH,"383,217.31",28/03/2006,20530891438,,,,,,,,
349,ANCASH,"278,962.53",21/03/2006,20530913776,,,,,,,,
350,ANCASH,"317,592.41",03/03/2006,20227662108,,,,,,,,
351,ANCASH,"93,777.26",03/12/2007,20495641806,,,,,,,,
352,ANCASH,"248,588.90",27/11/2007,20530696902,,,,,,,,
353,ANCASH,"2,741,548.69",07/11/2007,20142907373,,,,,,,,
354,ANCASH,"248,588.91",11/09/2007,20407011920,,,,,,,,
355,ANCASH,"1,274,558.23",21/08/2007,20127619965,20267815667,,,,,,,
356,ANCASH,"3,488,146.08",20/08/2007,20101178103,20117866263,,,,,,,
357,ANCASH,"4,190,000.00",20/08/2007,20488948955,20101178103,20103836761,,,,,,
358,ANCASH,"1,228,036.59",08/06/2007,20445328597,,,,,,,,
359,ANCASH,"1,393,642.75",16/05/2007,20445328597,,,,,,,,
360,ANCASH,"2,430,811.46",09/05/2007,20100669057,10283106000,,,,,,,
361,ANCASH,"1,514,033.74",10/04/2007,20514887765,20122484310,20262396135,,,,,,
362,ANCASH,"335,346.05",09/04/2007,20531010036,,,,,,,,
363,ANCASH,"1,612,271.48",23/03/2007,20117155677,,,,,,,,
364,ANCASH,"451,515.02",21/03/2007,10327323321,,,,,,,,
365,ANCASH,"1,829,199.16",09/03/2007,20123684886,,,,,,,,
366,ANCASH,"273,171.82",31/12/2008,20403335097,20445585051,,,,,,,
367,ANCASH,"674,349.84",31/12/2008,20398613563,,,,,,,,
368,ANCASH,"309,000.00",31/12/2008,20101178103,20402986655,20451360605,,,,,,
369,ANCASH,"1,008,340.66",31/12/2008,20398613563,,,,,,,,
370,ANCASH,"5,518,489.44",31/12/2008,20502942183,20394882489,,,,,,,
371,ANCASH,"608,226.99",31/12/2008,20503729521,20530993605,,,,,,,
372,ANCASH,"775,119.58",31/12/2008,20530993605,20503729521,,,,,,,
373,ANCASH,"1,752,412.37",31/12/2008,20515430505,10283106000,,,,,,,
374,ANCASH,"1,346,968.52",21/07/2008,20502942183,20517845371,,,,,,,
375,ANCASH,"1,369,027.94",18/07/2008,20458476757,,,,,,,,
376,ANCASH,"2,680,981.59",14/07/2008,20517845371,20425648340,,,,,,,
377,ANCASH,"2,179,903.87",14/07/2008,20517845371,20425648340,,,,,,,
378,ANCASH,"1,839,038.31",14/07/2008,20511317038,20451238630,,,,,,,
379,ANCASH,"35,868,606.01",09/06/2008,20314050763,20191808241,20100240301,,,,,,
380,ANCASH,"1,280,126.38",18/04/2008,20445571424,20402741971,20214487960,20445309371,,,,,
381,ANCASH,"1,257,040.26",18/04/2008,20398613563,,,,,,,,
382,ANCASH,"1,597,386.81",18/04/2008,20451238630,20511317038,,,,,,,
383,ANCASH,"2,780,737.12",18/04/2008,20502942183,20260933419,,,,,,,
384,ANCASH,"2,838,618.62",18/04/2008,20445571424,20402741971,20445309371,,,,,,
385,ANCASH,"1,793,868.07",16/02/2010,20386795623,20510842767,20300690999,,,,,,
386,ANCASH,"690,546.42",18/01/2010,20445673774,20445454975,20445585051,,,,,,
387,ANCASH,"3,921,409.16",14/12/2009,20336707618,20481146951,,,,,,,
388,ANCASH,"2,235,147.54",14/12/2009,20227111055,20530875238,,,,,,,
389,ANCASH,"5,789,041.01",01/12/2009,20520789031,20502397568,,,,,,,
390,ANCASH,"1,218,277.18",06/11/2009,20480858817,20519117844,20439051982,20105602091,,,,,
391,ANCASH,"4,031,333.60",21/10/2009,20425648340,20103349932,20481883971,20510782764,,,,,
392,ANCASH,"1,246,582.41",07/10/2009,10328628002,20131871776,20445572820,,,,,,
393,ANCASH,"1,320,735.76",31/08/2009,20423626462,20516407566,20491865921,20453832024,,,,,
394,ANCASH,"2,212,868.95",21/08/2009,20398604734,20481883971,20103349932,,,,,,
395,ANCASH,"5,743,550.42",18/08/2009,10320420011,20423626462,20118271107,20453832024,,,,,
396,ANCASH,"3,276,185.40",10/08/2009,10011195607,20407797877,20279551932,10105503836,,,,,
397,ANCASH,"282,421.00",06/08/2009,20407890818,20534170786,,,,,,,
398,ANCASH,"283,876.07",06/08/2009,20534072181,,,,,,,,
399,ANCASH,"3,896,753.75",22/07/2009,20136339240,20505736215,20257690581,20471593185,20300690999,,,,
400,ANCASH,"1,236,313.75",08/07/2009,20263346328,20484206997,20445646530,20534081333,,,,,
401,ANCASH,"1,965,304.75",03/07/2009,10086478981,20114128822,20531609647,,,,,,
402,ANCASH,"3,923,868.41",03/07/2009,20530971113,20533974415,20445102947,,,,,,
403,ANCASH,"2,903,653.05",19/06/2009,10179063455,20397543987,20134427389,20440128557,,,,,
404,ANCASH,"4,617,905.21",19/06/2009,10103154931,10081870492,20108290111,20533902261,,,,,
405,ANCASH,"4,374,782.09",10/06/2009,20458659321,,,,,,,,
406,ANCASH,"189,806.90",06/05/2009,20445327272,,,,,,,,
407,ANCASH,"252,366.63",06/05/2009,20531091281,,,,,,,,
408,ANCASH,"185,204.25",06/05/2009,20534029927,,,,,,,,
409,ANCASH,"280,506.95",06/05/2009,20488652321,,,,,,,,
410,ANCASH,"243,045.89",06/05/2009,20534106697,,,,,,,,
411,ANCASH,"281,278.08",06/05/2009,20488652321,,,,,,,,
412,ANCASH,"281,558.62",06/05/2009,20286977759,,,,,,,,
413,ANCASH,"281,226.88",06/05/2009,20407781105,,,,,,,,
414,ANCASH,"245,399.00",06/05/2009,20407876238,,,,,,,,
415,ANCASH,"264,751.00",14/04/2009,20533971823,,,,,,,,
416,ANCASH,"238,899.00",14/04/2009,20533971823,,,,,,,,
417,ANCASH,"241,450.48",14/04/2009,20533971823,,,,,,,,
418,ANCASH,"283,886.00",14/04/2009,20533971823,,,,,,,,
419,ANCASH,"280,033.25",14/04/2009,20533971823,,,,,,,,
420,ANCASH,"8,031,969.30",27/03/2009,20460420262,20408997667,20451238630,,,,,,
421,ANCASH,"2,815,043.40",19/03/2009,20391622371,,,,,,,,
422,ANCASH,"3,638,255.20",04/05/2011,20533976540,20445771601,,,,,,,
423,ANCASH,"1,193,789.58",30/12/2010,20531089627,20533971823,20534147296,20408078530,,,,,
424,ANCASH,"3,259,750.35",30/12/2010,20531769920,20445549411,20403407004,20445311783,,,,,
425,ANCASH,"4,100,883.17",30/12/2010,10104750741,20406906460,,,,,,,
426,ANCASH,"2,467,494.40",30/12/2010,20323041092,20533942211,20530562370,,,,,,
427,ANCASH,"3,082,822.77",30/12/2010,20408140782,20520644068,20336707618,,,,,,
428,ANCASH,"261,110.33",30/12/2010,20531700130,,,,,,,,
429,ANCASH,"690,532.56",30/12/2010,20445795535,20482021523,,,,,,,
430,ANCASH,"1,300,127.00",29/12/2010,20125398945,20510253851,,,,,,,
431,ANCASH,"1,538,265.58",22/12/2010,20533971823,20407011920,,,,,,,
432,ANCASH,"1,688,700.79",20/12/2010,20508384123,20524098882,,,,,,,
433,ANCASH,"522,322.19",15/12/2010,20403335097,20445585051,,,,,,,
434,ANCASH,"1,474,261.18",14/12/2010,20534157682,20488241886,20530913776,20534013508,,,,,
435,ANCASH,"2,834,204.00",09/12/2010,20534035226,20449315830,20407766131,20453832024,20534121220,20530633650,,,
436,ANCASH,"1,984,421.19",07/12/2010,20530969488,20338936398,,,,,,,
437,ANCASH,"1,327,426.06",15/11/2010,20457052775,,,,,,,,
438,ANCASH,"2,967,180.08",11/11/2010,20445694429,20403107116,20445311783,20403407004,20531773528,20445549411,,,
439,ANCASH,"3,846,733.54",28/09/2010,20408056561,20449282729,20530821731,20534147296,20407961774,,,,
440,ANCASH,"3,549,292.24",06/09/2010,20533925554,20531010036,20403407004,,,,,,
441,ANCASH,"956,787.52",26/08/2010,20488351398,20453832024,,,,,,,
442,ANCASH,"404,826,001.09",23/07/2010,20509656607,20166012687,,,,,,,
443,ANCASH,"794,139.47",09/07/2010,20488351398,20408029083,20407893248,,,,,,
444,ANCASH,"5,667,384.28",09/07/2010,20445596176,10188760606,20402994836,20505026196,,,,,
445,ANCASH,"877,344.64",08/07/2010,20533984992,20407763468,,,,,,,
446,ANCASH,"1,293,887.70",08/07/2010,20398613563,,,,,,,,
447,ANCASH,"2,310,055.49",22/06/2010,20533948929,20531076649,20530558348,,,,,,
448,ANCASH,"741,152.18",01/06/2010,20530518397,20398052511,,,,,,,
449,ANCASH,"2,000,122.08",31/05/2010,20530862764,20533971823,,,,,,,
450,ANCASH,"560,130.73",31/05/2010,20445579913,,,,,,,,
451,ANCASH,"5,789,041.01",17/05/2010,20394882489,20502397568,,,,,,,
452,ANCASH,"5,811,211.93",02/03/2010,20505987561,20160636573,20300690999,20505736215,,,,,
453,ANCASH,"2,444,752.39",12/02/2010,20530990681,20530969488,20522149633,,,,,,
454,ANCASH,"15,422,553.12",11/04/2012,20534144432,20408114943,20530821731,20533990615,,,,,
455,ANCASH,"3,969,108.55",03/02/2012,20530698433,20531044445,20534013923,20542188261,,,,,
456,ANCASH,"1,378,690.85",17/01/2012,20534070307,20531044445,,,,,,,
457,ANCASH,"4,353,068.97",31/12/2011,20530933882,20530715893,20323041092,20530713254,,,,,
458,ANCASH,"4,392,260.32",31/12/2011,10079417551,20534187590,,,,,,,
459,ANCASH,"1,775,403.08",31/12/2011,20531073623,20530906214,20531044445,20542041910,,,,,
460,ANCASH,"2,009,973.77",30/12/2011,20530987460,20534083549,20533925554,20531049838,,,,,
461,ANCASH,"1,794,786.18",30/12/2011,20407769407,20533946471,20530592520,20534001593,,,,,
462,ANCASH,"3,214,008.18",30/12/2011,20531010036,20461192077,20571178428,,,,,,
463,ANCASH,"3,410,050.48",22/12/2011,20396889995,20531044445,20530987460,20534100222,,,,,
464,ANCASH,"1,780,389.83",22/12/2011,20407864221,20534157682,,,,,,,
465,ANCASH,"3,969,744.61",20/12/2011,20445572820,20397543987,20525315861,20445254615,,,,,
466,ANCASH,"2,506,018.46",19/12/2011,20531061536,20530699910,20488241886,20534157682,,,,,
467,ANCASH,"5,651,558.49",09/12/2011,10102838721,20530837816,20509605018,20542153980,,,,,
468,ANCASH,"3,696,632.86",25/11/2011,20542058219,20533976540,20534151307,20461192077,20534142227,,,,
469,ANCASH,"2,429,100.65",16/11/2011,20531700130,20338936398,10078495451,,,,,,
470,ANCASH,"2,751,281.46",20/10/2011,20530821731,20530732631,20531064047,,,,,,
471,ANCASH,"3,205,841.38",05/10/2011,20506426155,20512030204,,,,,,,
472,ANCASH,"1,333,023.12",23/09/2011,20534157682,20571117712,20534004932,,,,,,
473,ANCASH,"3,281,305.69",15/09/2011,20533971823,20530862764,20533993479,20519134188,,,,,
474,ANCASH,"1,634,216.61",13/09/2011,20533971823,20534157682,20407961774,20407849265,,,,,
475,ANCASH,"4,879,149.24",12/09/2011,20330521890,20505736215,20510916124,,,,,,
476,ANCASH,"5,656,743.29",12/09/2011,20407772025,20530987460,20530761658,20403407004,20534196076,,,,
477,ANCASH,"2,201,832.99",05/09/2011,20533976540,20542098199,20542083167,,,,,,
478,ANCASH,"2,268,504.39",25/08/2011,20300690999,20471593185,20505987561,,,,,,
479,ANCASH,"1,206,649.11",25/08/2011,20445575411,20531659075,,,,,,,
480,ANCASH,"2,993,948.46",18/08/2011,10061635624,20452774373,20452638861,,,,,,
481,ANCASH,"6,166,559.58",04/08/2011,20534174188,20452345251,,,,,,,
482,ANCASH,"3,010,740.32",04/08/2011,20253237261,,,,,,,,
483,ANCASH,"5,302,579.25",26/07/2011,20505026196,20522243494,,,,,,,
484,ANCASH,"3,385,629.18",22/07/2011,10332653101,20542024152,20408036705,20488351398,,,,,
485,ANCASH,"659,386.41",21/07/2011,20519134188,20533993479,,,,,,,
486,ANCASH,"2,949,748.21",20/07/2011,20530562370,20533942211,20534000864,20534167998,,,,,
487,ANCASH,"1,826,255.30",19/07/2011,20533954571,20530698433,20407987731,20534022752,20408047227,,,,
488,ANCASH,"2,912,154.60",06/07/2011,10316099861,20531010036,20533984992,20534064838,20534098732,,,,
489,ANCASH,"12,984,259.76",28/06/2011,20488351398,20408133140,20530747311,20530910912,20407827024,,,,
490,ANCASH,"3,406,828.23",27/06/2011,20534033525,20534151307,20534142227,20407817908,20530715893,20461192077,,,
491,ANCASH,"2,073,731.09",08/06/2011,20518090179,20103349932,20510782764,,,,,,
492,ANCASH,"2,201,052.67",03/06/2011,20219028611,20505736215,20510916710,20510916124,,,,,
493,ANCASH,"5,466,354.22",03/06/2011,20530715893,20530933882,20530713254,20530562370,20323041092,,,,
494,ANCASH,"2,240,172.39",31/05/2011,20531010036,20530713254,,,,,,,
495,ANCASH,"5,694,662.35",27/05/2011,20321811559,10402138519,20488351398,,,,,,
496,ANCASH,"3,281,305.69",25/05/2011,20530862764,20533971823,20533993479,20519134188,,,,,
497,ANCASH,"5,425,123.08",24/05/2011,20488351398,20321811559,20530633650,,,,,,
498,ANCASH,"3,017,326.45",19/05/2011,20533983325,20534112824,20534070307,20531044445,20542030802,,,,
499,ANCASH,"1,378,690.85",18/05/2011,20534070307,20408092362,20531044445,,,,,,
500,ANCASH,"2,589,849.29",17/05/2011,20519134188,20530862764,20533971823,,,,,,
501,ANCASH,"1,867,578.92",16/05/2011,20534070307,20531044445,20408092362,,,,,,
502,ANCASH,"3,900,778.98",05/05/2011,20423626462,20530715893,20534005157,20488351398,20516407566,,,,
503,ANCASH,"2,580,205.27",29/04/2011,10316661268,20407941072,20534156449,20337572121,20534015462,,,,
504,ANCASH,"3,190,320.80",26/04/2011,20530969488,20530990681,,,,,,,
505,ANCASH,"943,429.40",07/04/2011,20542123134,20530732631,20530562370,20408093334,,,,,
506,ANCASH,"7,537,888.88",29/12/2012,20546926410,20364212829,,,,,,,
507,ANCASH,"8,509,867.95",29/12/2012,20461192077,20542058219,20533976540,,,,,,
508,ANCASH,"2,810,496.25",29/12/2012,20533976540,20542058219,,,,,,,
509,ANCASH,"5,204,298.85",29/12/2012,20407772025,20530713254,,,,,,,
510,ANCASH,"2,280,000.00",29/12/2012,20505736215,20506426155,20494812500,,,,,,
511,ANCASH,"25,542,474.56",29/12/2012,20461192077,20533976540,,,,,,,
512,ANCASH,"1,024,599.51",27/12/2012,20571131464,20407011920,,,,,,,
513,ANCASH,"1,165,161.03",27/12/2012,20488351398,20534186941,,,,,,,
514,ANCASH,"9,512,669.25",27/12/2012,20488351398,20530562370,20407961774,,,,,,
515,ANCASH,"3,024,614.17",26/12/2012,20531086521,20571310806,20533971823,20571161452,,,,,
516,ANCASH,"1,223,799.62",21/12/2012,20530913776,,,,,,,,
517,ANCASH,"2,152,847.45",21/12/2012,20533971823,20571161452,20571310806,,,,,,
518,ANCASH,"315,161.76",19/12/2012,20407011920,,,,,,,,
519,ANCASH,"849,023.92",19/12/2012,20571131464,,,,,,,,
520,ANCASH,"177,803,858.34",17/12/2012,10091476130,20545253209,10024021861,20110133091,20537169207,20118271107,,,
521,ANCASH,"1,250,033.25",11/12/2012,20536204858,20445581659,,,,,,,
522,ANCASH,"10,834,782.55",10/12/2012,20530562370,,,,,,,,
523,ANCASH,"923,720.66",06/12/2012,20451740777,20505026196,,,,,,,
524,ANCASH,"7,100,203.71",06/12/2012,20546926410,20364212829,,,,,,,
525,ANCASH,"1,601,735.86",04/12/2012,20533971823,20534147377,,,,,,,
526,ANCASH,"3,592,907.58",03/12/2012,20530715893,20323041092,,,,,,,
527,ANCASH,"1,402,150.66",28/11/2012,20533971823,20534059672,,,,,,,
528,ANCASH,"2,283,700.13",27/11/2012,20533971823,20571161452,,,,,,,
529,ANCASH,"1,968,931.27",20/11/2012,20571178428,20533976540,,,,,,,
530,ANCASH,"2,941,595.18",20/11/2012,20533976540,20542058219,,,,,,,
531,ANCASH,"2,955,273.40",13/11/2012,10079417551,20534187590,,,,,,,
532,ANCASH,"4,744,771.15",12/11/2012,20533971823,20534147377,,,,,,,
533,ANCASH,"11,150,231.95",30/10/2012,20505352662,20164483895,20364212829,,,,,,
534,ANCASH,"3,195,055.96",21/09/2012,20530562370,20488351398,,,,,,,
535,ANCASH,"9,260,697.86",21/09/2012,20533971823,20530862764,,,,,,,
536,ANCASH,"3,963,308.82",19/09/2012,20505026196,,,,,,,,
537,ANCASH,"2,230,612.33",18/09/2012,20530933882,20530706398,,,,,,,
538,ANCASH,"1,883,558.43",17/09/2012,20534151307,20461192077,,,,,,,
539,ANCASH,"1,598,679.08",14/09/2012,20515427385,20534171081,,,,,,,
540,ANCASH,"5,542,442.45",12/09/2012,20533916211,20407864221,20530826881,20534013508,,,,,
541,ANCASH,"3,960,479.96",21/08/2012,20530713254,20530821731,20323041092,,,,,,
542,ANCASH,"1,799,938.77",14/08/2012,20534070994,20534070307,20531044445,20407941072,,,,,
543,ANCASH,"6,734,356.24",03/08/2012,20533971823,20530862764,20533984992,20534098732,,,,,
544,ANCASH,"1,879,188.68",02/08/2012,20533985964,20530698433,,,,,,,
545,ANCASH,"688,445.83",24/07/2012,20407772025,,,,,,,,
546,ANCASH,"2,544,159.93",19/07/2012,20533918698,20531020937,,,,,,,
547,ANCASH,"1,612,480.58",16/07/2012,20530913776,20530592520,20534013508,,,,,,
548,ANCASH,"6,021,584.85",09/07/2012,20530639933,20534100494,20534144866,20533916211,,,,,
549,ANCASH,"3,177,750.97",09/07/2012,20530990681,20542086263,20531000316,,,,,,
550,ANCASH,"4,491,084.99",25/06/2012,20533971823,20487694976,20534059672,20519134188,,,,,
551,ANCASH,"5,861,151.71",07/06/2012,20545740452,,,,,,,,
552,ANCASH,"2,828,329.72",30/05/2012,20530996884,20533966404,20534160471,20424796752,,,,,
553,ANCASH,"2,118,439.01",30/05/2012,20534186941,20488351398,,,,,,,
554,ANCASH,"1,799,999.00",22/05/2012,20534151307,20534018488,20534142227,,,,,,
555,ANCASH,"1,969,899.05",21/05/2012,20571263298,20534151307,20531010036,,,,,,
556,ANCASH,"2,478,360.39",10/05/2012,20407961774,20533971823,,,,,,,
557,ANCASH,"1,034,549.00",10/05/2012,20323041092,20530715893,,,,,,,
558,ANCASH,"2,162,756.66",09/05/2012,20534142227,20534151307,20407961774,20407789696,,,,,
559,ANCASH,"4,010,181.85",09/05/2012,20533967982,20530990681,20223022562,20542188937,20571147204,20571240166,,,
560,ANCASH,"4,047,314.73",03/05/2012,20487694976,20533971823,,,,,,,
561,ANCASH,"4,404,492.00",27/04/2012,20530562370,20533976540,20534151307,20530713254,,,,,
562,ANCASH,"1,797,979.61",23/10/2013,20533971823,20534059672,20530779603,,,,,,
563,ANCASH,"10,180,994.38",05/07/2013,10411518324,20445399699,20531654430,,,,,,
564,ANCASH,"2,490,422.11",25/06/2013,20542155257,20408070989,20571240166,20530633650,,,,,
565,ANCASH,"1,296,425.55",24/06/2013,20533971823,20571109299,,,,,,,
566,ANCASH,"1,397,768.86",04/06/2013,20531836031,20403336221,20532014744,20531609647,,,,,
567,ANCASH,"2,666,351.39",30/05/2013,20571178428,20461192077,,,,,,,
568,ANCASH,"2,539,021.16",08/05/2013,20542005794,20516407566,20488351398,,,,,,
569,ANCASH,"817,237.56",01/02/2013,20534186941,,,,,,,,
570,ANCASH,"5,607,756.58",12/05/2015,10404278075,20534151307,20461192077,20534142227,,,,,
571,ANCASH,"1,075,429.36",11/12/2014,20534171910,20533680691,,,,,,,
572,ANCASH,"5,607,756.58",05/12/2014,10326420641,10329214066,20534100222,20531044445,20407845511,,,,
573,ANCASH,"3,890,033.93",26/11/2014,20531010036,20534131888,,,,,,,
574,ANCASH,"1,799,839.32",13/11/2014,20407772025,20407769407,20407810211,,,,,,
575,ANCASH,"1,549,906.42",13/11/2014,20407772025,20407769407,20407810211,,,,,,
576,ANCASH,"2,490,423.00",10/11/2014,10316582040,10316546884,10326090099,20407819510,20571214751,,,,
577,ANCASH,"3,328,962.89",07/11/2014,20530713254,,,,,,,,
578,ANCASH,"6,729,224.39",06/11/2014,20407938527,20516765641,20530849580,,,,,,
579,ANCASH,"2,480,805.68",06/11/2014,20445200019,20445578518,,,,,,,
580,ANCASH,"1,822,302.00",04/11/2014,20407772025,20533652302,,,,,,,
581,ANCASH,"3,347,964.91",04/11/2014,20571192846,20534004932,20533976540,20571108560,,,,,
582,ANCASH,"4,751,213.00",31/10/2014,20571360145,20533922377,20542091003,,,,,,
583,ANCASH,"4,361,908.50",31/10/2014,10083161871,20449282729,,,,,,,
584,ANCASH,"4,207,287.00",31/10/2014,10083161871,20449282729,,,,,,,
585,ANCASH,"4,777,353.00",29/10/2014,20323041092,20530713254,,,,,,,
586,ANCASH,"1,589,799.18",29/10/2014,20533629823,20407835558,20542091003,,,,,,
587,ANCASH,"3,257,024.40",23/10/2014,10316773384,20530592520,20534013508,20530639933,,,,,
588,ANCASH,"7,057,429.55",09/09/2014,10410819975,20407772025,20534151307,20571110891,20534142227,20451684419,,,
589,ANCASH,"86,397,390.51",07/01/2016,20330262428,,,,,,,,
590,ANCASH,"1,442,283.13",27/11/2015,20533631305,10102838721,20407011920,,,,,,
591,ANCASH,"5,464,560.66",25/11/2015,20254813720,,,,,,,,
592,ANCASH,"2,743,242.70",19/11/2015,20533966404,20533974415,,,,,,,
593,ANCASH,"2,409,437.00",09/11/2015,10094738160,20571123364,20530715893,,,,,,
594,ANCASH,"5,457,062.31",20/03/2017,20407961774,20571238421,,,,,,,
595,ANCASH,"4,957,107.98",09/12/2016,20571123364,20534066709,,,,,,,
596,ANCASH,"2,776,047.15",22/11/2016,20534142227,20571456681,,,,,,,
597,ANCASH,"8,418,565.83",22/11/2016,99000014644,20516407566,,,,,,,
598,ANCASH,"6,189,253.48",27/09/2016,20601512760,20533667598,20534158069,20407772297,,,,,
599,ANCASH,"6,189,253.48",12/01/2017,20407772297,20533667598,,,,,,,
600,ANCASH,"2,270,439.10",05/09/2016,20445420990,,,,,,,,
601,ANCASH,"3,312,993.04",14/07/2016,20493832230,20533997971,20601020042,,,,,,
602,ANCASH,"3,437,970.14",22/06/2016,20493832230,20533997971,20601020042,20378808767,10094738160,,,,
603,ANCASH,"2,270,439.10",22/06/2016,20479683728,20516210428,,,,,,,
604,ANCASH,"6,247,496.44",04/05/2018,20534066709,20531059477,,,,,,,
605,ANCASH,"5,670,412.27",28/02/2018,20330262428,,,,,,,,
606,ANCASH,"4,151,578.64",20/02/2018,20571263298,20530837816,,,,,,,
607,ANCASH,"6,247,496.44",19/02/2018,20531059477,20601312353,20534066709,,,,,,
608,ANCASH,"17,345,703.31",30/12/2017,20516407566,99000014644,,,,,,,
609,ANCASH,"5,584,569.76",29/12/2017,20511631760,20602012981,20489528283,20601161011,,,,,
610,ANCASH,"909,297.17",29/12/2017,20534066709,20531059477,20542036169,,,,,,
611,ANCASH,"12,586,860.50",28/12/2017,20571263298,99000014644,20516407566,,,,,,
612,ANCASH,"7,579,535.31",28/12/2017,20445596176,20515509861,,,,,,,
613,ANCASH,"3,571,341.57",26/12/2017,20407772297,20533628428,,,,,,,
614,ANCASH,"3,183,079.19",22/12/2017,20477159037,20482837728,20481249172,,,,,,
615,ANCASH,"10,772,406.55",22/12/2017,20445328597,20531084072,,,,,,,
616,ANCASH,"8,296,734.13",18/12/2017,20445578275,20571263298,20407772025,20530837816,,,,,
617,ANCASH,"2,123,784.67",15/12/2017,20600490363,20534066709,,,,,,,
618,ANCASH,"10,294,605.98",13/12/2017,20408066281,20534086211,20601375614,,,,,,
619,ANCASH,"2,487,019.29",13/12/2017,20518115775,20407916396,20407769407,20407810211,,,,,
620,ANCASH,"1,276,399.37",12/12/2017,20407775806,20602166083,,,,,,,
621,ANCASH,"5,769,937.95",30/11/2017,99000014644,20516407566,,,,,,,
622,ANCASH,"820,800.00",24/11/2017,20530913776,20407851677,,,,,,,
623,ANCASH,"2,481,577.51",24/11/2017,20495675611,20407764430,,,,,,,
624,ANCASH,"6,899,345.54",21/11/2017,20601370035,20533974415,,,,,,,
625,ANCASH,"812,987.28",15/11/2017,20530592520,20407011920,20571131464,,,,,,
626,ANCASH,"5,753,029.67",13/11/2017,20533943706,20510253851,,,,,,,
627,ANCASH,"6,126,453.25",10/11/2017,20537185661,20601833752,20519706831,,,,,,
628,ANCASH,"820,800.00",09/11/2017,20407851677,,,,,,,,
629,ANCASH,"5,874,161.00",08/11/2017,10097515358,20552138288,,,,,,,
630,ANCASH,"1,244,657.06",07/11/2017,20445667618,20532085927,,,,,,,
631,ANCASH,"6,660,589.58",07/11/2017,20445676790,20445575411,,,,,,,
632,ANCASH,"4,505,075.18",07/11/2017,20445575411,20445676790,,,,,,,
633,ANCASH,"2,681,875.16",03/11/2017,20515427385,20172889540,10328063447,,,,,,
634,ANCASH,"5,460,988.02",03/11/2017,20537064791,20503965179,,,,,,,
635,ANCASH,"3,849,941.77",02/11/2017,20407851677,20533744509,20534013923,,,,,,
636,ANCASH,"5,085,812.11",02/11/2017,20571263298,20407772025,20534013923,,,,,,
637,ANCASH,"1,589,675.56",02/11/2017,20445629015,20541732021,,,,,,,
638,ANCASH,"1,791,168.63",25/10/2017,20600770226,20445346650,,,,,,,
639,ANCASH,"4,873,927.63",25/10/2017,20541653156,,,,,,,,
640,ANCASH,"5,741,307.46",24/10/2017,20445575411,,,,,,,,
641,ANCASH,"4,456,993.38",24/10/2017,20532045119,20531659075,,,,,,,
642,ANCASH,"4,740,350.43",20/10/2017,20601158362,20445200019,,,,,,,
643,ANCASH,"3,164,604.05",19/10/2017,20541653156,,,,,,,,
644,ANCASH,"5,058,614.12",17/10/2017,20533788891,20534142227,,,,,,,
645,ANCASH,"1,335,055.67",17/10/2017,20534158069,,,,,,,,
646,ANCASH,"1,890,863.12",17/10/2017,20571153867,20534158069,20571395283,,,,,,
647,ANCASH,"2,196,110.45",16/10/2017,20602102417,20531000316,20534080108,,,,,,
648,ANCASH,"1,616,972.39",16/10/2017,20571289769,20531065019,20407769407,,,,,,
649,ANCASH,"1,844,634.35",12/10/2017,20534004932,20529407611,20533802479,,,,,,
650,ANCASH,"1,498,572.18",10/10/2017,20407963556,20602166083,,,,,,,
651,ANCASH,"9,874,177.94",04/10/2017,20534086211,20408066281,,,,,,,
652,ANCASH,"6,702,205.23",04/10/2017,20407810211,20533943706,,,,,,,
653,ANCASH,"17,859,224.29",29/09/2017,20254813720,20523320522,,,,,,,
654,ANCASH,"12,169,970.83",22/09/2017,20508349301,20352428648,,,,,,,
655,ANCASH,"6,591,332.83",20/09/2017,20600202651,20539145607,20508846780,20529359625,,,,,
656,ANCASH,"6,438,423.38",20/09/2017,20571309891,20534157500,20534066709,20533840991,20534098732,,,,
657,ANCASH,"5,167,827.71",14/09/2017,20477159037,20482837728,20481537470,,,,,,
658,ANCASH,"2,328,580.82",14/09/2017,20531659075,,,,,,,,
659,ANCASH,"1,721,472.69",06/09/2017,20571395364,20602030637,,,,,,,
660,ANCASH,"7,579,535.31",25/08/2017,20531065019,20601312353,20534171910,20531059477,,,,,
661,ANCASH,"6,302,685.47",25/08/2017,20554128476,20487281388,,,,,,,
662,ANCASH,"1,623,027.74",18/08/2017,20542049228,20533939181,,,,,,,
663,ANCASH,"6,555,765.20",14/08/2017,20407772297,,,,,,,,
664,ANCASH,"1,589,203.09",11/08/2017,20534144866,20407864221,,,,,,,
665,ANCASH,"3,716,212.50",04/08/2017,20488351398,20534171910,,,,,,,
666,ANCASH,"1,609,866.87",26/07/2017,20533631305,10102838721,,,,,,,
667,ANCASH,"2,458,389.11",14/07/2017,20534121734,20600677536,,,,,,,
668,ANCASH,"8,305,320.00",14/07/2017,20520712080,20254813720,,,,,,,
669,ANCASH,"5,740,605.48",28/06/2017,20600447051,20539746350,,,,,,,
670,ANCASH,"1,065,290.13",15/03/2017,20488415973,20542111713,,,,,,,
671,ANCASH,"1,245,649.81",06/03/2017,20531095601,10102838721,20600125240,,,,,,
672,ANCASH,"6,700,699.16",03/03/2017,20110496487,20171390614,20545164281,20386795623,,,,,
673,ANCASH,"1,785,698.02",03/03/2017,20531897413,20531951566,20541616382,20445582973,,,,,
674,ANCASH,"1,796,271.26",03/12/2018,20445359476,20531887027,,,,,,,
675,ANCASH,"1,798,375.08",03/12/2018,20547715170,20407863250,20601568561,,,,,,
676,ANCASH,"1,040,475.18",27/11/2018,20571289769,20531065019,,,,,,,
677,ANCASH,"1,763,921.53",27/11/2018,20534013923,,,,,,,,
678,ANCASH,"4,688,292.88",27/11/2018,20534086211,20571289769,,,,,,,
679,ANCASH,"319,103.60",23/11/2018,20533974415,20601370035,,,,,,,
680,ANCASH,"1,158,527.30",22/11/2018,20600070836,20530862250,,,,,,,
681,ANCASH,"1,318,100.16",22/11/2018,20601370035,20533974415,,,,,,,
682,ANCASH,"972,337.12",22/11/2018,10328063447,20172889540,20600070836,,,,,,
683,ANCASH,"989,330.17",22/11/2018,20538157156,20601453356,,,,,,,
684,ANCASH,"1,799,244.22",08/11/2018,20603714009,20603436777,20407851677,,,,,,
685,ANCASH,"2,556,757.93",29/10/2018,20554751050,20601293618,20515013149,,,,,,
686,ANCASH,"4,154,829.49",29/10/2018,20602717420,20602166083,20531064047,,,,,,
687,ANCASH,"1,273,449.59",25/10/2018,20533997971,20567187960,,,,,,,
688,ANCASH,"1,582,399.46",22/10/2018,10081870492,20549761608,,,,,,,
689,ANCASH,"2,789,454.49",22/10/2018,20482837728,20477159037,,,,,,,
690,ANCASH,"5,830,392.86",22/10/2018,20533802479,20530837816,20571263298,,,,,,
691,ANCASH,"14,182,189.17",22/10/2018,20533802479,20571263298,20530837816,,,,,,
692,ANCASH,"6,392,898.92",19/10/2018,20571260787,20533802479,20530837816,,,,,,
693,ANCASH,"7,379,275.73",19/10/2018,20601158362,20541629875,20445420990,,,,,,
694,ANCASH,"1,719,862.57",19/10/2018,20534086211,,,,,,,,
695,ANCASH,"1,737,733.21",19/10/2018,20567187960,20533997971,,,,,,,
696,ANCASH,"12,147,200.30",16/10/2018,20529359625,20394882489,20539158334,20561415880,,,,,
697,ANCASH,"5,798,288.86",12/10/2018,20445558592,,,,,,,,
698,ANCASH,"4,206,593.32",12/10/2018,20445328597,20531084072,,,,,,,
699,ANCASH,"18,668,231.67",11/10/2018,20260236611,20296027945,,,,,,,
700,ANCASH,"3,663,211.14",10/10/2018,20445629015,20531887027,,,,,,,
701,ANCASH,"1,798,110.36",09/10/2018,20407820879,20528964878,20407863250,,,,,,
702,ANCASH,"3,822,988.93",05/10/2018,20569190747,20601370035,20533974415,,,,,,
703,ANCASH,"2,296,399.97",05/10/2018,20531681089,20531659075,,,,,,,
704,ANCASH,"7,011,510.05",05/10/2018,20534086211,,,,,,,,
705,ANCASH,"3,130,950.34",05/10/2018,20531646763,20445575411,,,,,,,
706,ANCASH,"2,241,406.91",05/10/2018,20530837816,20531089627,20542073013,,,,,,
707,ANCASH,"1,990,211.08",18/09/2018,20531897251,20482676538,20445499308,20482471995,,,,,
708,ANCASH,"1,448,240.02",18/09/2018,20534151307,20571110891,20600770226,,,,,,
709,ANCASH,"1,615,466.36",17/09/2018,20408066281,20534086211,,,,,,,
710,ANCASH,"4,711,782.85",16/08/2018,20260236611,20534171910,,,,,,,
711,ANCASH,"1,473,958.53",14/08/2018,20534489685,20545337305,,,,,,,
712,ANCASH,"2,114,037.99",13/08/2018,20534013923,20602528961,20600677536,,,,,,
713,ANCASH,"1,496,227.27",08/08/2018,20514550965,20445756041,20445549411,,,,,,
714,ANCASH,"1,651,301.38",07/08/2018,20571136857,20534013923,20601032342,,,,,,
715,ANCASH,"5,243,040.37",06/08/2018,20408018804,20530875238,,,,,,,
716,ANCASH,"5,174,908.60",06/08/2018,20533974415,20601370035,,,,,,,
717,ANCASH,"2,609,626.96",30/04/2018,20571395283,20534158069,20571153867,,,,,,
718,ANCASH,"1,699,380.42",13/03/2018,20531095601,20407772025,,,,,,,
719,ANCASH,"9,869,470.10",22/02/2018,20570880366,20539158334,20570521552,20602226671,,,,,
720,ANCASH,"2,602,648.46",16/02/2018,20488351398,20533923187,20392689223,,,,,,
721,ANCASH,"6,163,526.38",13/02/2018,20601254647,20517623394,20337572121,,,,,,
722,ANCASH,"3,208,066.53",13/08/2020,20542072637,20445629015,,,,,,,
723,ANCASH,"9,634,927.96",20/07/2020,20481871027,20531737645,,,,,,,
724,ANCASH,"4,375,745.36",28/01/2020,20445549411,20477160710,,,,,,,
725,ANCASH,"1,374,694.01",18/12/2019,20486554160,,,,,,,,
726,ANCASH,"8,354,536.59",17/12/2019,20544771478,20445629015,20445575411,,,,,,
727,ANCASH,"3,706,753.18",06/12/2019,20477160710,20445695310,,,,,,,
728,ANCASH,"4,338,276.84",06/12/2019,20530990681,20534165278,,,,,,,
729,ANCASH,"1,619,703.54",04/12/2019,20603967055,,,,,,,,
730,ANCASH,"8,687,330.52",02/12/2019,20542169550,20542132982,,,,,,,
731,ANCASH,"2,908,754.47",02/12/2019,20445292541,20605408631,,,,,,,
732,ANCASH,"5,139,064.62",20/11/2019,20407987650,20266458089,20545512662,,,,,,
733,ANCASH,"3,988,472.22",12/11/2019,20541706454,20445575411,20544771478,,,,,,
734,ANCASH,"6,995,964.42",14/10/2019,20489528283,20529202998,20445292541,20569209782,,,,,
735,ANCASH,"14,999,477.44",20/09/2019,20600683650,,,,,,,,
736,ANCASH,"2,459,515.43",17/09/2019,20541674820,20495675611,20477160710,,,,,,
737,ANCASH,"1,608,460.22",17/09/2019,20531897413,20541616382,20541666487,,,,,,
738,ANCASH,"999,750.00",13/09/2019,20530990681,20602578501,,,,,,,
739,ANCASH,"3,259,561.64",13/09/2019,20227233321,20505621159,,,,,,,
740,ANCASH,"727,456.98",13/09/2019,20604091382,20534489685,20548656606,,,,,,
741,ANCASH,"2,261,727.85",12/09/2019,20534013923,20571395364,,,,,,,
742,ANCASH,"5,835,814.77",06/09/2019,20517623394,20601293618,,,,,,,
743,ANCASH,"3,946,062.96",06/09/2019,20541776584,20495675611,,,,,,,
744,ANCASH,"819,280.33",02/09/2019,20571395364,20600392892,,,,,,,
745,ANCASH,"2,648,882.30",28/08/2019,20602794769,20602214959,20483795590,,,,,,
746,ANCASH,"6,881,557.83",09/08/2019,20488252578,20408018804,,,,,,,
747,ANCASH,"1,817,285.80",26/07/2019,20445653234,20445464261,,,,,,,
748,ANCASH,"5,148,061.43",26/07/2019,20542022290,20533788891,,,,,,,
749,ANCASH,"4,419,104.90",25/07/2019,20544771478,,,,,,,,
750,ANCASH,"2,908,138.39",25/07/2019,20172889540,20495675611,,,,,,,
751,ANCASH,"5,754,980.78",12/07/2019,20445328597,20531084072,,,,,,,
752,ANCASH,"727,456.98",03/07/2019,20445572668,,,,,,,,
753,ANCASH,"1,864,605.99",06/06/2019,20531089627,20603063326,20571160995,,,,,,
754,ANCASH,"3,033,884.10",03/06/2019,20531065019,20604332886,20530954022,,,,,,
755,ANCASH,"7,431,182.07",25/11/2020,20533651918,20445582973,,,,,,,
756,ANCASH,"1,808,796.24",24/11/2020,20494299161,,,,,,,,
757,ANCASH,"4,144,100.76",30/10/2020,20530990681,20323041092,,,,,,,
758,ANCASH,"5,257,902.83",26/10/2020,20534158069,,,,,,,,
759,ANCASH,"2,362,156.16",16/10/2020,20445585051,20495675611,,,,,,,
760,ANCASH,"3,594,933.32",16/10/2020,20489557976,20542531097,,,,,,,
761,ANCASH,"4,283,942.93",16/10/2020,20571395364,,,,,,,,
762,ANCASH,"5,542,272.43",14/10/2020,20542181924,20533946471,20530592520,,,,,,
763,ANCASH,"513,156.19",14/10/2020,20571395364,,,,,,,,
764,ANCASH,"3,783,428.76",02/10/2020,20542181924,20530592520,,,,,,,
765,ANCASH,"44,131,743.61",30/09/2020,20101031854,20529104988,,,,,,,
766,ANCASH,"3,331,151.67",29/09/2020,10273601398,20529359625,,,,,,,
767,ANCASH,"3,750,189.69",24/09/2020,20571153867,20530835104,,,,,,,
768,ANCASH,"1,997,988.19",22/09/2020,20602820697,20449294492,20542166020,,,,,,
769,ANCASH,"1,906,064.73",22/09/2020,20480479557,20601080843,20480139705,,,,,,
770,ANCASH,"2,078,881.52",22/09/2020,20559538052,20600471962,20453649840,,,,,,
771,ANCASH,"1,874,203.59",22/09/2020,20489466741,20573264097,20489536979,,,,,,
772,ANCASH,"1,940,441.21",22/09/2020,20440352431,,,,,,,,
773,ANCASH,"2,173,034.95",22/09/2020,20514413542,20533923004,,,,,,,
774,ANCASH,"974,557.04",18/09/2020,20553453845,,,,,,,,
775,ANCASH,"3,755,453.96",16/09/2020,20445676790,20531754736,,,,,,,
776,ANCASH,"427,802.79",14/09/2020,20544798911,,,,,,,,
777,ANCASH,"8,396,065.84",11/09/2020,20408018804,20604920818,,,,,,,
778,ANCASH,"3,256,932.27",07/09/2020,20531092504,20571395364,,,,,,,
779,ANCASH,"5,930,176.78",03/09/2020,20530592520,,,,,,,,
780,ANCASH,"2,565,226.10",13/08/2020,20534489685,20533974415,,,,,,,
781,ANCASH,"5,648,907.26",13/08/2020,20488351398,20536351303,,,,,,,
782,ANCASH,"794,496.89",03/08/2020,20542044340,20571395364,,,,,,,
783,ANCASH,"6,688,063.87",03/08/2020,20534013923,20531608756,,,,,,,
784,ANCASH,"5,119,249.81",03/08/2020,20407863250,20571263298,,,,,,,
785,ANCASH,"23,100,280.49",30/07/2020,20489532981,20549010114,,,,,,,
786,ANCASH,"513,156.19",29/07/2020,20571395364,,,,,,,,
787,ANCASH,"5,956,135.33",16/07/2020,20603757387,20530592520,20542083167,,,,,,
788,ANCASH,"207,181.88",09/07/2020,20545404851,,,,,,,,
789,ANCASH,"286,702.38",08/07/2020,20533778233,,,,,,,,
790,ANCASH,"250,832.97",08/07/2020,20569181756,20600697162,,,,,,,
791,ANCASH,"400,399.42",08/07/2020,20532056315,20569181756,,,,,,,
792,ANCASH,"297,087.59",08/07/2020,20530990681,,,,,,,,
793,ANCASH,"298,962.57",08/07/2020,20532056315,20569181756,,,,,,,
794,ANCASH,"635,142.17",08/07/2020,20532056315,20569181756,,,,,,,
795,ANCASH,"251,001.98",08/07/2020,20534976322,,,,,,,,
796,ANCASH,"320,945.26",08/07/2020,20569181756,20569325260,,,,,,,
797,ANCASH,"196,958.58",07/07/2020,10214140042,,,,,,,,
798,ANCASH,"211,515.60",07/07/2020,20494713609,10214140042,,,,,,,
799,ANCASH,"320,402.28",07/07/2020,20494713609,10214140042,,,,,,,
800,ANCASH,"287,520.69",07/07/2020,20534013508,,,,,,,,
801,ANCASH,"435,716.49",07/07/2020,20542166020,20407811705,,,,,,,
802,ANCASH,"302,793.12",07/07/2020,20531891725,,,,,,,,
803,ANCASH,"282,183.48",07/07/2020,20544798911,,,,,,,,
804,ANCASH,"227,726.54",07/07/2020,20571357438,20571273501,,,,,,,
805,ANCASH,"198,246.30",07/07/2020,20603403569,,,,,,,,
806,ANCASH,"1,808,796.24",01/07/2020,20536147871,20339480932,,,,,,,
807,ANCASH,"5,674,305.40",30/06/2020,20534142227,20542181924,20530592520,,,,,,
808,ANCASH,"594,883.25",25/06/2020,20445558592,,,,,,,,
809,ANCASH,"1,978,561.66",25/06/2020,20489371791,,,,,,,,
810,ANCASH,"145,097.33",25/06/2020,20445558592,,,,,,,,
811,ANCASH,"4,410,515.23",05/03/2020,20534166240,20545337305,,,,,,,
812,ANCASH,"14,808,970.50",06/02/2020,20408018804,,,,,,,,
813,ANCASH,"265,852.17",06/02/2020,20530813127,,,,,,,,
814,ANCASH,"4,296,922.47",04/03/2022,20542191059,20571250552,,,,,,,
815,ANCASH,"908,059.86",30/12/2021,20531884435,20542438984,,,,,,,
816,ANCASH,"7,840,116.56",30/12/2021,20534166240,20531065019,,,,,,,
817,ANCASH,"3,227,110.91",30/12/2021,20488415973,20571288363,,,,,,,
818,ANCASH,"1,963,767.39",30/12/2021,20549761608,20486290910,,,,,,,
819,ANCASH,"5,060,206.93",30/12/2021,20530933882,20541706454,,,,,,,
820,ANCASH,"3,625,771.79",30/12/2021,20534158069,20571395283,,,,,,,
821,ANCASH,"1,803,360.44",28/12/2021,20534197986,,,,,,,,
822,ANCASH,"1,432,956.90",28/12/2021,20608456857,20533788891,20601052980,,,,,,
823,ANCASH,"6,666,162.05",28/12/2021,20530706398,20600683650,,,,,,,
824,ANCASH,"5,957,366.93",21/12/2021,20531820542,20445575411,,,,,,,
825,ANCASH,"5,777,984.73",20/12/2021,20486290910,20487110141,,,,,,,
826,ANCASH,"15,037,005.91",16/12/2021,20445582973,20531084072,,,,,,,
827,ANCASH,"6,069,934.66",16/12/2021,20408018804,,,,,,,,
828,ANCASH,"2,876,120.71",15/12/2021,20605871420,20530585078,20600403207,,,,,,
829,ANCASH,"3,113,263.48",14/12/2021,20488351398,,,,,,,,
830,ANCASH,"1,702,902.62",07/12/2021,20533729615,20260236611,,,,,,,
831,ANCASH,"7,918,951.01",07/12/2021,20408018804,20571184151,,,,,,,
832,ANCASH,"3,712,812.82",07/12/2021,20571135885,20542191059,,,,,,,
833,ANCASH,"2,284,809.00",07/12/2021,20533631305,20542191059,,,,,,,
834,ANCASH,"5,722,667.27",07/12/2021,20461192077,20445667618,,,,,,,
835,ANCASH,"1,852,188.65",07/12/2021,20542049228,20533652213,,,,,,,
836,ANCASH,"2,318,953.55",30/11/2021,20445575411,20541706454,,,,,,,
837,ANCASH,"3,303,156.54",30/11/2021,20126533447,20603321309,,,,,,,
838,ANCASH,"1,918,452.99",29/11/2021,20571309891,20571135885,,,,,,,
839,ANCASH,"4,780,240.62",29/11/2021,20408018804,20571184151,,,,,,,
840,ANCASH,"7,014,513.99",29/11/2021,20605992146,20600683650,,,,,,,
841,ANCASH,"1,665,841.43",24/11/2021,20534158069,20606854081,,,,,,,
842,ANCASH,"4,616,563.82",24/11/2021,20571395283,20604232610,,,,,,,
843,ANCASH,"5,183,289.32",16/11/2021,20531084072,,,,,,,,
844,ANCASH,"4,296,922.47",16/11/2021,20542191059,20571250552,,,,,,,
845,ANCASH,"977,334.19",04/11/2021,20533751386,20541445553,20534027126,20602541216,20450157008,,,,
846,ANCASH,"5,743,656.44",04/11/2021,20608705334,20542040786,20486419971,,,,,,
847,ANCASH,"1,836,913.25",28/10/2021,20571238269,20542191059,,,,,,,
848,ANCASH,"11,117,053.31",22/10/2021,20531084072,20533086510,,,,,,,
849,ANCASH,"11,120,538.77",22/10/2021,20534171910,20488351398,,,,,,,
850,ANCASH,"1,227,171.37",14/10/2021,20608495267,20544063392,,,,,,,
851,ANCASH,"6,038,681.35",12/10/2021,20531000316,20530990681,,,,,,,
852,ANCASH,"2,425,802.29",05/10/2021,20542191059,20533631305,,,,,,,
853,ANCASH,"2,058,000.00",27/09/2021,20603092440,20571395283,,,,,,,
854,ANCASH,"1,345,974.82",23/09/2021,20486419971,20533786333,,,,,,,
855,ANCASH,"2,950,000.00",16/09/2021,20408114943,20569181756,,,,,,,
856,ANCASH,"3,113,263.48",02/09/2021,20488351398,,,,,,,,
857,ANCASH,"2,147,509.13",24/08/2021,20571395364,20571135885,,,,,,,
858,ANCASH,"2,084,614.47",24/08/2021,20571135885,20601568561,,,,,,,
859,ANCASH,"3,690,101.62",24/08/2021,20571395283,20600770226,,,,,,,
860,ANCASH,"1,886,577.47",19/08/2021,20529066521,20542141116,,,,,,,
861,ANCASH,"5,451,617.04",18/08/2021,20542132982,20530592520,,,,,,,
862,ANCASH,"3,016,113.85",09/08/2021,20571395364,,,,,,,,
863,ANCASH,"989,502.04",22/07/2021,20542030802,20531065019,,,,,,,
864,ANCASH,"5,383,223.24",12/07/2021,20534013923,,,,,,,,
865,ANCASH,"3,989,477.05",08/07/2021,20407893248,20407909268,,,,,,,
866,ANCASH,"411,603.81",04/05/2021,20601175411,20453649840,,,,,,,
867,ANCASH,"6,413,829.36",28/12/2022,20516419572,20477886095,,,,,,,
868,ANCASH,"1,030,619.88",21/12/2022,20144691173,20600459211,,,,,,,
869,ANCASH,"1,771,000.00",06/12/2022,20408135517,20523814363,,,,,,,
870,ANCASH,"2,799,055.03",02/12/2022,20323041092,20605233083,,,,,,,
871,ANCASH,"538,332.93",01/12/2022,20571309891,20542049228,,,,,,,
872,ANCASH,"10,781,184.87",01/12/2022,20481520585,20107211480,,,,,,,
873,ANCASH,"962,268.45",01/12/2022,20571309891,20542049228,,,,,,,
874,ANCASH,"1,084,309.54",01/12/2022,20608495267,20600253027,,,,,,,
875,ANCASH,"1,069,840.01",29/11/2022,20601485088,,,,,,,,
876,ANCASH,"13,228,495.20",25/11/2022,20461192077,20260236611,,,,,,,
877,ANCASH,"11,310,061.92",18/11/2022,20478157976,20507991662,,,,,,,
878,ANCASH,"3,299,320.93",18/11/2022,20531820542,,,,,,,,
879,ANCASH,"2,265,588.13",14/11/2022,20600454693,20407978588,,,,,,,
880,ANCASH,"2,015,945.26",09/11/2022,20260236611,20488351398,,,,,,,
881,ANCASH,"4,573,005.88",04/11/2022,10166241141,,,,,,,,
882,ANCASH,"17,918,887.65",27/10/2022,20504220461,20489585325,,,,,,,
883,ANCASH,"16,580,315.82",27/10/2022,20486960401,20603321309,,,,,,,
884,ANCASH,"4,182,325.22",26/10/2022,20542049228,20136318323,,,,,,,
885,ANCASH,"740,532.40",26/10/2022,20600403207,20542149362,20533675183,,,,,,
886,ANCASH,"3,450,000.00",21/10/2022,20533974415,20531866453,,,,,,,
887,ANCASH,"2,722,874.14",20/10/2022,20604129240,20534016949,,,,,,,
888,ANCASH,"8,119,040.75",20/10/2022,20319536699,20534166240,,,,,,,
889,ANCASH,"890,106.36",19/10/2022,20600285956,20609991969,,,,,,,
890,ANCASH,"38,189,898.74",19/10/2022,20530592520,20534098732,20530862764,,,,,,
891,ANCASH,"7,684,649.86",19/10/2022,20571395283,20534158069,,,,,,,
892,ANCASH,"7,873,889.89",19/10/2022,20534121734,20534013923,,,,,,,
893,ANCASH,"2,459,259.41",19/10/2022,20530592520,20530990681,,,,,,,
894,ANCASH,"8,254,528.35",13/10/2022,20323041092,20408018804,,,,,,,
895,ANCASH,"3,993,524.02",11/10/2022,20530592520,20530706398,,,,,,,
896,ANCASH,"10,432,648.67",11/10/2022,20571131464,20530862764,,,,,,,
897,ANCASH,"199,050.02",05/10/2022,20600095936,,,,,,,,
898,ANCASH,"2,143,677.01",05/10/2022,20528901361,20541769537,,,,,,,
899,ANCASH,"2,113,994.24",04/10/2022,20323041092,20533788891,,,,,,,
900,ANCASH,"2,555,555.55",04/10/2022,20532002819,20569181756,,,,,,,
901,ANCASH,"4,650,000.00",04/10/2022,20532002819,20569181756,,,,,,,
902,ANCASH,"4,601,098.04",03/10/2022,20534158069,,,,,,,,
903,ANCASH,"8,528,178.31",03/10/2022,20603354185,20601485088,,,,,,,
904,ANCASH,"1,581,665.16",03/10/2022,20533744509,20407871279,,,,,,,
905,ANCASH,"10,538,623.99",03/10/2022,20339480932,,,,,,,,
906,ANCASH,"9,508,645.17",03/10/2022,20600683650,20600309481,,,,,,,
907,ANCASH,"4,944,000.00",21/09/2022,20534040068,20260236611,,,,,,,
908,ANCASH,"740,532.40",21/09/2022,20408130396,,,,,,,,
909,ANCASH,"829,545.29",21/09/2022,20260236611,20607925136,,,,,,,
910,ANCASH,"536,722.75",16/09/2022,20533751386,,,,,,,,
911,ANCASH,"4,304,640.68",15/09/2022,20339480932,,,,,,,,
912,ANCASH,"2,700,269.08",15/09/2022,20601050987,20533744509,,,,,,,
913,ANCASH,"1,345,474.77",15/09/2022,20542191059,20533729615,,,,,,,
914,ANCASH,"3,438,074.56",14/09/2022,20571395283,20571153867,,,,,,,
915,ANCASH,"27,595,401.33",07/09/2022,20486397714,20407863250,,,,,,,
916,ANCASH,"2,881,446.08",06/09/2022,20602691528,20534027126,,,,,,,
917,ANCASH,"9,377,925.89",05/09/2022,20407769407,20534489685,,,,,,,
918,ANCASH,"16,300,000.00",02/09/2022,20477160710,20569181756,,,,,,,
919,ANCASH,"1,357,436.66",02/09/2022,20600770226,20605432477,,,,,,,
920,ANCASH,"7,970,927.94",01/09/2022,20531065019,20571184151,,,,,,,
921,ANCASH,"1,349,868.85",26/08/2022,20608582801,20542049228,,,,,,,
922,ANCASH,"4,261,288.90",25/08/2022,20407863250,20516256096,,,,,,,
923,ANCASH,"1,880,419.23",23/08/2022,20571420067,20542083329,,,,,,,
924,ANCASH,"5,348,052.13",18/08/2022,20323041092,20530706398,,,,,,,
925,ANCASH,"2,994,108.54",18/08/2022,20542049228,20530706398,,,,,,,
926,ANCASH,"3,897,731.01",12/08/2022,20603096763,20407863250,,,,,,,
927,ANCASH,"1,096,834.49",11/08/2022,20506003351,,,,,,,,
928,ANCASH,"3,342,490.38",10/08/2022,20539979885,20481605491,,,,,,,
929,ANCASH,"1,883,078.05",02/08/2022,20571420067,,,,,,,,
930,ANCASH,"3,956,612.71",22/07/2022,20571395283,20571273501,,,,,,,
931,ANCASH,"3,978,055.16",07/07/2022,20541616382,20531897413,,,,,,,
932,ANCASH,"6,516,559.95",07/07/2022,20602406939,20604803595,20461192077,,,,,,
933,ANCASH,"4,714,670.56",07/07/2022,20571309891,20534157500,,,,,,,
934,ANCASH,"3,832,305.46",07/07/2022,20601568561,20571273501,,,,,,,
935,ANCASH,"8,672,257.74",05/07/2022,20601649161,20600044207,,,,,,,
936,ANCASH,"1,880,419.23",22/06/2022,20571420067,20542083329,,,,,,,
937,ANCASH,"2,612,203.50",17/06/2022,20605308423,20530933882,,,,,,,
938,ANCASH,"6,999,959.79",16/06/2022,20605308423,20530933882,,,,,,,
939,ANCASH,"1,868,924.89",15/06/2022,20603373945,20533693327,,,,,,,
940,ANCASH,"7,739,198.59",15/06/2022,20487110141,20549761608,,,,,,,
941,ANCASH,"2,482,167.57",15/06/2022,20533974415,20534489685,,,,,,,
942,ANCASH,"7,205,665.28",15/06/2022,20571131464,20533621768,20534157500,,,,,,
943,ANCASH,"624,457.16",30/05/2022,20532033293,20600095936,,,,,,,
944,ANCASH,"2,799,653.49",30/05/2022,20542049228,20571131464,,,,,,,
945,ANCASH,"7,308,682.02",24/05/2022,20274419637,20600194420,,,,,,,
946,ANCASH,"4,842,517.42",23/05/2022,20605106910,20534013923,,,,,,,
947,ANCASH,"3,327,639.21",23/05/2022,20486290910,20323041092,,,,,,,
948,ANCASH,"252,958.38",11/05/2022,20602002285,20602797016,,,,,,,
949,ANCASH,"912,723.05",11/05/2022,20542073013,20407863250,,,,,,,
950,ANCASH,"3,744,241.18",06/05/2022,20571153867,20571395283,,,,,,,
951,ANCASH,"873,040.88",28/04/2022,20408061726,20607764621,,,,,,,
952,ANCASH,"1,765,329.45",28/04/2022,20530592520,20407011920,,,,,,,
953,ANCASH,"4,836,320.64",26/04/2022,20445700178,20445710211,,,,,,,
954,ANCASH,"7,397,554.11",26/04/2022,20531750749,20445685438,,,,,,,
955,ANCASH,"868,000.00",26/04/2022,20477160710,20600805348,,,,,,,
956,ANCASH,"3,094,407.72",20/04/2022,20600140893,20542438984,,,,,,,
957,ANCASH,"1,469,162.19",08/04/2022,20601568561,20534145757,,,,,,,
958,ANCASH,"2,471,058.26",08/04/2022,20604155828,20531064047,,,,,,,
959,ANCASH,"1,514,571.26",08/04/2022,20534010151,20603432224,,,,,,,
960,ANCASH,"2,182,406.18",31/03/2022,20407851677,20534022914,,,,,,,
961,ANCASH,"1,708,714.17",30/03/2022,20408010498,,,,,,,,
962,ANCASH,"8,957,305.73",30/03/2022,20601485088,20603354185,,,,,,,
963,ANCASH,"9,022,010.36",30/03/2022,20601994322,20571395364,,,,,,,
964,ANCASH,"2,808,301.53",30/03/2022,20571135885,20605233083,,,,,,,
965,ANCASH,"950,899.19",29/03/2022,20542049228,20607977454,,,,,,,
966,ANCASH,"3,189,624.70",07/03/2022,20531055722,20530592520,,,,,,,
967,ANCASH,"3,389,357.15",07/03/2022,20531927851,20568223307,20600180771,,,,,,
968,ANCASH,"3,514,289.94",25/02/2022,20488252578,20408018804,,,,,,,
969,ANCASH,"46,204,467.50",22/01/2024,20489532981,20571184151,,,,,,,
970,ANCASH,"30,088,265.61",06/11/2023,20600815769,20603019289,,,,,,,
971,ANCASH,"46,274,786.73",27/09/2023,20510992068,20393252848,,,,,,,
972,ANCASH,"77,450,355.62",17/01/2024,20205328662,20461112227,20602937934,,,,,,
973,APURIMAC,"3,473,748.93",19/05/2006,20108456028,,,,,,,,
974,APURIMAC,"1,301,943.90",12/12/2007,10071936444,20508461489,20100240301,,,,,,
975,APURIMAC,"1,260,489.40",12/12/2007,10071936444,20508461489,20100240301,,,,,,
976,APURIMAC,"1,440,690.00",11/12/2007,10071936444,20508461489,20100240301,,,,,,
977,APURIMAC,"2,265,069.76",09/11/2007,20207055078,20101329675,20527852197,,,,,,
978,APURIMAC,"630,000.00",09/11/2007,20526887442,,,,,,,,
979,APURIMAC,"700,000.00",07/11/2007,20452591023,,,,,,,,
980,APURIMAC,"594,588.60",17/10/2007,20526887442,,,,,,,,
981,APURIMAC,"217,570.07",05/10/2007,20527828300,,,,,,,,
982,APURIMAC,"524,648.97",05/10/2007,20527022917,,,,,,,,
983,APURIMAC,"166,877.70",29/08/2008,20231180258,,,,,,,,
984,APURIMAC,"1,226,761.39",03/04/2008,10239014980,20102428197,20517502848,,,,,,
985,APURIMAC,"737,800.00",18/03/2008,20103349932,20527724784,20527479704,,,,,,
986,APURIMAC,"1,110,000.00",13/02/2008,20527760071,10404779627,,,,,,,
987,APURIMAC,"730,000.00",12/02/2008,20443261916,10404779627,,,,,,,
988,APURIMAC,"1,010,586.11",03/12/2010,20279551932,20450555828,,,,,,,
989,APURIMAC,"3,609,290.47",29/10/2010,10081870492,20457052775,10224106888,,,,,,
990,APURIMAC,"715,591.51",22/09/2010,20365958093,,,,,,,,
991,APURIMAC,"22,540,068.74",06/05/2010,20110614609,20511317038,,,,,,,
992,APURIMAC,"1,220,661.49",06/05/2010,10105503836,20494747091,,,,,,,
993,APURIMAC,"1,061,136.12",11/11/2011,20419457290,20399678553,,,,,,,
994,APURIMAC,"8,340,722.52",30/09/2011,10282707069,,,,,,,,
995,APURIMAC,"122,456,498.80",19/11/2012,20536612972,20535983829,,,,,,,
996,APURIMAC,"3,184,612.50",09/11/2012,20399678553,20277722187,,,,,,,
997,APURIMAC,"3,509,264.07",02/10/2012,20399678553,20277722187,20357769150,,,,,,
998,APURIMAC,"636,851.05",28/08/2012,20288620831,,,,,,,,
999,APURIMAC,"4,108,564.46",30/07/2012,20393271044,20528927671,20489522242,,,,,,
1000,APURIMAC,"103,773,685.14",04/04/2012,20545740452,20492183203,20518737181,,,,,,
1001,APURIMAC,"127,099.99",30/03/2012,20528035788,,,,,,,,
1002,APURIMAC,"170,734.28",30/03/2012,20486673509,,,,,,,,
1003,APURIMAC,"144,989.42",30/03/2012,20487132544,,,,,,,,
1004,APURIMAC,"88,639.84",30/03/2012,20490010026,,,,,,,,
1005,APURIMAC,"3,381,610.55",30/12/2013,10238506960,20279551932,20542438984,20548317739,20278872018,20552622171,,,
1006,APURIMAC,"2,925,000.00",10/12/2013,20490018868,20542438984,20279551932,20548317739,,,,,
1007,APURIMAC,"3,207,268.00",06/12/2013,20279551932,20490018868,20563854015,20492255981,,,,,
1008,APURIMAC,"3,080,166.57",02/12/2013,20491129043,20489637571,20489682363,20490018868,,,,,
1009,APURIMAC,"2,655,268.58",11/11/2013,10084742801,20505655215,20347019624,,,,,,
1010,APURIMAC,"3,808,527.51",08/11/2013,20219028611,20508839902,17283511782,,,,,,
1011,APURIMAC,"4,039,778.77",29/10/2013,20450746097,10093340995,20527252327,10238862570,,,,,
1012,APURIMAC,"50,369,143.83",10/10/2013,20531505787,20100995108,,,,,,,
1013,APURIMAC,"3,207,004.00",03/10/2013,20490084909,20527760071,20286195378,20489960941,,,,,
1014,APURIMAC,"3,494,160.00",03/10/2013,20527479704,10310393016,20527267511,,,,,,
1015,APURIMAC,"6,377,255.44",01/10/2013,20278872018,20279551932,,,,,,,
1016,APURIMAC,"3,735,157.00",01/10/2013,20490018868,20489637571,20563854015,20489682363,,,,,
1017,APURIMAC,"3,080,166.57",24/09/2013,20490084909,20286195378,20489960941,,,,,,
1018,APURIMAC,"4,630,000.00",09/09/2013,20545115078,20393271044,20546378536,20508703911,,,,,
1019,APURIMAC,"3,893,397.71",09/09/2013,20491082730,20278450539,20528035788,10103185268,,,,,
1020,APURIMAC,"141,000.41",06/09/2013,20528035788,,,,,,,,
1021,APURIMAC,"112,182.18",06/09/2013,20365958093,,,,,,,,
1022,APURIMAC,"119,994.94",06/09/2013,20365958093,,,,,,,,
1023,APURIMAC,"99,893.01",06/09/2013,20528035788,,,,,,,,
1024,APURIMAC,"3,461,031.96",12/07/2013,20490860160,20406373623,,,,,,,
1025,APURIMAC,"3,871,734.71",19/06/2013,10096581420,20219028611,20508839902,,,,,,
1026,APURIMAC,"18,500,000.00",19/06/2013,20358000348,20278699391,20277977509,,,,,,
1027,APURIMAC,"3,178,332.40",18/04/2013,20521323711,20505565577,20140404552,,,,,,
1028,APURIMAC,"33,823,962.28",23/01/2014,10066089393,20555072288,20106758477,20191808241,,,,,
1029,APURIMAC,"11,790,560.26",25/11/2016,20527026238,20527252327,10238862570,,,,,,
1030,APURIMAC,"5,919,022.21",26/10/2018,20527376484,20527479704,,,,,,,
1031,APURIMAC,"8,683,436.09",25/10/2018,20527267511,20262396135,,,,,,,
1032,APURIMAC,"10,031,182.28",24/03/2021,20527479704,,,,,,,,
1033,APURIMAC,"10,031,182.28",06/10/2020,20494740673,,,,,,,,
1034,APURIMAC,"7,886,245.61",28/08/2019,20535757811,20600223837,,,,,,,
1035,APURIMAC,"3,853,804.70",27/08/2019,20495675611,20396681651,,,,,,,
1036,APURIMAC,"15,601,921.05",27/05/2019,10238862570,,,,,,,,
1037,APURIMAC,"12,331,152.72",14/09/2020,20527479704,20527267511,,,,,,,
1038,APURIMAC,"4,331,170.01",03/03/2022,20564340384,20527814261,,,,,,,
1039,APURIMAC,"4,331,170.01",18/11/2021,20527760071,,,,,,,,
1040,AREQUIPA,"180,744.76",29/11/2007,20273167430,,,,,,,,
1041,AREQUIPA,"586,834.03",24/06/2008,20453914268,,,,,,,,
1042,AREQUIPA,"2,737,922.50",28/05/2008,20253881438,,,,,,,,
1043,AREQUIPA,"17,544,010.78",15/11/2010,20389018181,20101884407,,,,,,,
1044,AREQUIPA,"15,632,584.53",10/03/2010,10087414006,20134676508,,,,,,,
1045,AREQUIPA,"8,768,563.52",03/03/2010,20454936010,20521932229,20521931419,20100620805,,,,,
1046,AREQUIPA,"8,640,000.00",18/04/2012,20447760143,10295907024,,,,,,,
1047,AREQUIPA,"43,624,637.54",06/02/2014,20100364701,,,,,,,,
1048,AREQUIPA,"32,360,000.00",28/10/2013,20381246842,20100045517,,,,,,,
1049,AREQUIPA,"59,897,176.18",10/10/2013,20451644972,20364212829,20358000348,,,,,,
1050,AREQUIPA,"10,300,000.00",29/12/2015,20364212829,,,,,,,,
1051,AREQUIPA,"92,604,122.86",14/12/2015,20100114187,,,,,,,,
1052,AREQUIPA,"1,550,267.40",25/11/2015,20445575411,20445215474,,,,,,,
1053,AREQUIPA,"1,650,292.00",25/11/2015,20481475342,20482077669,,,,,,,
1054,AREQUIPA,"1,551,156.00",25/11/2015,20445254615,20600529910,,,,,,,
1055,AREQUIPA,"1,024,113.99",25/11/2015,20541616382,20445727611,,,,,,,
1056,AREQUIPA,"849,507.36",24/11/2015,20498573739,20454579071,,,,,,,
1057,AREQUIPA,"1,547,946.91",20/11/2015,20134676508,,,,,,,,
1058,AREQUIPA,"1,408,291.86",20/11/2015,20454172478,20600401816,,,,,,,
1059,AREQUIPA,"1,608,032.90",17/11/2015,20447845131,20448809898,20600504267,,,,,,
1060,AREQUIPA,"1,691,658.30",11/11/2015,20481475342,20482100580,,,,,,,
1061,AREQUIPA,"2,633,075.78",06/11/2015,20454458100,20558009102,,,,,,,
1062,AREQUIPA,"2,110,464.34",06/11/2015,20498258116,,,,,,,,
1063,AREQUIPA,"1,524,921.39",03/11/2015,20482100580,20481475342,,,,,,,
1064,AREQUIPA,"1,557,514.71",03/11/2015,20558009102,20454458100,,,,,,,
1065,AREQUIPA,"1,222,588.60",02/11/2015,20600164661,20454667957,20539449576,,,,,,
1066,AREQUIPA,"1,609,748.18",02/11/2015,20160636573,20558372878,,,,,,,
1067,AREQUIPA,"1,517,486.14",30/10/2015,20539449576,20454667957,,,,,,,
1068,AREQUIPA,"4,719,152.16",09/10/2015,20563373009,20536715518,20554462376,,,,,,
1069,AREQUIPA,"1,102,833.60",02/10/2015,20600311710,20482144790,20477255931,20477237798,,,,,
1070,AREQUIPA,"39,862,000.00",04/09/2015,20475262647,20523617614,20536715518,,,,,,
1071,AREQUIPA,"42,463,370.59",04/09/2015,20523617614,20536715518,20475262647,,,,,,
1072,AREQUIPA,"2,013,848.57",31/10/2016,20498258116,,,,,,,,
1073,AREQUIPA,"1,915,503.09",24/10/2016,20554462376,20486792001,,,,,,,
1074,AREQUIPA,"77,706,951.99",14/10/2016,20563373009,20537169207,20600481569,,,,,,
1075,AREQUIPA,"1,976,103.66",23/09/2016,20453991769,,,,,,,,
1076,AREQUIPA,"2,264,432.07",15/09/2016,20455612676,20600002717,,,,,,,
1077,AREQUIPA,"2,181,688.22",14/09/2016,20600131614,10004760617,20539449576,,,,,,
1078,AREQUIPA,"156,469.55",14/09/2016,20133176404,20453991769,,,,,,,
1079,AREQUIPA,"61,598,478.94",29/12/2017,20475262647,20536715518,,,,,,,
1080,AREQUIPA,"34,398,035.49",19/12/2017,20548123888,20134676508,,,,,,,
1081,AREQUIPA,"134,147,970.10",18/12/2017,20536715518,20554462376,20563373009,,,,,,
1082,AREQUIPA,"112,318,439.52",20/11/2017,20475262647,20100995108,20554462376,20134676508,,,,,
1083,AREQUIPA,"119,862,067.56",12/10/2017,20100995108,20548123888,20327154193,,,,,,
1084,AREQUIPA,"53,194,800.42",02/08/2017,20254813720,20101884407,20523320522,20327154193,20600796730,,,,
1085,AREQUIPA,"157,300.00",23/05/2017,20454200609,,,,,,,,
1086,AREQUIPA,"107,549,938.00",14/03/2017,99000019646,20563373009,,,,,,,
1087,AREQUIPA,"5,201,622.96",14/12/2018,20133176404,20453991769,,,,,,,
1088,AREQUIPA,"2,910,171.81",13/11/2018,20491304490,,,,,,,,
1089,AREQUIPA,"5,172,176.41",13/11/2018,20491304490,,,,,,,,
1090,AREQUIPA,"254,799.63",29/10/2018,20454200609,20558593963,,,,,,,
1091,AREQUIPA,"6,387,328.87",16/10/2018,20485839462,20266458089,20363389890,,,,,,
1092,AREQUIPA,"70,218,724.38",12/10/2018,20602703119,,,,,,,,
1093,AREQUIPA,"28,127,171.73",03/10/2018,20602703119,,,,,,,,
1094,AREQUIPA,"245,123.39",03/10/2018,20454200609,20558161826,,,,,,,
1095,AREQUIPA,"3,942,428.89",19/09/2018,20553299668,20454667957,20327370058,20600164661,,,,,
1096,AREQUIPA,"2,515,000.00",09/07/2018,20371131664,,,,,,,,
1097,AREQUIPA,"7,152,059.52",11/06/2018,20454667957,20327370058,20600164661,,,,,,
1098,AREQUIPA,"3,292,724.50",20/09/2019,20600178271,99000028327,20545512662,20447909805,,,,,
1099,AREQUIPA,"9,554,164.24",18/09/2019,20191808241,20371131664,,,,,,,
1100,AREQUIPA,"4,105,107.90",17/09/2019,20456317376,20600044622,,,,,,,
1101,AREQUIPA,"8,695,177.89",01/07/2019,20534297930,20511866481,,,,,,,
1102,AREQUIPA,"33,137,140.08",26/06/2019,20447781655,,,,,,,,
1103,AREQUIPA,"3,292,724.50",19/06/2019,20548865604,99000027401,20393438941,,,,,,
1104,AREQUIPA,"11,887,773.52",06/06/2019,20485839462,99000027401,,,,,,,
1105,AREQUIPA,"11,450,033.20",28/05/2019,20450519783,20600408888,,,,,,,
1106,AREQUIPA,"21,555,147.01",28/05/2019,20548123888,20134676508,,,,,,,
1107,AREQUIPA,"654,677.10",17/12/2020,20454785992,,,,,,,,
1108,AREQUIPA,"7,183,473.21",16/12/2020,20455703558,,,,,,,,
1109,AREQUIPA,"4,606,141.12",11/12/2020,20600678605,20456317376,,,,,,,
1110,AREQUIPA,"10,355,594.33",18/11/2020,20455703558,,,,,,,,
1111,AREQUIPA,"4,654,718.00",16/11/2020,20600731611,20455430489,,,,,,,
1112,AREQUIPA,"8,618,528.62",28/10/2020,20533979727,,,,,,,,
1113,AREQUIPA,"12,745,821.12",20/10/2020,20456317376,20456323007,,,,,,,
1114,AREQUIPA,"3,329,313.44",30/09/2020,20261295246,,,,,,,,
1115,AREQUIPA,"4,009,098.05",30/09/2020,20455394741,,,,,,,,
1116,AREQUIPA,"14,048,829.51",30/09/2020,20533979727,,,,,,,,
1117,AREQUIPA,"35,093,742.20",28/09/2020,20447654203,20533979727,,,,,,,
1118,AREQUIPA,"7,088,033.25",22/09/2020,20447760143,20447654203,,,,,,,
1119,AREQUIPA,"9,947,052.84",18/09/2020,20512419837,,,,,,,,
1120,AREQUIPA,"5,375,207.25",18/09/2020,20455703558,,,,,,,,
1121,AREQUIPA,"2,497,783.29",07/09/2020,20300690999,,,,,,,,
1122,AREQUIPA,"5,747,946.19",07/09/2020,20261295246,,,,,,,,
1123,AREQUIPA,"9,485,805.85",25/08/2020,20456317376,20600044622,,,,,,,
1124,AREQUIPA,"17,997,345.76",25/08/2020,20447654203,,,,,,,,
1125,AREQUIPA,"7,054,462.98",25/08/2020,20434839867,20456317376,,,,,,,
1126,AREQUIPA,"22,764,332.63",12/03/2020,20527026238,20547097069,20489517320,,,,,,
1127,AREQUIPA,"26,169,574.36",11/03/2020,20489517320,20447781655,,,,,,,
1128,AREQUIPA,"7,619,548.76",22/07/2021,20600929438,,,,,,,,
1129,AREQUIPA,"1,974,127.56",29/04/2021,20344483702,20534029927,,,,,,,
1130,AREQUIPA,"4,732,448.80",19/03/2021,20456323007,,,,,,,,
1131,AREQUIPA,"189,820,194.39",11/03/2021,20563373009,20601116082,,,,,,,
1132,AREQUIPA,"7,234,949.00",01/03/2021,20264545812,,,,,,,,
1133,AREQUIPA,"37,291,219.31",27/10/2022,20551773923,20101884407,,,,,,,
1134,AREQUIPA,"9,164,478.50",27/10/2022,20456315918,20604675198,,,,,,,
1135,AREQUIPA,"380,219.25",05/09/2022,20454785992,,,,,,,,
1136,AREQUIPA,"10,376,842.01",23/08/2022,20571505488,20604675198,20574662517,,,,,,
1137,AREQUIPA,"380,219.24",24/05/2022,20447714036,20447909716,,,,,,,
1138,AREQUIPA,"14,361,859.40",13/11/2023,20527267511,20527479704,,,,,,,
1139,AREQUIPA,"7,763,300.39",22/06/2023,20133176404,,,,,,,,
1140,AREQUIPA,"3,908,712.31",30/05/2023,20600911300,20455430489,,,,,,,
1141,AREQUIPA,"7,520,113.93",27/12/2024,20494883865,20601771641,,,,,,,
1142,AREQUIPA,"9,258,634.44",20/12/2024,20412823711,10295907024,,,,,,,
1143,AREQUIPA,"20,726,587.81",25/11/2024,20539013441,20226217003,,,,,,,
1144,AREQUIPA,"95,743,898.70",22/11/2024,20482396331,20523534590,20494784450,20506606722,,,,,
1145,AREQUIPA,"35,413,768.38",31/10/2024,10453522542,20494637074,,,,,,,
1146,AREQUIPA,"90,511,768.56",24/10/2024,20603476400,20523386469,20536290916,,,,,,
1147,AREQUIPA,"53,637,938.86",18/10/2024,20494883865,20489532981,,,,,,,
1148,AREQUIPA,"10,567,158.63",27/09/2024,20448056261,,,,,,,,
1149,AREQUIPA,"178,213,893.31",18/07/2024,20534166240,99000035293,,,,,,,
1150,AREQUIPA,"30,810,450.20",14/06/2024,99000032707,20603147465,,,,,,,
1151,AREQUIPA,"7,531,464.58",04/06/2024,20478157976,20452345251,,,,,,,
1152,AREQUIPA,"4,508,708.71",30/05/2024,10293806492,20498258116,,,,,,,
1153,AREQUIPA,"3,400,774.82",30/05/2024,20601016347,10004967122,10005125583,,,,,,
1154,AREQUIPA,"4,317,524.00",30/05/2024,10181420761,20541653156,20611168528,,,,,,
1155,AREQUIPA,"86,164,895.31",29/05/2024,99000035293,10224118100,20488496442,20534166240,,,,,
1156,AREQUIPA,"1,862,839.76",10/05/2024,20600935845,20564171761,,,,,,,
1157,AREQUIPA,"10,567,158.63",10/05/2024,20448080308,20447635080,,,,,,,
1158,AREQUIPA,"10,665,165.94",10/05/2024,20600002717,20406455603,,,,,,,
1159,AREQUIPA,"3,341,280.68",10/05/2024,20531607784,20571395364,,,,,,,
1160,AYACUCHO,"1,042,220.83",21/12/2007,20452838282,20452299985,20519701015,,,,,,
1161,AYACUCHO,"1,758,249.54",21/12/2007,20215462910,20257374743,,,,,,,
1162,AYACUCHO,"645,299.05",21/12/2007,20257374743,,,,,,,,
1163,AYACUCHO,"834,066.88",19/12/2007,20380511569,20382680236,,,,,,,
1164,AYACUCHO,"1,429,814.58",18/12/2007,20452225353,10214863443,,,,,,,
1165,AYACUCHO,"1,309,220.50",18/12/2007,10282707069,,,,,,,,
1166,AYACUCHO,"5,367,406.17",14/12/2007,20142565715,20508886226,20163906661,20503379521,,,,,
1167,AYACUCHO,"4,508,261.10",12/12/2007,20527618755,10296914059,20100620805,,,,,,
1168,AYACUCHO,"1,478,568.66",17/09/2007,10075956784,10282707069,,,,,,,
1169,AYACUCHO,"1,153,572.53",05/09/2007,20131253258,10024021861,10282902082,,,,,,
1170,AYACUCHO,"1,530,000.00",23/05/2007,20186871864,10024021861,10282902082,,,,,,
1171,AYACUCHO,"12,704,298.21",12/04/2007,20110614609,20204035785,,,,,,,
1172,AYACUCHO,"2,725,488.57",19/11/2008,20452608520,10410713506,20407412592,,,,,,
1173,AYACUCHO,"2,366,871.19",23/09/2008,20449652674,20505096721,20378395152,,,,,,
1174,AYACUCHO,"1,146,876.30",27/08/2008,20449652674,,,,,,,,
1175,AYACUCHO,"853,785.00",15/08/2008,10282902082,,,,,,,,
1176,AYACUCHO,"1,606,184.65",29/04/2008,10282902082,,,,,,,,
1177,AYACUCHO,"900,191.61",29/04/2008,20449561954,,,,,,,,
1178,AYACUCHO,"1,497,511.29",29/04/2008,20380511569,20382680236,,,,,,,
1179,AYACUCHO,"1,815,000.00",29/04/2008,20519701015,20494254655,,,,,,,
1180,AYACUCHO,"5,890,081.25",07/03/2008,10283106000,10282902082,20449652674,,,,,,
1181,AYACUCHO,"1,808,929.60",10/12/2009,20521605457,20494353475,20365181111,10060563476,20504883737,,,,
1182,AYACUCHO,"271,033.52",16/06/2009,20452448069,,,,,,,,
1183,AYACUCHO,"2,539,687.52",20/12/2010,20126533447,20519706831,20494226287,,,,,,
1184,AYACUCHO,"677,226.00",13/12/2010,10410713506,20494295254,20494947774,,,,,,
1185,AYACUCHO,"9,878,804.30",13/12/2010,10282707069,,,,,,,,
1186,AYACUCHO,"812,165.21",29/11/2010,20494397090,20494341973,20527252327,,,,,,
1187,AYACUCHO,"1,715,134.72",18/11/2010,20494902240,20470005565,20186871864,10410713506,,,,,
1188,AYACUCHO,"1,690,524.93",11/11/2010,20121797314,,,,,,,,
1189,AYACUCHO,"1,040,554.09",28/10/2010,20401843842,,,,,,,,
1190,AYACUCHO,"975,211.79",11/10/2010,20494397090,20494341973,20407412592,,,,,,
1191,AYACUCHO,"1,979,480.57",27/09/2010,10282707069,20452840775,,,,,,,
1192,AYACUCHO,"2,947,017.12",11/08/2010,20452731992,20519685061,20494233739,20519706831,20126533447,,,,
1193,AYACUCHO,"108,002,493.00",16/07/2010,20536715518,20106758477,,,,,,,
1194,AYACUCHO,"160,412.00",13/05/2010,20494257166,10286845121,,,,,,,
1195,AYACUCHO,"1,317,862.62",06/05/2010,20407509758,10282707069,,,,,,,
1196,AYACUCHO,"998,791.78",21/04/2010,20452731992,20279551932,,,,,,,
1197,AYACUCHO,"849,247.46",07/04/2010,20511692041,,,,,,,,
1198,AYACUCHO,"3,114,230.42",26/12/2011,20520022814,10238392191,20447934664,20448132201,,,,,
1199,AYACUCHO,"6,099,559.40",18/12/2012,10282707069,,,,,,,,
1200,AYACUCHO,"9,646,163.71",22/11/2012,20223411461,20101361137,20100153671,10008311191,,,,,
1201,AYACUCHO,"2,755,075.47",22/11/2012,20519701015,20495136231,,,,,,,
1202,AYACUCHO,"9,738,263.83",15/11/2012,20223411461,20101361137,,,,,,,
1203,AYACUCHO,"3,979,019.17",15/11/2012,20223411461,20101361137,,,,,,,
1204,AYACUCHO,"330,102.63",21/03/2012,10410713506,,,,,,,,
1205,AYACUCHO,"237,063.98",21/03/2012,20535956341,,,,,,,,
1206,AYACUCHO,"273,586.85",21/03/2012,20486673509,,,,,,,,
1207,AYACUCHO,"321,288.98",14/03/2012,10410713506,,,,,,,,
1208,AYACUCHO,"331,656.77",14/03/2012,20365298816,,,,,,,,
1209,AYACUCHO,"1,560,000.00",30/12/2013,20494690714,,,,,,,,
1210,AYACUCHO,"49,368,352.59",20/12/2013,20101915132,,,,,,,,
1211,AYACUCHO,"30,712,566.43",22/11/2013,20101915132,,,,,,,,
1212,AYACUCHO,"1,793,000.00",14/11/2013,20452499488,20266458089,,,,,,,
1213,AYACUCHO,"9,636,120.68",10/10/2013,20452499488,,,,,,,,
1214,AYACUCHO,"404,905.70",16/09/2013,20407423446,,,,,,,,
1215,AYACUCHO,"2,845,467.12",20/08/2013,20494690714,10283110554,,,,,,,
1216,AYACUCHO,"1,298,300.00",25/06/2013,20494947774,20515430505,,,,,,,
1217,AYACUCHO,"2,550,000.00",25/06/2013,10283106000,,,,,,,,
1218,AYACUCHO,"765,000.00",25/06/2013,20515430505,20494947774,,,,,,,
1219,AYACUCHO,"750,000.00",25/06/2013,20494947774,20515430505,,,,,,,
1220,AYACUCHO,"1,661,260.89",25/06/2013,10283106000,,,,,,,,
1221,AYACUCHO,"33,591,995.48",24/12/2014,20503379521,20503563704,,,,,,,
1222,AYACUCHO,"138,776,056.04",17/12/2014,20501439020,,,,,,,,
1223,AYACUCHO,"3,388,738.38",24/10/2014,20574656461,20452677921,,,,,,,
1224,AYACUCHO,"7,753,347.74",21/10/2014,20574618704,10283106000,20494902240,20574618020,,,,,
1225,AYACUCHO,"6,141,515.02",21/10/2014,10215609702,20534361531,10157044414,,,,,,
1226,AYACUCHO,"14,468,393.32",23/09/2014,20515429833,20218090550,,,,,,,
1227,AYACUCHO,"5,264,500.00",22/09/2014,20378395152,10283044748,,,,,,,
1228,AYACUCHO,"3,876,492.00",22/09/2014,10283044748,20378395152,,,,,,,
1229,AYACUCHO,"3,602,062.00",05/08/2014,20534365102,20452499488,,,,,,,
1230,AYACUCHO,"6,133,718.26",25/07/2014,20534365102,20452499488,,,,,,,
1231,AYACUCHO,"5,279,714.72",25/07/2014,20534365102,20452499488,,,,,,,
1232,AYACUCHO,"363,137,168.87",12/03/2014,20101029442,20100114187,,,,,,,
1233,AYACUCHO,"1,356,816.57",06/12/2016,20534921421,10215280026,20534724510,,,,,,
1234,AYACUCHO,"890,512.47",24/11/2016,20494947774,10410713506,,,,,,,
1235,AYACUCHO,"908,500.00",24/11/2016,20531683707,20531887027,20600579925,20445176631,,,,,
1236,AYACUCHO,"1,458,697.00",14/11/2016,10099381243,20487181910,,,,,,,
1237,AYACUCHO,"2,020,687.12",11/11/2016,20531683707,20445629015,20600579925,20531887027,,,,,
1238,AYACUCHO,"2,434,363.81",20/10/2016,10099381243,20534213931,,,,,,,
1239,AYACUCHO,"1,001,395.37",20/10/2016,20544798911,20527942773,20517689816,,,,,,
1240,AYACUCHO,"1,013,877.20",19/10/2016,20451961196,20574718326,,,,,,,
1241,AYACUCHO,"3,280,779.75",22/08/2016,20378395152,20600946987,,,,,,,
1242,AYACUCHO,"6,473,552.14",14/09/2017,20522243494,20385387726,,,,,,,
1243,AYACUCHO,"172,326,350.91",15/08/2017,20102297581,,,,,,,,
1244,AYACUCHO,"159,620,450.79",03/10/2018,20602979173,,,,,,,,
1245,AYACUCHO,"150,281,567.33",14/08/2018,99000023937,,,,,,,,
1246,AYACUCHO,"2,226,975.60",14/06/2018,20531870566,20525954529,,,,,,,
1247,AYACUCHO,"159,620,450.79",09/05/2018,99000023937,,,,,,,,
1248,AYACUCHO,"18,975,642.86",05/11/2019,20486404273,,,,,,,,
1249,AYACUCHO,"21,022,788.55",23/10/2019,20486404273,,,,,,,,
1250,AYACUCHO,"24,084,543.82",14/09/2019,20494740673,,,,,,,,
1251,AYACUCHO,"116,233,690.42",06/09/2019,20604032246,,,,,,,,
1252,AYACUCHO,"7,674,557.55",29/12/2020,20494947774,20494336112,,,,,,,
1253,AYACUCHO,"21,324,577.41",25/09/2020,20486792001,20557209752,,,,,,,
1254,AYACUCHO,"19,064,214.25",08/09/2020,20494637074,20557209752,,,,,,,
1255,AYACUCHO,"19,897,870.79",29/09/2021,20476423539,20218090550,,,,,,,
1256,AYACUCHO,"3,728,902.89",06/08/2021,20407412592,20494485118,,,,,,,
1257,AYACUCHO,"187,426,981.17",19/10/2022,20601143021,20517562158,,,,,,,
1258,AYACUCHO,"13,166,925.15",18/08/2022,20494397090,20534604701,,,,,,,
1259,AYACUCHO,"2,160,652.32",22/07/2022,20574750301,,,,,,,,
1260,AYACUCHO,"16,953,392.29",10/06/2022,20534714981,20102008066,,,,,,,
1261,AYACUCHO,"12,669,710.01",09/06/2022,20489517320,20527026238,,,,,,,
1262,AYACUCHO,"2,543,231.19",22/04/2022,20489536979,20528917951,,,,,,,
1263,AYACUCHO,"7,056,481.73",19/04/2022,20517623394,20494226287,,,,,,,
1264,AYACUCHO,"8,364,581.27",13/04/2022,20144691173,20600239598,,,,,,,
1265,AYACUCHO,"2,160,652.32",12/04/2022,20574605980,20534576146,,,,,,,
1266,AYACUCHO,"26,533,471.41",10/10/2023,20101031854,20611485078,,,,,,,
1267,AYACUCHO,"294,696,625.27",02/10/2023,20106758477,20537169207,20602842330,,,,,,
1268,AYACUCHO,"5,691,291.75",15/09/2023,20407412592,20148020966,,,,,,,
1269,AYACUCHO,"380,839,457.95",04/10/2024,20537169207,20602842330,20536612972,,,,,,
1270,CAJAMARCA,"3,670,027.68",29/12/2005,20100626757,,,,,,,,
1271,CAJAMARCA,"38,490.04",07/12/2005,20495641806,,,,,,,,
1272,CAJAMARCA,"4,343,609.72",25/11/2005,20100057361,20108664640,,,,,,,
1273,CAJAMARCA,"4,201,287.30",23/11/2005,20416087653,20503080576,20125900675,20507697047,20331876373,,,,
1274,CAJAMARCA,"476,762.22",17/11/2005,20453539076,,,,,,,,
1275,CAJAMARCA,"730,195.10",15/11/2005,20531375981,,,,,,,,
1276,CAJAMARCA,"478,003.58",09/11/2005,20453849695,,,,,,,,
1277,CAJAMARCA,"85,366.21",28/10/2005,20453808581,,,,,,,,
1278,CAJAMARCA,"1,461,645.50",21/10/2005,20173126345,,,,,,,,
1279,CAJAMARCA,"429,127.99",20/10/2005,10166310607,,,,,,,,
1280,CAJAMARCA,"293,951.65",19/10/2005,10181178375,,,,,,,,
1281,CAJAMARCA,"273,161.27",14/10/2005,20411383190,,,,,,,,
1282,CAJAMARCA,"263,340.32",12/10/2005,20368770656,,,,,,,,
1283,CAJAMARCA,"790,990.33",12/10/2005,20344955051,,,,,,,,
1284,CAJAMARCA,"47,841,190.00",22/08/2005,20100045517,20100082391,,,,,,,
1285,CAJAMARCA,"624,013.39",12/08/2005,20531375981,,,,,,,,
1286,CAJAMARCA,"698,706.56",04/07/2005,20301552115,,,,,,,,
1287,CAJAMARCA,"689,128.49",04/07/2005,20495664849,,,,,,,,
1288,CAJAMARCA,"1,109,160.15",30/11/2006,20178080106,,,,,,,,
1289,CAJAMARCA,"262,257.95",29/11/2006,10266316998,,,,,,,,
1290,CAJAMARCA,"340,442.05",24/11/2006,10192296850,,,,,,,,
1291,CAJAMARCA,"194,907.70",24/11/2006,20453767371,,,,,,,,
1292,CAJAMARCA,"215,866.92",13/11/2006,10266009807,,,,,,,,
1293,CAJAMARCA,"131,338.10",13/10/2006,10266463532,,,,,,,,
1294,CAJAMARCA,"3,374,018.22",11/10/2006,20131354950,10164082861,10102838721,,,,,,
1295,CAJAMARCA,"474,587.54",11/10/2006,20495765360,,,,,,,,
1296,CAJAMARCA,"1,336,291.09",06/10/2006,20268887785,,,,,,,,
1297,CAJAMARCA,"583,800.69",05/10/2006,20453822061,,,,,,,,
1298,CAJAMARCA,"427,693.90",25/09/2006,20495660428,,,,,,,,
1299,CAJAMARCA,"102,509.46",21/09/2006,20479945943,,,,,,,,
1300,CAJAMARCA,"1,975,810.18",12/09/2006,20102177925,,,,,,,,
1301,CAJAMARCA,"1,236,792.24",12/09/2006,20257427022,,,,,,,,
1302,CAJAMARCA,"2,040,420.74",12/09/2006,10102838721,10164082861,,,,,,,
1303,CAJAMARCA,"1,306,818.69",11/09/2006,20102177925,,,,,,,,
1304,CAJAMARCA,"40,325.53",07/09/2006,20283944116,,,,,,,,
1305,CAJAMARCA,"203,824.77",07/09/2006,10266009807,,,,,,,,
1306,CAJAMARCA,"100,699.62",06/09/2006,20495756701,,,,,,,,
1307,CAJAMARCA,"106,093.11",28/08/2006,20453728804,,,,,,,,
1308,CAJAMARCA,"104,805.00",17/08/2006,20495677070,,,,,,,,
1309,CAJAMARCA,"78,631.30",17/08/2006,20411383190,,,,,,,,
1310,CAJAMARCA,"71,803.39",08/08/2006,20495745253,,,,,,,,
1311,CAJAMARCA,"60,775.64",03/08/2006,20440453032,,,,,,,,
1312,CAJAMARCA,"346,448.27",03/08/2006,10166512960,,,,,,,,
1313,CAJAMARCA,"83,176.07",21/07/2006,20495756701,,,,,,,,
1314,CAJAMARCA,"1,356,440.89",20/07/2006,20110614609,,,,,,,,
1315,CAJAMARCA,"144,978.74",19/07/2006,20480983042,,,,,,,,
1316,CAJAMARCA,"423,673.74",19/07/2006,20495792171,,,,,,,,
1317,CAJAMARCA,"76,705.41",19/07/2006,20479945943,,,,,,,,
1318,CAJAMARCA,"44,162.11",19/07/2006,20283944116,,,,,,,,
1319,CAJAMARCA,"92,384.62",12/07/2006,10266348563,,,,,,,,
1320,CAJAMARCA,"214,891.97",10/07/2006,20440453032,,,,,,,,
1321,CAJAMARCA,"396,742.72",10/07/2006,20495745253,,,,,,,,
1322,CAJAMARCA,"771,767.40",07/07/2006,20453833004,,,,,,,,
1323,CAJAMARCA,"193,876.97",15/05/2006,20394956865,,,,,,,,
1324,CAJAMARCA,"808,294.39",15/05/2006,20163906661,,,,,,,,
1325,CAJAMARCA,"979,001.80",03/05/2006,20453694390,,,,,,,,
1326,CAJAMARCA,"30,921.00",13/02/2008,20495919693,,,,,,,,
1327,CAJAMARCA,"1,469,052.82",20/12/2007,20114110966,10266295575,,,,,,,
1328,CAJAMARCA,"267,316.59",07/12/2007,20495699804,,,,,,,,
1329,CAJAMARCA,"498,192.35",07/12/2007,20495728758,,,,,,,,
1330,CAJAMARCA,"475,509.45",08/12/2007,20368900967,,,,,,,,
1331,CAJAMARCA,"194,360.92",27/11/2007,20368900967,,,,,,,,
1332,CAJAMARCA,"180,241.60",09/11/2007,20495883052,,,,,,,,
1333,CAJAMARCA,"476,971.54",08/11/2007,20495950264,,,,,,,,
1334,CAJAMARCA,"360,992.18",17/10/2007,20495780831,,,,,,,,
1335,CAJAMARCA,"107,650.97",17/10/2007,20495780831,,,,,,,,
1336,CAJAMARCA,"383,517.50",26/09/2007,10266989259,,,,,,,,
1337,CAJAMARCA,"484,883.65",13/09/2007,20495950264,,,,,,,,
1338,CAJAMARCA,"213,314.62",13/09/2007,20495642284,,,,,,,,
1339,CAJAMARCA,"48,338.83",27/07/2007,20453822061,,,,,,,,
1340,CAJAMARCA,"1,788,732.53",26/02/2007,20142565715,20145769249,20101361056,20510413301,,,,,
1341,CAJAMARCA,"2,271,123.12",26/02/2007,10079403402,20264419434,20121907781,,,,,,
1342,CAJAMARCA,"110,254.61",26/11/2008,20368900967,,,,,,,,
1343,CAJAMARCA,"1,538,699.33",28/10/2008,10102838721,,,,,,,,
1344,CAJAMARCA,"945,328.48",29/09/2008,10295936318,,,,,,,,
1345,CAJAMARCA,"752,614.83",03/09/2008,10266009807,,,,,,,,
1346,CAJAMARCA,"60,507.34",01/09/2008,20453822061,,,,,,,,
1347,CAJAMARCA,"154,412.39",28/08/2008,10274216943,,,,,,,,
1348,CAJAMARCA,"20,695.27",18/08/2008,20453728804,,,,,,,,
1349,CAJAMARCA,"1,331,358.20",11/08/2008,20484346659,20483983086,,,,,,,
1350,CAJAMARCA,"4,305,603.18",21/07/2008,10266295575,10266854892,,,,,,,
1351,CAJAMARCA,"1,010,708.63",09/07/2008,20439867087,,,,,,,,
1352,CAJAMARCA,"2,018,724.48",27/06/2008,10266009807,10102838721,,,,,,,
1353,CAJAMARCA,"1,824,668.31",12/06/2008,10165410446,20495970702,20102428197,,,,,,
1354,CAJAMARCA,"1,747,418.65",23/05/2008,20503981298,20324547399,,,,,,,
1355,CAJAMARCA,"156,284.12",03/04/2008,10266265129,,,,,,,,
1356,CAJAMARCA,"126,771.91",01/04/2008,20495923534,,,,,,,,
1357,CAJAMARCA,"540,275.61",31/03/2008,20479658456,,,,,,,,
1358,CAJAMARCA,"278,163.75",17/03/2008,20453822061,,,,,,,,
1359,CAJAMARCA,"45,019.17",14/02/2008,20495775837,,,,,,,,
1360,CAJAMARCA,"991,006.16",28/12/2009,20325976455,,,,,,,,
1361,CAJAMARCA,"179,897.16",23/12/2009,10295936318,,,,,,,,
1362,CAJAMARCA,"1,745,567.95",11/12/2009,20277393779,20525517226,20398345453,20525530087,,,,,
1363,CAJAMARCA,"352,937.86",30/11/2009,20453728804,20495775837,,,,,,,
1364,CAJAMARCA,"355,189.87",23/11/2009,20495775837,,,,,,,,
1365,CAJAMARCA,"2,039,119.84",19/11/2009,20453839037,20228844251,,,,,,,
1366,CAJAMARCA,"1,903,790.10",04/11/2009,20442303135,,,,,,,,
1367,CAJAMARCA,"77,388.07",04/11/2009,20495824803,,,,,,,,
1368,CAJAMARCA,"174,494.86",13/10/2009,20368900967,,,,,,,,
1369,CAJAMARCA,"6,691,553.02",02/10/2009,20480167822,20527026238,20442303135,,,,,,
1370,CAJAMARCA,"1,475,226.79",11/09/2009,10102838721,10266009807,,,,,,,
1371,CAJAMARCA,"1,903,395.54",07/08/2009,10266009807,10102838721,,,,,,,
1372,CAJAMARCA,"1,437,705.58",30/07/2009,20453819435,20453627951,20228844251,,,,,,
1373,CAJAMARCA,"422,387.00",23/07/2009,20495607292,,,,,,,,
1374,CAJAMARCA,"1,269,046.67",16/07/2009,20502837479,20163906661,,,,,,,
1375,CAJAMARCA,"1,239,115.29",13/07/2009,20285552886,10295936318,,,,,,,
1376,CAJAMARCA,"1,256,810.89",10/07/2009,10266989259,10266348563,10191893641,,,,,,
1377,CAJAMARCA,"512,364.95",03/07/2009,20496067615,,,,,,,,
1378,CAJAMARCA,"412,431.79",02/07/2009,10295936318,,,,,,,,
1379,CAJAMARCA,"1,248,140.43",22/06/2009,10266989259,10266348563,10191893641,,,,,,
1380,CAJAMARCA,"123,640.76",26/05/2009,20495775837,,,,,,,,
1381,CAJAMARCA,"688,816.25",14/04/2009,20274419637,,,,,,,,
1382,CAJAMARCA,"4,728,442.54",27/03/2009,20252530861,20507399534,,,,,,,
1383,CAJAMARCA,"483,194.73",10/03/2009,10295936318,,,,,,,,
1384,CAJAMARCA,"216,757.68",19/02/2009,20453822061,,,,,,,,
1385,CAJAMARCA,"829,869.22",20/01/2009,20439867087,10266009807,,,,,,,
1386,CAJAMARCA,"555,556.50",26/11/2010,20398345453,20482328173,,,,,,,
1387,CAJAMARCA,"1,532,295.50",17/11/2010,20525517226,20398345453,10176407471,,,,,,
1388,CAJAMARCA,"6,652,090.92",19/10/2010,20470005565,20252530861,20507399534,,,,,,
1389,CAJAMARCA,"93,446.10",21/09/2010,20491744627,,,,,,,,
1390,CAJAMARCA,"4,864,524.89",21/09/2010,10102838721,10424363389,10026903608,10164082861,10266009807,20495787924,,,
1391,CAJAMARCA,"292,085.01",27/08/2010,10266105989,,,,,,,,
1392,CAJAMARCA,"790,605.64",15/07/2010,20508703911,20163906661,20503379521,,,,,,
1393,CAJAMARCA,"764,292.96",16/06/2010,20505096721,20495909621,,,,,,,
1394,CAJAMARCA,"398,154.30",11/06/2010,10266215512,,,,,,,,
1395,CAJAMARCA,"155,246.55",27/05/2010,20495730221,,,,,,,,
1396,CAJAMARCA,"107,531.00",27/05/2010,20495910807,,,,,,,,
1397,CAJAMARCA,"1,668,002.18",06/12/2011,10267053842,10266009807,20502837479,20439867087,,,,,
1398,CAJAMARCA,"1,861,468.84",22/11/2011,20102502001,,,,,,,,
1399,CAJAMARCA,"1,053,651.62",21/10/2011,20495792171,20441725931,20491744627,,,,,,
1400,CAJAMARCA,"4,697,025.74",20/10/2011,20543182274,20460678600,20489272467,20505885725,,,,,
1401,CAJAMARCA,"165,438.10",17/10/2011,20491608529,,,,,,,,
1402,CAJAMARCA,"28,872,301.74",20/09/2011,20535983829,20514023914,,,,,,,
1403,CAJAMARCA,"103,304.72",15/09/2011,20491635178,,,,,,,,
1404,CAJAMARCA,"59,352.80",15/09/2011,20529360127,,,,,,,,
1405,CAJAMARCA,"1,170,724.02",09/09/2011,20503993890,20513051833,,,,,,,
1406,CAJAMARCA,"280,985.21",19/08/2011,20491608529,,,,,,,,
1407,CAJAMARCA,"2,376,302.94",22/07/2011,20453833004,20148020966,,,,,,,
1408,CAJAMARCA,"36,164.51",28/06/2011,20495870589,,,,,,,,
1409,CAJAMARCA,"3,125,608.30",27/06/2011,20495656234,20495659179,10414384752,20495950264,20453705774,10421685253,,,
1410,CAJAMARCA,"1,536,524.00",16/06/2011,20525500501,20484048712,20525327362,,,,,,
1411,CAJAMARCA,"826,401.37",21/03/2011,20102502001,,,,,,,,
1412,CAJAMARCA,"974,428.99",06/12/2012,20480403496,20487611191,,,,,,,
1413,CAJAMARCA,"225,385.10",02/10/2012,20529419202,,,,,,,,
1414,CAJAMARCA,"427,481.59",07/09/2012,10266316998,,,,,,,,
1415,CAJAMARCA,"6,389,749.81",04/09/2012,20140404552,20127619965,,,,,,,
1416,CAJAMARCA,"712,481.24",13/07/2012,10421751621,,,,,,,,
1417,CAJAMARCA,"876,587.04",03/07/2012,20325976455,,,,,,,,
1418,CAJAMARCA,"740,533.12",03/07/2012,10193287374,,,,,,,,
1419,CAJAMARCA,"1,820,525.53",03/07/2012,20453627951,20501557227,20453766561,,,,,,
1420,CAJAMARCA,"3,164,391.44",25/06/2012,20512030204,20506426155,,,,,,,
1421,CAJAMARCA,"6,356,891.96",10/05/2012,20480919204,20483981202,,,,,,,
1422,CAJAMARCA,"551,936.35",15/10/2013,20138397352,,,,,,,,
1423,CAJAMARCA,"3,771,705.38",11/09/2013,20482680055,20324547399,20495665900,20326387593,20489522242,,,,
1424,CAJAMARCA,"995,614.45",10/09/2013,20453839037,20491744627,20495792171,,,,,,
1425,CAJAMARCA,"918,077.07",26/08/2013,20355337619,20491657902,,,,,,,
1426,CAJAMARCA,"438,996.90",13/08/2013,20491657902,,,,,,,,
1427,CAJAMARCA,"1,316,588.98",09/07/2013,20103639426,20487358194,,,,,,,
1428,CAJAMARCA,"3,014,382.78",03/07/2013,20487611191,20506426155,,,,,,,
1429,CAJAMARCA,"1,222,307.97",14/05/2013,20495995951,10414384752,,,,,,,
1430,CAJAMARCA,"7,517,973.00",12/12/2014,20393292637,20393230879,20352374963,,,,,,
1431,CAJAMARCA,"7,585,388.09",04/12/2014,20496021038,20559557511,10266009807,20363610936,,,,,
1432,CAJAMARCA,"68,781.20",23/09/2014,20477398023,,,,,,,,
1433,CAJAMARCA,"64,838.80",21/08/2014,20529492031,,,,,,,,
1434,CAJAMARCA,"7,073,503.56",06/08/2014,20453795153,20402986655,,,,,,,
1435,CAJAMARCA,"36,041.87",30/07/2014,20570678702,20570518501,,,,,,,
1436,CAJAMARCA,"7,603,003.91",21/07/2014,20546167241,20479771007,20136318323,,,,,,
1437,CAJAMARCA,"982,184.76",16/05/2014,10166599593,20488137639,20261682363,,,,,,
1438,CAJAMARCA,"3,853,169.69",05/03/2014,20381089721,20396652715,,,,,,,
1439,CAJAMARCA,"80,337,911.92",07/12/2015,20459107925,20548123888,,,,,,,
1440,CAJAMARCA,"5,124,296.07",11/09/2015,20529698918,20439639700,20529513641,20570885244,,,,,
1441,CAJAMARCA,"659,380.28",03/08/2016,20570531787,20228844251,,,,,,,
1442,CAJAMARCA,"556,440.48",29/12/2017,20570508297,20495896898,,,,,,,
1443,CAJAMARCA,"5,409,264.74",28/12/2017,20453649840,20570740866,20453653103,,,,,,
1444,CAJAMARCA,"12,357,269.75",27/12/2017,20529614081,20348938704,,,,,,,
1445,CAJAMARCA,"2,759,214.43",09/11/2017,10266989259,,,,,,,,
1446,CAJAMARCA,"793,730.91",03/11/2017,20601887526,20453767371,20570531787,,,,,,
1447,CAJAMARCA,"4,113,415.45",24/10/2017,20439639700,20600931041,20481908800,,,,,,
1448,CAJAMARCA,"3,016,500.00",24/10/2017,20570797388,20453795153,,,,,,,
1449,CAJAMARCA,"4,943,996.95",09/10/2017,20266458089,20488137639,,,,,,,
1450,CAJAMARCA,"784,394.00",03/10/2017,20570531787,20228844251,,,,,,,
1451,CAJAMARCA,"593,829.09",02/08/2017,20453807933,20495821537,,,,,,,
1452,CAJAMARCA,"1,746,500.00",19/07/2017,20570863194,20529308982,,,,,,,
1453,CAJAMARCA,"1,734,148.94",19/07/2017,20453649840,20495821961,,,,,,,
1454,CAJAMARCA,"785,684.35",28/06/2017,20495775837,20495724680,,,,,,,
1455,CAJAMARCA,"7,604,209.51",28/06/2017,10266009807,20529325488,20496021038,,,,,,
1456,CAJAMARCA,"2,087,294.37",26/06/2017,20600044207,20601649161,20453695957,,,,,,
1457,CAJAMARCA,"3,013,419.04",23/06/2017,10266009807,20491657902,,,,,,,
1458,CAJAMARCA,"3,182,681.99",21/06/2017,20453649840,20453688667,20601130522,,,,,,
1459,CAJAMARCA,"1,568,313.44",20/06/2017,20495888950,,,,,,,,
1460,CAJAMARCA,"3,202,289.63",05/04/2017,20325976455,,,,,,,,
1461,CAJAMARCA,"5,624,295.61",14/11/2018,20453795153,,,,,,,,
1462,CAJAMARCA,"924,339.32",05/11/2018,20570531787,20601264383,,,,,,,
1463,CAJAMARCA,"1,838,205.69",12/10/2018,20602013481,20495865747,,,,,,,
1464,CAJAMARCA,"6,253,779.22",06/09/2018,20453649840,20601130522,20453653103,,,,,,
1465,CAJAMARCA,"162,599,230.13",05/09/2018,20100151627,,,,,,,,
1466,CAJAMARCA,"917,215.75",08/06/2018,20453695957,20491635763,,,,,,,
1467,CAJAMARCA,"2,540,951.43",08/06/2018,20602926231,20495751229,,,,,,,
1468,CAJAMARCA,"2,313,565.03",08/06/2018,20484044997,20533923004,,,,,,,
1469,CAJAMARCA,"765,000.00",23/05/2018,20494163269,20602085237,,,,,,,
1470,CAJAMARCA,"1,638,878.62",17/05/2018,20600495772,20453795153,,,,,,,
1471,CAJAMARCA,"488,627.95",10/05/2018,10266009807,20529486902,,,,,,,
1472,CAJAMARCA,"5,151,511.43",27/03/2018,20495948871,20488040988,20601461634,,,,,,
1473,CAJAMARCA,"2,177,679.98",23/10/2019,20496021038,,,,,,,,
1474,CAJAMARCA,"6,080,782.43",11/10/2019,20496159811,,,,,,,,
1475,CAJAMARCA,"1,193,098.41",18/09/2019,20570531787,,,,,,,,
1476,CAJAMARCA,"563,843.32",23/07/2019,20529486902,20496014686,,,,,,,
1477,CAJAMARCA,"2,390,427.73",11/07/2019,20496159811,,,,,,,,
1478,CAJAMARCA,"363,620.06",10/12/2020,20453649840,20560107006,,,,,,,
1479,CAJAMARCA,"88,760,837.60",14/08/2020,20602340547,20601116082,,,,,,,
1480,CAJAMARCA,"3,436,780.60",07/08/2020,20529698918,20600381726,,,,,,,
1481,CAJAMARCA,"6,787,155.57",03/08/2020,20496014686,20529626330,,,,,,,
1482,CAJAMARCA,"7,449,323.31",31/07/2020,20529698918,20600381726,,,,,,,
1483,CAJAMARCA,"23,232,710.00",21/02/2022,20495865747,20600044207,,,,,,,
1484,CAJAMARCA,"5,282,234.59",03/11/2021,20496021038,20495865747,,,,,,,
1485,CAJAMARCA,"3,416,460.79",03/11/2021,20495865747,20601473454,,,,,,,
1486,CAJAMARCA,"9,167,870.71",30/06/2021,20529467606,20496159811,,,,,,,
1487,CAJAMARCA,"13,312,332.24",12/05/2021,20496159811,20529467606,,,,,,,
1488,CAJAMARCA,"5,844,271.84",17/02/2021,20481813841,,,,,,,,
1489,CAJAMARCA,"5,264,145.35",10/02/2021,20453627951,20495656234,,,,,,,
1490,CAJAMARCA,"5,469,568.23",09/08/2022,20529698918,20495999352,,,,,,,
1491,CAJAMARCA,"2,662,324.66",04/08/2022,20554659242,20535757811,,,,,,,
1492,CAJAMARCA,"522,049.82",26/07/2022,20495999352,,,,,,,,
1493,CAJAMARCA,"1,851,917.08",15/06/2022,20495751229,,,,,,,,
1494,CAJAMARCA,"4,527,100.96",05/05/2022,20355337619,20560107006,,,,,,,
1495,CAJAMARCA,"4,424,452.74",07/04/2022,20601525594,20453649840,,,,,,,
1496,CAJAMARCA,"2,768,559.75",14/03/2022,20529626330,20439586665,,,,,,,
1497,CAJAMARCA,"1,943,652.51",16/01/2024,20495751229,20610241191,,,,,,,
1498,CAJAMARCA,"25,129,588.77",21/12/2023,20496021038,20495865747,20611048735,,,,,,
1499,CAJAMARCA,"1,943,652.51",15/11/2023,20496159811,20603408692,,,,,,,
1500,CAJAMARCA,"5,202,458.94",10/11/2023,20496159811,20453689809,,,,,,,
1501,CAJAMARCA,"41,185,218.00",10/10/2023,20489627770,20542374218,,,,,,,
1502,CAJAMARCA,"988,413.89",10/10/2023,20609008602,20531406291,,,,,,,
1503,CAJAMARCA,"2,750,504.68",09/08/2023,10166907271,20570635647,,,,,,,
1504,CAJAMARCA,"22,785,900.18",14/07/2023,20481791422,20440439129,,,,,,,
1505,CAJAMARCA,"27,364,314.86",14/02/2025,20491552981,20570698304,,,,,,,
1506,CAJAMARCA,"4,877,273.54",11/12/2024,20609906066,20119756821,,,,,,,
1507,CAJAMARCA,"1,408,789.78",15/11/2024,20480188404,,,,,,,,
1508,CAJAMARCA,"6,764,290.45",30/10/2024,20451464567,20368833089,,,,,,,
1509,CAJAMARCA,"4,716,478.27",24/10/2024,20570740866,20600798937,,,,,,,
1510,CAJAMARCA,"31,981,270.28",11/10/2024,20491552981,20570698304,,,,,,,
1511,CAJAMARCA,"27,364,314.86",04/10/2024,20491552981,20570698304,,,,,,,
1512,CAJAMARCA,"9,500,000.00",10/09/2024,20570709861,20570690079,,,,,,,
1513,CAJAMARCA,"28,709,670.64",25/04/2024,20534166240,20570646681,,,,,,,
1514,CALLAO,"1,982,480.10",04/04/2007,20213444604,10094523929,,,,,,,
1515,CALLAO,"631,372.34",31/10/2006,20510992068,,,,,,,,
1516,CALLAO,"5,243,611.14",31/10/2006,20475990910,20506310360,20215342345,20383676411,20504383840,20502155637,,,
1517,CALLAO,"9,848.39",20/10/2006,10257171111,,,,,,,,
1518,CALLAO,"3,244,472.35",31/08/2006,20261001439,,,,,,,,
1519,CALLAO,"553,319.36",31/08/2006,20504709541,,,,,,,,
1520,CALLAO,"3,030,749.36",31/08/2006,20503965179,20301552115,20254813720,20503981298,,,,,
1521,CALLAO,"628,115.05",23/08/2006,20512448349,,,,,,,,
1522,CALLAO,"2,041,405.22",14/08/2006,20108397005,20531375981,10097515358,,,,,,
1523,CALLAO,"398,818.10",24/07/2006,20474312047,,,,,,,,
1524,CALLAO,"1,201,540.05",28/06/2006,20503981298,,,,,,,,
1525,CALLAO,"2,599,288.03",31/05/2006,20264545812,,,,,,,,
1526,CALLAO,"286,349.45",31/05/2006,20512419837,,,,,,,,
1527,CALLAO,"1,090,259.71",31/05/2006,20489409276,20511317038,,,,,,,
1528,CALLAO,"1,879,497.48",28/04/2006,10061635624,20511692556,,,,,,,
1529,CALLAO,"1,053,667.22",28/04/2006,20503981298,,,,,,,,
1530,CALLAO,"1,154,657.67",27/04/2006,20503981298,,,,,,,,
1531,CALLAO,"912,446.53",28/02/2006,10061635624,,,,,,,,
1532,CALLAO,"942,145.55",31/01/2006,20331876373,,,,,,,,
1533,CALLAO,"1,574,338.96",14/12/2007,20124474001,20494260388,20440220798,,,,,,
1534,CALLAO,"1,765,816.30",04/12/2007,20118271107,20336707618,20505026196,,,,,,
1535,CALLAO,"1,591,357.79",04/12/2007,20460420262,,,,,,,,
1536,CALLAO,"1,019,499.61",09/11/2007,20473377471,,,,,,,,
1537,CALLAO,"3,966,486.30",29/10/2007,10072222801,20101884407,20507983481,,,,,,
1538,CALLAO,"3,647,538.09",29/10/2007,20112182021,,,,,,,,
1539,CALLAO,"976,197.81",02/10/2007,10103203576,,,,,,,,
1540,CALLAO,"2,872,173.66",25/06/2007,20503981298,,,,,,,,
1541,CALLAO,"231,999.00",12/04/2007,10296187858,,,,,,,,
1542,CALLAO,"943,302.36",04/04/2007,10094523929,,,,,,,,
1543,CALLAO,"1,689,681.75",04/04/2007,20503981298,10257778113,,,,,,,
1544,CALLAO,"7,565,072.01",30/12/2008,20511876282,20100620805,,,,,,,
1545,CALLAO,"3,661,647.40",18/11/2008,20505026196,,,,,,,,
1546,CALLAO,"8,739,089.77",18/11/2008,10078495451,20512158189,20475990910,20508794968,10083126324,,,,
1547,CALLAO,"85,935.00",14/11/2008,20515514351,,,,,,,,
1548,CALLAO,"7,565,072.01",05/09/2008,20171368368,20100620805,,,,,,,
1549,CALLAO,"745,453.08",05/09/2008,20512419837,,,,,,,,
1550,CALLAO,"2,388,698.53",05/09/2008,20336707618,20503993890,,,,,,,
1551,CALLAO,"1,249,528.60",05/09/2008,20336707618,20503993890,,,,,,,
1552,CALLAO,"1,200,027.32",04/09/2008,20335069537,10257778113,,,,,,,
1553,CALLAO,"1,147,082.36",25/07/2008,10079639937,20505566468,,,,,,,
1554,CALLAO,"1,535,336.55",25/07/2008,10079639937,20505566468,,,,,,,
1555,CALLAO,"1,576,367.25",25/06/2008,10081870492,20517705102,,,,,,,
1556,CALLAO,"998,911.75",25/06/2008,20426128803,,,,,,,,
1557,CALLAO,"2,847,172.00",23/06/2008,20263765134,20268887785,,,,,,,
1558,CALLAO,"2,382,581.88",23/06/2008,20503981298,10257778113,,,,,,,
1559,CALLAO,"2,642,458.66",02/04/2008,20425648340,20505026196,,,,,,,
1560,CALLAO,"949,453.50",01/04/2008,20416848875,,,,,,,,
1561,CALLAO,"898,625.13",26/02/2008,20512419837,,,,,,,,
1562,CALLAO,"1,271,475.58",31/01/2008,20264545812,,,,,,,,
1563,CALLAO,"1,440,243.20",21/12/2009,20131031867,,,,,,,,
1564,CALLAO,"1,786,879.30",21/12/2009,20507991662,20391712361,,,,,,,
1565,CALLAO,"2,084,328.01",21/12/2009,20131031867,,,,,,,,
1566,CALLAO,"2,029,549.33",17/12/2009,20508794968,20512158189,,,,,,,
1567,CALLAO,"1,658,706.93",17/12/2009,20508794968,20512158189,,,,,,,
1568,CALLAO,"3,667,687.38",05/11/2009,20148020966,20502397568,,,,,,,
1569,CALLAO,"471,695.78",28/10/2009,20503900395,,,,,,,,
1570,CALLAO,"4,707,591.00",22/10/2009,20486463440,20522507734,,,,,,,
1571,CALLAO,"5,402,362.00",28/08/2009,20256388082,20506931551,,,,,,,
1572,CALLAO,"4,610,012.00",27/08/2009,20267815667,,,,,,,,
1573,CALLAO,"1,293,256.06",19/08/2009,10069750911,20416848875,,,,,,,
1574,CALLAO,"2,119,666.04",17/08/2009,20148020966,,,,,,,,
1575,CALLAO,"2,739,361.28",07/08/2009,20396889995,20440220798,20481919089,,,,,,
1576,CALLAO,"4,261,673.04",06/08/2009,20503993890,,,,,,,,
1577,CALLAO,"3,958,905.84",04/08/2009,20277572517,,,,,,,,
1578,CALLAO,"1,293,725.75",07/07/2009,20501958302,,,,,,,,
1579,CALLAO,"2,520,235.75",09/06/2009,20264545812,,,,,,,,
1580,CALLAO,"1,554,905.11",21/05/2009,20108026104,20515568281,20440492283,,,,,,
1581,CALLAO,"2,301,991.96",27/03/2009,20512419837,20503981298,,,,,,,
1582,CALLAO,"603,495.91",12/02/2009,20492575381,,,,,,,,
1583,CALLAO,"918,707.69",06/02/2009,20416848875,,,,,,,,
1584,CALLAO,"1,697,718.59",11/03/2011,20512419837,,,,,,,,
1585,CALLAO,"1,025,447.34",30/12/2010,10257778113,20422894854,,,,,,,
1586,CALLAO,"1,126,578.53",28/12/2010,20422894854,20512302484,,,,,,,
1587,CALLAO,"282,208.39",28/12/2010,20512302484,20422894854,,,,,,,
1588,CALLAO,"394,655.69",20/08/2010,20508766590,,,,,,,,
1589,CALLAO,"1,768,720.49",18/08/2010,20131031867,,,,,,,,
1590,CALLAO,"1,439,463.05",16/08/2010,20470005565,20522770516,20524570255,,,,,,
1591,CALLAO,"1,768,720.49",19/07/2010,20505026196,20522243494,,,,,,,
1592,CALLAO,"2,283,535.77",18/06/2010,10257778113,,,,,,,,
1593,CALLAO,"521,945.04",30/04/2010,20512419837,,,,,,,,
1594,CALLAO,"1,840,500.00",22/04/2010,20524078342,10067714968,20505566468,,,,,,
1595,CALLAO,"1,029,575.91",19/04/2010,20512419837,,,,,,,,
1596,CALLAO,"355,712,377.54",01/03/2010,20346814731,20110522151,,,,,,,
1597,CALLAO,"179,419.71",10/02/2012,20516365201,,,,,,,,
1598,CALLAO,"168,121.11",10/02/2012,20516365201,,,,,,,,
1599,CALLAO,"179,829.82",10/02/2012,20535803600,,,,,,,,
1600,CALLAO,"179,977.43",10/02/2012,20516365201,,,,,,,,
1601,CALLAO,"1,454,269.16",26/12/2011,20502397568,,,,,,,,
1602,CALLAO,"177,579.60",16/12/2011,20535803600,,,,,,,,
1603,CALLAO,"170,322.02",15/12/2011,20534001593,20529129891,,,,,,,
1604,CALLAO,"172,990.22",15/12/2011,20534001593,20529129891,,,,,,,
1605,CALLAO,"3,670,000.00",14/12/2011,20512419837,,,,,,,,
1606,CALLAO,"4,292,373.72",01/12/2011,10085907676,20298049822,,,,,,,
1607,CALLAO,"4,482,308.46",30/11/2011,10085907676,20505026196,,,,,,,
1608,CALLAO,"424,772.83",29/11/2011,20514481891,20494857783,,,,,,,
1609,CALLAO,"239,268.48",25/11/2011,20516728362,20537268795,,,,,,,
1610,CALLAO,"286,090.43",25/11/2011,10257778113,,,,,,,,
1611,CALLAO,"178,261.38",24/11/2011,20300116192,,,,,,,,
1612,CALLAO,"176,013.22",24/11/2011,20300116192,,,,,,,,
1613,CALLAO,"179,761.86",23/11/2011,20300116192,,,,,,,,
1614,CALLAO,"4,641,382.68",18/11/2011,20502397568,20508794968,,,,,,,
1615,CALLAO,"3,312,476.07",18/11/2011,20451502329,20480452861,20503993890,,,,,,
1616,CALLAO,"3,376,605.33",16/11/2011,20505026196,20298049822,,,,,,,
1617,CALLAO,"179,814.46",09/11/2011,20544411269,20300116192,,,,,,,
1618,CALLAO,"162,877.78",08/11/2011,20300116192,20544411269,,,,,,,
1619,CALLAO,"177,932.18",04/11/2011,20544411269,20300116192,,,,,,,
1620,CALLAO,"1,249,451.54",18/10/2011,20514944319,,,,,,,,
1621,CALLAO,"3,598,930.21",14/10/2011,20140476545,,,,,,,,
1622,CALLAO,"797,828.57",06/10/2011,20512302484,20514481891,,,,,,,
1623,CALLAO,"3,040,000.00",04/10/2011,20512419837,,,,,,,,
1624,CALLAO,"1,242,428.27",04/10/2011,20103043264,20392938380,,,,,,,
1625,CALLAO,"2,460,647.00",29/09/2011,20514405442,20503471257,,,,,,,
1626,CALLAO,"228,445.82",27/09/2011,20512302484,,,,,,,,
1627,CALLAO,"1,177,522.00",14/09/2011,20544461363,20144691173,,,,,,,
1628,CALLAO,"210,436.60",13/09/2011,20512302484,,,,,,,,
1629,CALLAO,"215,646.23",06/09/2011,20512302484,,,,,,,,
1630,CALLAO,"213,022.95",25/08/2011,20512302484,,,,,,,,
1631,CALLAO,"204,882.35",25/08/2011,20512302484,,,,,,,,
1632,CALLAO,"2,900,342.73",22/08/2011,20103349932,20451502329,,,,,,,
1633,CALLAO,"1,162,384.05",25/07/2011,20506003351,20507696741,,,,,,,
1634,CALLAO,"4,487,686.00",25/07/2011,20505026196,20260933419,,,,,,,
1635,CALLAO,"8,600,000.00",25/07/2011,20503981298,20512419837,,,,,,,
1636,CALLAO,"142,731.88",22/07/2011,20300116192,,,,,,,,
1637,CALLAO,"2,479,125.41",21/07/2011,20505026196,20508108444,,,,,,,
1638,CALLAO,"174,548.58",20/07/2011,20300116192,,,,,,,,
1639,CALLAO,"117,538.39",20/07/2011,20300116192,,,,,,,,
1640,CALLAO,"5,749,085.93",05/07/2011,20502397568,,,,,,,,
1641,CALLAO,"524,057.22",24/06/2011,20260933419,,,,,,,,
1642,CALLAO,"8,001,946.24",12/05/2011,10083126324,20512158189,20508794968,,,,,,
1643,CALLAO,"4,172,698.56",11/04/2011,10103154931,20506812462,10257778113,,,,,,
1644,CALLAO,"3,186,383.58",11/04/2011,10214548556,20505026196,20471553639,,,,,,
1645,CALLAO,"2,180,180.31",07/04/2011,10103154931,20506812462,10257778113,,,,,,
1646,CALLAO,"3,661,125.01",31/03/2011,20502397568,,,,,,,,
1647,CALLAO,"321,575.96",31/03/2011,20383776806,20422894854,,,,,,,
1648,CALLAO,"436,913.08",31/03/2011,20450460363,20155887134,,,,,,,
1649,CALLAO,"449,234.66",31/03/2011,20155887134,,,,,,,,
1650,CALLAO,"3,380,000.00",29/03/2011,20503471257,20514405442,,,,,,,
1651,CALLAO,"609,345.00",28/03/2011,20144691173,,,,,,,,
1652,CALLAO,"7,909,712.81",28/12/2012,10083126324,20512158189,,,,,,,
1653,CALLAO,"2,250,000.00",26/12/2012,20477902635,20512419837,,,,,,,
1654,CALLAO,"2,970,509.48",19/12/2012,20164483895,,,,,,,,
1655,CALLAO,"2,778,066.47",26/10/2012,20548294003,20503950228,,,,,,,
1656,CALLAO,"3,755,339.38",09/10/2012,20342883304,20350257668,20478158867,,,,,,
1657,CALLAO,"3,589,781.86",12/09/2012,20502397568,,,,,,,,
1658,CALLAO,"4,433,048.42",12/09/2012,20505026196,20260933419,,,,,,,
1659,CALLAO,"108,663.37",05/09/2012,20260933419,20451596471,,,,,,,
1660,CALLAO,"134,784.39",04/09/2012,20260933419,20451596471,,,,,,,
1661,CALLAO,"680,570.48",08/08/2012,20392938380,,,,,,,,
1662,CALLAO,"468,931.59",06/08/2012,20416167509,20515711008,,,,,,,
1663,CALLAO,"430,423.13",03/08/2012,20416167509,20515711008,20478091771,,,,,,
1664,CALLAO,"357,922.00",12/07/2012,20548169012,20502155637,,,,,,,
1665,CALLAO,"3,507,903.68",25/05/2012,10081474881,20100677408,20513145731,,,,,,
1666,CALLAO,"302,696.05",25/05/2012,20269085828,,,,,,,,
1667,CALLAO,"1,349,213.68",18/05/2012,10087027304,20344955051,,,,,,,
1668,CALLAO,"254,310.93",17/05/2012,20451596471,20512302484,,,,,,,
1669,CALLAO,"269,623.23",17/05/2012,20451596471,20512302484,,,,,,,
1670,CALLAO,"222,921.72",08/05/2012,20260933419,,,,,,,,
1671,CALLAO,"272,812.32",08/05/2012,20528950222,,,,,,,,
1672,CALLAO,"318,215.46",07/05/2012,20528950222,,,,,,,,
1673,CALLAO,"5,953,400.60",03/05/2012,20232650444,20503578485,20523617614,20140404552,,,,,
1674,CALLAO,"329,268.78",30/03/2012,20512419837,,,,,,,,
1675,CALLAO,"196,945.54",29/03/2012,20451596471,20512302484,,,,,,,
1676,CALLAO,"240,621.75",28/03/2012,20512302484,20512302484,,,,,,,
1677,CALLAO,"365,328.76",28/03/2012,20507197311,20493043073,,,,,,,
1678,CALLAO,"242,481.23",27/03/2012,20416087653,20515509861,,,,,,,
1679,CALLAO,"179,922.74",27/03/2012,20544156722,20512302484,,,,,,,
1680,CALLAO,"192,732.79",15/03/2012,20512302484,20451596471,,,,,,,
1681,CALLAO,"1,272,000.00",14/03/2012,20502457056,,,,,,,,
1682,CALLAO,"176,140.76",13/03/2012,20544411269,20300116192,,,,,,,
1683,CALLAO,"159,374.03",13/03/2012,20451596471,20512302484,,,,,,,
1684,CALLAO,"219,945.29",12/03/2012,20524038553,,,,,,,,
1685,CALLAO,"1,550,767.82",07/03/2012,20513145731,20100677408,,,,,,,
1686,CALLAO,"27,941,422.00",02/03/2012,20502155637,20383676411,20215342345,20512158189,20508794968,,,,
1687,CALLAO,"209,748.00",02/03/2012,20525052088,20493043073,,,,,,,
1688,CALLAO,"1,282,043.77",02/03/2012,20471553639,,,,,,,,
1689,CALLAO,"255,673.44",28/02/2012,20512302484,20451596471,,,,,,,
1690,CALLAO,"251,338.74",27/02/2012,20535803600,,,,,,,,
1691,CALLAO,"1,639,917.57",24/02/2012,20383776806,10061635624,20422894854,,,,,,
1692,CALLAO,"1,914,073.66",24/02/2012,10061635624,20383776806,20422894854,,,,,,
1693,CALLAO,"1,443,658.63",22/02/2012,10061635624,20383776806,20422894854,,,,,,
1694,CALLAO,"230,518.81",22/02/2012,20494857864,,,,,,,,
1695,CALLAO,"165,729.58",17/02/2012,20544411269,20300116192,,,,,,,
1696,CALLAO,"162,058.62",16/02/2012,20544411269,20300116192,,,,,,,
1697,CALLAO,"238,041.26",15/02/2012,20528950222,,,,,,,,
1698,CALLAO,"2,536,312.47",30/01/2012,20155887134,20514944319,,,,,,,
1699,CALLAO,"214,362.59",27/01/2012,20502457056,,,,,,,,
1700,CALLAO,"1,120,000.00",10/01/2012,20503471257,20514405442,,,,,,,
1701,CALLAO,"572,599.33",04/08/2014,20232650444,,,,,,,,
1702,CALLAO,"1,787,235.43",25/11/2013,20392938380,,,,,,,,
1703,CALLAO,"316,028.28",19/11/2013,20523070071,20232650444,,,,,,,
1704,CALLAO,"489,085.67",19/11/2013,20523070071,20232650444,,,,,,,
1705,CALLAO,"381,028.12",19/11/2013,20523070071,20232650444,,,,,,,
1706,CALLAO,"403,121.00",22/10/2013,20392938380,,,,,,,,
1707,CALLAO,"417,304.84",22/10/2013,20392938380,,,,,,,,
1708,CALLAO,"458,431.64",22/10/2013,20523070071,20232650444,,,,,,,
1709,CALLAO,"360,775.81",22/10/2013,20523070071,20232650444,,,,,,,
1710,CALLAO,"1,741,930.27",28/08/2013,20512419837,,,,,,,,
1711,CALLAO,"7,940,478.60",08/08/2013,20140404552,20504718027,20232650444,,,,,,
1712,CALLAO,"6,183,958.06",12/07/2013,20508794968,,,,,,,,
1713,CALLAO,"302,755,404.46",04/07/2013,20166012687,20509656607,,,,,,,
1714,CALLAO,"188,309.31",21/06/2013,20195592200,,,,,,,,
1715,CALLAO,"2,621,071.04",20/06/2013,20508794968,,,,,,,,
1716,CALLAO,"410,976.30",14/06/2013,99000015241,,,,,,,,
1717,CALLAO,"430,778.22",30/05/2013,20512302484,20451596471,,,,,,,
1718,CALLAO,"32,403,000.00",08/03/2013,20536612972,20537169207,,,,,,,
1719,CALLAO,"467,403.44",19/02/2013,20392938380,,,,,,,,
1720,CALLAO,"1,258,722.13",13/02/2013,20505026196,,,,,,,,
1721,CALLAO,"1,458,171.70",25/01/2013,20171368368,20451502329,,,,,,,
1722,CALLAO,"273,851.10",20/05/2014,20513145731,,,,,,,,
1723,CALLAO,"488,450.84",01/04/2014,20342883304,20478158867,,,,,,,
1724,CALLAO,"360,851.80",01/04/2014,20516080206,,,,,,,,
1725,CALLAO,"252,305.37",01/04/2014,20516080206,,,,,,,,
1726,CALLAO,"252,305.37",01/04/2014,20516080206,,,,,,,,
1727,CALLAO,"353,884.37",21/02/2014,20487679748,20451502329,20555358335,,,,,,
1728,CALLAO,"372,797.67",21/02/2014,20487679748,20451502329,20555358335,,,,,,
1729,CALLAO,"374,848.59",21/02/2014,20342883304,20478158867,,,,,,,
1730,CALLAO,"362,966.84",21/02/2014,20487679748,20451502329,20555358335,,,,,,
1731,CALLAO,"374,774.12",21/02/2014,20487679748,20451502329,20555358335,,,,,,
1732,CALLAO,"355,242.93",21/02/2014,20512158189,,,,,,,,
1733,CALLAO,"370,740.06",21/02/2014,20512158189,,,,,,,,
1734,CALLAO,"353,421.79",21/02/2014,20512158189,,,,,,,,
1735,CALLAO,"350,128.42",21/02/2014,20512158189,,,,,,,,
1736,CALLAO,"193,727.88",13/02/2014,20232650444,,,,,,,,
1737,CALLAO,"377,540.27",13/02/2014,20232650444,,,,,,,,
1738,CALLAO,"2,133,581.21",28/01/2014,20503900395,,,,,,,,
1739,CALLAO,"392,507.97",21/01/2014,20489371791,,,,,,,,
1740,CALLAO,"399,902.18",21/01/2014,20489371791,,,,,,,,
1741,CALLAO,"420,521.43",21/01/2014,20489371791,,,,,,,,
1742,CALLAO,"408,376.48",21/01/2014,20529145404,,,,,,,,
1743,CALLAO,"430,054.42",21/01/2014,20529145404,,,,,,,,
1744,CALLAO,"376,533.47",21/01/2014,20555358335,,,,,,,,
1745,CALLAO,"352,579.19",21/01/2014,20555358335,,,,,,,,
1746,CALLAO,"397,842.22",21/01/2014,20529145404,,,,,,,,
1747,CALLAO,"998,000.00",26/11/2015,20478169559,20493043073,,,,,,,
1748,CALLAO,"1,692,592.63",02/09/2015,20523070071,20140404552,20232650444,,,,,,
1749,CALLAO,"2,213,000.00",09/06/2015,20553686432,20501522601,20556233331,,,,,,
1750,CALLAO,"906,000.00",08/04/2015,20493043073,20478169559,,,,,,,
1751,CALLAO,"3,624,700.00",23/12/2016,20501522601,20478169559,,,,,,,
1752,CALLAO,"2,286,991.71",20/12/2016,20232650444,20494341973,,,,,,,
1753,CALLAO,"2,298,339.74",20/12/2016,20501522601,20601675383,20556233331,,,,,,
1754,CALLAO,"308,885.05",28/09/2016,20478169559,,,,,,,,
1755,CALLAO,"310,031.55",27/09/2016,20555358335,,,,,,,,
1756,CALLAO,"324,614.68",27/09/2016,20555358335,,,,,,,,
1757,CALLAO,"11,177,275.10",07/06/2016,20494535409,20508794968,,,,,,,
1758,CALLAO,"2,843,962.56",29/12/2017,20556233331,20493043073,,,,,,,
1759,CALLAO,"2,964,798.79",28/12/2017,20563678292,10081870492,,,,,,,
1760,CALLAO,"3,308,543.91",26/12/2017,20530936555,20601013119,,,,,,,
1761,CALLAO,"16,231,617.81",21/12/2017,20601169941,99000019701,20600689020,,,,,,
1762,CALLAO,"354,584.43",27/03/2017,20342883304,,,,,,,,
1763,CALLAO,"3,274,463.55",06/12/2018,20493043073,20478169559,,,,,,,
1764,CALLAO,"58,927,900.74",26/10/2018,20545730490,20600509111,,,,,,,
1765,CALLAO,"8,833,643.93",07/07/2020,20478157976,,,,,,,,
1766,CALLAO,"8,663,468.84",06/11/2019,20511317038,20571493374,,,,,,,
1767,CALLAO,"5,797,841.70",06/11/2019,20516080206,20478157976,20493043073,20522385442,,,,,
1768,CALLAO,"10,053,223.95",25/07/2019,20516080206,20493043073,,,,,,,
1769,CALLAO,"278,000.00",30/12/2020,20496183011,20602181139,,,,,,,
1770,CALLAO,"3,063,034.39",16/12/2020,20516080206,,,,,,,,
1771,CALLAO,"8,811,513.45",15/12/2020,20603613474,,,,,,,,
1772,CALLAO,"582,090.81",04/12/2020,20335343701,,,,,,,,
1773,CALLAO,"10,678,710.54",23/11/2020,20476423539,,,,,,,,
1774,CALLAO,"1,029,642.11",10/11/2020,20525051782,20493043073,,,,,,,
1775,CALLAO,"1,635,737.58",29/10/2020,20521401703,,,,,,,,
1776,CALLAO,"1,131,258.18",12/10/2020,20261295246,,,,,,,,
1777,CALLAO,"128,764.49",07/10/2020,20571493374,,,,,,,,
1778,CALLAO,"11,484,871.17",30/09/2020,20491305542,20552671628,,,,,,,
1779,CALLAO,"2,573,754.55",08/09/2020,20478169559,20525089917,,,,,,,
1780,CALLAO,"555,393.05",27/08/2020,20563329107,,,,,,,,
1781,CALLAO,"29,668,033.02",18/01/2022,20600655095,20603613474,,,,,,,
1782,CALLAO,"410,877.69",28/12/2021,20489665604,20489539137,,,,,,,
1783,CALLAO,"442,697.85",13/12/2021,20534004185,,,,,,,,
1784,CALLAO,"116,308,466.02",07/12/2021,20296637697,20602979173,,,,,,,
1785,CALLAO,"1,292,785.59",19/10/2021,20543060918,,,,,,,,
1786,CALLAO,"410,708.77",12/10/2021,20507503889,,,,,,,,
1787,CALLAO,"1,769,925.29",12/10/2021,20546240852,,,,,,,,
1788,CALLAO,"737,064.89",30/09/2021,20543060918,,,,,,,,
1789,CALLAO,"1,407,148.99",06/09/2021,20601500648,20521401703,,,,,,,
1790,CALLAO,"1,774,586.32",16/07/2021,20493043073,20525089917,,,,,,,
1791,CALLAO,"101,198.66",11/06/2021,20335343701,,,,,,,,
1792,CALLAO,"1,142,090.68",26/05/2021,20261295246,,,,,,,,
1793,CALLAO,"1,475,659.75",21/05/2021,20506003351,,,,,,,,
1794,CALLAO,"134,696.30",09/04/2021,20493043073,,,,,,,,
1795,CALLAO,"2,055,201.65",30/03/2021,20513051833,,,,,,,,
1796,CALLAO,"1,475,659.75",10/03/2021,20547896026,,,,,,,,
1797,CALLAO,"2,140,278.37",16/12/2022,20232650444,,,,,,,,
1798,CALLAO,"1,150,000.00",11/11/2022,20517623394,20607284033,,,,,,,
1799,CALLAO,"2,716,759.62",07/11/2022,20478169559,,,,,,,,
1800,CALLAO,"32,443,870.01",23/09/2022,20486960401,,,,,,,,
1801,CALLAO,"383,562.99",22/09/2022,20493043073,,,,,,,,
1802,CALLAO,"2,726,512.22",08/09/2022,20553668027,10232487149,,,,,,,
1803,CALLAO,"10,962,760.69",28/06/2022,20173126345,,,,,,,,
1804,CALLAO,"1,012,491.01",12/05/2022,20379560742,,,,,,,,
1805,CALLAO,"421,547.38",16/03/2022,10086203753,20451738284,,,,,,,
1806,CALLAO,"2,435,475.42",28/02/2022,20478169559,20493043073,,,,,,,
1807,CALLAO,"16,286,618.15",23/02/2022,20508794968,,,,,,,,
1808,CALLAO,"11,890,891.81",27/01/2022,20501581951,20503953839,20553453845,,,,,,
1809,CALLAO,"1,325,234.91",26/01/2022,20547097069,,,,,,,,
1810,CALLAO,"1,987,742.79",05/12/2023,20451624432,20523071042,,,,,,,
1811,CALLAO,"6,990,831.97",05/12/2023,20131031867,,,,,,,,
1812,CALLAO,"5,699,479.63",05/12/2023,20559507769,20445461084,,,,,,,
1813,CALLAO,"4,687,478.39",26/10/2023,20523071042,,,,,,,,
1814,CALLAO,"9,620,302.62",27/09/2023,20550823676,,,,,,,,
1815,CALLAO,"3,833,669.48",26/09/2023,20605584544,,,,,,,,
1816,CALLAO,"11,641,167.19",15/09/2023,20523071042,,,,,,,,
1817,CALLAO,"16,720,709.39",31/08/2023,20552270127,20556700487,,,,,,,
1818,CALLAO,"3,136,097.74",06/06/2023,20516080206,,,,,,,,
1819,CALLAO,"33,554,813.60",27/04/2023,20508794968,,,,,,,,
1820,CALLAO,"22,772,740.77",25/11/2024,20545316561,,,,,,,,
1821,CALLAO,"15,653,003.99",24/09/2024,20601460204,20609132079,,,,,,,
1822,CALLAO,"3,050,248.53",23/09/2024,20482817026,20481567549,,,,,,,
1823,CALLAO,"4,389,786.15",23/09/2024,20559507769,20482100580,,,,,,,
1824,CALLAO,"35,165,689.98",12/09/2024,20601595096,20523071042,,,,,,,
1825,CALLAO,"46,889,524.41",03/05/2024,20556700487,20552238665,,,,,,,
1826,CALLAO,"28,024,995.37",11/03/2024,20399019355,,,,,,,,
1827,CALLAO,"5,456,156.35",08/02/2024,20440439129,,,,,,,,
1828,CALLAO,"3,946,732.89",08/02/2024,20215462910,,,,,,,,
1829,CUSCO,"103,431.79",16/12/2005,20527269301,,,,,,,,
1830,CUSCO,"431,788.43",19/06/2007,20277722187,,,,,,,,
1831,CUSCO,"542,836.91",19/06/2007,10004760617,,,,,,,,
1832,CUSCO,"1,308,934.15",19/06/2007,20311657250,20277722187,,,,,,,
1833,CUSCO,"1,578,326.79",19/06/2007,20277977509,,,,,,,,
1834,CUSCO,"751,879.38",19/06/2007,20398211414,,,,,,,,
1835,CUSCO,"3,219,785.53",13/10/2008,20506606722,20514990183,20279551932,,,,,,
1836,CUSCO,"1,881,511.59",26/09/2008,20145769249,20513525304,20125752200,,,,,,
1837,CUSCO,"1,342,049.14",02/09/2008,10004760617,,,,,,,,
1838,CUSCO,"1,022,471.66",13/08/2008,10096497275,,,,,,,,
1839,CUSCO,"1,015,456.14",22/07/2008,20526946473,,,,,,,,
1840,CUSCO,"24,204,877.91",10/06/2008,20100180058,20475262647,20102297581,,,,,,
1841,CUSCO,"13,691,900.65",03/04/2008,10282902082,,,,,,,,
1842,CUSCO,"2,121,750.64",11/12/2009,20344483702,20527026238,,,,,,,
1843,CUSCO,"2,005,991.62",11/12/2009,20344483702,20527026238,,,,,,,
1844,CUSCO,"51,122,233.73",17/03/2010,20102297581,20475262647,,,,,,,
1845,CUSCO,"7,897,966.88",28/05/2012,20531010036,20534100494,20533916211,,,,,,
1846,CUSCO,"3,636,158.58",16/02/2012,20516765641,20519345634,20533916211,,,,,,
1847,CUSCO,"2,640,680.82",06/01/2012,20399678553,20399836213,,,,,,,
1848,CUSCO,"2,272,093.83",09/12/2011,20519627371,10239202182,10247139945,,,,,,
1849,CUSCO,"2,640,680.82",28/10/2011,20470005565,20527805431,,,,,,,
1850,CUSCO,"3,636,158.58",24/10/2011,20519345634,20533916211,,,,,,,
1851,CUSCO,"1,765,785.18",20/10/2011,20507317660,20386795623,20392599402,,,,,,
1852,CUSCO,"2,092,156.65",19/10/2011,20399678553,20399836213,,,,,,,
1853,CUSCO,"881,732.97",14/10/2011,20526946473,,,,,,,,
1854,CUSCO,"1,410,365.32",13/10/2011,20278872018,20279551932,20447023556,,,,,,
1855,CUSCO,"922,763.42",10/10/2011,20527026238,,,,,,,,
1856,CUSCO,"2,509,923.32",12/08/2011,10004760617,,,,,,,,
1857,CUSCO,"691,862.40",05/08/2011,20527657220,20357769150,,,,,,,
1858,CUSCO,"6,259,056.02",31/12/2012,10102838721,,,,,,,,
1859,CUSCO,"5,362,664.59",11/12/2012,20533983325,20534084197,20530709141,20534155710,,,,,
1860,CUSCO,"2,955,157.51",07/12/2012,10165052132,20551634052,20408509964,,,,,,
1861,CUSCO,"4,301,874.56",07/12/2012,20515568281,,,,,,,,
1862,CUSCO,"3,089,615.35",07/12/2012,20311657250,20341396442,,,,,,,
1863,CUSCO,"4,486,180.57",06/12/2012,10165052132,99000013508,20408509964,,,,,,
1864,CUSCO,"6,336,493.00",06/12/2012,10165052132,99000013508,20408509964,,,,,,
1865,CUSCO,"2,875,298.34",06/12/2012,20461192077,,,,,,,,
1866,CUSCO,"3,394,509.41",06/12/2012,10165052132,99000013508,20408509964,,,,,,
1867,CUSCO,"3,146,249.36",06/12/2012,20323041092,20530713254,20530715893,,,,,,
1868,CUSCO,"2,857,147.48",05/12/2012,10316779293,20516765641,20530969488,20519345634,,,,,
1869,CUSCO,"3,734,934.21",05/12/2012,10311866287,20311657250,20341396442,,,,,,
1870,CUSCO,"2,587,754.77",21/11/2012,20455539499,20311657250,,,,,,,
1871,CUSCO,"3,427,788.83",14/11/2012,20450507696,20519627371,10239202182,10247139945,,,,,
1872,CUSCO,"1,768,215.60",28/09/2012,10105503836,,,,,,,,
1873,CUSCO,"115,168.32",10/09/2012,20528036164,,,,,,,,
1874,CUSCO,"1,350,720.15",23/08/2012,20486666715,20487300609,,,,,,,
1875,CUSCO,"11,668,686.08",28/06/2012,20440492283,20516765641,20519345634,20515568281,20533916211,,,,
1876,CUSCO,"3,342,980.10",20/06/2012,20530588093,20482526561,20531703155,20511001235,,,,,
1877,CUSCO,"1,444,379.59",14/06/2012,20443261916,10404779627,20489960941,10096497275,,,,,
1878,CUSCO,"4,354,647.99",13/06/2012,20530709141,20534155710,20533983325,,,,,,
1879,CUSCO,"2,875,298.34",12/06/2012,20482526561,20506426155,,,,,,,
1880,CUSCO,"2,453,529.49",28/08/2013,20530732631,20521976510,20531044445,,,,,,
1881,CUSCO,"2,454,201.21",26/08/2013,20530824919,20531058233,20531010036,,,,,,
1882,CUSCO,"1,995,193.09",26/08/2013,20456091971,20400344800,20447983011,,,,,,
1883,CUSCO,"3,717,080.41",26/08/2013,20530732631,20534100222,20542059291,20531044445,,,,,
1884,CUSCO,"3,726,865.24",12/08/2013,20358000348,,,,,,,,
1885,CUSCO,"4,347,271.51",31/07/2013,10403312571,20461192077,,,,,,,
1886,CUSCO,"2,542,785.78",16/07/2013,20534070307,10316654083,20461192077,,,,,,
1887,CUSCO,"5,821,295.36",09/07/2013,20440492283,20515568281,,,,,,,
1888,CUSCO,"3,308,078.85",04/07/2013,20530732631,20488351398,20534070307,,,,,,
1889,CUSCO,"4,603,647.93",04/07/2013,10316654083,20461192077,,,,,,,
1890,CUSCO,"1,579,038.31",26/06/2013,20533654852,20533916211,,,,,,,
1891,CUSCO,"4,198,167.89",07/06/2013,10102838721,10164082861,,,,,,,
1892,CUSCO,"6,617,202.68",30/04/2013,20407941072,20531044445,20534100222,,,,,,
1893,CUSCO,"2,489,454.81",29/04/2013,20571258880,20534151307,20534142227,20542041910,,,,,
1894,CUSCO,"2,834,008.50",22/04/2013,20542041910,20534142227,20534151307,,,,,,
1895,CUSCO,"3,449,965.08",22/04/2013,20407857446,20530806341,20407981961,,,,,,
1896,CUSCO,"5,421,235.27",17/04/2013,20443261916,20341396442,,,,,,,
1897,CUSCO,"2,694,696.76",16/04/2013,20341396442,20443261916,10096497275,,,,,,
1898,CUSCO,"3,038,435.10",18/02/2013,20407769407,20534001593,,,,,,,
1899,CUSCO,"4,594,063.07",18/02/2013,10071936444,20548119937,99000007150,,,,,,
1900,CUSCO,"2,631,768.27",18/02/2013,20534001593,20407769407,,,,,,,
1901,CUSCO,"9,080,000.00",18/02/2013,99000007150,10071936444,20548119937,,,,,,
1902,CUSCO,"1,588,727.52",24/11/2015,10402806007,20443261916,20489980542,,,,,,
1903,CUSCO,"2,678,703.93",23/11/2015,20548123888,20553500860,,,,,,,
1904,CUSCO,"2,070,990.88",23/11/2015,20443261916,10402806007,20489980542,,,,,,
1905,CUSCO,"1,702,246.78",23/11/2015,20548123888,20109096785,,,,,,,
1906,CUSCO,"2,568,058.74",23/11/2015,20526887442,,,,,,,,
1907,CUSCO,"1,966,251.77",09/09/2015,20490197771,10402806007,20489980542,,,,,,
1908,CUSCO,"1,656,909.38",09/09/2015,20210651706,,,,,,,,
1909,CUSCO,"2,171,509.51",09/09/2015,20553500860,10099381243,20396779545,,,,,,
1910,CUSCO,"1,836,680.14",09/09/2015,20517230821,20452677921,,,,,,,
1911,CUSCO,"2,060,119.64",03/09/2015,20512030204,20490197771,10402806007,20489980542,,,,,
1912,CUSCO,"1,642,261.90",03/09/2015,20178080106,,,,,,,,
1913,CUSCO,"1,724,983.39",03/09/2015,20399836213,20527164207,,,,,,,
1914,CUSCO,"1,477,587.40",31/08/2015,10096497275,20443261916,,,,,,,
1915,CUSCO,"2,009,586.28",31/08/2015,20553500860,20565667671,20396779545,,,,,,
1916,CUSCO,"1,852,598.08",31/08/2015,20527164207,20399836213,,,,,,,
1917,CUSCO,"3,055,918.51",10/12/2014,20526887442,,,,,,,,
1918,CUSCO,"2,215,201.05",10/12/2014,20461112227,20537532212,20563330881,,,,,,
1919,CUSCO,"2,251,479.87",10/12/2014,20526887442,,,,,,,,
1920,CUSCO,"2,080,735.00",10/12/2014,20526946473,20491103834,20494299161,,,,,,
1921,CUSCO,"1,710,000.00",05/12/2014,20526946473,20494299161,20491103834,,,,,,
1922,CUSCO,"1,540,000.00",05/12/2014,20526946473,20494299161,20491103834,,,,,,
1923,CUSCO,"2,390,967.32",25/11/2014,20527164207,20399836213,,,,,,,
1924,CUSCO,"2,344,463.44",25/11/2014,20527164207,20399836213,,,,,,,
1925,CUSCO,"2,010,460.22",24/11/2014,20526894651,20526887442,,,,,,,
1926,CUSCO,"1,887,004.11",24/11/2014,20450269060,20526887442,,,,,,,
1927,CUSCO,"148,900.15",04/11/2014,20564189112,20563861909,,,,,,,
1928,CUSCO,"1,725,350.17",30/09/2014,20491178508,20450634612,,,,,,,
1929,CUSCO,"1,781,755.67",30/09/2014,20491178508,20450634612,,,,,,,
1930,CUSCO,"1,728,822.72",30/09/2014,20450634612,,,,,,,,
1931,CUSCO,"1,405,272.92",30/09/2014,20450634612,,,,,,,,
1932,CUSCO,"1,553,137.53",30/09/2014,20450634612,20491178508,,,,,,,
1933,CUSCO,"1,570,286.38",30/09/2014,20491178508,20450634612,,,,,,,
1934,CUSCO,"1,837,950.61",30/09/2014,20526887442,20450269060,,,,,,,
1935,CUSCO,"1,731,661.50",30/09/2014,20450634612,,,,,,,,
1936,CUSCO,"1,541,628.01",30/09/2014,20450634612,,,,,,,,
1937,CUSCO,"1,978,058.82",30/12/2015,10402806007,20489980542,,,,,,,
1938,CUSCO,"2,059,826.12",30/12/2015,20527164207,20399836213,,,,,,,
1939,CUSCO,"1,586,377.03",21/12/2015,20526946473,10402806007,20489980542,,,,,,
1940,CUSCO,"3,729,291.13",11/12/2015,20347019624,20526894651,,,,,,,
1941,CUSCO,"2,175,050.69",26/11/2015,20490197771,10402806007,20489980542,,,,,,
1942,CUSCO,"2,195,685.36",26/11/2015,20526887442,,,,,,,,
1943,CUSCO,"5,071,544.53",25/11/2015,20101218172,20178080106,,,,,,,
1944,CUSCO,"2,214,794.23",25/11/2015,20494299161,20526946473,,,,,,,
1945,CUSCO,"9,069,910.00",13/05/2016,20100028698,,,,,,,,
1946,CUSCO,"10,445,985.00",11/05/2016,20100028698,,,,,,,,
1947,CUSCO,"6,995,690.76",26/10/2017,20341396442,20527164207,20399836213,,,,,,
1948,CUSCO,"2,921,057.00",26/10/2017,20447635080,,,,,,,,
1949,CUSCO,"4,163,258.40",24/10/2017,20527109362,,,,,,,,
1950,CUSCO,"1,581,221.27",10/09/2018,10215556641,20602327028,,,,,,,
1951,CUSCO,"1,688,038.04",10/09/2018,20527164207,,,,,,,,
1952,CUSCO,"2,641,283.53",07/09/2018,20490830252,20341396442,,,,,,,
1953,CUSCO,"1,708,629.11",07/09/2018,20519627371,10247139945,,,,,,,
1954,CUSCO,"1,904,654.00",06/09/2018,10238833561,20490348906,20527814261,,,,,,
1955,CUSCO,"1,835,960.22",03/09/2018,20563968029,20526894651,,,,,,,
1956,CUSCO,"2,519,548.87",29/08/2018,20602318193,20564435253,20489451558,,,,,,
1957,CUSCO,"2,772,636.70",29/08/2018,10247139945,20519627371,,,,,,,
1958,CUSCO,"2,485,225.07",23/09/2019,20210651706,,,,,,,,
1959,CUSCO,"2,466,637.19",20/09/2019,10004912557,20528036164,,,,,,,
1960,CUSCO,"3,031,633.92",20/09/2019,20399836213,,,,,,,,
1961,CUSCO,"2,328,387.91",20/09/2019,20527739030,20602318193,,,,,,,
1962,CUSCO,"3,924,461.41",17/09/2019,10475851531,20452677921,,,,,,,
1963,CUSCO,"2,532,153.90",15/10/2020,20490531425,20490348906,,,,,,,
1964,CUSCO,"25,112,630.53",07/08/2020,20358000348,,,,,,,,
1965,CUSCO,"25,191,267.21",21/03/2022,20525716342,,,,,,,,
1966,CUSCO,"18,963,473.27",21/03/2022,20525716342,,,,,,,,
1967,CUSCO,"13,892,462.32",21/03/2022,20525716342,,,,,,,,
1968,CUSCO,"12,665,576.51",21/03/2022,20525716342,,,,,,,,
1969,CUSCO,"15,979,861.16",01/03/2022,20525716342,,,,,,,,
1970,CUSCO,"17,397,878.46",01/03/2022,20525716342,,,,,,,,
1971,CUSCO,"6,478,703.73",01/03/2022,20525716342,,,,,,,,
1972,CUSCO,"19,932,041.93",01/03/2022,20525716342,,,,,,,,
1973,CUSCO,"2,724,180.45",23/08/2021,20547097069,20527942773,,,,,,,
1974,CUSCO,"3,294,847.50",21/07/2021,20524375631,20528003401,,,,,,,
1975,CUSCO,"9,343,694.08",16/03/2021,20527109362,,,,,,,,
1976,CUSCO,"5,062,287.46",16/11/2022,20601338361,,,,,,,,
1977,CUSCO,"2,542,803.00",19/10/2022,20523071042,20451624432,,,,,,,
1978,CUSCO,"2,557,457.80",14/10/2022,20494299161,,,,,,,,
1979,CUSCO,"18,094,452.10",14/03/2022,20564059171,20490197771,20601665591,,,,,,
1980,CUSCO,"14,632,803.52",07/03/2022,20452440912,20527164207,,,,,,,
1981,CUSCO,"22,912,749.99",29/12/2023,20600021045,20600160347,,,,,,,
1982,CUSCO,"6,010,980.46",22/12/2023,20148020966,,,,,,,,
1983,CUSCO,"20,580,719.00",21/11/2023,10238862570,,,,,,,,
1984,CUSCO,"15,844,667.05",03/11/2023,20600021045,20568992351,,,,,,,
1985,CUSCO,"2,648,351.64",23/10/2023,20541462644,,,,,,,,
1986,CUSCO,"2,536,482.35",20/10/2023,20341396442,20490183630,,,,,,,
1987,CUSCO,"1,979,675.29",19/10/2023,20486573113,20609023032,,,,,,,
1988,CUSCO,"2,776,305.00",19/10/2023,20527164207,20609736357,,,,,,,
1989,CUSCO,"6,169,521.32",21/09/2023,20534205831,20601292867,,,,,,,
1990,CUSCO,"10,696,095.23",20/09/2023,20489430399,20487176169,,,,,,,
1991,CUSCO,"16,450,294.95",25/05/2023,20489430399,,,,,,,,
1992,CUSCO,"2,268,401.80",25/11/2024,20527164207,,,,,,,,
1993,CUSCO,"56,401,048.65",30/10/2024,20611055944,20493537742,,,,,,,
1994,CUSCO,"15,401,635.03",23/08/2024,20489558433,20106758477,,,,,,,
1995,CUSCO,"2,446,470.64",10/07/2024,20559291901,20606079941,,,,,,,
1996,HUANCAVELICA,"650,243.91",30/12/2009,20407412592,10410713506,,,,,,,
1997,HUANCAVELICA,"796,968.60",30/12/2009,20486136830,,,,,,,,
1998,HUANCAVELICA,"446,455.92",30/12/2009,20486136830,,,,,,,,
1999,HUANCAVELICA,"273,000.00",30/12/2009,20452345766,20486812479,,,,,,,
2000,HUANCAVELICA,"42,070.44",09/12/2009,20506336831,,,,,,,,
2001,HUANCAVELICA,"149,627.98",24/02/2009,20287327162,,,,,,,,
2002,HUANCAVELICA,"1,003,711.21",09/12/2010,20541330730,20487272478,20100620805,,,,,,
2003,HUANCAVELICA,"934,760.92",07/12/2010,20365255688,20451961196,20494740673,,,,,,
2004,HUANCAVELICA,"287,294.64",07/12/2010,20486888963,,,,,,,,
2005,HUANCAVELICA,"289,081.60",07/12/2010,20494286778,20494740673,,,,,,,
2006,HUANCAVELICA,"1,331,823.12",23/11/2010,20341597260,20502810783,,,,,,,
2007,HUANCAVELICA,"774,761.40",23/11/2010,20502810783,20341597260,,,,,,,
2008,HUANCAVELICA,"987,135.66",08/09/2010,20486136830,,,,,,,,
2009,HUANCAVELICA,"307,473.90",26/07/2010,20486601346,,,,,,,,
2010,HUANCAVELICA,"1,027,818.28",01/06/2010,20337572121,20486888963,,,,,,,
2011,HUANCAVELICA,"894,707.17",01/06/2010,20494286778,20494740673,,,,,,,
2012,HUANCAVELICA,"4,755,139.33",01/06/2010,20487000044,20486120321,20503902410,20486156946,20486604876,20486987945,20486763753,20153413275,
2013,HUANCAVELICA,"1,453,457.63",31/05/2010,20452448069,20452440912,,,,,,,
2014,HUANCAVELICA,"2,028,168.62",18/05/2010,10292278336,20440492283,20515568281,,,,,,
2015,HUANCAVELICA,"1,198,522.06",20/04/2010,20117155677,20486172399,,,,,,,
2016,HUANCAVELICA,"164,425.76",05/04/2010,20319523015,20487216136,,,,,,,
2017,HUANCAVELICA,"1,722,363.44",10/03/2010,20252808656,20507294601,,,,,,,
2018,HUANCAVELICA,"1,565,009.02",10/03/2010,10076160312,,,,,,,,
2019,HUANCAVELICA,"240,944.35",08/03/2010,20485876741,,,,,,,,
2020,HUANCAVELICA,"874,575.84",05/03/2010,20470005565,10410713506,,,,,,,
2021,HUANCAVELICA,"1,371,663.51",02/02/2010,10404779627,20341396442,20489960941,10096497275,,,,,
2022,HUANCAVELICA,"1,653,000.50",01/02/2010,20527760071,20341396442,10096497275,10404779627,,,,,
2023,HUANCAVELICA,"342,603.89",05/07/2012,20487118631,,,,,,,,
2024,HUANCAVELICA,"143,445.19",05/07/2012,20486544369,,,,,,,,
2025,HUANCAVELICA,"1,236,013.29",24/02/2012,20494257590,20541517139,20486103079,,,,,,
2026,HUANCAVELICA,"1,874,657.99",20/12/2011,20281361296,,,,,,,,
2027,HUANCAVELICA,"5,970,616.35",19/12/2011,20534346655,20519701015,20494711908,,,,,,
2028,HUANCAVELICA,"1,519,279.52",15/12/2011,20495176291,20494711908,20519701015,,,,,,
2029,HUANCAVELICA,"2,671,466.92",06/12/2011,20186871864,20494947774,,,,,,,
2030,HUANCAVELICA,"2,814,313.88",29/11/2011,10200726877,20515294725,,,,,,,
2031,HUANCAVELICA,"1,576,753.34",28/11/2011,20452840775,20494341973,,,,,,,
2032,HUANCAVELICA,"197,698.10",23/11/2011,20494809975,,,,,,,,
2033,HUANCAVELICA,"2,012,801.73",07/11/2011,20486130718,20486111501,,,,,,,
2034,HUANCAVELICA,"1,923,812.88",07/11/2011,20153413275,20486763753,,,,,,,
2035,HUANCAVELICA,"1,648,134.64",07/11/2011,20101218172,20486845725,,,,,,,
2036,HUANCAVELICA,"302,900.00",28/10/2011,10200413224,10235576568,,,,,,,
2037,HUANCAVELICA,"126,051.33",27/10/2011,20494509319,,,,,,,,
2038,HUANCAVELICA,"74,044.35",27/10/2011,20487132544,,,,,,,,
2039,HUANCAVELICA,"1,814,725.10",29/09/2011,20541489682,20486997584,20486230933,20486572061,,,,,
2040,HUANCAVELICA,"1,191,117.69",28/09/2011,20487000397,10200413224,20541595792,,,,,,
2041,HUANCAVELICA,"1,534,042.39",28/09/2011,20486879972,20486558742,20541462644,20486999285,20486230933,,,,
2042,HUANCAVELICA,"1,936,160.63",27/09/2011,20452477671,10200388033,10200413224,,,,,,
2043,HUANCAVELICA,"14,962,729.72",05/09/2011,20100995108,,,,,,,,
2044,HUANCAVELICA,"1,850,131.87",05/09/2011,10200413224,20492197174,,,,,,,
2045,HUANCAVELICA,"97,000.00",25/08/2011,20494809975,,,,,,,,
2046,HUANCAVELICA,"171,122.54",23/08/2011,20487105067,,,,,,,,
2047,HUANCAVELICA,"476,358.11",17/08/2011,20503630827,,,,,,,,
2048,HUANCAVELICA,"969,226.49",16/08/2011,20486572061,,,,,,,,
2049,HUANCAVELICA,"299,411.59",16/08/2011,20486893029,,,,,,,,
2050,HUANCAVELICA,"171,293.54",08/08/2011,20494655994,,,,,,,,
2051,HUANCAVELICA,"84,000.00",05/08/2011,20494809975,,,,,,,,
2052,HUANCAVELICA,"181,274.36",03/08/2011,10200302988,,,,,,,,
2053,HUANCAVELICA,"91,999.98",03/08/2011,20401836471,20485967541,,,,,,,
2054,HUANCAVELICA,"1,937,226.74",26/07/2011,20374904401,20503630827,,,,,,,
2055,HUANCAVELICA,"114,740.29",19/07/2011,20452691753,20495046088,,,,,,,
2056,HUANCAVELICA,"176,716.80",19/07/2011,10198306270,,,,,,,,
2057,HUANCAVELICA,"303,948.86",19/07/2011,20494560420,,,,,,,,
2058,HUANCAVELICA,"177,342.09",19/07/2011,20495064574,20230965952,,,,,,,
2059,HUANCAVELICA,"178,825.73",19/07/2011,20486103079,,,,,,,,
2060,HUANCAVELICA,"298,379.79",19/07/2011,20486776901,20486466970,,,,,,,
2061,HUANCAVELICA,"181,308.92",12/07/2011,20568010575,20486756463,,,,,,,
2062,HUANCAVELICA,"309,817.45",12/07/2011,20486299038,20487297977,,,,,,,
2063,HUANCAVELICA,"325,092.88",12/07/2011,20486111501,,,,,,,,
2064,HUANCAVELICA,"105,780.32",11/07/2011,20452691753,20495046088,,,,,,,
2065,HUANCAVELICA,"104,359.29",11/07/2011,20401836471,20541489682,20485967541,,,,,,
2066,HUANCAVELICA,"188,400.62",10/06/2011,20541539531,20486026147,,,,,,,
2067,HUANCAVELICA,"314,260.63",10/06/2011,10215164701,20494509319,,,,,,,
2068,HUANCAVELICA,"194,945.80",10/06/2011,20486026147,20541539531,,,,,,,
2069,HUANCAVELICA,"200,042.18",06/06/2011,20494663741,,,,,,,,
2070,HUANCAVELICA,"197,425.80",06/06/2011,20486776901,,,,,,,,
2071,HUANCAVELICA,"347,003.72",06/06/2011,20494461791,10214023321,,,,,,,
2072,HUANCAVELICA,"183,693.02",06/06/2011,20486776901,,,,,,,,
2073,HUANCAVELICA,"353,081.44",02/06/2011,20125752200,10221853097,,,,,,,
2074,HUANCAVELICA,"109,664.83",02/06/2011,10220906758,20452691753,20495046088,,,,,,
2075,HUANCAVELICA,"173,640.56",02/06/2011,20494560772,10221853097,,,,,,,
2076,HUANCAVELICA,"173,449.69",02/06/2011,20486103079,,,,,,,,
2077,HUANCAVELICA,"399,789.44",02/06/2011,20494663741,,,,,,,,
2078,HUANCAVELICA,"119,997.64",02/06/2011,20486103079,,,,,,,,
2079,HUANCAVELICA,"543,789.13",02/06/2011,20520970704,,,,,,,,
2080,HUANCAVELICA,"103,663.14",02/06/2011,20541463969,20452258529,,,,,,,
2081,HUANCAVELICA,"104,689.00",02/06/2011,10235576568,,,,,,,,
2082,HUANCAVELICA,"334,012.16",02/06/2011,10214023321,20494461791,,,,,,,
2083,HUANCAVELICA,"335,076.18",02/06/2011,20494461791,10214023321,,,,,,,
2084,HUANCAVELICA,"117,455.39",01/06/2011,20494663741,,,,,,,,
2085,HUANCAVELICA,"258,768.80",23/05/2011,20515225839,20422018809,,,,,,,
2086,HUANCAVELICA,"2,186,372.97",29/11/2012,20276283970,20528927671,20393271044,,,,,,
2087,HUANCAVELICA,"708,232.10",26/11/2012,20494249813,10214140042,,,,,,,
2088,HUANCAVELICA,"1,098,488.90",14/11/2012,20253881438,,,,,,,,
2089,HUANCAVELICA,"1,218,877.45",14/11/2012,20253881438,,,,,,,,
2090,HUANCAVELICA,"2,013,165.34",09/11/2012,20452570531,20494951020,20452345766,20494386306,,,,,
2091,HUANCAVELICA,"1,229,348.75",09/11/2012,20486887568,20486774445,,,,,,,
2092,HUANCAVELICA,"2,236,948.50",09/11/2012,20253881438,,,,,,,,
2093,HUANCAVELICA,"4,267,481.10",09/11/2012,20253881438,,,,,,,,
2094,HUANCAVELICA,"1,811,029.02",08/11/2012,20253881438,,,,,,,,
2095,HUANCAVELICA,"2,365,617.64",08/11/2012,20503950228,20546099220,20486478803,,,,,,
2096,HUANCAVELICA,"2,471,470.32",08/11/2012,20253881438,,,,,,,,
2097,HUANCAVELICA,"2,085,095.65",08/11/2012,20253881438,,,,,,,,
2098,HUANCAVELICA,"901,511.62",31/10/2012,20486130718,,,,,,,,
2099,HUANCAVELICA,"154,365.95",29/10/2012,20494249813,,,,,,,,
2100,HUANCAVELICA,"2,523,168.85",29/10/2012,20494257590,20485878018,,,,,,,
2101,HUANCAVELICA,"283,338.83",29/10/2012,20494299161,,,,,,,,
2102,HUANCAVELICA,"157,344.00",29/10/2012,20534333596,20535746291,20485921398,,,,,,
2103,HUANCAVELICA,"283,278.00",25/10/2012,20535746291,20534333596,,,,,,,
2104,HUANCAVELICA,"2,792,826.74",17/10/2012,20568359624,20352374963,20486172399,,,,,,
2105,HUANCAVELICA,"876,066.14",17/09/2012,20486604876,20339480932,,,,,,,
2106,HUANCAVELICA,"922,642.44",13/09/2012,20339480932,20486604876,20101218172,,,,,,
2107,HUANCAVELICA,"841,789.07",13/09/2012,20486191857,20489522242,,,,,,,
2108,HUANCAVELICA,"3,116,693.51",12/09/2012,20494257590,20485897586,20486419971,,,,,,
2109,HUANCAVELICA,"2,379,745.92",04/09/2012,20568075944,20365298816,20485878018,,,,,,
2110,HUANCAVELICA,"1,744,900.22",03/09/2012,20486417766,20486572061,20486230933,,,,,,
2111,HUANCAVELICA,"2,005,617.29",03/09/2012,20494947774,10410713506,20534488522,,,,,,
2112,HUANCAVELICA,"1,412,045.27",27/08/2012,20542097621,20533945822,,,,,,,
2113,HUANCAVELICA,"5,789,774.98",13/08/2012,20494947774,20100450888,10410713506,,,,,,
2114,HUANCAVELICA,"5,419,711.56",10/07/2012,20494306124,20486717727,20486230933,20486572061,,,,,
2115,HUANCAVELICA,"2,049,809.41",25/06/2012,10410713506,20568010494,20452608520,,,,,,
2116,HUANCAVELICA,"990,774.34",19/06/2012,20452840775,20494341973,,,,,,,
2117,HUANCAVELICA,"2,868,196.51",08/05/2012,20486604876,20101218172,20339480932,,,,,,
2118,HUANCAVELICA,"1,356,687.00",27/04/2012,20452477671,20541521161,,,,,,,
2119,HUANCAVELICA,"3,671,475.07",28/02/2012,10061635624,20422894854,20393271044,,,,,,
2120,HUANCAVELICA,"5,677,917.97",23/02/2012,20439867087,20100620805,,,,,,,
2121,HUANCAVELICA,"1,073,709.45",17/02/2014,10061744024,20541470663,,,,,,,
2122,HUANCAVELICA,"5,912,653.77",12/02/2014,20568842112,20506298301,20541586530,,,,,,
2123,HUANCAVELICA,"2,920,518.07",24/12/2013,20494951020,20534666218,10215164701,20494386306,20494633834,,,,
2124,HUANCAVELICA,"810,449.16",18/12/2013,20486789558,20487253414,,,,,,,
2125,HUANCAVELICA,"1,730,744.46",11/12/2013,20494947774,20568703341,,,,,,,
2126,HUANCAVELICA,"1,134,000.00",04/12/2013,20568280106,20485878018,,,,,,,
2127,HUANCAVELICA,"1,333,744.38",03/12/2013,20486230933,,,,,,,,
2128,HUANCAVELICA,"947,307.81",28/11/2013,20486230933,20568133812,,,,,,,
2129,HUANCAVELICA,"1,222,298.40",28/11/2013,20486230933,20568133812,20568099533,,,,,,
2130,HUANCAVELICA,"1,544,912.28",14/11/2013,20486103079,,,,,,,,
2131,HUANCAVELICA,"9,387,528.47",31/10/2013,20574618020,20494854172,20495166733,20494947774,,,,,
2132,HUANCAVELICA,"1,943,322.51",31/10/2013,20281361296,,,,,,,,
2133,HUANCAVELICA,"3,716,594.03",25/10/2013,20546099220,20486478803,,,,,,,
2134,HUANCAVELICA,"1,073,589.58",25/10/2013,20486572061,,,,,,,,
2135,HUANCAVELICA,"2,871,197.22",25/10/2013,20486478803,20486157756,20486572061,,,,,,
2136,HUANCAVELICA,"16,342,776.54",22/10/2013,20483453362,20394882489,,,,,,,
2137,HUANCAVELICA,"1,792,881.90",16/10/2013,20489562627,20402277689,20487176169,20486404273,,,,,
2138,HUANCAVELICA,"2,184,724.32",02/08/2013,20494341973,20407412592,,,,,,,
2139,HUANCAVELICA,"548,103.37",21/06/2013,20494947774,,,,,,,,
2140,HUANCAVELICA,"1,437,900.12",21/06/2013,20494947774,20515430505,,,,,,,
2141,HUANCAVELICA,"1,026,007.17",21/06/2013,20164483895,,,,,,,,
2142,HUANCAVELICA,"1,457,470.95",03/06/2013,20486300575,20487240436,20486666715,,,,,,
2143,HUANCAVELICA,"2,842,211.64",23/05/2013,20486478803,,,,,,,,
2144,HUANCAVELICA,"3,485,573.92",14/05/2013,20568404867,20486572061,20568357419,20486478803,,,,,
2145,HUANCAVELICA,"1,259,123.73",10/05/2013,20486572061,,,,,,,,
2146,HUANCAVELICA,"1,037,002.43",10/04/2013,20266458089,20568486731,,,,,,,
2147,HUANCAVELICA,"1,229,575.55",10/04/2013,20494686369,20449252226,20512812920,,,,,,
2148,HUANCAVELICA,"964,254.11",09/04/2013,20486478803,20541513141,,,,,,,
2149,HUANCAVELICA,"1,183,255.50",08/04/2013,20568099533,20486230933,,,,,,,
2150,HUANCAVELICA,"1,853,014.27",03/04/2013,20374904401,20520970704,,,,,,,
2151,HUANCAVELICA,"1,042,660.35",18/03/2013,20486558742,20541510126,,,,,,,
2152,HUANCAVELICA,"1,170,924.70",12/03/2013,20486230933,,,,,,,,
2153,HUANCAVELICA,"574,356.06",26/02/2013,20486792001,20485988468,,,,,,,
2154,HUANCAVELICA,"873,248.40",26/02/2013,20568402732,20486245884,20486513137,,,,,,
2155,HUANCAVELICA,"1,269,039.50",13/02/2013,20494686369,20512812920,20449252226,,,,,,
2156,HUANCAVELICA,"8,264,137.19",20/10/2015,20515360370,20489718571,20543764303,20529073225,20487176169,,,,
2157,HUANCAVELICA,"1,078,271.75",20/10/2015,20511662568,,,,,,,,
2158,HUANCAVELICA,"3,886,450.00",29/10/2014,20486960401,,,,,,,,
2159,HUANCAVELICA,"964,506.61",27/10/2014,20487277518,20568345755,,,,,,,
2160,HUANCAVELICA,"1,134,700.00",01/10/2014,20486970465,20568707681,,,,,,,
2161,HUANCAVELICA,"1,201,959.75",11/09/2014,20486988089,20486300575,20487240436,,,,,,
2162,HUANCAVELICA,"906,778.80",01/09/2014,20489522242,20487143155,,,,,,,
2163,HUANCAVELICA,"702,000.00",19/08/2014,20486789558,20541510126,,,,,,,
2164,HUANCAVELICA,"749,000.00",19/08/2014,20486789558,20568970200,,,,,,,
2165,HUANCAVELICA,"860,400.00",07/08/2014,20486970465,20486625954,,,,,,,
2166,HUANCAVELICA,"3,293,445.17",18/07/2014,20486604876,20101218172,20339480932,,,,,,
2167,HUANCAVELICA,"2,106,333.73",17/07/2014,10200726877,20568383177,20568383339,20568359624,,,,,
2168,HUANCAVELICA,"2,526,450.00",15/07/2014,20486848660,20486960401,20486970465,,,,,,
2169,HUANCAVELICA,"868,494.09",03/07/2014,20494252521,20486641569,,,,,,,
2170,HUANCAVELICA,"1,709,400.00",03/07/2014,20513271876,20516170299,20491341778,20171368368,,,,,
2171,HUANCAVELICA,"3,282,600.00",29/05/2014,20568170939,20486789558,,,,,,,
2172,HUANCAVELICA,"2,563,400.00",29/05/2014,20546099220,20486666715,,,,,,,
2173,HUANCAVELICA,"3,896,100.00",29/05/2014,20546099220,20486678489,20486666715,20568357419,20393641747,,,,
2174,HUANCAVELICA,"1,217,236.30",29/05/2014,20568586795,20486789558,,,,,,,
2175,HUANCAVELICA,"2,170,000.00",13/05/2014,20486230933,20568986386,,,,,,,
2176,HUANCAVELICA,"776,820.55",06/05/2014,20494633834,20534722223,,,,,,,
2177,HUANCAVELICA,"2,220,869.03",06/05/2014,20494637074,20494341973,,,,,,,
2178,HUANCAVELICA,"2,886,347.14",06/05/2014,20393271044,20279551932,20486194015,20548317739,,,,,
2179,HUANCAVELICA,"2,835,700.00",06/05/2014,20568357419,20486960401,20486975939,,,,,,
2180,HUANCAVELICA,"3,570,882.60",06/05/2014,20486569604,20568357419,20486695651,,,,,,
2181,HUANCAVELICA,"1,761,343.25",08/04/2014,20568422091,20486789558,,,,,,,
2182,HUANCAVELICA,"2,485,400.00",03/04/2014,20401900587,20485921398,20487065502,,,,,,
2183,HUANCAVELICA,"2,434,600.00",03/04/2014,20494386306,20494951020,20534666218,,,,,,
2184,HUANCAVELICA,"2,344,500.00",03/04/2014,20486960401,20568703341,,,,,,,
2185,HUANCAVELICA,"2,314,765.55",26/03/2014,20213034708,20387215426,20298240379,20486604876,,,,,
2186,HUANCAVELICA,"2,194,983.67",26/03/2014,20213034708,20387215426,20298240379,20486604876,,,,,
2187,HUANCAVELICA,"1,837,650.39",19/03/2014,20486999285,20486960401,20541462644,,,,,,
2188,HUANCAVELICA,"2,778,914.49",14/03/2014,20534666218,20494951020,20452345766,20494633834,,,,,
2189,HUANCAVELICA,"4,429,347.80",14/03/2014,20568357419,20486230933,,,,,,,
2190,HUANCAVELICA,"3,124,000.00",14/03/2014,20486230933,20568357419,,,,,,,
2191,HUANCAVELICA,"4,564,800.00",14/03/2014,20486960401,20486230933,,,,,,,
2192,HUANCAVELICA,"1,825,325.07",12/03/2014,20281361296,,,,,,,,
2193,HUANCAVELICA,"1,014,560.33",12/03/2014,20352374963,20486641305,,,,,,,
2194,HUANCAVELICA,"734,700.00",10/03/2014,20487110141,20486290910,20568960662,20445461084,,,,,
2195,HUANCAVELICA,"1,360,179.00",10/03/2014,20486569604,20487034887,20568422091,20486573113,20486132338,20568170939,,,
2196,HUANCAVELICA,"4,013,062.56",05/03/2014,20352374963,20486625792,,,,,,,
2197,HUANCAVELICA,"1,918,204.88",05/03/2014,10283110554,20568146477,20494690714,,,,,,
2198,HUANCAVELICA,"1,254,481.69",17/02/2014,20486103079,20494257590,20568345755,,,,,,
2199,HUANCAVELICA,"1,353,220.91",09/12/2015,20487184188,20486147441,20486666715,,,,,,
2200,HUANCAVELICA,"7,538,145.61",19/11/2015,10200388033,20486583348,20217225966,20518943830,20515294725,,,,
2201,HUANCAVELICA,"5,315,410.53",11/11/2015,20568359624,20568383339,20486960401,20393281279,,,,,
2202,HUANCAVELICA,"1,859,107.95",05/11/2015,20568057377,20494949394,20600317823,,,,,,
2203,HUANCAVELICA,"2,385,214.25",30/10/2015,20568321066,20486807122,,,,,,,
2204,HUANCAVELICA,"2,022,991.35",30/10/2015,20569071225,20568586795,20568077211,20486789558,,,,,
2205,HUANCAVELICA,"3,539,248.00",30/10/2015,20600123352,20600564685,20332558456,,,,,,
2206,HUANCAVELICA,"9,466,023.04",24/09/2015,20487243290,20486960401,20542511657,,,,,,
2207,HUANCAVELICA,"1,279,811.26",18/09/2015,20486717727,20486666715,20573919441,,,,,,
2208,HUANCAVELICA,"4,999,035.04",17/09/2015,10200968064,10200388033,20515294725,20217225966,20518943830,,,,
2209,HUANCAVELICA,"4,890,410.00",17/09/2015,20487292401,20568164297,,,,,,,
2210,HUANCAVELICA,"1,167,548.00",11/05/2017,20486792001,20552281323,,,,,,,
2211,HUANCAVELICA,"1,734,060.46",30/12/2016,20520639579,10214140042,20495092781,,,,,,
2212,HUANCAVELICA,"1,319,539.16",30/12/2016,20600074084,20529154578,20515360370,,,,,,
2213,HUANCAVELICA,"1,293,335.45",30/12/2016,20487274683,10442549775,,,,,,,
2214,HUANCAVELICA,"6,706,408.47",15/12/2016,20601644496,20486789558,,,,,,,
2215,HUANCAVELICA,"3,745,509.16",12/12/2016,10282883576,20517525627,,,,,,,
2216,HUANCAVELICA,"3,775,166.23",02/12/2016,20266458089,20573919441,20538597717,,,,,,
2217,HUANCAVELICA,"8,739,920.93",09/11/2016,20600915038,20528924221,,,,,,,
2218,HUANCAVELICA,"3,581,222.12",02/11/2016,20494263301,20495021093,10214144439,,,,,,
2219,HUANCAVELICA,"2,373,908.20",10/10/2016,20535170640,20494686369,,,,,,,
2220,HUANCAVELICA,"7,149,892.38",09/09/2016,20487281388,20528924493,,,,,,,
2221,HUANCAVELICA,"3,090,317.35",07/09/2016,20512030204,20213034708,,,,,,,
2222,HUANCAVELICA,"7,923,660.19",29/08/2016,20489430399,,,,,,,,
2223,HUANCAVELICA,"5,606,519.34",14/07/2016,10410713506,20574618020,,,,,,,
2224,HUANCAVELICA,"7,055,333.60",11/07/2016,20486960401,20487170632,20601354960,,,,,,
2225,HUANCAVELICA,"4,421,241.10",11/07/2016,10283106000,20574618020,,,,,,,
2226,HUANCAVELICA,"2,787,888.67",07/06/2016,20486132338,20600195817,20486573113,,,,,,
2227,HUANCAVELICA,"3,579,149.37",23/05/2016,20486975939,20541462644,20600021045,,,,,,
2228,HUANCAVELICA,"19,679,484.77",06/05/2016,20486404788,20492935931,20486299038,20486417766,20486404273,,,,
2229,HUANCAVELICA,"7,344,083.68",02/05/2016,20487110141,20486290910,,,,,,,
2230,HUANCAVELICA,"3,109,730.00",18/04/2016,20487499685,20101446639,,,,,,,
2231,HUANCAVELICA,"8,547,968.74",04/01/2018,20600180771,20486995450,20486404273,,,,,,
2232,HUANCAVELICA,"1,314,473.65",29/12/2017,20541570536,20486397714,,,,,,,
2233,HUANCAVELICA,"961,356.61",29/12/2017,20486975939,,,,,,,,
2234,HUANCAVELICA,"927,642.32",29/12/2017,20486780097,20486625954,20541521756,,,,,,
2235,HUANCAVELICA,"1,107,421.46",29/12/2017,20494295254,20600139151,20600422678,,,,,,
2236,HUANCAVELICA,"1,284,841.42",29/12/2017,20600140893,20568917147,,,,,,,
2237,HUANCAVELICA,"979,873.22",29/12/2017,20541565702,20486462125,,,,,,,
2238,HUANCAVELICA,"27,454,535.99",11/10/2017,20534029846,20513123338,20494740673,,,,,,
2239,HUANCAVELICA,"1,618,500.00",04/09/2017,20101218172,20552281323,,,,,,,
2240,HUANCAVELICA,"3,172,502.03",23/08/2017,20487110141,20486290910,20600601891,,,,,,
2241,HUANCAVELICA,"1,068,800.00",26/06/2017,20568345755,20601754259,10199666750,,,,,,
2242,HUANCAVELICA,"4,366,907.81",26/06/2017,20393271044,20548317739,20542438984,,,,,,
2243,HUANCAVELICA,"1,858,978.90",26/06/2017,20486417766,20450157008,20487253414,,,,,,
2244,HUANCAVELICA,"3,475,214.69",16/06/2017,10282883576,20517525627,,,,,,,
2245,HUANCAVELICA,"1,615,000.00",06/06/2017,20568208928,20568564392,,,,,,,
2246,HUANCAVELICA,"1,407,794.28",06/06/2017,20535170640,20494711908,,,,,,,
2247,HUANCAVELICA,"2,490,673.40",02/04/2019,20486136830,,,,,,,,
2248,HUANCAVELICA,"1,537,600.00",20/11/2018,20486974886,,,,,,,,
2249,HUANCAVELICA,"1,335,300.00",20/11/2018,20487335658,20486990903,20600029798,,,,,,
2250,HUANCAVELICA,"1,206,300.00",23/10/2018,20494635616,20535170640,20494665876,,,,,,
2251,HUANCAVELICA,"15,710,219.08",12/10/2018,20535170640,20534175664,10223087642,20494810124,,,,,
2252,HUANCAVELICA,"991,900.00",09/10/2018,20486783606,20487292401,,,,,,,
2253,HUANCAVELICA,"1,192,199.85",05/10/2018,20486604876,,,,,,,,
2254,HUANCAVELICA,"1,337,500.00",05/10/2018,20529089571,20479780847,,,,,,,
2255,HUANCAVELICA,"1,038,500.00",05/10/2018,20541517139,20601489521,20601754259,,,,,,
2256,HUANCAVELICA,"1,350,925.00",05/10/2018,20486975939,,,,,,,,
2257,HUANCAVELICA,"1,091,506.71",04/10/2018,20220560776,20568327773,20601754259,,,,,,
2258,HUANCAVELICA,"3,695,609.20",13/09/2018,20568752393,20487292401,20601754259,20601489521,,,,,
2259,HUANCAVELICA,"1,568,450.00",04/09/2018,20487335658,20486975939,,,,,,,
2260,HUANCAVELICA,"1,335,300.00",29/08/2018,20600029798,20487335658,20486990903,,,,,,
2261,HUANCAVELICA,"2,268,671.15",29/08/2018,20535170640,20494711908,,,,,,,
2262,HUANCAVELICA,"827,734.19",29/08/2018,20568345755,20601754259,,,,,,,
2263,HUANCAVELICA,"1,655,110.00",28/08/2018,20486717727,20601714966,20600021045,,,,,,
2264,HUANCAVELICA,"1,537,600.00",28/08/2018,20486822865,20486974886,,,,,,,
2265,HUANCAVELICA,"2,495,664.73",28/08/2018,20487274683,20600021045,,,,,,,
2266,HUANCAVELICA,"2,268,671.15",21/06/2018,20535170640,20494711908,,,,,,,
2267,HUANCAVELICA,"3,695,609.20",21/06/2018,20568444818,20568752393,20487292401,20601754259,,,,,
2268,HUANCAVELICA,"1,145,005.32",18/05/2018,20534918471,20495042333,,,,,,,
2269,HUANCAVELICA,"1,030,751.35",18/05/2018,20486696037,20600971892,,,,,,,
2270,HUANCAVELICA,"3,455,160.44",06/12/2019,10410713506,20568960662,,,,,,,
2271,HUANCAVELICA,"2,314,098.43",12/11/2019,20486974886,20543764303,,,,,,,
2272,HUANCAVELICA,"16,248,961.61",25/10/2019,20486373297,,,,,,,,
2273,HUANCAVELICA,"211,603.87",26/08/2019,20568459505,20486354829,,,,,,,
2274,HUANCAVELICA,"2,910,040.28",26/08/2019,20486136830,20486604876,,,,,,,
2275,HUANCAVELICA,"1,773,814.21",22/08/2019,20568339607,20487181910,,,,,,,
2276,HUANCAVELICA,"4,656,362.26",22/08/2019,20486572061,,,,,,,,
2277,HUANCAVELICA,"2,294,726.38",22/08/2019,20541578430,20494951020,,,,,,,
2278,HUANCAVELICA,"80,736.72",16/08/2019,20486354829,20568459505,,,,,,,
2279,HUANCAVELICA,"75,780.82",16/08/2019,20543060918,20603094302,,,,,,,
2280,HUANCAVELICA,"15,619,124.47",25/07/2019,20494951020,,,,,,,,
2281,HUANCAVELICA,"35,776,060.53",19/07/2019,20487110141,20486290910,,,,,,,
2282,HUANCAVELICA,"2,845,180.34",18/07/2019,20568394888,20568355041,,,,,,,
2283,HUANCAVELICA,"4,420,067.39",18/07/2019,20541517139,20486103079,,,,,,,
2284,HUANCAVELICA,"4,601,705.94",18/07/2019,20568112220,20600223837,,,,,,,
2285,HUANCAVELICA,"2,280,615.85",18/07/2019,20486625954,20600659503,,,,,,,
2286,HUANCAVELICA,"2,433,234.76",18/07/2019,20494341973,,,,,,,,
2287,HUANCAVELICA,"2,451,311.42",17/07/2019,20568355041,20494341973,,,,,,,
2288,HUANCAVELICA,"3,005,146.01",15/07/2019,20568275013,20543764303,,,,,,,
2289,HUANCAVELICA,"43,149,567.72",13/06/2019,20548123888,20601169941,,,,,,,
2290,HUANCAVELICA,"10,089,475.40",30/12/2020,10410713506,20600180771,,,,,,,
2291,HUANCAVELICA,"2,474,406.69",11/12/2020,20486815818,,,,,,,,
2292,HUANCAVELICA,"1,357,943.04",09/12/2020,20486103079,20568844671,,,,,,,
2293,HUANCAVELICA,"2,125,921.32",09/12/2020,20495042333,,,,,,,,
2294,HUANCAVELICA,"1,187,031.51",09/12/2020,20486970465,20541518372,,,,,,,
2295,HUANCAVELICA,"516,613.06",09/12/2020,20604152063,20486970465,,,,,,,
2296,HUANCAVELICA,"543,213.64",02/12/2020,20601714966,20486927888,,,,,,,
2297,HUANCAVELICA,"484,773.13",01/12/2020,20541517139,20568402732,,,,,,,
2298,HUANCAVELICA,"4,155,613.46",26/11/2020,20494947774,,,,,,,,
2299,HUANCAVELICA,"8,302,654.27",06/11/2020,20101031854,20529104988,,,,,,,
2300,HUANCAVELICA,"3,561,560.50",04/11/2020,20600112229,20543764303,,,,,,,
2301,HUANCAVELICA,"2,466,262.43",04/11/2020,20100364701,20574663246,,,,,,,
2302,HUANCAVELICA,"2,922,697.64",04/11/2020,20568355041,,,,,,,,
2303,HUANCAVELICA,"12,055,952.44",04/11/2020,20486298147,20486975939,,,,,,,
2304,HUANCAVELICA,"4,980,928.65",04/11/2020,20486132338,20541515195,,,,,,,
2305,HUANCAVELICA,"5,554,715.70",04/11/2020,20494341973,20568355041,,,,,,,
2306,HUANCAVELICA,"2,201,839.18",03/09/2020,20486774445,20486960401,,,,,,,
2307,HUANCAVELICA,"1,988,443.90",03/09/2020,20486960401,20485878018,,,,,,,
2308,HUANCAVELICA,"5,143,777.44",02/09/2020,20486397714,20534839091,,,,,,,
2309,HUANCAVELICA,"583,501.60",29/12/2021,20486974886,20451961196,10295928234,20604315582,20601714966,20601480493,20487064522,10206701248,
2310,HUANCAVELICA,"2,385,054.75",20/12/2021,20494951020,20494665876,,,,,,,
2311,HUANCAVELICA,"747,531.90",17/12/2021,20486136830,,,,,,,,
2312,HUANCAVELICA,"4,069,522.96",01/12/2021,20568355041,,,,,,,,
2313,HUANCAVELICA,"2,746,808.66",01/12/2021,20452840775,20494341973,,,,,,,
2314,HUANCAVELICA,"4,168,833.70",30/11/2021,20494951020,20600661966,,,,,,,
2315,HUANCAVELICA,"7,871,916.04",30/11/2021,10410713506,20494947774,,,,,,,
2316,HUANCAVELICA,"3,659,163.17",13/09/2021,20486404273,20600601891,,,,,,,
2317,HUANCAVELICA,"1,997,563.78",21/07/2021,20503865549,20520970704,,,,,,,
2318,HUANCAVELICA,"168,571,515.92",20/07/2021,20600977661,,,,,,,,
2319,HUANCAVELICA,"185,541,354.74",10/06/2021,99000030216,20605034684,,,,,,,
2320,HUANCAVELICA,"50,900,000.00",07/06/2021,20604269009,20605487051,,,,,,,
2321,HUANCAVELICA,"8,711,443.23",29/04/2021,20486404273,20600180771,,,,,,,
2322,HUANCAVELICA,"5,135,851.92",18/11/2022,20568355041,,,,,,,,
2323,HUANCAVELICA,"569,791.74",14/09/2022,20601593476,20486974886,,,,,,,
2324,HUANCAVELICA,"555,537.25",14/09/2022,20486974886,,,,,,,,
2325,HUANCAVELICA,"694,933.14",14/09/2022,20335343701,,,,,,,,
2326,HUANCAVELICA,"26,280,640.38",09/08/2022,20486960401,20600180771,,,,,,,
2327,HUANCAVELICA,"432,552.92",25/07/2022,20608145088,20606820993,,,,,,,
2328,HUANCAVELICA,"1,131,970.94",25/07/2022,20392986601,,,,,,,,
2329,HUANCAVELICA,"1,131,970.94",31/03/2022,20506003351,,,,,,,,
2330,HUANCAVELICA,"55,000,121.41",28/11/2023,20511317038,,,,,,,,
2331,HUANCAVELICA,"267,248,701.57",10/11/2023,20106758477,20511317038,,,,,,,
2332,HUANCAVELICA,"6,504,128.28",05/07/2023,20600683650,20518080963,20601489521,,,,,,
2333,HUANCAVELICA,"2,787,289.09",26/05/2023,20603923988,20487345025,,,,,,,
2334,HUANCAVELICA,"2,445,265.64",26/05/2023,20486417766,20600180771,,,,,,,
2335,HUANCAVELICA,"95,522,877.13",25/10/2024,20100047218,,,,,,,,
2336,HUANCAVELICA,"5,635,909.79",17/06/2024,20486404273,20602768261,,,,,,,
2337,HUANCAVELICA,"6,703,579.58",13/05/2024,20605238468,20600827252,,,,,,,
2338,HUANCAVELICA,"7,884,035.81",09/05/2024,20486404273,20486299038,,,,,,,
2339,HUANUCO,"3,461,557.41",04/12/2006,20505976950,20100057361,20145769249,,,,,,
2340,HUANUCO,"13,756,578.07",01/12/2006,20108432510,20100057361,20132373524,20102177925,,,,,
2341,HUANUCO,"608,011.75",20/11/2006,10224224091,,,,,,,,
2342,HUANUCO,"246,176.52",20/11/2006,20489425476,,,,,,,,
2343,HUANUCO,"1,267,929.91",09/11/2006,20403160190,20175355953,,,,,,,
2344,HUANUCO,"435,901.90",09/11/2006,20362673489,,,,,,,,
2345,HUANUCO,"122,005.22",06/11/2006,20489437725,,,,,,,,
2346,HUANUCO,"225,077.76",06/11/2006,20489437725,,,,,,,,
2347,HUANUCO,"1,377,700.31",26/09/2006,20470005565,,,,,,,,
2348,HUANUCO,"515,249.69",15/09/2006,20447063345,,,,,,,,
2349,HUANUCO,"291,782.34",13/09/2006,20489425476,,,,,,,,
2350,HUANUCO,"2,450,413.72",28/08/2006,10282707069,,,,,,,,
2351,HUANUCO,"518,294.34",25/08/2006,20486415712,,,,,,,,
2352,HUANUCO,"777,579.41",24/08/2006,20404740131,,,,,,,,
2353,HUANUCO,"761,808.51",23/08/2006,20404740131,,,,,,,,
2354,HUANUCO,"1,271,504.93",20/07/2006,20118271107,20489363420,,,,,,,
2355,HUANUCO,"415,200.00",17/07/2006,10224224091,,,,,,,,
2356,HUANUCO,"670,078.57",14/03/2006,20404585224,20285359962,,,,,,,
2357,HUANUCO,"585,821.76",13/03/2006,20393149915,,,,,,,,
2358,HUANUCO,"1,133,831.86",02/10/2007,20447023556,20404740131,,,,,,,
2359,HUANUCO,"1,181,973.09",01/10/2007,20489437725,10225162641,10224224091,10087644541,,,,,
2360,HUANUCO,"737,234.61",21/09/2007,20362509336,,,,,,,,
2361,HUANUCO,"704,157.86",21/09/2007,20362509336,,,,,,,,
2362,HUANUCO,"1,250,640.88",25/05/2007,20268887785,20380511569,20382680236,,,,,,
2363,HUANUCO,"668,936.98",28/11/2008,20489595045,,,,,,,,
2364,HUANUCO,"1,271,925.98",29/10/2008,20449561954,20407415931,,,,,,,
2365,HUANUCO,"1,383,163.95",03/06/2008,20404740131,20489470188,,,,,,,
2366,HUANUCO,"2,414,823.93",02/04/2008,20489498601,20442303135,20107211480,,,,,,
2367,HUANUCO,"104,034.11",03/12/2009,20489317746,20489624673,20489511631,,,,,,
2368,HUANUCO,"1,137,083.78",03/12/2009,20489317746,20489624673,20489511631,,,,,,
2369,HUANUCO,"416,884.86",03/12/2009,20489317746,20489624673,20489511631,,,,,,
2370,HUANUCO,"450,026.80",29/10/2009,20224327537,20227233321,,,,,,,
2371,HUANUCO,"987,400.08",17/08/2009,20407415931,,,,,,,,
2372,HUANUCO,"116,288.70",15/06/2009,20489341027,,,,,,,,
2373,HUANUCO,"731,942.69",27/03/2009,20362509336,,,,,,,,
2374,HUANUCO,"5,715,920.72",10/06/2011,20530933882,20530865518,20530821731,,,,,,
2375,HUANUCO,"2,512,586.06",24/03/2011,20285552886,20489532981,20489601541,,,,,,
2376,HUANUCO,"5,822,398.62",17/12/2010,20530821731,20530933882,20530865518,,,,,,
2377,HUANUCO,"3,132,702.07",03/12/2010,20136966911,20285417083,,,,,,,
2378,HUANUCO,"374,000.00",26/11/2010,20489747244,,,,,,,,
2379,HUANUCO,"891,004.78",24/11/2010,20489326818,20489532981,20489601541,,,,,,
2380,HUANUCO,"1,728,963.49",17/11/2010,20445176631,20530969488,,,,,,,
2381,HUANUCO,"4,350,000.00",16/11/2010,10081870492,20447023556,,,,,,,
2382,HUANUCO,"3,905,291.67",12/11/2010,20104258167,,,,,,,,
2383,HUANUCO,"2,994,196.47",12/11/2010,20407824432,20533943706,20530969488,20534066709,,,,,
2384,HUANUCO,"2,333,546.18",10/11/2010,20285552886,20489532981,20489601541,,,,,,
2385,HUANUCO,"1,650,486.24",05/11/2010,20506298301,10095173417,,,,,,,
2386,HUANUCO,"5,175,638.45",04/11/2010,20529077131,20528924493,20512962654,20489432413,20447399840,,,,
2387,HUANUCO,"3,413,387.44",26/10/2010,20489626706,10225170571,20506298301,20229395565,,,,,
2388,HUANUCO,"4,013,945.40",25/10/2010,20489624673,20502322711,20265274227,20227233321,,,,,
2389,HUANUCO,"19,116,986.49",20/10/2010,20489326818,20100620805,,,,,,,
2390,HUANUCO,"979,448.53",18/10/2010,10225139313,20489601541,20489595045,20489650674,20489573661,,,,
2391,HUANUCO,"1,240,171.92",23/09/2010,20489532981,20489317746,20489601541,20489326818,,,,,
2392,HUANUCO,"5,112,584.40",17/08/2010,20378395152,20505096721,20489498601,20362848467,,,,,
2393,HUANUCO,"5,431,523.15",09/08/2010,20509565989,20512962654,,,,,,,
2394,HUANUCO,"6,600,427.43",06/08/2010,20140404552,20485988468,20487245233,20487097455,20125900675,,,,
2395,HUANUCO,"4,674,142.58",25/06/2010,20481301867,20134427389,20481606978,,,,,,
2396,HUANUCO,"5,369,826.52",25/06/2010,20489544998,20404740131,20505621159,20489326818,,,,,
2397,HUANUCO,"4,371,976.72",08/06/2010,20204035785,20513073136,,,,,,,
2398,HUANUCO,"5,272,570.01",24/05/2010,10081870492,20447023556,,,,,,,
2399,HUANUCO,"4,215,962.00",05/05/2010,20408026572,20408029083,20530969488,20488351398,,,,,
2400,HUANUCO,"3,413,067.68",06/04/2010,20509565989,20512962654,,,,,,,
2401,HUANUCO,"3,008,135.00",17/03/2010,20512962654,20404740131,20489432413,20447399840,,,,,
2402,HUANUCO,"4,066,134.74",17/03/2010,20528955534,20489580366,20528931945,20393112329,,,,,
2403,HUANUCO,"2,827,442.19",10/03/2010,20528950494,20489573157,20447399840,20489432413,20404740131,,,,
2404,HUANUCO,"5,878,906.56",08/03/2010,20489432413,20447206987,20447399840,20512962654,,,,,
2405,HUANUCO,"3,107,527.13",04/03/2010,20508846780,20489532981,20489511631,,,,,,
2406,HUANUCO,"2,027,460.29",02/03/2010,20531048432,20530969488,20445176631,,,,,,
2407,HUANUCO,"1,905,988.55",02/03/2010,20445176631,20445254615,20530969488,,,,,,
2408,HUANUCO,"1,366,397.40",26/02/2010,20407754809,20452345251,,,,,,,
2409,HUANUCO,"432,051.45",15/02/2012,20404740131,,,,,,,,
2410,HUANUCO,"34,076,123.35",24/01/2012,20531505787,20100995108,,,,,,,
2411,HUANUCO,"6,939,187.20",09/01/2012,20254813720,20416167509,,,,,,,
2412,HUANUCO,"388,846.31",30/12/2011,20511317038,10061635624,20528982001,,,,,,
2413,HUANUCO,"3,897,731.38",30/12/2011,20285552886,20486834529,,,,,,,
2414,HUANUCO,"3,697,009.86",30/12/2011,20207951316,20285552886,,,,,,,
2415,HUANUCO,"2,273,101.47",30/12/2011,20207951316,20285552886,,,,,,,
2416,HUANUCO,"1,890,898.31",30/12/2011,20489511631,20392493671,,,,,,,
2417,HUANUCO,"3,030,204.32",30/12/2011,20404740131,20528924493,20489573157,,,,,,
2418,HUANUCO,"437,512.16",15/12/2011,20489511631,20489508258,,,,,,,
2419,HUANUCO,"305,129.58",07/12/2011,20529158051,,,,,,,,
2420,HUANUCO,"205,651.80",07/12/2011,20494976791,,,,,,,,
2421,HUANUCO,"378,600.00",07/12/2011,10224994384,,,,,,,,
2422,HUANUCO,"179,008.84",07/12/2011,20529158051,,,,,,,,
2423,HUANUCO,"175,325.07",07/12/2011,20489661951,,,,,,,,
2424,HUANUCO,"152,122.83",07/12/2011,10224994384,,,,,,,,
2425,HUANUCO,"2,538,717.22",06/12/2011,20336707618,20528990011,20108396963,,,,,,
2426,HUANUCO,"1,291,377.53",06/12/2011,20489327032,20489532981,20528974245,20489660122,,,,,
2427,HUANUCO,"3,540,445.27",06/12/2011,20488351398,20408066281,20542122324,,,,,,
2428,HUANUCO,"3,668,202.09",05/12/2011,20489511631,20542425904,20529145404,20489508258,20529146630,,,,
2429,HUANUCO,"5,796,514.33",02/12/2011,20424222667,,,,,,,,
2430,HUANUCO,"3,546,721.08",02/12/2011,20489532981,20447206987,20489601541,,,,,,
2431,HUANUCO,"1,485,262.92",14/11/2011,20127619965,20351631822,,,,,,,
2432,HUANUCO,"3,919,494.61",11/11/2011,20447206987,20489532981,20159008224,20489595045,20489601541,,,,
2433,HUANUCO,"3,240,601.92",11/11/2011,20529253479,20524500125,20489511631,20506298301,20529145404,,,,
2434,HUANUCO,"5,087,319.66",09/11/2011,20506298301,20489511631,20489326818,20489371791,,,,,
2435,HUANUCO,"1,433,462.41",26/10/2011,20404740131,20528956000,20489595045,20489544998,,,,,
2436,HUANUCO,"2,994,707.47",25/10/2011,20393473852,20350480731,20351539004,20352424570,,,,,
2437,HUANUCO,"7,157,320.23",25/10/2011,20164483895,20479733253,10102127531,,,,,,
2438,HUANUCO,"328,402.44",21/10/2011,20489532981,20489674425,,,,,,,
2439,HUANUCO,"2,365,960.12",21/10/2011,20254813720,20416167509,,,,,,,
2440,HUANUCO,"2,421,760.26",20/10/2011,20489430399,20285417083,20529158051,,,,,,
2441,HUANUCO,"2,351,620.24",20/10/2011,20447023556,20489527988,20529139692,20529207108,,,,,
2442,HUANUCO,"4,125,604.81",18/10/2011,20404740131,20447023556,20489674000,,,,,,
2443,HUANUCO,"1,252,861.20",18/10/2011,20489326818,20489532981,20528973516,,,,,,
2444,HUANUCO,"6,016,168.01",17/10/2011,20127619965,20351631822,,,,,,,
2445,HUANUCO,"18,507,747.91",23/09/2011,10073875299,20352428648,20351222906,20108736659,,,,,
2446,HUANUCO,"2,919,704.37",20/07/2011,20530933882,20530592520,20530865518,20534100494,,,,,
2447,HUANUCO,"2,211,293.05",20/07/2011,20285552886,,,,,,,,
2448,HUANUCO,"1,391,150.85",19/07/2011,20486990229,20489432171,,,,,,,
2449,HUANUCO,"1,413,388.85",18/07/2011,20528944257,20207055078,20121907608,,,,,,
2450,HUANUCO,"2,228,178.29",07/07/2011,20159008224,20489511631,20447206987,,,,,,
2451,HUANUCO,"2,989,245.69",07/07/2011,20136966911,20285417083,,,,,,,
2452,HUANUCO,"3,518,809.91",13/06/2011,20136966911,,,,,,,,
2453,HUANUCO,"2,038,345.97",10/06/2011,20489511631,20489371791,20489532981,,,,,,
2454,HUANUCO,"1,287,776.95",25/05/2011,20528990011,20108396963,10081870492,,,,,,
2455,HUANUCO,"5,073,954.35",25/05/2011,20489317746,20489532981,20489272467,20489596521,,,,,
2456,HUANUCO,"1,866,744.92",25/05/2011,20489432171,20393112329,20519643147,20489536111,,,,,
2457,HUANUCO,"4,375,520.97",25/05/2011,20489272467,20489477433,20393112329,20519643147,20489536111,,,,
2458,HUANUCO,"101,149,888.71",14/03/2013,20536715518,20514777072,20536715356,,,,,,
2459,HUANUCO,"21,224,535.37",27/12/2012,20502574109,,,,,,,,
2460,HUANUCO,"963,362.85",20/12/2012,20489532981,20529030330,20529118181,,,,,,
2461,HUANUCO,"3,915,063.53",19/12/2012,20489573157,20479780847,20489508258,,,,,,
2462,HUANUCO,"2,949,273.45",19/12/2012,20392493671,20542478340,20404740131,,,,,,
2463,HUANUCO,"882,054.28",19/12/2012,20529104988,20489532981,,,,,,,
2464,HUANUCO,"8,855,526.48",17/12/2012,20518737181,20282062080,,,,,,,
2465,HUANUCO,"1,342,569.72",17/12/2012,20534108983,20530715893,20571271711,20518469232,,,,,
2466,HUANUCO,"928,130.13",14/12/2012,20508703911,,,,,,,,
2467,HUANUCO,"912,968.59",14/12/2012,20489544998,,,,,,,,
2468,HUANUCO,"852,073.09",11/12/2012,20449294492,,,,,,,,
2469,HUANUCO,"3,102,019.74",10/12/2012,20489511631,20489532981,,,,,,,
2470,HUANUCO,"3,813,423.18",29/11/2012,20542425904,20489532981,20489511631,,,,,,
2471,HUANUCO,"862,661.57",26/11/2012,20530667473,20407908377,,,,,,,
2472,HUANUCO,"890,173.96",26/11/2012,20489475228,,,,,,,,
2473,HUANUCO,"726,706.73",26/11/2012,20489537436,20489596793,,,,,,,
2474,HUANUCO,"705,915.52",26/11/2012,20489596521,20489537436,20489596793,,,,,,
2475,HUANUCO,"1,213,342.83",26/11/2012,20352424570,20351539004,,,,,,,
2476,HUANUCO,"854,600.55",23/11/2012,20489748054,,,,,,,,
2477,HUANUCO,"1,329,014.09",23/11/2012,20530732631,20449294492,,,,,,,
2478,HUANUCO,"1,042,230.58",23/11/2012,20531065019,20530592520,20407981961,,,,,,
2479,HUANUCO,"1,131,360.78",23/11/2012,20542122324,20531044445,20571357438,,,,,,
2480,HUANUCO,"1,156,973.15",23/11/2012,20542122324,20407911165,20486397714,20408018804,,,,,
2481,HUANUCO,"1,463,470.23",23/11/2012,20533971823,,,,,,,,
2482,HUANUCO,"1,089,202.24",23/11/2012,20534186941,20408029083,20488351398,,,,,,
2483,HUANUCO,"1,217,316.00",23/11/2012,20531044445,20534066709,,,,,,,
2484,HUANUCO,"1,149,841.51",23/11/2012,20530969488,20571120268,,,,,,,
2485,HUANUCO,"1,087,294.06",23/11/2012,20533971823,,,,,,,,
2486,HUANUCO,"997,860.12",23/11/2012,20408018804,20486397714,20407911165,20542122324,,,,,
2487,HUANUCO,"819,375.38",23/11/2012,20393142589,20393252171,,,,,,,
2488,HUANUCO,"1,005,298.59",23/11/2012,20489622387,20393059096,,,,,,,
2489,HUANUCO,"977,480.26",23/11/2012,20508703911,,,,,,,,
2490,HUANUCO,"1,055,135.22",23/11/2012,20571149240,20530969488,,,,,,,
2491,HUANUCO,"1,481,315.52",23/11/2012,20447023556,20393273501,,,,,,,
2492,HUANUCO,"1,431,463.82",23/11/2012,20266458089,20494756243,20450616045,,,,,,
2493,HUANUCO,"1,210,000.69",23/11/2012,20488351398,20534186941,,,,,,,
2494,HUANUCO,"1,577,351.39",23/11/2012,20482493701,20481249172,,,,,,,
2495,HUANUCO,"1,269,411.12",22/11/2012,20265274227,20227233321,,,,,,,
2496,HUANUCO,"1,367,865.94",22/11/2012,20408026572,20488351398,20407893248,,,,,,
2497,HUANUCO,"879,224.00",22/11/2012,20351823900,20393381494,20393059096,,,,,,
2498,HUANUCO,"1,259,787.15",22/11/2012,20489532981,,,,,,,,
2499,HUANUCO,"1,132,688.20",22/11/2012,20393059096,20351823900,,,,,,,
2500,HUANUCO,"961,362.95",22/11/2012,20531008562,,,,,,,,
2501,HUANUCO,"2,032,475.92",13/11/2012,20542474786,20447399840,,,,,,,
2502,HUANUCO,"1,922,702.31",13/11/2012,20542402874,20229395565,,,,,,,
2503,HUANUCO,"2,591,221.52",09/11/2012,20489595045,,,,,,,,
2504,HUANUCO,"1,649,864.60",09/11/2012,20489573661,,,,,,,,
2505,HUANUCO,"2,985,335.81",09/11/2012,20489648939,10225170571,20506298301,,,,,,
2506,HUANUCO,"3,895,403.92",11/10/2012,20285552886,,,,,,,,
2507,HUANUCO,"2,640,529.35",10/10/2012,20489432413,20447399840,,,,,,,
2508,HUANUCO,"1,997,075.16",05/10/2012,20489595045,,,,,,,,
2509,HUANUCO,"2,672,307.33",05/10/2012,20489532981,,,,,,,,
2510,HUANUCO,"3,399,851.73",14/09/2012,20392493671,20404740131,20515055143,,,,,,
2511,HUANUCO,"6,909,346.41",11/09/2012,20528990011,20127619965,,,,,,,
2512,HUANUCO,"7,649,080.50",11/09/2012,20489532981,,,,,,,,
2513,HUANUCO,"2,575,353.51",10/09/2012,20505426372,20549010114,20489624673,,,,,,
2514,HUANUCO,"4,072,496.11",06/09/2012,20488351398,20408066281,,,,,,,
2515,HUANUCO,"2,118,494.53",05/09/2012,20489596521,20489272467,20489596793,,,,,,
2516,HUANUCO,"1,170,368.40",20/08/2012,20227233321,,,,,,,,
2517,HUANUCO,"2,764,418.08",10/08/2012,20489532981,20229395565,,,,,,,
2518,HUANUCO,"2,998,475.54",24/07/2012,20136966911,20285417083,,,,,,,
2519,HUANUCO,"3,203,040.50",18/05/2012,20529148098,20528941070,20447206987,,,,,,
2520,HUANUCO,"7,989,112.58",20/04/2012,20489532981,20447023556,20489466407,20447206987,,,,,
2521,HUANUCO,"4,084,585.34",26/03/2012,20136966911,20520928503,,,,,,,
2522,HUANUCO,"1,891,808.70",10/03/2014,20529129891,20531044445,20573182520,,,,,,
2523,HUANUCO,"1,430,446.82",30/01/2014,20489544998,20489723655,,,,,,,
2524,HUANUCO,"1,177,827.27",28/01/2014,20408066281,,,,,,,,
2525,HUANUCO,"3,478,050.79",21/01/2014,20542566125,20392493671,20506298301,,,,,,
2526,HUANUCO,"1,264,394.37",21/01/2014,20477553797,20531008562,20407900554,,,,,,
2527,HUANUCO,"1,007,881.54",21/01/2014,20489626706,20489280567,20573152370,,,,,,
2528,HUANUCO,"1,930,404.65",08/01/2014,20542566125,20392493671,20506298301,,,,,,
2529,HUANUCO,"6,098,604.30",03/01/2014,20489595045,,,,,,,,
2530,HUANUCO,"1,173,687.16",30/12/2013,20108396963,20571303001,,,,,,,
2531,HUANUCO,"1,332,064.52",30/12/2013,20533923187,20407824432,,,,,,,
2532,HUANUCO,"1,209,007.98",30/12/2013,20530826881,20550853745,,,,,,,
2533,HUANUCO,"1,251,217.49",30/12/2013,20534121734,20573007019,20407893248,,,,,,
2534,HUANUCO,"1,091,657.88",30/12/2013,20489596521,20489537436,,,,,,,
2535,HUANUCO,"1,042,109.40",30/12/2013,20529271027,20489544998,20489723655,,,,,,
2536,HUANUCO,"1,051,956.70",30/12/2013,20529271027,20489544998,20489723655,,,,,,
2537,HUANUCO,"1,007,012.05",30/12/2013,20529077131,20528950494,20573099975,20528924221,,,,,
2538,HUANUCO,"1,075,934.80",30/12/2013,20462540583,,,,,,,,
2539,HUANUCO,"1,565,736.83",30/12/2013,20489573661,20529104988,20489573157,,,,,,
2540,HUANUCO,"1,552,024.98",30/12/2013,20545050278,20489317746,20489688647,,,,,,
2541,HUANUCO,"1,585,418.92",30/12/2013,20489537436,20489596521,,,,,,,
2542,HUANUCO,"1,701,650.92",30/12/2013,20534001593,20529129891,,,,,,,
2543,HUANUCO,"1,457,840.62",30/12/2013,20573182520,20542511908,20534001593,20529129891,,,,,
2544,HUANUCO,"1,107,362.07",30/12/2013,20489544998,20528932321,,,,,,,
2545,HUANUCO,"1,506,299.80",30/12/2013,20528981021,20549010114,20489624673,20542568845,,,,,
2546,HUANUCO,"1,589,264.51",30/12/2013,20489544998,,,,,,,,
2547,HUANUCO,"1,133,430.50",30/12/2013,20408066281,,,,,,,,
2548,HUANUCO,"1,177,611.64",26/12/2013,20573081766,20523535308,20112166336,,,,,,
2549,HUANUCO,"1,784,983.81",10/12/2013,20531010036,20571174350,,,,,,,
2550,HUANUCO,"4,316,609.17",04/12/2013,20506298301,20185481272,20489528283,20529202998,20573013094,,,,
2551,HUANUCO,"5,159,084.15",04/12/2013,20534066709,,,,,,,,
2552,HUANUCO,"796,864.18",04/12/2013,20573077220,20489573157,,,,,,,
2553,HUANUCO,"7,750,557.31",27/11/2013,20116202647,20260236611,,,,,,,
2554,HUANUCO,"2,545,747.81",27/11/2013,20531064047,20530933882,20530558348,20531076649,20531083262,,,,
2555,HUANUCO,"1,084,141.46",25/11/2013,20462540583,,,,,,,,
2556,HUANUCO,"4,714,253.74",22/11/2013,20408066281,20408092362,,,,,,,
2557,HUANUCO,"3,488,527.22",22/11/2013,20393081776,20352424570,20393353105,,,,,,
2558,HUANUCO,"1,928,785.85",19/11/2013,20227233321,,,,,,,,
2559,HUANUCO,"3,053,648.38",15/11/2013,20489593697,20489536979,,,,,,,
2560,HUANUCO,"6,954,832.43",11/11/2013,20489626706,,,,,,,,
2561,HUANUCO,"979,222.11",07/11/2013,20489601541,,,,,,,,
2562,HUANUCO,"669,587.76",04/11/2013,20447206987,20489558352,,,,,,,
2563,HUANUCO,"6,172,088.57",04/11/2013,10078495451,20543761541,20528964878,,,,,,
2564,HUANUCO,"2,414,224.80",04/11/2013,20447206987,20573078382,20528941070,,,,,,
2565,HUANUCO,"2,762,689.97",31/10/2013,20512962654,20489432413,20542474786,,,,,,
2566,HUANUCO,"10,499,496.49",31/10/2013,20285417083,20489595045,20447007941,20136966911,,,,,
2567,HUANUCO,"4,283,319.21",31/10/2013,20479780847,20489532981,,,,,,,
2568,HUANUCO,"1,613,296.37",31/10/2013,20489601541,20489649587,,,,,,,
2569,HUANUCO,"1,208,016.01",31/10/2013,20573120681,20479780847,,,,,,,
2570,HUANUCO,"1,504,000.00",31/10/2013,20489573661,20542494116,20573014066,,,,,,
2571,HUANUCO,"2,357,943.58",30/10/2013,20408066281,20571120268,,,,,,,
2572,HUANUCO,"3,219,000.00",30/10/2013,20501522601,20352424570,20128850164,,,,,,
2573,HUANUCO,"1,812,513.00",28/10/2013,20528932321,20512962654,20489544998,,,,,,
2574,HUANUCO,"665,015.46",28/10/2013,20542122324,20571395283,,,,,,,
2575,HUANUCO,"2,125,858.85",26/10/2013,20489537436,20489596521,,,,,,,
2576,HUANUCO,"7,451,974.44",17/10/2013,20530633650,20461192077,20530933882,20531044445,,,,,
2577,HUANUCO,"7,908,362.08",24/09/2013,20408092362,20530732631,,,,,,,
2578,HUANUCO,"4,241,861.32",24/09/2013,20489661951,20229395565,,,,,,,
2579,HUANUCO,"4,819,125.82",20/09/2013,20542402874,20229395565,,,,,,,
2580,HUANUCO,"9,566,378.00",20/09/2013,20229395565,20392493671,20506298301,20542478340,,,,,
2581,HUANUCO,"11,795,314.33",16/09/2013,20164483895,20469173756,10157044414,,,,,,
2582,HUANUCO,"2,986,466.22",06/09/2013,20482493701,20481249172,,,,,,,
2583,HUANUCO,"671,484.70",03/07/2013,20489544998,,,,,,,,
2584,HUANUCO,"1,413,463.00",03/07/2013,20494756243,20352374963,,,,,,,
2585,HUANUCO,"2,649,623.92",26/06/2013,20573032471,20506298301,20547397291,,,,,,
2586,HUANUCO,"5,878,068.64",21/06/2013,20530713254,20323041092,20531010036,,,,,,
2587,HUANUCO,"111,280.77",28/05/2013,20489674425,20573000430,,,,,,,
2588,HUANUCO,"11,783,519.00",20/05/2013,20100364701,20257374743,,,,,,,
2589,HUANUCO,"1,974,556.40",06/05/2013,20227233321,,,,,,,,
2590,HUANUCO,"6,278,720.76",19/04/2013,10316321203,20530933882,20488351398,20408066281,,,,,
2591,HUANUCO,"900,000.00",10/12/2014,20350480731,20128850164,,,,,,,
2592,HUANUCO,"5,322,518.17",01/12/2014,20477159037,20481249172,,,,,,,
2593,HUANUCO,"205,760.37",18/09/2014,20489466741,,,,,,,,
2594,HUANUCO,"2,856,395.67",12/09/2014,20545730490,20335343701,20528990011,,,,,,
2595,HUANUCO,"10,099,074.04",03/09/2014,20529076241,99000015730,20392493671,,,,,,
2596,HUANUCO,"1,052,656.25",01/09/2014,20529271027,20489544998,,,,,,,
2597,HUANUCO,"4,723,162.23",28/08/2014,20489532981,20489544998,,,,,,,
2598,HUANUCO,"1,510,668.51",28/08/2014,20573013094,20393273501,20404740131,,,,,,
2599,HUANUCO,"1,878,637.28",26/08/2014,20528964878,10079417551,20450269060,,,,,,
2600,HUANUCO,"3,630,104.52",26/08/2014,20529125047,20528924493,20447399840,20489432413,,,,,
2601,HUANUCO,"857,993.60",25/08/2014,20350480731,20128850164,,,,,,,
2602,HUANUCO,"4,850,000.00",18/08/2014,20489626706,20393059096,,,,,,,
2603,HUANUCO,"5,393,073.86",18/08/2014,20489544998,20285552886,20447399840,20489432413,,,,,
2604,HUANUCO,"1,249,586.84",14/08/2014,20529158051,20489371791,,,,,,,
2605,HUANUCO,"6,985,052.23",12/08/2014,20489532981,20489371791,,,,,,,
2606,HUANUCO,"1,547,847.32",14/07/2014,20534121734,20529091126,20408026572,,,,,,
2607,HUANUCO,"1,213,317.44",14/07/2014,20489674000,20489692831,,,,,,,
2608,HUANUCO,"10,055,562.12",10/07/2014,20529077131,20404740131,20393273501,,,,,,
2609,HUANUCO,"6,374,390.22",30/06/2014,20489595045,20489371791,,,,,,,
2610,HUANUCO,"9,999,999.00",27/06/2014,20543546659,20504036961,,,,,,,
2611,HUANUCO,"4,793,278.52",18/06/2014,20404740131,20393273501,20573229933,,,,,,
2612,HUANUCO,"3,805,000.00",16/06/2014,20489415594,20489573157,20393582988,,,,,,
2613,HUANUCO,"769,100.24",06/06/2014,20536205072,20489544998,,,,,,,
2614,HUANUCO,"9,763,591.64",02/06/2014,20533782265,20506298301,20571120268,20392493671,,,,,
2615,HUANUCO,"1,156,517.63",02/06/2014,20489475228,,,,,,,,
2616,HUANUCO,"9,838,751.00",28/05/2014,20285552886,10225183151,20486834529,,,,,,
2617,HUANUCO,"3,853,387.18",15/05/2014,20573147708,20489532981,20573234422,,,,,,
2618,HUANUCO,"3,641,217.21",15/05/2014,20207951316,20285552886,,,,,,,
2619,HUANUCO,"4,128,421.37",04/04/2014,20489674425,20489532981,,,,,,,
2620,HUANUCO,"1,085,842.03",04/04/2014,20531044445,20571149240,,,,,,,
2621,HUANUCO,"1,214,781.09",03/04/2014,20489692831,20285552886,,,,,,,
2622,HUANUCO,"1,220,297.65",02/04/2014,20531044445,20571149240,,,,,,,
2623,HUANUCO,"3,885,772.69",05/03/2014,20227233321,,,,,,,,
2624,HUANUCO,"1,213,117.20",27/02/2014,20534066709,20571149240,,,,,,,
2625,HUANUCO,"1,517,837.33",14/02/2014,20408066281,20571120268,,,,,,,
2626,HUANUCO,"3,806,402.78",07/03/2016,20336135398,20491305542,,,,,,,
2627,HUANUCO,"1,314,646.08",31/12/2015,20489739900,20529049359,,,,,,,
2628,HUANUCO,"1,781,177.01",31/12/2015,20489528283,20489739900,20529197382,,,,,,
2629,HUANUCO,"2,837,156.40",07/12/2015,20600450388,20489544998,,,,,,,
2630,HUANUCO,"1,314,646.08",18/11/2015,20529206802,20489739900,,,,,,,
2631,HUANUCO,"1,781,177.01",18/11/2015,20529206802,,,,,,,,
2632,HUANUCO,"1,184,443.90",04/11/2015,20489544998,20573320779,,,,,,,
2633,HUANUCO,"6,117,092.90",09/10/2015,20573234422,20529286997,20489532981,,,,,,
2634,HUANUCO,"894,728.22",07/10/2015,20600284054,20489650674,,,,,,,
2635,HUANUCO,"1,102,433.81",28/08/2015,20489661951,20489601541,,,,,,,
2636,HUANUCO,"919,720.25",13/08/2015,20573070055,20489596521,,,,,,,
2637,HUANUCO,"1,385,449.04",13/08/2015,20489432413,20542474786,,,,,,,
2638,HUANUCO,"1,354,551.87",08/07/2015,20489466407,20528917951,20529265566,20159008224,,,,,
2639,HUANUCO,"1,110,416.16",08/07/2015,20407878958,20600423241,20600060652,,,,,,
2640,HUANUCO,"7,795,161.15",05/12/2016,20489747244,20489544998,20542531097,,,,,,
2641,HUANUCO,"1,710,616.38",05/12/2016,20528956000,20601539820,20489371791,,,,,,
2642,HUANUCO,"1,886,269.34",05/12/2016,20482837728,20481901546,20477150242,20477159037,,,,,
2643,HUANUCO,"3,862,549.59",16/11/2016,20101218172,20508763655,,,,,,,
2644,HUANUCO,"1,221,111.80",30/09/2016,20529014211,20601419778,,,,,,,
2645,HUANUCO,"6,863,786.26",10/08/2016,20528950494,20528924221,,,,,,,
2646,HUANUCO,"3,840,844.94",07/07/2016,20489595045,20489317746,,,,,,,
2647,HUANUCO,"1,650,256.22",16/06/2016,20489601541,20489661951,,,,,,,
2648,HUANUCO,"1,469,960.65",16/06/2016,20506298301,20529158051,,,,,,,
2649,HUANUCO,"3,267,464.08",13/06/2016,20489747244,,,,,,,,
2650,HUANUCO,"6,189,537.25",25/05/2016,20489601541,20542531097,,,,,,,
2651,HUANUCO,"3,473,899.10",16/05/2016,20573070055,20489596521,,,,,,,
2652,HUANUCO,"6,131,205.07",28/03/2018,20121797314,20542478340,,,,,,,
2653,HUANUCO,"3,787,515.96",28/03/2018,20489595045,,,,,,,,
2654,HUANUCO,"13,542,090.99",28/11/2017,20528924221,20378664315,,,,,,,
2655,HUANUCO,"537,597.24",24/11/2017,20489466741,,,,,,,,
2656,HUANUCO,"5,280,841.32",21/11/2017,20489532981,20529158051,,,,,,,
2657,HUANUCO,"2,608,600.00",07/11/2017,20489371791,20489645671,,,,,,,
2658,HUANUCO,"3,689,511.72",31/10/2017,20229395565,20542478340,,,,,,,
2659,HUANUCO,"4,067,370.17",31/10/2017,20489660122,20229395565,,,,,,,
2660,HUANUCO,"3,768,578.56",31/10/2017,20600616341,20121797314,,,,,,,
2661,HUANUCO,"1,497,411.56",20/10/2017,20600616341,20528975055,,,,,,,
2662,HUANUCO,"13,604,147.72",26/09/2017,20552281323,20486792001,20101218172,,,,,,
2663,HUANUCO,"1,458,912.76",04/09/2017,20528950494,,,,,,,,
2664,HUANUCO,"2,996,400.00",04/09/2017,20489430399,20489537274,,,,,,,
2665,HUANUCO,"2,608,586.70",04/09/2017,20601356211,20101218172,,,,,,,
2666,HUANUCO,"1,332,910.60",29/08/2017,20518498259,,,,,,,,
2667,HUANUCO,"1,420,118.74",29/08/2017,20489451558,,,,,,,,
2668,HUANUCO,"4,645,000.00",08/08/2017,20489661951,20229395565,,,,,,,
2669,HUANUCO,"3,946,389.13",21/07/2017,20489747244,20528973516,,,,,,,
2670,HUANUCO,"2,793,184.11",28/06/2017,20489595045,20600083741,,,,,,,
2671,HUANUCO,"738,445.03",02/03/2017,20489466741,,,,,,,,
2672,HUANUCO,"1,352,196.94",28/02/2017,20573070055,20489596521,,,,,,,
2673,HUANUCO,"2,053,770.75",25/10/2018,20603160097,20489688647,20529133228,,,,,,
2674,HUANUCO,"1,350,993.65",04/10/2018,20529033436,20529033274,,,,,,,
2675,HUANUCO,"1,710,891.57",23/08/2018,20489537274,20528952195,20542531097,,,,,,
2676,HUANUCO,"4,025,599.27",06/08/2018,20557585495,20489674000,,,,,,,
2677,HUANUCO,"17,793,577.04",26/07/2018,20546343821,,,,,,,,
2678,HUANUCO,"7,030,893.15",24/07/2018,20511631760,20528973516,,,,,,,
2679,HUANUCO,"1,569,009.12",25/06/2018,20477159037,20481348235,,,,,,,
2680,HUANUCO,"12,685,138.21",21/05/2018,20545316561,,,,,,,,
2681,HUANUCO,"13,498,340.01",18/05/2018,20489544998,20542531097,20528932321,,,,,,
2682,HUANUCO,"2,544,703.38",10/05/2018,20489532981,20489544998,,,,,,,
2683,HUANUCO,"3,136,067.79",04/04/2018,20489689619,20489371791,20573141254,,,,,,
2684,HUANUCO,"5,164,351.26",08/02/2018,20529066521,20489650674,,,,,,,
2685,HUANUCO,"1,600,000.00",31/01/2018,20601791031,20529014211,20573007019,,,,,,
2686,HUANUCO,"1,676,761.95",31/01/2018,20489466741,20489432413,,,,,,,
2687,HUANUCO,"490,577.30",22/10/2020,20542425653,20604215502,20603064101,,,,,,
2688,HUANUCO,"2,087,980.69",06/10/2020,20528950494,,,,,,,,
2689,HUANUCO,"1,124,949.71",14/09/2020,20528905197,20489613558,,,,,,,
2690,HUANUCO,"14,079,329.19",27/07/2020,20489532981,20573078897,,,,,,,
2691,HUANUCO,"13,263,119.12",27/01/2020,20542542021,20489532981,,,,,,,
2692,HUANUCO,"29,504,276.10",30/12/2019,20393353105,20393081776,,,,,,,
2693,HUANUCO,"997,909.11",03/12/2019,20528905197,20489613558,,,,,,,
2694,HUANUCO,"29,504,276.10",29/11/2019,20393353105,20393081776,,,,,,,
2695,HUANUCO,"852,478.29",21/11/2019,20489537274,20604740968,,,,,,,
2696,HUANUCO,"1,970,444.00",20/11/2019,20601754259,20600369319,,,,,,,
2697,HUANUCO,"51,634.91",08/11/2019,20510591829,,,,,,,,
2698,HUANUCO,"1,469,244.50",08/11/2019,20529014211,20528905197,,,,,,,
2699,HUANUCO,"201,611.13",08/11/2019,10805536867,20601629641,20573177879,,,,,,
2700,HUANUCO,"688,909.65",08/11/2019,20602889191,10805536867,,,,,,,
2701,HUANUCO,"7,632,433.16",07/11/2019,20531065019,20530837816,20571184151,,,,,,
2702,HUANUCO,"2,255,869.51",06/11/2019,20573263104,20489532981,,,,,,,
2703,HUANUCO,"242,063.04",04/11/2019,20529161353,,,,,,,,
2704,HUANUCO,"100,217.22",04/11/2019,20510591829,,,,,,,,
2705,HUANUCO,"163,137.69",04/11/2019,20573247249,,,,,,,,
2706,HUANUCO,"156,879.93",04/11/2019,10805536867,20602102727,,,,,,,
2707,HUANUCO,"490,577.31",04/11/2019,20489466741,,,,,,,,
2708,HUANUCO,"2,187,717.60",30/10/2019,20489747244,20605163841,,,,,,,
2709,HUANUCO,"2,195,180.09",30/10/2019,20601556791,20489747244,,,,,,,
2710,HUANUCO,"605,209.35",30/10/2019,20542559854,,,,,,,,
2711,HUANUCO,"89,438.80",30/10/2019,20601629641,10805536867,,,,,,,
2712,HUANUCO,"699,815.74",30/10/2019,10805536867,,,,,,,,
2713,HUANUCO,"58,987.11",30/10/2019,20602102727,10805536867,,,,,,,
2714,HUANUCO,"454,498.78",30/10/2019,10805536867,,,,,,,,
2715,HUANUCO,"2,707,645.35",29/10/2019,20489747244,20529286997,,,,,,,
2716,HUANUCO,"257,749.03",29/10/2019,20601740631,20603064101,,,,,,,
2717,HUANUCO,"2,637,095.00",21/10/2019,20528950494,20602172571,,,,,,,
2718,HUANUCO,"21,165,527.97",11/10/2019,20227233321,20573333081,20489747244,20605409041,20489530261,,,,
2719,HUANUCO,"15,490,828.82",04/10/2019,20529066521,20489595045,,,,,,,
2720,HUANUCO,"1,614,460.94",24/09/2019,20602450881,20489747244,,,,,,,
2721,HUANUCO,"1,666,516.91",18/09/2019,20602500463,20393353105,,,,,,,
2722,HUANUCO,"1,949,041.59",17/09/2019,20489536979,20489530261,,,,,,,
2723,HUANUCO,"2,112,559.07",05/09/2019,20510591829,20542425904,20489371791,,,,,,
2724,HUANUCO,"25,603,166.27",03/09/2019,20489595045,20529066521,,,,,,,
2725,HUANUCO,"19,757,801.59",27/08/2019,20489747244,20393081776,20393155648,20393353105,,,,,
2726,HUANUCO,"25,295,966.78",21/08/2019,20482471995,20505096721,20600683650,,,,,,
2727,HUANUCO,"46,614,701.82",20/08/2019,20495675611,20489595045,,,,,,,
2728,HUANUCO,"13,566,970.84",14/08/2019,20510591829,20489371791,20542425904,,,,,,
2729,HUANUCO,"2,394,255.33",13/08/2019,20455023417,20604155755,20604347778,,,,,,
2730,HUANUCO,"1,770,763.51",01/08/2019,20489688647,20489660122,,,,,,,
2731,HUANUCO,"1,439,511.35",25/07/2019,20393353105,20603976275,,,,,,,
2732,HUANUCO,"52,092,837.82",09/07/2019,20447399840,20489595045,20489432413,20523013603,20528950494,,,,
2733,HUANUCO,"22,151,433.39",24/05/2019,20489371791,20489536979,20489432413,,,,,,
2734,HUANUCO,"22,705,607.80",22/05/2019,20489536979,20489747244,,,,,,,
2735,HUANUCO,"21,078,598.23",20/05/2019,20489371791,20489674000,20528924493,,,,,,
2736,HUANUCO,"8,525,424.38",17/05/2019,20489371791,20510591829,20542425904,,,,,,
2737,HUANUCO,"2,637,104.10",10/05/2019,20602172571,20528924493,,,,,,,
2738,HUANUCO,"2,215,187.05",10/05/2019,20529202998,,,,,,,,
2739,HUANUCO,"12,443,908.22",19/02/2019,20542531097,20489601541,20489649587,,,,,,
2740,HUANUCO,"1,024,969.20",30/12/2020,20494686369,,,,,,,,
2741,HUANUCO,"59,287,000.00",28/12/2020,20523013603,20605162925,,,,,,,
2742,HUANUCO,"1,107,610.69",19/11/2020,20486834529,,,,,,,,
2743,HUANUCO,"1,033,174.53",19/11/2020,20527942773,,,,,,,,
2744,HUANUCO,"1,022,081.07",19/11/2020,20486834529,,,,,,,,
2745,HUANUCO,"996,871.95",19/11/2020,20486834529,,,,,,,,
2746,HUANUCO,"1,417,127.62",10/11/2020,20573041977,20489661951,,,,,,,
2747,HUANUCO,"1,447,216.69",09/11/2020,20542191059,20606482435,,,,,,,
2748,HUANUCO,"5,587,217.67",06/11/2020,20533984992,20542141116,,,,,,,
2749,HUANUCO,"1,938,479.90",06/11/2020,20445461084,20602631258,,,,,,,
2750,HUANUCO,"219,829.46",30/10/2020,20529169842,20529276843,,,,,,,
2751,HUANUCO,"3,561,018.14",29/10/2020,20528950494,,,,,,,,
2752,HUANUCO,"1,126,579.05",29/10/2020,20408066281,20573266201,,,,,,,
2753,HUANUCO,"21,499,000.00",28/10/2020,20506298301,20392493671,,,,,,,
2754,HUANUCO,"8,476,803.75",20/10/2020,20495675611,,,,,,,,
2755,HUANUCO,"3,723,801.54",20/10/2020,20489536979,20528950494,,,,,,,
2756,HUANUCO,"1,986,603.99",20/10/2020,20530806341,20445782476,,,,,,,
2757,HUANUCO,"999,635.13",14/10/2020,20510591829,20606260106,,,,,,,
2758,HUANUCO,"2,975,660.25",13/10/2020,20528917951,20573008414,,,,,,,
2759,HUANUCO,"10,416,668.41",06/10/2020,20489544998,20489747244,,,,,,,
2760,HUANUCO,"386,826.23",05/10/2020,20489661951,20602653138,,,,,,,
2761,HUANUCO,"34,120,782.60",05/10/2020,20486960401,20486995450,20600369319,,,,,,
2762,HUANUCO,"15,654,925.37",02/10/2020,20489747244,20542449081,20489544998,,,,,,
2763,HUANUCO,"7,608,000.00",01/10/2020,99000015250,20565597958,,,,,,,
2764,HUANUCO,"2,159,341.01",22/09/2020,20542531097,20573320779,,,,,,,
2765,HUANUCO,"9,960,877.71",11/09/2020,20489536979,20573247591,,,,,,,
2766,HUANUCO,"1,123,271.74",30/12/2021,20542191059,20600106351,,,,,,,
2767,HUANUCO,"904,193.70",31/05/2021,20516615088,,,,,,,,
2768,HUANUCO,"31,524,150.94",11/05/2021,20492255981,20547097069,20602631258,,,,,,
2769,HUANUCO,"2,062,409.26",28/04/2021,20393151812,20601263158,,,,,,,
2770,HUANUCO,"1,136,085.91",07/04/2021,20542191059,20606474254,,,,,,,
2771,HUANUCO,"679,069.34",04/03/2021,20489536979,20604540764,,,,,,,
2772,HUANUCO,"1,525,709.72",12/12/2022,20573333081,20600013255,,,,,,,
2773,HUANUCO,"1,544,438.69",04/11/2022,20603194676,20489680310,,,,,,,
2774,HUANUCO,"1,216,292.21",02/11/2022,20489688647,20610153021,,,,,,,
2775,HUANUCO,"1,330,019.28",14/10/2022,20486834529,20573140959,,,,,,,
2776,HUANUCO,"31,390,674.74",10/08/2022,20542408562,20489532981,,,,,,,
2777,HUANUCO,"813,976.83",02/08/2022,20573320779,20528932321,,,,,,,
2778,HUANUCO,"12,198,193.18",14/07/2022,20489532981,20542408562,,,,,,,
2779,HUANUCO,"1,223,600.58",12/07/2022,20534004185,,,,,,,,
2780,HUANUCO,"277,014.13",07/07/2022,20531055722,20534013508,,,,,,,
2781,HUANUCO,"439,746.06",07/07/2022,20531055722,20534013508,,,,,,,
2782,HUANUCO,"448,630.32",07/07/2022,20573078897,20608077163,,,,,,,
2783,HUANUCO,"441,866.00",06/07/2022,20573078897,20608077163,,,,,,,
2784,HUANUCO,"497,789.54",06/07/2022,20510591829,,,,,,,,
2785,HUANUCO,"737,228.90",06/07/2022,20510591829,,,,,,,,
2786,HUANUCO,"1,226,591.50",05/07/2022,20486834529,,,,,,,,
2787,HUANUCO,"1,533,734.68",05/07/2022,20489536979,20573140959,,,,,,,
2788,HUANUCO,"1,168,456.24",05/07/2022,20486834529,,,,,,,,
2789,HUANUCO,"6,613,215.91",05/07/2022,20601263158,20226217003,,,,,,,
2790,HUANUCO,"1,239,291.96",10/06/2022,20486834529,,,,,,,,
2791,HUANUCO,"1,872,562.70",08/06/2022,20529286997,20489643627,,,,,,,
2792,HUANUCO,"5,505,101.55",20/05/2022,20542408562,,,,,,,,
2793,HUANUCO,"1,071,936.45",22/02/2022,20482474587,,,,,,,,
2794,HUANUCO,"54,979,155.37",24/11/2023,20227233321,20408066281,20571184151,,,,,,
2795,HUANUCO,"1,874,239.82",14/11/2023,20603194676,20601494192,,,,,,,
2796,HUANUCO,"886,181.99",06/11/2023,20453649840,20556226041,,,,,,,
2797,HUANUCO,"23,998,889.28",11/10/2023,20393675480,20601263158,,,,,,,
2798,HUANUCO,"22,514,384.05",06/10/2023,20513119900,20607470384,20531746717,,,,,,
2799,HUANUCO,"1,237,966.12",05/10/2023,20511631760,20606967048,,,,,,,
2800,HUANUCO,"2,105,294.51",02/10/2023,20542191059,20542531097,,,,,,,
2801,HUANUCO,"5,600,024.43",22/09/2023,20489689295,20229395565,,,,,,,
2802,HUANUCO,"1,834,238.82",22/09/2023,20603194676,20601494192,,,,,,,
2803,HUANUCO,"5,866,870.32",20/09/2023,20529033274,20601392985,,,,,,,
2804,HUANUCO,"14,641,428.57",18/09/2023,20489601541,20528948911,,,,,,,
2805,HUANUCO,"8,830,264.36",15/09/2023,20446927753,20529202998,,,,,,,
2806,HUANUCO,"9,389,503.93",15/09/2023,20529202998,20600013255,,,,,,,
2807,HUANUCO,"1,469,296.11",11/09/2023,20573014066,20604428191,,,,,,,
2808,HUANUCO,"6,134,045.92",08/09/2023,20529076241,20506298301,,,,,,,
2809,HUANUCO,"1,956,886.68",10/08/2023,20603194676,20601992851,,,,,,,
2810,HUANUCO,"939,488.52",10/08/2023,20534089407,20573255187,,,,,,,
2811,HUANUCO,"2,142,252.04",10/08/2023,20606862581,20529202998,,,,,,,
2812,HUANUCO,"923,767.39",10/08/2023,20534089407,20573255187,,,,,,,
2813,HUANUCO,"3,549,999.89",08/08/2023,20489650674,20542408562,,,,,,,
2814,HUANUCO,"2,381,958.04",08/08/2023,20573098731,20606271418,,,,,,,
2815,HUANUCO,"25,349,911.43",04/08/2023,20489544998,20489371791,,,,,,,
2816,HUANUCO,"8,650,253.34",01/08/2023,20529202998,20529033274,,,,,,,
2817,HUANUCO,"18,983,257.59",01/08/2023,20601263158,20515422154,,,,,,,
2818,HUANUCO,"5,529,290.49",26/07/2023,20447206987,20601736455,,,,,,,
2819,HUANUCO,"6,195,214.91",24/07/2023,20489532981,,,,,,,,
2820,HUANUCO,"38,253,053.53",21/07/2023,20537169207,20602842330,,,,,,,
2821,HUANUCO,"617,554.91",21/07/2023,20573008414,20608486951,,,,,,,
2822,HUANUCO,"5,725,777.41",21/07/2023,20447206987,10805536867,,,,,,,
2823,HUANUCO,"760,000.00",19/07/2023,20529286997,20601450004,,,,,,,
2824,HUANUCO,"1,021,456.44",14/06/2023,20601263158,20600165535,,,,,,,
2825,HUANUCO,"1,523,783.80",13/06/2023,20453649840,20568112220,,,,,,,
2826,HUANUCO,"9,784,446.30",12/06/2023,20541517139,20529094907,20489531152,,,,,,
2827,HUANUCO,"8,656,084.69",06/06/2023,20529202998,20529033274,,,,,,,
2828,HUANUCO,"338,000.00",15/05/2023,20489554870,20609460459,,,,,,,
2829,HUANUCO,"11,391,268.93",10/05/2023,20574663246,20505655215,20601885787,,,,,,
2830,HUANUCO,"51,995,421.85",09/05/2023,20489747244,20489544998,20489682363,,,,,,
2831,HUANUCO,"12,057,054.20",20/04/2023,20489649587,20529283548,,,,,,,
2832,HUANUCO,"3,439,518.20",21/03/2023,20489626706,20600522389,,,,,,,
2833,HUANUCO,"7,880,553.25",19/12/2024,20552839073,20226217003,,,,,,,
2834,HUANUCO,"2,713,949.91",22/11/2024,20489650674,20529066521,,,,,,,
2835,HUANUCO,"3,085,028.51",22/11/2024,20600184416,,,,,,,,
2836,HUANUCO,"5,474,998.57",18/09/2024,20602486894,20515422154,,,,,,,
2837,HUANUCO,"415,000.00",13/09/2024,20573333081,20605583718,,,,,,,
2838,HUANUCO,"502,825.26",13/09/2024,20571420067,20606330732,,,,,,,
2839,HUANUCO,"473,792.09",12/09/2024,20571420067,20600349466,,,,,,,
2840,HUANUCO,"485,726.06",12/09/2024,20542191059,20604048746,,,,,,,
2841,HUANUCO,"483,745.40",12/09/2024,20486751151,,,,,,,,
2842,HUANUCO,"797,953.95",12/09/2024,20489475228,20602473903,,,,,,,
2843,HUANUCO,"385,100.46",10/09/2024,20602633960,20568838352,,,,,,,
2844,HUANUCO,"1,868,562.98",04/09/2024,20573098731,20529169842,,,,,,,
2845,HUANUCO,"2,390,113.60",20/08/2024,20600172744,20571395283,,,,,,,
2846,HUANUCO,"507,446.98",14/08/2024,20573068743,20573264097,,,,,,,
2847,HUANUCO,"1,109,030.22",15/07/2024,20602924701,20608077163,,,,,,,
2848,HUANUCO,"2,874,149.76",20/06/2024,20608077163,20489536979,,,,,,,
2849,HUANUCO,"3,180,610.26",19/06/2024,20542191059,20571135885,,,,,,,
2850,HUANUCO,"2,492,469.05",18/06/2024,20528910433,20573098731,,,,,,,
2851,HUANUCO,"1,885,059.58",14/06/2024,20531054327,20600142152,,,,,,,
2852,HUANUCO,"1,438,627.68",14/06/2024,20604488517,20529202998,,,,,,,
2853,HUANUCO,"3,979,744.42",13/06/2024,20600330722,20600021045,,,,,,,
2854,HUANUCO,"461,757.13",30/05/2024,20534013508,20601421586,,,,,,,
2855,HUANUCO,"505,826.35",30/05/2024,20600347633,20571420067,,,,,,,
2856,HUANUCO,"462,458.27",30/05/2024,20608515551,20486743302,,,,,,,
2857,HUANUCO,"426,386.16",30/05/2024,20486751151,,,,,,,,
2858,HUANUCO,"458,348.44",30/05/2024,20573078897,20573195427,,,,,,,
2859,HUANUCO,"543,509.94",30/05/2024,20542344653,20601486505,,,,,,,
2860,HUANUCO,"603,216.00",30/05/2024,20407836872,20600259688,,,,,,,
2861,HUANUCO,"483,660.00",30/05/2024,20610882499,20489717175,,,,,,,
2862,HUANUCO,"478,341.33",30/05/2024,20542191059,20489536979,,,,,,,
2863,HUANUCO,"287,380.41",30/05/2024,20606908815,,,,,,,,
2864,HUANUCO,"1,378,358.84",29/05/2024,20608077163,20602924701,,,,,,,
2865,HUANUCO,"1,253,252.93",21/05/2024,20489466741,,,,,,,,
2866,HUANUCO,"342,360.99",02/05/2024,20602500463,20606862581,,,,,,,
2867,HUANUCO,"977,256.93",17/04/2024,20573041977,20573333081,,,,,,,
2868,HUANUCO,"1,331,584.34",15/03/2024,20489558433,20610563580,,,,,,,
2869,HUANUCO,"1,709,390.47",14/03/2024,20542531097,20489544998,,,,,,,
2870,HUANUCO,"1,109,030.22",13/03/2024,20514155403,,,,,,,,
2871,HUANUCO,"6,821,360.26",11/03/2024,20487913791,20608386794,,,,,,,
2872,HUANUCO,"8,467,994.56",08/03/2024,20608386794,20487913791,,,,,,,
2873,HUANUCO,"3,330,590.56",04/03/2024,20571135885,20601161321,,,,,,,
2874,ICA,"611,410.03",07/01/2010,20324547399,20494403758,,,,,,,
2875,ICA,"1,185,357.89",30/12/2009,10222509748,10078495451,,,,,,,
2876,ICA,"218,211.09",29/12/2009,20494367778,20494625904,,,,,,,
2877,ICA,"1,545,135.96",17/12/2009,10078495451,,,,,,,,
2878,ICA,"675,622.74",10/12/2009,10214593403,,,,,,,,
2879,ICA,"152,708.00",10/12/2009,20452345766,20494386306,,,,,,,
2880,ICA,"395,423.23",10/12/2009,20494511488,,,,,,,,
2881,ICA,"1,132,750.59",10/12/2009,20452721849,,,,,,,,
2882,ICA,"718,519.17",10/12/2009,20452808022,,,,,,,,
2883,ICA,"573,681.08",09/12/2009,10218158736,,,,,,,,
2884,ICA,"2,468,577.47",07/12/2009,20452677092,10214593403,,,,,,,
2885,ICA,"4,478,851.64",07/12/2009,20367759551,10078495451,,,,,,,
2886,ICA,"88,368.45",04/12/2009,20494516013,,,,,,,,
2887,ICA,"2,634,286.64",03/12/2009,20513470054,20113675005,,,,,,,
2888,ICA,"79,494.48",27/11/2009,20494273366,,,,,,,,
2889,ICA,"158,396.20",25/11/2009,20324547399,,,,,,,,
2890,ICA,"16,350.00",24/11/2009,20494727499,,,,,,,,
2891,ICA,"4,740,491.19",24/11/2009,20367759551,,,,,,,,
2892,ICA,"521,742.92",19/11/2009,20452468418,,,,,,,,
2893,ICA,"2,726,907.43",18/11/2009,20510711824,20324547399,,,,,,,
2894,ICA,"626,370.49",17/11/2009,20324547399,,,,,,,,
2895,ICA,"310,722.93",13/11/2009,10153587669,,,,,,,,
2896,ICA,"1,874,827.36",10/11/2009,20113675005,20489414270,,,,,,,
2897,ICA,"512,290.00",04/11/2009,10214068856,20452350417,,,,,,,
2898,ICA,"505,680.00",03/11/2009,10097515358,20410213142,,,,,,,
2899,ICA,"5,116,096.99",22/10/2009,20452457726,20398211414,20452562864,,,,,,
2900,ICA,"1,028,325.39",22/10/2009,20494694540,20452371414,,,,,,,
2901,ICA,"562,944.58",22/10/2009,20279551932,20452345766,,,,,,,
2902,ICA,"563,129.80",16/10/2009,10214463640,20506426155,,,,,,,
2903,ICA,"2,541,927.53",04/09/2009,10214633014,10214593403,,,,,,,
2904,ICA,"250,198.58",25/08/2009,20494667062,,,,,,,,
2905,ICA,"4,874,827.86",12/08/2009,20452371414,20367759551,,,,,,,
2906,ICA,"193,000.00",03/06/2009,20494461791,,,,,,,,
2907,ICA,"1,810,290.22",13/05/2009,20378664315,10081870492,10091476130,10090325073,,,,,
2908,ICA,"2,126,267.28",20/04/2009,20452371414,20367759551,,,,,,,
2909,ICA,"712,829.00",20/04/2009,20452721849,,,,,,,,
2910,ICA,"257,846.38",27/03/2009,10214633014,,,,,,,,
2911,ICA,"254,115.07",27/03/2009,10214593403,20494224829,,,,,,,
2912,ICA,"8,283,287.01",11/03/2009,10078495451,20452371414,20367759551,,,,,,
2913,ICA,"3,735,413.78",26/02/2009,10072222801,20367759551,,,,,,,
2914,ICA,"906,940.54",20/02/2009,20494565065,20215462910,,,,,,,
2915,ICA,"277,000.00",13/02/2009,10214593403,,,,,,,,
2916,ICA,"2,227,178.45",09/02/2009,20398211414,20452457726,,,,,,,
2917,ICA,"37,468,479.00",14/01/2011,99000007362,20492901793,20509593842,,,,,,
2918,ICA,"4,922,696.92",30/11/2010,20452808022,10153587669,,,,,,,
2919,ICA,"5,680,654.61",23/11/2010,20452562864,20452457726,,,,,,,
2920,ICA,"2,308,810.53",17/11/2010,20422894854,10061635624,20452437539,,,,,,
2921,ICA,"4,385,909.08",24/09/2010,20452371414,20367759551,,,,,,,
2922,ICA,"1,202,216.49",13/09/2010,20140404552,20505565577,,,,,,,
2923,ICA,"238,906.11",13/09/2010,20452457726,20494933633,,,,,,,
2924,ICA,"5,422,935.40",13/09/2010,20494890055,20367759551,,,,,,,
2925,ICA,"4,782,030.80",07/09/2010,20101049711,20215462910,,,,,,,
2926,ICA,"1,625,609.67",07/09/2010,20519706831,20126533447,,,,,,,
2927,ICA,"1,271,244.48",01/09/2010,20494511488,20279551932,20494678692,,,,,,
2928,ICA,"296,428.92",22/06/2010,20494915902,20494416736,20509650234,,,,,,
2929,ICA,"2,680,867.94",16/06/2010,10153587669,20452808022,,,,,,,
2930,ICA,"5,012,256.04",10/06/2010,20367759551,,,,,,,,
2931,ICA,"1,766,314.52",04/06/2010,20324547399,,,,,,,,
2932,ICA,"763,230.80",04/06/2010,20494386306,20452345766,,,,,,,
2933,ICA,"380,534.12",04/06/2010,20494461791,,,,,,,,
2934,ICA,"465,807.57",04/06/2010,10214068856,,,,,,,,
2935,ICA,"644,291.80",04/06/2010,20452350417,,,,,,,,
2936,ICA,"674,017.15",31/05/2010,20452468418,,,,,,,,
2937,ICA,"182,145.51",27/05/2010,20452345766,,,,,,,,
2938,ICA,"1,821,456.91",30/04/2010,10078495451,,,,,,,,
2939,ICA,"5,208,632.89",13/04/2010,20452371414,20367759551,,,,,,,
2940,ICA,"1,352,717.68",06/04/2010,20452799953,20452457726,,,,,,,
2941,ICA,"694,885.72",25/03/2010,20486059827,20410213142,,,,,,,
2942,ICA,"688,875.94",23/03/2010,20336707618,10214463640,,,,,,,
2943,ICA,"328,409.23",04/03/2010,20452258529,,,,,,,,
2944,ICA,"1,189,379.22",04/03/2010,20279551932,,,,,,,,
2945,ICA,"495,080.08",02/03/2010,10078495451,10215280026,,,,,,,
2946,ICA,"5,193,586.77",29/12/2011,20324547399,,,,,,,,
2947,ICA,"2,552,376.20",29/12/2011,20452457726,20452799953,20452795532,,,,,,
2948,ICA,"2,453,219.36",29/12/2011,10061635624,20505565577,,,,,,,
2949,ICA,"152,813.14",07/12/2011,20494367778,,,,,,,,
2950,ICA,"2,038,993.56",07/12/2011,20504569358,20506003351,,,,,,,
2951,ICA,"466,017.86",12/10/2011,10215258926,20452799953,,,,,,,
2952,ICA,"1,089,427.58",26/09/2011,20279551932,20494386306,,,,,,,
2953,ICA,"1,243,401.48",22/09/2011,20510711824,,,,,,,,
2954,ICA,"339,433.83",20/09/2011,20514991406,,,,,,,,
2955,ICA,"4,303,051.07",15/09/2011,20416167509,,,,,,,,
2956,ICA,"1,036,326.73",09/09/2011,20510711824,,,,,,,,
2957,ICA,"750,840.63",09/09/2011,20416167509,20515711008,,,,,,,
2958,ICA,"713,088.83",09/09/2011,20494207495,,,,,,,,
2959,ICA,"1,259,462.77",07/09/2011,10214463640,20512030204,20506426155,,,,,,
2960,ICA,"43,796.40",06/09/2011,20494565065,,,,,,,,
2961,ICA,"1,788,701.22",31/08/2011,20452799953,20452457726,,,,,,,
2962,ICA,"1,187,000.00",24/08/2011,20398345453,20516652366,,,,,,,
2963,ICA,"1,018,679.65",24/08/2011,20511237948,20416167509,20100350581,,,,,,
2964,ICA,"946,563.85",09/08/2011,20531408315,20365809179,,,,,,,
2965,ICA,"2,274,245.14",09/08/2011,10214291113,20472526449,,,,,,,
2966,ICA,"2,222,130.83",01/08/2011,20505026196,20505096721,20378395152,,,,,,
2967,ICA,"1,368,838.18",14/07/2011,20100350581,20416167509,,,,,,,
2968,ICA,"2,773,970.96",12/07/2011,20513825367,20505026196,,,,,,,
2969,ICA,"2,846,645.64",08/07/2011,20367759551,20452371414,10078495451,,,,,,
2970,ICA,"466,017.86",20/04/2011,20494461791,,,,,,,,
2971,ICA,"166,945.12",20/04/2011,10214626891,20495026303,,,,,,,
2972,ICA,"2,222,130.83",04/04/2011,20422894854,10061635624,20452437539,20534212969,,,,,
2973,ICA,"257,745.97",01/04/2011,20494749468,20494560420,,,,,,,
2974,ICA,"125,011.42",01/04/2011,20494508932,,,,,,,,
2975,ICA,"2,652,961.16",25/02/2011,20398345453,20505655215,20535510505,,,,,,
2976,ICA,"2,657,533.09",21/02/2011,20510711824,20324547399,,,,,,,
2977,ICA,"2,773,970.96",21/02/2011,20505026196,20513825367,20503993890,,,,,,
2978,ICA,"732,287.53",18/02/2011,20535510505,20505655215,,,,,,,
2979,ICA,"28,246,602.70",16/01/2013,20102297581,,,,,,,,
2980,ICA,"6,353,641.14",28/12/2012,20452562864,,,,,,,,
2981,ICA,"8,330,297.24",28/12/2012,10214463640,10214863443,,,,,,,
2982,ICA,"1,082,477.26",28/12/2012,20494341116,10214626891,,,,,,,
2983,ICA,"14,924,339.47",28/12/2012,20102297581,,,,,,,,
2984,ICA,"1,756,587.95",20/12/2012,20522045421,20365809179,,,,,,,
2985,ICA,"159,454.20",14/12/2012,20487322831,20541528335,,,,,,,
2986,ICA,"454,217.44",13/12/2012,20494386306,20452468418,,,,,,,
2987,ICA,"185,135.13",07/12/2012,20516147041,10215280026,,,,,,,
2988,ICA,"2,787,080.40",07/12/2012,10215556641,20452468418,,,,,,,
2989,ICA,"5,463,005.19",07/12/2012,20517491111,20506886661,20534221879,20494870615,,,,,
2990,ICA,"1,244,212.17",07/12/2012,20522134369,20505655215,,,,,,,
2991,ICA,"2,004,078.56",07/12/2012,20494403758,20534473177,20494207495,,,,,,
2992,ICA,"5,135,973.00",23/11/2012,20254813720,20519706831,,,,,,,
2993,ICA,"801,790.54",21/11/2012,20336707618,20548345431,,,,,,,
2994,ICA,"5,350,095.17",26/10/2012,10214463640,20495169244,10214863443,,,,,,
2995,ICA,"1,871,605.07",16/10/2012,20545825521,20481141134,20449252226,,,,,,
2996,ICA,"379,789.88",05/10/2012,20460420262,,,,,,,,
2997,ICA,"458,433.52",03/10/2012,20494765820,20494299161,20494367778,,,,,,
2998,ICA,"1,560,000.00",28/09/2012,20464032071,20516652366,,,,,,,
2999,ICA,"198,305.97",21/09/2012,20494511488,,,,,,,,
3000,ICA,"1,986,942.39",19/09/2012,20494386306,20494633834,20493580834,20494948070,20534212969,,,,
3001,ICA,"486,548.99",03/09/2012,10215280026,20516147041,,,,,,,
3002,ICA,"199,266.80",22/08/2012,20495046088,,,,,,,,
3003,ICA,"4,563,173.32",21/08/2012,20449252226,20504846459,20481141134,20477296964,20545825521,20439867087,,,
3004,ICA,"2,788,201.24",09/08/2012,20403160190,20513145731,,,,,,,
3005,ICA,"4,396,533.00",09/08/2012,20494386306,20494432693,20493580834,20494633834,,,,,
3006,ICA,"192,914.35",19/07/2012,20494511488,,,,,,,,
3007,ICA,"227,461.89",18/07/2012,20452345766,10288219767,,,,,,,
3008,ICA,"245,061.35",18/07/2012,20494508932,,,,,,,,
3009,ICA,"1,175,710.15",18/07/2012,20332558456,20261295246,,,,,,,
3010,ICA,"2,008,994.65",18/07/2012,20367759551,,,,,,,,
3011,ICA,"998,591.76",17/07/2012,20504617000,20494299161,20494393779,20494765820,20494367778,,,,
3012,ICA,"839,463.97",13/07/2012,20534164549,20494680085,,,,,,,
3013,ICA,"4,389,193.99",09/07/2012,20416167509,,,,,,,,
3014,ICA,"1,105,235.77",26/06/2012,20534339799,20324547399,20494846668,,,,,,
3015,ICA,"5,362,856.68",04/06/2012,20505655215,,,,,,,,
3016,ICA,"1,950,291.95",04/05/2012,20418177986,20544288475,20568223307,10266854892,20486298147,,,,
3017,ICA,"915,708.95",02/05/2012,20494324025,20521323711,20505565577,,,,,,
3018,ICA,"2,130,214.22",18/04/2012,20311657250,20365809179,,,,,,,
3019,ICA,"159,567.94",12/04/2012,10079417551,20171390614,,,,,,,
3020,ICA,"2,717,304.00",11/04/2012,20519706831,20519685061,,,,,,,
3021,ICA,"4,379,021.41",02/04/2012,20367759551,,,,,,,,
3022,ICA,"8,688,664.35",02/04/2012,10257778113,20535510505,20505026196,,,,,,
3023,ICA,"3,441,240.05",02/04/2012,20494280737,20332558456,20494914761,20494461791,20452587182,,,,
3024,ICA,"1,056,686.98",28/03/2012,20494565065,20279551932,10214626891,,,,,,
3025,ICA,"369,145.37",20/03/2012,20416087653,20535885819,,,,,,,
3026,ICA,"1,077,022.82",12/03/2012,20452345766,20452468418,,,,,,,
3027,ICA,"18,739.05",07/03/2012,20516623935,,,,,,,,
3028,ICA,"11,295,979.30",06/03/2012,10078495451,20452371414,20367759551,,,,,,
3029,ICA,"3,172,027.20",10/02/2012,20452371414,20367759551,,,,,,,
3030,ICA,"2,878,232.73",26/01/2012,20336707618,20494565065,20310750256,,,,,,
3031,ICA,"3,726,924.27",24/01/2012,20492372197,20506426155,20493580834,20534212969,,,,,
3032,ICA,"2,829,027.63",16/12/2013,20494633834,20494386306,,,,,,,
3033,ICA,"2,388,300.00",11/12/2013,20126533447,,,,,,,,
3034,ICA,"662,190.41",04/12/2013,20494299161,20494367778,,,,,,,
3035,ICA,"3,502,975.55",04/12/2013,10215556641,20494461791,,,,,,,
3036,ICA,"8,994,306.60",29/11/2013,10066089393,20536992350,20509056081,,,,,,
3037,ICA,"497,774.24",27/11/2013,20367485915,20494686369,,,,,,,
3038,ICA,"3,922,802.23",18/11/2013,20509632091,10214463640,20506426155,,,,,,
3039,ICA,"277,628.83",15/11/2013,20494367778,,,,,,,,
3040,ICA,"779,068.13",15/11/2013,20494461791,20452587182,,,,,,,
3041,ICA,"610,733.33",11/11/2013,20494686369,20367485915,,,,,,,
3042,ICA,"7,665,560.05",08/11/2013,20534636220,20445254615,20217225966,,,,,,
3043,ICA,"17,533,163.06",07/11/2013,20452371414,20367759551,,,,,,,
3044,ICA,"11,029,845.20",14/10/2013,20522880371,20549306234,20127024341,20324547399,,,,,
3045,ICA,"1,273,410.09",11/10/2013,20452587182,,,,,,,,
3046,ICA,"5,476,451.12",10/12/2014,20505655215,,,,,,,,
3047,ICA,"207,443.54",10/10/2014,20494367778,20494309654,,,,,,,
3048,ICA,"14,534,717.93",08/09/2014,20100047218,,,,,,,,
3049,ICA,"3,783,655.00",04/09/2015,20508274298,20107211480,,,,,,,
3050,ICA,"4,731,460.15",01/07/2015,20341551278,20101218172,20508274298,20548221545,,,,,
3051,ICA,"2,464,966.30",17/06/2015,20530715893,20534171243,20571238421,20488415973,20600014456,,,,
3052,ICA,"3,450,939.44",30/04/2015,20530592520,20534030691,20533642765,20534013508,,,,,
3053,ICA,"5,703,131.64",17/04/2015,20488415973,20530592520,20530865518,20530715893,20571238421,,,,
3054,ICA,"947,817.00",28/11/2017,10214140042,20494713609,,,,,,,
3055,ICA,"489,239.57",28/11/2017,10401925461,,,,,,,,
3056,ICA,"947,817.00",28/08/2017,20494404134,20494535409,,,,,,,
3057,ICA,"489,239.57",28/08/2017,20494404134,10425330662,,,,,,,
3058,ICA,"1,046,239.86",27/02/2017,20494682703,20600250010,,,,,,,
3059,ICA,"1,296,362.38",02/12/2016,20494713609,,,,,,,,
3060,ICA,"3,641,089.40",02/11/2016,20460420262,20556731013,,,,,,,
3061,ICA,"1,046,239.86",06/10/2016,10222424173,20494419671,,,,,,,
3062,ICA,"3,963,257.21",05/10/2016,20516652366,20515427385,20477875484,,,,,,
3063,ICA,"3,068,424.14",05/10/2016,10214144439,10401925461,,,,,,,
3064,ICA,"4,185,794.13",05/10/2016,20126533447,,,,,,,,
3065,ICA,"3,895,961.81",13/06/2016,20100110513,,,,,,,,
3066,ICA,"2,845,316.17",06/11/2017,20101520898,20100028698,,,,,,,
3067,ICA,"749,866.46",24/07/2017,20534656174,10215327146,20495198261,,,,,,
3068,ICA,"14,404,631.95",21/07/2017,20100136741,20114803228,20137916437,,,,,,
3069,ICA,"749,866.46",09/06/2017,20534656174,10215327146,20495198261,,,,,,
3070,ICA,"1,206,100.81",15/05/2017,20494682703,,,,,,,,
3071,ICA,"13,941,634.63",02/05/2018,20531659075,20445575411,,,,,,,
3072,ICA,"1,187,106.55",11/11/2019,20452808022,,,,,,,,
3073,ICA,"16,199,501.07",27/05/2019,20503981298,20494633834,20494951020,,,,,,
3074,ICA,"30,000,000.00",22/05/2019,20504645046,20100136741,,,,,,,
3075,ICA,"19,620,000.00",28/03/2019,20367759551,20494642582,,,,,,,
3076,ICA,"21,459,326.12",04/12/2020,20452371414,20367759551,,,,,,,
3077,ICA,"15,419,255.48",30/11/2020,20603476400,20523386469,,,,,,,
3078,ICA,"14,888,637.72",05/11/2020,20494263484,20534500247,,,,,,,
3079,ICA,"3,254,433.45",03/11/2021,20452468418,,,,,,,,
3080,ICA,"4,542,407.28",29/10/2021,20527479704,,,,,,,,
3081,ICA,"13,881,746.83",21/10/2021,20527479704,20527267511,,,,,,,
3082,ICA,"4,526,343.29",06/10/2021,20508326433,,,,,,,,
3083,ICA,"34,712,531.68",09/04/2021,20367759551,,,,,,,,
3084,ICA,"20,291,277.63",14/12/2022,20602258395,20523386469,,,,,,,
3085,ICA,"1,727,967.39",09/11/2022,20486753791,,,,,,,,
3086,ICA,"65,150,648.35",04/10/2022,20537169207,20517562158,,,,,,,
3087,ICA,"3,442,803.74",04/10/2022,20547282559,,,,,,,,
3088,ICA,"89,584,307.00",15/08/2022,20537169207,20517562158,,,,,,,
3089,ICA,"5,104,651.85",05/07/2022,20508326433,,,,,,,,
3090,ICA,"10,676,027.70",04/07/2022,20367759551,,,,,,,,
3091,ICA,"4,595,763.71",16/06/2022,20261295246,20268887785,,,,,,,
3092,ICA,"3,442,803.74",10/06/2022,20547282559,,,,,,,,
3093,ICA,"75,720,833.36",03/06/2022,20531659075,20445575411,20532002819,,,,,,
3094,ICA,"9,449,640.85",27/05/2022,20452371414,,,,,,,,
3095,ICA,"1,795,366.45",26/05/2022,20495031137,20600472233,,,,,,,
3096,ICA,"4,145,476.99",26/05/2022,20514444341,,,,,,,,
3097,ICA,"15,414,784.08",25/05/2022,20485988468,20486753791,,,,,,,
3098,ICA,"2,959,264.81",03/05/2022,20534393572,20534749008,,,,,,,
3099,ICA,"2,050,607.52",22/04/2022,20536704231,,,,,,,,
3100,ICA,"3,138,076.77",23/03/2022,20510711824,,,,,,,,
3101,ICA,"15,175,948.27",16/03/2022,20452468418,20494263484,,,,,,,
3102,ICA,"3,437,211.60",02/03/2022,20508326433,,,,,,,,
3103,ICA,"4,803,066.82",27/01/2022,20452457726,20600689020,,,,,,,
3104,ICA,"12,695,936.04",17/01/2022,20600472233,20494263484,,,,,,,
3105,ICA,"1,505,284.28",22/12/2023,10218158736,,,,,,,,
3106,ICA,"4,974,084.10",21/12/2023,20495198261,20606457945,,,,,,,
3107,ICA,"15,553,933.14",20/12/2023,20510874022,,,,,,,,
3108,ICA,"8,200,950.61",20/12/2023,20452523451,20606457945,,,,,,,
3109,ICA,"2,989,296.38",20/12/2023,20494951020,20494665876,,,,,,,
3110,ICA,"4,544,000.00",19/12/2023,20531681089,20531659075,,,,,,,
3111,ICA,"7,775,655.39",19/12/2023,20452795532,,,,,,,,
3112,ICA,"3,446,238.72",19/12/2023,20494508932,20495171737,,,,,,,
3113,ICA,"5,053,410.30",23/11/2023,20494263484,20600472233,,,,,,,
3114,ICA,"995,074.81",20/11/2023,20531065019,20542049228,,,,,,,
3115,ICA,"4,994,134.56",31/10/2023,20494207495,20494951020,,,,,,,
3116,ICA,"3,124,033.66",25/10/2023,20494207495,,,,,,,,
3117,ICA,"11,757,805.64",24/10/2023,20367759551,,,,,,,,
3118,ICA,"4,162,004.10",24/10/2023,10215556641,20606457945,,,,,,,
3119,ICA,"6,051,594.47",22/08/2023,20542049228,20531065019,,,,,,,
3120,ICA,"332,866.98",15/08/2023,10401925461,,,,,,,,
3121,ICA,"69,724.67",15/08/2023,10401925461,,,,,,,,
3122,ICA,"2,361,766.81",01/06/2023,20494686369,20534393220,,,,,,,
3123,ICA,"375,699.67",12/04/2023,10214593403,,,,,,,,
3124,ICA,"9,965,552.02",05/12/2024,20494690552,20604749591,,,,,,,
3125,ICA,"2,738,299.95",05/12/2024,20494690552,20452795532,,,,,,,
3126,ICA,"6,894,311.41",05/12/2024,20541653156,20528910433,,,,,,,
3127,ICA,"678,847.53",26/11/2024,20600136586,,,,,,,,
3128,ICA,"3,973,480.98",15/11/2024,20494565065,20600472233,,,,,,,
3129,ICA,"14,645,435.88",06/11/2024,20534175664,20494665876,,,,,,,
3130,ICA,"2,379,769.18",27/09/2024,20534517131,20535195715,,,,,,,
3131,ICA,"2,363,087.20",03/09/2024,20600029798,,,,,,,,
3132,ICA,"13,465,969.74",26/08/2024,20407412592,20510711824,,,,,,,
3133,ICA,"753,000.00",23/08/2024,20607935972,20601158362,,,,,,,
3134,ICA,"1,554,587.25",22/08/2024,20604191522,20600998448,,,,,,,
3135,ICA,"43,788,654.52",22/08/2024,20494263484,20493606736,20606457945,,,,,,
3136,ICA,"8,292,039.27",21/08/2024,20494690552,20452457726,,,,,,,
3137,ICA,"3,772,439.61",21/08/2024,20494674352,20534500247,,,,,,,
3138,ICA,"33,633,280.97",21/08/2024,20603202954,20531065019,20600292979,,,,,,
3139,ICA,"177,013.35",19/08/2024,10401925461,20452777470,,,,,,,
3140,ICA,"48,336,880.82",09/08/2024,20534220473,20605898905,20534500247,,,,,,
3141,ICA,"48,336,880.82",12/04/2024,20534500247,20605898905,20494263484,,,,,,
3142,ICA,"6,038,928.67",05/03/2024,20544528026,20534220473,,,,,,,
3143,JUNIN,"1,085,000.00",15/02/2013,20486572061,20486230933,20487345025,,,,,,
3144,JUNIN,"1,513,055.35",28/12/2012,20393112329,20486093847,,,,,,,
3145,JUNIN,"1,116,738.75",27/12/2012,20541417851,20486970465,20486960401,,,,,,
3146,JUNIN,"1,070,993.20",26/12/2012,20503630827,20374904401,,,,,,,
3147,JUNIN,"3,450,878.39",21/12/2012,20319536699,20489522242,20486991381,,,,,,
3148,JUNIN,"842,836.45",21/12/2012,20407865112,20266458089,,,,,,,
3149,JUNIN,"1,174,222.59",18/12/2012,20281361296,,,,,,,,
3150,JUNIN,"964,605.35",14/12/2012,20507838805,20513051833,,,,,,,
3151,JUNIN,"1,199,582.51",14/12/2012,20281361296,,,,,,,,
3152,JUNIN,"1,825,395.10",27/11/2012,20507399534,20522779653,20513502941,,,,,,
3153,JUNIN,"3,040,718.64",26/11/2012,20486845725,20402277689,10200724840,20485988468,,,,,
3154,JUNIN,"2,352,122.40",20/11/2012,20503630827,20374904401,,,,,,,
3155,JUNIN,"2,765,843.00",22/10/2012,20504320686,20486792001,,,,,,,
3156,JUNIN,"3,040,205.25",22/10/2012,20504320686,20508703911,,,,,,,
3157,JUNIN,"84,562,085.00",25/09/2012,20102297581,20131354950,,,,,,,
3158,JUNIN,"7,469,087.00",20/09/2012,20486792001,20131354950,,,,,,,
3159,JUNIN,"1,280,500.00",29/08/2012,20513051833,20507838805,,,,,,,
3160,JUNIN,"1,644,346.18",29/08/2012,20486845725,20101218172,,,,,,,
3161,JUNIN,"1,681,172.61",23/08/2012,20507399534,20513502941,20522779653,,,,,,
3162,JUNIN,"1,506,700.39",23/08/2012,20513502941,20507399534,,,,,,,
3163,JUNIN,"2,293,786.00",07/08/2012,20504320686,20101218172,,,,,,,
3164,JUNIN,"3,891,062.91",28/05/2012,20349311608,20525413871,10103203576,20257427022,,,,,
3165,JUNIN,"3,311,510.00",11/05/2012,20131354950,20486792001,,,,,,,
3166,JUNIN,"8,227,503.27",10/05/2012,20341551278,20504320686,20432730604,20267177105,20487330770,,,,
3167,JUNIN,"4,323,400.00",28/03/2012,20131354950,20101218172,20486792001,,,,,,
3168,JUNIN,"206,807,474.66",18/12/2013,20102297581,20548040320,,,,,,,
3169,JUNIN,"2,888,000.00",19/09/2013,20487345025,20486789558,,,,,,,
3170,JUNIN,"1,820,923.43",21/08/2013,20257427022,10103203576,20486093847,,,,,,
3171,JUNIN,"1,968,324.68",02/08/2013,10200724840,20485988468,,,,,,,
3172,JUNIN,"879,878.19",19/07/2013,20481084076,,,,,,,,
3173,JUNIN,"1,114,513.66",19/07/2013,20481084076,,,,,,,,
3174,JUNIN,"2,679,500.00",19/07/2013,20486130718,,,,,,,,
3175,JUNIN,"1,080,000.00",12/07/2013,20402277689,10204437594,,,,,,,
3176,JUNIN,"1,285,958.54",24/06/2013,20281361296,,,,,,,,
3177,JUNIN,"3,833,935.44",18/06/2013,20515427385,20281361296,,,,,,,
3178,JUNIN,"147,986,209.49",14/06/2013,20486792001,20549024417,20475262647,,,,,,
3179,JUNIN,"1,331,706.62",28/05/2013,20486230933,20487143155,,,,,,,
3180,JUNIN,"1,382,000.00",24/05/2013,20393641747,20486666715,20486478803,,,,,,
3181,JUNIN,"1,093,000.00",10/05/2013,20487105067,20486478803,10200302988,10427695358,20486893029,,,,
3182,JUNIN,"1,228,430.50",08/05/2013,20494740673,20568363575,,,,,,,
3183,JUNIN,"1,120,500.00",03/05/2013,20223411461,20486990229,,,,,,,
3184,JUNIN,"6,345,000.00",26/04/2013,20101218172,20432730604,20341551278,,,,,,
3185,JUNIN,"865,000.00",15/04/2013,20568385200,20486960401,20541556380,,,,,,
3186,JUNIN,"971,323.64",15/04/2013,20568385200,20541556380,20486960401,,,,,,
3187,JUNIN,"1,048,000.00",04/04/2013,20485988468,20568257627,,,,,,,
3188,JUNIN,"1,290,253.96",04/04/2013,10427695358,10200302988,20444469871,20487105067,20486893029,,,,
3189,JUNIN,"1,145,500.00",04/04/2013,10204437594,20485988468,,,,,,,
3190,JUNIN,"979,053.07",03/04/2013,20541586530,20393112329,,,,,,,
3191,JUNIN,"869,874.16",03/04/2013,20541586530,20393112329,,,,,,,
3192,JUNIN,"765,066.82",22/03/2013,20541417851,20486942411,20485861395,,,,,,
3193,JUNIN,"642,832.19",20/03/2013,20541417851,20486942411,,,,,,,
3194,JUNIN,"699,491.23",20/03/2013,20485988468,,,,,,,,
3195,JUNIN,"731,207.92",13/03/2013,20486230933,20487143155,,,,,,,
3196,JUNIN,"1,200,000.00",19/02/2013,20486130718,,,,,,,,
3197,JUNIN,"1,053,498.09",18/02/2013,20513051833,20507838805,,,,,,,
3198,JUNIN,"1,102,000.00",14/05/2015,20486572061,20487345025,,,,,,,
3199,JUNIN,"1,102,000.00",26/11/2014,20487345025,20486572061,,,,,,,
3200,JUNIN,"1,846,797.96",14/11/2014,99000015730,20282062080,,,,,,,
3201,JUNIN,"76,782,657.94",31/10/2014,20282062080,20451566301,,,,,,,
3202,JUNIN,"2,990,111.03",31/10/2014,20503379521,20568971273,,,,,,,
3203,JUNIN,"4,056,828.11",07/10/2014,20489595045,20529066521,20489280567,20489650674,,,,,
3204,JUNIN,"3,831,207.14",02/10/2014,10102838721,20568971273,,,,,,,
3205,JUNIN,"153,744,525.52",24/09/2014,20537777592,99000010487,20475262647,,,,,,
3206,JUNIN,"12,030,750.39",01/09/2014,20100047218,20101045995,,,,,,,
3207,JUNIN,"9,913,492.42",01/09/2014,20101045995,20100047218,,,,,,,
3208,JUNIN,"1,741,187.27",08/08/2014,20569013535,20486230933,20515294725,20486093847,,,,,
3209,JUNIN,"5,951,000.00",25/07/2014,20487105067,10427695358,20393641747,20568357419,20489522242,,,,
3210,JUNIN,"1,117,441.31",19/06/2014,20402277689,20515360370,,,,,,,
3211,JUNIN,"1,117,000.00",09/04/2014,20486419971,20487277518,,,,,,,
3212,JUNIN,"806,486.18",07/04/2014,20486230933,20487143155,,,,,,,
3213,JUNIN,"10,365,669.45",19/03/2014,20568688105,20215342345,20383676411,20487146928,20485988468,,,,
3214,JUNIN,"2,484,980.69",10/03/2014,20515360370,20257427022,20391712361,,,,,,
3215,JUNIN,"1,138,000.00",20/02/2014,20393142589,20486807122,20393641747,,,,,,
3216,JUNIN,"901,600.00",13/02/2014,20486970465,20486960401,20541473174,,,,,,
3217,JUNIN,"945,555.04",06/02/2014,20486789558,20487345025,,,,,,,
3218,JUNIN,"1,105,000.00",06/02/2014,20393641747,20486666715,,,,,,,
3219,JUNIN,"20,104,585.03",04/04/2016,20503993890,20505026196,20533665463,,,,,,
3220,JUNIN,"13,588,568.78",31/12/2015,20445254615,20407987650,,,,,,,
3221,JUNIN,"1,207,933.18",31/12/2015,20568133812,20529073225,,,,,,,
3222,JUNIN,"78,825,239.00",31/12/2015,20475262647,20536715518,20106758477,20523617614,,,,,
3223,JUNIN,"1,990,048.61",24/12/2015,20536294661,,,,,,,,
3224,JUNIN,"5,199,000.00",14/12/2015,20360672418,,,,,,,,
3225,JUNIN,"909,299.80",02/12/2015,20543764303,20489531152,,,,,,,
3226,JUNIN,"1,372,704.14",26/11/2015,20494257590,,,,,,,,
3227,JUNIN,"1,347,877.00",12/11/2015,20393883082,20489627770,20493864786,20600014456,,,,,
3228,JUNIN,"1,243,562.26",09/11/2015,20487345025,,,,,,,,
3229,JUNIN,"1,312,395.19",06/11/2015,20477160710,20568986386,,,,,,,
3230,JUNIN,"1,124,569.24",06/11/2015,20486701642,20568986386,,,,,,,
3231,JUNIN,"1,124,300.00",06/11/2015,20541556037,20487274683,20486678489,,,,,,
3232,JUNIN,"1,231,804.32",30/10/2015,20533974415,10178111201,,,,,,,
3233,JUNIN,"1,228,977.12",28/10/2015,20486093847,20529182199,20487300609,10199869677,,,,,
3234,JUNIN,"1,241,214.48",23/10/2015,20568071442,20487049990,20486959496,20600540581,,,,,
3235,JUNIN,"565,758.98",22/10/2015,20492473899,20600370465,,,,,,,
3236,JUNIN,"1,860,094.31",21/10/2015,20506298301,20529202998,,,,,,,
3237,JUNIN,"2,348,788.54",21/10/2015,20529033436,20489601541,,,,,,,
3238,JUNIN,"1,777,260.68",20/10/2015,20541462644,20568649461,20487274683,20568181469,,,,,
3239,JUNIN,"1,177,276.80",12/10/2015,20492473899,20541332350,,,,,,,
3240,JUNIN,"1,294,612.66",12/10/2015,20487049990,20486959496,,,,,,,
3241,JUNIN,"1,438,956.69",12/10/2015,20408006628,20536907930,20534028106,,,,,,
3242,JUNIN,"1,619,611.44",12/10/2015,20516765641,20529182199,,,,,,,
3243,JUNIN,"1,401,981.91",12/10/2015,20536294661,,,,,,,,
3244,JUNIN,"1,260,095.39",05/10/2015,20486960401,10411514698,,,,,,,
3245,JUNIN,"1,867,523.65",02/10/2015,20102196393,20486554160,,,,,,,
3246,JUNIN,"2,061,943.48",01/10/2015,20489601541,20529033436,,,,,,,
3247,JUNIN,"1,903,067.06",01/10/2015,20568726554,20568237430,20541305387,20486789558,,,,,
3248,JUNIN,"1,780,528.24",01/10/2015,20486572061,20600200641,,,,,,,
3249,JUNIN,"1,635,153.23",01/10/2015,20568199759,20486960401,,,,,,,
3250,JUNIN,"1,757,352.87",30/09/2015,20534033525,20534001593,20534004185,,,,,,
3251,JUNIN,"1,455,404.57",30/09/2015,20556065102,20518943830,20515294725,,,,,,
3252,JUNIN,"1,608,963.70",30/09/2015,20486583348,20486914557,20568612036,10199322783,,,,,
3253,JUNIN,"1,359,348.65",30/09/2015,20487243290,20486960401,20600204468,,,,,,
3254,JUNIN,"1,112,467.98",30/09/2015,20494257590,20568905726,20600295480,,,,,,
3255,JUNIN,"671,214.22",30/09/2015,20486971861,,,,,,,,
3256,JUNIN,"1,354,084.58",30/09/2015,10415365093,20487105067,,,,,,,
3257,JUNIN,"1,126,265.97",30/09/2015,20408006628,20536907930,,,,,,,
3258,JUNIN,"1,566,420.32",30/09/2015,20486397714,20600369319,,,,,,,
3259,JUNIN,"1,532,204.03",18/09/2015,20494257590,,,,,,,,
3260,JUNIN,"886,996.48",18/09/2015,20486783606,,,,,,,,
3261,JUNIN,"1,346,177.49",18/09/2015,20486783606,,,,,,,,
3262,JUNIN,"1,574,167.19",17/09/2015,20600388909,20486572061,,,,,,,
3263,JUNIN,"2,077,874.14",15/09/2015,20486753791,20486783606,20486971275,,,,,,
3264,JUNIN,"1,269,377.91",01/09/2015,20408036705,20600292979,,,,,,,
3265,JUNIN,"1,228,977.12",01/09/2015,20486093847,20529182199,20487300609,10199869677,,,,,
3266,JUNIN,"1,290,101.72",31/08/2015,20568986386,20486572061,,,,,,,
3267,JUNIN,"30,307,075.20",21/08/2015,20550267692,10157044414,20469173756,,,,,,
3268,JUNIN,"1,256,440.82",21/08/2015,20569181756,20486960401,,,,,,,
3269,JUNIN,"1,063,018.53",21/08/2015,20600200641,20486960401,,,,,,,
3270,JUNIN,"1,619,005.90",31/07/2015,20529270560,20600224850,20489723060,,,,,,
3271,JUNIN,"1,699,123.08",31/07/2015,20569181756,20512058559,20509958875,,,,,,
3272,JUNIN,"1,655,908.53",31/07/2015,20530592520,20488415973,20600104668,,,,,,
3273,JUNIN,"1,571,573.57",23/07/2015,20486960401,20568357419,20600163265,20568230184,,,,,
3274,JUNIN,"1,605,153.27",22/07/2015,20486959496,20568071442,20487049990,20486457393,,,,,
3275,JUNIN,"5,057,068.48",16/07/2015,20486959496,20486042932,,,,,,,
3276,JUNIN,"1,193,000.00",15/07/2015,20486802911,20568275013,20486942411,20486037777,,,,,
3277,JUNIN,"1,896,102.41",15/07/2015,20488415973,20530592520,20571123364,,,,,,
3278,JUNIN,"1,594,690.73",15/07/2015,20445727611,20532025606,,,,,,,
3279,JUNIN,"1,157,288.40",15/07/2015,20445596176,20477160710,,,,,,,
3280,JUNIN,"1,426,018.02",14/07/2015,20569181756,20486572061,,,,,,,
3281,JUNIN,"1,499,976.72",14/07/2015,20529202998,20489528283,,,,,,,
3282,JUNIN,"1,508,511.23",14/07/2015,20486572061,20600200641,,,,,,,
3283,JUNIN,"1,567,593.85",14/07/2015,20568071442,20486457393,20486959496,20487049990,,,,,
3284,JUNIN,"1,563,631.52",14/07/2015,20486299038,20568914806,,,,,,,
3285,JUNIN,"1,881,445.94",14/07/2015,20536153927,20486959496,20487049990,20486457393,,,,,
3286,JUNIN,"2,509,150.30",13/07/2015,20487034887,20489739900,,,,,,,
3287,JUNIN,"1,266,673.49",13/07/2015,20487300609,20516765641,,,,,,,
3288,JUNIN,"3,197,273.01",06/07/2015,20518943830,20515294725,20486093847,,,,,,
3289,JUNIN,"1,702,025.86",03/07/2015,20487300609,20516765641,,,,,,,
3290,JUNIN,"1,359,580.41",03/07/2015,20496159811,20529467606,20491772671,,,,,,
3291,JUNIN,"1,134,007.06",03/07/2015,20515294725,20486093847,20518943830,20541341693,,,,,
3292,JUNIN,"1,458,634.26",03/07/2015,20519345634,20487300609,20516765641,,,,,,
3293,JUNIN,"1,402,778.58",03/07/2015,20486093847,20518943830,20515294725,,,,,,
3294,JUNIN,"3,704,667.74",30/12/2016,20568476698,20600540581,20486298147,,,,,,
3295,JUNIN,"741,060.56",30/12/2016,20486959739,20487022366,,,,,,,
3296,JUNIN,"1,198,982.88",14/12/2016,20487292401,20401836471,,,,,,,
3297,JUNIN,"245,295.94",30/11/2016,20487292401,20487345025,20487083314,,,,,,
3298,JUNIN,"245,295.00",22/11/2016,20489680310,,,,,,,,
3299,JUNIN,"245,250.00",22/11/2016,20487292401,20487083314,20487345025,,,,,,
3300,JUNIN,"1,099,461.33",31/10/2016,20494257590,20568924941,,,,,,,
3301,JUNIN,"1,157,334.37",31/10/2016,20489650674,20489573661,,,,,,,
3302,JUNIN,"397,611.00",27/10/2016,20487345025,20487292401,,,,,,,
3303,JUNIN,"397,611.22",27/10/2016,20568275013,20487326586,,,,,,,
3304,JUNIN,"252,295.94",26/10/2016,20486591367,10200388033,,,,,,,
3305,JUNIN,"254,323.52",26/10/2016,20486991381,20568753284,,,,,,,
3306,JUNIN,"252,295.94",26/10/2016,20486991381,20555251531,,,,,,,
3307,JUNIN,"252,295.94",26/10/2016,20487345025,20600989481,,,,,,,
3308,JUNIN,"252,295.94",26/10/2016,20487345025,20487083314,,,,,,,
3309,JUNIN,"252,200.00",25/10/2016,20600018826,,,,,,,,
3310,JUNIN,"252,295.94",24/10/2016,20555251531,20486991381,,,,,,,
3311,JUNIN,"251,035.00",24/10/2016,20486991381,20555251531,,,,,,,
3312,JUNIN,"397,611.22",24/10/2016,20487345025,20600989481,,,,,,,
3313,JUNIN,"252,295.94",24/10/2016,10200388033,20600955960,20486850133,,,,,,
3314,JUNIN,"252,295.94",24/10/2016,20487345025,20487083314,20487292401,,,,,,
3315,JUNIN,"252,295.94",24/10/2016,20401722972,,,,,,,,
3316,JUNIN,"252,295.88",24/10/2016,20541450476,20555424222,,,,,,,
3317,JUNIN,"397,611.22",24/10/2016,20568345755,,,,,,,,
3318,JUNIN,"252,295.94",24/10/2016,10200388033,,,,,,,,
3319,JUNIN,"252,295.91",24/10/2016,20486299038,20486850133,20600955960,,,,,,
3320,JUNIN,"252,295.94",24/10/2016,20486959496,,,,,,,,
3321,JUNIN,"252,295.94",24/10/2016,20541450476,20555424222,,,,,,,
3322,JUNIN,"33,035,446.49",20/10/2016,20489517320,20548123888,20563373009,,,,,,
3323,JUNIN,"83,226,863.74",20/10/2016,20548123888,20554462376,,,,,,,
3324,JUNIN,"1,119,533.07",17/10/2016,10200388033,20486427567,,,,,,,
3325,JUNIN,"1,837,635.23",17/10/2016,10200388033,20486300575,20600955960,20486850133,,,,,
3326,JUNIN,"1,226,091.72",17/10/2016,20445596176,20569181756,,,,,,,
3327,JUNIN,"2,431,268.46",08/09/2016,20445596176,20600200641,,,,,,,
3328,JUNIN,"4,432,283.34",08/09/2016,20600200641,20486960401,20601099579,,,,,,
3329,JUNIN,"6,286,166.45",19/08/2016,20568039557,20601257751,20600961072,20486042932,20486959496,,,,
3330,JUNIN,"1,417,945.55",17/08/2016,20445596176,20600515901,,,,,,,
3331,JUNIN,"1,750,734.37",17/08/2016,20568914806,20445596176,,,,,,,
3332,JUNIN,"18,700,834.79",15/12/2017,20452477671,20602665233,,,,,,,
3333,JUNIN,"1,050,600.00",10/08/2017,20486037777,20568275013,,,,,,,
3334,JUNIN,"15,247,125.61",05/07/2017,20536715518,20525051278,,,,,,,
3335,JUNIN,"3,441,467.79",27/06/2017,20486774445,20487315461,,,,,,,
3336,JUNIN,"9,994,154.31",27/06/2017,20569181756,20445596176,20408114943,,,,,,
3337,JUNIN,"14,000,768.15",18/05/2017,20445420990,20601232988,,,,,,,
3338,JUNIN,"40,855,897.57",15/03/2017,20601906857,20351575574,20523013603,,,,,,
3339,JUNIN,"1,748,234.14",09/03/2017,20515360370,20600955960,,,,,,,
3340,JUNIN,"142,820,842.01",29/11/2018,99000027631,20352428648,,,,,,,
3341,JUNIN,"987,916.54",19/10/2018,20489517320,10075769372,,,,,,,
3342,JUNIN,"3,045,005.75",26/09/2018,20485988468,,,,,,,,
3343,JUNIN,"1,638,814.64",17/09/2018,20568327773,20568963335,,,,,,,
3344,JUNIN,"956,000.00",07/09/2018,20486572061,20603044950,,,,,,,
3345,JUNIN,"195,955.81",23/08/2018,20541314882,20600129857,,,,,,,
3346,JUNIN,"149,624,207.94",22/08/2018,99000028831,99000027401,20571493374,,,,,,
3347,JUNIN,"77,688,430.99",12/07/2018,20602703119,20554462376,,,,,,,
3348,JUNIN,"1,222,000.70",27/06/2018,20603044950,20486572061,,,,,,,
3349,JUNIN,"2,043,526.57",27/06/2018,20568275013,20486037777,,,,,,,
3350,JUNIN,"1,410,000.00",27/06/2018,20600955960,20541517139,,,,,,,
3351,JUNIN,"2,357,593.50",27/06/2018,20569181756,20509958875,,,,,,,
3352,JUNIN,"2,340,092.00",27/06/2018,20573879041,20487315461,20568731477,,,,,,
3353,JUNIN,"2,491,898.98",27/06/2018,20382300425,20518988931,,,,,,,
3354,JUNIN,"1,832,216.78",31/05/2018,20486774445,20487049990,,,,,,,
3355,JUNIN,"1,500,955.92",31/05/2018,20600942663,20319094815,,,,,,,
3356,JUNIN,"108,415,000.00",19/04/2018,20510693826,20487292401,20556147508,20601169941,,,,,
3357,JUNIN,"2,980,207.54",06/04/2018,20569181756,20445596176,,,,,,,
3358,JUNIN,"1,331,855.91",04/04/2018,20393340208,20509186961,,,,,,,
3359,JUNIN,"54,592,093.95",28/03/2018,20505789092,20218090550,20568168799,20445794211,20487034887,,,,
3360,JUNIN,"80,688,434.01",23/09/2019,20486774445,20351575574,,,,,,,
3361,JUNIN,"1,586,686.32",19/08/2019,20494257590,20573907788,,,,,,,
3362,JUNIN,"33,678,938.16",14/08/2019,20511317038,20110614609,,,,,,,
3363,JUNIN,"81,182,490.96",25/06/2019,20351575574,20601317738,20600243226,,,,,,
3364,JUNIN,"149,372,506.10",07/06/2019,20489575362,20548123888,20452526809,,,,,,
3365,JUNIN,"112,213,860.36",24/05/2019,20536715518,2056337300,,,,,,,
3366,JUNIN,"1,264,267.23",22/05/2019,20402277689,20600540581,,,,,,,
3367,JUNIN,"1,513,440.23",22/05/2019,20487181910,20486988755,,,,,,,
3368,JUNIN,"1,586,686.32",17/05/2019,20398613563,,,,,,,,
3369,JUNIN,"3,470,529.36",07/05/2019,20568986386,20486572061,,,,,,,
3370,JUNIN,"1,463,330.66",10/04/2019,20486990229,20603016743,20602591701,20568838352,,,,,
3371,JUNIN,"3,153,234.96",19/03/2019,20600021045,20487274683,,,,,,,
3372,JUNIN,"1,505,177.03",19/11/2020,20601665183,,,,,,,,
3373,JUNIN,"1,468,117.14",19/11/2020,20509186961,,,,,,,,
3374,JUNIN,"679,119.00",19/11/2020,20487201457,,,,,,,,
3375,JUNIN,"30,649,781.13",19/11/2020,20282062080,,,,,,,,
3376,JUNIN,"851,019.92",19/11/2020,20486439654,,,,,,,,
3377,JUNIN,"12,322,455.87",13/10/2020,20372366169,20605273557,20602267491,,,,,,
3378,JUNIN,"1,903,324.19",07/10/2020,20568161786,,,,,,,,
3379,JUNIN,"3,349,022.77",01/10/2020,20487345025,,,,,,,,
3380,JUNIN,"138,348,124.79",07/09/2020,20536612972,20602979173,,,,,,,
3381,JUNIN,"94,973,251.09",07/08/2020,20603798075,,,,,,,,
3382,JUNIN,"9,066,928.49",04/08/2020,20486960401,20546099220,,,,,,,
3383,JUNIN,"3,423,667.13",30/12/2021,20495042333,20574732400,20602262201,,,,,,
3384,JUNIN,"128,077,221.59",29/12/2021,20602979173,,,,,,,,
3385,JUNIN,"2,024,906.50",23/12/2021,20494854172,,,,,,,,
3386,JUNIN,"11,091,790.43",29/11/2021,20377890117,20600683650,,,,,,,
3387,JUNIN,"121,753,631.44",26/11/2021,20602979173,,,,,,,,
3388,JUNIN,"702,946.07",15/11/2021,20568992351,20541462644,,,,,,,
3389,JUNIN,"1,330,544.75",09/11/2021,20604384002,20494854172,,,,,,,
3390,JUNIN,"1,120,500.00",08/11/2021,20568838352,20568071876,,,,,,,
3391,JUNIN,"17,054,300.53",29/10/2021,20514402346,20529166151,20528901361,,,,,,
3392,JUNIN,"1,228,307.91",28/10/2021,20568535376,20568437528,,,,,,,
3393,JUNIN,"49,940,957.71",26/10/2021,20487499685,20487950301,20438494171,,,,,,
3394,JUNIN,"7,633,585.66",19/10/2021,20486573113,20486693283,,,,,,,
3395,JUNIN,"7,073,020.90",19/10/2021,20523070071,20232650444,,,,,,,
3396,JUNIN,"2,475,696.01",18/10/2021,20486887568,,,,,,,,
3397,JUNIN,"9,112,696.98",29/09/2021,20461112227,20568112220,,,,,,,
3398,JUNIN,"20,383,418.31",09/08/2021,20568223307,20486960401,20444927098,,,,,,
3399,JUNIN,"8,918,442.03",16/06/2021,20494854172,20407412592,,,,,,,
3400,JUNIN,"67,245,585.16",14/04/2021,20604269009,,,,,,,,
3401,JUNIN,"25,413,754.95",09/11/2022,20547097069,20501430669,,,,,,,
3402,JUNIN,"42,848,634.74",26/09/2022,20601143021,20514014419,,,,,,,
3403,JUNIN,"179,013,502.43",20/09/2022,20602371442,,,,,,,,
3404,JUNIN,"12,013,041.76",16/09/2022,20486975939,,,,,,,,
3405,JUNIN,"303,099,339.55",13/09/2022,20602371442,,,,,,,,
3406,JUNIN,"11,085,992.86",08/07/2022,20574750301,20574732400,,,,,,,
3407,JUNIN,"20,450,216.55",26/04/2022,20489517320,20452440912,,,,,,,
3408,JUNIN,"187,075,508.96",05/04/2022,20602371442,,,,,,,,
3409,JUNIN,"42,886,018.03",11/02/2022,20603476400,20600192087,,,,,,,
3410,JUNIN,"115,620,399.68",02/02/2022,20101884407,20529104988,,,,,,,
3411,JUNIN,"1,736,414.02",26/01/2022,20486573113,20600696654,,,,,,,
3412,JUNIN,"35,697,710.74",17/06/2024,20534666218,20494951020,,,,,,,
3413,JUNIN,"92,355,551.97",02/02/2024,20282062080,,,,,,,,
3414,JUNIN,"104,793,683.12",29/12/2023,20556939196,20608817141,,,,,,,
3415,JUNIN,"54,873,903.30",29/12/2023,20568992351,20600021045,20486774445,,,,,,
3416,JUNIN,"7,790,076.48",29/12/2023,20449249276,20486172399,,,,,,,
3417,JUNIN,"2,454,122.85",29/12/2023,20568275013,20601792789,,,,,,,
3418,JUNIN,"5,936,588.83",29/12/2023,20541453815,20604147957,,,,,,,
3419,JUNIN,"1,918,207.72",27/12/2023,20608578341,20571135885,,,,,,,
3420,JUNIN,"139,659,028.16",27/12/2023,20493537742,20600939620,,,,,,,
3421,JUNIN,"5,781,582.06",22/12/2023,20568050283,20600160347,20603923988,,,,,,
3422,JUNIN,"7,420,615.38",19/12/2023,20486103079,20610607111,,,,,,,
3423,JUNIN,"3,260,472.41",18/12/2023,20600021045,20486125391,,,,,,,
3424,JUNIN,"3,883,725.00",14/12/2023,20568868693,20568686749,,,,,,,
3425,JUNIN,"3,565,800.00",05/12/2023,20568778198,20568838352,,,,,,,
3426,JUNIN,"2,755,193.80",30/11/2023,20568161786,20487047512,,,,,,,
3427,JUNIN,"5,234,437.24",30/11/2023,20489605881,20573164114,20542408562,,,,,,
3428,JUNIN,"820,318.01",29/11/2023,20568223307,,,,,,,,
3429,JUNIN,"3,440,035.33",27/11/2023,20568161786,,,,,,,,
3430,JUNIN,"3,143,960.12",27/11/2023,20600021045,20601025869,,,,,,,
3431,JUNIN,"3,666,320.03",22/11/2023,20610515887,20556808768,20600129849,,,,,,
3432,JUNIN,"4,085,224.38",22/11/2023,20486845725,,,,,,,,
3433,JUNIN,"3,187,320.01",17/11/2023,20486404273,20609639971,,,,,,,
3434,JUNIN,"21,664,311.69",19/10/2023,20568275013,,,,,,,,
3435,JUNIN,"1,991,879.54",19/10/2023,20603015429,20486625954,20573884711,,,,,,
3436,JUNIN,"5,007,943.41",06/10/2023,20486397714,20601489521,,,,,,,
3437,JUNIN,"22,287,239.18",22/09/2023,20451464567,20489730864,,,,,,,
3438,JUNIN,"40,758,809.66",22/09/2023,20486042932,20487110141,,,,,,,
3439,JUNIN,"7,443,774.01",21/09/2023,20489614015,20529068655,20609789621,,,,,,
3440,JUNIN,"45,170,465.67",21/09/2023,99000035293,20213034708,20489604991,,,,,,
3441,JUNIN,"2,328,381.84",19/09/2023,20604662568,20541517139,,,,,,,
3442,JUNIN,"1,818,077.40",18/09/2023,20487017281,,,,,,,,
3443,JUNIN,"2,137,277.96",18/09/2023,20489665604,20604553947,,,,,,,
3444,JUNIN,"8,098,435.33",16/08/2023,20486975939,20486696541,,,,,,,
3445,JUNIN,"93,370,395.69",11/08/2023,20485988468,20487110141,20486290910,,,,,,
3446,JUNIN,"2,976,434.19",07/08/2023,20600029798,,,,,,,,
3447,JUNIN,"9,796,818.06",25/07/2023,20486887568,20568929315,,,,,,,
3448,JUNIN,"993,825.48",19/07/2023,20568134541,20608046519,,,,,,,
3449,JUNIN,"9,206,073.56",17/07/2023,20568992351,20600021045,,,,,,,
3450,JUNIN,"10,583,773.24",03/07/2023,20446927753,20529068655,,,,,,,
3451,JUNIN,"2,420,755.18",28/06/2023,20486093847,20601792789,,,,,,,
3452,JUNIN,"21,169,550.84",23/06/2023,20600029798,20486975939,,,,,,,
3453,JUNIN,"1,162,394.03",29/05/2023,20486867290,20569099588,,,,,,,
3454,JUNIN,"27,942,147.20",12/05/2023,20486290910,20486975939,,,,,,,
3455,JUNIN,"108,533,134.03",11/05/2023,20102008066,20393438941,,,,,,,
3456,JUNIN,"12,763,437.36",11/05/2023,20407863250,20408006628,,,,,,,
3457,JUNIN,"36,242,655.49",26/04/2023,20574702322,20494252521,,,,,,,
3458,JUNIN,"6,274,490.53",05/04/2023,20486975939,20568163487,,,,,,,
3459,JUNIN,"10,514,506.03",14/03/2025,20600180771,20610065571,20569064792,,,,,,
3460,JUNIN,"3,883,507.09",27/12/2024,20399273146,20603554257,,,,,,,
3461,JUNIN,"28,017,961.64",27/12/2024,20608817141,20494951020,,,,,,,
3462,JUNIN,"1,718,053.47",27/12/2024,20489739900,20611005734,,,,,,,
3463,JUNIN,"10,308,124.03",27/12/2024,20600180771,20610065571,20569064792,,,,,,
3464,JUNIN,"2,161,166.15",27/12/2024,20609958023,20568971273,,,,,,,
3465,JUNIN,"6,707,644.46",27/12/2024,20600021045,20573884711,,,,,,,
3466,JUNIN,"9,870,954.51",27/12/2024,20568161786,20600644531,,,,,,,
3467,JUNIN,"4,362,729.54",26/12/2024,20568927886,20602429670,,,,,,,
3468,JUNIN,"5,643,522.95",26/12/2024,20600029798,20489684145,,,,,,,
3469,JUNIN,"3,515,657.34",26/12/2024,20603433867,20407412592,,,,,,,
3470,JUNIN,"4,218,696.89",26/12/2024,20534839091,20573819731,,,,,,,
3471,JUNIN,"15,295,316.04",26/12/2024,20571395283,,,,,,,,
3472,JUNIN,"4,267,396.79",26/12/2024,20568050283,20606460199,,,,,,,
3473,JUNIN,"3,678,920.30",13/12/2024,20610907076,20486103079,,,,,,,
3474,JUNIN,"4,999,748.10",13/12/2024,20610515887,20568161786,,,,,,,
3475,JUNIN,"57,209,195.13",12/12/2024,20486960401,20600180771,,,,,,,
3476,JUNIN,"6,525,766.39",11/12/2024,20486132338,20487047512,,,,,,,
3477,JUNIN,"2,595,364.82",11/12/2024,20573884711,20541462644,,,,,,,
3478,JUNIN,"3,911,654.16",10/12/2024,20486093847,20486558742,,,,,,,
3479,JUNIN,"9,459,024.92",03/12/2024,20494252521,20609212129,,,,,,,
3480,JUNIN,"1,518,597.10",03/12/2024,20568163487,20568003790,,,,,,,
3481,JUNIN,"1,831,829.77",03/12/2024,20261295246,,,,,,,,
3482,JUNIN,"121,370,516.55",02/12/2024,20493537742,20611396652,,,,,,,
3483,JUNIN,"196,842,972.81",28/11/2024,20486995450,20486960401,20600696654,,,,,,
3484,JUNIN,"70,988,547.79",28/11/2024,20489430399,20529068655,,,,,,,
3485,JUNIN,"87,746,857.06",27/11/2024,20489432413,20489371791,,,,,,,
3486,JUNIN,"2,415,463.53",27/11/2024,20568275013,20486243750,,,,,,,
3487,JUNIN,"33,629,523.67",26/11/2024,20568161786,,,,,,,,
3488,JUNIN,"3,425,524.74",22/11/2024,20541556380,20600160347,20601762316,,,,,,
3489,JUNIN,"1,984,077.75",20/11/2024,20600060652,,,,,,,,
3490,JUNIN,"10,860,896.98",18/11/2024,20568345755,20486103079,20568535376,,,,,,
3491,JUNIN,"8,022,506.75",18/11/2024,20407412592,20603433867,,,,,,,
3492,JUNIN,"6,719,695.00",14/11/2024,20489544998,20541453815,,,,,,,
3493,JUNIN,"2,527,495.42",14/11/2024,20489544998,20541453815,,,,,,,
3494,JUNIN,"4,395,994.42",14/11/2024,20568275013,20601792789,,,,,,,
3495,JUNIN,"5,442,641.34",13/11/2024,20531455313,20600258231,,,,,,,
3496,JUNIN,"10,355,785.14",13/11/2024,20489626706,20602648967,,,,,,,
3497,JUNIN,"17,484,583.72",12/11/2024,20600021045,20607804134,,,,,,,
3498,JUNIN,"6,283,881.62",11/11/2024,20568275013,20568360801,,,,,,,
3499,JUNIN,"1,602,349.66",07/11/2024,20605423877,20541417851,,,,,,,
3500,JUNIN,"4,293,432.15",07/11/2024,20568345755,20486807122,,,,,,,
3501,JUNIN,"36,620,784.36",31/10/2024,20557209752,20542153980,,,,,,,
3502,JUNIN,"13,896,091.46",30/10/2024,20600704762,20528924221,,,,,,,
3503,JUNIN,"3,684,727.30",29/10/2024,20486812479,20487176169,,,,,,,
3504,JUNIN,"4,770,563.58",29/10/2024,20486404273,20608699181,,,,,,,
3505,JUNIN,"2,200,950.77",28/10/2024,20568345755,20602125247,,,,,,,
3506,JUNIN,"3,589,782.80",28/10/2024,20568050283,20568210078,,,,,,,
3507,JUNIN,"1,767,243.59",25/10/2024,20486103079,20610305670,,,,,,,
3508,JUNIN,"587,871.51",23/10/2024,20600029798,,,,,,,,
3509,JUNIN,"108,482,869.58",30/09/2024,20600180771,20486960401,,,,,,,
3510,JUNIN,"2,515,069.28",26/09/2024,20494951020,20607687898,,,,,,,
3511,JUNIN,"3,391,296.79",06/09/2024,20568223307,20486743302,,,,,,,
3512,JUNIN,"226,526,037.89",05/09/2024,20536612972,20282062080,,,,,,,
3513,JUNIN,"13,814,832.70",27/06/2024,20568327773,20486887568,,,,,,,
3514,JUNIN,"8,615,243.28",20/06/2024,20486573113,20568535376,,,,,,,
3515,JUNIN,"173,631,976.74",17/06/2024,20529104988,20608429191,,,,,,,
3516,JUNIN,"2,979,000.88",17/06/2024,20541462644,20602246575,,,,,,,
3517,JUNIN,"11,257,308.04",13/06/2024,20494854172,20604863806,,,,,,,
3518,JUNIN,"951,247.75",27/05/2024,20486132338,20568237430,,,,,,,
3519,JUNIN,"7,035,508.71",24/05/2024,20486132338,20600140893,,,,,,,
3520,JUNIN,"2,484,222.86",23/05/2024,20605623612,20600029798,,,,,,,
3521,JUNIN,"6,993,492.70",22/05/2024,20528917951,,,,,,,,
3522,JUNIN,"4,845,058.97",21/05/2024,20461112227,20535886033,,,,,,,
3523,JUNIN,"7,052,875.64",07/05/2024,20401507818,20603206186,,,,,,,
3524,JUNIN,"7,100,623.75",02/05/2024,20600021045,20600160347,,,,,,,
3525,JUNIN,"18,041,961.92",24/04/2024,20600021045,20601714966,,,,,,,
3526,JUNIN,"4,498,075.59",24/04/2024,20601409829,20487047512,,,,,,,
3527,JUNIN,"2,780,426.50",23/04/2024,20602262201,20486103079,,,,,,,
3528,JUNIN,"5,290,114.94",22/04/2024,20568161786,20487047512,,,,,,,
3529,JUNIN,"6,656,243.67",22/04/2024,20541592777,,,,,,,,
3530,JUNIN,"2,985,282.98",22/04/2024,20568684614,20610414878,,,,,,,
3531,JUNIN,"3,763,192.39",11/04/2024,20573041977,20528917951,,,,,,,
3532,JUNIN,"8,143,790.05",01/03/2024,20486625954,20487065502,,,,,,,
3533,JUNIN,"338,740.85",28/02/2024,20600021045,20611286962,,,,,,,
3534,JUNIN,"3,666,504.86",09/02/2024,20546099220,20568196491,,,,,,,
3535,JUNIN,"149,628,219.99",01/02/2024,20574702322,20568275013,20494252521,,,,,,
3536,LA LIBERTAD,"186,192.24",05/12/2007,20176331390,,,,,,,,
3537,LA LIBERTAD,"3,240,204.38",28/11/2007,20164483895,,,,,,,,
3538,LA LIBERTAD,"212,189.42",22/11/2007,20440311165,,,,,,,,
3539,LA LIBERTAD,"7,022.87",11/10/2007,20495728758,,,,,,,,
3540,LA LIBERTAD,"644,325.94",02/10/2007,20114332195,,,,,,,,
3541,LA LIBERTAD,"940,593.94",01/10/2007,20355697151,,,,,,,,
3542,LA LIBERTAD,"2,193,235.64",01/10/2007,10102838721,20439867087,,,,,,,
3543,LA LIBERTAD,"2,019,926.05",05/09/2007,20125900675,,,,,,,,
3544,LA LIBERTAD,"30,991.95",17/08/2007,20440131931,,,,,,,,
3545,LA LIBERTAD,"661,164.54",01/03/2007,20495728758,,,,,,,,
3546,LA LIBERTAD,"228,405.28",14/10/2008,10178294143,,,,,,,,
3547,LA LIBERTAD,"313,369.55",05/09/2008,20134427389,,,,,,,,
3548,LA LIBERTAD,"564,722.90",08/08/2008,20354825041,,,,,,,,
3549,LA LIBERTAD,"1,064,338.64",17/07/2008,20355697151,20503981298,,,,,,,
3550,LA LIBERTAD,"33,963.85",06/06/2008,20481609217,,,,,,,,
3551,LA LIBERTAD,"38,309.89",30/05/2008,20440386173,,,,,,,,
3552,LA LIBERTAD,"15,395,337.95",18/12/2009,20480886195,20100620805,,,,,,,
3553,LA LIBERTAD,"22,525,641.70",17/12/2009,20100620805,20480886195,,,,,,,
3554,LA LIBERTAD,"286,821.21",10/11/2009,20481961018,,,,,,,,
3555,LA LIBERTAD,"83,886.69",16/10/2009,20495667783,,,,,,,,
3556,LA LIBERTAD,"744,191.68",23/09/2009,20440311165,,,,,,,,
3557,LA LIBERTAD,"1,647,472.01",10/09/2009,20440311165,,,,,,,,
3558,LA LIBERTAD,"2,083,907.37",07/09/2009,20508278790,20505410450,10166550373,,,,,,
3559,LA LIBERTAD,"2,885,853.45",21/08/2009,20439586665,,,,,,,,
3560,LA LIBERTAD,"116,599.56",04/08/2009,20481619875,,,,,,,,
3561,LA LIBERTAD,"4,941,026.67",03/08/2009,20482035745,20507238018,20508619538,,,,,,
3562,LA LIBERTAD,"1,647,472.01",30/07/2009,20440311165,,,,,,,,
3563,LA LIBERTAD,"3,314,105.95",25/06/2009,20279551932,20509859541,,,,,,,
3564,LA LIBERTAD,"994,083.60",15/06/2009,20481265704,20275449751,,,,,,,
3565,LA LIBERTAD,"1,015,996.74",11/06/2009,20481871027,20482101802,,,,,,,
3566,LA LIBERTAD,"826,956.39",11/05/2009,10179544666,,,,,,,,
3567,LA LIBERTAD,"72,643.55",31/03/2009,20481556938,,,,,,,,
3568,LA LIBERTAD,"93,943.32",26/03/2009,20396779545,,,,,,,,
3569,LA LIBERTAD,"326,745.31",26/03/2009,10178294143,,,,,,,,
3570,LA LIBERTAD,"724,725.08",06/03/2009,20122098274,,,,,,,,
3571,LA LIBERTAD,"296,202.10",06/03/2009,20354444594,,,,,,,,
3572,LA LIBERTAD,"482,594.76",05/03/2009,20480904941,,,,,,,,
3573,LA LIBERTAD,"524,422.77",05/03/2009,20481961018,,,,,,,,
3574,LA LIBERTAD,"945,195.01",30/12/2010,20482101802,10190977388,,,,,,,
3575,LA LIBERTAD,"1,785,252.65",02/12/2010,20481422141,10078495451,10178684022,,,,,,
3576,LA LIBERTAD,"2,049,553.89",25/11/2010,10266925889,20501557227,20453766561,,,,,,
3577,LA LIBERTAD,"606,067.34",19/11/2010,20231423258,,,,,,,,
3578,LA LIBERTAD,"77,603.63",17/11/2010,20482180753,,,,,,,,
3579,LA LIBERTAD,"9,465,526.82",14/09/2010,20100620805,20481321973,,,,,,,
3580,LA LIBERTAD,"4,191,340.54",17/08/2010,20481301867,20134427389,,,,,,,
3581,LA LIBERTAD,"1,927,449.83",11/08/2010,20482328173,20398345453,,,,,,,
3582,LA LIBERTAD,"1,238,092.35",21/06/2010,20396674361,20453694390,,,,,,,
3583,LA LIBERTAD,"1,506,255.09",18/06/2010,20501557227,20453766561,,,,,,,
3584,LA LIBERTAD,"2,085,461.18",28/05/2010,20355697151,,,,,,,,
3585,LA LIBERTAD,"1,826,202.24",10/05/2010,20314691475,20128850164,20481530033,,,,,,
3586,LA LIBERTAD,"1,523,705.46",06/05/2010,20525517226,10176407471,,,,,,,
3587,LA LIBERTAD,"1,170,200.99",04/05/2010,20481014612,20440439129,,,,,,,
3588,LA LIBERTAD,"2,092,275.91",20/04/2010,20474256384,20504383840,20383676411,20445418073,,,,,
3589,LA LIBERTAD,"925,148.19",19/04/2010,20481465541,20481157057,,,,,,,
3590,LA LIBERTAD,"5,623,217.29",16/04/2010,20439586665,,,,,,,,
3591,LA LIBERTAD,"721,088.78",16/04/2010,10190977388,,,,,,,,
3592,LA LIBERTAD,"2,349,219.55",15/04/2010,20481465541,10062167373,20481157057,,,,,,
3593,LA LIBERTAD,"480,167.48",14/04/2010,20481094039,,,,,,,,
3594,LA LIBERTAD,"727,161.44",09/04/2010,20482291237,20481656568,,,,,,,
3595,LA LIBERTAD,"3,853,276.47",05/04/2010,20440311165,20481446326,20311657250,,,,,,
3596,LA LIBERTAD,"342,888.84",22/03/2010,20481838593,20481886059,,,,,,,
3597,LA LIBERTAD,"969,019.71",09/03/2010,20440390367,20481983259,,,,,,,
3598,LA LIBERTAD,"1,847,637.85",05/03/2010,20353947614,,,,,,,,
3599,LA LIBERTAD,"2,817,376.98",03/03/2010,20439639700,10181405193,20480994915,,,,,,
3600,LA LIBERTAD,"1,915,384.63",01/03/2010,20439586665,,,,,,,,
3601,LA LIBERTAD,"930,378.37",24/02/2010,20354444594,,,,,,,,
3602,LA LIBERTAD,"610,594.75",23/02/2010,20440439129,20481014612,,,,,,,
3603,LA LIBERTAD,"992,522.48",22/02/2010,10179544666,,,,,,,,
3604,LA LIBERTAD,"479,991.92",15/02/2010,20440439129,,,,,,,,
3605,LA LIBERTAD,"6,741,680.14",08/02/2010,20355697151,20275449751,,,,,,,
3606,LA LIBERTAD,"193,274.22",24/05/2012,20481447489,,,,,,,,
3607,LA LIBERTAD,"1,283,225.32",16/12/2011,20274419637,20440251677,,,,,,,
3608,LA LIBERTAD,"64,587.37",06/12/2011,20439655900,,,,,,,,
3609,LA LIBERTAD,"97,752.00",30/11/2011,20164254438,,,,,,,,
3610,LA LIBERTAD,"97,566.92",28/10/2011,20482820591,,,,,,,,
3611,LA LIBERTAD,"1,260,398.84",26/10/2011,20484065480,20525909221,,,,,,,
3612,LA LIBERTAD,"219,197.49",14/10/2011,20495784313,,,,,,,,
3613,LA LIBERTAD,"724,708.68",23/09/2011,20481886059,,,,,,,,
3614,LA LIBERTAD,"5,284,877.80",15/09/2011,20379340114,20480183275,,,,,,,
3615,LA LIBERTAD,"1,115,483.37",15/09/2011,20482326049,20481556938,20481210047,,,,,,
3616,LA LIBERTAD,"215,712.39",19/08/2011,20482326049,,,,,,,,
3617,LA LIBERTAD,"66,569.83",19/08/2011,20481768366,,,,,,,,
3618,LA LIBERTAD,"99,457.92",10/08/2011,20482445056,,,,,,,,
3619,LA LIBERTAD,"4,631,176.44",04/07/2011,20481465541,20481210047,20530698433,20397609759,,,,,
3620,LA LIBERTAD,"107,214.14",20/06/2011,20481210047,,,,,,,,
3621,LA LIBERTAD,"1,309,252.62",19/05/2011,10176407471,20525517226,,,,,,,
3622,LA LIBERTAD,"4,888,464.01",30/03/2011,20481249172,,,,,,,,
3623,LA LIBERTAD,"1,930,949.09",30/03/2011,20398604734,20525333923,,,,,,,
3624,LA LIBERTAD,"1,681,271.10",29/03/2011,10266029921,10266316998,10266925889,,,,,,
3625,LA LIBERTAD,"1,117,624.62",28/12/2012,20257427022,20325976455,,,,,,,
3626,LA LIBERTAD,"4,038,064.22",26/12/2012,20337572121,20517705102,,,,,,,
3627,LA LIBERTAD,"10,492,943.86",23/11/2012,20528299688,10157044414,,,,,,,
3628,LA LIBERTAD,"164,255.14",06/11/2012,10190977388,,,,,,,,
3629,LA LIBERTAD,"111,084.95",30/10/2012,20481886059,,,,,,,,
3630,LA LIBERTAD,"2,000,916.87",19/10/2012,20482021442,20481700729,,,,,,,
3631,LA LIBERTAD,"60,222.79",18/10/2012,20440253530,,,,,,,,
3632,LA LIBERTAD,"5,962,504.56",12/10/2012,20531052383,20445420990,,,,,,,
3633,LA LIBERTAD,"3,652,893.94",12/10/2012,20439867087,20440398341,,,,,,,
3634,LA LIBERTAD,"2,171,178.83",05/10/2012,20397543987,,,,,,,,
3635,LA LIBERTAD,"3,038,377.34",05/10/2012,20439586665,,,,,,,,
3636,LA LIBERTAD,"213,795.10",27/08/2012,20481520585,,,,,,,,
3637,LA LIBERTAD,"13,782,660.02",23/07/2012,20120046307,,,,,,,,
3638,LA LIBERTAD,"2,284,406.53",16/07/2012,20402986655,20403336221,,,,,,,
3639,LA LIBERTAD,"2,745,767.61",02/05/2012,10178294143,20354444594,,,,,,,
3640,LA LIBERTAD,"1,280,810.51",26/03/2012,20481465541,20482713751,20530698433,,,,,,
3641,LA LIBERTAD,"991,220.75",16/03/2012,20502896998,,,,,,,,
3642,LA LIBERTAD,"5,437,486.77",14/03/2012,20439586665,20163906661,,,,,,,
3643,LA LIBERTAD,"4,459,412.98",14/03/2012,20120046307,,,,,,,,
3644,LA LIBERTAD,"848,061.04",21/04/2014,20477725831,,,,,,,,
3645,LA LIBERTAD,"3,560,945.67",23/12/2013,10224106888,20506606722,20223411461,,,,,,
3646,LA LIBERTAD,"777,283.22",19/12/2013,20477510982,,,,,,,,
3647,LA LIBERTAD,"164,296.79",16/12/2013,20439655900,,,,,,,,
3648,LA LIBERTAD,"36,121,882.81",02/12/2013,20209133394,20100130204,,,,,,,
3649,LA LIBERTAD,"21,554.28",18/10/2013,20495784313,,,,,,,,
3650,LA LIBERTAD,"33,542,344.00",09/09/2013,20100113610,20503000645,20100047218,20209133394,,,,,
3651,LA LIBERTAD,"6,128,737.58",06/09/2013,20481146951,,,,,,,,
3652,LA LIBERTAD,"186,105.91",06/09/2013,10190977388,,,,,,,,
3653,LA LIBERTAD,"352,404.18",05/09/2013,20511697191,,,,,,,,
3654,LA LIBERTAD,"268,646.88",29/08/2013,20511697191,,,,,,,,
3655,LA LIBERTAD,"3,297,426.30",19/08/2013,20439586665,,,,,,,,
3656,LA LIBERTAD,"160,593.02",15/08/2013,20440253530,,,,,,,,
3657,LA LIBERTAD,"2,614,937.75",08/07/2013,20511697191,,,,,,,,
3658,LA LIBERTAD,"1,325,936.69",04/07/2013,20511697191,,,,,,,,
3659,LA LIBERTAD,"475,824.93",02/07/2013,20539746350,,,,,,,,
3660,LA LIBERTAD,"658,676.87",21/06/2013,20231423258,,,,,,,,
3661,LA LIBERTAD,"1,083,872.54",21/06/2013,20440402713,20481763721,20506426155,20482526561,,,,,
3662,LA LIBERTAD,"5,345,067.74",11/06/2013,20452440912,,,,,,,,
3663,LA LIBERTAD,"1,770,991.97",16/05/2013,20482752901,20167975616,,,,,,,
3664,LA LIBERTAD,"173,855.76",03/05/2013,20482435417,,,,,,,,
3665,LA LIBERTAD,"67,667.93",19/04/2013,20495784313,,,,,,,,
3666,LA LIBERTAD,"149,970.85",19/04/2013,10180695741,,,,,,,,
3667,LA LIBERTAD,"2,468,821.00",19/04/2013,20137025354,,,,,,,,
3668,LA LIBERTAD,"2,352,913.42",20/03/2013,20531659075,20445575411,20539719387,,,,,,
3669,LA LIBERTAD,"4,509,065.84",15/03/2013,20396681651,,,,,,,,
3670,LA LIBERTAD,"1,770,991.97",13/03/2013,20517884945,20298240379,,,,,,,
3671,LA LIBERTAD,"2,463,510.12",08/03/2013,20398613563,,,,,,,,
3672,LA LIBERTAD,"137,564.45",08/03/2013,20482148272,,,,,,,,
3673,LA LIBERTAD,"132,884.55",06/03/2013,20539747241,,,,,,,,
3674,LA LIBERTAD,"7,454,137.00",01/03/2013,20447333822,20528299688,20352428648,,,,,,
3675,LA LIBERTAD,"179,736.52",01/12/2014,20132177342,,,,,,,,
3676,LA LIBERTAD,"18,678,948.26",10/11/2014,20536992350,20548119937,,,,,,,
3677,LA LIBERTAD,"4,408,866.10",31/10/2014,20275449751,,,,,,,,
3678,LA LIBERTAD,"3,553,074.67",31/10/2014,20439586665,,,,,,,,
3679,LA LIBERTAD,"1,786,579.55",28/10/2014,20559557511,,,,,,,,
3680,LA LIBERTAD,"153,996.02",01/10/2014,20481593035,,,,,,,,
3681,LA LIBERTAD,"2,616,494.00",17/09/2014,20137025354,,,,,,,,
3682,LA LIBERTAD,"66,833.98",29/08/2014,20477725831,,,,,,,,
3683,LA LIBERTAD,"5,109,759.66",25/08/2014,20275449751,20481265704,,,,,,,
3684,LA LIBERTAD,"7,214,796.20",22/07/2014,20549705953,20481693846,20481561265,,,,,,
3685,LA LIBERTAD,"795,599.98",02/07/2014,20495784313,,,,,,,,
3686,LA LIBERTAD,"3,226,967.83",20/06/2014,20480904941,20355337619,,,,,,,
3687,LA LIBERTAD,"2,438,007.10",13/06/2014,20481422141,20477530665,,,,,,,
3688,LA LIBERTAD,"3,370,615.22",23/05/2014,20140404552,,,,,,,,
3689,LA LIBERTAD,"1,757,858.38",03/04/2014,20482642471,20559557511,20559744892,,,,,,
3690,LA LIBERTAD,"7,534,412.13",27/03/2014,20480994915,,,,,,,,
3691,LA LIBERTAD,"8,352,924.51",13/03/2014,20481146951,,,,,,,,
3692,LA LIBERTAD,"2,957,797.15",12/03/2014,20440178147,,,,,,,,
3693,LA LIBERTAD,"1,098,298.24",11/03/2014,20480994915,,,,,,,,
3694,LA LIBERTAD,"7,976,524.64",07/03/2014,20519117844,20314691475,20136339240,,,,,,
3695,LA LIBERTAD,"2,497,533.15",07/03/2014,20480403496,,,,,,,,
3696,LA LIBERTAD,"1,569,375.73",09/11/2015,20481966672,,,,,,,,
3697,LA LIBERTAD,"9,150,685.21",08/09/2015,20540032000,10178294143,20134427389,20354444594,,,,,
3698,LA LIBERTAD,"1,057,825.13",03/09/2015,20481146951,,,,,,,,
3699,LA LIBERTAD,"746,666.14",31/08/2015,20559602672,,,,,,,,
3700,LA LIBERTAD,"4,700,361.37",28/05/2015,10266009807,20491560909,,,,,,,
3701,LA LIBERTAD,"2,249,884.60",21/04/2015,20205328662,,,,,,,,
3702,LA LIBERTAD,"5,078,309.44",20/04/2015,20355337619,,,,,,,,
3703,LA LIBERTAD,"4,103,733.13",10/04/2015,20481748764,,,,,,,,
3704,LA LIBERTAD,"5,438,655.93",09/04/2015,20477629441,20482093354,20481100535,,,,,,
3705,LA LIBERTAD,"2,077,720.38",30/03/2015,20481966672,,,,,,,,
3706,LA LIBERTAD,"4,347,106.65",27/03/2015,10178684022,,,,,,,,
3707,LA LIBERTAD,"9,150,685.21",25/03/2015,20445637468,20481665044,20132177342,,,,,,
3708,LA LIBERTAD,"204,416.16",16/03/2015,20477485937,,,,,,,,
3709,LA LIBERTAD,"2,007,062.00",31/12/2016,20100028698,20100027021,,,,,,,
3710,LA LIBERTAD,"6,452,411.44",31/12/2016,20100028698,,,,,,,,
3711,LA LIBERTAD,"5,668,338.92",31/12/2016,20100028698,,,,,,,,
3712,LA LIBERTAD,"2,433,946.71",30/12/2016,20481265704,20275449751,,,,,,,
3713,LA LIBERTAD,"1,411,043.85",30/12/2016,20531084072,20445328597,,,,,,,
3714,LA LIBERTAD,"568,480.80",30/12/2016,10190977388,,,,,,,,
3715,LA LIBERTAD,"1,023,405.43",15/12/2016,10181820573,20439639700,20481842434,,,,,,
3716,LA LIBERTAD,"6,642,217.00",14/12/2016,20157036794,,,,,,,,
3717,LA LIBERTAD,"894,149.47",12/12/2016,20481602476,20481968705,,,,,,,
3718,LA LIBERTAD,"1,600,191.51",09/12/2016,20539802284,20529698918,,,,,,,
3719,LA LIBERTAD,"10,769,167.76",07/12/2016,20419387658,,,,,,,,
3720,LA LIBERTAD,"2,627,409.26",05/12/2016,20477339019,20226217003,20531052383,,,,,,
3721,LA LIBERTAD,"2,318,781.76",30/11/2016,20481242836,,,,,,,,
3722,LA LIBERTAD,"189,947.26",12/10/2016,20559534901,20481355282,,,,,,,
3723,LA LIBERTAD,"5,524,889.40",21/09/2016,20481966672,,,,,,,,
3724,LA LIBERTAD,"5,850,299.46",01/09/2016,20477243500,20275449751,,,,,,,
3725,LA LIBERTAD,"1,188,291.36",16/08/2016,20601226279,20205328662,20520560042,,,,,,
3726,LA LIBERTAD,"2,346,779.85",20/06/2016,20100017491,,,,,,,,
3727,LA LIBERTAD,"3,101,709.48",03/06/2016,20482259856,,,,,,,,
3728,LA LIBERTAD,"960,972.47",03/06/2016,20482792015,,,,,,,,
3729,LA LIBERTAD,"1,234,258.92",27/05/2016,20482289500,,,,,,,,
3730,LA LIBERTAD,"5,671,770.02",26/05/2016,20275449751,,,,,,,,
3731,LA LIBERTAD,"3,309,261.86",18/05/2016,20482259856,20398345453,,,,,,,
3732,LA LIBERTAD,"2,263,677.25",17/05/2016,20440439129,,,,,,,,
3733,LA LIBERTAD,"3,380,188.10",12/05/2016,20325976455,,,,,,,,
3734,LA LIBERTAD,"6,229,908.05",06/04/2016,20481475342,20439586665,20481879940,,,,,,
3735,LA LIBERTAD,"7,871,891.97",04/04/2016,20529365358,10434026488,20491552981,,,,,,
3736,LA LIBERTAD,"1,379,683.18",22/03/2018,20440131931,,,,,,,,
3737,LA LIBERTAD,"1,458,987.00",22/02/2018,20601243742,20489492238,20489451558,,,,,,
3738,LA LIBERTAD,"1,177,027.50",28/12/2017,20481605491,20440311165,,,,,,,
3739,LA LIBERTAD,"2,050,000.00",20/12/2017,20440383158,20559968146,20544771478,,,,,,
3740,LA LIBERTAD,"1,949,805.80",18/12/2017,20488071603,,,,,,,,
3741,LA LIBERTAD,"1,451,416.67",28/11/2017,20407879687,20445629015,,,,,,,
3742,LA LIBERTAD,"1,380,661.40",27/11/2017,10178532681,10178856842,,,,,,,
3743,LA LIBERTAD,"1,769,693.94",24/11/2017,20540002194,20481094039,,,,,,,
3744,LA LIBERTAD,"1,802,684.76",20/11/2017,20559654397,20445575411,,,,,,,
3745,LA LIBERTAD,"538,406.29",20/11/2017,20440131931,,,,,,,,
3746,LA LIBERTAD,"2,433,775.85",20/11/2017,20481966672,,,,,,,,
3747,LA LIBERTAD,"4,016,630.95",31/10/2017,20482259856,,,,,,,,
3748,LA LIBERTAD,"1,826,324.82",05/09/2017,20440131931,,,,,,,,
3749,LA LIBERTAD,"2,542,924.64",01/09/2017,20354444594,,,,,,,,
3750,LA LIBERTAD,"967,809.06",25/08/2017,20482259856,,,,,,,,
3751,LA LIBERTAD,"1,158,713.70",24/08/2017,20481104875,20440352431,,,,,,,
3752,LA LIBERTAD,"7,567,964.35",11/07/2017,20205328662,20601226279,,,,,,,
3753,LA LIBERTAD,"2,187,707.20",11/07/2017,20481014612,20440439129,,,,,,,
3754,LA LIBERTAD,"8,685,567.80",20/06/2017,20440439129,20481014612,20477168702,,,,,,
3755,LA LIBERTAD,"1,880,663.76",13/06/2017,20511317038,,,,,,,,
3756,LA LIBERTAD,"2,602,720.00",13/06/2017,20482261168,,,,,,,,
3757,LA LIBERTAD,"132,114.23",28/04/2017,20481602476,20477351906,,,,,,,
3758,LA LIBERTAD,"2,542,924.64",28/04/2017,20354444594,,,,,,,,
3759,LA LIBERTAD,"652,409.46",24/04/2017,20481602476,,,,,,,,
3760,LA LIBERTAD,"5,101,743.33",06/02/2019,10409447908,20559654397,20482676538,20531659075,20445575411,,,,
3761,LA LIBERTAD,"3,565,763.74",14/12/2018,20477617434,20491560909,20397595782,10267064780,10266989259,20477458883,,,
3762,LA LIBERTAD,"5,101,743.33",28/11/2018,10409447908,20559654397,20482676538,20531659075,20445575411,,,,
3763,LA LIBERTAD,"2,483,637.62",13/11/2018,20602336876,10267226933,20440131931,,,,,,
3764,LA LIBERTAD,"1,153,530.22",09/11/2018,10166567535,10181107940,10440019876,20601747309,20481014612,20481094039,,,
3765,LA LIBERTAD,"1,516,019.58",18/06/2018,20477731059,10266989259,,,,,,,
3766,LA LIBERTAD,"2,009,541.22",23/05/2018,20261295246,20338936398,20601310733,,,,,,
3767,LA LIBERTAD,"3,669,344.36",21/05/2018,20481749141,20481242836,,,,,,,
3768,LA LIBERTAD,"4,662,622.17",18/05/2018,20354444594,20600435761,,,,,,,
3769,LA LIBERTAD,"1,504,093.98",17/05/2018,20480904941,20481502927,,,,,,,
3770,LA LIBERTAD,"2,379,733.73",17/05/2018,20537254816,20553108404,20523386469,,,,,,
3771,LA LIBERTAD,"2,359,931.63",11/05/2018,20501557227,,,,,,,,
3772,LA LIBERTAD,"1,343,946.25",11/05/2018,20440131931,,,,,,,,
3773,LA LIBERTAD,"2,416,172.62",09/05/2018,20354444594,,,,,,,,
3774,LA LIBERTAD,"1,784,213.29",30/04/2018,20481100535,20539970314,,,,,,,
3775,LA LIBERTAD,"22,022,763.35",17/12/2019,20511317038,99000027401,,,,,,,
3776,LA LIBERTAD,"4,162,599.06",28/10/2019,20481966672,20544771478,,,,,,,
3777,LA LIBERTAD,"1,971,877.05",25/10/2019,20601114870,20481249172,,,,,,,
3778,LA LIBERTAD,"4,683,765.11",25/10/2019,20481871027,20482259856,,,,,,,
3779,LA LIBERTAD,"3,503,795.60",25/09/2019,20482259856,20482843299,,,,,,,
3780,LA LIBERTAD,"2,040,527.37",24/09/2019,20539979885,20481605491,,,,,,,
3781,LA LIBERTAD,"1,269,689.55",22/04/2019,20481605491,,,,,,,,
3782,LA LIBERTAD,"5,225,920.78",22/04/2019,20481966672,20544771478,,,,,,,
3783,LA LIBERTAD,"2,580,269.49",22/04/2019,20600357710,20560076798,20477378693,,,,,,
3784,LA LIBERTAD,"2,651,508.34",17/04/2019,20482021442,20481700729,,,,,,,
3785,LA LIBERTAD,"2,483,637.62",14/02/2019,10266095029,10266854892,20529688017,,,,,,
3786,LA LIBERTAD,"339,631.44",29/12/2020,20539094930,,,,,,,,
3787,LA LIBERTAD,"526,380.30",29/12/2020,20481693170,,,,,,,,
3788,LA LIBERTAD,"8,962,089.94",20/11/2020,20544771478,20481014612,,,,,,,
3789,LA LIBERTAD,"14,981,199.91",13/11/2020,20101884407,20511317038,,,,,,,
3790,LA LIBERTAD,"2,325,049.78",02/11/2020,20530698433,20530954022,20481066094,,,,,,
3791,LA LIBERTAD,"7,028,831.62",02/11/2020,20530698433,20530954022,20481066094,,,,,,
3792,LA LIBERTAD,"5,519,690.84",30/10/2020,20481066094,20530698433,20530954022,,,,,,
3793,LA LIBERTAD,"2,115,785.08",25/09/2020,20544771478,,,,,,,,
3794,LA LIBERTAD,"2,268,087.93",10/08/2020,20354444594,,,,,,,,
3795,LA LIBERTAD,"717,884.06",29/12/2021,20606525690,20453649840,,,,,,,
3796,LA LIBERTAD,"609,345.62",29/12/2021,20121907608,,,,,,,,
3797,LA LIBERTAD,"2,241,060.06",28/12/2021,20529656751,20134483611,,,,,,,
3798,LA LIBERTAD,"17,308,704.11",18/10/2021,99000028271,20603089619,20477617434,,,,,,
3799,LA LIBERTAD,"1,396,115.72",18/10/2021,20477458883,,,,,,,,
3800,LA LIBERTAD,"1,564,363.28",15/09/2021,20504553516,20529440074,,,,,,,
3801,LA LIBERTAD,"3,128,538.23",13/09/2021,20489304687,,,,,,,,
3802,LA LIBERTAD,"2,057,620.20",23/08/2021,20477460357,20531750749,,,,,,,
3803,LA LIBERTAD,"150,000.00",18/06/2021,20559687643,,,,,,,,
3804,LA LIBERTAD,"7,682,448.73",25/05/2021,20539094930,20481813841,,,,,,,
3805,LA LIBERTAD,"34,648,304.19",19/05/2021,20529688017,20495934498,10266854892,,,,,,
3806,LA LIBERTAD,"2,869,921.71",17/05/2021,20495865747,20529656751,,,,,,,
3807,LA LIBERTAD,"11,031,463.21",11/05/2021,20603716176,20477150242,,,,,,,
3808,LA LIBERTAD,"12,596,739.28",07/04/2021,20501430669,20544771478,,,,,,,
3809,LA LIBERTAD,"14,746,308.36",07/04/2021,20544771478,20501430669,,,,,,,
3810,LA LIBERTAD,"526,883.03",01/04/2021,20482206574,,,,,,,,
3811,LA LIBERTAD,"52,550.00",08/01/2021,20539094930,,,,,,,,
3812,LA LIBERTAD,"78,500.00",08/01/2021,20539094930,,,,,,,,
3813,LA LIBERTAD,"79,000.00",07/01/2021,20539094930,,,,,,,,
3814,LA LIBERTAD,"149,266,625.64",19/05/2023,20537169207,20602842330,,,,,,,
3815,LA LIBERTAD,"7,554,747.05",20/12/2022,20481561265,,,,,,,,
3816,LA LIBERTAD,"2,036,421.27",12/12/2022,20326387593,20529656751,,,,,,,
3817,LA LIBERTAD,"26,729,685.57",13/10/2022,20397595782,20603476400,20477304908,,,,,,
3818,LA LIBERTAD,"3,983,503.58",12/10/2022,20601226279,20205328662,,,,,,,
3819,LA LIBERTAD,"7,470,872.69",11/10/2022,20461642706,,,,,,,,
3820,LA LIBERTAD,"2,036,421.27",30/09/2022,20326387593,20529656751,,,,,,,
3821,LA LIBERTAD,"13,306,017.14",09/09/2022,20529698918,20481188955,,,,,,,
3822,LA LIBERTAD,"3,822,194.91",04/07/2022,20482261168,,,,,,,,
3823,LA LIBERTAD,"3,885,012.53",22/06/2022,20601649161,20529656751,,,,,,,
3824,LA LIBERTAD,"13,692,903.23",17/06/2022,20531309091,,,,,,,,
3825,LA LIBERTAD,"2,056,755.50",15/06/2022,20481791422,20482247921,,,,,,,
3826,LA LIBERTAD,"3,592,656.82",15/06/2022,20484228451,,,,,,,,
3827,LA LIBERTAD,"2,775,891.71",15/06/2022,20530147127,20538913571,,,,,,,
3828,LA LIBERTAD,"2,423,454.92",15/06/2022,20440439129,20600167571,,,,,,,
3829,LA LIBERTAD,"2,352,635.23",14/06/2022,20494784450,20553792119,,,,,,,
3830,LA LIBERTAD,"2,224,420.16",14/06/2022,20481456712,20542191059,,,,,,,
3831,LA LIBERTAD,"4,648,629.62",14/06/2022,20144691173,20477458883,,,,,,,
3832,LA LIBERTAD,"1,034,422.76",14/06/2022,20481475342,,,,,,,,
3833,LA LIBERTAD,"2,272,172.31",14/06/2022,20502322711,20481728062,,,,,,,
3834,LA LIBERTAD,"1,664,664.28",14/06/2022,20477458883,,,,,,,,
3835,LA LIBERTAD,"4,112,855.16",31/05/2022,20355337619,20482644253,,,,,,,
3836,LA LIBERTAD,"13,455,464.76",12/05/2022,20477304908,20482093354,,,,,,,
3837,LA LIBERTAD,"514,201.92",18/04/2022,20600167571,,,,,,,,
3838,LA LIBERTAD,"5,455,480.98",08/04/2022,20481966672,,,,,,,,
3839,LA LIBERTAD,"1,570,711.62",04/03/2022,20482840516,,,,,,,,
3840,LA LIBERTAD,"1,752,205.53",18/02/2022,20481561265,,,,,,,,
3841,LA LIBERTAD,"3,523,750.26",17/02/2022,20481871027,,,,,,,,
3842,LA LIBERTAD,"17,274,685.63",08/02/2022,20523386469,20603476400,20602206085,,,,,,
3843,LA LIBERTAD,"152,262,719.58",28/12/2023,20606265892,20530698433,20106758477,,,,,,
3844,LA LIBERTAD,"8,057,774.43",12/12/2023,20481966672,,,,,,,,
3845,LA LIBERTAD,"2,997,808.64",04/12/2023,20606424087,20530954022,,,,,,,
3846,LA LIBERTAD,"5,326,444.84",01/12/2023,20481561265,,,,,,,,
3847,LA LIBERTAD,"17,921,510.59",08/11/2023,20502128664,20556939196,20482148272,,,,,,
3848,LA LIBERTAD,"4,380,417.24",17/10/2023,20559678229,20482749608,20539847890,,,,,,
3849,LA LIBERTAD,"3,848,340.33",19/07/2023,10178856842,20440439129,,,,,,,
3850,LA LIBERTAD,"6,222,829.85",03/07/2023,20481561265,,,,,,,,
3851,LA LIBERTAD,"18,216,336.82",21/06/2023,20477458883,20556939196,20397595782,,,,,,
3852,LA LIBERTAD,"52,661,499.66",16/05/2023,20438494171,20355337619,20481188955,,,,,,
3853,LA LIBERTAD,"68,423.64",27/03/2023,20601009758,,,,,,,,
3854,LA LIBERTAD,"2,745,838.36",27/03/2023,20495973981,20604942480,,,,,,,
3855,LA LIBERTAD,"2,048,631.62",27/03/2023,20482663045,20559932541,,,,,,,
3856,LA LIBERTAD,"4,707,816.50",23/03/2023,20481871027,,,,,,,,
3857,LA LIBERTAD,"4,618,110.07",23/03/2023,20481348235,20559518701,,,,,,,
3858,LA LIBERTAD,"4,522,965.54",23/03/2023,20440439129,,,,,,,,
3859,LA LIBERTAD,"9,142,457.35",25/11/2024,20605515739,20477156445,20482100580,,,,,,
3860,LA LIBERTAD,"65,239,223.83",08/11/2024,10417310245,20481966672,20481030146,20481265704,,,,,
3861,LA LIBERTAD,"27,389,936.59",31/10/2024,10413692518,20495875891,20544771478,20601488257,,,,,
3862,LA LIBERTAD,"47,454,180.89",31/10/2024,20525333923,20398604734,,,,,,,
3863,LA LIBERTAD,"5,493,238.17",25/10/2024,10167869667,20144691173,20354826799,,,,,,
3864,LA LIBERTAD,"121,515,740.82",11/10/2024,20134676508,20611394315,,,,,,,
3865,LA LIBERTAD,"22,122,219.12",01/10/2024,20100028698,,,,,,,,
3866,LA LIBERTAD,"9,472,688.33",30/09/2024,20481446326,,,,,,,,
3867,LA LIBERTAD,"9,099,028.23",18/09/2024,10103154931,20393340208,20602523129,,,,,,
3868,LA LIBERTAD,"3,000,105.87",16/09/2024,20481561265,,,,,,,,
3869,LA LIBERTAD,"33,209,731.94",27/08/2024,20544771478,20529656751,,,,,,,
3870,LA LIBERTAD,"5,493,238.17",23/08/2024,10267064780,20481561265,,,,,,,
3871,LA LIBERTAD,"10,854,478.35",08/08/2024,20440178147,10267064780,20481561265,,,,,,
3872,LA LIBERTAD,"5,081,483.25",08/08/2024,10426481915,20481475342,20602455085,,,,,,
3873,LA LIBERTAD,"21,150,199.71",05/08/2024,10405680888,20481146951,20477216952,,,,,,
3874,LA LIBERTAD,"5,896,305.50",05/08/2024,10167869667,20144691173,20354826799,,,,,,
3875,LA LIBERTAD,"3,915,525.30",24/07/2024,20481561265,,,,,,,,
3876,LA LIBERTAD,"124,339,289.71",22/07/2024,10453522542,20602842330,20537169207,,,,,,
3877,LA LIBERTAD,"9,761,437.31",19/07/2024,10404371865,20355337619,20482530592,,,,,,
3878,LA LIBERTAD,"11,745,245.75",15/07/2024,10179063455,20205328662,20601226279,,,,,,
3879,LA LIBERTAD,"5,391,747.09",15/07/2024,10179063455,20205328662,20601226279,,,,,,
3880,LA LIBERTAD,"18,668,569.73",10/07/2024,20494397090,20495042333,20494883865,,,,,,
3881,LA LIBERTAD,"5,469,534.65",10/07/2024,20539094930,,,,,,,,
3882,LA LIBERTAD,"113,221,041.73",25/06/2024,20536612972,20606265892,,,,,,,
3883,LA LIBERTAD,"3,000,105.87",04/06/2024,20355337619,,,,,,,,
3884,LA LIBERTAD,"2,695,048.64",24/05/2024,20438958771,,,,,,,,
3885,LA LIBERTAD,"3,083,413.19",22/04/2024,20205328662,20601226279,,,,,,,
3886,LA LIBERTAD,"4,816,807.08",11/04/2024,20481871027,,,,,,,,
3887,LA LIBERTAD,"1,932,539.42",08/04/2024,10421685253,,,,,,,,
3888,LA LIBERTAD,"2,368,871.49",05/04/2024,20354444594,,,,,,,,
3889,LA LIBERTAD,"6,307,734.96",08/03/2024,20496014686,20529656751,,,,,,,
3890,LAMBAYEQUE,"1,182,453.10",08/11/2011,20502155637,20392474022,,,,,,,
3891,LAMBAYEQUE,"246,959.99",08/11/2011,20479954004,,,,,,,,
3892,LAMBAYEQUE,"254,495.97",08/11/2011,20103639426,10167911019,,,,,,,
3893,LAMBAYEQUE,"502,925.24",08/11/2011,10164881640,,,,,,,,
3894,LAMBAYEQUE,"157,987.25",14/10/2011,20103728011,,,,,,,,
3895,LAMBAYEQUE,"609,067.95",14/10/2011,10164661976,20487579107,,,,,,,
3896,LAMBAYEQUE,"517,845.19",14/10/2011,10166528548,20480566441,,,,,,,
3897,LAMBAYEQUE,"95,815.08",16/09/2011,20480533781,,,,,,,,
3898,LAMBAYEQUE,"37,472.70",16/09/2011,20480533781,,,,,,,,
3899,LAMBAYEQUE,"510,370.92",16/09/2011,10166907271,,,,,,,,
3900,LAMBAYEQUE,"595,337.03",16/05/2011,10166907271,,,,,,,,
3901,LAMBAYEQUE,"91,703.80",16/05/2011,10166907271,,,,,,,,
3902,LAMBAYEQUE,"120,111.30",16/05/2011,20437554804,,,,,,,,
3903,LAMBAYEQUE,"106,557.36",16/05/2011,20437554804,,,,,,,,
3904,LAMBAYEQUE,"29,185,555.15",14/03/2013,20120046307,20275449751,,,,,,,
3905,LAMBAYEQUE,"609,636.18",16/01/2013,10166528548,,,,,,,,
3906,LAMBAYEQUE,"557,477.03",08/01/2013,10166528548,,,,,,,,
3907,LAMBAYEQUE,"94,593.11",17/12/2012,10176286828,,,,,,,,
3908,LAMBAYEQUE,"80,519.02",17/12/2012,20487758613,,,,,,,,
3909,LAMBAYEQUE,"1,346,708.10",06/12/2012,10166550373,,,,,,,,
3910,LAMBAYEQUE,"94,593.11",29/11/2012,20479880043,,,,,,,,
3911,LAMBAYEQUE,"215,136.02",28/11/2012,10176286828,,,,,,,,
3912,LAMBAYEQUE,"101,336.04",27/11/2012,20487579107,,,,,,,,
3913,LAMBAYEQUE,"103,640.04",22/11/2012,20487936147,,,,,,,,
3914,LAMBAYEQUE,"535,836.87",23/10/2012,20487510328,,,,,,,,
3915,LAMBAYEQUE,"732,961.91",15/10/2012,20487880095,,,,,,,,
3916,LAMBAYEQUE,"484,111.70",15/10/2012,20103100161,,,,,,,,
3917,LAMBAYEQUE,"2,711,123.80",10/10/2012,10028352129,20526279663,20525459862,,,,,,
3918,LAMBAYEQUE,"220,863.08",21/08/2012,10176286828,,,,,,,,
3919,LAMBAYEQUE,"195,073.18",09/04/2012,20480217358,,,,,,,,
3920,LAMBAYEQUE,"195,073.18",02/03/2012,20480217358,,,,,,,,
3921,LAMBAYEQUE,"504,154.47",02/02/2012,20480217358,,,,,,,,
3922,LAMBAYEQUE,"782,043.61",02/02/2012,10166907271,,,,,,,,
3923,LAMBAYEQUE,"1,449,587.96",05/02/2014,10166241141,20480740140,20480634625,,,,,,
3924,LAMBAYEQUE,"3,978,800.35",28/01/2014,20353947614,20480566441,,,,,,,
3925,LAMBAYEQUE,"4,983,725.99",15/01/2014,20103534837,20102524820,,,,,,,
3926,LAMBAYEQUE,"1,449,587.96",06/12/2013,20445629015,20445653234,,,,,,,
3927,LAMBAYEQUE,"3,545,722.25",29/11/2013,20270375180,10423112099,20484065480,,,,,,
3928,LAMBAYEQUE,"3,366,036.89",28/11/2013,20537761084,10153587669,20471553639,20539018320,,,,,
3929,LAMBAYEQUE,"2,456,351.28",18/11/2013,10411064285,20396674361,20480261331,,,,,,
3930,LAMBAYEQUE,"4,983,725.99",18/11/2013,20440360964,10076160312,20211453606,,,,,,
3931,LAMBAYEQUE,"3,776,282.07",07/11/2013,20513051833,20506426155,,,,,,,
3932,LAMBAYEQUE,"972,392.54",07/11/2013,20103100161,,,,,,,,
3933,LAMBAYEQUE,"6,703,900.31",30/10/2013,20353947614,,,,,,,,
3934,LAMBAYEQUE,"3,978,800.35",15/10/2013,20402994836,20403107116,20445668690,,,,,,
3935,LAMBAYEQUE,"5,706,362.64",02/10/2013,20416167509,20508607441,20498249630,,,,,,
3936,LAMBAYEQUE,"4,473,665.55",25/09/2013,10098577845,20487990192,20481749141,20101655041,,,,,
3937,LAMBAYEQUE,"5,092,158.44",23/09/2013,10413626647,20445629015,20445694429,20445653234,,,,,
3938,LAMBAYEQUE,"178,464.04",23/09/2013,20488021762,,,,,,,,
3939,LAMBAYEQUE,"3,232,501.65",02/09/2013,20171368368,10164283599,20403160190,20100620805,20537470861,,,,
3940,LAMBAYEQUE,"1,204,061.50",02/09/2013,10166550373,20270375180,,,,,,,
3941,LAMBAYEQUE,"3,366,036.89",29/08/2013,20403160190,20479717304,20171368368,,,,,,
3942,LAMBAYEQUE,"1,574,098.28",29/08/2013,20445668690,20541622862,,,,,,,
3943,LAMBAYEQUE,"1,617,263.17",28/08/2013,20481422141,,,,,,,,
3944,LAMBAYEQUE,"3,788,494.74",19/08/2013,20546167241,20509056081,,,,,,,
3945,LAMBAYEQUE,"2,605,726.36",19/08/2013,20445461084,20445586961,20531857381,,,,,,
3946,LAMBAYEQUE,"2,061,021.46",19/08/2013,20422304640,20506123501,20140404552,20521323711,,,,,
3947,LAMBAYEQUE,"2,602,575.88",19/08/2013,20491886413,20505565577,20508846780,20521323711,,,,,
3948,LAMBAYEQUE,"569,191.69",15/08/2013,20488137639,20538985644,,,,,,,
3949,LAMBAYEQUE,"1,637,206.67",15/08/2013,20479717304,20171368368,,,,,,,
3950,LAMBAYEQUE,"192,162.30",12/08/2013,20495705383,,,,,,,,
3951,LAMBAYEQUE,"249,484.10",12/08/2013,20487569055,,,,,,,,
3952,LAMBAYEQUE,"3,031,338.09",07/08/2013,20205328662,,,,,,,,
3953,LAMBAYEQUE,"1,954,328.63",07/08/2013,20507238018,,,,,,,,
3954,LAMBAYEQUE,"3,288,938.39",01/08/2013,20538906957,20480740140,10166241141,,,,,,
3955,LAMBAYEQUE,"4,983,725.99",17/07/2013,20508846780,20505565577,,,,,,,
3956,LAMBAYEQUE,"198,777.35",19/06/2013,20531825935,,,,,,,,
3957,LAMBAYEQUE,"1,039,428.51",17/06/2013,10164881640,,,,,,,,
3958,LAMBAYEQUE,"856,888.92",17/06/2013,20480740140,20480634625,10166241141,,,,,,
3959,LAMBAYEQUE,"891,834.49",04/06/2013,10164661976,10176286828,,,,,,,
3960,LAMBAYEQUE,"1,345,214.08",04/06/2013,20398613563,,,,,,,,
3961,LAMBAYEQUE,"378,176.14",30/05/2013,20491771608,,,,,,,,
3962,LAMBAYEQUE,"4,396,913.41",20/05/2013,20536232711,10267059166,,,,,,,
3963,LAMBAYEQUE,"736,279.84",20/05/2013,10165254894,,,,,,,,
3964,LAMBAYEQUE,"440,750.70",14/05/2013,20487963543,,,,,,,,
3965,LAMBAYEQUE,"1,000,278.12",14/05/2013,20103100161,,,,,,,,
3966,LAMBAYEQUE,"1,628,531.86",14/05/2013,20453766561,20501557227,,,,,,,
3967,LAMBAYEQUE,"1,956,499.45",02/05/2013,20480403496,,,,,,,,
3968,LAMBAYEQUE,"2,105,336.90",26/04/2013,20537470861,20480134142,10078495451,,,,,,
3969,LAMBAYEQUE,"106,241.58",25/04/2013,20491771608,,,,,,,,
3970,LAMBAYEQUE,"514,519.94",18/04/2013,20480839278,,,,,,,,
3971,LAMBAYEQUE,"3,148,135.21",08/04/2013,10166907271,20488012933,20483930632,,,,,,
3972,LAMBAYEQUE,"613,637.98",25/03/2013,10166528548,20480566441,,,,,,,
3973,LAMBAYEQUE,"173,694.48",25/03/2013,20526003919,,,,,,,,
3974,LAMBAYEQUE,"281,190.78",15/03/2013,20480634625,,,,,,,,
3975,LAMBAYEQUE,"7,725,748.85",15/01/2015,10164661976,10166241141,20538906957,,,,,,
3976,LAMBAYEQUE,"714,107.88",11/11/2014,10166528548,,,,,,,,
3977,LAMBAYEQUE,"488,700.66",30/09/2014,20561233935,20487876578,,,,,,,
3978,LAMBAYEQUE,"4,634,150.34",15/09/2014,20509632091,20350034014,,,,,,,
3979,LAMBAYEQUE,"870,780.81",03/09/2014,20561233935,20487876578,,,,,,,
3980,LAMBAYEQUE,"655,797.15",03/09/2014,20561233935,20487876578,,,,,,,
3981,LAMBAYEQUE,"2,271,477.47",27/08/2014,20545986885,20375458307,20538934497,,,,,,
3982,LAMBAYEQUE,"1,954,840.23",27/08/2014,20403160190,20561233935,,,,,,,
3983,LAMBAYEQUE,"714,107.88",05/08/2014,20554292357,20103100161,,,,,,,
3984,LAMBAYEQUE,"488,700.66",05/08/2014,20270375180,,,,,,,,
3985,LAMBAYEQUE,"494,359.31",22/07/2014,20538934497,,,,,,,,
3986,LAMBAYEQUE,"798,606.52",24/06/2014,20480305991,,,,,,,,
3987,LAMBAYEQUE,"6,121,167.70",18/06/2014,20350034014,20509632091,,,,,,,
3988,LAMBAYEQUE,"3,591,668.50",28/05/2014,10400657497,20394829243,10424363389,10266009807,20480123884,,,,
3989,LAMBAYEQUE,"1,080,583.38",27/05/2014,20481210047,20538934497,,,,,,,
3990,LAMBAYEQUE,"1,625,717.22",23/05/2014,20103100161,,,,,,,,
3991,LAMBAYEQUE,"891,915.48",14/05/2014,20350034014,,,,,,,,
3992,LAMBAYEQUE,"401,663.40",14/05/2014,20539259017,,,,,,,,
3993,LAMBAYEQUE,"3,232,501.65",31/03/2014,10168004473,20270375180,20484065480,,,,,,
3994,LAMBAYEQUE,"2,024,108.68",26/07/2016,20481665044,20477179062,20482435417,,,,,,
3995,LAMBAYEQUE,"25,704,085.89",30/05/2016,20350034014,20546378536,20486792001,,,,,,
3996,LAMBAYEQUE,"3,333,065.58",18/04/2016,20561233935,10257778113,,,,,,,
3997,LAMBAYEQUE,"2,047,999.40",09/02/2016,20161484238,20270375180,,,,,,,
3998,LAMBAYEQUE,"1,284,326.46",28/12/2015,20526003919,20480305991,,,,,,,
3999,LAMBAYEQUE,"2,101,947.13",28/12/2015,20487963543,20491656761,,,,,,,
4000,LAMBAYEQUE,"4,083,720.83",23/12/2015,20445254615,20539096550,,,,,,,
4001,LAMBAYEQUE,"54,186.57",02/12/2015,20539259017,,,,,,,,
4002,LAMBAYEQUE,"2,024,108.68",27/11/2015,20482435417,20481665044,20477179062,,,,,,
4003,LAMBAYEQUE,"2,682,772.83",18/11/2015,20479835846,20445254615,,,,,,,
4004,LAMBAYEQUE,"2,682,772.83",18/11/2015,20350034014,20512030204,,,,,,,
4005,LAMBAYEQUE,"2,682,772.83",18/11/2015,20479835846,20445254615,,,,,,,
4006,LAMBAYEQUE,"2,682,772.83",18/11/2015,20350034014,20512030204,,,,,,,
4007,LAMBAYEQUE,"25,704,085.89",05/11/2015,20536992350,,,,,,,,
4008,LAMBAYEQUE,"1,793,819.78",04/11/2015,20270375180,20314028164,10166907271,,,,,,
4009,LAMBAYEQUE,"2,406,719.58",03/11/2015,10164661976,20480775105,20538906957,,,,,,
4010,LAMBAYEQUE,"9,892,397.47",23/10/2015,20441821221,10164660775,20530036481,,,,,,
4011,LAMBAYEQUE,"4,128,415.53",29/09/2015,20539096550,20266458089,,,,,,,
4012,LAMBAYEQUE,"1,781,780.51",10/09/2015,20214287791,20481700729,,,,,,,
4013,LAMBAYEQUE,"5,518,407.59",09/09/2015,20481104875,,,,,,,,
4014,LAMBAYEQUE,"46,915,348.17",21/08/2015,20550293936,20353947614,,,,,,,
4015,LAMBAYEQUE,"2,761,637.82",19/08/2015,20561233935,10257778113,,,,,,,
4016,LAMBAYEQUE,"184,646.98",31/03/2015,20561233935,,,,,,,,
4017,LAMBAYEQUE,"2,617,182.20",31/03/2015,10414384752,20495995951,,,,,,,
4018,LAMBAYEQUE,"3,870,265.20",25/09/2017,20453745482,20601226279,,,,,,,
4019,LAMBAYEQUE,"8,830,967.07",21/04/2017,20487963543,20491656761,,,,,,,
4020,LAMBAYEQUE,"2,547,965.80",01/03/2017,20495995951,10414384752,10421685253,,,,,,
4021,LAMBAYEQUE,"368,118.35",16/02/2017,20601306663,20480837143,,,,,,,
4022,LAMBAYEQUE,"1,347,026.63",30/12/2016,20534918471,20407412592,,,,,,,
4023,LAMBAYEQUE,"2,371,235.05",28/12/2016,10266854892,20529688017,,,,,,,
4024,LAMBAYEQUE,"1,555,479.63",28/12/2016,10257778113,20600340230,,,,,,,
4025,LAMBAYEQUE,"2,425,690.53",26/12/2016,20480641249,20561327085,20481945322,,,,,,
4026,LAMBAYEQUE,"1,368,216.64",16/12/2016,20480305991,,,,,,,,
4027,LAMBAYEQUE,"8,830,967.07",07/12/2016,10257778113,20600340230,20561233935,,,,,,
4028,LAMBAYEQUE,"3,870,265.20",30/11/2016,20481355282,,,,,,,,
4029,LAMBAYEQUE,"2,132,368.56",30/11/2016,20484120928,20525469582,,,,,,,
4030,LAMBAYEQUE,"368,118.35",14/11/2016,10178684022,20601002664,,,,,,,
4031,LAMBAYEQUE,"472,835.61",08/11/2016,20488058411,20561391841,,,,,,,
4032,LAMBAYEQUE,"855,220.76",08/11/2016,20480305991,,,,,,,,
4033,LAMBAYEQUE,"4,172,994.24",04/11/2016,20491656761,20480305991,,,,,,,
4034,LAMBAYEQUE,"2,422,790.82",04/11/2016,20480305991,,,,,,,,
4035,LAMBAYEQUE,"2,058,025.00",31/10/2016,20488137639,20266458089,,,,,,,
4036,LAMBAYEQUE,"2,181,383.38",20/10/2016,20601226279,20453745482,,,,,,,
4037,LAMBAYEQUE,"4,713,639.97",05/10/2016,20270375180,20161484238,,,,,,,
4038,LAMBAYEQUE,"1,895,787.94",04/10/2016,20480566441,10166528548,,,,,,,
4039,LAMBAYEQUE,"3,435,596.70",23/09/2016,10414384752,10421685253,20495995951,,,,,,
4040,LAMBAYEQUE,"1,042,199.01",15/09/2016,20480634625,20487963543,,,,,,,
4041,LAMBAYEQUE,"2,510,749.08",31/08/2016,20335343701,20545730490,,,,,,,
4042,LAMBAYEQUE,"3,499,045.80",29/08/2016,20481014612,20270375180,10166907271,,,,,,
4043,LAMBAYEQUE,"2,426,215.57",23/08/2016,20440439129,,,,,,,,
4044,LAMBAYEQUE,"197,926.20",16/08/2016,20561233935,,,,,,,,
4045,LAMBAYEQUE,"4,900,599.32",21/07/2016,20538906957,20480775105,10164661976,,,,,,
4046,LAMBAYEQUE,"4,693,040.78",30/06/2016,20453539076,20501557227,,,,,,,
4047,LAMBAYEQUE,"5,861,442.60",10/05/2016,20479844322,20480693630,,,,,,,
4048,LAMBAYEQUE,"3,360,134.24",17/07/2018,20600340230,20513787767,,,,,,,
4049,LAMBAYEQUE,"4,022,334.83",03/07/2018,10421685253,20495995951,10414384752,,,,,,
4050,LAMBAYEQUE,"4,016,146.62",15/03/2018,20539232089,20517623394,,,,,,,
4051,LAMBAYEQUE,"4,095,795.60",02/02/2018,10166907271,20270375180,,,,,,,
4052,LAMBAYEQUE,"2,540,000.00",29/12/2017,20544025547,20352374963,,,,,,,
4053,LAMBAYEQUE,"9,914,900.00",27/11/2017,20545316561,,,,,,,,
4054,LAMBAYEQUE,"5,463,941.34",15/11/2017,10266989259,,,,,,,,
4055,LAMBAYEQUE,"26,685,192.54",08/11/2017,20481265704,20275449751,,,,,,,
4056,LAMBAYEQUE,"4,033,022.72",19/10/2017,20103639426,20480305991,,,,,,,
4057,LAMBAYEQUE,"4,016,146.62",16/10/2017,20539232089,20517623394,,,,,,,
4058,LAMBAYEQUE,"5,100,000.00",16/10/2017,20353947614,,,,,,,,
4059,LAMBAYEQUE,"1,495,923.81",03/05/2017,10423307183,20481242836,,,,,,,
4060,LAMBAYEQUE,"3,603,633.68",11/12/2018,20363389890,10266854892,20529688017,,,,,,
4061,LAMBAYEQUE,"8,186,027.17",10/10/2018,20513787767,20603025301,,,,,,,
4062,LAMBAYEQUE,"9,653,492.59",27/09/2018,20353947614,,,,,,,,
4063,LAMBAYEQUE,"10,534,342.48",07/09/2018,20353947614,,,,,,,,
4064,LAMBAYEQUE,"18,594,736.78",19/04/2018,20311227913,20495656234,20325976455,,,,,,
4065,LAMBAYEQUE,"2,683,411.57",23/09/2019,20539023323,,,,,,,,
4066,LAMBAYEQUE,"1,314,672.57",09/07/2019,20326387593,10098726701,,,,,,,
4067,LAMBAYEQUE,"3,458,360.11",26/06/2019,20397392164,20501581951,,,,,,,
4068,LAMBAYEQUE,"8,273,221.31",10/06/2019,10273601398,,,,,,,,
4069,LAMBAYEQUE,"8,724,332.23",17/04/2019,20501557227,,,,,,,,
4070,LAMBAYEQUE,"4,086,576.49",19/03/2021,20602235352,20487950301,,,,,,,
4071,LAMBAYEQUE,"4,411,400.37",30/12/2020,20521403587,20134483611,,,,,,,
4072,LAMBAYEQUE,"2,386,842.10",29/12/2020,10266854892,20529688017,,,,,,,
4073,LAMBAYEQUE,"3,276,085.31",17/11/2020,20396674361,,,,,,,,
4074,LAMBAYEQUE,"1,542,279.69",10/11/2020,10166907271,,,,,,,,
4075,LAMBAYEQUE,"1,204,014.54",06/11/2020,20605977449,20480305991,,,,,,,
4076,LAMBAYEQUE,"4,086,576.49",23/10/2020,20545404851,20505187521,,,,,,,
4077,LAMBAYEQUE,"1,555,143.38",08/10/2020,10421685253,,,,,,,,
4078,LAMBAYEQUE,"1,354,703.76",18/09/2020,20339450197,,,,,,,,
4079,LAMBAYEQUE,"10,397,519.23",10/09/2020,20603967055,20487967964,,,,,,,
4080,LAMBAYEQUE,"8,306,045.10",10/09/2020,20603967055,20539247353,20487967964,,,,,,
4081,LAMBAYEQUE,"2,185,651.80",03/09/2020,20448297382,,,,,,,,
4082,LAMBAYEQUE,"1,222,039.57",19/08/2020,20601649161,20605205501,,,,,,,
4083,LAMBAYEQUE,"5,953,733.24",13/08/2020,20453695957,20600044207,,,,,,,
4084,LAMBAYEQUE,"3,633,274.38",24/07/2020,20487566897,20488137639,20601671531,,,,,,
4085,LAMBAYEQUE,"5,624,948.49",23/07/2020,20353947614,,,,,,,,
4086,LAMBAYEQUE,"4,847,638.84",20/07/2020,20487566897,20488137639,20601671531,,,,,,
4087,LAMBAYEQUE,"2,386,842.10",17/07/2020,20488137639,20480811004,,,,,,,
4088,LAMBAYEQUE,"6,815,785.22",16/09/2021,20526193513,,,,,,,,
4089,LAMBAYEQUE,"7,766,136.45",05/08/2021,20481813841,,,,,,,,
4090,LAMBAYEQUE,"4,993,121.07",04/08/2021,20568161786,20409234462,,,,,,,
4091,LAMBAYEQUE,"7,461,715.64",04/08/2021,20505655215,,,,,,,,
4092,LAMBAYEQUE,"316,694.32",16/07/2021,20479892998,,,,,,,,
4093,LAMBAYEQUE,"369,344.98",16/07/2021,20561274968,20602922368,,,,,,,
4094,LAMBAYEQUE,"18,642,037.91",13/07/2021,20348938704,,,,,,,,
4095,LAMBAYEQUE,"28,596,771.76",13/07/2021,20353947614,,,,,,,,
4096,LAMBAYEQUE,"15,622,437.48",28/06/2021,20353947614,,,,,,,,
4097,LAMBAYEQUE,"17,271,472.54",17/05/2021,20487913791,20545316561,,,,,,,
4098,LAMBAYEQUE,"3,315,145.47",08/04/2021,20480403496,,,,,,,,
4099,LAMBAYEQUE,"4,070,465.37",07/04/2021,20480686692,,,,,,,,
4100,LAMBAYEQUE,"2,380,160.07",30/03/2021,20487950301,,,,,,,,
4101,LAMBAYEQUE,"869,616.51",25/11/2022,20480489196,20487931854,,,,,,,
4102,LAMBAYEQUE,"6,967,961.77",22/11/2022,20481446326,,,,,,,,
4103,LAMBAYEQUE,"2,649,522.13",09/11/2022,20509186961,,,,,,,,
4104,LAMBAYEQUE,"30,105,507.82",26/07/2022,20487913791,20545316561,,,,,,,
4105,LAMBAYEQUE,"1,152,115.29",26/07/2022,20445576060,,,,,,,,
4106,LAMBAYEQUE,"760,536.33",17/06/2022,20561274968,,,,,,,,
4107,LAMBAYEQUE,"8,740,630.76",17/06/2022,20230509353,20480403496,,,,,,,
4108,LAMBAYEQUE,"4,874,876.37",16/06/2022,20230509353,20480403496,,,,,,,
4109,LAMBAYEQUE,"1,085,828.21",16/06/2022,20602922368,20561274968,,,,,,,
4110,LAMBAYEQUE,"1,477,687.85",16/06/2022,10166907271,,,,,,,,
4111,LAMBAYEQUE,"11,639,644.02",17/05/2022,20477366172,,,,,,,,
4112,LAMBAYEQUE,"5,213,526.19",04/03/2024,20540071595,20561126934,,,,,,,
4113,LAMBAYEQUE,"6,484,105.12",20/12/2023,20568355041,,,,,,,,
4114,LAMBAYEQUE,"5,157,166.23",18/12/2023,20541316150,20568355041,,,,,,,
4115,LAMBAYEQUE,"8,974,546.42",15/12/2023,20493836651,20542072637,,,,,,,
4116,LAMBAYEQUE,"4,278,654.22",05/12/2023,20482100580,20477458883,,,,,,,
4117,LAMBAYEQUE,"1,290,744.62",10/10/2023,20536704231,,,,,,,,
4118,LAMBAYEQUE,"11,218,823.40",27/09/2023,20508326433,,,,,,,,
4119,LAMBAYEQUE,"3,625,407.98",12/09/2023,20480403496,,,,,,,,
4120,LAMBAYEQUE,"3,025,357.13",08/06/2023,20529698918,,,,,,,,
4121,LAMBAYEQUE,"2,164,899.33",19/04/2023,20602307833,20560168994,,,,,,,
4122,LAMBAYEQUE,"3,541,568.46",15/03/2023,20508326433,,,,,,,,
4123,LAMBAYEQUE,"5,187,338.53",08/03/2023,20487566897,,,,,,,,
4124,LAMBAYEQUE,"24,517,381.34",27/12/2024,20525333923,,,,,,,,
4125,LAMBAYEQUE,"174,809,224.21",19/12/2024,20517562158,20536612972,,,,,,,
4126,LAMBAYEQUE,"17,296,983.31",18/12/2024,20525909221,10164660775,,,,,,,
4127,LAMBAYEQUE,"3,879,542.68",11/12/2024,20491656761,,,,,,,,
4128,LAMBAYEQUE,"615,405.47",15/10/2024,20534166240,20604451648,,,,,,,
4129,LAMBAYEQUE,"2,045,166.70",15/10/2024,20600721179,,,,,,,,
4130,LAMBAYEQUE,"2,853,473.65",17/09/2024,20488351398,,,,,,,,
4131,LAMBAYEQUE,"1,747,297.94",10/09/2024,20607488003,20601642604,,,,,,,
4132,LAMBAYEQUE,"161,978,778.93",09/09/2024,99000035293,10164660775,,,,,,,
4133,LAMBAYEQUE,"2,552,724.98",03/09/2024,20542350033,20605524649,,,,,,,
4134,LAMBAYEQUE,"5,183,147.64",22/08/2024,20164843263,20571505488,,,,,,,
4135,LAMBAYEQUE,"2,188,628.16",02/07/2024,20539023323,20602126120,,,,,,,
4136,LAMBAYEQUE,"1,721,397.83",02/07/2024,20539023323,20602126120,,,,,,,
4137,LAMBAYEQUE,"344,831.45",13/06/2024,20487931854,,,,,,,,
4138,LAMBAYEQUE,"680,530.02",27/05/2024,20496149425,20560168994,,,,,,,
4139,LAMBAYEQUE,"3,766,395.56",17/05/2024,20495669301,20515422154,,,,,,,
4140,LAMBAYEQUE,"1,030,257.46",03/04/2024,20603025301,20604942480,,,,,,,
4141,LAMBAYEQUE,"11,242,770.50",02/04/2024,20491656761,,,,,,,,
4142,LAMBAYEQUE,"4,875,395.33",26/03/2024,20602698409,20480403496,,,,,,,
4143,LAMBAYEQUE,"9,322,636.48",11/03/2024,20602698409,20480403496,,,,,,,
4144,LAMBAYEQUE,"19,496,705.08",08/03/2024,20445200019,20542072637,,,,,,,
4145,LAMBAYEQUE,"680,530.02",06/03/2024,20496149425,20560168994,,,,,,,
4146,LAMBAYEQUE,"831,628.03",01/03/2024,20487698882,,,,,,,,
4147,LAMBAYEQUE,"14,208,238.45",28/02/2024,20480403496,,,,,,,,
4148,LAMBAYEQUE,"1,500,516.07",06/02/2024,20539023323,,,,,,,,
4149,LAMBAYEQUE,"957,249.28",06/02/2024,20539023323,,,,,,,,
4150,LAMBAYEQUE,"2,663,076.65",06/02/2024,20600721179,,,,,,,,
4151,LAMBAYEQUE,"2,067,436.93",06/02/2024,20561126934,20495973981,,,,,,,
4152,LIMA,"124,659.53",15/12/2004,20505565577,,,,,,,,
4153,LIMA,"196,206.50",04/11/2004,10090726213,,,,,,,,
4154,LIMA,"232,393.04",04/11/2004,20460420262,,,,,,,,
4155,LIMA,"10,800.00",14/10/2004,10088007781,,,,,,,,
4156,LIMA,"230,061.38",30/09/2004,20458659321,,,,,,,,
4157,LIMA,"10,800.00",20/09/2004,10088007781,,,,,,,,
4158,LIMA,"4,713.06",20/09/2004,10085611475,,,,,,,,
4159,LIMA,"33,233.22",15/09/2004,10164067241,,,,,,,,
4160,LIMA,"275,528.54",15/09/2004,20336890048,,,,,,,,
4161,LIMA,"33,825.69",24/08/2004,20136583311,,,,,,,,
4162,LIMA,"19,532.72",09/12/2005,20509797090,,,,,,,,
4163,LIMA,"135,000.00",09/12/2005,20171390614,,,,,,,,
4164,LIMA,"167,079.88",09/12/2005,10081180704,,,,,,,,
4165,LIMA,"219,371.13",02/12/2005,20504018394,,,,,,,,
4166,LIMA,"220,230.00",02/12/2005,20403914101,,,,,,,,
4167,LIMA,"309,990.05",02/12/2005,20432730604,,,,,,,,
4168,LIMA,"103,347.84",02/12/2005,20509797090,,,,,,,,
4169,LIMA,"173,978.51",01/12/2005,20126663651,,,,,,,,
4170,LIMA,"79,016.85",30/11/2005,20403914101,,,,,,,,
4171,LIMA,"91,728.00",29/11/2005,20117245668,,,,,,,,
4172,LIMA,"215,851.87",29/11/2005,20403914101,,,,,,,,
4173,LIMA,"105,729.19",29/11/2005,20505026196,,,,,,,,
4174,LIMA,"111,641.73",29/11/2005,20510309317,,,,,,,,
4175,LIMA,"171,065.54",29/11/2005,20484107239,,,,,,,,
4176,LIMA,"185,319.04",29/11/2005,20117245668,,,,,,,,
4177,LIMA,"311,287.24",16/11/2005,20485754122,,,,,,,,
4178,LIMA,"98,756.45",03/11/2005,10090726213,,,,,,,,
4179,LIMA,"14,000.00",19/10/2005,20510569220,,,,,,,,
4180,LIMA,"351,134.36",05/10/2005,10090726213,,,,,,,,
4181,LIMA,"81,921.83",04/10/2005,10080613216,,,,,,,,
4182,LIMA,"248,823.76",04/10/2005,10086775609,,,,,,,,
4183,LIMA,"170,673.84",04/10/2005,10062147755,,,,,,,,
4184,LIMA,"40,114.44",22/09/2005,20510569220,,,,,,,,
4185,LIMA,"84,797.62",09/09/2005,20267177105,,,,,,,,
4186,LIMA,"179,390.11",09/09/2005,20505026196,,,,,,,,
4187,LIMA,"259,845.30",09/09/2005,20418177986,,,,,,,,
4188,LIMA,"237,469.51",05/08/2005,10074576473,,,,,,,,
4189,LIMA,"89,423.69",20/07/2005,20385594195,,,,,,,,
4190,LIMA,"130,309.85",20/07/2005,20510309317,,,,,,,,
4191,LIMA,"124,096.96",13/07/2005,10164082861,,,,,,,,
4192,LIMA,"376,030.17",13/07/2005,20403914101,,,,,,,,
4193,LIMA,"496,328.52",07/07/2005,10102838721,,,,,,,,
4194,LIMA,"96,547.63",06/07/2005,20264545812,,,,,,,,
4195,LIMA,"89,889.14",06/07/2005,20403914101,,,,,,,,
4196,LIMA,"107,232.60",06/07/2005,20508168935,,,,,,,,
4197,LIMA,"362,368.63",17/06/2005,10102838721,,,,,,,,
4198,LIMA,"50,014.63",17/06/2005,20510309317,,,,,,,,
4199,LIMA,"23,986.40",19/05/2005,10102838721,,,,,,,,
4200,LIMA,"496,328.52",02/03/2005,10164082861,,,,,,,,
4201,LIMA,"3,500.00",01/03/2005,10328063447,,,,,,,,
4202,LIMA,"496,328.52",10/02/2005,10102838721,,,,,,,,
4203,LIMA,"418,761.91",10/02/2005,20403914101,,,,,,,,
4204,LIMA,"120,873.44",29/11/2006,20426443822,,,,,,,,
4205,LIMA,"368,383.34",29/11/2006,20126663651,,,,,,,,
4206,LIMA,"500,196.79",29/11/2006,10102838721,,,,,,,,
4207,LIMA,"1,473,332.79",16/11/2006,20131354950,20256388082,,,,,,,
4208,LIMA,"1,120,300.33",16/11/2006,20164483895,,,,,,,,
4209,LIMA,"1,785,036.79",16/11/2006,20407412592,10102838721,,,,,,,
4210,LIMA,"1,743,025.25",16/11/2006,20407412592,10102838721,,,,,,,
4211,LIMA,"1,647,862.20",16/11/2006,20414689559,20144691173,,,,,,,
4212,LIMA,"1,209,895.00",16/11/2006,20164483895,,,,,,,,
4213,LIMA,"197,454.30",21/10/2006,20509797090,,,,,,,,
4214,LIMA,"311,106.84",20/10/2006,20126663651,,,,,,,,
4215,LIMA,"374,215.07",20/10/2006,20530662919,,,,,,,,
4216,LIMA,"200,641.21",20/10/2006,20426443822,,,,,,,,
4217,LIMA,"48,995.32",19/09/2006,20392141724,,,,,,,,
4218,LIMA,"159,103.73",08/09/2006,20509797090,,,,,,,,
4219,LIMA,"317,632.79",08/09/2006,20486235901,,,,,,,,
4220,LIMA,"202,304.27",08/09/2006,20530662919,,,,,,,,
4221,LIMA,"200,917.90",08/09/2006,20501571726,,,,,,,,
4222,LIMA,"477,657.62",26/07/2006,10081180704,,,,,,,,
4223,LIMA,"178,525.98",26/07/2006,10102838721,,,,,,,,
4224,LIMA,"307,379.00",26/07/2006,20486235901,,,,,,,,
4225,LIMA,"83,533.02",26/07/2006,20504862497,,,,,,,,
4226,LIMA,"79,989.60",26/07/2006,10076058402,,,,,,,,
4227,LIMA,"68,132.26",26/07/2006,10076058402,,,,,,,,
4228,LIMA,"266,597.49",26/07/2006,10095289351,,,,,,,,
4229,LIMA,"170,364.33",26/07/2006,10081180704,,,,,,,,
4230,LIMA,"151,046.01",26/07/2006,20125752200,20479603988,,,,,,,
4231,LIMA,"182,886.28",26/07/2006,20147960612,,,,,,,,
4232,LIMA,"131,770.73",26/07/2006,20530662919,,,,,,,,
4233,LIMA,"308,125.54",26/07/2006,20530723055,,,,,,,,
4234,LIMA,"663,781.52",19/07/2006,20440205641,,,,,,,,
4235,LIMA,"735,886.74",19/07/2006,10097300432,10095289351,,,,,,,
4236,LIMA,"26,034.60",18/07/2006,10200505307,,,,,,,,
4237,LIMA,"18,530.32",18/07/2006,10200505307,,,,,,,,
4238,LIMA,"89,980.57",17/07/2006,10076058402,,,,,,,,
4239,LIMA,"33,537.97",17/07/2006,10076058402,,,,,,,,
4240,LIMA,"40,493.49",17/07/2006,10090726213,,,,,,,,
4241,LIMA,"45,172.00",17/07/2006,20385594195,,,,,,,,
4242,LIMA,"51,938.82",17/07/2006,10090726213,,,,,,,,
4243,LIMA,"154,489.01",17/07/2006,10157044414,,,,,,,,
4244,LIMA,"148,658.43",17/07/2006,10081180704,,,,,,,,
4245,LIMA,"316,509.31",17/07/2006,20444877210,,,,,,,,
4246,LIMA,"351,059.07",17/07/2006,10102838721,,,,,,,,
4247,LIMA,"185,556.30",17/07/2006,20509797090,,,,,,,,
4248,LIMA,"183,720.63",17/07/2006,20504862497,,,,,,,,
4249,LIMA,"324,744.34",17/07/2006,20509797090,,,,,,,,
4250,LIMA,"507,093.85",17/07/2006,20530917763,,,,,,,,
4251,LIMA,"166,872.95",17/07/2006,20530662919,,,,,,,,
4252,LIMA,"355,076.24",17/07/2006,20444877210,,,,,,,,
4253,LIMA,"73,585.94",06/07/2006,10102838721,,,,,,,,
4254,LIMA,"129,334.23",19/06/2006,20505621159,,,,,,,,
4255,LIMA,"197,768.68",05/06/2006,10090726213,,,,,,,,
4256,LIMA,"223,920.91",05/06/2006,20530917763,,,,,,,,
4257,LIMA,"462,251.63",02/06/2006,20530662919,,,,,,,,
4258,LIMA,"114,315.82",02/06/2006,20505621159,,,,,,,,
4259,LIMA,"137,544.25",02/06/2006,20530917763,,,,,,,,
4260,LIMA,"207,051.08",02/06/2006,20530917763,,,,,,,,
4261,LIMA,"102,529.70",02/06/2006,20504862497,,,,,,,,
4262,LIMA,"87,332.20",20/04/2006,20403914101,,,,,,,,
4263,LIMA,"89,940.46",20/04/2006,10086775609,,,,,,,,
4264,LIMA,"517,009.94",20/04/2006,20426443822,,,,,,,,
4265,LIMA,"226,049.16",29/03/2006,20418177986,,,,,,,,
4266,LIMA,"523,247.99",29/03/2006,20485754122,,,,,,,,
4267,LIMA,"239,583.60",24/03/2006,20341551278,,,,,,,,
4268,LIMA,"210,421.36",21/03/2006,20171390614,,,,,,,,
4269,LIMA,"84,240.00",27/02/2006,10090726213,,,,,,,,
4270,LIMA,"77,425.64",08/02/2006,20505621159,,,,,,,,
4271,LIMA,"860,625.00",28/12/2007,20531052464,10157044414,,,,,,,
4272,LIMA,"1,631,830.24",07/12/2007,20268887785,,,,,,,,
4273,LIMA,"245,565.58",07/12/2007,20268887785,,,,,,,,
4274,LIMA,"151,326.84",03/12/2007,20488436202,,,,,,,,
4275,LIMA,"166,224.59",03/12/2007,20516419572,,,,,,,,
4276,LIMA,"89,389.37",29/11/2007,20530796443,,,,,,,,
4277,LIMA,"48,000.47",27/11/2007,20515673319,,,,,,,,
4278,LIMA,"304,579.80",12/10/2007,20375365716,10157044414,20164483895,,,,,,
4279,LIMA,"843,300.00",12/10/2007,20375365716,10157044414,20164483895,,,,,,
4280,LIMA,"1,612,262.70",12/10/2007,20375365716,20164483895,,,,,,,
4281,LIMA,"210,317.40",18/09/2007,20119756821,10062167373,,,,,,,
4282,LIMA,"301,500.01",18/09/2007,20119756821,10062167373,,,,,,,
4283,LIMA,"290,925.01",18/09/2007,20119756821,10062167373,,,,,,,
4284,LIMA,"486,000.00",18/09/2007,20119756821,10062167373,,,,,,,
4285,LIMA,"498,388.31",18/09/2007,10013321227,20119756821,10062167373,,,,,,
4286,LIMA,"698,346.00",18/09/2007,10013321227,20119756821,10062167373,,,,,,
4287,LIMA,"981,334.80",18/09/2007,10013321227,20119756821,10062167373,,,,,,
4288,LIMA,"1,175,875.21",18/09/2007,10013321227,20119756821,10062167373,,,,,,
4289,LIMA,"2,124,352.00",11/09/2007,20476423539,10079271751,20218090550,,,,,,
4290,LIMA,"1,252,825.42",11/09/2007,20476423539,10079271751,20218090550,,,,,,
4291,LIMA,"1,946,126.29",11/09/2007,20476423539,10079271751,20218090550,,,,,,
4292,LIMA,"28,919.12",14/08/2007,20486235901,,,,,,,,
4293,LIMA,"451,421.37",08/06/2007,20183229860,,,,,,,,
4294,LIMA,"288,832.73",08/06/2007,10157044414,,,,,,,,
4295,LIMA,"296,186.83",16/05/2007,20403914101,,,,,,,,
4296,LIMA,"35,679.93",16/05/2007,20533901612,,,,,,,,
4297,LIMA,"22,515.27",16/05/2007,20533901612,,,,,,,,
4298,LIMA,"5,471,119.96",14/04/2009,10157044414,20178080106,20164483895,,,,,,
4299,LIMA,"258,727.50",21/12/2008,20514143812,,,,,,,,
4300,LIMA,"726,580.00",21/12/2008,20533990968,,,,,,,,
4301,LIMA,"544,370.80",21/12/2008,20477886095,,,,,,,,
4302,LIMA,"581,451.40",21/12/2008,20509797090,,,,,,,,
4303,LIMA,"2,314,777.90",21/12/2008,20503337879,,,,,,,,
4304,LIMA,"1,051,893.10",21/12/2008,20516419572,,,,,,,,
4305,LIMA,"348,884.35",21/12/2008,20530723055,,,,,,,,
4306,LIMA,"538,177.74",21/12/2008,20531375981,,,,,,,,
4307,LIMA,"6,064,253.87",15/12/2008,20503981298,,,,,,,,
4308,LIMA,"941,739.49",09/12/2008,10157044414,,,,,,,,
4309,LIMA,"3,102,872.74",02/12/2008,20367759551,,,,,,,,
4310,LIMA,"3,802,631.46",28/11/2008,20164483895,10157044414,,,,,,,
4311,LIMA,"1,007,815.40",27/11/2008,20403914101,,,,,,,,
4312,LIMA,"1,689,664.19",26/11/2008,20534120410,20503334268,,,,,,,
4313,LIMA,"1,127,406.35",26/11/2008,20341551278,20504320686,,,,,,,
4314,LIMA,"114,199.52",12/11/2008,20260933419,,,,,,,,
4315,LIMA,"155,477.38",12/11/2008,10066827246,,,,,,,,
4316,LIMA,"172,643.17",12/11/2008,20319523015,,,,,,,,
4317,LIMA,"250,063.87",12/11/2008,20475300328,,,,,,,,
4318,LIMA,"250,185.83",12/11/2008,20534095393,,,,,,,,
4319,LIMA,"754,625.79",17/10/2008,20508349301,,,,,,,,
4320,LIMA,"803,804.06",17/10/2008,20519658501,20531084315,,,,,,,
4321,LIMA,"296,809.07",15/10/2008,10081180704,,,,,,,,
4322,LIMA,"248,235.20",15/10/2008,20527773564,,,,,,,,
4323,LIMA,"747,817.16",23/09/2008,20514130915,,,,,,,,
4324,LIMA,"173,715.70",08/08/2008,10097974239,,,,,,,,
4325,LIMA,"115,226.81",24/07/2008,20475300328,,,,,,,,
4326,LIMA,"1,668,686.40",07/07/2008,20503981298,20424850129,,,,,,,
4327,LIMA,"394,130.38",04/07/2008,20531034130,,,,,,,,
4328,LIMA,"373,938.03",06/06/2008,20530796443,,,,,,,,
4329,LIMA,"8,793.81",24/03/2008,20486235901,,,,,,,,
4330,LIMA,"2,650,485.07",09/07/2010,20164483895,20534165359,,,,,,,
4331,LIMA,"4,855,790.63",05/03/2010,20505096721,10081180704,20534165359,20458659321,,,,,
4332,LIMA,"5,391,784.01",30/12/2009,20506620636,20506662479,,,,,,,
4333,LIMA,"771,773.57",29/12/2009,20530796443,,,,,,,,
4334,LIMA,"748,989.74",29/12/2009,20101577148,,,,,,,,
4335,LIMA,"748,126.88",29/12/2009,20477886095,,,,,,,,
4336,LIMA,"1,062,615.45",29/12/2009,20509797090,,,,,,,,
4337,LIMA,"38,536.33",28/12/2009,20516534088,,,,,,,,
4338,LIMA,"137,054.86",28/12/2009,20528923098,,,,,,,,
4339,LIMA,"727,670.41",15/12/2009,20100620805,20426443822,,,,,,,
4340,LIMA,"576,078.07",07/12/2009,20518498259,,,,,,,,
4341,LIMA,"1,540,427.81",10/11/2009,20433043210,20322446374,,,,,,,
4342,LIMA,"278,205.92",09/11/2009,20517230821,20522511090,,,,,,,
4343,LIMA,"629,538.45",09/11/2009,20531064047,20514143812,,,,,,,
4344,LIMA,"2,858,129.09",06/11/2009,20164483895,,,,,,,,
4345,LIMA,"9,218,720.89",30/10/2009,20505026196,20507687084,20101218172,10097300432,,,,,
4346,LIMA,"2,202,641.30",22/10/2009,20519658501,,,,,,,,
4347,LIMA,"949,464.88",18/08/2009,20445765628,20445102947,20531611200,,,,,,
4348,LIMA,"232,336.79",14/08/2009,20515568281,,,,,,,,
4349,LIMA,"406,679.32",14/08/2009,20299660525,,,,,,,,
4350,LIMA,"1,675,289.97",13/08/2009,20509958875,20477886095,,,,,,,
4351,LIMA,"1,527,975.51",12/08/2009,20530796443,,,,,,,,
4352,LIMA,"286,618.18",16/07/2009,20518498259,,,,,,,,
4353,LIMA,"120,684.55",23/06/2009,20330491028,20516865947,,,,,,,
4354,LIMA,"84,046.25",23/06/2009,10157044414,,,,,,,,
4355,LIMA,"72,519.83",12/06/2009,20530852963,,,,,,,,
4356,LIMA,"71,659.86",12/06/2009,20530852963,,,,,,,,
4357,LIMA,"2,829,387.69",28/04/2009,20515568281,20440492283,,,,,,,
4358,LIMA,"1,560,473.32",25/02/2011,20517230821,20505096721,,,,,,,
4359,LIMA,"333,047.47",02/12/2010,20525437460,,,,,,,,
4360,LIMA,"78,901.12",26/11/2010,20407779976,,,,,,,,
4361,LIMA,"240,308.15",24/11/2010,20491289750,,,,,,,,
4362,LIMA,"1,420,292.05",24/11/2010,20519242312,20536351303,20461112227,,,,,,
4363,LIMA,"140,438.94",24/11/2010,20515748696,,,,,,,,
4364,LIMA,"267,536.67",24/11/2010,20536444905,,,,,,,,
4365,LIMA,"1,156,683.26",24/11/2010,20531052464,20164483895,,,,,,,
4366,LIMA,"221,155.88",23/11/2010,20534164549,,,,,,,,
4367,LIMA,"2,766,600.46",23/11/2010,20533958215,10090726213,20530909663,20511001235,,,,,
4368,LIMA,"1,816,319.57",19/11/2010,20530909663,10090726213,20533958215,,,,,,
4369,LIMA,"193,705.48",18/11/2010,20495956629,,,,,,,,
4370,LIMA,"2,012,941.04",17/11/2010,20517230821,20508619538,,,,,,,
4371,LIMA,"212,686.51",16/11/2010,20477886095,,,,,,,,
4372,LIMA,"120,028.58",15/11/2010,20501799409,,,,,,,,
4373,LIMA,"60,007.50",28/10/2010,20514436593,,,,,,,,
4374,LIMA,"52,200.00",23/09/2010,20486156946,,,,,,,,
4375,LIMA,"51,750.00",23/09/2010,20487130924,,,,,,,,
4376,LIMA,"41,600.74",23/09/2010,20516966034,,,,,,,,
4377,LIMA,"47,121.40",22/09/2010,20514436593,,,,,,,,
4378,LIMA,"2,554,456.52",21/09/2010,20518629451,10094523929,10257778113,,,,,,
4379,LIMA,"687,774.56",17/09/2010,20101218172,20536444905,,,,,,,
4380,LIMA,"790,523.76",13/09/2010,20491281422,20491289750,,,,,,,
4381,LIMA,"108,422.34",02/09/2010,20515748696,,,,,,,,
4382,LIMA,"525,402.73",16/08/2010,20491289750,20492575381,,,,,,,
4383,LIMA,"554,657.42",16/08/2010,20512703047,,,,,,,,
4384,LIMA,"170,522.17",12/08/2010,20486440075,,,,,,,,
4385,LIMA,"728,162.30",12/08/2010,20121907608,,,,,,,,
4386,LIMA,"1,795,747.93",04/08/2010,20207055078,20121907608,,,,,,,
4387,LIMA,"79,256.96",26/07/2010,20501799409,,,,,,,,
4388,LIMA,"157,737.26",23/07/2010,20530909663,,,,,,,,
4389,LIMA,"2,024,143.45",15/07/2010,20268887785,20504665233,,,,,,,
4390,LIMA,"242,375.68",14/07/2010,20501799409,,,,,,,,
4391,LIMA,"563,486.59",13/07/2010,20516419572,,,,,,,,
4392,LIMA,"135,037.90",07/07/2010,20407842929,,,,,,,,
4393,LIMA,"332,111.83",06/07/2010,20519427011,,,,,,,,
4394,LIMA,"936,669.54",05/07/2010,20478111712,20515568281,,,,,,,
4395,LIMA,"393,256.28",25/06/2010,20533961356,,,,,,,,
4396,LIMA,"8,323,952.62",22/06/2010,20279551932,20407412592,,,,,,,
4397,LIMA,"7,916,394.70",15/06/2010,20127619965,20101049711,20322446374,,,,,,
4398,LIMA,"4,232,156.65",26/05/2010,20531052464,20458659321,20517230821,,,,,,
4399,LIMA,"1,099,197.70",30/04/2010,20504883737,10075977242,20514130915,20517021319,,,,,
4400,LIMA,"727,089.20",19/04/2010,20268887785,20504665233,,,,,,,
4401,LIMA,"320,300.00",23/03/2010,20486156946,,,,,,,,
4402,LIMA,"568,486.39",23/03/2010,20407945493,10044145788,,,,,,,
4403,LIMA,"2,696,670.94",26/02/2010,20136339240,20523746341,20516728362,,,,,,
4404,LIMA,"1,674,345.81",23/02/2010,20268887785,20504665233,,,,,,,
4405,LIMA,"935,269.79",19/02/2010,20515568281,,,,,,,,
4406,LIMA,"2,944,356.49",18/02/2010,20523780795,20137744041,,,,,,,
4407,LIMA,"1,464,916.92",17/02/2010,20100620805,20101577148,,,,,,,
4408,LIMA,"7,991,074.84",17/02/2010,20352428648,20351222906,20351575574,20415712767,,,,,
4409,LIMA,"3,852,527.27",22/12/2011,20144691173,20503276713,20262396135,,,,,,
4410,LIMA,"4,098,465.26",06/12/2011,20517705102,20517623394,20337572121,,,,,,
4411,LIMA,"3,765,394.28",25/11/2011,10076713184,10090726213,20530909663,,,,,,
4412,LIMA,"1,588,694.89",23/11/2011,20100470722,20478003154,,,,,,,
4413,LIMA,"392,522.47",16/11/2011,20494757487,,,,,,,,
4414,LIMA,"2,447,626.44",08/11/2011,10157044414,20469173756,,,,,,,
4415,LIMA,"866,153.09",07/11/2011,20530862764,20407762658,,,,,,,
4416,LIMA,"402,018.13",04/11/2011,20482214160,,,,,,,,
4417,LIMA,"1,195,359.87",04/11/2011,20486136830,,,,,,,,
4418,LIMA,"718,724.34",03/11/2011,20538406717,20513675616,20515130889,,,,,,
4419,LIMA,"426,803.21",03/11/2011,20517230821,,,,,,,,
4420,LIMA,"486,022.29",03/11/2011,20542048841,,,,,,,,
4421,LIMA,"211,987.85",14/10/2011,20514751430,,,,,,,,
4422,LIMA,"172,930.84",10/10/2011,20535632449,,,,,,,,
4423,LIMA,"146,062.42",08/09/2011,20491857073,,,,,,,,
4424,LIMA,"583,000.35",08/09/2011,20506451427,20524890241,,,,,,,
4425,LIMA,"637,689.92",18/08/2011,20322446374,,,,,,,,
4426,LIMA,"518,205.69",11/08/2011,20514751430,,,,,,,,
4427,LIMA,"59,506.05",08/08/2011,20534164549,,,,,,,,
4428,LIMA,"353,852.73",03/08/2011,20332558456,,,,,,,,
4429,LIMA,"496,511.86",26/07/2011,20536542231,20504883737,,,,,,,
4430,LIMA,"464,107.95",01/06/2011,20407842929,20392526430,,,,,,,
4431,LIMA,"3,426,894.70",30/05/2011,20510890222,20112357514,,,,,,,
4432,LIMA,"142,994.11",20/04/2011,20514751430,,,,,,,,
4433,LIMA,"730,427.59",15/04/2011,20481556938,20482214160,20481210047,,,,,,
4434,LIMA,"192,160.33",20/01/2011,20517093492,,,,,,,,
4435,LIMA,"670,923.78",31/12/2012,20571358329,,,,,,,,
4436,LIMA,"3,273,050.89",28/12/2012,20503993890,20513051833,,,,,,,
4437,LIMA,"3,127,064.18",28/12/2012,99000007150,20514430552,,,,,,,
4438,LIMA,"445,000.00",27/12/2012,20407776365,,,,,,,,
4439,LIMA,"4,392,331.87",21/12/2012,10076713184,10104750741,20530909663,,,,,,
4440,LIMA,"1,190,086.19",11/12/2012,20539768833,20481456712,,,,,,,
4441,LIMA,"7,389,979.61",06/12/2012,20548212121,20546167241,20505885725,,,,,,
4442,LIMA,"300,322.40",29/11/2012,20517410641,20524890241,,,,,,,
4443,LIMA,"1,067,763.20",28/11/2012,20508619538,,,,,,,,
4444,LIMA,"3,081,584.66",27/11/2012,20546378536,20508703911,,,,,,,
4445,LIMA,"472,810.88",21/11/2012,20517093492,,,,,,,,
4446,LIMA,"3,877,261.24",09/11/2012,20508274298,,,,,,,,
4447,LIMA,"3,593,446.11",09/11/2012,20101218172,,,,,,,,
4448,LIMA,"37,348,741.51",07/11/2012,20545740452,,,,,,,,
4449,LIMA,"1,472,775.64",29/10/2012,20516434962,20519701015,,,,,,,
4450,LIMA,"701,195.00",29/10/2012,20507687084,,,,,,,,
4451,LIMA,"124,177.09",29/10/2012,20525064418,,,,,,,,
4452,LIMA,"747,315.18",25/10/2012,20365809179,10238833561,,,,,,,
4453,LIMA,"3,541,639.84",05/10/2012,20508619538,,,,,,,,
4454,LIMA,"1,420,721.75",27/09/2012,20505096721,20517230821,,,,,,,
4455,LIMA,"655,918.39",29/08/2012,20506451427,20524890241,,,,,,,
4456,LIMA,"1,034,355.25",13/08/2012,20478003154,20100470722,,,,,,,
4457,LIMA,"1,503,070.94",08/08/2012,20398613563,,,,,,,,
4458,LIMA,"528,327.67",07/08/2012,20536542231,,,,,,,,
4459,LIMA,"484,033.16",03/08/2012,20461112227,,,,,,,,
4460,LIMA,"290,889.77",03/08/2012,20421353647,,,,,,,,
4461,LIMA,"481,707.62",02/08/2012,20421353647,,,,,,,,
4462,LIMA,"904,200.71",30/07/2012,20514751430,10102838721,,,,,,,
4463,LIMA,"2,141,843.93",20/07/2012,20125814329,20123684886,,,,,,,
4464,LIMA,"1,438,016.13",17/07/2012,20534041978,20407842929,20164483895,,,,,,
4465,LIMA,"1,396,541.08",16/07/2012,20408105448,20530909663,,,,,,,
4466,LIMA,"191,475.61",10/07/2012,20506451427,,,,,,,,
4467,LIMA,"3,454,215.49",29/05/2012,20164483895,20469173756,10157044414,,,,,,
4468,LIMA,"558,665.04",25/05/2012,20517093492,,,,,,,,
4469,LIMA,"543,768.35",25/05/2012,20525437460,,,,,,,,
4470,LIMA,"1,438,016.13",24/05/2012,20534041978,20407842929,20164483895,,,,,,
4471,LIMA,"2,337,770.82",24/05/2012,20525051278,10157044414,,,,,,,
4472,LIMA,"938,540.28",24/05/2012,20516170299,20486130718,20486111501,,,,,,
4473,LIMA,"363,662.41",22/05/2012,20491857073,,,,,,,,
4474,LIMA,"1,370,183.14",16/05/2012,10061635624,20125398945,20534041978,,,,,,
4475,LIMA,"74,196.51",15/05/2012,20538767493,,,,,,,,
4476,LIMA,"709,022.05",02/05/2012,20514751430,,,,,,,,
4477,LIMA,"824,129.93",02/05/2012,20257427022,20515013149,,,,,,,
4478,LIMA,"2,709,432.54",18/04/2012,20415712767,,,,,,,,
4479,LIMA,"904,200.71",13/04/2012,20401843842,20486141914,,,,,,,
4480,LIMA,"196,860.71",12/04/2012,20486440075,,,,,,,,
4481,LIMA,"1,054,783.35",11/04/2012,20504709117,20507828087,,,,,,,
4482,LIMA,"839,311.55",03/04/2012,20321318241,20518943830,,,,,,,
4483,LIMA,"3,453,019.65",29/03/2012,20508703911,20503379521,,,,,,,
4484,LIMA,"546,889.98",27/03/2012,20332558456,,,,,,,,
4485,LIMA,"671,395.00",12/03/2012,20517230821,,,,,,,,
4486,LIMA,"737,075.09",15/02/2012,20519134188,,,,,,,,
4487,LIMA,"852,158.31",08/02/2012,20506003351,,,,,,,,
4488,LIMA,"671,394.97",03/02/2012,20517230821,20536444905,,,,,,,
4489,LIMA,"5,240,610.94",03/02/2012,20515130889,20378395152,20515055143,,,,,,
4490,LIMA,"436,200.28",24/01/2012,20535632449,,,,,,,,
4491,LIMA,"678,820.87",24/01/2012,20524890241,20506451427,,,,,,,
4492,LIMA,"2,763,443.54",11/03/2014,20257427022,20325976455,,,,,,,
4493,LIMA,"1,037,359.93",26/12/2013,20145769249,,,,,,,,
4494,LIMA,"3,833,414.04",20/12/2013,20506310360,20429414921,,,,,,,
4495,LIMA,"795,016.31",11/12/2013,20478003154,,,,,,,,
4496,LIMA,"216,703.60",10/12/2013,20494682703,,,,,,,,
4497,LIMA,"294,976.17",28/11/2013,20531455313,,,,,,,,
4498,LIMA,"319,043.37",21/11/2013,20517093492,,,,,,,,
4499,LIMA,"769,150.26",20/11/2013,20514025887,,,,,,,,
4500,LIMA,"2,527,779.22",18/11/2013,10157044414,20469173756,,,,,,,
4501,LIMA,"235,585.25",12/11/2013,20524890241,,,,,,,,
4502,LIMA,"1,964,358.62",07/11/2013,20504218130,,,,,,,,
4503,LIMA,"456,483.96",29/10/2013,20535573841,20508619538,,,,,,,
4504,LIMA,"1,417,452.51",23/10/2013,20530806341,20257427022,20472861582,,,,,,
4505,LIMA,"152,351.94",14/10/2013,20531455313,20524890241,,,,,,,
4506,LIMA,"533,946.15",02/10/2013,20508364289,,,,,,,,
4507,LIMA,"3,833,414.04",23/09/2013,20103921288,20550090075,20516434962,,,,,,
4508,LIMA,"1,733,868.99",17/09/2013,20508703911,,,,,,,,
4509,LIMA,"630,778.95",17/09/2013,20516966034,,,,,,,,
4510,LIMA,"1,569,576.08",27/08/2013,20507238018,,,,,,,,
4511,LIMA,"1,417,452.51",19/08/2013,20506886661,20517491111,,,,,,,
4512,LIMA,"742,794.30",09/08/2013,20521055953,,,,,,,,
4513,LIMA,"306,539.88",09/08/2013,20535573841,,,,,,,,
4514,LIMA,"469,090.95",18/07/2013,20506886661,,,,,,,,
4515,LIMA,"375,521.38",18/07/2013,20506886661,,,,,,,,
4516,LIMA,"222,089.89",18/07/2013,20535573841,,,,,,,,
4517,LIMA,"540,051.25",18/07/2013,20534119918,,,,,,,,
4518,LIMA,"704,679.49",12/07/2013,20552067321,20518478738,20261295246,,,,,,
4519,LIMA,"610,851.13",03/07/2013,20550934079,,,,,,,,
4520,LIMA,"793,145.79",01/07/2013,20517093492,,,,,,,,
4521,LIMA,"1,058,325.21",21/06/2013,20507828087,20504709117,,,,,,,
4522,LIMA,"970,794.40",21/06/2013,20407412592,20298240379,,,,,,,
4523,LIMA,"55,715.55",05/06/2013,20516966034,,,,,,,,
4524,LIMA,"1,691,085.68",30/05/2013,20178080106,,,,,,,,
4525,LIMA,"271,124.66",29/05/2013,20477255931,20539768833,,,,,,,
4526,LIMA,"746,859.14",29/05/2013,20539768833,20477255931,,,,,,,
4527,LIMA,"1,090,782.27",22/05/2013,20531408315,20365809179,,,,,,,
4528,LIMA,"882,539.04",22/05/2013,20144691173,,,,,,,,
4529,LIMA,"444,560.69",22/05/2013,20514751430,,,,,,,,
4530,LIMA,"880,057.94",14/05/2013,20481456712,,,,,,,,
4531,LIMA,"630,778.95",13/05/2013,20516966034,,,,,,,,
4532,LIMA,"2,278,806.31",07/05/2013,20355697151,20112357514,,,,,,,
4533,LIMA,"1,575,755.72",03/05/2013,20144691173,,,,,,,,
4534,LIMA,"2,390,222.39",03/05/2013,20507828087,20504709117,,,,,,,
4535,LIMA,"291,214.80",03/05/2013,20494682703,,,,,,,,
4536,LIMA,"92,735.09",08/04/2013,20517093492,,,,,,,,
4537,LIMA,"3,051,239.88",27/03/2013,20535965502,20503981298,,,,,,,
4538,LIMA,"678,408.95",27/03/2013,20387215426,,,,,,,,
4539,LIMA,"629,264.22",26/03/2013,20535632449,,,,,,,,
4540,LIMA,"338,701.77",25/03/2013,20542158787,,,,,,,,
4541,LIMA,"390,690.77",25/03/2013,20542158787,,,,,,,,
4542,LIMA,"2,480,228.64",21/03/2013,20458659321,20513835320,,,,,,,
4543,LIMA,"909,270.10",18/03/2013,20486130718,20516170299,,,,,,,
4544,LIMA,"2,003,512.62",13/03/2013,20458659321,20513835320,,,,,,,
4545,LIMA,"2,083,499.89",01/03/2013,20432730604,,,,,,,,
4546,LIMA,"479,110.33",01/03/2013,20220199968,,,,,,,,
4547,LIMA,"490,166.01",15/02/2013,20261295246,20571358329,,,,,,,
4548,LIMA,"2,705,279.40",28/08/2014,20127619965,20299660525,,,,,,,
4549,LIMA,"992,813.19",28/02/2014,20506003351,,,,,,,,
4550,LIMA,"1,117,760.76",21/02/2014,20531455313,,,,,,,,
4551,LIMA,"1,280,483.43",21/02/2014,20486554674,20393271044,,,,,,,
4552,LIMA,"13,616,244.53",21/02/2014,20549249681,,,,,,,,
4553,LIMA,"14,521,215.08",20/02/2014,20469173756,99000006081,10157044414,,,,,,
4554,LIMA,"266,051.65",04/12/2015,20100687543,,,,,,,,
4555,LIMA,"2,730,963.08",23/11/2015,20477886095,,,,,,,,
4556,LIMA,"374,000.00",19/11/2015,20517230821,,,,,,,,
4557,LIMA,"1,227,944.83",11/11/2015,20504709117,20504569358,,,,,,,
4558,LIMA,"230,980.00",30/10/2015,20571249970,10028352129,,,,,,,
4559,LIMA,"3,997,180.69",29/10/2015,20140404552,20339450197,,,,,,,
4560,LIMA,"2,358,493.72",29/10/2015,20506003351,,,,,,,,
4561,LIMA,"933,673.82",22/07/2015,20517093492,,,,,,,,
4562,LIMA,"622,749.02",22/07/2015,20514751430,,,,,,,,
4563,LIMA,"1,001,413.56",09/06/2015,20545134536,20526946473,20457396946,,,,,,
4564,LIMA,"118,263,414.17",01/04/2015,20110133091,20537169207,20536612972,,,,,,
4565,LIMA,"740,879.63",01/04/2015,20571493374,,,,,,,,
4566,LIMA,"1,772,000.00",25/03/2015,20488094484,20480123884,20392368427,20524758050,,,,,
4567,LIMA,"1,130,500.21",26/02/2015,20502397568,,,,,,,,
4568,LIMA,"1,340,971.27",25/02/2015,20392869809,10102838721,20514751430,,,,,,
4569,LIMA,"866,301.30",29/01/2015,10406947730,20538157156,,,,,,,
4570,LIMA,"6,480,468.63",02/12/2016,20509958875,20477886095,,,,,,,
4571,LIMA,"801,710.93",02/12/2016,20536444905,,,,,,,,
4572,LIMA,"3,189,668.67",14/11/2016,20215342345,,,,,,,,
4573,LIMA,"3,938,681.35",04/11/2016,20449141742,20518629451,,,,,,,
4574,LIMA,"2,151,213.05",04/11/2016,20491289750,20101218172,,,,,,,
4575,LIMA,"613,176.39",31/10/2016,20507828087,,,,,,,,
4576,LIMA,"54,108.13",31/10/2016,20512758968,,,,,,,,
4577,LIMA,"652,258.62",28/10/2016,10406947730,,,,,,,,
4578,LIMA,"3,397,660.36",28/10/2016,20531746717,,,,,,,,
4579,LIMA,"2,134,197.05",13/10/2016,20507828087,,,,,,,,
4580,LIMA,"5,009,525.32",07/10/2016,20502155637,,,,,,,,
4581,LIMA,"925,124.57",22/09/2016,20519685061,,,,,,,,
4582,LIMA,"711,444.42",26/08/2016,20557528939,,,,,,,,
4583,LIMA,"442,940.03",21/07/2016,10406947730,,,,,,,,
4584,LIMA,"3,189,668.67",30/06/2016,20452839688,20555616300,,,,,,,
4585,LIMA,"406,165.66",13/06/2016,20600483634,20542156148,,,,,,,
4586,LIMA,"998,986.16",02/05/2016,20477708821,20533956514,,,,,,,
4587,LIMA,"402,141.34",29/04/2016,20554027106,,,,,,,,
4588,LIMA,"246,599.73",29/04/2016,20536444905,,,,,,,,
4589,LIMA,"1,585,164.87",29/04/2016,20538157156,10406947730,,,,,,,
4590,LIMA,"4,639,659.66",23/03/2016,20205328662,,,,,,,,
4591,LIMA,"1,720,732.78",18/12/2017,20542181096,20539226607,20542048841,,,,,,
4592,LIMA,"1,711,523.15",17/11/2017,20530796443,,,,,,,,
4593,LIMA,"1,720,732.78",17/11/2017,20542048841,20539226607,20542181096,,,,,,
4594,LIMA,"353,344.63",17/11/2017,10406947730,,,,,,,,
4595,LIMA,"1,661,798.37",26/10/2017,20452562864,,,,,,,,
4596,LIMA,"1,384,877.35",24/10/2017,20534089407,20553613559,,,,,,,
4597,LIMA,"1,318,643.06",24/10/2017,20407423446,20600933257,,,,,,,
4598,LIMA,"1,684,382.74",13/10/2017,20171368368,20600184416,,,,,,,
4599,LIMA,"1,060,308.61",12/10/2017,20601770408,20445604616,20602226671,,,,,,
4600,LIMA,"1,265,406.00",12/10/2017,20407978588,20534013923,20530698433,20530954022,,,,,
4601,LIMA,"812,011.98",06/10/2017,20539746350,20600885376,,,,,,,
4602,LIMA,"433,141.38",06/10/2017,20515509861,,,,,,,,
4603,LIMA,"314,612.24",06/10/2017,20515509861,,,,,,,,
4604,LIMA,"880,277.49",06/10/2017,20407423446,,,,,,,,
4605,LIMA,"984,659.68",06/10/2017,20536444905,20295182467,,,,,,,
4606,LIMA,"1,630,417.60",29/09/2017,20546240852,,,,,,,,
4607,LIMA,"1,651,305.09",29/09/2017,20480589492,20542048841,20571249970,,,,,,
4608,LIMA,"2,370,704.87",28/09/2017,20534094079,,,,,,,,
4609,LIMA,"1,958,329.69",27/09/2017,20541253565,20514444341,20451445937,,,,,,
4610,LIMA,"1,653,194.43",19/09/2017,20446342879,10097300432,20445604616,,,,,,
4611,LIMA,"1,661,716.05",14/07/2017,20445700178,,,,,,,,
4612,LIMA,"675,543.00",14/07/2017,20363610936,20536076833,,,,,,,
4613,LIMA,"1,199,825.30",28/06/2017,20486822865,20487201457,20550634431,,,,,,
4614,LIMA,"827,354.52",28/06/2017,20600185226,,,,,,,,
4615,LIMA,"1,831,978.38",13/06/2017,20565589424,20491657902,10102838721,,,,,,
4616,LIMA,"2,092,778.52",13/06/2017,20546240852,,,,,,,,
4617,LIMA,"15,943,017.32",09/06/2017,20509958875,20477886095,20516419572,,,,,,
4618,LIMA,"2,105,872.95",21/04/2017,20600933257,20494633834,20534717068,,,,,,
4619,LIMA,"1,759,227.67",20/11/2018,20530592520,20488531299,,,,,,,
4620,LIMA,"3,311,378.26",10/10/2018,20546240852,20378808767,20516419572,20477886095,,,,,
4621,LIMA,"1,610,566.45",13/09/2018,20533922377,20488531299,,,,,,,
4622,LIMA,"1,314,829.80",12/09/2018,20536444905,,,,,,,,
4623,LIMA,"463,458.45",12/09/2018,20494375959,20601820049,,,,,,,
4624,LIMA,"2,190,005.63",06/09/2018,20552138288,10097515358,,,,,,,
4625,LIMA,"1,940,863.29",23/08/2018,20601897661,20533997971,20491281422,,,,,,
4626,LIMA,"12,118,498.25",25/06/2018,20477886095,20516419572,20509958875,,,,,,
4627,LIMA,"1,158,130.79",22/06/2018,20117245668,,,,,,,,
4628,LIMA,"2,882,647.17",12/06/2018,20534132850,20490197771,20517021319,20534161281,20600478428,,,,
4629,LIMA,"1,071,220.00",30/05/2018,20533922377,20542162547,,,,,,,
4630,LIMA,"7,160,914.95",25/05/2018,20516419572,20546240852,20509958875,,,,,,
4631,LIMA,"1,598,905.01",22/05/2018,20514103357,20508846780,20600230558,,,,,,
4632,LIMA,"2,835,450.00",21/05/2018,20295182467,20536444905,,,,,,,
4633,LIMA,"2,602,607.23",16/05/2018,20571516099,10098726701,,,,,,,
4634,LIMA,"749,436.37",08/05/2018,20407968604,20534084197,,,,,,,
4635,LIMA,"1,714,403.06",04/05/2018,20100073057,20536444905,,,,,,,
4636,LIMA,"4,377,964.83",31/12/2019,20557387421,,,,,,,,
4637,LIMA,"812,754.94",06/12/2019,20536444905,20601897661,,,,,,,
4638,LIMA,"1,731,632.31",07/11/2019,20545134536,,,,,,,,
4639,LIMA,"1,551,690.82",29/10/2019,20403336069,20536444905,,,,,,,
4640,LIMA,"807,032.79",28/10/2019,20510103450,,,,,,,,
4641,LIMA,"2,815,357.79",23/10/2019,20478157976,20534010151,,,,,,,
4642,LIMA,"3,951,460.12",22/10/2019,20445349322,20600362161,,,,,,,
4643,LIMA,"2,282,448.87",11/09/2019,20119423695,20545316561,,,,,,,
4644,LIMA,"11,338,412.78",26/08/2019,20509958875,,,,,,,,
4645,LIMA,"16,292,806.09",26/08/2019,20516419572,20509958875,,,,,,,
4646,LIMA,"1,664,764.01",23/08/2019,20600362161,,,,,,,,
4647,LIMA,"6,792,655.91",14/08/2019,20516419572,,,,,,,,
4648,LIMA,"3,932,367.18",13/08/2019,20266458089,20521715716,20601897661,,,,,,
4649,LIMA,"955,438.44",24/07/2019,20523071042,,,,,,,,
4650,LIMA,"1,854,715.63",23/07/2019,20536907930,,,,,,,,
4651,LIMA,"1,546,204.59",23/07/2019,20536907930,,,,,,,,
4652,LIMA,"931,290.27",27/06/2019,20452744890,20407423446,,,,,,,
4653,LIMA,"1,464,960.41",19/06/2019,20604753539,20508349301,,,,,,,
4654,LIMA,"3,966,415.59",19/06/2019,99000028831,20533765506,20603373945,,,,,,
4655,LIMA,"11,256,954.44",28/05/2019,20534142227,20549823565,,,,,,,
4656,LIMA,"4,434,762.48",22/05/2019,20549823565,,,,,,,,
4657,LIMA,"2,362,930.65",30/04/2019,20528299688,20121907608,,,,,,,
4658,LIMA,"929,296.92",23/04/2019,20530954022,,,,,,,,
4659,LIMA,"5,803,422.47",28/12/2020,20534144432,20408114943,20531048432,,,,,,
4660,LIMA,"1,246,335.90",28/12/2020,20542154366,20488351398,,,,,,,
4661,LIMA,"879,090.85",25/11/2020,20407423446,,,,,,,,
4662,LIMA,"3,150,970.45",24/11/2020,20523386469,,,,,,,,
4663,LIMA,"3,816,106.44",24/11/2020,20407917104,20445200019,,,,,,,
4664,LIMA,"2,709,209.26",19/11/2020,20554659242,,,,,,,,
4665,LIMA,"433,456.97",05/11/2020,20536444905,20403336069,,,,,,,
4666,LIMA,"870,074.67",05/10/2020,20541653156,20600362161,,,,,,,
4667,LIMA,"17,877,308.85",08/09/2020,20571505488,20494637074,20574662517,,,,,,
4668,LIMA,"357,316.02",22/05/2020,20602877095,20541517139,,,,,,,
4669,LIMA,"507,934.58",20/02/2020,20534010151,20260236611,,,,,,,
4670,LIMA,"1,525,881.21",01/03/2022,20534094079,,,,,,,,
4671,LIMA,"4,369,691.94",21/12/2021,20602076882,20600721179,,,,,,,
4672,LIMA,"3,431,360.00",29/10/2021,20607462403,20533990615,20541653156,,,,,,
4673,LIMA,"8,630,713.19",29/09/2021,20603550677,20407917104,20445200019,,,,,,
4674,LIMA,"1,525,881.21",10/09/2021,20534094079,,,,,,,,
4675,LIMA,"4,369,691.94",09/09/2021,20602076882,20600721179,,,,,,,
4676,LIMA,"3,552,648.29",21/06/2021,20600386981,20603550677,20408135517,,,,,,
4677,LIMA,"1,580,777.11",30/04/2021,20532064768,20231662244,,,,,,,
4678,LIMA,"9,829,308.20",25/03/2021,20407917104,20523386469,,,,,,,
4679,LIMA,"889,609.10",18/02/2021,20494682703,,,,,,,,
4680,LIMA,"9,446,165.05",24/11/2022,20556414123,,,,,,,,
4681,LIMA,"2,357,557.19",07/11/2022,20536704231,,,,,,,,
4682,LIMA,"1,770,122.65",27/10/2022,20529032464,,,,,,,,
4683,LIMA,"942,490.45",25/10/2022,20604654531,20489688990,,,,,,,
4684,LIMA,"2,095,516.74",10/10/2022,10076160312,10103454731,,,,,,,
4685,LIMA,"8,228,418.65",10/10/2022,20600046218,20523386469,,,,,,,
4686,LIMA,"1,314,949.18",03/10/2022,10103454731,,,,,,,,
4687,LIMA,"498,551.54",25/07/2022,20531049838,20542154366,,,,,,,
4688,LIMA,"2,509,151.26",23/06/2022,20531897251,20231662244,,,,,,,
4689,LIMA,"5,743,985.49",18/05/2022,20600362161,20601955165,,,,,,,
4690,LIMA,"167,087.00",16/05/2022,20542154366,,,,,,,,
4691,LIMA,"4,260,229.65",11/05/2022,20600021045,20600160347,,,,,,,
4692,LIMA,"3,134,025.31",06/05/2022,10103454731,,,,,,,,
4693,LIMA,"6,877,311.64",28/04/2022,20494686369,20491331543,,,,,,,
4694,LIMA,"19,839,172.86",11/04/2022,20407917104,20445200019,20603550677,,,,,,
4695,LIMA,"23,697,875.44",05/04/2022,20393675480,20601263158,20600377818,,,,,,
4696,LIMA,"21,873,073.89",28/02/2022,20603550677,20603476400,20523386469,,,,,,
4697,LIMA,"5,443,984.71",13/02/2024,20531808763,20445200019,,,,,,,
4698,LIMA,"7,182,688.08",29/12/2023,20494101662,20536444905,,,,,,,
4699,LIMA,"1,748,087.12",22/12/2023,20533989285,10076160312,,,,,,,
4700,LIMA,"1,539,136.91",21/12/2023,20534016949,20603234279,,,,,,,
4701,LIMA,"2,297,948.69",21/12/2023,20300116192,,,,,,,,
4702,LIMA,"1,996,455.89",19/12/2023,20486975939,20487345025,,,,,,,
4703,LIMA,"2,302,152.88",14/12/2023,20514405442,,,,,,,,
4704,LIMA,"2,836,041.67",13/12/2023,20601597773,,,,,,,,
4705,LIMA,"3,194,192.98",11/12/2023,20534016949,20531808763,,,,,,,
4706,LIMA,"1,794,650.94",06/12/2023,20515804863,20606580437,,,,,,,
4707,LIMA,"7,320,613.25",30/11/2023,20600130031,20323041092,,,,,,,
4708,LIMA,"4,422,938.82",30/11/2023,20453695957,20600079787,,,,,,,
4709,LIMA,"8,503,084.11",16/11/2023,20601955165,20600362161,,,,,,,
4710,LIMA,"3,684,548.90",10/11/2023,20610234365,20396681651,,,,,,,
4711,LIMA,"267,230.80",10/11/2023,20571404886,20608211005,,,,,,,
4712,LIMA,"1,406,201.40",03/11/2023,20521571889,20534198010,,,,,,,
4713,LIMA,"2,311,375.41",08/09/2023,20601083095,,,,,,,,
4714,LIMA,"3,323,610.68",17/08/2023,20478157976,20604488681,,,,,,,
4715,LIMA,"5,477,753.12",16/08/2023,20600036492,20506123501,,,,,,,
4716,LIMA,"6,835,887.26",01/08/2023,20546240852,20602747868,,,,,,,
4717,LIMA,"533,492.82",21/07/2023,20491266202,20604421633,,,,,,,
4718,LIMA,"3,421,407.44",27/06/2023,20536444905,,,,,,,,
4719,LIMA,"14,223,774.32",01/06/2023,20509958875,20546240852,,,,,,,
4720,LIMA,"190,229.87",17/04/2023,20127252646,,,,,,,,
4721,LIMA,"22,609,263.23",24/02/2023,20516419572,20477886095,,,,,,,
4722,LIMA,"11,413,649.67",27/12/2024,20516419572,20603234279,,,,,,,
4723,LIMA,"7,402,131.78",27/12/2024,20509958875,20602747868,,,,,,,
4724,LIMA,"1,671,314.20",20/12/2024,20607057355,20604488681,,,,,,,
4725,LIMA,"1,808,222.76",12/12/2024,20445558592,,,,,,,,
4726,LIMA,"12,896,448.22",03/12/2024,20486990903,20600029798,,,,,,,
4727,LIMA,"312,708.14",03/12/2024,20531049838,20604903328,,,,,,,
4728,LIMA,"1,393,121.52",15/11/2024,20546813569,20516419572,,,,,,,
4729,LIMA,"2,230,452.30",14/11/2024,20491358077,20611325739,,,,,,,
4730,LIMA,"1,709,615.95",13/11/2024,20534016949,,,,,,,,
4731,LIMA,"23,268,269.07",07/11/2024,20445200019,20600433050,,,,,,,
4732,LIMA,"2,673,016.85",06/11/2024,20600129938,20408010498,,,,,,,
4733,LIMA,"2,128,712.18",29/10/2024,20534861185,20600441001,,,,,,,
4734,LIMA,"1,671,314.20",09/10/2024,20521479991,20537185661,,,,,,,
4735,LIMA,"1,954,201.92",03/10/2024,20543604951,20502496035,,,,,,,
4736,LIMA,"1,821,254.07",03/10/2024,20393667894,20608472208,,,,,,,
4737,LIMA,"14,710,743.23",27/09/2024,20534002646,20531065019,20604421633,,,,,,
4738,LIMA,"1,808,222.77",27/09/2024,20486976404,20568778198,,,,,,,
4739,LIMA,"2,570,066.75",25/09/2024,20601597773,,,,,,,,
4740,LIMA,"2,251,688.92",25/09/2024,20603234279,20533652213,,,,,,,
4741,LIMA,"15,991,428.13",24/09/2024,20561206539,20529202998,,,,,,,
4742,LIMA,"826,546.11",24/09/2024,20609067552,20542059291,,,,,,,
4743,LIMA,"2,519,638.71",23/09/2024,20606580437,20486743302,,,,,,,
4744,LIMA,"413,474.24",19/09/2024,20482435417,,,,,,,,
4745,LIMA,"2,031,400.53",18/09/2024,20514405442,,,,,,,,
4746,LIMA,"2,488,843.15",13/09/2024,20481456712,,,,,,,,
4747,LIMA,"1,681,190.18",13/09/2024,20298049822,,,,,,,,
4748,LIMA,"1,240,931.78",10/09/2024,20603234279,20533652213,,,,,,,
4749,LIMA,"3,916,070.86",03/09/2024,20601324491,20559507769,,,,,,,
4750,LIMA,"11,050,794.08",16/08/2024,20515485318,20533974415,,,,,,,
4751,LIMA,"2,461,209.67",26/07/2024,20534179571,,,,,,,,
4752,LIMA,"4,982,111.65",25/07/2024,20602480357,20533652213,,,,,,,
4753,LIMA,"4,426,976.16",22/07/2024,20506003351,,,,,,,,
4754,LIMA,"4,699,790.44",19/07/2024,20489536979,20600813804,,,,,,,
4755,LIMA,"2,031,400.52",02/07/2024,20486743302,20541546660,,,,,,,
4756,LIMA,"6,197,044.84",01/07/2024,20604421633,20603812388,,,,,,,
4757,LIMA,"8,750,828.34",24/06/2024,20523386469,20600433050,,,,,,,
4758,LIMA,"968,493.74",20/06/2024,20602932771,20531857381,,,,,,,
4759,LIMA,"807,981.64",19/06/2024,20600373871,20542059291,,,,,,,
4760,LIMA,"1,399,191.40",17/06/2024,20542191059,20604488681,,,,,,,
4761,LIMA,"19,508,893.63",11/06/2024,20571395283,20600615581,,,,,,,
4762,LIMA,"2,074,970.92",10/06/2024,20568778198,20486976404,,,,,,,
4763,LIMA,"7,934,813.61",30/05/2024,20514405442,,,,,,,,
4764,LIMA,"5,168,230.85",27/05/2024,20606792752,20517785530,,,,,,,
4765,LIMA,"3,060,439.62",24/05/2024,20552839073,,,,,,,,
4766,LIMA,"1,250,829.54",17/05/2024,20489739900,20601831717,,,,,,,
4767,LIMA,"56,768,649.20",10/05/2024,20489304687,20529066521,,,,,,,
4768,LIMA,"2,461,209.67",09/05/2024,20514405442,,,,,,,,
4769,LIMA,"1,557,189.08",08/05/2024,20603234279,20495031137,,,,,,,
4770,LIMA,"2,589,168.43",07/05/2024,20507991662,20605324151,,,,,,,
4771,LIMA,"8,041,777.37",07/05/2024,20549823565,,,,,,,,
4772,LIMA,"1,107,343.98",18/04/2024,20481456712,,,,,,,,
4773,LIMA,"1,451,677.70",02/04/2024,20502496035,20600441001,,,,,,,
4774,LIMA,"1,199,982.79",02/04/2024,20502322711,20393340208,,,,,,,
4775,LIMA,"5,788,093.59",02/04/2024,20529202998,20495031137,,,,,,,
4776,LIMA,"4,192,581.18",15/03/2024,20300116192,20602164986,,,,,,,
4777,LIMA,"1,060,402.69",12/03/2024,20495031137,20603234279,,,,,,,
4778,LIMA,"817,444.23",07/02/2024,20515422154,20484107239,,,,,,,
4779,LIMA,"988,931.24",31/01/2024,20514405442,,,,,,,,
4780,LORETO,"232,666.58",23/12/2005,20451085388,,,,,,,,
4781,LORETO,"155,527.81",21/12/2005,20451105591,,,,,,,,
4782,LORETO,"250,968.76",10/11/2005,20103750963,,,,,,,,
4783,LORETO,"331,119.86",08/11/2005,20451085388,,,,,,,,
4784,LORETO,"463,691.30",17/10/2005,20531496265,,,,,,,,
4785,LORETO,"356,121.42",29/09/2005,20214230764,,,,,,,,
4786,LORETO,"357,700.03",30/06/2005,20531396635,,,,,,,,
4787,LORETO,"47,413.17",23/06/2005,20531496265,,,,,,,,
4788,LORETO,"19,800.00",30/05/2005,20451375548,,,,,,,,
4789,LORETO,"127,153.90",10/02/2005,20103919208,,,,,,,,
4790,LORETO,"32,016,583.20",21/12/2006,20408997667,20100151627,20451238630,,,,,,
4791,LORETO,"601,287.07",15/12/2006,20451360605,,,,,,,,
4792,LORETO,"813,451.01",15/12/2006,20366213890,,,,,,,,
4793,LORETO,"1,955,122.34",12/12/2006,20451238630,,,,,,,,
4794,LORETO,"3,890,065.45",12/12/2006,10075748022,20103783209,,,,,,,
4795,LORETO,"3,549,672.45",05/12/2006,20103921288,20103751692,,,,,,,
4796,LORETO,"3,150,432.05",04/12/2006,20352428648,20351222906,20351575574,10011224381,,,,,
4797,LORETO,"7,477,138.82",30/11/2006,20483453362,,,,,,,,
4798,LORETO,"139,086.49",28/11/2006,20531568606,,,,,,,,
4799,LORETO,"68,450.76",24/11/2006,20100974526,20103912025,,,,,,,
4800,LORETO,"15,044,300.07",02/11/2006,20483453362,,,,,,,,
4801,LORETO,"4,442,025.25",28/10/2006,20451238630,20408997667,20493506430,,,,,,
4802,LORETO,"1,527,792.61",28/10/2006,20103919895,20103849153,,,,,,,
4803,LORETO,"789,534.63",28/10/2006,20493245458,20451362136,,,,,,,
4804,LORETO,"9,615,732.72",07/10/2006,20451238630,,,,,,,,
4805,LORETO,"3,293,174.43",07/10/2006,20451238630,,,,,,,,
4806,LORETO,"5,689,610.60",07/10/2006,20483453362,,,,,,,,
4807,LORETO,"955,414.77",22/07/2006,20103919208,20451400755,,,,,,,
4808,LORETO,"138,150.50",16/06/2006,20100962277,,,,,,,,
4809,LORETO,"185,359.10",16/06/2006,20103874778,,,,,,,,
4810,LORETO,"214,318.05",16/06/2006,20103874778,,,,,,,,
4811,LORETO,"271,908.62",16/06/2006,20232065011,,,,,,,,
4812,LORETO,"3,235,946.56",16/06/2006,20493261143,20103919208,,,,,,,
4813,LORETO,"450,627.55",16/06/2006,20451360605,,,,,,,,
4814,LORETO,"79,386.06",28/12/2007,20493276256,,,,,,,,
4815,LORETO,"1,811,180.92",15/12/2007,10182053321,20163906661,20393054451,20393280892,,,,,
4816,LORETO,"2,465,584.00",26/11/2007,20263368992,,,,,,,,
4817,LORETO,"6,530,748.17",17/10/2007,20108432510,20163906661,20110614609,20393097265,,,,,
4818,LORETO,"18,385.69",15/08/2007,20493582292,,,,,,,,
4819,LORETO,"7,774,923.21",16/07/2007,20493539109,20493560302,20451445937,20100364701,,,,,
4820,LORETO,"1,430,032.93",13/04/2007,20347865690,20223411461,20451445937,20493376552,20493507835,,,,
4821,LORETO,"3,858,606.31",12/03/2007,20117866263,10084453159,20488948955,20103836761,,,,,
4822,LORETO,"820,939.76",29/12/2008,20103919208,,,,,,,,
4823,LORETO,"508,792.06",22/12/2008,20393097265,,,,,,,,
4824,LORETO,"254,351.58",24/11/2008,20493754760,,,,,,,,
4825,LORETO,"531,860.47",03/11/2008,20493191269,,,,,,,,
4826,LORETO,"759,945.00",24/10/2008,20493241894,,,,,,,,
4827,LORETO,"1,127,548.00",23/10/2008,20329262074,20103921288,,,,,,,
4828,LORETO,"2,653,427.00",16/09/2008,20110614609,20108432510,20393097265,,,,,,
4829,LORETO,"1,822,253.53",16/09/2008,20493191269,20531408315,10182053321,20230509353,20351988143,,,,
4830,LORETO,"3,156,954.94",16/09/2008,10079185723,10103154931,20100962277,,,,,,
4831,LORETO,"98,474.54",06/08/2008,20393242532,,,,,,,,
4832,LORETO,"709,692.09",10/07/2008,20393136341,,,,,,,,
4833,LORETO,"1,038,224.59",04/06/2008,20352374963,,,,,,,,
4834,LORETO,"277,235.88",30/05/2008,20493530900,,,,,,,,
4835,LORETO,"185,660.00",30/05/2008,20103893993,,,,,,,,
4836,LORETO,"227,203.10",30/05/2008,20493530900,,,,,,,,
4837,LORETO,"1,771,000.00",27/05/2008,10084453159,20366213890,20103783209,,,,,,
4838,LORETO,"5,599,733.40",14/12/2009,20493379497,20450955257,20141501705,,,,,,
4839,LORETO,"3,525,899.44",25/11/2009,20451238630,,,,,,,,
4840,LORETO,"2,136,517.67",25/11/2009,20493191269,20531408315,,,,,,,
4841,LORETO,"2,619,559.13",24/11/2009,20103884498,20103921288,,,,,,,
4842,LORETO,"2,293,168.91",18/11/2009,20493191269,20531408315,,,,,,,
4843,LORETO,"851,224.44",17/11/2009,20450905152,20493194365,,,,,,,
4844,LORETO,"537,689.65",09/11/2009,20493504062,,,,,,,,
4845,LORETO,"378,889.59",06/11/2009,20450223582,,,,,,,,
4846,LORETO,"4,552,364.41",30/10/2009,20505977255,20505976950,20145769249,20531408315,,,,,
4847,LORETO,"2,737,089.00",30/10/2009,20393334143,20145769249,20493231236,,,,,,
4848,LORETO,"417,034.42",30/10/2009,20393292637,,,,,,,,
4849,LORETO,"526,471.58",29/10/2009,20451375548,,,,,,,,
4850,LORETO,"738,311.40",29/10/2009,20450223582,20531570414,,,,,,,
4851,LORETO,"931,342.94",29/10/2009,20531408315,20493191269,,,,,,,
4852,LORETO,"2,238,768.33",28/10/2009,20393112329,20352424570,20393097265,,,,,,
4853,LORETO,"733,044.07",27/10/2009,20141501705,,,,,,,,
4854,LORETO,"4,692,304.18",27/10/2009,20351288672,20207630609,10011224381,20393112329,20352424570,20393097265,,,
4855,LORETO,"2,399,820.39",16/10/2009,10075748022,20366213890,,,,,,,
4856,LORETO,"2,037,432.74",02/10/2009,20393097265,20352424570,20450409767,20393096960,,,,,
4857,LORETO,"359,091.24",30/09/2009,20262756018,,,,,,,,
4858,LORETO,"422,041.51",30/09/2009,20493245458,,,,,,,,
4859,LORETO,"377,552.40",25/09/2009,20493275365,,,,,,,,
4860,LORETO,"524,493.31",22/09/2009,20493566769,,,,,,,,
4861,LORETO,"1,179,129.82",18/09/2009,20366213890,20103921288,,,,,,,
4862,LORETO,"1,710,825.36",14/09/2009,20351988143,20366416146,20450296628,,,,,,
4863,LORETO,"2,517,186.00",09/09/2009,20145769249,20230509353,,,,,,,
4864,LORETO,"4,911,582.36",08/09/2009,20103921288,20451238630,,,,,,,
4865,LORETO,"2,900,000.00",04/09/2009,20128959336,20493559631,20280189325,,,,,,
4866,LORETO,"1,181,446.68",20/08/2009,20493504062,20141501705,,,,,,,
4867,LORETO,"403,680.00",14/08/2009,20528178465,,,,,,,,
4868,LORETO,"1,884,547.00",13/08/2009,20145769249,10070350314,20351988143,,,,,,
4869,LORETO,"2,640,088.51",13/08/2009,20145769249,10070350314,20351988143,,,,,,
4870,LORETO,"801,332.24",11/08/2009,20352424570,,,,,,,,
4871,LORETO,"732,836.15",10/08/2009,20352424570,,,,,,,,
4872,LORETO,"727,866.95",07/08/2009,20336707618,20493580834,20494565065,,,,,,
4873,LORETO,"1,217,163.47",06/08/2009,20103921288,20103884498,20493540531,,,,,,
4874,LORETO,"746,394.43",06/08/2009,20351154633,,,,,,,,
4875,LORETO,"14,876,794.27",21/07/2009,20519701015,20100620805,20450292045,20450278051,,,,,
4876,LORETO,"411,041.92",23/06/2009,20531570414,20450223582,,,,,,,
4877,LORETO,"504,387.07",23/06/2009,20103921288,20493511433,,,,,,,
4878,LORETO,"177,430.00",10/08/2011,20352424570,,,,,,,,
4879,LORETO,"1,654,168.62",19/05/2011,20366416146,20451375548,,,,,,,
4880,LORETO,"667,594.00",30/12/2010,20352424570,,,,,,,,
4881,LORETO,"1,508,090.00",28/12/2010,20352424570,,,,,,,,
4882,LORETO,"516,276.17",14/12/2010,20451289382,20528255125,,,,,,,
4883,LORETO,"175,273.54",03/12/2010,20352424570,,,,,,,,
4884,LORETO,"512,000.00",23/11/2010,10075748022,,,,,,,,
4885,LORETO,"1,575,933.00",23/11/2010,20450296628,20393252171,20352424570,,,,,,
4886,LORETO,"336,742.59",22/11/2010,20193436189,,,,,,,,
4887,LORETO,"896,000.00",18/11/2010,10214291113,20528217461,,,,,,,
4888,LORETO,"3,000,000.00",11/11/2010,10075748022,20103783209,,,,,,,
4889,LORETO,"5,305,258.79",22/09/2010,20103919208,20408997667,10075748022,20103783209,,,,,
4890,LORETO,"808,849.20",09/08/2010,20352424570,20451400755,,,,,,,
4891,LORETO,"810,500.80",09/08/2010,20352424570,,,,,,,,
4892,LORETO,"5,288,866.24",22/07/2010,20515485318,20100962277,20486550504,20528137866,,,,,
4893,LORETO,"1,892,342.44",31/05/2010,20493504062,,,,,,,,
4894,LORETO,"4,566,423.69",04/05/2010,20105211491,20450905152,20102840586,,,,,,
4895,LORETO,"652,812.73",06/12/2011,20493750934,20451445937,,,,,,,
4896,LORETO,"808,100.00",18/11/2011,20493832230,20450296628,,,,,,,
4897,LORETO,"1,128,438.00",18/11/2011,20393252171,,,,,,,,
4898,LORETO,"1,338,000.00",07/11/2011,20352424570,20351154633,,,,,,,
4899,LORETO,"302,646.26",25/10/2011,20493245458,,,,,,,,
4900,LORETO,"1,937,012.40",11/10/2011,20280189325,20450905152,20493311779,,,,,,
4901,LORETO,"1,598,601.77",29/09/2011,20280265447,,,,,,,,
4902,LORETO,"927,536.38",21/09/2011,20450223582,,,,,,,,
4903,LORETO,"9,819,986.00",05/09/2011,20493504062,,,,,,,,
4904,LORETO,"1,550,000.00",08/08/2011,20366213890,,,,,,,,
4905,LORETO,"9,819,986.00",01/06/2011,20493504062,,,,,,,,
4906,LORETO,"1,393,503.93",31/05/2011,20393097265,,,,,,,,
4907,LORETO,"816,013.56",24/05/2011,20351154633,,,,,,,,
4908,LORETO,"2,860,000.00",27/12/2012,20393097265,,,,,,,,
4909,LORETO,"2,170,500.00",19/12/2012,20450905152,20141501705,20451143761,,,,,,
4910,LORETO,"1,022,000.00",04/12/2012,20207630609,10181980457,20480489196,20528115897,,,,,
4911,LORETO,"788,819.00",14/11/2012,20214230764,,,,,,,,
4912,LORETO,"765,400.00",09/11/2012,20493275365,20103751692,,,,,,,
4913,LORETO,"3,500,000.00",23/10/2012,20141501705,20450905152,,,,,,,
4914,LORETO,"2,470,000.00",22/10/2012,20450905152,20366213890,,,,,,,
4915,LORETO,"2,770,000.00",22/10/2012,20393097265,,,,,,,,
4916,LORETO,"6,437,840.00",11/10/2012,20531397364,10010684949,20450278051,,,,,,
4917,LORETO,"1,062,369.86",11/10/2012,20493191269,20531408315,,,,,,,
4918,LORETO,"1,761,384.00",10/09/2012,20141501705,20451400755,,,,,,,
4919,LORETO,"435,661.73",22/08/2012,20528115897,,,,,,,,
4920,LORETO,"1,824,500.00",19/07/2012,20352424570,,,,,,,,
4921,LORETO,"806,879.96",09/07/2012,20493543122,,,,,,,,
4922,LORETO,"1,220,000.00",05/07/2012,20450223582,,,,,,,,
4923,LORETO,"735,728.00",05/07/2012,20103893993,,,,,,,,
4924,LORETO,"316,939.30",26/06/2012,20528149953,,,,,,,,
4925,LORETO,"2,889,500.00",12/06/2012,20393252848,20393252171,,,,,,,
4926,LORETO,"1,702,206.66",14/05/2012,20408953376,20193436189,,,,,,,
4927,LORETO,"1,879,000.00",27/04/2012,20393097265,,,,,,,,
4928,LORETO,"1,415,102.48",23/04/2012,10061635624,20450296628,,,,,,,
4929,LORETO,"1,970,000.00",14/03/2012,20141501705,,,,,,,,
4930,LORETO,"1,585,815.74",01/03/2012,10053878488,20531302321,20450409767,,,,,,
4931,LORETO,"2,390,871.02",23/02/2012,20351222906,20351154633,,,,,,,
4932,LORETO,"140,896.75",21/02/2012,20214230764,,,,,,,,
4933,LORETO,"3,879,000.00",20/02/2012,20528375376,20280265447,20103919895,20450905152,,,,,
4934,LORETO,"1,568,928.31",20/02/2012,20493245458,,,,,,,,
4935,LORETO,"4,069,699.06",16/02/2012,20528375376,20450905152,20280265447,20103919895,,,,,
4936,LORETO,"42,600,000.00",03/02/2014,10099284680,20450292045,20450278051,10010684949,,,,,
4937,LORETO,"2,277,000.00",03/02/2014,20451375548,,,,,,,,
4938,LORETO,"6,722,200.45",27/01/2014,20111904562,20541279441,20480214928,20503981298,,,,,
4939,LORETO,"1,687,870.00",30/12/2013,20450223582,,,,,,,,
4940,LORETO,"5,294,000.00",30/12/2013,20451375548,20280265447,,,,,,,
4941,LORETO,"1,160,000.00",23/12/2013,20299922821,20451445937,,,,,,,
4942,LORETO,"6,936,390.00",18/12/2013,10062749992,20450905152,20366213890,20280265447,,,,,
4943,LORETO,"3,952,380.30",12/12/2013,20451238630,,,,,,,,
4944,LORETO,"2,815,948.24",29/11/2013,20528187294,20493832230,20493874587,20450296628,,,,,
4945,LORETO,"7,099,198.00",27/11/2013,10075952576,20450905152,20366213890,,,,,,
4946,LORETO,"3,763,247.26",22/11/2013,20280265447,20450905152,,,,,,,
4947,LORETO,"1,997,600.00",21/11/2013,20299922821,20451445937,,,,,,,
4948,LORETO,"1,190,000.00",19/11/2013,20450905152,20366213890,,,,,,,
4949,LORETO,"3,377,533.17",07/11/2013,20531408315,,,,,,,,
4950,LORETO,"8,005,369.50",07/11/2013,10255871124,20451238630,,,,,,,
4951,LORETO,"571,300.00",31/10/2013,20493311779,,,,,,,,
4952,LORETO,"8,225,000.00",30/10/2013,10075952576,20366213890,20103919895,,,,,,
4953,LORETO,"2,476,000.00",30/10/2013,10053878488,20450409767,20100962277,,,,,,
4954,LORETO,"1,702,909.42",29/10/2013,20493832230,20450296628,,,,,,,
4955,LORETO,"8,803,954.35",28/10/2013,20393633990,20450296628,20493194365,20493537742,,,,,
4956,LORETO,"6,279,230.00",28/10/2013,20493874587,,,,,,,,
4957,LORETO,"827,500.00",10/10/2013,20450223582,,,,,,,,
4958,LORETO,"810,852.00",20/09/2013,20528149953,,,,,,,,
4959,LORETO,"7,400,000.00",16/09/2013,10062749992,20141501705,20450905152,,,,,,
4960,LORETO,"19,678,976.89",12/09/2013,10099284680,20531397364,20450278051,10010684949,,,,,
4961,LORETO,"325,784.33",09/09/2013,20262756018,,,,,,,,
4962,LORETO,"337,545.53",09/09/2013,20262756018,,,,,,,,
4963,LORETO,"397,500.00",29/08/2013,20493311779,,,,,,,,
4964,LORETO,"1,380,269.40",09/08/2013,20493194365,20393633990,20450296628,,,,,,
4965,LORETO,"750,000.00",15/07/2013,20451400755,,,,,,,,
4966,LORETO,"3,053,660.13",14/06/2013,20531408315,,,,,,,,
4967,LORETO,"7,109,314.40",09/05/2013,20451238630,20493606736,,,,,,,
4968,LORETO,"7,866,791.00",06/03/2013,20528423010,20546638384,,,,,,,
4969,LORETO,"1,050,000.00",23/10/2014,20450207897,20450223582,,,,,,,
4970,LORETO,"798,530.18",25/04/2014,20493760140,20567121276,,,,,,,
4971,LORETO,"2,616,000.00",26/03/2014,20280265447,20450905152,,,,,,,
4972,LORETO,"758,434.70",25/03/2014,20531572387,,,,,,,,
4973,LORETO,"5,391,694.64",25/03/2014,20393252171,,,,,,,,
4974,LORETO,"10,042,656.65",24/03/2014,20451238630,,,,,,,,
4975,LORETO,"975,210.00",19/03/2014,20299922821,20451445937,,,,,,,
4976,LORETO,"1,237,445.74",18/03/2014,20528115897,,,,,,,,
4977,LORETO,"231,892.18",23/12/2015,20572123228,,,,,,,,
4978,LORETO,"311,610.00",23/12/2015,20393706628,,,,,,,,
4979,LORETO,"230,720.00",23/12/2015,20393706628,,,,,,,,
4980,LORETO,"310,467.00",23/12/2015,20393706628,,,,,,,,
4981,LORETO,"283,854.00",22/12/2015,20450223582,,,,,,,,
4982,LORETO,"192,037,480.52",20/11/2015,20351575574,20536612972,20106758477,99000019646,20523617614,,,,
4983,LORETO,"21,006,443.96",26/10/2015,20100047218,,,,,,,,
4984,LORETO,"5,055,983.21",26/10/2015,20100047218,,,,,,,,
4985,LORETO,"9,148,507.55",26/10/2015,20100047218,,,,,,,,
4986,LORETO,"255,608.90",23/10/2015,20541143549,20528140816,,,,,,,
4987,LORETO,"287,066.86",23/10/2015,20528140816,20541143549,,,,,,,
4988,LORETO,"1,050,310.40",15/09/2015,20493228448,,,,,,,,
4989,LORETO,"1,625,000.00",15/09/2015,20141501705,20493379497,,,,,,,
4990,LORETO,"1,554,239.17",10/09/2015,20541143549,20528140816,,,,,,,
4991,LORETO,"2,751,150.00",10/09/2015,20352424570,,,,,,,,
4992,LORETO,"1,302,270.00",07/08/2015,20393633990,20393069644,,,,,,,
4993,LORETO,"6,552,280.00",07/08/2015,20528350462,20493504062,,,,,,,
4994,LORETO,"1,542,242.00",04/08/2015,20450191524,20528115897,,,,,,,
4995,LORETO,"1,883,614.45",17/07/2015,20451375548,20280265447,,,,,,,
4996,LORETO,"3,718,267.60",17/07/2015,20393155648,20352424570,,,,,,,
4997,LORETO,"3,712,213.00",17/07/2015,20493760140,20393633990,,,,,,,
4998,LORETO,"5,263,000.00",16/06/2015,20408997667,20451238630,,,,,,,
4999,LORETO,"384,514.44",15/06/2015,20541264842,,,,,,,,
5000,LORETO,"2,061,103.00",27/02/2017,20393633990,,,,,,,,
5001,LORETO,"304,900.00",30/12/2016,20531302321,,,,,,,,
5002,LORETO,"4,232,896.49",30/12/2016,20528255982,20450905152,,,,,,,
5003,LORETO,"7,857,634.04",30/12/2016,20528187294,20393633990,,,,,,,
5004,LORETO,"1,496,340.00",20/12/2016,20393758423,20541143549,20528140816,,,,,,
5005,LORETO,"398,000.00",20/12/2016,20393758423,,,,,,,,
5006,LORETO,"2,226,187.39",16/12/2016,20493606736,,,,,,,,
5007,LORETO,"11,000,000.00",15/12/2016,20450278051,20600638794,20480052090,,,,,,
5008,LORETO,"4,457,483.00",15/12/2016,20393252171,20393758423,,,,,,,
5009,LORETO,"2,972,320.00",10/11/2016,20230509353,20528483772,20541283120,20566265576,,,,,
5010,LORETO,"3,367,651.10",10/11/2016,20528350462,20493504062,,,,,,,
5011,LORETO,"310,300.00",10/11/2016,20393758423,,,,,,,,
5012,LORETO,"375,000.00",09/11/2016,20531570414,,,,,,,,
5013,LORETO,"368,000.00",09/11/2016,20450223582,,,,,,,,
5014,LORETO,"922,376.25",26/10/2016,20493606736,,,,,,,,
5015,LORETO,"2,577,668.69",17/10/2016,20601324491,20404271980,20226492993,,,,,,
5016,LORETO,"1,044,900.00",17/10/2016,20531302321,20542211696,,,,,,,
5017,LORETO,"2,792,695.00",14/10/2016,20600208323,20393706628,20352424570,,,,,,
5018,LORETO,"820,800.00",14/10/2016,20528115897,,,,,,,,
5019,LORETO,"1,919,000.00",14/10/2016,20451375548,,,,,,,,
5020,LORETO,"377,100.00",14/10/2016,20531302321,,,,,,,,
5021,LORETO,"1,481,194.34",14/10/2016,20528187294,20493537742,,,,,,,
5022,LORETO,"1,384,129.79",29/09/2016,20393633990,,,,,,,,
5023,LORETO,"860,500.00",14/09/2016,20531302321,20542211696,,,,,,,
5024,LORETO,"2,263,913.98",11/08/2016,20393633990,,,,,,,,
5025,LORETO,"4,266,889.41",08/06/2016,20408997667,,,,,,,,
5026,LORETO,"759,837.00",27/04/2016,20541143549,20528140816,,,,,,,
5027,LORETO,"7,934,938.48",26/04/2016,20528187294,20393069644,20393633990,,,,,,
5028,LORETO,"960,300.00",13/04/2016,20572268625,20531302321,,,,,,,
5029,LORETO,"1,451,700.00",23/03/2016,20393725509,20393155648,20394086275,,,,,,
5030,LORETO,"551,463.75",08/03/2016,20493874587,,,,,,,,
5031,LORETO,"1,456,986.52",19/02/2016,20393252848,20528202943,,,,,,,
5032,LORETO,"1,817,067.21",19/02/2016,20528115897,,,,,,,,
5033,LORETO,"7,323,621.61",29/12/2017,20541143549,20493537742,20567223605,,,,,,
5034,LORETO,"3,493,543.43",22/11/2017,20493606736,,,,,,,,
5035,LORETO,"502,022.43",07/11/2017,20541143549,20567223605,,,,,,,
5036,LORETO,"8,549,729.22",07/11/2017,20393633990,20493537742,,,,,,,
5037,LORETO,"6,707,227.95",07/11/2017,20493537742,20393633990,,,,,,,
5038,LORETO,"533,957.78",20/10/2017,20567223605,,,,,,,,
5039,LORETO,"2,282,000.00",06/10/2017,20528115897,,,,,,,,
5040,LORETO,"4,042,148.33",06/10/2017,20541143549,20393633990,,,,,,,
5041,LORETO,"844,868.28",05/10/2017,20393633990,,,,,,,,
5042,LORETO,"2,641,558.38",15/09/2017,20528255982,20450905152,,,,,,,
5043,LORETO,"1,909,257.22",14/09/2017,20450299139,20486434938,,,,,,,
5044,LORETO,"5,500,000.00",23/08/2017,20528115897,,,,,,,,
5045,LORETO,"22,780,121.12",18/08/2017,10028352129,20484120928,20528115897,,,,,,
5046,LORETO,"4,017,401.24",03/08/2017,20567121276,20541143549,,,,,,,
5047,LORETO,"1,278,169.83",17/07/2017,20493537742,20493760140,,,,,,,
5048,LORETO,"1,310,462.29",17/07/2017,20541143549,,,,,,,,
5049,LORETO,"2,577,668.68",22/06/2017,20567284221,20601324491,,,,,,,
5050,LORETO,"4,822,110.89",08/06/2017,20393069644,20493537742,,,,,,,
5051,LORETO,"319,100.00",07/06/2017,20567223605,,,,,,,,
5052,LORETO,"520,500.00",07/06/2017,20601207461,20601324491,,,,,,,
5053,LORETO,"4,800,000.00",07/06/2017,20528115897,,,,,,,,
5054,LORETO,"52,955,552.75",05/06/2017,10010684949,20600638794,20450278051,,,,,,
5055,LORETO,"30,503,475.08",09/05/2017,20493504062,20450278051,,,,,,,
5056,LORETO,"5,967,760.40",08/05/2017,20528483772,20352374963,20230509353,20393334143,,,,,
5057,LORETO,"632,000.00",12/04/2017,20528115897,,,,,,,,
5058,LORETO,"5,089,455.80",24/03/2017,20528187294,20493537742,,,,,,,
5059,LORETO,"143,000.00",08/03/2017,20541243250,,,,,,,,
5060,LORETO,"146,803.00",24/02/2017,20528115897,,,,,,,,
5061,LORETO,"19,383,044.00",17/02/2017,20100047218,,,,,,,,
5062,LORETO,"931,000.00",05/12/2018,20453745482,20600101499,,,,,,,
5063,LORETO,"1,263,000.00",30/11/2018,20450299139,20567287247,,,,,,,
5064,LORETO,"1,250,500.00",27/11/2018,20567223605,20601324491,,,,,,,
5065,LORETO,"1,659,201.53",30/10/2018,20601324491,20567223605,20567264115,,,,,,
5066,LORETO,"440,204.14",29/10/2018,20567264115,20528457691,,,,,,,
5067,LORETO,"1,450,345.00",18/10/2018,20602781225,20450905152,,,,,,,
5068,LORETO,"3,445,110.92",18/09/2018,20601324491,20528457691,,,,,,,
5069,LORETO,"12,535,654.77",29/08/2018,20450299139,20393633990,,,,,,,
5070,LORETO,"1,493,502.69",29/08/2018,20493606736,,,,,,,,
5071,LORETO,"10,890,000.00",14/08/2018,20528255982,20493537742,,,,,,,
5072,LORETO,"5,000,000.00",10/08/2018,20567264115,20493537742,20528457691,,,,,,
5073,LORETO,"4,557,979.83",06/08/2018,20493606736,,,,,,,,
5074,LORETO,"10,438,263.00",07/06/2018,20493537742,20450278051,20541143549,20541222503,,,,,
5075,LORETO,"982,597.23",24/05/2018,20528457691,20567264115,,,,,,,
5076,LORETO,"18,726,000.00",18/04/2018,20528115897,20450278051,,,,,,,
5077,LORETO,"7,900,000.00",12/04/2018,20528255982,20528457691,20493537742,,,,,,
5078,LORETO,"10,608,500.00",11/04/2018,20450299139,20528115897,,,,,,,
5079,LORETO,"464,550.10",28/03/2018,20541143549,20567223605,,,,,,,
5080,LORETO,"759,623.12",28/03/2018,20567264115,20528255982,,,,,,,
5081,LORETO,"397,099.78",09/03/2018,20528115897,20450402592,,,,,,,
5082,LORETO,"1,676,382.01",01/03/2018,20450296628,20572135234,,,,,,,
5083,LORETO,"3,318,774.11",05/08/2020,20600063074,20103750963,,,,,,,
5084,LORETO,"369,429.51",04/08/2020,20600006968,20393644509,,,,,,,
5085,LORETO,"372,077.57",27/11/2019,20451304527,,,,,,,,
5086,LORETO,"10,230,804.85",22/11/2019,20493874587,20393633990,,,,,,,
5087,LORETO,"1,241,365.31",19/11/2019,20393633990,20393069644,,,,,,,
5088,LORETO,"17,936,540.71",14/11/2019,20493560302,20493537742,,,,,,,
5089,LORETO,"3,223,743.71",05/11/2019,20528162895,20601324491,,,,,,,
5090,LORETO,"24,444,251.71",28/10/2019,20493537742,20393633990,,,,,,,
5091,LORETO,"6,606,444.26",23/10/2019,20541181556,20567140220,,,,,,,
5092,LORETO,"4,756,116.28",18/10/2019,20528350462,20528388869,,,,,,,
5093,LORETO,"3,187,933.01",15/10/2019,20451289382,20451445937,,,,,,,
5094,LORETO,"5,801,702.61",24/09/2019,20531302321,,,,,,,,
5095,LORETO,"4,615,180.29",23/09/2019,20528350462,20528388869,20493537742,,,,,,
5096,LORETO,"11,416,533.30",17/09/2019,20493537742,20393877431,,,,,,,
5097,LORETO,"3,473,727.44",16/09/2019,20603875576,20528115897,,,,,,,
5098,LORETO,"1,747,321.24",16/09/2019,20450223582,20572123228,,,,,,,
5099,LORETO,"5,180,256.15",11/09/2019,20531302321,,,,,,,,
5100,LORETO,"3,744,905.21",11/09/2019,20567223605,20103750963,,,,,,,
5101,LORETO,"90,257,806.51",11/09/2019,20445667618,20445631265,,,,,,,
5102,LORETO,"1,044,211.97",05/09/2019,20541264338,,,,,,,,
5103,LORETO,"6,958,994.08",05/09/2019,20528255982,20528452541,,,,,,,
5104,LORETO,"2,926,710.96",03/09/2019,20528388869,,,,,,,,
5105,LORETO,"21,795,959.44",22/08/2019,20493537742,20528255982,,,,,,,
5106,LORETO,"33,982,972.28",20/08/2019,20601229049,,,,,,,,
5107,LORETO,"3,212,877.38",25/07/2019,20493748018,20567223605,,,,,,,
5108,LORETO,"3,964,397.53",24/07/2019,20493874587,20601740797,,,,,,,
5109,LORETO,"6,278,524.99",23/07/2019,20501430669,20501581951,,,,,,,
5110,LORETO,"7,361,593.41",17/07/2019,20493560302,20493606736,,,,,,,
5111,LORETO,"751,349.01",12/07/2019,20450446701,20450447774,,,,,,,
5112,LORETO,"6,689,731.46",09/07/2019,20572288901,20493874587,,,,,,,
5113,LORETO,"5,133,802.56",05/07/2019,20393758423,20529202998,,,,,,,
5114,LORETO,"5,707,636.29",04/07/2019,20393418321,,,,,,,,
5115,LORETO,"7,482,146.91",03/07/2019,20451445937,20351988143,20451289382,,,,,,
5116,LORETO,"9,315,500.25",30/12/2020,20493874587,20601740797,,,,,,,
5117,LORETO,"9,300,000.00",01/12/2020,20528181334,,,,,,,,
5118,LORETO,"7,537,653.13",18/11/2020,20480686692,20567200737,,,,,,,
5119,LORETO,"10,228,044.13",17/11/2020,20567237061,20103921288,,,,,,,
5120,LORETO,"24,820,000.00",13/11/2020,20528115897,,,,,,,,
5121,LORETO,"8,281,637.99",20/10/2020,20600220609,20488351398,,,,,,,
5122,LORETO,"1,666,000.00",15/10/2020,20393633990,20493874587,,,,,,,
5123,LORETO,"13,600,000.00",13/10/2020,20493537742,20541222503,20528457691,,,,,,
5124,LORETO,"41,388,068.43",30/09/2020,20505096721,20533651918,,,,,,,
5125,LORETO,"33,930,000.00",30/09/2020,20493537742,20541222503,,,,,,,
5126,LORETO,"49,801,864.72",29/09/2020,20602703119,20451238630,,,,,,,
5127,LORETO,"2,150,900.61",11/09/2020,20480427913,20528312455,,,,,,,
5128,LORETO,"744,755.15",28/08/2020,20567109578,20567223605,,,,,,,
5129,LORETO,"3,200,000.00",28/08/2020,20528115897,,,,,,,,
5130,LORETO,"2,919,600.14",27/08/2020,20451375548,20493747399,,,,,,,
5131,LORETO,"4,300,000.00",27/08/2020,20528115897,,,,,,,,
5132,LORETO,"21,700,982.31",21/08/2020,20528383808,20352428648,20493569865,,,,,,
5133,LORETO,"16,111,465.35",20/08/2020,20393633990,,,,,,,,
5134,LORETO,"1,034,859.24",20/08/2020,20392368427,,,,,,,,
5135,LORETO,"1,544,944.59",20/08/2020,20392368427,,,,,,,,
5136,LORETO,"1,296,453.78",20/08/2020,20392368427,,,,,,,,
5137,LORETO,"1,252,034.70",20/08/2020,20392368427,,,,,,,,
5138,LORETO,"8,300,000.00",05/08/2020,20528115897,20567287247,,,,,,,
5139,LORETO,"3,019,196.04",30/07/2020,20493733096,20528162976,20528162895,,,,,,
5140,LORETO,"7,257,878.53",29/07/2020,20567140220,20493477405,20528476300,,,,,,
5141,LORETO,"5,434,104.22",24/07/2020,20450299139,20572123228,,,,,,,
5142,LORETO,"19,019,929.60",28/02/2020,20230509353,20493537742,,,,,,,
5143,LORETO,"3,872,652.12",26/02/2020,20528388869,20393633990,,,,,,,
5144,LORETO,"510,007.99",11/02/2020,20600038282,20393648831,,,,,,,
5145,LORETO,"11,899,568.92",11/02/2020,20493537742,20528255982,,,,,,,
5146,LORETO,"1,144,093.44",07/02/2020,10078620370,20393513587,,,,,,,
5147,LORETO,"4,630,854.69",06/02/2020,20528115897,,,,,,,,
5148,LORETO,"9,430,000.00",23/12/2021,20600898800,20528115897,,,,,,,
5149,LORETO,"610,700.00",17/12/2021,20541181556,,,,,,,,
5150,LORETO,"1,096,173.84",16/12/2021,20541181556,,,,,,,,
5151,LORETO,"11,677,923.37",23/11/2021,20393633990,,,,,,,,
5152,LORETO,"1,099,074.83",19/11/2021,20531396635,10053878488,,,,,,,
5153,LORETO,"41,400,000.00",27/10/2021,20528115897,,,,,,,,
5154,LORETO,"2,250,000.00",20/08/2021,20493748018,20567140220,,,,,,,
5155,LORETO,"2,350,000.00",16/08/2021,20567140220,20601202574,,,,,,,
5156,LORETO,"7,114,813.94",06/07/2021,20451375548,,,,,,,,
5157,LORETO,"31,300,000.00",08/06/2021,20528181334,20528255982,20602078788,,,,,,
5158,LORETO,"2,132,192.69",11/05/2021,20451375548,20528428755,,,,,,,
5159,LORETO,"3,581,282.61",29/04/2021,20393358247,20600114965,,,,,,,
5160,LORETO,"4,932,500.00",16/04/2021,20493874587,,,,,,,,
5161,LORETO,"23,898,670.63",26/03/2021,20493874587,20393633990,,,,,,,
5162,LORETO,"34,632,857.93",23/03/2021,20528255982,20493606736,,,,,,,
5163,LORETO,"9,722,359.88",22/03/2021,20489627770,20450256243,,,,,,,
5164,LORETO,"9,778,766.04",17/03/2021,20393584336,,,,,,,,
5165,LORETO,"79,683,530.71",22/02/2021,20542531097,20489304687,20529066521,,,,,,
5166,LORETO,"53,028,562.67",21/03/2023,20393633990,20528383808,,,,,,,
5167,LORETO,"6,549,402.04",20/03/2023,20610605762,20571395283,,,,,,,
5168,LORETO,"3,229,804.64",15/03/2023,20451375548,20493747399,,,,,,,
5169,LORETO,"77,892,436.16",21/12/2022,20528115897,,,,,,,,
5170,LORETO,"45,713,342.42",19/12/2022,20103921288,20567140220,,,,,,,
5171,LORETO,"425,163.35",12/12/2022,20528481991,20528323571,,,,,,,
5172,LORETO,"1,541,201.29",07/12/2022,20531396635,,,,,,,,
5173,LORETO,"935,875.48",29/11/2022,20606258837,20528476300,,,,,,,
5174,LORETO,"1,200,284.74",25/11/2022,20541181556,,,,,,,,
5175,LORETO,"439,541.70",23/11/2022,20393633990,20393644509,,,,,,,
5176,LORETO,"2,599,082.30",17/11/2022,20572260217,20531396635,,,,,,,
5177,LORETO,"4,521,006.88",16/11/2022,20493874587,20601740797,,,,,,,
5178,LORETO,"21,329,870.58",11/11/2022,20393706628,,,,,,,,
5179,LORETO,"1,202,256.85",11/11/2022,20493640322,20608845934,,,,,,,
5180,LORETO,"2,256,000.01",10/11/2022,20351988143,,,,,,,,
5181,LORETO,"3,768,105.40",04/11/2022,20541243250,20493747399,,,,,,,
5182,LORETO,"1,271,044.00",28/10/2022,20392307045,20607715425,,,,,,,
5183,LORETO,"13,324,231.05",27/10/2022,20393633990,,,,,,,,
5184,LORETO,"16,088,290.78",27/10/2022,20528162895,,,,,,,,
5185,LORETO,"943,758.08",30/09/2022,20567237061,20493231236,,,,,,,
5186,LORETO,"1,052,434.02",30/09/2022,20567237061,20528481991,,,,,,,
5187,LORETO,"556,821.98",29/09/2022,20523070071,20528476300,,,,,,,
5188,LORETO,"4,026,958.34",29/09/2022,20567237061,20571135885,,,,,,,
5189,LORETO,"5,502,227.49",28/09/2022,20393633990,,,,,,,,
5190,LORETO,"2,653,703.10",27/09/2022,20567237061,20103921288,,,,,,,
5191,LORETO,"6,566,488.68",23/09/2022,20493538633,,,,,,,,
5192,LORETO,"4,985,602.91",21/09/2022,20528383808,20393633990,,,,,,,
5193,LORETO,"15,850,000.00",12/09/2022,20528115897,,,,,,,,
5194,LORETO,"6,365,518.01",02/09/2022,20450252418,20600421353,,,,,,,
5195,LORETO,"59,679,472.17",12/08/2022,20541261401,20528255982,,,,,,,
5196,LORETO,"26,683,823.24",02/08/2022,20393633990,,,,,,,,
5197,LORETO,"1,460,734.19",21/07/2022,20531396635,,,,,,,,
5198,LORETO,"2,250,245.94",28/06/2022,20393877431,20528457691,,,,,,,
5199,LORETO,"2,714,549.94",14/06/2022,20493231236,20493644824,,,,,,,
5200,LORETO,"3,555,425.07",18/05/2022,20567237061,20103921288,,,,,,,
5201,LORETO,"11,213,864.45",06/05/2022,20567140220,20528181334,,,,,,,
5202,LORETO,"5,845,000.00",06/05/2022,20528115897,,,,,,,,
5203,LORETO,"2,030,000.00",05/05/2022,20572123228,20450157008,,,,,,,
5204,LORETO,"5,880,550.87",22/04/2022,20528181334,20528383808,,,,,,,
5205,LORETO,"9,900,000.00",16/03/2022,20529234504,20604346011,20489747244,,,,,,
5206,LORETO,"1,332,895.03",03/03/2022,20493644824,20103921288,,,,,,,
5207,LORETO,"1,600,000.00",25/02/2022,20493874587,20494100429,,,,,,,
5208,LORETO,"26,535,000.00",29/12/2023,20493537742,20541295136,,,,,,,
5209,LORETO,"103,000,000.00",29/12/2023,20528149953,20493748018,20567140220,20601543789,,,,,
5210,LORETO,"35,280,000.00",29/12/2023,20600356764,20493748018,20567140220,,,,,,
5211,LORETO,"31,974,220.39",28/12/2023,20449249276,20407791089,,,,,,,
5212,LORETO,"68,206,636.12",01/12/2023,20603439156,20352428648,,,,,,,
5213,LORETO,"9,986,879.11",29/11/2023,20407863250,20542425653,,,,,,,
5214,LORETO,"23,522,082.86",28/11/2023,20607715425,20488351398,20528162895,,,,,,
5215,LORETO,"35,890,000.00",17/11/2023,20542301172,20450278051,,,,,,,
5216,LORETO,"5,375,223.06",16/11/2023,20571395283,20610605762,,,,,,,
5217,LORETO,"45,300,000.00",13/11/2023,20528181334,20567140220,20601202574,,,,,,
5218,LORETO,"36,740,000.00",08/11/2023,20450299139,20528457691,,,,,,,
5219,LORETO,"32,422,855.38",02/11/2023,20103921288,20451375548,,,,,,,
5220,LORETO,"117,844,607.00",04/10/2023,20352424570,20351575574,20603439156,,,,,,
5221,LORETO,"24,619,490.79",19/09/2023,20393633990,,,,,,,,
5222,LORETO,"77,296,745.67",18/09/2023,20541261401,20451375548,20528255982,,,,,,
5223,LORETO,"75,000,000.00",18/09/2023,20352428648,20528370811,,,,,,,
5224,LORETO,"234,350.00",08/09/2023,20541143549,20601944384,,,,,,,
5225,LORETO,"7,750,000.00",29/08/2023,20567140220,20528149953,,,,,,,
5226,LORETO,"11,500,000.00",29/08/2023,20493748018,20567140220,,,,,,,
5227,LORETO,"2,571,183.30",28/08/2023,20533966404,20542425653,,,,,,,
5228,LORETO,"23,695,500.00",24/08/2023,20451375548,,,,,,,,
5229,LORETO,"27,015,487.40",09/08/2023,20393633990,,,,,,,,
5230,LORETO,"5,350,000.00",26/07/2023,20572123228,20531302321,,,,,,,
5231,LORETO,"25,736,061.40",20/07/2023,20572288901,20531302321,,,,,,,
5232,LORETO,"5,500,000.00",17/07/2023,20528457691,20572123228,,,,,,,
5233,LORETO,"7,800,000.00",03/07/2023,20528457691,20567287247,,,,,,,
5234,LORETO,"972,907.32",06/06/2023,20600236351,20493870751,,,,,,,
5235,LORETO,"12,600,000.00",02/06/2023,20493929586,20541243250,20567223605,,,,,,
5236,LORETO,"96,800,000.00",29/03/2023,20528115897,,,,,,,,
5237,LORETO,"23,465,304.80",23/02/2023,20600898800,20572288901,20531302321,,,,,,
5238,LORETO,"11,093,572.15",27/12/2024,20559937691,,,,,,,,
5239,LORETO,"6,085,067.18",26/12/2024,20493733096,20611139684,,,,,,,
5240,LORETO,"14,000,000.00",26/12/2024,20393758423,20493477405,20393973669,,,,,,
5241,LORETO,"4,583,869.87",26/12/2024,20493874587,20493543122,,,,,,,
5242,LORETO,"22,357,711.60",26/12/2024,20493537742,20493870751,,,,,,,
5243,LORETO,"25,295,000.00",19/12/2024,20567140220,20493733096,,,,,,,
5244,LORETO,"130,535,000.00",13/12/2024,20528115897,,,,,,,,
5245,LORETO,"6,132,617.02",12/12/2024,20494686369,20529089571,,,,,,,
5246,LORETO,"26,875,820.24",12/12/2024,20559937691,20493537742,,,,,,,
5247,LORETO,"18,026,614.00",11/12/2024,20493747399,20567140220,,,,,,,
5248,LORETO,"27,238,762.74",04/12/2024,20541261401,20528255982,,,,,,,
5249,LORETO,"20,433,858.70",28/11/2024,20493537742,20531396635,,,,,,,
5250,LORETO,"12,457,589.99",27/11/2024,20528149953,20399273146,,,,,,,
5251,LORETO,"45,677,395.00",21/11/2024,20610618015,20451375548,20528181334,,,,,,
5252,LORETO,"4,443,000.00",18/11/2024,20601693659,20528115897,,,,,,,
5253,LORETO,"31,250,000.00",12/11/2024,20450402592,20493537742,,,,,,,
5254,LORETO,"348,000.00",11/11/2024,20493231236,20493589891,,,,,,,
5255,LORETO,"1,985,617.23",05/11/2024,20610436499,20601324491,,,,,,,
5256,LORETO,"2,273,272.12",04/11/2024,20528149953,20601131367,,,,,,,
5257,LORETO,"574,561.80",30/10/2024,20602797016,20612633917,,,,,,,
5258,LORETO,"1,199,000.00",24/10/2024,20393973669,20600182693,20541653156,,,,,,
5259,LORETO,"1,258,000.01",23/10/2024,20600182693,20541653156,20393973669,,,,,,
5260,LORETO,"1,222,000.00",23/10/2024,20600182693,20541653156,20393973669,,,,,,
5261,LORETO,"1,210,000.00",22/10/2024,20393725509,20601911915,20541653156,,,,,,
5262,LORETO,"1,234,000.00",22/10/2024,20601911915,20541653156,20393725509,,,,,,
5263,LORETO,"6,321,896.75",03/10/2024,20450296628,20600002717,,,,,,,
5264,LORETO,"16,520,978.41",01/10/2024,20393633990,,,,,,,,
5265,LORETO,"3,538,491.24",01/10/2024,20608845934,20493640322,,,,,,,
5266,LORETO,"9,213,444.56",11/09/2024,20493644824,20103921288,20451375548,,,,,,
5267,LORETO,"5,686,694.11",10/09/2024,20541112660,20528388869,,,,,,,
5268,LORETO,"13,871,067.28",20/08/2024,20541243250,20528457691,,,,,,,
5269,LORETO,"5,707,460.00",17/07/2024,20393706628,,,,,,,,
5270,LORETO,"4,321,288.39",27/06/2024,20528457691,20493747399,,,,,,,
5271,LORETO,"59,100,000.00",21/06/2024,20528115897,,,,,,,,
5272,LORETO,"22,765,558.01",21/06/2024,20393633990,,,,,,,,
5273,LORETO,"2,671,181.35",12/06/2024,20601282063,20559937691,,,,,,,
5274,LORETO,"16,100,000.00",10/06/2024,20531302321,20450402592,,,,,,,
5275,LORETO,"14,450,000.00",30/05/2024,20528115897,,,,,,,,
5276,LORETO,"814,903.92",27/05/2024,20601944384,20541143549,,,,,,,
5277,LORETO,"36,003,076.50",21/05/2024,20393633990,,,,,,,,
5278,LORETO,"240,784.68",14/05/2024,20528457691,,,,,,,,
5279,LORETO,"715,000.00",26/04/2024,20393973669,20393877431,,,,,,,
5280,LORETO,"630,000.00",26/04/2024,20567287247,20393877431,,,,,,,
5281,LORETO,"592,000.00",25/04/2024,20393877431,20567287247,,,,,,,
5282,LORETO,"42,980,332.86",19/04/2024,20603476400,20523013603,20600409311,,,,,,
5283,LORETO,"10,478,074.94",17/04/2024,20450905152,20493644824,20567237061,,,,,,
5284,LORETO,"3,810,000.00",17/04/2024,20601202574,20600523571,20493748018,,,,,,
5285,LORETO,"1,776,911.56",16/04/2024,20232650444,20528476300,,,,,,,
5286,LORETO,"2,420,500.00",19/03/2024,20451375548,20493538633,,,,,,,
5287,LORETO,"22,079,443.18",07/03/2024,20528115897,20572288901,,,,,,,
5288,LORETO,"5,533,223.10",05/03/2024,20567237061,20494100429,,,,,,,
5289,LORETO,"1,803,363.90",28/02/2024,20450186440,20542301172,,,,,,,
5290,LORETO,"500,678.30",16/02/2024,20608845934,20493640322,,,,,,,
5291,LORETO,"33,473,128.61",08/02/2024,20493874587,20393633990,,,,,,,
5292,MADRE DE DIOS,"448,723.18",12/12/2006,20527035733,,,,,,,,
5293,MADRE DE DIOS,"2,459,749.50",11/12/2006,20442303135,,,,,,,,
5294,MADRE DE DIOS,"669,929.61",16/11/2007,20510878362,,,,,,,,
5295,MADRE DE DIOS,"19,652,396.88",30/05/2008,10071936444,20100240301,,,,,,,
5296,MADRE DE DIOS,"83,022.97",27/05/2008,20160636573,,,,,,,,
5297,MADRE DE DIOS,"3,226,828.20",17/03/2008,20171133301,20519658501,20164483895,,,,,,
5298,MADRE DE DIOS,"4,269,168.51",24/08/2009,20266458089,20486628201,20486463440,20330521890,,,,,
5299,MADRE DE DIOS,"3,761,984.40",05/05/2010,20399678553,20317494336,,,,,,,
5300,MADRE DE DIOS,"8,600,394.70",18/03/2010,20526887442,20358000348,,,,,,,
5301,MADRE DE DIOS,"10,198,485.74",09/02/2010,20207951316,20470005565,20484120928,,,,,,
5302,MADRE DE DIOS,"1,672,132.00",29/11/2011,20445689859,20330521890,20515485318,,,,,,
5303,MADRE DE DIOS,"4,336,632.55",14/12/2012,20330521890,20486463440,,,,,,,
5304,MADRE DE DIOS,"7,234,935.20",26/11/2012,20486463440,20330521890,,,,,,,
5305,MADRE DE DIOS,"1,429,107.36",13/11/2012,20330521890,20486463440,,,,,,,
5306,MADRE DE DIOS,"2,388,568.00",23/04/2012,10209062777,20330521890,20486463440,,,,,,
5307,MADRE DE DIOS,"1,359,394.94",14/04/2012,20445695310,20445533174,,,,,,,
5308,MADRE DE DIOS,"1,115,715.14",21/03/2012,10329578475,20445533174,20445016358,,,,,,
5309,MADRE DE DIOS,"1,984,303.00",16/03/2012,10209062777,20330521890,,,,,,,
5310,MADRE DE DIOS,"1,223,455.45",13/03/2012,20526946473,,,,,,,,
5311,MADRE DE DIOS,"23,508,980.65",02/03/2012,20486628201,99000013508,20330521890,20505736215,20486463440,20266458089,,,
5312,MADRE DE DIOS,"8,041,831.00",27/11/2013,20266458089,20505736215,20486628201,20491215632,,,,,
5313,MADRE DE DIOS,"885,200.86",19/07/2013,20330521890,20491215632,,,,,,,
5314,MADRE DE DIOS,"4,254,860.74",04/11/2015,20393155648,20352424570,20572223443,20393252848,,,,,
5315,MADRE DE DIOS,"844,746.93",29/09/2015,20352424570,20393155648,20572223443,,,,,,
5316,MADRE DE DIOS,"4,365,675.18",17/10/2017,20399678553,,,,,,,,
5317,MADRE DE DIOS,"4,262,795.54",18/05/2017,20481011273,,,,,,,,
5318,MADRE DE DIOS,"2,087,347.09",27/02/2017,20399836213,,,,,,,,
5319,MADRE DE DIOS,"9,826,771.51",20/07/2018,20527176124,20527402078,,,,,,,
5320,MADRE DE DIOS,"26,714,389.19",18/10/2022,20492123057,20450252418,,,,,,,
5321,MADRE DE DIOS,"1,080,000.00",07/09/2022,20489627770,20606236892,,,,,,,
5322,MADRE DE DIOS,"2,486,181.65",01/08/2022,20450252418,,,,,,,,
5323,MADRE DE DIOS,"3,244,402.67",18/05/2022,20605665196,20450299139,,,,,,,
5324,MADRE DE DIOS,"13,997,394.49",11/04/2022,20450299139,20600421353,,,,,,,
5325,MOQUEGUA,"30,107.00",17/11/2005,10044285946,,,,,,,,
5326,MOQUEGUA,"314,585.76",12/07/2005,20115699271,,,,,,,,
5327,MOQUEGUA,"1,263,168.59",04/07/2005,10102838721,10164082861,,,,,,,
5328,MOQUEGUA,"576,643.60",23/06/2005,20115707711,,,,,,,,
5329,MOQUEGUA,"30,800,000.00",20/12/2007,20498670696,10071936444,20100240301,,,,,,
5330,MOQUEGUA,"2,186,039.22",29/11/2007,20262308881,20125752200,20424222667,,,,,,
5331,MOQUEGUA,"42,780,748.11",29/02/2008,20134676508,10043393567,20123033516,10084874723,20106758477,20191808241,20100073057,,
5332,MOQUEGUA,"7,256,963.73",11/08/2009,20100209137,20198274705,,,,,,,
5333,MOQUEGUA,"16,936,444.06",20/10/2010,20332558456,20522063593,20304132028,20505655215,20498602267,,,,
5334,MOQUEGUA,"16,936,444.06",09/09/2010,20332558456,20522063593,20304132028,20505655215,20498602267,,,,
5335,MOQUEGUA,"615,454.79",04/12/2012,20447723965,,,,,,,,
5336,MOQUEGUA,"1,656,267.47",18/10/2012,20164483895,,,,,,,,
5337,MOQUEGUA,"20,325,998.12",13/04/2016,20133176404,,,,,,,,
5338,MOQUEGUA,"4,847,117.59",04/08/2017,20529073225,20532902488,,,,,,,
5339,MOQUEGUA,"9,540,674.37",04/08/2017,20453991769,20164483895,,,,,,,
5340,MOQUEGUA,"579,834.10",12/12/2019,20412126913,,,,,,,,
5341,MOQUEGUA,"410,340.22",12/12/2019,20412126913,,,,,,,,
5342,MOQUEGUA,"4,727,686.54",30/10/2020,20494341973,20601169941,,,,,,,
5343,MOQUEGUA,"2,874,576.79",27/10/2020,20447677831,,,,,,,,
5344,MOQUEGUA,"967,473.99",27/10/2020,20447677831,,,,,,,,
5345,PASCO,"108,669.78",22/12/2005,20489300851,,,,,,,,
5346,PASCO,"656,435.10",22/12/2005,10214536604,,,,,,,,
5347,PASCO,"219,931.62",07/12/2005,20486150077,,,,,,,,
5348,PASCO,"457,448.00",23/03/2007,20503563704,20279551932,20256388082,,,,,,
5349,PASCO,"689,047.20",23/03/2007,10224860361,20125242261,,,,,,,
5350,PASCO,"152,600.00",23/03/2007,20503563704,20279551932,20256388082,,,,,,
5351,PASCO,"11,952,277.02",13/12/2006,20254586642,20171368368,20100620805,,,,,,
5352,PASCO,"1,934,430.54",20/11/2006,20493492111,20265856781,,,,,,,
5353,PASCO,"882,162.14",20/11/2006,20493492111,20265856781,,,,,,,
5354,PASCO,"555,904.00",16/11/2006,20105131039,,,,,,,,
5355,PASCO,"686,886.60",16/11/2006,20105131039,,,,,,,,
5356,PASCO,"8,507,133.13",16/11/2006,20105131039,,,,,,,,
5357,PASCO,"4,577,406.00",16/11/2006,20105131039,,,,,,,,
5358,PASCO,"106,444.00",16/11/2006,20105131039,,,,,,,,
5359,PASCO,"1,343,283.14",16/11/2006,20105131039,,,,,,,,
5360,PASCO,"378,628.65",07/11/2006,10224163296,,,,,,,,
5361,PASCO,"230,531.86",18/10/2006,10409221900,,,,,,,,
5362,PASCO,"871,827.52",31/08/2006,20145769249,,,,,,,,
5363,PASCO,"283,512.11",25/08/2006,20444469871,,,,,,,,
5364,PASCO,"101,433.89",13/08/2006,10225042590,,,,,,,,
5365,PASCO,"461,151.56",13/08/2006,20489425395,,,,,,,,
5366,PASCO,"1,186,900.07",10/08/2006,20159008224,,,,,,,,
5367,PASCO,"179,616.25",07/08/2006,10225042590,,,,,,,,
5368,PASCO,"1,630,938.94",14/06/2006,20105131039,,,,,,,,
5369,PASCO,"16,660,443.48",09/06/2006,20100151031,20505885725,,,,,,,
5370,PASCO,"20,358,507.28",08/05/2006,20100151031,,,,,,,,
5371,PASCO,"207,774.78",04/05/2006,17184302233,,,,,,,,
5372,PASCO,"643,431.56",04/03/2008,20145769249,20489451558,,,,,,,
5373,PASCO,"1,119,080.52",21/12/2007,10224106888,20110614609,,,,,,,
5374,PASCO,"1,128,600.00",21/12/2007,10224106888,20110614609,,,,,,,
5375,PASCO,"336,077.38",12/12/2007,10225168755,20159008224,,,,,,,
5376,PASCO,"810,460.59",15/11/2007,20407415931,,,,,,,,
5377,PASCO,"140,839.06",13/07/2007,20452551668,10200120154,,,,,,,
5378,PASCO,"1,332,115.25",13/06/2007,20503981298,20445211649,,,,,,,
5379,PASCO,"224,609.36",26/11/2008,20514084620,10224353478,,,,,,,
5380,PASCO,"1,054,828.17",24/11/2008,20486840928,,,,,,,,
5381,PASCO,"808,824.10",07/11/2008,20489522919,,,,,,,,
5382,PASCO,"776,209.37",07/11/2008,20407415931,,,,,,,,
5383,PASCO,"33,003,292.90",03/09/2008,20113675005,20127619965,20204035785,20101031854,,,,,
5384,PASCO,"767,738.10",04/03/2008,20110867647,20452551668,,,,,,,
5385,PASCO,"942,850.84",08/02/2008,20268887785,20349311608,,,,,,,
5386,PASCO,"759,277.49",08/02/2008,20268887785,20349311608,,,,,,,
5387,PASCO,"28,563,382.31",26/10/2009,20279551932,20378395152,,,,,,,
5388,PASCO,"7,896,632.97",08/07/2009,20279551932,,,,,,,,
5389,PASCO,"394,831.65",08/07/2009,20450555828,20107007441,,,,,,,
5390,PASCO,"1,136,069.44",14/12/2010,20489511631,,,,,,,,
5391,PASCO,"1,090,017.85",14/12/2010,20489511631,,,,,,,,
5392,PASCO,"577,469.76",13/12/2010,20489492238,,,,,,,,
5393,PASCO,"2,848,856.57",02/12/2010,20100240301,20489665604,,,,,,,
5394,PASCO,"742,335.60",25/11/2010,20508672692,20489665604,,,,,,,
5395,PASCO,"1,116,216.61",25/11/2010,20487315461,20486572061,,,,,,,
5396,PASCO,"728,748.69",23/11/2010,20529033274,20489492238,,,,,,,
5397,PASCO,"1,750,154.43",19/11/2010,20530969488,20445176631,,,,,,,
5398,PASCO,"543,539.29",17/11/2010,20489610451,,,,,,,,
5399,PASCO,"541,999.26",15/11/2010,10224994384,,,,,,,,
5400,PASCO,"1,147,564.08",15/11/2010,20447206987,20489511631,,,,,,,
5401,PASCO,"686,360.17",04/11/2010,20362509336,,,,,,,,
5402,PASCO,"2,154,472.77",29/09/2010,20489511631,20447206987,,,,,,,
5403,PASCO,"318,537.96",29/09/2010,20489613558,,,,,,,,
5404,PASCO,"734,665.30",27/09/2010,20489343585,20486600455,,,,,,,
5405,PASCO,"1,438,185.41",24/09/2010,20285552886,20528924493,,,,,,,
5406,PASCO,"288,670.71",22/09/2010,20489737010,,,,,,,,
5407,PASCO,"306,300.04",21/09/2010,20445176631,,,,,,,,
5408,PASCO,"1,101,659.80",08/09/2010,20489327032,20489477433,,,,,,,
5409,PASCO,"2,651,417.83",26/08/2010,20285552886,20486834529,,,,,,,
5410,PASCO,"1,823,502.21",26/08/2010,20489522242,20171390614,20489647886,,,,,,
5411,PASCO,"5,933,390.30",24/08/2010,10225148657,20486834529,10224165396,20470005565,20207951316,20506298301,,,
5412,PASCO,"217,708.00",18/08/2010,20489500940,,,,,,,,
5413,PASCO,"811,661.44",18/08/2010,20489563780,20489496225,20489665949,,,,,,
5414,PASCO,"447,737.55",14/07/2010,20528911677,,,,,,,,
5415,PASCO,"304,610.23",08/07/2010,20489561493,,,,,,,,
5416,PASCO,"322,268.12",08/07/2010,20528929703,,,,,,,,
5417,PASCO,"19,647,231.72",30/06/2010,20135151581,20101031854,,,,,,,
5418,PASCO,"1,085,838.51",30/06/2010,20404740131,20489544998,20489498601,,,,,,
5419,PASCO,"414,017.23",30/06/2010,20489684579,,,,,,,,
5420,PASCO,"176,683.88",25/06/2010,20489593697,,,,,,,,
5421,PASCO,"643,562.79",24/06/2010,20489327032,20524143853,,,,,,,
5422,PASCO,"368,200.00",09/06/2010,20489451558,,,,,,,,
5423,PASCO,"802,954.90",21/05/2010,20489272467,20489285526,,,,,,,
5424,PASCO,"319,909.51",21/05/2010,20489713188,,,,,,,,
5425,PASCO,"527,680.83",21/05/2010,20528941401,20489472121,,,,,,,
5426,PASCO,"819,590.97",21/05/2010,20489432171,,,,,,,,
5427,PASCO,"1,440,220.12",21/05/2010,20489727561,10105503836,,,,,,,
5428,PASCO,"5,770,763.51",19/05/2010,20116202647,,,,,,,,
5429,PASCO,"2,165,673.23",27/04/2010,20407412592,20494854172,,,,,,,
5430,PASCO,"330,314.49",27/04/2010,20362509336,,,,,,,,
5431,PASCO,"3,799,470.84",27/04/2010,20485920316,20486772311,20486840928,,,,,,
5432,PASCO,"1,928,849.71",14/04/2010,20489499836,20224327537,20471331733,,,,,,
5433,PASCO,"6,287,749.76",29/12/2011,20542408643,20541586530,20393112329,20352374963,,,,,
5434,PASCO,"944,329.04",27/12/2011,20486729229,,,,,,,,
5435,PASCO,"3,111,785.29",20/12/2011,20529020024,20489272467,20489325331,,,,,,
5436,PASCO,"3,795,553.16",16/12/2011,20541479458,20442303135,20529229331,20487281388,,,,,
5437,PASCO,"3,204,336.02",15/12/2011,20136966911,10199703141,,,,,,,
5438,PASCO,"233,499.09",12/12/2011,20489682363,20529074388,,,,,,,
5439,PASCO,"465,379.56",03/11/2011,20529170263,,,,,,,,
5440,PASCO,"315,072.07",27/10/2011,20506876789,20543933938,,,,,,,
5441,PASCO,"1,246,951.45",27/10/2011,20426128803,,,,,,,,
5442,PASCO,"350,000.00",26/10/2011,20404837215,20393273501,10001253609,,,,,,
5443,PASCO,"5,601,679.65",26/10/2011,20542408643,20541586530,20352374963,20393112329,,,,,
5444,PASCO,"1,440,000.00",21/10/2011,20489586721,20489734185,,,,,,,
5445,PASCO,"2,415,000.00",21/10/2011,20489430399,20489528283,,,,,,,
5446,PASCO,"907,080.92",07/10/2011,20489682363,20489637571,20529137720,,,,,,
5447,PASCO,"381,000.00",21/09/2011,20528944508,,,,,,,,
5448,PASCO,"7,598,255.20",16/09/2011,20442303135,,,,,,,,
5449,PASCO,"2,238,137.17",04/08/2011,20536871561,20393112329,,,,,,,
5450,PASCO,"17,437,377.85",04/07/2011,20489522242,20204035785,20529187077,,,,,,
5451,PASCO,"1,226,331.45",21/06/2011,20489688647,20489415594,20489511631,,,,,,
5452,PASCO,"1,374,890.92",16/06/2011,20489272467,20489665949,,,,,,,
5453,PASCO,"2,228,760.96",05/04/2011,20396652715,,,,,,,,
5454,PASCO,"9,442,576.34",07/02/2011,20489272467,20505885725,,,,,,,
5455,PASCO,"1,791,059.58",22/02/2013,20489434891,20489637571,20542591073,20489682363,,,,,
5456,PASCO,"2,552,778.55",14/01/2013,20489528283,20489739900,,,,,,,
5457,PASCO,"172,604,245.68",03/01/2013,20545253209,20102032951,20110133091,20536612972,20545740452,20535983829,,,
5458,PASCO,"1,129,950.76",29/12/2012,20489688990,20489271819,20489285526,20489604991,,,,,
5459,PASCO,"1,449,848.71",28/12/2012,20489263123,,,,,,,,
5460,PASCO,"3,449,363.00",27/12/2012,10225183151,20528900802,10099381243,20419457290,,,,,
5461,PASCO,"718,470.99",19/12/2012,20321318241,20489647614,20529204265,,,,,,
5462,PASCO,"5,421,047.50",13/12/2012,20541586530,20352374963,20393112329,,,,,,
5463,PASCO,"7,977,920.00",12/12/2012,20140769569,20131039507,,,,,,,
5464,PASCO,"3,397,981.03",06/12/2012,20311657250,20513894091,,,,,,,
5465,PASCO,"2,240,977.46",04/12/2012,20489272467,20568237197,,,,,,,
5466,PASCO,"9,156,306.00",03/12/2012,20486583348,20486914557,,,,,,,
5467,PASCO,"3,609,176.93",30/11/2012,20504174841,,,,,,,,
5468,PASCO,"5,818,638.00",22/11/2012,20538334899,20487281388,,,,,,,
5469,PASCO,"1,270,171.65",22/11/2012,20528904204,20489285526,20171390614,,,,,,
5470,PASCO,"4,654,359.00",21/11/2012,20489558867,20491886413,20186871864,,,,,,
5471,PASCO,"4,623,037.90",21/11/2012,20489596521,20489537436,,,,,,,
5472,PASCO,"6,078,233.03",20/11/2012,20489739900,20486185296,,,,,,,
5473,PASCO,"1,307,539.88",19/11/2012,20265274227,20542401479,,,,,,,
5474,PASCO,"3,838,156.19",15/11/2012,20489700523,20489647614,,,,,,,
5475,PASCO,"9,715,997.00",15/11/2012,20487281388,20538334899,,,,,,,
5476,PASCO,"437,436.18",15/11/2012,20489634989,20529172550,,,,,,,
5477,PASCO,"512,438.70",13/11/2012,20529201592,,,,,,,,
5478,PASCO,"898,557.49",12/11/2012,20529147369,,,,,,,,
5479,PASCO,"2,846,653.00",09/11/2012,20489647614,20489272467,20546167241,,,,,,
5480,PASCO,"6,137,157.04",24/10/2012,20447723965,20259263230,20135151581,,,,,,
5481,PASCO,"7,311,010.85",22/10/2012,20568097328,20547098464,20487281388,,,,,,
5482,PASCO,"2,013,626.17",19/10/2012,20486478803,,,,,,,,
5483,PASCO,"7,575,302.38",19/10/2012,20285552886,20489415594,,,,,,,
5484,PASCO,"6,636,878.45",19/10/2012,20489544998,20548276447,20529186429,20489326818,20489532981,20489573157,,,
5485,PASCO,"6,623,416.71",17/10/2012,20542455994,20494902673,20433056117,20494565065,,,,,
5486,PASCO,"1,032,628.45",15/10/2012,20489637571,20542448513,,,,,,,
5487,PASCO,"31,720,500.00",15/10/2012,20452533503,20419335771,10079685726,20477366334,20452477671,99000013150,20522103137,,
5488,PASCO,"6,965,536.19",12/10/2012,20404740131,20486834529,20285552886,,,,,,
5489,PASCO,"2,420,651.83",11/10/2012,20534108983,20531044445,20408092362,,,,,,
5490,PASCO,"449,216.36",26/09/2012,20489635365,,,,,,,,
5491,PASCO,"1,447,380.14",25/09/2012,20489272467,20528949054,,,,,,,
5492,PASCO,"7,856,002.53",24/09/2012,99000013150,20481141134,20452477671,20439867087,10079685726,,,,
5493,PASCO,"2,951,791.92",12/09/2012,20447206987,20489532981,,,,,,,
5494,PASCO,"28,548,450.00",05/09/2012,20422304640,10086051546,20487281388,20547098464,20419457290,20226217003,,,
5495,PASCO,"12,295,784.10",31/07/2012,20509593842,,,,,,,,
5496,PASCO,"542,545.92",16/07/2012,20529004258,20489734185,,,,,,,
5497,PASCO,"7,190,356.35",12/06/2012,20542433672,20506298301,20489272467,20402277689,20489561493,,,,
5498,PASCO,"496,518.57",17/05/2012,20489477433,20489689295,,,,,,,
5499,PASCO,"413,392.87",24/04/2012,20528900802,20489327032,,,,,,,
5500,PASCO,"776,659.96",23/04/2012,20542502747,20528943447,,,,,,,
5501,PASCO,"3,235,092.00",11/04/2012,10099381243,20487281388,20419457290,20295182467,,,,,
5502,PASCO,"11,148,795.03",11/04/2012,20489326818,20489532981,20447206987,20489544998,20511281688,20447023556,,,
5503,PASCO,"165,032.00",09/03/2012,20528921630,,,,,,,,
5504,PASCO,"179,766.65",09/03/2012,20486729229,,,,,,,,
5505,PASCO,"126,817.95",09/03/2012,20489539137,20489665604,,,,,,,
5506,PASCO,"352,469.82",27/01/2012,20489433657,,,,,,,,
5507,PASCO,"6,774,581.54",18/01/2012,20487170632,20140409945,20505655215,,,,,,
5508,PASCO,"3,950,842.79",17/01/2012,20489573661,20489511631,20489595045,,,,,,
5509,PASCO,"7,376,454.00",26/12/2013,20489681120,20529068655,20446927753,,,,,,
5510,PASCO,"106,065,000.00",17/12/2013,20548040320,99000010053,20102297581,,,,,,
5511,PASCO,"3,855,840.51",03/12/2013,20489522242,20529074388,10094523929,,,,,,
5512,PASCO,"4,259,984.41",22/11/2013,20489522242,,,,,,,,
5513,PASCO,"1,885,764.92",03/10/2013,20489522242,20489734185,20529229331,20529004258,,,,,
5514,PASCO,"1,545,101.16",03/10/2013,20529204265,20489430399,,,,,,,
5515,PASCO,"1,910,755.32",19/09/2013,20451481224,20295182467,10099381243,,,,,,
5516,PASCO,"4,653,830.61",18/09/2013,20489595045,,,,,,,,
5517,PASCO,"148,649,935.15",12/09/2013,20548040320,20102297581,,,,,,,
5518,PASCO,"3,768,858.96",22/07/2013,20489415594,20404740131,,,,,,,
5519,PASCO,"3,349,647.83",17/07/2013,20300690999,20547397291,20543652416,,,,,,
5520,PASCO,"4,444,636.00",08/07/2013,20531692951,20511317038,,,,,,,
5521,PASCO,"766,350.00",26/06/2013,20528944508,,,,,,,,
5522,PASCO,"9,569,981.00",21/06/2013,10106886429,20528990011,10225300939,20127619965,,,,,
5523,PASCO,"6,238,405.56",13/06/2013,10283106000,20515430505,,,,,,,
5524,PASCO,"966,708.55",07/06/2013,20489532981,20489674425,,,,,,,
5525,PASCO,"9,793,800.00",30/05/2013,15401728071,20486478803,20504218130,,,,,,
5526,PASCO,"9,589,943.00",22/05/2013,10224611361,10214896031,20489558867,,,,,,
5527,PASCO,"578,708.79",14/05/2013,20486583348,20529218053,,,,,,,
5528,PASCO,"1,050,514.54",18/04/2013,20573022247,20528955534,,,,,,,
5529,PASCO,"9,679,329.00",18/04/2013,10106886429,20538334899,20226217003,20487281388,,,,,
5530,PASCO,"5,403,496.50",16/04/2013,10412348236,20486286645,20486845725,,,,,,
5531,PASCO,"1,938,308.00",16/04/2013,20529032464,20506426155,,,,,,,
5532,PASCO,"461,784.55",10/04/2013,20529280875,,,,,,,,
5533,PASCO,"359,772.55",01/04/2013,20407876238,,,,,,,,
5534,PASCO,"1,845,063.26",22/03/2013,20506426155,20529063009,,,,,,,
5535,PASCO,"3,524,500.00",19/03/2013,20528928308,20489430399,10103371053,,,,,,
5536,PASCO,"5,693,285.54",08/03/2013,20491886413,20568255764,20226217003,,,,,,
5537,PASCO,"4,196,167.00",08/03/2013,10106886429,20542570408,20295182467,20506426155,,,,,
5538,PASCO,"3,490,816.86",07/03/2013,20542502747,20489647614,,,,,,,
5539,PASCO,"3,478,413.00",04/03/2013,10214396942,20529229331,20489522242,20419457290,,,,,
5540,PASCO,"854,169.33",20/02/2013,20529202998,20489708346,,,,,,,
5541,PASCO,"1,482,619.63",20/02/2013,20489613558,20489532981,,,,,,,
5542,PASCO,"3,900,205.22",15/02/2013,20541479458,20538334899,,,,,,,
5543,PASCO,"2,381,595.06",15/02/2013,10079685726,20439867087,,,,,,,
5544,PASCO,"1,630,914.74",08/02/2013,20507336290,20390136570,,,,,,,
5545,PASCO,"1,141,330.28",08/02/2013,20390136570,20507336290,,,,,,,
5546,PASCO,"946,820.12",08/02/2013,20390136570,20507336290,,,,,,,
5547,PASCO,"976,618.63",08/02/2013,20390136570,20507336290,,,,,,,
5548,PASCO,"7,322,571.33",30/12/2015,20600798473,20511631760,20517785530,20529073225,20489688990,,,,
5549,PASCO,"3,483,971.61",30/12/2015,20529204265,20489739900,20489430399,20489528283,20515136739,,,,
5550,PASCO,"3,483,317.71",11/12/2015,20447206987,20542437236,,,,,,,
5551,PASCO,"227,802.43",19/11/2015,20515493256,,,,,,,,
5552,PASCO,"6,087,815.92",01/10/2015,20489747244,20489637571,20285552886,,,,,,
5553,PASCO,"2,235,284.08",23/09/2015,10225170571,20489626706,,,,,,,
5554,PASCO,"8,741,021.36",23/09/2015,20489595045,,,,,,,,
5555,PASCO,"1,248,122.65",13/12/2016,20528953086,20529020962,20542508605,,,,,,
5556,PASCO,"5,722,165.56",29/11/2016,20600798473,20489688990,20529073225,,,,,,
5557,PASCO,"1,487,919.35",07/10/2016,20489371791,20549010114,,,,,,,
5558,PASCO,"5,469,400.00",11/08/2016,20458659321,20600835981,20554230246,,,,,,
5559,PASCO,"1,935,614.11",25/07/2016,10411514698,20486960401,20600659503,,,,,,
5560,PASCO,"2,980,930.49",11/07/2016,20486960401,20573825978,20523062990,,,,,,
5561,PASCO,"4,451,369.46",06/04/2016,20486753791,20489739900,20542437236,20489528283,20529204265,20600074301,,,
5562,PASCO,"1,929,832.77",28/02/2018,20529193638,20600540271,20489544998,,,,,,
5563,PASCO,"17,323,814.90",29/12/2017,20566004004,20501799409,99000019701,,,,,,
5564,PASCO,"5,608,662.98",28/12/2017,20489692831,20489425476,,,,,,,
5565,PASCO,"671,372.66",26/12/2017,20489585325,20529020962,,,,,,,
5566,PASCO,"10,635,839.84",20/12/2017,20528917951,20528924493,20489573157,,,,,,
5567,PASCO,"5,927,178.66",08/12/2017,20489371791,20542425904,,,,,,,
5568,PASCO,"9,856,705.74",07/12/2017,20489528283,20538735371,,,,,,,
5569,PASCO,"4,719,975.90",14/11/2017,20600101791,20107211480,,,,,,,
5570,PASCO,"76,896,316.84",02/11/2017,20489595045,20489532981,,,,,,,
5571,PASCO,"1,426,307.75",13/10/2017,20601543738,20489648009,20600101791,,,,,,
5572,PASCO,"3,510,414.21",27/09/2017,20185481272,20446927753,,,,,,,
5573,PASCO,"1,197,832.34",07/09/2017,20489734185,20529284609,,,,,,,
5574,PASCO,"5,021,558.71",06/09/2017,20542451735,20489544998,,,,,,,
5575,PASCO,"5,927,178.66",05/09/2017,20528917951,20491889358,20573102356,20489573157,20479780847,,,,
5576,PASCO,"1,262,732.41",16/08/2017,20534066709,20571244153,,,,,,,
5577,PASCO,"4,954,215.72",25/07/2017,20573099975,20573323361,20528924221,,,,,,
5578,PASCO,"1,426,307.75",27/06/2017,20600967496,20489528283,20573169426,,,,,,
5579,PASCO,"1,269,145.96",27/06/2017,20392493671,20546649661,,,,,,,
5580,PASCO,"3,099,880.24",27/06/2017,20518469232,20531000316,20601453356,,,,,,
5581,PASCO,"3,103,237.97",19/06/2017,20529068655,20529215038,20489531314,20602057161,,,,,
5582,PASCO,"808,536.77",25/05/2017,20489634989,,,,,,,,
5583,PASCO,"3,510,414.21",22/05/2017,20185481272,20446927753,,,,,,,
5584,PASCO,"3,103,237.97",22/03/2017,20446927753,20529068655,,,,,,,
5585,PASCO,"5,469,263.44",23/04/2019,20602640265,20487292401,20600043286,,,,,,
5586,PASCO,"9,715,482.92",22/11/2018,20509859541,20486791021,20127619965,,,,,,
5587,PASCO,"8,614,734.82",20/11/2018,20601967309,20100240301,20603321309,20601243742,,,,,
5588,PASCO,"32,744,195.06",30/10/2018,20301552115,20503965179,20254813720,,,,,,
5589,PASCO,"104,783,192.84",28/09/2018,20552332092,20537169207,20601116082,,,,,,
5590,PASCO,"136,397.85",24/09/2018,20443707191,,,,,,,,
5591,PASCO,"2,962,260.03",20/09/2018,20494854172,20600309731,20511144699,20600129857,,,,,
5592,PASCO,"1,401,653.74",10/09/2018,20602335705,20489634989,,,,,,,
5593,PASCO,"87,571,611.73",24/08/2018,20552332092,20601116082,20537169207,,,,,,
5594,PASCO,"3,245,482.61",09/08/2018,20568230184,20489492238,,,,,,,
5595,PASCO,"17,423,814.95",24/07/2018,20565657446,10098726701,20392368427,20542458233,20489650674,20484120928,,,
5596,PASCO,"1,610,340.83",04/06/2018,20600411102,20511631760,20601508533,,,,,,
5597,PASCO,"1,147,614.94",10/04/2018,20444469871,20568293348,,,,,,,
5598,PASCO,"3,022,714.33",06/04/2018,20489682363,,,,,,,,
5599,PASCO,"9,312,067.55",22/03/2018,20538735371,20489371791,20446927753,,,,,,
5600,PASCO,"3,832,489.33",22/03/2018,20538735371,20489633231,,,,,,,
5601,PASCO,"529,075.93",14/03/2018,20515493256,,,,,,,,
5602,PASCO,"7,618,990.20",19/10/2020,20487283755,20486887568,20486990903,,,,,,
5603,PASCO,"3,471,373.88",14/08/2020,20515284177,20600630963,,,,,,,
5604,PASCO,"449,915.49",13/08/2020,20489708346,20529284609,,,,,,,
5605,PASCO,"437,406.71",12/08/2020,20489734185,20511631760,,,,,,,
5606,PASCO,"1,490,510.37",11/08/2020,20489512794,20529137720,,,,,,,
5607,PASCO,"3,125,843.93",17/12/2019,20515284177,20600630963,,,,,,,
5608,PASCO,"1,249,150.88",17/12/2019,10103454731,20603142633,,,,,,,
5609,PASCO,"328,606.44",16/12/2019,20489734185,,,,,,,,
5610,PASCO,"296,514.26",16/12/2019,20529166151,20529119667,,,,,,,
5611,PASCO,"148,774.47",16/12/2019,20510591829,20604243221,,,,,,,
5612,PASCO,"415,133.75",16/12/2019,20511631760,20489734185,,,,,,,
5613,PASCO,"179,095.83",16/12/2019,20604063290,20601277078,,,,,,,
5614,PASCO,"1,380,608.58",13/12/2019,20515284177,,,,,,,,
5615,PASCO,"194,833.74",13/12/2019,10091754857,,,,,,,,
5616,PASCO,"103,037.38",10/12/2019,10805536867,,,,,,,,
5617,PASCO,"6,537,074.64",01/10/2019,20528924493,20529202998,,,,,,,
5618,PASCO,"3,515,495.14",17/09/2019,20568917147,20529014211,,,,,,,
5619,PASCO,"114,318,830.30",17/09/2019,20477530665,99000027401,20568688105,,,,,,
5620,PASCO,"423,222.17",12/07/2019,20604141673,20552960816,20486991381,,,,,,
5621,PASCO,"3,019,438.63",08/07/2019,20600101791,20601543738,20107211480,,,,,,
5622,PASCO,"3,369,443.50",24/06/2019,20489682363,20604243221,20600066839,,,,,,
5623,PASCO,"110,657,590.88",11/06/2019,20537169207,20486845725,20601169941,,,,,,
5624,PASCO,"31,009,878.88",26/04/2019,20419278875,99000027401,20419457290,,,,,,
5625,PASCO,"5,092,838.96",09/12/2020,20528917951,,,,,,,,
5626,PASCO,"1,709,856.92",09/12/2020,20528956000,20600075102,,,,,,,
5627,PASCO,"1,391,316.49",09/12/2020,20529074388,20604553947,,,,,,,
5628,PASCO,"1,619,177.40",09/12/2020,20511631760,20510591829,,,,,,,
5629,PASCO,"1,086,557.07",07/12/2020,20604010781,20542401479,,,,,,,
5630,PASCO,"1,650,934.61",07/12/2020,20542531097,20528917951,,,,,,,
5631,PASCO,"1,511,323.50",07/12/2020,20489594235,20529230851,20489580285,,,,,,
5632,PASCO,"1,557,655.38",07/12/2020,20601736048,20511631760,20489734185,,,,,,
5633,PASCO,"1,518,470.68",07/12/2020,20489594235,20529068655,,,,,,,
5634,PASCO,"1,616,416.25",07/12/2020,20529111259,20489682363,,,,,,,
5635,PASCO,"755,864.65",07/12/2020,20529278625,20542500531,,,,,,,
5636,PASCO,"1,613,955.37",04/12/2020,20487925617,20601750555,,,,,,,
5637,PASCO,"1,022,120.24",04/12/2020,20533976540,20571244153,,,,,,,
5638,PASCO,"14,474,317.60",13/10/2020,20489544998,20489536979,,,,,,,
5639,PASCO,"4,084,789.90",01/10/2020,20600079493,20529202998,,,,,,,
5640,PASCO,"6,256,552.29",30/09/2020,20489594235,20489585325,,,,,,,
5641,PASCO,"10,070,738.64",29/09/2020,20486298147,20319094815,,,,,,,
5642,PASCO,"3,235,634.63",22/09/2020,20288331996,20604063290,20489637571,20542489627,,,,,
5643,PASCO,"61,104.24",10/09/2020,20604924651,,,,,,,,
5644,PASCO,"326,782.51",26/08/2020,20600079787,20604329206,,,,,,,
5645,PASCO,"300,218.65",26/08/2020,20486093847,20541541439,,,,,,,
5646,PASCO,"3,142,187.27",25/08/2020,20489466741,20528003401,,,,,,,
5647,PASCO,"16,389,811.38",17/08/2020,20542531097,20489601541,,,,,,,
5648,PASCO,"3,195,327.35",17/08/2020,20539211162,20489730864,,,,,,,
5649,PASCO,"87,979,956.18",06/10/2021,20486783606,20600977661,,,,,,,
5650,PASCO,"7,570,346.90",25/06/2021,20573212020,20489682363,20600819331,,,,,,
5651,PASCO,"27,059,460.57",18/06/2021,20534029927,20456317376,20344483702,,,,,,
5652,PASCO,"494,524.21",12/05/2021,20529230851,,,,,,,,
5653,PASCO,"7,570,346.90",20/04/2021,20600819331,20489682363,,,,,,,
5654,PASCO,"1,543,636.52",17/02/2021,20486867290,20600079787,,,,,,,
5655,PASCO,"2,733,855.21",28/11/2022,20533976540,20571244153,,,,,,,
5656,PASCO,"1,370,596.41",25/11/2022,20528953086,20571288363,20486834529,,,,,,
5657,PASCO,"1,665,690.00",24/11/2022,20528901361,20604694621,,,,,,,
5658,PASCO,"757,788.51",23/11/2022,20573098731,20604520062,,,,,,,
5659,PASCO,"3,340,106.29",18/11/2022,20489430399,20606797533,,,,,,,
5660,PASCO,"26,269,353.54",10/11/2022,20489544998,20529186429,,,,,,,
5661,PASCO,"26,232,738.40",10/11/2022,20514402346,20529166151,20528901361,,,,,,
5662,PASCO,"831,361.53",04/11/2022,20489423775,,,,,,,,
5663,PASCO,"2,622,253.38",28/10/2022,20541541439,20489522242,,,,,,,
5664,PASCO,"1,377,155.25",28/10/2022,20529068655,20609789621,,,,,,,
5665,PASCO,"800,272.41",27/10/2022,20489748054,20542471337,,,,,,,
5666,PASCO,"682,009.66",26/10/2022,20573098731,20604520062,,,,,,,
5667,PASCO,"3,656,048.53",24/10/2022,20486975939,,,,,,,,
5668,PASCO,"1,501,112.74",12/10/2022,20573098731,20551950990,,,,,,,
5669,PASCO,"1,473,990.59",11/10/2022,20547097069,20608946889,,,,,,,
5670,PASCO,"5,964,254.76",06/10/2022,20541559214,20569048916,20604977411,,,,,,
5671,PASCO,"5,926,870.15",05/10/2022,20517623394,20486513137,,,,,,,
5672,PASCO,"4,254,745.73",05/10/2022,20517623394,20486513137,,,,,,,
5673,PASCO,"2,872,456.80",27/09/2022,20489537274,20529137720,,,,,,,
5674,PASCO,"3,899,218.79",31/08/2022,20529202998,20604063290,,,,,,,
5675,PASCO,"2,133,600.54",04/08/2022,20529230851,20528901361,,,,,,,
5676,PASCO,"2,877,771.63",22/07/2022,20539807162,20568894180,,,,,,,
5677,PASCO,"1,688,833.05",21/07/2022,20600592786,20603194676,,,,,,,
5678,PASCO,"4,064,331.12",20/07/2022,20489739900,20528917951,,,,,,,
5679,PASCO,"2,040,678.54",13/07/2022,20489739900,20542577836,,,,,,,
5680,PASCO,"2,194,661.17",13/07/2022,20489585325,,,,,,,,
5681,PASCO,"3,656,846.83",07/07/2022,20450519783,20571244153,,,,,,,
5682,PASCO,"3,001,084.67",07/07/2022,20489536979,20528917951,,,,,,,
5683,PASCO,"14,112,463.26",23/06/2022,20604553947,20489537274,20489739900,,,,,,
5684,PASCO,"17,291,800.28",07/06/2022,20568235810,20486960401,,,,,,,
5685,PASCO,"522,509.76",03/06/2022,20529111259,20489536979,,,,,,,
5686,PASCO,"2,040,678.54",30/05/2022,20489536979,20542577836,,,,,,,
5687,PASCO,"1,770,325.28",25/05/2022,20489544998,20542451735,,,,,,,
5688,PASCO,"694,258.05",24/05/2022,20487065502,20486397714,,,,,,,
5689,PASCO,"2,200,404.22",19/05/2022,20489537274,20604441103,,,,,,,
5690,PASCO,"20,377,545.67",28/01/2022,20489466741,20528924221,,,,,,,
5691,PASCO,"502,098.72",29/12/2023,20489594235,20603185294,,,,,,,
5692,PASCO,"4,697,663.19",28/12/2023,20489304687,20529286300,,,,,,,
5693,PASCO,"13,136,475.72",01/12/2023,20446927753,20529111259,,,,,,,
5694,PASCO,"1,059,974.78",30/10/2023,20489734185,20602220827,,,,,,,
5695,PASCO,"1,219,507.86",24/10/2023,20529215038,20607960268,,,,,,,
5696,PASCO,"1,933,420.50",10/10/2023,20502322711,20542577836,,,,,,,
5697,PASCO,"6,719,338.26",03/10/2023,20393226502,20573284012,,,,,,,
5698,PASCO,"2,400,722.98",22/09/2023,20489434891,20489643627,,,,,,,
5699,PASCO,"1,059,974.78",13/09/2023,20489734185,,,,,,,,
5700,PASCO,"36,879,982.44",29/08/2023,20494951020,20601308160,,,,,,,
5701,PASCO,"224,839,767.28",25/08/2023,20608594222,20489585325,,,,,,,
5702,PASCO,"12,754,260.32",17/08/2023,20571395283,20529089148,,,,,,,
5703,PASCO,"1,813,009.41",13/07/2023,20529068655,20610270272,,,,,,,
5704,PASCO,"7,067,543.24",03/07/2023,20571395283,20489614015,,,,,,,
5705,PASCO,"1,852,861.31",28/06/2023,20407863250,20608503766,,,,,,,
5706,PASCO,"1,485,554.13",27/12/2024,20573333081,20603919395,,,,,,,
5707,PASCO,"14,032,438.44",27/12/2024,20486845725,20529068655,,,,,,,
5708,PASCO,"6,573,767.86",27/12/2024,20489747244,20603013540,20604906475,,,,,,
5709,PASCO,"3,135,354.64",27/12/2024,20573098731,20613377205,,,,,,,
5710,PASCO,"2,974,269.41",26/12/2024,20446927753,,,,,,,,
5711,PASCO,"30,381,224.98",20/12/2024,10324057035,20571395283,,,,,,,
5712,PASCO,"14,878,581.52",20/12/2024,20407836872,20573225199,,,,,,,
5713,PASCO,"11,999,999.20",19/12/2024,20600967496,20603549261,20446927753,,,,,,
5714,PASCO,"4,097,848.78",19/12/2024,20529215038,20613220004,,,,,,,
5715,PASCO,"14,491,721.72",17/12/2024,20571395283,20603398573,,,,,,,
5716,PASCO,"13,537,398.28",13/12/2024,20611372338,20494951020,,,,,,,
5717,PASCO,"15,262,141.86",03/12/2024,10411982438,20529068655,20529111259,,,,,,
5718,PASCO,"475,761,000.00",28/11/2024,20600099541,20602581234,20605286306,,,,,,
5719,PASCO,"13,039,949.14",05/11/2024,20489626706,20529033274,,,,,,,
5720,PASCO,"61,586,496.22",04/11/2024,20608077163,20601771641,,,,,,,
5721,PASCO,"6,938,400.97",29/10/2024,20506298301,20600119703,,,,,,,
5722,PASCO,"3,084,735.78",29/10/2024,20529030330,20528973516,,,,,,,
5723,PASCO,"43,732,711.12",29/10/2024,20601771641,20608077163,,,,,,,
5724,PASCO,"19,573,864.36",29/10/2024,20393675480,20602486894,,,,,,,
5725,PASCO,"6,079,940.99",17/10/2024,20489650674,20489537436,,,,,,,
5726,PASCO,"5,249,535.69",16/10/2024,20489684145,20529215038,,,,,,,
5727,PASCO,"15,542,657.01",03/10/2024,20407836872,20573225199,,,,,,,
5728,PASCO,"13,048,000.00",01/10/2024,20608077163,20529202998,,,,,,,
5729,PASCO,"5,176,505.49",26/09/2024,20529068655,20573338554,,,,,,,
5730,PASCO,"2,718,147.42",10/09/2024,20486975939,20573144946,,,,,,,
5731,PASCO,"12,818,000.00",03/09/2024,20528932321,20602640079,,,,,,,
5732,PASCO,"14,475,787.55",26/06/2024,20573225199,20407836872,,,,,,,
5733,PASCO,"4,590,925.82",26/06/2024,20603641834,20568073658,,,,,,,
5734,PASCO,"2,505,525.33",23/05/2024,20601277078,20542489627,,,,,,,
5735,PASCO,"5,007,277.15",22/05/2024,20604695067,20407836872,,,,,,,
5736,PASCO,"14,475,787.55",21/05/2024,20573225199,20407836872,,,,,,,
5737,PASCO,"2,594,012.27",07/05/2024,20542350033,20600592786,,,,,,,
5738,PASCO,"1,242,212.86",06/05/2024,20573066619,20489594235,,,,,,,
5739,PASCO,"2,691,067.54",30/04/2024,20528901361,20600630963,,,,,,,
5740,PASCO,"9,115,485.50",17/04/2024,10805536867,20605875778,,,,,,,
5741,PASCO,"2,698,763.65",02/04/2024,20529066521,20600079493,,,,,,,
5742,PASCO,"471,388,207.42",22/03/2024,99000035293,20495931472,,,,,,,
5743,PIURA,"906,393.47",19/12/2005,20140404552,,,,,,,,
5744,PIURA,"710,513.94",09/12/2005,20452371414,,,,,,,,
5745,PIURA,"58,903.56",09/12/2005,20484065480,,,,,,,,
5746,PIURA,"57,192.19",02/12/2005,20399226814,,,,,,,,
5747,PIURA,"729,423.38",29/11/2005,20172629718,20356218575,,,,,,,
5748,PIURA,"375,324.44",29/11/2005,20441725931,,,,,,,,
5749,PIURA,"19,569.15",25/11/2005,10062695744,,,,,,,,
5750,PIURA,"1,961,061.63",14/11/2005,20339480932,20108736659,20304132028,,,,,,
5751,PIURA,"98,319.38",14/11/2005,20102670214,,,,,,,,
5752,PIURA,"447,978.87",30/09/2005,20399226814,,,,,,,,
5753,PIURA,"268,459.75",29/09/2005,20128213105,,,,,,,,
5754,PIURA,"448,570.60",18/08/2005,10098726701,,,,,,,,
5755,PIURA,"574,695.37",11/08/2005,10028716392,,,,,,,,
5756,PIURA,"103,747.52",03/08/2005,20484065480,,,,,,,,
5757,PIURA,"65,322.66",22/07/2005,20484257630,,,,,,,,
5758,PIURA,"636,060.59",06/07/2005,20304132028,10092718579,,,,,,,
5759,PIURA,"1,238,033.55",09/05/2005,20105349921,,,,,,,,
5760,PIURA,"34,438.18",26/04/2005,10164660775,,,,,,,,
5761,PIURA,"143,440.55",30/03/2005,20103043264,,,,,,,,
5762,PIURA,"1,482,751.88",14/02/2007,20215636683,20503993890,,,,,,,
5763,PIURA,"309,501.38",29/12/2006,10028716392,,,,,,,,
5764,PIURA,"47,547.77",20/12/2006,10164660775,,,,,,,,
5765,PIURA,"9,496.32",20/12/2006,20503870542,,,,,,,,
5766,PIURA,"27,432.33",19/12/2006,20503870542,,,,,,,,
5767,PIURA,"23,211.96",19/12/2006,20503870542,,,,,,,,
5768,PIURA,"14,596.41",19/12/2006,10036836569,,,,,,,,
5769,PIURA,"16,877.98",19/12/2006,10036836569,,,,,,,,
5770,PIURA,"32,546.00",19/12/2006,10266167739,,,,,,,,
5771,PIURA,"10,830,259.53",13/12/2006,10328063447,20172889540,20101361056,20207055078,20124794847,20138035361,20100470722,20299922821,
5772,PIURA,"256,500.00",04/12/2006,20154727826,,,,,,,,
5773,PIURA,"2,027,109.72",04/12/2006,20102428197,,,,,,,,
5774,PIURA,"130,562.18",30/11/2006,20102670214,,,,,,,,
5775,PIURA,"34,253.19",30/11/2006,10403063415,,,,,,,,
5776,PIURA,"31,107.81",30/11/2006,10266167739,,,,,,,,
5777,PIURA,"40,969.57",30/11/2006,10403063415,,,,,,,,
5778,PIURA,"29,244.18",30/11/2006,20316313516,,,,,,,,
5779,PIURA,"37,042.32",30/11/2006,10098726701,,,,,,,,
5780,PIURA,"33,456.65",30/11/2006,10164660775,,,,,,,,
5781,PIURA,"19,749.85",30/11/2006,20484157171,,,,,,,,
5782,PIURA,"24,491.03",30/11/2006,10036836569,,,,,,,,
5783,PIURA,"34,481.32",30/11/2006,10266167739,,,,,,,,
5784,PIURA,"18,040.57",30/11/2006,10098726701,,,,,,,,
5785,PIURA,"33,977.44",29/11/2006,20398345453,,,,,,,,
5786,PIURA,"45,972.84",29/11/2006,20356124325,,,,,,,,
5787,PIURA,"32,555.88",29/11/2006,20398345453,,,,,,,,
5788,PIURA,"28,568.44",29/11/2006,10176407471,,,,,,,,
5789,PIURA,"33,264.64",29/11/2006,10403063415,,,,,,,,
5790,PIURA,"31,128.15",29/11/2006,20484120928,,,,,,,,
5791,PIURA,"31,005.82",29/11/2006,20484120928,,,,,,,,
5792,PIURA,"33,510.59",29/11/2006,20316313516,,,,,,,,
5793,PIURA,"34,115.78",29/11/2006,10403063415,,,,,,,,
5794,PIURA,"33,501.86",29/11/2006,10164660775,,,,,,,,
5795,PIURA,"48,201.43",29/11/2006,20398345453,,,,,,,,
5796,PIURA,"26,719.90",29/11/2006,10266167739,,,,,,,,
5797,PIURA,"1,722,421.66",29/11/2006,10028716392,20399226814,,,,,,,
5798,PIURA,"33,830.70",09/11/2006,20398345453,,,,,,,,
5799,PIURA,"31,356.75",09/11/2006,20316313516,,,,,,,,
5800,PIURA,"13,754.65",09/11/2006,20399231907,,,,,,,,
5801,PIURA,"20,728.43",09/11/2006,20399231907,,,,,,,,
5802,PIURA,"41,445.39",09/11/2006,20525366341,,,,,,,,
5803,PIURA,"182,211.13",31/10/2006,10028352129,,,,,,,,
5804,PIURA,"330,045.13",30/10/2006,20484224201,,,,,,,,
5805,PIURA,"36,404.91",30/10/2006,10098726701,,,,,,,,
5806,PIURA,"484,887.99",18/10/2006,20503870542,,,,,,,,
5807,PIURA,"103,499.76",27/09/2006,20509687669,,,,,,,,
5808,PIURA,"19,283.18",26/09/2006,10036836569,,,,,,,,
5809,PIURA,"37,183.35",05/09/2006,20399231907,,,,,,,,
5810,PIURA,"30,319.09",04/09/2006,10164660775,,,,,,,,
5811,PIURA,"31,333.09",04/09/2006,20316313516,,,,,,,,
5812,PIURA,"32,843.63",04/09/2006,20399084416,,,,,,,,
5813,PIURA,"35,935.73",04/09/2006,10028352129,,,,,,,,
5814,PIURA,"35,257.21",04/09/2006,10036836569,,,,,,,,
5815,PIURA,"76,496.12",31/08/2006,10028352129,,,,,,,,
5816,PIURA,"28,857.64",25/08/2006,20503870542,,,,,,,,
5817,PIURA,"33,707.17",25/08/2006,20398684231,,,,,,,,
5818,PIURA,"33,684.42",25/08/2006,20484157171,,,,,,,,
5819,PIURA,"32,841.70",25/08/2006,20398345453,,,,,,,,
5820,PIURA,"33,744.54",25/08/2006,20398345453,,,,,,,,
5821,PIURA,"33,611.00",25/08/2006,10164660775,,,,,,,,
5822,PIURA,"34,861.29",25/08/2006,10098726701,,,,,,,,
5823,PIURA,"115,347.81",24/08/2006,20399231907,,,,,,,,
5824,PIURA,"2,248,682.35",18/08/2006,20105349921,20277202698,10190977388,,,,,,
5825,PIURA,"1,343,932.75",28/06/2006,20484153427,20105211491,,,,,,,
5826,PIURA,"116,275.22",06/06/2006,10164660775,,,,,,,,
5827,PIURA,"230,715.69",05/06/2006,10092718579,,,,,,,,
5828,PIURA,"89,869.19",05/06/2006,10092718579,,,,,,,,
5829,PIURA,"184,225.59",26/04/2006,20398345453,,,,,,,,
5830,PIURA,"76,336.61",24/03/2006,20168315571,,,,,,,,
5831,PIURA,"29,012.57",24/02/2006,20398345453,,,,,,,,
5832,PIURA,"24,657.97",24/02/2006,10098726701,,,,,,,,
5833,PIURA,"33,962.64",24/02/2006,10164660775,,,,,,,,
5834,PIURA,"29,396.13",24/02/2006,20398345453,,,,,,,,
5835,PIURA,"33,983.26",24/02/2006,10164660775,,,,,,,,
5836,PIURA,"115,429.28",23/02/2006,20484195189,,,,,,,,
5837,PIURA,"843,757.07",20/02/2006,20446860586,,,,,,,,
5838,PIURA,"51,066.36",19/12/2007,20356124325,,,,,,,,
5839,PIURA,"180,194.37",13/12/2007,10028352129,,,,,,,,
5840,PIURA,"63,211.51",13/12/2007,20525476791,,,,,,,,
5841,PIURA,"94,790.98",13/12/2007,20441359145,,,,,,,,
5842,PIURA,"121,626.53",11/12/2007,20440708987,,,,,,,,
5843,PIURA,"2,717,780.03",23/11/2007,20105349921,,,,,,,,
5844,PIURA,"1,253,970.67",07/11/2007,10174099320,20484044644,,,,,,,
5845,PIURA,"17,815,100.64",30/10/2007,20137114705,20140476545,20108736659,20101884407,,,,,
5846,PIURA,"2,676,428.76",15/10/2007,20105211491,,,,,,,,
5847,PIURA,"1,210,655.71",12/10/2007,20385594195,20502128664,20100470722,,,,,,
5848,PIURA,"1,494,361.96",10/10/2007,20128213105,,,,,,,,
5849,PIURA,"16,057,078.65",20/09/2007,20377468351,20131253258,20113675005,20100620805,,,,,
5850,PIURA,"13,932,544.63",20/09/2007,20131253258,20113675005,20100620805,,,,,,
5851,PIURA,"6,950,894.13",20/09/2007,20377468351,20131253258,20100620805,,,,,,
5852,PIURA,"47,701.77",17/09/2007,20503870542,,,,,,,,
5853,PIURA,"19,292.45",17/09/2007,20316313516,,,,,,,,
5854,PIURA,"310,569.43",10/09/2007,10098726701,,,,,,,,
5855,PIURA,"79,689.27",19/07/2007,20316313516,,,,,,,,
5856,PIURA,"1,182,328.81",08/05/2007,20508886226,20510413301,20503379521,20339480932,,,,,
5857,PIURA,"1,244,386.39",27/04/2007,20163906661,20484065480,,,,,,,
5858,PIURA,"1,097,913.79",26/04/2007,10028716392,20399226814,,,,,,,
5859,PIURA,"1,052,521.50",25/04/2007,20484153427,,,,,,,,
5860,PIURA,"538,556.35",29/03/2007,20441725931,,,,,,,,
5861,PIURA,"935,446.98",27/03/2007,20484346659,,,,,,,,
5862,PIURA,"32,233.10",21/03/2007,20525264859,,,,,,,,
5863,PIURA,"33,380.14",21/03/2007,20525409687,,,,,,,,
5864,PIURA,"784,570.57",22/02/2007,20484044644,,,,,,,,
5865,PIURA,"96,639.77",20/02/2007,20441359145,,,,,,,,
5866,PIURA,"93,978.29",20/02/2007,20525366341,,,,,,,,
5867,PIURA,"2,335,084.15",29/10/2008,20154727826,20525306446,,,,,,,
5868,PIURA,"93,560.51",16/10/2008,20399546487,,,,,,,,
5869,PIURA,"129,721.01",16/10/2008,20525436731,,,,,,,,
5870,PIURA,"110,052.59",11/08/2008,20398345453,,,,,,,,
5871,PIURA,"103,946.12",16/04/2008,10036836569,,,,,,,,
5872,PIURA,"104,143.59",16/04/2008,20484116149,,,,,,,,
5873,PIURA,"1,658,639.30",14/03/2008,20103349932,20398604734,,,,,,,
5874,PIURA,"66,018,898.35",06/02/2010,20263346328,20513549157,,,,,,,
5875,PIURA,"11,932,369.62",12/02/2010,20101884407,20378395152,,,,,,,
5876,PIURA,"955,222.45",14/01/2010,10164660775,,,,,,,,
5877,PIURA,"781,641.00",30/12/2009,20484257630,20484065480,,,,,,,
5878,PIURA,"128,495.36",16/11/2009,20484048801,,,,,,,,
5879,PIURA,"2,016,525.04",12/11/2009,20486038404,20112166336,20457052775,20511288771,,,,,
5880,PIURA,"8,536,107.88",10/11/2009,20508846780,20399226814,20484065480,,,,,,
5881,PIURA,"955,222.45",27/10/2009,10164660775,,,,,,,,
5882,PIURA,"9,010,011.71",01/10/2009,20425648340,20458659321,20263346328,,,,,,
5883,PIURA,"5,710,711.77",17/09/2009,20458659321,20263346328,,,,,,,
5884,PIURA,"4,612,018.18",15/09/2009,20164483895,10157044414,,,,,,,
5885,PIURA,"83,304.32",16/07/2009,20525205925,,,,,,,,
5886,PIURA,"99,026.46",26/05/2009,20525743072,,,,,,,,
5887,PIURA,"3,909,433.68",26/05/2009,20125398945,20263346328,,,,,,,
5888,PIURA,"1,448,805.19",22/05/2009,20263346328,,,,,,,,
5889,PIURA,"2,478,279.23",21/05/2009,20398345453,10098726701,,,,,,,
5890,PIURA,"225,772.21",29/04/2009,20398345453,,,,,,,,
5891,PIURA,"83,304.32",27/03/2009,20168315571,,,,,,,,
5892,PIURA,"793,241.12",24/02/2009,20102670214,,,,,,,,
5893,PIURA,"737,126.37",09/12/2010,20525459862,,,,,,,,
5894,PIURA,"322,293.42",01/12/2010,20525459862,,,,,,,,
5895,PIURA,"2,749,472.20",12/11/2010,20525333923,20398604734,,,,,,,
5896,PIURA,"3,549,834.41",11/11/2010,20445328244,20526112882,10081870492,,,,,,
5897,PIURA,"130,965.57",18/10/2010,20525627676,,,,,,,,
5898,PIURA,"860,618.67",18/10/2010,20415475889,20440708987,,,,,,,
5899,PIURA,"1,766,979.50",23/09/2010,20526112882,20124794847,20445328244,20525293794,,,,,
5900,PIURA,"1,463,575.75",14/09/2010,10028716392,20518559576,,,,,,,
5901,PIURA,"90,233.88",10/09/2010,20525321755,,,,,,,,
5902,PIURA,"3,685,409.00",08/09/2010,20357499691,,,,,,,,
5903,PIURA,"1,383,133.61",26/08/2010,20525299563,20399246335,20398902751,,,,,,
5904,PIURA,"1,651,916.28",26/08/2010,20399246335,20398902751,,,,,,,
5905,PIURA,"1,944,778.06",17/08/2010,10164660775,20525491677,,,,,,,
5906,PIURA,"40,989.72",13/08/2010,20525491677,,,,,,,,
5907,PIURA,"980,317.67",02/07/2010,20445328244,20115886381,,,,,,,
5908,PIURA,"135,848.51",01/07/2010,20525526306,,,,,,,,
5909,PIURA,"239,094.68",18/06/2010,20102670214,,,,,,,,
5910,PIURA,"122,243.99",17/06/2010,20483778075,,,,,,,,
5911,PIURA,"356,492.93",17/06/2010,20525436731,,,,,,,,
5912,PIURA,"319,480.67",31/05/2010,20525564739,,,,,,,,
5913,PIURA,"379,473.77",05/04/2010,10098726701,,,,,,,,
5914,PIURA,"1,712,210.25",12/03/2010,20509687669,20525462901,20525475396,,,,,,
5915,PIURA,"8,486,159.27",25/01/2010,20525806686,20357499691,20277202698,,,,,,
5916,PIURA,"16,721,485.14",02/02/2012,20508274298,20535965502,20503981298,,,,,,
5917,PIURA,"3,459,503.56",29/12/2011,10175282756,20102524820,,,,,,,
5918,PIURA,"757,834.01",29/12/2011,20492296822,20440708987,,,,,,,
5919,PIURA,"3,113,685.74",29/12/2011,10098726701,20525687491,,,,,,,
5920,PIURA,"653,428.60",29/12/2011,20484235156,,,,,,,,
5921,PIURA,"52,270,381.29",20/12/2011,20461089578,20523534590,20110133091,20503563704,,,,,
5922,PIURA,"152,636.41",05/12/2011,20525471307,,,,,,,,
5923,PIURA,"818,489.24",25/11/2011,20277392616,,,,,,,,
5924,PIURA,"4,130,544.97",22/11/2011,20398211414,20154727826,,,,,,,
5925,PIURA,"590,146.00",17/11/2011,20102670214,,,,,,,,
5926,PIURA,"693,477.25",08/11/2011,20526032854,,,,,,,,
5927,PIURA,"653,202.80",02/11/2011,20526425406,,,,,,,,
5928,PIURA,"314,373.49",25/10/2011,20525471307,,,,,,,,
5929,PIURA,"3,727,000.00",04/10/2011,20105349921,,,,,,,,
5930,PIURA,"1,465,225.83",04/10/2011,20525373712,20440708987,,,,,,,
5931,PIURA,"860,799.19",22/08/2011,20416848875,,,,,,,,
5932,PIURA,"5,192,953.18",03/01/2013,20525471307,20525822029,,,,,,,
5933,PIURA,"5,520,742.95",29/12/2012,20300690999,20471593185,20505987561,,,,,,
5934,PIURA,"8,091,863.84",29/12/2012,99000013354,20495750681,20131694548,20399246335,,,,,
5935,PIURA,"1,786,914.19",04/12/2012,20525511619,20508474033,20493775091,,,,,,
5936,PIURA,"78,340.21",30/11/2012,20526081553,,,,,,,,
5937,PIURA,"2,157,555.78",29/11/2012,20493775091,20483453362,,,,,,,
5938,PIURA,"1,941,907.95",15/11/2012,20391712361,,,,,,,,
5939,PIURA,"2,903,463.80",14/11/2012,20481668655,,,,,,,,
5940,PIURA,"2,429,723.72",14/11/2012,20398345453,20526081553,,,,,,,
5941,PIURA,"5,821,849.00",14/11/2012,20545740452,,,,,,,,
5942,PIURA,"261,306.71",13/11/2012,20105349921,,,,,,,,
5943,PIURA,"2,569,700.00",13/11/2012,20105349921,,,,,,,,
5944,PIURA,"1,647,599.27",26/10/2012,20398345453,20526289383,,,,,,,
5945,PIURA,"162,835.54",26/10/2012,20525564739,,,,,,,,
5946,PIURA,"2,155,151.00",22/10/2012,20102524820,20525471307,20525822029,,,,,,
5947,PIURA,"2,439,315.00",19/10/2012,10167932202,20525471307,,,,,,,
5948,PIURA,"3,070,042.00",19/10/2012,20324547399,,,,,,,,
5949,PIURA,"2,145,553.62",16/10/2012,20154727826,,,,,,,,
5950,PIURA,"2,369,678.89",16/10/2012,20275772969,20483851171,,,,,,,
5951,PIURA,"3,593,980.57",16/10/2012,20102524820,20105211491,,,,,,,
5952,PIURA,"1,714,570.17",11/10/2012,20483453362,20493775091,,,,,,,
5953,PIURA,"1,708,263.86",02/10/2012,20322446374,10153587669,,,,,,,
5954,PIURA,"2,815,048.79",28/09/2012,20102524820,,,,,,,,
5955,PIURA,"4,523,924.02",25/09/2012,20364212829,20507983481,,,,,,,
5956,PIURA,"3,644,142.00",12/09/2012,10027715601,20547810245,20102524820,,,,,,
5957,PIURA,"4,618,121.48",12/09/2012,20399231907,10026903608,20441725931,,,,,,
5958,PIURA,"5,951,238.04",12/09/2012,20138180531,20279551932,20492255981,,,,,,
5959,PIURA,"2,765,600.00",11/09/2012,10026903608,20105349921,,,,,,,
5960,PIURA,"28,195,735.52",11/09/2012,20106758477,20536992350,,,,,,,
5961,PIURA,"2,686,025.20",04/09/2012,20493775091,20483453362,20525511619,,,,,,
5962,PIURA,"754,098.26",03/09/2012,20398345453,20525644091,,,,,,,
5963,PIURA,"4,578,026.13",10/07/2012,10181726640,10422499020,20144691173,20477458883,,,,,
5964,PIURA,"3,148,981.67",12/06/2012,20546378536,20271945087,20525622283,,,,,,
5965,PIURA,"1,197,071.24",14/05/2012,10098726701,20526548401,,,,,,,
5966,PIURA,"1,839,508.90",03/04/2012,20144691173,20477458883,20524788986,,,,,,
5967,PIURA,"1,232,043.58",26/03/2012,20416848875,,,,,,,,
5968,PIURA,"18,078,454.58",28/02/2012,20503981298,20452440912,,,,,,,
5969,PIURA,"2,990,056.56",24/02/2012,20484257630,20399226814,20525373712,,,,,,
5970,PIURA,"367,363.07",27/12/2013,20526366981,,,,,,,,
5971,PIURA,"6,901,381.05",27/12/2013,20521378531,20154727826,,,,,,,
5972,PIURA,"2,414,126.50",27/12/2013,20102524820,,,,,,,,
5973,PIURA,"8,776,196.68",27/12/2013,20471593185,20300690999,20505987561,20505736215,,,,,
5974,PIURA,"3,495,500.00",22/11/2013,20102670214,,,,,,,,
5975,PIURA,"2,258,542.85",20/09/2013,20508619538,,,,,,,,
5976,PIURA,"16,941,787.33",10/09/2013,20545740452,,,,,,,,
5977,PIURA,"131,394.50",09/09/2013,20525855032,,,,,,,,
5978,PIURA,"4,625,244.65",21/08/2013,20140404552,20302061425,20144691173,,,,,,
5979,PIURA,"4,573,305.94",26/07/2013,20100053455,20331066703,,,,,,,
5980,PIURA,"9,216,799.57",26/07/2013,20100053455,20331066703,,,,,,,
5981,PIURA,"4,486,317.94",02/07/2013,20503379521,,,,,,,,
5982,PIURA,"460,164.00",01/07/2013,20526275161,,,,,,,,
5983,PIURA,"4,421,621.25",14/06/2013,20503379521,,,,,,,,
5984,PIURA,"2,599,494.62",10/06/2013,20154727826,,,,,,,,
5985,PIURA,"2,489,286.52",30/05/2013,20503379521,,,,,,,,
5986,PIURA,"742,080.41",16/05/2013,20525293794,,,,,,,,
5987,PIURA,"2,098,489.72",10/05/2013,20484036625,10028352129,10027721066,20526547340,,,,,
5988,PIURA,"1,378,440.86",25/04/2013,20525670920,20399231907,,,,,,,
5989,PIURA,"3,684,061.25",03/04/2013,20508619538,,,,,,,,
5990,PIURA,"1,253,686.35",26/03/2013,20525627676,10028352129,,,,,,,
5991,PIURA,"15,219,751.93",15/03/2013,20507983481,,,,,,,,
5992,PIURA,"742,822.39",06/03/2013,20526366981,,,,,,,,
5993,PIURA,"3,358,732.07",01/03/2013,20526586591,20526275161,20398345453,,,,,,
5994,PIURA,"274,532.65",14/10/2014,20526508522,20529797657,,,,,,,
5995,PIURA,"1,184,204.29",20/08/2014,20521378531,,,,,,,,
5996,PIURA,"3,107,526.17",19/05/2014,20102428197,,,,,,,,
5997,PIURA,"485,890.56",14/04/2014,20526547340,,,,,,,,
5998,PIURA,"3,173,643.75",01/04/2014,20416848875,10094523929,,,,,,,
5999,PIURA,"1,557,231.83",10/03/2014,10164660775,20526549041,,,,,,,
6000,PIURA,"4,298,893.89",28/02/2014,20102428197,,,,,,,,
6001,PIURA,"85,370.64",26/02/2014,20525831281,10166987267,,,,,,,
6002,PIURA,"3,399,701.50",17/02/2014,20429683581,,,,,,,,
6003,PIURA,"319,929.73",21/12/2015,20525855032,20399231907,,,,,,,
6004,PIURA,"4,542,041.19",18/11/2015,20600535740,20493775091,20525511619,,,,,,
6005,PIURA,"268,770.52",06/11/2015,20529778351,,,,,,,,
6006,PIURA,"3,020,542.74",29/10/2015,10028352129,20525687491,,,,,,,
6007,PIURA,"5,116,983.62",27/10/2015,20503362121,20530062644,,,,,,,
6008,PIURA,"54,739,278.46",19/10/2015,20536715518,20523617614,20524892376,20106758477,20536612972,,,,
6009,PIURA,"66,224,033.09",19/10/2015,20523617614,20524892376,20106758477,20536612972,20536715518,,,,
6010,PIURA,"61,057,611.19",19/10/2015,20536715518,20536612972,20106758477,20524892376,20523617614,,,,
6011,PIURA,"32,376,431.76",19/10/2015,20523617614,99000008008,20537169207,20475262647,,,,,
6012,PIURA,"5,226,675.79",06/10/2015,20484044644,10174099320,,,,,,,
6013,PIURA,"5,076,455.21",05/10/2015,20102670214,20316313516,20525436731,,,,,,
6014,PIURA,"6,437,508.70",29/09/2015,20398604734,,,,,,,,
6015,PIURA,"2,857,926.00",23/09/2015,10167380820,10164660775,20525909221,,,,,,
6016,PIURA,"3,416,091.00",23/09/2015,20526525371,20487493059,,,,,,,
6017,PIURA,"6,870,219.79",31/08/2015,20479606901,10176172300,,,,,,,
6018,PIURA,"2,205,186.15",20/08/2015,20529933429,20530214509,,,,,,,
6019,PIURA,"3,579,655.95",20/08/2015,20525293794,,,,,,,,
6020,PIURA,"4,982,614.32",19/08/2015,20399019355,20484222844,,,,,,,
6021,PIURA,"2,929,826.89",07/08/2015,20100612373,20399231907,10028352129,,,,,,
6022,PIURA,"5,226,158.10",06/08/2015,10078495451,20441821221,,,,,,,
6023,PIURA,"6,932,686.45",06/08/2015,10174099320,20483688327,20525491677,20525627676,20525956572,,,,
6024,PIURA,"182,803.19",04/08/2015,20440708987,,,,,,,,
6025,PIURA,"8,300,000.00",03/06/2015,10028352129,20445254615,20482536795,20453753582,,,,,
6026,PIURA,"662,742.94",14/05/2015,20526021658,,,,,,,,
6027,PIURA,"5,810,000.00",31/03/2015,20526291957,10164660775,,,,,,,
6028,PIURA,"136,327.09",30/12/2016,20600328612,20530214410,,,,,,,
6029,PIURA,"665,804.39",23/12/2016,20399231907,,,,,,,,
6030,PIURA,"3,847,730.27",11/11/2016,20570601581,20526525371,,,,,,,
6031,PIURA,"8,537,511.61",20/09/2016,20525687491,20489573661,20525955924,20399231907,,,,,
6032,PIURA,"9,912,584.40",15/09/2016,20154727826,,,,,,,,
6033,PIURA,"314,500.00",09/09/2016,20481324727,20525647863,,,,,,,
6034,PIURA,"6,004,813.93",08/08/2016,20482676538,10028352129,20601384524,,,,,,
6035,PIURA,"47,949,122.32",02/02/2016,20100053455,,,,,,,,
6036,PIURA,"325,438.22",07/12/2017,20525491677,20529917491,,,,,,,
6037,PIURA,"2,815,600.09",17/11/2017,20484044644,,,,,,,,
6038,PIURA,"1,409,477.86",03/11/2017,20526525371,,,,,,,,
6039,PIURA,"4,227,021.16",25/10/2017,20154727826,,,,,,,,
6040,PIURA,"3,377,491.58",25/10/2017,20105349921,,,,,,,,
6041,PIURA,"1,986,149.52",24/10/2017,20525491677,20529719931,,,,,,,
6042,PIURA,"823,439.67",02/10/2017,20529806664,20526498543,,,,,,,
6043,PIURA,"412,280.96",26/09/2017,20105349921,,,,,,,,
6044,PIURA,"41,600,899.00",22/09/2017,20602307591,20101031854,20155236389,,,,,,
6045,PIURA,"57,740,643.00",22/09/2017,20155236389,99000019701,20530102379,20357499691,,,,,
6046,PIURA,"5,912,438.00",22/09/2017,20154727826,10165366188,10027584450,,,,,,
6047,PIURA,"422,822.00",22/09/2017,20525633561,,,,,,,,
6048,PIURA,"5,885,704.00",22/09/2017,10036836569,20525687491,20526021658,20526114826,10026094912,20600638654,,,
6049,PIURA,"28,614,808.00",22/09/2017,99000019701,20452477671,20155236389,20445420990,,,,,
6050,PIURA,"544,634.61",22/09/2017,20526292503,20526548401,,,,,,,
6051,PIURA,"544,427.58",22/09/2017,20105349921,,,,,,,,
6052,PIURA,"7,174,892.66",22/09/2017,10175264511,10027584450,20154727826,,,,,,
6053,PIURA,"1,558,829.83",17/08/2017,20530214509,20600328612,,,,,,,
6054,PIURA,"5,603,144.95",20/07/2017,20154727826,10267226933,,,,,,,
6055,PIURA,"5,589,803.29",20/07/2017,10267226933,20154727826,,,,,,,
6056,PIURA,"28,465,685.85",20/07/2017,20155236389,20530102379,20600675274,,,,,,
6057,PIURA,"6,884,071.52",20/07/2017,20154727826,10267226933,,,,,,,
6058,PIURA,"1,992,821.02",14/07/2017,10176407471,20530343902,,,,,,,
6059,PIURA,"4,502,433.23",01/06/2017,20275449751,,,,,,,,
6060,PIURA,"2,770,062.49",31/05/2017,20526021658,,,,,,,,
6061,PIURA,"2,348,355.20",12/05/2017,20488496442,20529885190,,,,,,,
6062,PIURA,"6,321,110.95",12/05/2017,20479606901,,,,,,,,
6063,PIURA,"1,986,149.52",12/05/2017,20525491677,20529719931,,,,,,,
6064,PIURA,"3,153,565.64",12/05/2017,20526291957,20601698863,20316313516,,,,,,
6065,PIURA,"16,466,628.54",31/03/2017,20503563704,20601234417,,,,,,,
6066,PIURA,"47,250,898.00",17/02/2017,20100047218,20382036655,,,,,,,
6067,PIURA,"30,773,282.77",17/02/2017,20382036655,20100047218,,,,,,,
6068,PIURA,"10,099,865.00",30/01/2017,20100047218,,,,,,,,
6069,PIURA,"3,730,809.52",25/09/2018,20483932091,99000014644,20571505488,20600764242,,,,,
6070,PIURA,"1,208,254.26",25/09/2018,20525293794,,,,,,,,
6071,PIURA,"2,678,714.33",25/09/2018,20154727826,,,,,,,,
6072,PIURA,"1,593,402.10",13/09/2018,20528453199,20526061013,,,,,,,
6073,PIURA,"718,450.00",11/09/2018,20482536795,20528453199,,,,,,,
6074,PIURA,"43,649.42",07/09/2018,20602363342,20526440979,,,,,,,
6075,PIURA,"877,995.52",06/09/2018,20529974532,10098726701,,,,,,,
6076,PIURA,"84,503.86",12/07/2018,20484044997,,,,,,,,
6077,PIURA,"8,723,364.66",28/06/2018,20353947614,,,,,,,,
6078,PIURA,"206,173.72",25/05/2018,20525293794,,,,,,,,
6079,PIURA,"82,163,522.19",23/05/2018,20102502001,20535965502,20137109612,,,,,,
6080,PIURA,"1,831,707.82",18/05/2018,20105349921,20484049361,,,,,,,
6081,PIURA,"2,659,467.53",14/05/2018,10098726701,20529719931,,,,,,,
6082,PIURA,"170,355,518.01",08/05/2018,20136833368,20549352856,20505789092,20544952693,,,,,
6083,PIURA,"5,730,661.70",12/04/2018,20525491677,,,,,,,,
6084,PIURA,"33,590,252.89",06/04/2018,20531505787,20417686062,20600647190,,,,,,
6085,PIURA,"2,943,277.67",29/11/2019,20477530665,20526090111,,,,,,,
6086,PIURA,"235,819.74",22/11/2019,10036836569,20602311857,,,,,,,
6087,PIURA,"79,250.35",22/11/2019,10036836569,20602311857,,,,,,,
6088,PIURA,"65,373.39",22/11/2019,10036836569,20602311857,,,,,,,
6089,PIURA,"68,343.00",22/11/2019,10036836569,20602311857,,,,,,,
6090,PIURA,"47,240.49",22/11/2019,10036836569,20602311857,,,,,,,
6091,PIURA,"351,119.01",22/11/2019,10036836569,20602311857,,,,,,,
6092,PIURA,"1,613,201.07",13/11/2019,20526238398,20526032854,,,,,,,
6093,PIURA,"3,858,132.97",24/10/2019,20526479247,20479683728,20530035671,,,,,,
6094,PIURA,"57,699,554.95",18/07/2019,20601169941,20537169207,,,,,,,
6095,PIURA,"1,569,340.95",29/05/2019,20603451326,20484044644,,,,,,,
6096,PIURA,"1,509,148.00",29/05/2019,20526331762,20530045553,20530227406,,,,,,
6097,PIURA,"1,971,013.18",30/12/2020,20481446326,,,,,,,,
6098,PIURA,"1,593,424.90",28/12/2020,20600483715,10098726701,,,,,,,
6099,PIURA,"7,412,136.09",20/11/2020,20482829113,20439639700,,,,,,,
6100,PIURA,"47,695,607.22",09/10/2020,20481265704,20477150242,,,,,,,
6101,PIURA,"8,585,132.25",08/10/2020,20603313357,20525460950,,,,,,,
6102,PIURA,"40,280,000.00",30/09/2020,20101884407,20481682135,,,,,,,
6103,PIURA,"615,561.41",22/09/2020,20600483715,,,,,,,,
6104,PIURA,"8,864,290.55",27/08/2020,20477530665,,,,,,,,
6105,PIURA,"1,987,948.16",11/03/2020,20600976037,20481446326,,,,,,,
6106,PIURA,"1,994,117.63",10/03/2020,20525491677,20605483039,,,,,,,
6107,PIURA,"15,608,857.89",20/04/2022,20530091075,20526146191,,,,,,,
6108,PIURA,"9,562,023.74",30/11/2021,20477366172,20600625498,,,,,,,
6109,PIURA,"2,323,340.01",12/11/2021,20528964878,,,,,,,,
6110,PIURA,"4,557,232.96",22/10/2021,20530091075,20530035671,,,,,,,
6111,PIURA,"17,034,789.85",05/10/2021,20526146191,20483851171,,,,,,,
6112,PIURA,"5,475,419.26",10/09/2021,20525491677,,,,,,,,
6113,PIURA,"47,683,933.54",18/06/2021,20477150242,20275449751,,,,,,,
6114,PIURA,"2,557,092.26",17/06/2021,20440577947,20483778075,,,,,,,
6115,PIURA,"1,596,955.08",04/05/2021,20526331762,20525985751,,,,,,,
6116,PIURA,"497,597.52",04/05/2021,20525985751,,,,,,,,
6117,PIURA,"3,075,134.74",19/03/2021,20491656761,,,,,,,,
6118,PIURA,"50,298,232.54",19/02/2021,20357499691,,,,,,,,
6119,PIURA,"39,564,528.71",20/01/2021,20426128803,20600456467,,,,,,,
6120,PIURA,"7,943,129.47",27/12/2022,20526331762,20526090111,,,,,,,
6121,PIURA,"145,038.29",04/11/2022,20526323581,20530192262,,,,,,,
6122,PIURA,"85,328.10",04/11/2022,20606584653,,,,,,,,
6123,PIURA,"239,347.51",04/11/2022,20484104302,,,,,,,,
6124,PIURA,"126,662.60",04/11/2022,20605845101,,,,,,,,
6125,PIURA,"217,493.50",04/11/2022,20605845101,,,,,,,,
6126,PIURA,"236,485.44",04/11/2022,20399546487,,,,,,,,
6127,PIURA,"26,588,165.46",03/11/2022,20526090111,20525491677,,,,,,,
6128,PIURA,"5,451,607.53",21/10/2022,20525975950,20602350364,,,,,,,
6129,PIURA,"2,680,198.87",27/09/2022,20525441220,,,,,,,,
6130,PIURA,"566,890.04",08/07/2022,20530147127,20602773133,,,,,,,
6131,PIURA,"9,131,235.70",07/07/2022,20488077717,20606291729,,,,,,,
6132,PIURA,"30,619,950.94",06/07/2022,20357499691,,,,,,,,
6133,PIURA,"6,197,740.43",06/07/2022,20102428197,,,,,,,,
6134,PIURA,"55,125,034.78",30/05/2022,20353947614,,,,,,,,
6135,PIURA,"541,666.22",27/05/2022,20525526721,,,,,,,,
6136,PIURA,"33,812,421.49",11/05/2022,20357499691,,,,,,,,
6137,PIURA,"9,167,314.93",19/04/2022,20526146191,20525975950,20530091075,,,,,,
6138,PIURA,"4,715,182.94",01/04/2022,20526331762,,,,,,,,
6139,PIURA,"601,835.08",17/03/2022,20445667618,20605474960,,,,,,,
6140,PIURA,"104,349.61",29/12/2023,20565392396,20601915708,,,,,,,
6141,PIURA,"133,832.10",29/12/2023,20484301809,,,,,,,,
6142,PIURA,"90,694.86",29/12/2023,20484301809,,,,,,,,
6143,PIURA,"2,838,081.51",19/12/2023,20453649840,20525886779,,,,,,,
6144,PIURA,"132,590.00",29/11/2023,20530342175,,,,,,,,
6145,PIURA,"12,201,707.14",16/11/2023,20489626706,20600085841,,,,,,,
6146,PIURA,"296,561.53",30/10/2023,20608175467,20530236499,,,,,,,
6147,PIURA,"174,337.58",30/10/2023,20530236499,,,,,,,,
6148,PIURA,"54,000.00",20/10/2023,20409313508,,,,,,,,
6149,PIURA,"922,818.65",11/10/2023,20530342175,20603065141,,,,,,,
6150,PIURA,"423,073.68",28/09/2023,20600085841,,,,,,,,
6151,PIURA,"15,219,992.04",08/09/2023,20526146191,,,,,,,,
6152,PIURA,"19,774,265.27",23/08/2023,20481682135,,,,,,,,
6153,PIURA,"6,446,827.61",26/06/2023,20526119895,20524337119,,,,,,,
6154,PIURA,"6,529,603.86",31/03/2023,20482133593,,,,,,,,
6155,PIURA,"6,446,827.61",22/03/2023,20526119895,20524337119,,,,,,,
6156,PIURA,"2,606,147.07",16/03/2023,20482007458,20274419637,,,,,,,
6157,PIURA,"9,418,083.16",21/11/2024,20605547436,,,,,,,,
6158,PIURA,"262,753,036.65",19/11/2024,20600419839,,,,,,,,
6159,PIURA,"39,874,154.15",04/11/2024,20526201478,20526146191,,,,,,,
6160,PIURA,"10,956,396.85",25/10/2024,20261295246,,,,,,,,
6161,PIURA,"6,024,993.82",21/10/2024,20605622080,,,,,,,,
6162,PIURA,"5,514,112.54",13/09/2024,20600085841,,,,,,,,
6163,PIURA,"17,254,894.19",10/09/2024,20526201478,20600085841,,,,,,,
6164,PIURA,"5,615,482.60",02/09/2024,20339480932,20525637639,,,,,,,
6165,PIURA,"84,591,320.20",28/08/2024,20525491677,20526203501,20526201478,,,,,,
6166,PIURA,"20,257,049.71",19/08/2024,20530036481,10176407471,,,,,,,
6167,PIURA,"5,757,812.41",15/07/2024,20530091075,20526652135,,,,,,,
6168,PIURA,"14,077,053.50",09/07/2024,20154727826,,,,,,,,
6169,PIURA,"335,858,713.31",09/07/2024,20526032854,20529940395,20533651918,,,,,,
6170,PIURA,"32,376,634.42",10/06/2024,20526032854,,,,,,,,
6171,PIURA,"4,040,506.62",29/05/2024,20605435077,20530091075,,,,,,,
6172,PIURA,"2,837,811.00",29/05/2024,20529966351,20480188404,,,,,,,
6173,PIURA,"286,708.21",12/04/2024,20605622080,,,,,,,,
6174,PIURA,"2,855,232.52",19/03/2024,20274419637,20608080784,,,,,,,
6175,PIURA,"6,739,437.93",06/03/2024,20600480996,20526657871,20602951830,,,,,,
6176,PIURA,"10,925,739.63",01/03/2024,20525822029,,,,,,,,
6177,PUNO,"5,892,500.00",12/10/2011,20440128557,20470005565,,,,,,,
6178,PUNO,"22,096,647.41",21/12/2012,20545849110,20502397568,,,,,,,
6179,PUNO,"16,594,864.86",20/06/2012,20519242312,20101884407,,,,,,,
6180,PUNO,"5,599,040.89",16/02/2012,10024021861,20119756821,,,,,,,
6181,PUNO,"77,456,007.95",26/09/2013,20100017904,20100047218,20100177774,,,,,,
6182,PUNO,"77,822,900.00",21/01/2013,10071936444,20535983829,20102032951,,,,,,
6183,PUNO,"24,675,559.14",14/09/2015,20363693963,,,,,,,,
6184,PUNO,"34,909,069.90",08/03/2017,20448132031,20549705953,20448125417,,,,,,
6185,PUNO,"6,245,068.30",08/11/2016,20601450209,10178684022,20486754339,,,,,,
6186,PUNO,"6,145,739.73",13/10/2016,20527479704,20527267511,,,,,,,
6187,PUNO,"40,912,421.16",24/11/2017,20375458307,20544952693,,,,,,,
6188,PUNO,"47,665,207.42",23/08/2017,20101031854,20406327435,20447647096,,,,,,
6189,PUNO,"13,494,702.91",19/11/2018,20101031854,20447647096,,,,,,,
6190,PUNO,"42,627,541.75",06/11/2018,20556147508,20448245668,,,,,,,
6191,PUNO,"26,867,270.91",31/10/2018,20191808241,,,,,,,,
6192,PUNO,"16,046,990.93",17/09/2018,20602328717,20529651873,20521378531,,,,,,
6193,PUNO,"120,077,201.59",28/03/2018,20503563704,20536715518,,,,,,,
6194,PUNO,"329,373,420.56",05/06/2020,99000027401,20601116082,,,,,,,
6195,PUNO,"320,408,544.87",27/06/2019,99000019646,,,,,,,,
6196,PUNO,"7,652,879.09",30/11/2021,20542703483,20448562396,,,,,,,
6197,PUNO,"29,724,937.99",23/11/2021,20447677831,20448562396,,,,,,,
6198,PUNO,"30,977,956.16",18/11/2021,20486960401,20448497047,,,,,,,
6199,PUNO,"840,270.67",18/02/2021,20448307523,,,,,,,,
6200,PUNO,"4,815,160.75",12/07/2022,20232650444,20448053599,,,,,,,
6201,PUNO,"2,089,633.20",12/07/2022,20447845211,20448053599,,,,,,,
6202,PUNO,"39,288,897.11",12/07/2022,20384753125,20461112227,,,,,,,
6203,PUNO,"2,821,000.00",01/09/2023,20447845131,20448075720,20448140645,,,,,,
6204,PUNO,"178,594,253.81",21/07/2023,20602371442,,,,,,,,
6205,PUNO,"202,816,080.03",27/12/2024,20602241671,20536612972,,,,,,,
6206,PUNO,"58,573,648.50",11/11/2024,20518145763,20106758477,,,,,,,
6207,SAN MARTIN,"11,885,720.95",01/12/2006,20319536699,20110614609,20204035785,,,,,,
6208,SAN MARTIN,"1,496,341.51",20/11/2006,20226820591,,,,,,,,
6209,SAN MARTIN,"1,687,260.26",20/11/2006,20226820591,,,,,,,,
6210,SAN MARTIN,"1,919,020.00",20/11/2006,20268887785,20380511569,,,,,,,
6211,SAN MARTIN,"1,688,722.91",20/11/2006,20226820591,,,,,,,,
6212,SAN MARTIN,"1,730,241.96",20/11/2006,20226820591,,,,,,,,
6213,SAN MARTIN,"3,480,881.33",21/12/2007,10106127081,20352424570,20351288672,10075748022,10011224381,,,,
6214,SAN MARTIN,"1,773,729.01",04/12/2007,10106127081,10075748022,20351288672,10011224381,,,,,
6215,SAN MARTIN,"727,433.58",04/12/2007,10075748022,10011224381,,,,,,,
6216,SAN MARTIN,"111,489.68",28/11/2007,20450151221,,,,,,,,
6217,SAN MARTIN,"72,819.20",27/11/2007,20450174948,,,,,,,,
6218,SAN MARTIN,"427,638.05",27/11/2007,10339512294,,,,,,,,
6219,SAN MARTIN,"451,356.80",26/11/2007,20450252418,,,,,,,,
6220,SAN MARTIN,"1,311,884.29",20/11/2007,20352424570,20351288672,10011224381,,,,,,
6221,SAN MARTIN,"1,064,825.67",15/11/2007,20104258167,,,,,,,,
6222,SAN MARTIN,"348,738.21",08/11/2007,20531501790,,,,,,,,
6223,SAN MARTIN,"505,017.36",31/10/2007,20352433994,,,,,,,,
6224,SAN MARTIN,"487,129.45",11/10/2007,20352220737,,,,,,,,
6225,SAN MARTIN,"834,282.39",11/10/2007,20393278138,,,,,,,,
6226,SAN MARTIN,"1,052,374.33",24/09/2007,20446860586,20531300972,20531460317,,,,,,
6227,SAN MARTIN,"1,663,469.17",20/09/2007,10105503836,10071906707,20515568281,20424222667,,,,,
6228,SAN MARTIN,"205,572.56",20/09/2007,10105503836,10071906707,20515568281,20424222667,,,,,
6229,SAN MARTIN,"587,941.18",20/08/2007,20252713434,,,,,,,,
6230,SAN MARTIN,"2,749,262.05",02/07/2007,20506426155,20226217003,,,,,,,
6231,SAN MARTIN,"56,268.02",25/06/2007,20531539096,,,,,,,,
6232,SAN MARTIN,"649,747.22",25/06/2007,20117866263,10214291113,,,,,,,
6233,SAN MARTIN,"228,904.77",22/06/2007,20531300972,,,,,,,,
6234,SAN MARTIN,"270,504.30",19/11/2008,10096040682,20531460317,20531300972,,,,,,
6235,SAN MARTIN,"1,309,934.04",29/10/2008,20450186440,20103921288,,,,,,,
6236,SAN MARTIN,"317,164.29",05/05/2008,20531300972,,,,,,,,
6237,SAN MARTIN,"2,913,398.96",03/12/2009,20479840688,20350034014,20479780847,,,,,,
6238,SAN MARTIN,"4,027,002.29",06/11/2009,20110614609,20104258167,,,,,,,
6239,SAN MARTIN,"3,140,779.33",17/08/2009,20475943911,20386795623,20377319517,10102838721,,,,,
6240,SAN MARTIN,"1,854,250.79",13/08/2009,20104258167,,,,,,,,
6241,SAN MARTIN,"6,137,000.09",22/07/2009,10075748022,20226820591,20103921288,20366213890,,,,,
6242,SAN MARTIN,"1,960,920.95",16/07/2009,10238807251,20386795623,20377319517,20113675005,,,,,
6243,SAN MARTIN,"77,499.95",09/12/2010,20450309118,,,,,,,,
6244,SAN MARTIN,"514,861.41",20/10/2010,20531300972,20531460317,20450376737,,,,,,
6245,SAN MARTIN,"766,511.37",14/10/2010,20479840688,,,,,,,,
6246,SAN MARTIN,"320,083.22",05/10/2010,20531309091,,,,,,,,
6247,SAN MARTIN,"443,130.99",04/10/2010,20205514296,,,,,,,,
6248,SAN MARTIN,"297,084.84",27/09/2010,20450326713,,,,,,,,
6249,SAN MARTIN,"383,143.28",15/04/2010,20450326713,,,,,,,,
6250,SAN MARTIN,"1,097,348.59",18/03/2010,20104258167,,,,,,,,
6251,SAN MARTIN,"238,774.50",09/03/2010,20450326713,,,,,,,,
6252,SAN MARTIN,"185,886.00",09/03/2010,20531549997,,,,,,,,
6253,SAN MARTIN,"268,987.13",09/03/2010,20450376737,,,,,,,,
6254,SAN MARTIN,"364,286.97",02/12/2011,20450252418,,,,,,,,
6255,SAN MARTIN,"1,405,194.64",02/12/2011,20479808440,20480113064,20480403496,20479790303,20480188404,20480745966,,,
6256,SAN MARTIN,"1,276,443.41",01/12/2011,20531408315,,,,,,,,
6257,SAN MARTIN,"757,358.01",01/12/2011,20531408315,,,,,,,,
6258,SAN MARTIN,"986,361.46",01/12/2011,20531408315,,,,,,,,
6259,SAN MARTIN,"1,363,920.53",01/12/2011,20531408315,,,,,,,,
6260,SAN MARTIN,"466,524.50",14/10/2011,20531408315,,,,,,,,
6261,SAN MARTIN,"3,320,601.74",15/08/2011,20505026196,20505096721,20378395152,,,,,,
6262,SAN MARTIN,"410,367.23",02/08/2011,20531408315,,,,,,,,
6263,SAN MARTIN,"364,289.42",02/08/2011,20531408315,,,,,,,,
6264,SAN MARTIN,"1,903,434.46",17/06/2011,20487499685,20480833822,20480052090,20479683728,,,,,
6265,SAN MARTIN,"427,571.57",30/05/2011,10415412610,,,,,,,,
6266,SAN MARTIN,"605,573.35",18/03/2011,20396652715,20531309091,,,,,,,
6267,SAN MARTIN,"400,668.22",28/02/2011,20493191269,,,,,,,,
6268,SAN MARTIN,"2,129,701.83",07/12/2012,20531408315,,,,,,,,
6269,SAN MARTIN,"2,404,417.48",20/11/2012,20393252171,20404271980,,,,,,,
6270,SAN MARTIN,"38,531.57",14/11/2012,20493898095,,,,,,,,
6271,SAN MARTIN,"2,655,340.42",13/11/2012,20503595061,20480403496,,,,,,,
6272,SAN MARTIN,"1,566,046.00",19/10/2012,20489627770,,,,,,,,
6273,SAN MARTIN,"621,319.00",18/09/2012,20450326713,,,,,,,,
6274,SAN MARTIN,"143,528.02",28/08/2012,20450309118,,,,,,,,
6275,SAN MARTIN,"297,588.40",28/08/2012,20450309118,,,,,,,,
6276,SAN MARTIN,"1,954,195.12",06/08/2012,20103921288,10415412610,,,,,,,
6277,SAN MARTIN,"2,074,100.68",06/08/2012,20393252171,20404271980,,,,,,,
6278,SAN MARTIN,"7,447,907.16",05/07/2012,20140404552,20144691173,20524788986,20302061425,20450482766,,,,
6279,SAN MARTIN,"2,591,755.03",29/05/2012,20450482766,20132143871,20494045819,20163906661,,,,,
6280,SAN MARTIN,"168,399.27",02/04/2012,20450309118,,,,,,,,
6281,SAN MARTIN,"73,409.18",26/03/2012,20493944119,,,,,,,,
6282,SAN MARTIN,"5,336,325.93",14/03/2012,20163906661,20524041261,,,,,,,
6283,SAN MARTIN,"55,827,173.00",22/01/2014,20451644972,20140476545,,,,,,,
6284,SAN MARTIN,"4,415,000.00",30/10/2013,20103921288,20542312450,20450326713,,,,,,
6285,SAN MARTIN,"5,364,344.00",18/10/2013,20404271980,20352374963,,,,,,,
6286,SAN MARTIN,"4,360,000.00",19/09/2013,20450480984,20104258167,20450256243,20531549997,,,,,
6287,SAN MARTIN,"212,451.48",03/09/2013,20450309037,20542230721,,,,,,,
6288,SAN MARTIN,"253,277.73",03/09/2013,20450324770,,,,,,,,
6289,SAN MARTIN,"2,148,000.00",23/08/2013,20493953614,20104258167,,,,,,,
6290,SAN MARTIN,"18,468,051.27",02/08/2013,20523534590,20109565017,20503563704,,,,,,
6291,SAN MARTIN,"84,288,849.56",02/08/2013,20100114187,20101029442,,,,,,,
6292,SAN MARTIN,"5,660,756.00",16/07/2013,20537863162,20211453606,20542273616,,,,,,
6293,SAN MARTIN,"6,140,438.00",16/07/2013,20537863162,20542528037,20211453606,,,,,,
6294,SAN MARTIN,"632,486.00",16/07/2013,20537863162,20542273616,,,,,,,
6295,SAN MARTIN,"70,000.00",16/07/2013,20450444678,,,,,,,,
6296,SAN MARTIN,"3,320,000.00",24/05/2013,20494079713,20450326713,20103921288,,,,,,
6297,SAN MARTIN,"2,341,000.00",24/05/2013,20404271980,,,,,,,,
6298,SAN MARTIN,"2,940,000.00",24/05/2013,20103921288,20450326713,20494079713,,,,,,
6299,SAN MARTIN,"2,647,000.00",31/10/2014,20205514296,20494079713,20450326713,,,,,,
6300,SAN MARTIN,"115,757.23",29/10/2014,20531354398,,,,,,,,
6301,SAN MARTIN,"7,922,627.27",27/10/2014,10011092166,10071936444,20542273616,20211453606,,,,,
6302,SAN MARTIN,"86,255.74",21/08/2014,20450326713,,,,,,,,
6303,SAN MARTIN,"120,000.00",27/11/2015,20494105579,,,,,,,,
6304,SAN MARTIN,"7,424,068.60",01/10/2015,20352424570,20351575574,20351222906,,,,,,
6305,SAN MARTIN,"230,000.00",17/09/2015,20494079713,,,,,,,,
6306,SAN MARTIN,"6,056,000.00",11/09/2015,20450326713,20494079713,,,,,,,
6307,SAN MARTIN,"4,250,000.00",11/09/2015,20450326713,20572141986,,,,,,,
6308,SAN MARTIN,"5,472,500.00",11/09/2015,20528115897,,,,,,,,
6309,SAN MARTIN,"4,572,500.00",11/09/2015,20528115897,20450223582,,,,,,,
6310,SAN MARTIN,"95,785.70",07/08/2015,20572131913,,,,,,,,
6311,SAN MARTIN,"964,000.00",26/12/2016,20542216906,20542312450,20494079713,20205514296,,,,,
6312,SAN MARTIN,"3,965,236.07",26/12/2016,20352428648,20351575574,,,,,,,
6313,SAN MARTIN,"24,369,488.24",26/12/2016,20351222906,20351575574,,,,,,,
6314,SAN MARTIN,"10,317,000.00",26/10/2016,20542216906,20450326713,,,,,,,
6315,SAN MARTIN,"7,598,130.98",11/10/2016,20351575574,20351222906,,,,,,,
6316,SAN MARTIN,"8,929,000.00",29/09/2016,20494079713,20450299139,20450309037,20572141986,20542216906,,,,
6317,SAN MARTIN,"10,517,558.32",07/07/2017,20480686692,20103639426,,,,,,,
6318,SAN MARTIN,"213,717.11",22/03/2017,20600502531,20450119254,,,,,,,
6319,SAN MARTIN,"410,180.87",07/12/2018,20487419754,20572286011,,,,,,,
6320,SAN MARTIN,"7,439,482.00",27/11/2018,20489747244,20489530261,,,,,,,
6321,SAN MARTIN,"106,796.00",12/11/2018,20362322261,,,,,,,,
6322,SAN MARTIN,"1,201,738.95",31/10/2018,20570706170,20392307045,20600179714,,,,,,
6323,SAN MARTIN,"7,513,000.00",02/10/2018,20529457554,20394882489,,,,,,,
6324,SAN MARTIN,"1,590,000.00",28/09/2018,20450254208,20450440681,,,,,,,
6325,SAN MARTIN,"493,000.00",28/09/2018,20450254208,20450440681,,,,,,,
6326,SAN MARTIN,"978,760.11",28/09/2018,20601610770,20494048753,20450299139,,,,,,
6327,SAN MARTIN,"252,390.00",14/09/2018,20450157008,,,,,,,,
6328,SAN MARTIN,"88,539.11",13/09/2018,20493950518,,,,,,,,
6329,SAN MARTIN,"251,595.85",13/09/2018,20450200701,,,,,,,,
6330,SAN MARTIN,"11,343,956.28",13/09/2018,20600880641,20541682920,20408066281,,,,,,
6331,SAN MARTIN,"69,500.00",14/08/2018,20600179714,,,,,,,,
6332,SAN MARTIN,"6,135,738.98",10/08/2018,20351988143,20493537742,20537336464,,,,,,
6333,SAN MARTIN,"13,862,200.00",19/07/2018,20509056081,20393334143,,,,,,,
6334,SAN MARTIN,"19,669,165.36",19/07/2018,20572141986,20494079713,20450326713,,,,,,
6335,SAN MARTIN,"3,649,378.94",18/07/2018,20542312450,20450326713,,,,,,,
6336,SAN MARTIN,"7,667,685.00",14/03/2018,20450326713,20542312450,20494079713,,,,,,
6337,SAN MARTIN,"7,269,272.00",14/03/2018,20487419754,20572141986,20572286011,20542312450,,,,,
6338,SAN MARTIN,"10,530,000.00",06/11/2019,20572141986,20450326713,,,,,,,
6339,SAN MARTIN,"588,739.30",29/10/2019,20392307045,20600179714,,,,,,,
6340,SAN MARTIN,"446,262.36",10/10/2019,20450324184,20572131913,,,,,,,
6341,SAN MARTIN,"2,283,000.00",07/10/2019,10053878488,,,,,,,,
6342,SAN MARTIN,"97,607.04",27/09/2019,20602246516,20603870973,,,,,,,
6343,SAN MARTIN,"58,801.03",27/09/2019,20602246516,20603870973,,,,,,,
6344,SAN MARTIN,"171,121.20",13/08/2019,20450666735,20490320301,,,,,,,
6345,SAN MARTIN,"7,826,939.62",09/05/2019,20489532981,20489530261,,,,,,,
6346,SAN MARTIN,"7,508,777.73",09/05/2019,20494114217,20600407491,20604341150,,,,,,
6347,SAN MARTIN,"9,087,295.39",09/05/2019,20393513587,20393404532,,,,,,,
6348,SAN MARTIN,"824,756.71",02/05/2019,20450430537,20493908660,,,,,,,
6349,SAN MARTIN,"1,101,563.46",02/05/2019,20450430537,20493908660,,,,,,,
6350,SAN MARTIN,"7,358,053.01",02/04/2019,20489530261,20529066521,,,,,,,
6351,SAN MARTIN,"7,374,000.00",02/04/2019,20494079713,20450326713,,,,,,,
6352,SAN MARTIN,"4,872,320.28",01/04/2019,20562885031,20378808767,,,,,,,
6353,SAN MARTIN,"130,441.19",20/03/2019,20601139457,20450157008,,,,,,,
6354,SAN MARTIN,"11,350,000.00",29/09/2020,20450326713,20494079713,,,,,,,
6355,SAN MARTIN,"217,066.86",28/09/2020,20572125191,20487517098,,,,,,,
6356,SAN MARTIN,"7,179,654.66",28/09/2020,20489627770,,,,,,,,
6357,SAN MARTIN,"46,643.33",17/09/2020,20602246516,,,,,,,,
6358,SAN MARTIN,"1,268,000.92",04/09/2020,20450299139,,,,,,,,
6359,SAN MARTIN,"150,756.78",14/08/2020,20541157922,20603944268,,,,,,,
6360,SAN MARTIN,"44,936.01",14/08/2020,20600923146,20602206174,,,,,,,
6361,SAN MARTIN,"660,000.00",13/08/2020,20600194861,,,,,,,,
6362,SAN MARTIN,"584,782.99",13/08/2020,20601139457,20602206174,20602246516,,,,,,
6363,SAN MARTIN,"554,858.32",13/08/2020,20450200701,20604817553,,,,,,,
6364,SAN MARTIN,"330,791.42",13/08/2020,20602206174,20600923146,,,,,,,
6365,SAN MARTIN,"425,005.02",13/08/2020,20601139457,20602246516,20602206174,,,,,,
6366,SAN MARTIN,"85,039.31",13/08/2020,20602206174,,,,,,,,
6367,SAN MARTIN,"539,054.25",13/08/2020,20486434938,20604817553,,,,,,,
6368,SAN MARTIN,"917,503.94",07/08/2020,20489627770,20542374218,,,,,,,
6369,SAN MARTIN,"460,000.00",07/08/2020,20542312450,20531599404,,,,,,,
6370,SAN MARTIN,"841,302.78",07/08/2020,20393334143,,,,,,,,
6371,SAN MARTIN,"645,000.00",16/03/2020,20450119254,20600891295,,,,,,,
6372,SAN MARTIN,"2,048,872.12",04/03/2020,20479790303,20531443579,,,,,,,
6373,SAN MARTIN,"140,024.24",04/03/2020,20493608941,,,,,,,,
6374,SAN MARTIN,"7,141,129.90",06/02/2020,20573099975,20528924221,,,,,,,
6375,SAN MARTIN,"445,646.59",30/12/2021,20601456070,,,,,,,,
6376,SAN MARTIN,"531,496.84",03/12/2021,20600453565,20603358504,,,,,,,
6377,SAN MARTIN,"951,444.34",01/12/2021,20489174023,,,,,,,,
6378,SAN MARTIN,"11,074,101.37",08/11/2021,20542330512,20489747244,,,,,,,
6379,SAN MARTIN,"2,885,088.66",27/10/2021,20542374218,,,,,,,,
6380,SAN MARTIN,"29,970,588.57",14/10/2021,20542374218,20450324184,,,,,,,
6381,SAN MARTIN,"2,497,430.00",12/10/2021,20477366172,20600179714,,,,,,,
6382,SAN MARTIN,"406,274.97",07/10/2021,20572218369,20572250505,,,,,,,
6383,SAN MARTIN,"493,000.00",18/05/2021,20542312450,,,,,,,,
6384,SAN MARTIN,"1,900,100.00",25/11/2022,20450186440,20450326713,,,,,,,
6385,SAN MARTIN,"1,028,900.00",26/10/2022,20450326713,,,,,,,,
6386,SAN MARTIN,"221,419.04",21/09/2022,20607046175,20494015740,,,,,,,
6387,SAN MARTIN,"393,032.33",21/09/2022,20494015740,20600505557,,,,,,,
6388,SAN MARTIN,"256,500,000.00",20/09/2022,20533651918,20450278051,20600683650,,,,,,
6389,SAN MARTIN,"28,780,000.00",09/08/2022,20450278051,,,,,,,,
6390,SAN MARTIN,"351,754.68",09/08/2022,20542247453,20601638488,20450119254,,,,,,
6391,SAN MARTIN,"184,767.99",01/07/2022,20450299139,,,,,,,,
6392,SAN MARTIN,"31,427,173.70",21/06/2022,20452477671,20560034289,,,,,,,
6393,SAN MARTIN,"35,760,000.00",21/06/2022,20450312259,,,,,,,,
6394,SAN MARTIN,"464,999.58",16/06/2022,20601456070,,,,,,,,
6395,SAN MARTIN,"83,000.00",16/06/2022,20542312450,,,,,,,,
6396,SAN MARTIN,"211,147.89",06/06/2022,20393885531,20602206174,,,,,,,
6397,SAN MARTIN,"15,444,676.17",24/05/2022,20493537742,20601123844,20528350462,,,,,,
6398,SAN MARTIN,"231,000.00",18/05/2022,20603282265,,,,,,,,
6399,SAN MARTIN,"14,119,507.98",17/05/2022,20452477671,20560034289,,,,,,,
6400,SAN MARTIN,"938,547.01",28/04/2022,20572185924,20604718598,,,,,,,
6401,SAN MARTIN,"11,104,546.34",22/04/2022,20450119254,,,,,,,,
6402,SAN MARTIN,"8,645,000.00",18/03/2022,20450326713,,,,,,,,
6403,SAN MARTIN,"180,900.00",17/03/2022,20393885531,20494079713,,,,,,,
6404,SAN MARTIN,"3,545,230.97",17/03/2022,20450312259,20601139457,,,,,,,
6405,SAN MARTIN,"447,633.47",16/03/2022,20531599404,,,,,,,,
6406,SAN MARTIN,"7,625,076.49",04/02/2022,20477150242,,,,,,,,
6407,SAN MARTIN,"12,150,000.00",04/02/2022,20450278051,20493975421,,,,,,,
6408,SAN MARTIN,"11,980,000.00",03/02/2022,20542330512,20450299139,,,,,,,
6409,SAN MARTIN,"7,400,242.13",03/02/2022,20547581891,20363610936,,,,,,,
6410,SAN MARTIN,"245,630,000.00",26/01/2024,20533651918,20450278051,,,,,,,
6411,SAN MARTIN,"630,106.01",02/11/2023,20450252418,,,,,,,,
6412,SAN MARTIN,"3,380,292.75",25/10/2023,20450119254,20601280834,,,,,,,
6413,SAN MARTIN,"13,785,000.00",19/10/2023,20450299139,20605665196,,,,,,,
6414,SAN MARTIN,"245,630,000.00",22/08/2023,20533651918,20450278051,,,,,,,
6415,SAN MARTIN,"3,358,521.64",18/08/2023,20506003351,,,,,,,,
6416,SAN MARTIN,"1,669,612.35",14/06/2023,20450252418,20393219719,,,,,,,
6417,SAN MARTIN,"1,161,123.76",13/06/2023,20542351862,20601258588,,,,,,,
6418,SAN MARTIN,"22,643,547.52",13/04/2023,20489532981,20489747244,,,,,,,
6419,SAN MARTIN,"8,955,141.42",05/04/2023,20351988143,20605665196,,,,,,,
6420,SAN MARTIN,"5,680,210.36",03/12/2024,20450151221,20450299139,,,,,,,
6421,SAN MARTIN,"288,070.95",27/11/2024,20572125191,20601533171,,,,,,,
6422,SAN MARTIN,"41,734,503.72",27/11/2024,20493537742,20496054041,20529457554,,,,,,
6423,SAN MARTIN,"48,718,630.31",26/11/2024,20560034289,20604572968,,,,,,,
6424,SAN MARTIN,"47,000,000.00",26/11/2024,20480403496,20542350033,,,,,,,
6425,SAN MARTIN,"18,546,011.31",25/11/2024,20611692928,20601290309,20480686692,,,,,,
6426,SAN MARTIN,"2,329,900.36",20/11/2024,20572224849,20534016949,,,,,,,
6427,SAN MARTIN,"1,881,221.37",20/11/2024,20600194861,20570866533,,,,,,,
6428,SAN MARTIN,"4,369,399.44",10/09/2024,20493836651,20612984515,,,,,,,
6429,SAN MARTIN,"6,553,996.35",05/09/2024,20450186440,20612988723,,,,,,,
6430,SAN MARTIN,"2,390,000.00",23/08/2024,20602811914,20600721179,,,,,,,
6431,SAN MARTIN,"218,000,000.00",05/08/2024,20600683650,20450278051,,,,,,,
6432,SAN MARTIN,"3,051,563.00",24/07/2024,20609697238,20450299139,,,,,,,
6433,SAN MARTIN,"741,255.82",22/07/2024,20609836149,20560168994,,,,,,,
6434,SAN MARTIN,"531,750.00",18/07/2024,20572125191,20450445305,,,,,,,
6435,SAN MARTIN,"6,231,704.20",16/07/2024,20494017521,20450302377,20612549258,,,,,,
6436,SAN MARTIN,"660,900.00",12/07/2024,20572125191,20600194861,,,,,,,
6437,SAN MARTIN,"729,626.92",03/07/2024,20480188404,20610467190,,,,,,,
6438,SAN MARTIN,"729,626.92",05/06/2024,20480188404,20610467190,,,,,,,
6439,SAN MARTIN,"3,183,420.00",28/05/2024,20572164331,20489532981,,,,,,,
6440,SAN MARTIN,"2,800,000.00",18/04/2024,20542350033,20493953614,,,,,,,
6441,SAN MARTIN,"810,696.58",17/04/2024,20539158091,20601500214,,,,,,,
6442,TACNA,"1,425,648.22",09/11/2010,20115042301,,,,,,,,
6443,TACNA,"27,419,028.61",02/06/2010,20533974415,20445102947,20451105591,,,,,,
6444,TACNA,"12,054.00",04/07/2013,20307167442,,,,,,,,
6445,TACNA,"1,792,872.07",19/02/2016,20164483895,,,,,,,,
6446,TACNA,"1,789,376.47",18/02/2016,20164483895,,,,,,,,
6447,TACNA,"1,996,881.75",09/12/2015,20449310013,10296725990,10004760617,,,,,,
6448,TACNA,"279,291,101.17",11/08/2015,20555072288,99000006374,20106758477,20554462376,20537169207,20536715518,,,
6449,TACNA,"2,245,486.23",30/12/2016,20486792001,20563373009,,,,,,,
6450,TACNA,"2,136,501.88",22/12/2016,20533059890,10004760617,,,,,,,
6451,TACNA,"1,684,184.93",31/10/2016,20563373009,20486792001,,,,,,,
6452,TACNA,"2,197,385.30",17/10/2016,20486792001,20563373009,,,,,,,
6453,TACNA,"3,204,265.20",14/10/2016,20486792001,20563373009,,,,,,,
6454,TACNA,"2,257,719.14",14/10/2016,20533059890,10004760617,,,,,,,
6455,TACNA,"1,536,189.40",13/10/2016,20601016347,10004760617,20532639841,,,,,,
6456,TACNA,"16,823,432.72",13/10/2016,20601296374,20491304490,20491305542,20491399938,,,,,
6457,TACNA,"1,402,297.14",12/10/2016,10296725990,,,,,,,,
6458,TACNA,"121,098,111.02",07/12/2017,20552465301,20491399938,20491305542,,,,,,
6459,TACNA,"1,581,527.00",07/12/2017,10004778729,20520021338,,,,,,,
6460,TACNA,"25,532,861.75",15/11/2017,20491399938,20491305542,,,,,,,
6461,TACNA,"1,753,822.16",03/11/2017,20533059890,10004760617,,,,,,,
6462,TACNA,"3,940,164.56",03/11/2017,20523790324,20491399938,20541629875,,,,,,
6463,TACNA,"118,689,842.69",18/10/2017,20491399938,20552465301,20491305542,,,,,,
6464,TACNA,"2,578,228.14",12/10/2017,20491399938,20523790324,20541629875,,,,,,
6465,TACNA,"887,900.00",09/10/2017,20531630760,20445578518,20601771641,,,,,,
6466,TACNA,"1,360,659.43",09/08/2017,20449384050,10004760617,,,,,,,
6467,TACNA,"640,535.35",09/08/2017,20520021338,,,,,,,,
6468,TACNA,"5,638,779.35",19/07/2017,20533086510,20523790324,20491305542,,,,,,
6469,TACNA,"14,089,398.10",06/07/2017,20477366172,20494101662,20480686692,,,,,,
6470,TACNA,"1,961,231.97",25/05/2017,20481210047,20541629875,,,,,,,
6471,TACNA,"1,665,050.63",25/05/2017,20601771641,20481210047,20541629875,,,,,,
6472,TACNA,"2,306,631.08",17/10/2018,20119916705,10004778729,,,,,,,
6473,TACNA,"5,256,455.14",09/10/2018,20533059890,20601416329,10004760617,,,,,,
6474,TACNA,"3,721,869.17",05/10/2018,20119916705,20601265002,10004760617,,,,,,
6475,TACNA,"28,108,645.85",05/10/2018,20602623336,20602226671,20601771641,,,,,,
6476,TACNA,"116,296.78",17/09/2018,20532310718,20601440378,,,,,,,
6477,TACNA,"3,104,164.39",03/09/2018,20601485088,,,,,,,,
6478,TACNA,"1,466,184.68",02/08/2018,10004760617,20601265002,20532656347,,,,,,
6479,TACNA,"8,896,393.59",31/07/2018,20601016347,20532656347,10004760617,,,,,,
6480,TACNA,"1,851,844.01",26/07/2018,20602346341,20532656347,20325509326,,,,,,
6481,TACNA,"84,985.08",25/07/2018,20449310013,20533086510,,,,,,,
6482,TACNA,"353,376.35",23/07/2018,10004778729,20533086510,,,,,,,
6483,TACNA,"3,414,583.90",06/07/2018,20601771641,20602226671,20600128354,,,,,,
6484,TACNA,"1,561,476.04",30/04/2018,20480686692,,,,,,,,
6485,TACNA,"10,366,830.19",28/11/2019,20133176404,,,,,,,,
6486,TACNA,"28,820,451.56",18/10/2019,20601229049,,,,,,,,
6487,TACNA,"84,978,634.38",17/10/2019,20601771641,20489532981,,,,,,,
6488,TACNA,"15,606,735.75",16/10/2019,20521378531,20489532981,20448161723,,,,,,
6489,TACNA,"6,341,280.66",11/10/2019,20448562396,20452440912,,,,,,,
6490,TACNA,"10,416,307.86",04/10/2019,20191808241,,,,,,,,
6491,TACNA,"7,905,428.02",03/10/2019,20191808241,20498670777,,,,,,,
6492,TACNA,"6,511,424.62",30/09/2019,20601771641,20491305542,,,,,,,
6493,TACNA,"98,156,350.81",11/09/2019,20447926645,20533979727,,,,,,,
6494,TACNA,"30,299,538.00",04/12/2020,20489532981,20601771641,,,,,,,
6495,TACNA,"26,993,698.75",30/10/2020,20164483895,20532656347,,,,,,,
6496,TACNA,"7,995,419.98",26/10/2020,20198274705,20455394741,,,,,,,
6497,TACNA,"16,013,852.88",23/10/2020,20198274705,20455394741,,,,,,,
6498,TACNA,"14,031,560.66",15/10/2020,20164483895,,,,,,,,
6499,TACNA,"43,195,394.49",30/12/2021,20456317376,20513051833,20601898463,,,,,,
6500,TACNA,"4,181,109.41",13/12/2021,20533059890,,,,,,,,
6501,TACNA,"5,212,552.31",07/12/2021,10004760617,20449384050,,,,,,,
6502,TACNA,"5,277,151.40",30/11/2021,20447647096,,,,,,,,
6503,TACNA,"12,809,124.34",05/11/2021,20601016347,20119916705,,,,,,,
6504,TACNA,"1,193,333.81",20/10/2021,10004760617,20533059890,,,,,,,
6505,TACNA,"4,181,109.41",11/10/2021,20604357951,20477530665,,,,,,,
6506,TACNA,"1,978,650.49",27/09/2021,20406330495,20532656347,,,,,,,
6507,TACNA,"18,886,728.86",23/09/2021,20406330495,20532656347,,,,,,,
6508,TACNA,"7,105,489.65",06/09/2021,20133176404,20519658501,,,,,,,
6509,TACNA,"29,244,810.20",03/09/2021,20447647096,20521378531,,,,,,,
6510,TACNA,"23,317,371.33",19/07/2021,20456317376,20601898463,,,,,,,
6511,TACNA,"4,181,109.41",01/07/2021,10004760617,20520021338,,,,,,,
6512,TACNA,"5,406,753.03",03/05/2021,20601265002,20532656347,,,,,,,
6513,TACNA,"23,317,371.33",08/03/2021,20456317376,20601898463,,,,,,,
6514,TACNA,"35,994,800.15",17/02/2023,20218090550,20600426975,,,,,,,
6515,TACNA,"16,140,051.41",10/11/2022,20447781655,,,,,,,,
6516,TACNA,"17,416,579.70",10/10/2022,20218090550,20600426975,,,,,,,
6517,TACNA,"10,507,589.51",30/09/2022,20447781655,20542703483,,,,,,,
6518,TACNA,"9,651,051.63",27/09/2022,20532656347,20406330495,,,,,,,
6519,TACNA,"25,191,633.06",09/09/2022,20218090550,20600426975,,,,,,,
6520,TACNA,"5,476,274.26",06/09/2022,20232650444,,,,,,,,
6521,TACNA,"823,939.11",16/08/2022,20448245668,,,,,,,,
6522,TACNA,"14,055,685.16",11/08/2022,20601016347,20119916705,,,,,,,
6523,TACNA,"7,886,208.88",08/07/2022,20601771641,,,,,,,,
6524,TACNA,"9,651,051.63",08/07/2022,20532656347,20406330495,,,,,,,
6525,TACNA,"9,546,473.29",12/05/2022,20447647096,,,,,,,,
6526,TACNA,"9,212,061.03",12/04/2022,20447647096,20363610936,,,,,,,
6527,TACNA,"618,005.52",11/04/2022,10004760617,20449384050,,,,,,,
6528,TACNA,"15,264,947.34",17/03/2022,20507991662,20565699955,,,,,,,
6529,TACNA,"923,439.35",07/03/2022,20268887785,,,,,,,,
6530,TACNA,"2,607,272.86",23/02/2022,20406330495,20532656347,,,,,,,
6531,TACNA,"9,726,007.50",29/12/2023,20371131664,,,,,,,,
6532,TACNA,"4,017,423.24",29/12/2023,20517623394,20600289382,,,,,,,
6533,TACNA,"6,296,019.84",29/12/2023,20502322711,20532706387,,,,,,,
6534,TACNA,"33,348,828.46",21/12/2023,20532656347,20406330495,,,,,,,
6535,TACNA,"11,755,745.63",16/11/2023,20542703483,20528948911,,,,,,,
6536,TACNA,"72,622,823.42",26/09/2023,20605966714,20567223605,,,,,,,
6537,TACNA,"41,494,583.48",27/09/2024,20453991769,20519658501,20133176404,,,,,,
6538,TACNA,"24,598,737.93",27/09/2024,20406330495,20532656347,,,,,,,
6539,TACNA,"23,218,615.82",17/09/2024,20257427022,20563050684,20565699955,,,,,,
6540,TACNA,"3,232,080.58",21/08/2024,20529202998,20608077163,,,,,,,
6541,TACNA,"9,666,614.10",15/08/2024,20609409445,20494637074,,,,,,,
6542,TACNA,"23,121,139.75",12/08/2024,20533652213,20536907930,,,,,,,
6543,TACNA,"19,125,495.94",18/06/2024,20547282559,,,,,,,,
6544,TACNA,"4,047,487.82",06/06/2024,20456323007,,,,,,,,
6545,TUMBES,"21,110.23",19/12/2005,10166665812,,,,,,,,
6546,TUMBES,"15,351.33",19/12/2005,20367062283,,,,,,,,
6547,TUMBES,"22,380.16",19/12/2005,20484233455,,,,,,,,
6548,TUMBES,"20,791.57",19/12/2005,20484233455,,,,,,,,
6549,TUMBES,"20,791.57",19/12/2005,20484233455,,,,,,,,
6550,TUMBES,"20,791.57",19/12/2005,20483981202,,,,,,,,
6551,TUMBES,"20,791.57",19/12/2005,20483971312,,,,,,,,
6552,TUMBES,"32,598.28",19/12/2005,20484228451,,,,,,,,
6553,TUMBES,"31,775.98",19/12/2005,10166665812,,,,,,,,
6554,TUMBES,"32,722.99",19/12/2005,20483971312,,,,,,,,
6555,TUMBES,"29,984.73",19/12/2005,20483981202,,,,,,,,
6556,TUMBES,"31,810.15",19/12/2005,20483956518,,,,,,,,
6557,TUMBES,"32,294.92",19/12/2005,20484023132,,,,,,,,
6558,TUMBES,"31,955.32",19/12/2005,20483981202,,,,,,,,
6559,TUMBES,"528,412.26",16/12/2005,20119939667,,,,,,,,
6560,TUMBES,"395,678.41",18/11/2005,10002518428,,,,,,,,
6561,TUMBES,"156,977.13",12/10/2005,20483867507,,,,,,,,
6562,TUMBES,"187,613.84",10/10/2005,20484346659,,,,,,,,
6563,TUMBES,"166,657.89",21/07/2005,20136249682,,,,,,,,
6564,TUMBES,"415,840.68",20/07/2005,20483983086,,,,,,,,
6565,TUMBES,"24,984.85",28/12/2006,10165044849,,,,,,,,
6566,TUMBES,"38,797.31",28/12/2006,10165044849,,,,,,,,
6567,TUMBES,"102,778.85",28/12/2006,20367062283,,,,,,,,
6568,TUMBES,"43,925.30",28/12/2006,10165044849,,,,,,,,
6569,TUMBES,"206,381.87",22/12/2006,10002112651,,,,,,,,
6570,TUMBES,"90,991.76",22/12/2006,10164275693,,,,,,,,
6571,TUMBES,"81,071.80",21/12/2006,20525388744,,,,,,,,
6572,TUMBES,"620,007.16",20/12/2006,20525378862,20483872331,,,,,,,
6573,TUMBES,"541,886.20",20/12/2006,10164758953,,,,,,,,
6574,TUMBES,"514,940.69",20/12/2006,20483981202,,,,,,,,
6575,TUMBES,"425,258.97",20/12/2006,20484204196,,,,,,,,
6576,TUMBES,"550,996.56",20/12/2006,10002216774,,,,,,,,
6577,TUMBES,"128,220.81",20/12/2006,20525291317,,,,,,,,
6578,TUMBES,"264,008.23",20/12/2006,20484023132,,,,,,,,
6579,TUMBES,"69,834.32",20/12/2006,20484228451,,,,,,,,
6580,TUMBES,"17,358.39",20/12/2006,10164758953,,,,,,,,
6581,TUMBES,"58,052.63",20/12/2006,10164758953,,,,,,,,
6582,TUMBES,"35,524.07",20/12/2006,20525356460,,,,,,,,
6583,TUMBES,"2,413,340.90",20/12/2006,20275449751,,,,,,,,
6584,TUMBES,"2,704,408.55",20/12/2006,20503981298,20140476545,,,,,,,
6585,TUMBES,"538,902.69",20/12/2006,20484243094,,,,,,,,
6586,TUMBES,"1,412,994.23",20/12/2006,20503981298,,,,,,,,
6587,TUMBES,"350,932.39",20/12/2006,20287646853,,,,,,,,
6588,TUMBES,"340,004.47",20/12/2006,20484206997,,,,,,,,
6589,TUMBES,"49,353.33",20/12/2006,20366925296,,,,,,,,
6590,TUMBES,"141,161.50",20/12/2006,20525226680,,,,,,,,
6591,TUMBES,"117,566.82",20/12/2006,20525356460,,,,,,,,
6592,TUMBES,"104,845.23",20/12/2006,20484023132,,,,,,,,
6593,TUMBES,"524,358.93",18/12/2006,20525327362,,,,,,,,
6594,TUMBES,"176,348.43",18/12/2006,20525226680,,,,,,,,
6595,TUMBES,"708,592.75",18/12/2006,10002216774,,,,,,,,
6596,TUMBES,"494,963.67",15/12/2006,20484233455,,,,,,,,
6597,TUMBES,"426,259.02",15/12/2006,20484206997,,,,,,,,
6598,TUMBES,"376,634.66",15/12/2006,10175420750,,,,,,,,
6599,TUMBES,"244,443.61",15/12/2006,20484292389,,,,,,,,
6600,TUMBES,"270,678.95",15/12/2006,20484266973,,,,,,,,
6601,TUMBES,"209,073.74",15/12/2006,20324408356,,,,,,,,
6602,TUMBES,"272,867.29",15/12/2006,20525226680,,,,,,,,
6603,TUMBES,"499,119.22",14/12/2006,20483872331,,,,,,,,
6604,TUMBES,"316,641.39",14/12/2006,20484243094,,,,,,,,
6605,TUMBES,"151,464.81",14/12/2006,20441476028,,,,,,,,
6606,TUMBES,"33,429.36",14/12/2006,20525378862,,,,,,,,
6607,TUMBES,"223,749.37",13/12/2006,20367062283,,,,,,,,
6608,TUMBES,"262,143.99",13/12/2006,20484228451,,,,,,,,
6609,TUMBES,"252,974.72",13/12/2006,20484139271,,,,,,,,
6610,TUMBES,"280,502.90",11/12/2006,20483795590,,,,,,,,
6611,TUMBES,"308,913.80",11/12/2006,20483887524,,,,,,,,
6612,TUMBES,"88,264.73",11/12/2006,20484246352,,,,,,,,
6613,TUMBES,"66,797.75",11/12/2006,20525297439,,,,,,,,
6614,TUMBES,"142,271.44",11/12/2006,20525388744,,,,,,,,
6615,TUMBES,"235,467.01",11/12/2006,20226505564,,,,,,,,
6616,TUMBES,"73,959.84",11/12/2006,20226505564,,,,,,,,
6617,TUMBES,"213,498.97",11/12/2006,20484301710,,,,,,,,
6618,TUMBES,"164,659.41",16/11/2006,20484292389,,,,,,,,
6619,TUMBES,"36,696.74",13/11/2006,20525255787,,,,,,,,
6620,TUMBES,"345,223.53",10/11/2006,10002518428,,,,,,,,
6621,TUMBES,"388,630.62",06/11/2006,20483867507,,,,,,,,
6622,TUMBES,"572,031.43",20/10/2006,20525345425,,,,,,,,
6623,TUMBES,"466,534.50",19/10/2006,20483983086,,,,,,,,
6624,TUMBES,"2,782,632.58",19/10/2006,20275772969,20481265704,,,,,,,
6625,TUMBES,"517,142.72",11/09/2006,20525318614,,,,,,,,
6626,TUMBES,"431,406.05",04/09/2006,20484023132,,,,,,,,
6627,TUMBES,"358,484.69",04/09/2006,20484023132,,,,,,,,
6628,TUMBES,"2,949,593.94",17/07/2006,20481265704,20275449751,,,,,,,
6629,TUMBES,"520,168.65",31/05/2006,20166660093,,,,,,,,
6630,TUMBES,"200,659.89",31/05/2006,20483580470,,,,,,,,
6631,TUMBES,"438,537.79",30/05/2006,20525291741,,,,,,,,
6632,TUMBES,"448,800.00",30/05/2006,20484033952,,,,,,,,
6633,TUMBES,"1,987,146.54",26/04/2006,20275449751,,,,,,,,
6634,TUMBES,"1,814,003.11",20/04/2006,20504709117,10077340161,20503574226,20506003351,20507697047,,,,
6635,TUMBES,"479,865.00",21/03/2006,20484228451,,,,,,,,
6636,TUMBES,"255,559.58",28/02/2006,10002216774,,,,,,,,
6637,TUMBES,"347,550.50",28/02/2006,20367062283,,,,,,,,
6638,TUMBES,"79,676.32",06/12/2007,20525514472,,,,,,,,
6639,TUMBES,"907,154.47",05/12/2007,20484347388,20484292389,,,,,,,
6640,TUMBES,"1,180,000.00",16/11/2007,20484346659,20483983086,,,,,,,
6641,TUMBES,"338,000.00",14/11/2007,10271678946,,,,,,,,
6642,TUMBES,"6,870,175.46",05/11/2007,20483453362,,,,,,,,
6643,TUMBES,"418,746.06",24/10/2007,20484061735,,,,,,,,
6644,TUMBES,"690,253.06",16/10/2007,20483993715,20483956518,,,,,,,
6645,TUMBES,"1,639,490.95",16/10/2007,20506662479,20503981298,,,,,,,
6646,TUMBES,"1,089,364.77",19/09/2007,20525297439,20484228451,20525269737,,,,,,
6647,TUMBES,"1,059,104.63",17/09/2007,20525469311,20483956518,20504732364,,,,,,
6648,TUMBES,"82,676.91",10/09/2007,20525388744,,,,,,,,
6649,TUMBES,"68,728.05",10/09/2007,20484233455,,,,,,,,
6650,TUMBES,"83,480.52",10/09/2007,20525439161,,,,,,,,
6651,TUMBES,"80,066.20",10/09/2007,20525388744,,,,,,,,
6652,TUMBES,"83,371.67",10/09/2007,10002112651,,,,,,,,
6653,TUMBES,"376,270.40",27/08/2007,20525439161,,,,,,,,
6654,TUMBES,"142,300.00",17/08/2007,20525449476,,,,,,,,
6655,TUMBES,"62,226.66",17/08/2007,20324408356,,,,,,,,
6656,TUMBES,"470,981.00",06/07/2007,20525468004,,,,,,,,
6657,TUMBES,"374,900.99",05/07/2007,20483983086,,,,,,,,
6658,TUMBES,"592,309.61",15/06/2007,10087829826,,,,,,,,
6659,TUMBES,"341,849.63",14/06/2007,20484213420,,,,,,,,
6660,TUMBES,"70,213.92",05/06/2007,20483580470,,,,,,,,
6661,TUMBES,"628,379.33",04/06/2007,20510992068,,,,,,,,
6662,TUMBES,"178,900.97",30/05/2007,20484332194,,,,,,,,
6663,TUMBES,"305,259.57",09/04/2007,10002216774,,,,,,,,
6664,TUMBES,"130,296.30",09/04/2007,20136249682,,,,,,,,
6665,TUMBES,"210,507.55",09/04/2007,10002216774,,,,,,,,
6666,TUMBES,"16,047.77",09/04/2007,10165044849,,,,,,,,
6667,TUMBES,"313,846.13",09/04/2007,20525363083,,,,,,,,
6668,TUMBES,"28,240.83",09/04/2007,20483789867,,,,,,,,
6669,TUMBES,"122,051.45",09/04/2007,20483580470,,,,,,,,
6670,TUMBES,"147,295.94",09/04/2007,20226505564,,,,,,,,
6671,TUMBES,"205,875.06",31/12/2008,20484107239,,,,,,,,
6672,TUMBES,"103,508.26",31/12/2008,20409216308,,,,,,,,
6673,TUMBES,"36,803.95",31/12/2008,20525318614,,,,,,,,
6674,TUMBES,"77,244.08",31/12/2008,20525530915,,,,,,,,
6675,TUMBES,"80,611.75",31/12/2008,20409216308,,,,,,,,
6676,TUMBES,"58,448.71",31/12/2008,20409221051,,,,,,,,
6677,TUMBES,"36,528.84",31/12/2008,20525453406,,,,,,,,
6678,TUMBES,"36,551.79",31/12/2008,10164755458,,,,,,,,
6679,TUMBES,"60,821.14",31/12/2008,10164755458,,,,,,,,
6680,TUMBES,"77,349.06",31/12/2008,20409216308,,,,,,,,
6681,TUMBES,"37,004.00",31/12/2008,20484022080,,,,,,,,
6682,TUMBES,"177,280.92",18/12/2008,20525224989,,,,,,,,
6683,TUMBES,"8,992.84",12/12/2008,20525413871,,,,,,,,
6684,TUMBES,"816,004.33",27/11/2008,20511859604,,,,,,,,
6685,TUMBES,"5,310,146.84",26/11/2008,20120046307,,,,,,,,
6686,TUMBES,"2,559,212.83",19/11/2008,20481025738,,,,,,,,
6687,TUMBES,"126,057.46",06/11/2008,20409211331,,,,,,,,
6688,TUMBES,"2,004,747.55",29/10/2008,20484228451,20525397654,20481624101,20525397735,,,,,
6689,TUMBES,"5,520,566.32",16/10/2008,20275449751,,,,,,,,
6690,TUMBES,"158,053.69",01/10/2008,10002112651,,,,,,,,
6691,TUMBES,"1,240,500.70",25/09/2008,20277202698,20525473857,10190977388,,,,,,
6692,TUMBES,"30,940.92",02/07/2008,20525355579,,,,,,,,
6693,TUMBES,"7,461,147.49",30/06/2008,20440269967,,,,,,,,
6694,TUMBES,"1,321,983.73",24/06/2008,20506426155,20316093991,,,,,,,
6695,TUMBES,"998,463.89",06/06/2008,20525625207,,,,,,,,
6696,TUMBES,"1,599,731.02",03/06/2008,20103349932,10165044849,20409203583,,,,,,
6697,TUMBES,"2,121,201.12",03/06/2008,20525267441,20226505564,20484033952,,,,,,
6698,TUMBES,"262,587.90",08/05/2008,20525267441,,,,,,,,
6699,TUMBES,"3,858,043.77",28/04/2008,20287646853,20226505564,,,,,,,
6700,TUMBES,"254,932.03",28/03/2008,20525341438,,,,,,,,
6701,TUMBES,"96,767.23",31/12/2009,20409242562,,,,,,,,
6702,TUMBES,"234,673.00",31/12/2009,20287646853,,,,,,,,
6703,TUMBES,"776,812.58",30/12/2009,10165044849,20525530915,,,,,,,
6704,TUMBES,"290,000.00",30/12/2009,20484202657,,,,,,,,
6705,TUMBES,"1,151,792.57",30/12/2009,20525511619,20483453362,,,,,,,
6706,TUMBES,"961,140.66",30/12/2009,20483453362,,,,,,,,
6707,TUMBES,"233,111.00",30/12/2009,20409264884,,,,,,,,
6708,TUMBES,"405,516.96",29/12/2009,20481060649,,,,,,,,
6709,TUMBES,"140,468.49",29/12/2009,20324220985,,,,,,,,
6710,TUMBES,"67,337.61",29/12/2009,20445461084,,,,,,,,
6711,TUMBES,"35,765.44",29/12/2009,20445461084,,,,,,,,
6712,TUMBES,"1,241,244.87",29/12/2009,20440402713,,,,,,,,
6713,TUMBES,"219,105.92",28/12/2009,20409260897,,,,,,,,
6714,TUMBES,"439,903.61",28/12/2009,20409247955,,,,,,,,
6715,TUMBES,"204,936.08",28/12/2009,10164758953,,,,,,,,
6716,TUMBES,"571,136.91",28/12/2009,20525460950,,,,,,,,
6717,TUMBES,"235,807.53",28/12/2009,20409244930,,,,,,,,
6718,TUMBES,"343,313.00",28/12/2009,20409198059,,,,,,,,
6719,TUMBES,"1,031,959.46",28/12/2009,20409256431,10175420750,,,,,,,
6720,TUMBES,"1,115,198.63",28/12/2009,20409256431,10175420750,20483971312,,,,,,
6721,TUMBES,"5,308,020.00",23/12/2009,20483981202,,,,,,,,
6722,TUMBES,"17,461,083.65",23/12/2009,20483453362,,,,,,,,
6723,TUMBES,"1,260,117.19",23/12/2009,20483789867,,,,,,,,
6724,TUMBES,"417,447.67",23/12/2009,20525501222,,,,,,,,
6725,TUMBES,"446,382.60",21/12/2009,20525491081,20525611915,,,,,,,
6726,TUMBES,"153,753.02",21/12/2009,20525438431,,,,,,,,
6727,TUMBES,"1,231,833.27",19/12/2009,20525267441,20484033952,,,,,,,
6728,TUMBES,"83,083.17",17/12/2009,20409203150,,,,,,,,
6729,TUMBES,"542,417.08",15/12/2009,10267161513,,,,,,,,
6730,TUMBES,"1,310,471.34",30/11/2009,20484023132,,,,,,,,
6731,TUMBES,"2,006,415.72",30/11/2009,20483981202,,,,,,,,
6732,TUMBES,"1,241,244.87",30/11/2009,20413337071,20454543638,,,,,,,
6733,TUMBES,"315,977.32",26/11/2009,20525504086,,,,,,,,
6734,TUMBES,"3,767,461.47",07/10/2009,20483983086,20409205101,20484346659,,,,,,
6735,TUMBES,"130,071.71",01/10/2009,20409241914,,,,,,,,
6736,TUMBES,"113,176.01",30/09/2009,20409248170,,,,,,,,
6737,TUMBES,"83,044.47",30/09/2009,20483867507,,,,,,,,
6738,TUMBES,"2,330,787.22",29/09/2009,20398345453,10028352129,10164660775,,,,,,
6739,TUMBES,"9,117,882.60",05/08/2009,20483453362,,,,,,,,
6740,TUMBES,"126,896.66",13/07/2009,20525439161,,,,,,,,
6741,TUMBES,"318,103.95",13/07/2009,10165044849,,,,,,,,
6742,TUMBES,"239,034.34",06/07/2009,20409241914,,,,,,,,
6743,TUMBES,"214,221.27",06/07/2009,20232694905,,,,,,,,
6744,TUMBES,"183,589.95",06/07/2009,20525491081,,,,,,,,
6745,TUMBES,"254,214.52",06/07/2009,10002112651,,,,,,,,
6746,TUMBES,"210,100.63",06/07/2009,20483971312,,,,,,,,
6747,TUMBES,"21,361.50",18/06/2009,10002211462,,,,,,,,
6748,TUMBES,"22,282.55",18/06/2009,10002211462,,,,,,,,
6749,TUMBES,"1,147,531.83",21/04/2009,20483981202,,,,,,,,
6750,TUMBES,"85,649.86",30/03/2009,20483867507,,,,,,,,
6751,TUMBES,"2,197,828.79",13/03/2009,20483789867,20483981202,,,,,,,
6752,TUMBES,"159,572.12",17/12/2010,20525491081,,,,,,,,
6753,TUMBES,"424,672.00",15/12/2010,20525514472,,,,,,,,
6754,TUMBES,"230,046.60",14/12/2010,20409288716,,,,,,,,
6755,TUMBES,"731,200.00",14/12/2010,20461112227,20525593917,,,,,,,
6756,TUMBES,"4,955,662.43",14/12/2010,20409229540,20409221565,20483789867,,,,,,
6757,TUMBES,"668,667.50",14/12/2010,20525439161,20409256431,,,,,,,
6758,TUMBES,"944,472.00",14/12/2010,20483971312,,,,,,,,
6759,TUMBES,"233,937.70",14/12/2010,20525381731,,,,,,,,
6760,TUMBES,"4,873,668.00",14/12/2010,20481146951,,,,,,,,
6761,TUMBES,"604,400.00",14/12/2010,20525460950,,,,,,,,
6762,TUMBES,"4,873,669.09",06/12/2010,20409302051,20518055934,,,,,,,
6763,TUMBES,"604,400.60",03/12/2010,20409281975,20409281975,,,,,,,
6764,TUMBES,"233,937.91",03/12/2010,20484228451,20525491081,,,,,,,
6765,TUMBES,"230,046.64",03/12/2010,20525599443,,,,,,,,
6766,TUMBES,"424,672.94",03/12/2010,20409229540,20409230394,,,,,,,
6767,TUMBES,"731,200.41",02/12/2010,20324389114,,,,,,,,
6768,TUMBES,"668,667.56",02/12/2010,20484193216,,,,,,,,
6769,TUMBES,"944,472.07",02/12/2010,20484193216,20483887524,20484061735,,,,,,
6770,TUMBES,"329,028.37",09/11/2010,20525484204,,,,,,,,
6771,TUMBES,"11,130,223.88",02/09/2010,20105530081,,,,,,,,
6772,TUMBES,"11,372,657.85",02/09/2010,20525511619,20483453362,,,,,,,
6773,TUMBES,"246,850.44",01/09/2010,20525625207,,,,,,,,
6774,TUMBES,"18,775.35",31/08/2010,20409230394,,,,,,,,
6775,TUMBES,"101,292,038.13",13/08/2010,20110133091,99000005483,,,,,,,
6776,TUMBES,"4,873,669.09",03/08/2010,20481146951,,,,,,,,
6777,TUMBES,"258,643.50",19/05/2010,10271678946,,,,,,,,
6778,TUMBES,"91,896.99",03/05/2010,10271678946,,,,,,,,
6779,TUMBES,"4,149,173.05",26/01/2012,20367062283,20226505564,,,,,,,
6780,TUMBES,"1,933,414.45",09/01/2012,20525341438,20525625207,20409252363,,,,,,
6781,TUMBES,"342,212.34",30/12/2011,20324389114,,,,,,,,
6782,TUMBES,"1,286,850.12",28/12/2011,20445615570,20337572121,20409310231,,,,,,
6783,TUMBES,"894,068.18",26/12/2011,20392600851,,,,,,,,
6784,TUMBES,"1,392,557.03",20/12/2011,20525413871,20525439161,,,,,,,
6785,TUMBES,"428,551.93",16/12/2011,20525514472,,,,,,,,
6786,TUMBES,"803,263.48",16/12/2011,20409333878,,,,,,,,
6787,TUMBES,"3,480,011.76",15/12/2011,20525460950,20506426155,,,,,,,
6788,TUMBES,"262,897.91",13/12/2011,20409302051,,,,,,,,
6789,TUMBES,"3,519,623.59",12/12/2011,20154727826,20398211414,,,,,,,
6790,TUMBES,"18,669,395.34",09/12/2011,20279551932,20536992350,,,,,,,
6791,TUMBES,"4,149,173.05",07/12/2011,20367062283,20226505564,,,,,,,
6792,TUMBES,"1,249,253.83",06/12/2011,20525408877,20409198130,,,,,,,
6793,TUMBES,"1,286,850.12",05/12/2011,20409310231,20445615570,20337572121,,,,,,
6794,TUMBES,"238,411.15",02/12/2011,20409230394,,,,,,,,
6795,TUMBES,"3,884,100.47",24/11/2011,20105530081,20399019355,,,,,,,
6796,TUMBES,"1,670,936.46",23/11/2011,20525511619,,,,,,,,
6797,TUMBES,"693,903.38",15/11/2011,20409242562,,,,,,,,
6798,TUMBES,"7,097,384.56",10/11/2011,20125900675,20514327972,20140404552,20504718027,,,,,
6799,TUMBES,"6,649,971.20",02/11/2011,20483789867,20483981202,,,,,,,
6800,TUMBES,"4,739,548.02",26/10/2011,10157044414,20521378531,,,,,,,
6801,TUMBES,"711,321.74",24/10/2011,10166396846,20525460950,,,,,,,
6802,TUMBES,"4,921,364.10",18/10/2011,20483981202,,,,,,,,
6803,TUMBES,"87,230.01",12/09/2011,20409284303,,,,,,,,
6804,TUMBES,"54,673.10",12/09/2011,20409284303,,,,,,,,
6805,TUMBES,"422,076.28",25/08/2011,20105530081,20526365071,,,,,,,
6806,TUMBES,"236,557.92",23/08/2011,20526421249,,,,,,,,
6807,TUMBES,"502,633.84",13/05/2011,20491746166,,,,,,,,
6808,TUMBES,"1,313,840.53",24/03/2011,20525341438,,,,,,,,
6809,TUMBES,"739,045.02",18/03/2011,20525625207,,,,,,,,
6810,TUMBES,"656,418.42",18/03/2011,20409205101,,,,,,,,
6811,TUMBES,"3,833,214.75",07/02/2013,20526237235,10178555109,20525460950,,,,,,
6812,TUMBES,"204,648.17",18/01/2013,10165044849,,,,,,,,
6813,TUMBES,"8,233,142.96",19/12/2012,10175390770,20100968470,,,,,,,
6814,TUMBES,"3,833,214.75",18/12/2012,10178555109,20525460950,,,,,,,
6815,TUMBES,"717,508.48",26/11/2012,20467074866,,,,,,,,
6816,TUMBES,"7,037,999.00",18/10/2012,20279551932,20481947538,20278872018,,,,,,
6817,TUMBES,"1,499,344.03",24/09/2012,20484033952,20525267441,20409372008,,,,,,
6818,TUMBES,"618,898.42",19/09/2012,20409329927,,,,,,,,
6819,TUMBES,"1,083,486.41",17/09/2012,20409203583,20525511619,,,,,,,
6820,TUMBES,"122,182.00",28/08/2012,10165044849,,,,,,,,
6821,TUMBES,"995,495.00",16/08/2012,20525511619,20508474033,,,,,,,
6822,TUMBES,"995,574.32",16/08/2012,20367062283,20525511619,,,,,,,
6823,TUMBES,"752,407.61",08/08/2012,20409333878,20525388311,,,,,,,
6824,TUMBES,"1,379,053.55",01/08/2012,20484206997,,,,,,,,
6825,TUMBES,"5,485,910.58",01/08/2012,20521378531,20279551932,,,,,,,
6826,TUMBES,"10,573,968.06",25/07/2012,20521378531,20279551932,,,,,,,
6827,TUMBES,"878,590.56",19/07/2012,20409332391,,,,,,,,
6828,TUMBES,"358,426.59",05/07/2012,20483943611,,,,,,,,
6829,TUMBES,"6,987,553.37",21/06/2012,20506426155,20526032340,20409310231,,,,,,
6830,TUMBES,"939,957.05",15/06/2012,20480774397,20480123884,,,,,,,
6831,TUMBES,"104,186.14",13/06/2012,20409284303,,,,,,,,
6832,TUMBES,"505,659.00",12/06/2012,10157044414,20409277439,,,,,,,
6833,TUMBES,"19,550,058.00",08/11/2013,10043393567,20524399491,20503981298,20521378531,,,,,
6834,TUMBES,"2,907,416.00",18/09/2013,20409383549,20521378531,20409329927,,,,,,
6835,TUMBES,"2,805,900.67",02/09/2013,20375458307,,,,,,,,
6836,TUMBES,"8,004,271.01",29/08/2013,20521378531,20409203583,,,,,,,
6837,TUMBES,"9,674,609.00",19/07/2013,10805308708,20483789867,20483981202,,,,,,
6838,TUMBES,"5,229,534.46",18/07/2013,20525388311,20525439161,20409285962,,,,,,
6839,TUMBES,"6,495,840.00",17/07/2013,10271678946,20526032340,20409310231,,,,,,
6840,TUMBES,"1,376,457.66",17/07/2013,20525460950,10271678946,,,,,,,
6841,TUMBES,"9,451,241.00",09/07/2013,10805308708,20484033952,20525267441,,,,,,
6842,TUMBES,"3,121,986.72",03/07/2013,20521378531,10157044414,,,,,,,
6843,TUMBES,"1,937,104.70",02/07/2013,20409285962,20525460950,,,,,,,
6844,TUMBES,"4,173,022.00",12/06/2013,10165044849,20525388311,20409333878,,,,,,
6845,TUMBES,"7,253,067.23",07/06/2013,20103639426,20409404562,,,,,,,
6846,TUMBES,"942,287.50",29/05/2013,20525267441,20409198059,,,,,,,
6847,TUMBES,"1,441,599.28",27/05/2013,20525224989,20525381731,,,,,,,
6848,TUMBES,"1,055,304.03",07/05/2013,20409406344,20313163751,20409296140,,,,,,
6849,TUMBES,"289,840.11",07/05/2013,20409414363,,,,,,,,
6850,TUMBES,"9,361,258.56",29/04/2013,20521378531,,,,,,,,
6851,TUMBES,"6,977,352.30",25/04/2013,20120046307,,,,,,,,
6852,TUMBES,"9,578,806.91",24/04/2013,10805308708,20483981202,,,,,,,
6853,TUMBES,"612,822.91",16/04/2013,20324389114,,,,,,,,
6854,TUMBES,"302,221.85",10/04/2013,20525564496,,,,,,,,
6855,TUMBES,"6,849,210.77",09/04/2013,20525439161,20409285962,,,,,,,
6856,TUMBES,"1,190,880.12",26/03/2013,20525460950,20409390324,20525437893,,,,,,
6857,TUMBES,"782,304.57",05/03/2013,20525665411,,,,,,,,
6858,TUMBES,"1,001,341.83",05/03/2013,20409306714,20409322167,20398345453,,,,,,
6859,TUMBES,"957,694.48",28/02/2013,20525511619,,,,,,,,
6860,TUMBES,"1,690,855.26",20/02/2013,20452477671,20487579107,,,,,,,
6861,TUMBES,"898,930.76",19/02/2013,20313163751,20409310231,,,,,,,
6862,TUMBES,"427,344.60",23/04/2014,20409241248,,,,,,,,
6863,TUMBES,"24,104,038.93",05/01/2016,20483981202,20525413871,20483789867,,,,,,
6864,TUMBES,"9,572,692.79",17/09/2015,20367062283,20484266892,,,,,,,
6865,TUMBES,"661,021.64",16/09/2015,20600480937,,,,,,,,
6866,TUMBES,"1,874,437.26",16/09/2015,20525439161,,,,,,,,
6867,TUMBES,"3,664,202.92",15/09/2015,20525460950,20526688679,20409461019,,,,,,
6868,TUMBES,"1,625,452.88",15/09/2015,20409252363,,,,,,,,
6869,TUMBES,"3,545,674.15",29/12/2016,20545986885,20375458307,,,,,,,
6870,TUMBES,"2,421,102.01",24/11/2016,20600043804,20525413871,,,,,,,
6871,TUMBES,"3,346,077.27",03/10/2016,20484033952,20525267441,,,,,,,
6872,TUMBES,"5,070,143.33",26/09/2016,20484033952,20525267441,20409333878,,,,,,
6873,TUMBES,"969,257.60",12/09/2016,20409252363,20409473700,,,,,,,
6874,TUMBES,"1,748,133.66",11/07/2016,10165044849,20525439161,,,,,,,
6875,TUMBES,"2,160,932.96",10/06/2016,20409204717,20409252363,,,,,,,
6876,TUMBES,"377,834.32",09/06/2016,20366925296,20409333878,,,,,,,
6877,TUMBES,"4,402,713.47",09/06/2016,20525625207,20525341438,,,,,,,
6878,TUMBES,"4,699,388.61",08/06/2016,20409285962,20409211411,,,,,,,
6879,TUMBES,"816,716.30",07/06/2016,20409211411,20525400892,,,,,,,
6880,TUMBES,"184,124.43",07/06/2016,20525400892,20409211411,,,,,,,
6881,TUMBES,"3,897,060.52",22/02/2018,20508619538,20479087360,,,,,,,
6882,TUMBES,"2,888,876.37",28/12/2017,20525267441,20484033952,,,,,,,
6883,TUMBES,"1,494,682.41",28/12/2017,20409211411,20409328955,,,,,,,
6884,TUMBES,"7,673,457.67",15/12/2017,20409395393,20491305542,20602388973,,,,,,
6885,TUMBES,"125,000.00",06/12/2017,20409448187,20601777461,20409357203,,,,,,
6886,TUMBES,"1,014,509.08",06/12/2017,20491298155,20409395393,,,,,,,
6887,TUMBES,"3,764,805.31",06/12/2017,20525341438,20525625207,20409357203,,,,,,
6888,TUMBES,"1,658,816.51",04/12/2017,20525625207,20525341438,,,,,,,
6889,TUMBES,"2,697,062.18",01/12/2017,20409461019,20525460950,,,,,,,
6890,TUMBES,"5,091,988.11",01/12/2017,20407772297,20409204717,,,,,,,
6891,TUMBES,"3,972,378.88",01/12/2017,20602226671,20409252363,,,,,,,
6892,TUMBES,"83,485.00",02/10/2017,20409351779,20601777461,,,,,,,
6893,TUMBES,"78,404.70",02/10/2017,20542910519,20409285962,,,,,,,
6894,TUMBES,"6,543,122.86",01/08/2017,20484206997,,,,,,,,
6895,TUMBES,"9,355,622.65",03/07/2017,20409310231,20491305542,20409453261,,,,,,
6896,TUMBES,"1,221,071.86",30/05/2017,20484034762,20409448187,20409357203,,,,,,
6897,TUMBES,"2,677,030.88",04/05/2017,20525460950,,,,,,,,
6898,TUMBES,"2,608,314.18",04/05/2017,20542906830,20409396284,20525524605,,,,,,
6899,TUMBES,"6,944,154.18",17/03/2017,20481100535,20525625207,,,,,,,
6900,TUMBES,"1,681,769.28",14/12/2018,20409425560,20409285962,,,,,,,
6901,TUMBES,"2,647,936.11",11/12/2018,20600043804,20409252363,20409211411,,,,,,
6902,TUMBES,"1,376,580.22",11/12/2018,20551180272,20503981298,20600122526,,,,,,
6903,TUMBES,"943,407.47",11/12/2018,20409316353,20409425560,,,,,,,
6904,TUMBES,"1,346,121.90",11/12/2018,20409425560,20409285962,,,,,,,
6905,TUMBES,"827,502.48",04/12/2018,20484033952,20525267441,20409285024,,,,,,
6906,TUMBES,"4,202,023.52",28/11/2018,20409211411,20484033952,20525267441,,,,,,
6907,TUMBES,"8,607,666.62",29/10/2018,20530837816,20409402861,,,,,,,
6908,TUMBES,"4,944,000.00",29/10/2018,20484206997,,,,,,,,
6909,TUMBES,"4,325,401.22",19/10/2018,20508619538,20479087360,,,,,,,
6910,TUMBES,"10,398,441.90",18/10/2018,20525413871,20483789867,20483981202,,,,,,
6911,TUMBES,"352,656.18",04/07/2018,20409315624,20603098618,,,,,,,
6912,TUMBES,"225,352.95",07/06/2018,20409252363,20409451722,20409198130,,,,,,
6913,TUMBES,"1,404,701.69",28/03/2018,20409448187,20409315624,20409351779,,,,,,
6914,TUMBES,"1,601,032.35",23/02/2018,20409425560,,,,,,,,
6915,TUMBES,"2,478,750.14",19/02/2018,20525341438,20525625207,10165044849,,,,,,
6916,TUMBES,"1,452,440.08",17/12/2019,20409406182,20409211411,,,,,,,
6917,TUMBES,"266,250.87",16/12/2019,20409316868,20409487913,,,,,,,
6918,TUMBES,"212,082.45",16/12/2019,20525341438,,,,,,,,
6919,TUMBES,"294,281.50",16/12/2019,20525413871,20409339728,,,,,,,
6920,TUMBES,"894,846.76",16/12/2019,20525413871,20600560868,,,,,,,
6921,TUMBES,"1,135,536.27",11/12/2019,20409252363,20409285024,,,,,,,
6922,TUMBES,"969,267.97",07/11/2019,20601500494,20525491677,,,,,,,
6923,TUMBES,"1,154,704.51",05/11/2019,20367062283,,,,,,,,
6924,TUMBES,"11,363,836.90",04/11/2019,20480061595,20409408983,20154727826,,,,,,
6925,TUMBES,"1,582,594.17",29/10/2019,20479087360,,,,,,,,
6926,TUMBES,"13,566,766.96",25/10/2019,20542254158,20489532981,,,,,,,
6927,TUMBES,"1,452,440.08",15/10/2019,20409211411,20409406182,,,,,,,
6928,TUMBES,"1,135,536.27",21/08/2019,20409252363,20409285024,,,,,,,
6929,TUMBES,"466,305.39",24/07/2019,20367062283,20484033952,,,,,,,
6930,TUMBES,"2,589,316.88",31/05/2019,20525341438,,,,,,,,
6931,TUMBES,"10,566,504.29",07/05/2019,20534158069,20480789408,20487388697,,,,,,
6932,TUMBES,"727,440.55",03/04/2019,20409448187,,,,,,,,
6933,TUMBES,"979,303.14",19/12/2020,20548392510,,,,,,,,
6934,TUMBES,"20,035,552.52",16/12/2020,20483789867,20483981202,,,,,,,
6935,TUMBES,"11,363,836.90",14/12/2020,20409211411,20409408983,10192540998,,,,,,
6936,TUMBES,"1,882,727.11",02/12/2020,20477531122,20477168702,,,,,,,
6937,TUMBES,"12,641,515.12",20/11/2020,10164660775,,,,,,,,
6938,TUMBES,"613,058.69",10/11/2020,10271678946,,,,,,,,
6939,TUMBES,"1,879,063.03",29/10/2020,20483789867,,,,,,,,
6940,TUMBES,"343,579.04",23/10/2020,20409341382,20525413871,,,,,,,
6941,TUMBES,"303,345.80",23/10/2020,20525341438,,,,,,,,
6942,TUMBES,"374,932.17",23/10/2020,20409316868,20409230394,,,,,,,
6943,TUMBES,"205,852.52",22/10/2020,20409316868,20409258647,,,,,,,
6944,TUMBES,"416,018.90",22/10/2020,20409339728,20525413871,,,,,,,
6945,TUMBES,"347,999.88",22/10/2020,20409316868,,,,,,,,
6946,TUMBES,"614,372.29",22/10/2020,20409316868,20601619335,,,,,,,
6947,TUMBES,"1,145,245.19",22/10/2020,20605356576,20367062283,,,,,,,
6948,TUMBES,"1,979,643.80",21/10/2020,20409278753,20484033952,,,,,,,
6949,TUMBES,"1,797,023.35",21/10/2020,20525439161,20409331239,,,,,,,
6950,TUMBES,"2,679,511.73",20/10/2020,20367062283,,,,,,,,
6951,TUMBES,"5,182,282.08",23/09/2020,20483809051,20601651719,20548392510,,,,,,
6952,TUMBES,"2,170,157.52",23/09/2020,20481446326,,,,,,,,
6953,TUMBES,"4,064,130.06",23/09/2020,20571505488,20445576060,,,,,,,
6954,TUMBES,"2,516,675.50",18/09/2020,20542072637,20504553516,,,,,,,
6955,TUMBES,"1,364,902.54",02/12/2021,20479087360,,,,,,,,
6956,TUMBES,"5,886,429.66",09/11/2021,20409461019,20525460950,,,,,,,
6957,TUMBES,"3,870,148.12",08/06/2021,20529698918,20409211411,20600983025,,,,,,
6958,TUMBES,"5,830,702.47",04/06/2021,20484206997,,,,,,,,
6959,TUMBES,"8,052,591.24",03/05/2021,20488071603,20604329494,,,,,,,
6960,TUMBES,"677,293.14",29/12/2022,20525413871,20409473700,,,,,,,
6961,TUMBES,"16,291,508.33",22/12/2022,20484206997,20525460950,,,,,,,
6962,TUMBES,"3,962,774.79",14/12/2022,20484033952,20409487913,,,,,,,
6963,TUMBES,"189,284,105.82",13/12/2022,20602371442,,,,,,,,
6964,TUMBES,"9,809,282.54",07/11/2022,20409278753,20484033952,,,,,,,
6965,TUMBES,"1,278,393.17",28/10/2022,20600122526,20484033952,,,,,,,
6966,TUMBES,"2,137,696.93",28/10/2022,20484033952,20409285024,,,,,,,
6967,TUMBES,"19,304,965.30",26/10/2022,20525460950,20484206997,,,,,,,
6968,TUMBES,"423,006.07",21/10/2022,20484033952,20409401113,,,,,,,
6969,TUMBES,"1,217,979.98",15/09/2022,20484022675,20409366024,,,,,,,
6970,TUMBES,"1,547,940.65",14/09/2022,20600588151,20525413871,,,,,,,
6971,TUMBES,"720,407.69",24/08/2022,20409462091,20409472991,,,,,,,
6972,TUMBES,"13,078,193.23",06/04/2022,20481014612,20477216952,,,,,,,
6973,TUMBES,"9,079,982.30",04/04/2022,20483789867,20483981202,,,,,,,
6974,TUMBES,"121,960.00",28/12/2023,20530133509,20606729473,,,,,,,
6975,TUMBES,"908,035.48",28/12/2023,20409339728,,,,,,,,
6976,TUMBES,"5,603,616.19",10/08/2023,20529698918,,,,,,,,
6977,TUMBES,"222,709.92",08/08/2023,20525413871,20610538950,,,,,,,
6978,TUMBES,"122,879.54",08/08/2023,20484061735,,,,,,,,
6979,TUMBES,"172,944.36",08/08/2023,20484061735,,,,,,,,
6980,TUMBES,"943,716.39",08/08/2023,20484033952,,,,,,,,
6981,TUMBES,"1,207,827.22",08/08/2023,20409211411,,,,,,,,
6982,TUMBES,"324,181.67",08/08/2023,20525413871,20610312251,,,,,,,
6983,TUMBES,"3,772,255.28",08/08/2023,20484061735,,,,,,,,
6984,TUMBES,"539,782.00",07/08/2023,20606891947,,,,,,,,
6985,TUMBES,"5,906,197.38",07/08/2023,20483981202,,,,,,,,
6986,TUMBES,"13,639,613.85",14/07/2023,20600588151,20525413871,,,,,,,
6987,TUMBES,"41,235,000.00",14/06/2023,20491715872,20482093354,,,,,,,
6988,TUMBES,"846,211.67",05/12/2024,20484228451,,,,,,,,
6989,TUMBES,"2,160,312.77",02/12/2024,20409339728,20409401113,,,,,,,
6990,TUMBES,"940,235.18",01/10/2024,20600381726,20529698918,,,,,,,
6991,TUMBES,"1,755,765.44",27/09/2024,20606891947,20409357203,,,,,,,
6992,TUMBES,"1,440,011.49",19/09/2024,20409316868,20600508653,,,,,,,
6993,TUMBES,"2,160,312.77",18/09/2024,20409339728,20409401113,,,,,,,
6994,TUMBES,"896,582.27",17/05/2024,20602429670,,,,,,,,
6995,TUMBES,"4,493,021.12",08/05/2024,20600475496,20525954529,,,,,,,
6996,TUMBES,"1,480,000.00",26/04/2024,20409487913,,,,,,,,
6997,TUMBES,"1,976,788.16",26/04/2024,20565699955,20553546266,,,,,,,
6998,TUMBES,"321,900.00",18/04/2024,20409481125,,,,,,,,
6999,TUMBES,"157,541.47",11/04/2024,20610312251,,,,,,,,
7000,TUMBES,"37,099,285.97",10/04/2024,20610504486,20483981202,,,,,,,
7001,TUMBES,"1,263,352.97",25/03/2024,20609370743,20526688679,,,,,,,
7002,UCAYALI,"35,920.68",16/12/2005,20393135884,,,,,,,,
7003,UCAYALI,"35,714.27",16/12/2005,20352424570,,,,,,,,
7004,UCAYALI,"35,714.27",16/12/2005,20352424570,,,,,,,,
7005,UCAYALI,"32,667.71",16/12/2005,20393157772,,,,,,,,
7006,UCAYALI,"32,667.71",16/12/2005,20393096960,,,,,,,,
7007,UCAYALI,"32,667.71",16/12/2005,20352127109,,,,,,,,
7008,UCAYALI,"433,763.67",02/12/2005,20352456340,,,,,,,,
7009,UCAYALI,"4,291,192.58",29/11/2005,20451238630,20352428648,20329428576,20351222906,20351575574,,,,
7010,UCAYALI,"5,412,690.00",23/11/2005,20163906661,20399226814,20483988479,,,,,,
7011,UCAYALI,"204,829.11",21/11/2005,20393136341,,,,,,,,
7012,UCAYALI,"284,583.60",08/11/2005,20393151812,,,,,,,,
7013,UCAYALI,"1,934,768.68",07/11/2005,20352428648,20329428576,20351575574,20103921288,20393196751,,,,
7014,UCAYALI,"185,004.64",04/11/2005,20393059096,,,,,,,,
7015,UCAYALI,"164,803.08",28/10/2005,20393176564,,,,,,,,
7016,UCAYALI,"270,003.54",24/10/2005,20393196751,,,,,,,,
7017,UCAYALI,"169,931.78",20/10/2005,20393151812,,,,,,,,
7018,UCAYALI,"230,504.04",20/10/2005,20393196751,,,,,,,,
7019,UCAYALI,"284,962.63",04/10/2005,20393078716,,,,,,,,
7020,UCAYALI,"461,608.00",30/09/2005,20393159988,,,,,,,,
7021,UCAYALI,"665,386.83",30/09/2005,20493290917,,,,,,,,
7022,UCAYALI,"1,313,531.83",21/09/2005,20351631822,20128850164,,,,,,,
7023,UCAYALI,"395,627.94",19/09/2005,20352428648,,,,,,,,
7024,UCAYALI,"2,489,084.10",16/09/2005,20100626757,,,,,,,,
7025,UCAYALI,"3,502,015.20",16/09/2005,20100626757,,,,,,,,
7026,UCAYALI,"1,655,794.80",15/09/2005,20351631822,20128850164,,,,,,,
7027,UCAYALI,"329,923.04",13/09/2005,20230509353,,,,,,,,
7028,UCAYALI,"253,171.52",13/09/2005,20352127109,,,,,,,,
7029,UCAYALI,"147,371.66",13/09/2005,20393105977,,,,,,,,
7030,UCAYALI,"322,660.54",25/08/2005,20393145332,,,,,,,,
7031,UCAYALI,"251,635.16",18/08/2005,20393126621,,,,,,,,
7032,UCAYALI,"303,982.59",18/08/2005,20352424570,,,,,,,,
7033,UCAYALI,"213,787.73",16/08/2005,20393157772,,,,,,,,
7034,UCAYALI,"420,549.47",11/08/2005,20352424570,,,,,,,,
7035,UCAYALI,"1,036,034.79",09/08/2005,20450841677,20351575574,20352428648,,,,,,
7036,UCAYALI,"249,623.78",05/08/2005,20352220737,,,,,,,,
7037,UCAYALI,"66,314.28",03/08/2005,20393135884,,,,,,,,
7038,UCAYALI,"200,683.63",30/06/2005,20393059096,,,,,,,,
7039,UCAYALI,"334,805.67",30/06/2005,20393159988,,,,,,,,
7040,UCAYALI,"1,112,168.53",27/06/2005,20103751692,20103921288,,,,,,,
7041,UCAYALI,"297,252.54",16/06/2005,20351653044,,,,,,,,
7042,UCAYALI,"5,500.00",09/06/2005,20393163403,,,,,,,,
7043,UCAYALI,"49,003.46",02/06/2005,20393176564,,,,,,,,
7044,UCAYALI,"73,696.88",02/06/2005,20393145847,,,,,,,,
7045,UCAYALI,"752,057.03",01/06/2005,20531300972,,,,,,,,
7046,UCAYALI,"553,983.75",26/05/2005,20352220737,,,,,,,,
7047,UCAYALI,"60,768.16",19/05/2005,20351222906,,,,,,,,
7048,UCAYALI,"325,687.83",12/05/2005,20352433994,,,,,,,,
7049,UCAYALI,"179,522.45",12/05/2005,20393155567,,,,,,,,
7050,UCAYALI,"152,769.22",12/05/2005,20393126621,,,,,,,,
7051,UCAYALI,"729,192.34",11/05/2005,20285552886,20351288672,,,,,,,
7052,UCAYALI,"123,529.13",06/05/2005,20393130220,,,,,,,,
7053,UCAYALI,"107,798.04",06/05/2005,20393149915,,,,,,,,
7054,UCAYALI,"278,810.16",29/04/2005,20393096960,,,,,,,,
7055,UCAYALI,840.00,28/04/2005,20352469590,,,,,,,,
7056,UCAYALI,593.60,28/04/2005,20352469590,,,,,,,,
7057,UCAYALI,45.50,28/04/2005,20352469590,,,,,,,,
7058,UCAYALI,330.00,28/04/2005,20352450813,10001177147,,,,,,,
7059,UCAYALI,37.20,28/04/2005,20352469590,,,,,,,,
7060,UCAYALI,222.00,28/04/2005,20352469590,,,,,,,,
7061,UCAYALI,"4,625.00",27/04/2005,20352459446,,,,,,,,
7062,UCAYALI,"2,288.00",27/04/2005,20352459446,,,,,,,,
7063,UCAYALI,20.00,27/04/2005,20351674718,,,,,,,,
7064,UCAYALI,20.00,27/04/2005,20351674718,,,,,,,,
7065,UCAYALI,8.80,27/04/2005,20352450813,,,,,,,,
7066,UCAYALI,20.00,27/04/2005,20352459446,,,,,,,,
7067,UCAYALI,247.00,27/04/2005,20352459446,,,,,,,,
7068,UCAYALI,333.00,27/04/2005,20352459446,,,,,,,,
7069,UCAYALI,"26,730.00",27/04/2005,20352450813,,,,,,,,
7070,UCAYALI,119.60,27/04/2005,20352450813,,,,,,,,
7071,UCAYALI,"1,400.00",27/04/2005,20309667671,,,,,,,,
7072,UCAYALI,"277,423.53",26/04/2005,20393172658,,,,,,,,
7073,UCAYALI,"294,808.33",08/04/2005,20393156024,,,,,,,,
7074,UCAYALI,"125,964.81",08/04/2005,20351154633,,,,,,,,
7075,UCAYALI,"160,703.83",08/04/2005,10070350314,,,,,,,,
7076,UCAYALI,"306,809.35",08/04/2005,20352127109,,,,,,,,
7077,UCAYALI,"134,268.09",07/04/2005,20352438791,,,,,,,,
7078,UCAYALI,"175,700.82",07/04/2005,20393145332,,,,,,,,
7079,UCAYALI,"209,953.89",07/04/2005,20393151812,,,,,,,,
7080,UCAYALI,"116,133.98",07/04/2005,20393081776,,,,,,,,
7081,UCAYALI,"226,285.44",15/03/2005,20393142589,,,,,,,,
7082,UCAYALI,"122,051.52",10/03/2005,20393149915,,,,,,,,
7083,UCAYALI,"191,355.48",09/03/2005,20352433994,,,,,,,,
7084,UCAYALI,"306,930.45",09/03/2005,20393062399,,,,,,,,
7085,UCAYALI,"1,569,262.50",15/11/2006,10053891531,20352428648,20351222906,20351575574,,,,,
7086,UCAYALI,"1,779,611.06",10/11/2006,10053891531,20352428648,20351222906,20351575574,,,,,
7087,UCAYALI,"1,330,412.30",10/11/2006,20352005259,20207055078,20352433994,,,,,,
7088,UCAYALI,"1,545,364.18",09/11/2006,20352127109,20128959336,20393096960,10070350314,20230509353,20230509353,,,
7089,UCAYALI,"1,645,099.74",09/11/2006,20352127109,20128959336,20393096960,10070350314,20351988143,20230509353,,,
7090,UCAYALI,"1,825,609.80",27/10/2006,20393054451,20230509353,20352374963,20393097265,,,,,
7091,UCAYALI,"1,240,420.00",26/10/2006,20230509353,20393097265,20393054451,20352374963,20393273845,,,,
7092,UCAYALI,"1,829,748.34",26/10/2006,20329428576,20351222906,20352428648,20393196751,20351575574,,,,
7093,UCAYALI,"78,588.48",24/10/2006,20351699621,,,,,,,,
7094,UCAYALI,"222,380.14",24/10/2006,20393280892,,,,,,,,
7095,UCAYALI,"1,283,525.98",12/10/2006,20329428576,20351222906,20352428648,20393220482,,,,,
7096,UCAYALI,"1,428,150.61",29/09/2006,20393054451,20230509353,20352374963,20393292637,20393112329,,,,
7097,UCAYALI,"192,783.69",05/09/2006,20393237709,,,,,,,,
7098,UCAYALI,"2,390,939.99",31/08/2006,20309570244,20351539004,20351631822,20128850164,20309825684,,,,
7099,UCAYALI,"3,944,304.63",26/07/2006,20103912025,20103921288,20351222906,20352428648,20351575574,,,,
7100,UCAYALI,"1,735,932.22",07/07/2006,20103921288,20393196751,20351222906,20351575574,20352428648,,,,
7101,UCAYALI,"4,194,348.87",07/07/2006,20103884498,20451238630,20351575574,20352428648,20103751692,20103921288,,,
7102,UCAYALI,"469,696.88",06/07/2006,20393105977,,,,,,,,
7103,UCAYALI,"1,797,583.93",27/06/2006,20128850164,20351539004,20309570244,20309825684,,,,,
7104,UCAYALI,"325,129.16",19/06/2006,20451445937,,,,,,,,
7105,UCAYALI,"108,092.87",17/05/2006,20393062399,,,,,,,,
7106,UCAYALI,"1,260,701.88",05/05/2006,20329428576,20352428648,20351222906,,,,,,
7107,UCAYALI,"1,361,967.00",05/05/2006,10070350314,20393096960,20230509353,20351988143,,,,,
7108,UCAYALI,"2,091,884.39",24/04/2006,10053891531,20351288672,20352424570,,,,,,
7109,UCAYALI,"103,869.56",24/04/2006,20393136341,,,,,,,,
7110,UCAYALI,"366,355.98",20/04/2006,20393196751,,,,,,,,
7111,UCAYALI,"57,149.31",08/03/2006,20393239311,,,,,,,,
7112,UCAYALI,"186,780.84",08/03/2006,20393224127,,,,,,,,
7113,UCAYALI,"1,257,160.00",08/03/2006,20393054451,20230509353,20352374963,20393059096,,,,,
7114,UCAYALI,"15,242.37",02/03/2006,20393145847,,,,,,,,
7115,UCAYALI,"17,370.60",02/03/2006,20393059096,,,,,,,,
7116,UCAYALI,"15,885.39",02/03/2006,20393059096,,,,,,,,
7117,UCAYALI,"17,266.83",02/03/2006,20531375981,,,,,,,,
7118,UCAYALI,"22,800,000.00",12/12/2007,20506606722,10001046191,20352428648,20351222906,20351575574,20101279554,20100620805,,
7119,UCAYALI,"480,917.08",21/11/2007,20202576797,20163906661,,,,,,,
7120,UCAYALI,"2,161,217.21",02/11/2007,20104258167,,,,,,,,
7121,UCAYALI,"1,485,221.17",02/11/2007,20352127109,20393096960,20352424570,,,,,,
7122,UCAYALI,"176,404.87",30/12/2008,20393333414,,,,,,,,
7123,UCAYALI,"1,840,860.53",26/11/2008,10182053321,20352424570,20351288672,20393135884,,,,,
7124,UCAYALI,"1,649,013.50",25/11/2008,20506310360,20429414921,20506317372,,,,,,
7125,UCAYALI,"355,479.76",17/11/2008,20351288672,,,,,,,,
7126,UCAYALI,"1,349,519.53",24/09/2008,10098384869,20393096960,20351653044,,,,,,
7127,UCAYALI,"403,151.51",12/09/2008,20393071894,,,,,,,,
7128,UCAYALI,"2,209,449.15",08/08/2008,20352428648,20351222906,10211404529,20351575574,,,,,
7129,UCAYALI,"6,867,182.89",07/08/2008,20351222906,20351575574,10211404529,20352428648,,,,,
7130,UCAYALI,"1,863,154.06",04/08/2008,20207630609,10182053321,10011224381,20352424570,,,,,
7131,UCAYALI,"2,447,183.25",01/08/2008,10098384869,20393096960,20351288672,20393151812,,,,,
7132,UCAYALI,"2,758,267.70",07/05/2008,10211404529,20393151812,20352127109,20393096960,20352220737,,,,
7133,UCAYALI,"2,463,909.61",05/05/2008,10182053321,20352220737,20393292637,20352424570,20352127109,20393096960,20393252171,,
7134,UCAYALI,"3,502,011.05",30/04/2008,10211404529,20451238630,20103751692,20103921288,,,,,
7135,UCAYALI,"392,603.42",18/04/2008,20393313499,,,,,,,,
7136,UCAYALI,"17,006,174.77",18/04/2008,10083112668,20393069644,20204035785,20513073136,,,,,
7137,UCAYALI,"4,203,967.43",06/11/2009,10001046191,20393252848,20501522601,20223411461,,,,,
7138,UCAYALI,"4,797,504.74",06/11/2009,10182053321,20393059096,20393097265,20393112329,20352374963,,,,
7139,UCAYALI,"3,572,558.00",06/11/2009,20393326043,20393097265,20393112329,10182053321,20351653044,,,,
7140,UCAYALI,"29,099,748.55",05/10/2009,20393096960,20128959336,20352127109,20256388082,20279551932,,,,
7141,UCAYALI,"3,355,437.78",02/09/2009,10001046191,20352424570,20393097265,20207630609,,,,,
7142,UCAYALI,"2,032,616.42",02/09/2009,20393242532,20393172658,,,,,,,
7143,UCAYALI,"3,335,049.31",31/08/2009,10182053321,20393096960,20393252171,20393097265,,,,,
7144,UCAYALI,"1,143,566.16",05/08/2009,10182053321,20393077230,20352374963,20393112329,,,,,
7145,UCAYALI,"3,552,359.29",20/07/2009,20128959336,20393096960,20393151812,,,,,,
7146,UCAYALI,"287,621.93",01/07/2009,20393192098,,,,,,,,
7147,UCAYALI,"1,971,752.75",26/06/2009,20393345188,20393069644,20351575574,20351222906,,,,,
7148,UCAYALI,"1,324,693.94",26/06/2009,10182053321,20352374963,20393096960,20352494861,,,,,
7149,UCAYALI,"1,734,679.31",26/06/2009,10182053321,20352424570,20207630609,,,,,,
7150,UCAYALI,"3,007,892.66",26/06/2009,20223411461,20501522601,10001046191,20393252848,,,,,
7151,UCAYALI,"4,189,349.24",18/03/2009,10182053321,20393252171,20393096960,20393097265,20352127109,,,,
7152,UCAYALI,"5,242,063.45",18/03/2009,10211404529,20128959336,20393096960,20351575574,,,,,
7153,UCAYALI,"2,241,242.63",18/03/2009,10211404529,20393096960,20352127109,,,,,,
7154,UCAYALI,"1,135,743.66",08/03/2009,10182053321,20393097265,20393252171,,,,,,
7155,UCAYALI,"155,558.48",02/12/2010,20393435501,,,,,,,,
7156,UCAYALI,"1,585,201.18",30/11/2010,20393135370,20393345188,20393069644,,,,,,
7157,UCAYALI,"290,916.89",22/11/2010,20393432072,,,,,,,,
7158,UCAYALI,"58,752.67",02/11/2010,20393490196,,,,,,,,
7159,UCAYALI,"261,562.29",27/07/2010,20352374963,20393357194,,,,,,,
7160,UCAYALI,"186,398.66",25/06/2010,20393262649,,,,,,,,
7161,UCAYALI,"318,718.58",25/06/2010,20393262649,,,,,,,,
7162,UCAYALI,"368,602.81",28/05/2010,20128850164,20393078716,,,,,,,
7163,UCAYALI,"4,661,216.24",05/03/2010,10182053321,20352374963,20393069644,20393097265,20393345188,,,,
7164,UCAYALI,"3,874,711.54",05/03/2010,10182053321,20393097265,20352220737,,,,,,
7165,UCAYALI,"5,268,213.84",05/03/2010,10182053321,20393326043,20393112329,20393097265,20352374963,,,,
7166,UCAYALI,"738,442.14",24/02/2010,20501522601,20393252171,20393135884,,,,,,
7167,UCAYALI,"5,221,844.21",24/02/2010,20393097265,20352424570,20393252171,,,,,,
7168,UCAYALI,"8,550,808.17",24/02/2010,20393059096,20393252171,20352374963,20393112329,20393097265,20352424570,,,
7169,UCAYALI,"7,171,389.82",15/11/2011,20352424570,20393252171,20352374963,,,,,,
7170,UCAYALI,"5,056,120.00",18/10/2011,20393096960,20352374963,20393151812,,,,,,
7171,UCAYALI,"3,134,325.00",18/10/2011,20352374963,20393252171,20393155648,,,,,,
7172,UCAYALI,"5,270,087.00",18/10/2011,20393252171,20393281279,20352374963,,,,,,
7173,UCAYALI,"7,462,637.00",26/08/2011,20393252171,20352374963,20352424570,,,,,,
7174,UCAYALI,"3,056,585.00",26/08/2011,20352220737,20393252171,,,,,,,
7175,UCAYALI,"3,674,162.00",26/08/2011,20352374963,20352424570,,,,,,,
7176,UCAYALI,"3,205,050.00",26/08/2011,20393252171,20352374963,20393658127,,,,,,
7177,UCAYALI,"3,389,950.00",26/08/2011,20352374963,20352424570,,,,,,,
7178,UCAYALI,"3,226,600.00",26/08/2011,20393252171,20352424570,,,,,,,
7179,UCAYALI,"1,605,682.50",26/08/2011,20352374963,20393252848,20501522601,,,,,,
7180,UCAYALI,"4,760,628.00",19/05/2011,20352424570,20352374963,20501522601,20393252848,,,,,
7181,UCAYALI,"30,947,681.64",21/03/2013,20351575574,,,,,,,,
7182,UCAYALI,"3,745,914.17",26/12/2012,20352374963,20393281279,,,,,,,
7183,UCAYALI,"2,817,769.98",14/12/2012,20393252171,20352220737,,,,,,,
7184,UCAYALI,"1,462,288.62",14/12/2012,20393252171,20352220737,,,,,,,
7185,UCAYALI,"7,820,996.22",16/11/2012,20351222906,20393069644,20352374963,,,,,,
7186,UCAYALI,"60,749,362.47",16/11/2012,20483453362,20300690999,20352428648,20351222906,20351575574,,,,
7187,UCAYALI,"957,091.46",26/10/2012,20393097265,,,,,,,,
7188,UCAYALI,"8,259,324.68",26/10/2012,20351222906,20352374963,20393069644,,,,,,
7189,UCAYALI,"456,211.38",26/10/2012,20393292637,,,,,,,,
7190,UCAYALI,"892,638.99",19/09/2012,20393252171,20393418321,,,,,,,
7191,UCAYALI,"2,803,768.00",19/09/2012,20393097265,,,,,,,,
7192,UCAYALI,"1,211,013.43",19/09/2012,20393242532,20393172658,,,,,,,
7193,UCAYALI,"1,857,489.01",22/08/2012,20393172658,20393059096,20393069644,,,,,,
7194,UCAYALI,"3,427,504.42",16/08/2012,20351288672,20393252171,20352424570,,,,,,
7195,UCAYALI,"434,027.96",30/07/2012,20351222906,,,,,,,,
7196,UCAYALI,"4,933,543.00",19/07/2012,20352374963,20393252171,,,,,,,
7197,UCAYALI,"2,541,633.00",19/07/2012,20393135370,20393252848,,,,,,,
7198,UCAYALI,"6,552,250.15",19/07/2012,20393252848,20393252171,20352374963,,,,,,
7199,UCAYALI,"6,050,366.25",19/07/2012,20501522601,20393097265,,,,,,,
7200,UCAYALI,"2,801,486.14",19/07/2012,20352374963,20393345188,20393069644,,,,,,
7201,UCAYALI,"5,318,083.00",19/07/2012,20352424570,20352374963,,,,,,,
7202,UCAYALI,"175,423.74",02/03/2012,20393739551,,,,,,,,
7203,UCAYALI,"1,450,174.00",06/09/2013,20393706628,20352424570,,,,,,,
7204,UCAYALI,"9,678,906.93",13/08/2013,20393345188,20351222906,20351575574,20352428648,20352374963,,,,
7205,UCAYALI,"609,378.64",21/05/2013,20393658127,20393281279,,,,,,,
7206,UCAYALI,"507,815.55",25/04/2013,20393315785,,,,,,,,
7207,UCAYALI,"4,535,423.00",19/04/2013,20352424570,,,,,,,,
7208,UCAYALI,"2,118,929.79",19/04/2013,20352374963,20393172658,,,,,,,
7209,UCAYALI,"9,639,283.82",06/11/2014,20393292637,20352374963,20501522601,,,,,,
7210,UCAYALI,"66,896,294.76",10/09/2014,20352428648,20351222906,20351575574,,,,,,
7211,UCAYALI,"3,263,465.26",26/08/2014,20393281279,20352374963,20393270072,,,,,,
7212,UCAYALI,"1,930,229.88",26/08/2014,20393252171,20393584336,20352220737,,,,,,
7213,UCAYALI,"1,864,951.14",26/08/2014,20352374963,20393665506,,,,,,,
7214,UCAYALI,"1,513,684.70",26/08/2014,20393252171,20352220737,,,,,,,
7215,UCAYALI,"9,868,947.05",19/08/2014,20352374963,20393658127,,,,,,,
7216,UCAYALI,"2,033,642.21",14/07/2014,20393252848,20352374963,,,,,,,
7217,UCAYALI,"535,807.55",16/06/2014,20393252848,20352374963,20393658127,,,,,,
7218,UCAYALI,"42,353,988.94",13/06/2014,10408417479,20351575574,20352428648,20352374963,20351222906,20352424570,,,
7219,UCAYALI,"9,868,947.05",09/06/2014,20393658127,20352374963,,,,,,,
7220,UCAYALI,"6,705,275.91",28/02/2014,20351222906,20351575574,,,,,,,
7221,UCAYALI,"12,235,279.30",31/01/2014,20103921288,20352428648,20351575574,,,,,,
7222,UCAYALI,"3,331,299.41",30/01/2014,20393665506,20352374963,,,,,,,
7223,UCAYALI,"6,332,044.27",30/01/2014,10225010175,20352374963,20501522601,,,,,,
7224,UCAYALI,"8,635,043.23",29/01/2014,20541586530,20393281279,20352374963,,,,,,
7225,UCAYALI,"838,666.93",10/12/2015,20393648831,20393281279,,,,,,,
7226,UCAYALI,"937,214.78",10/12/2015,20393271044,,,,,,,,
7227,UCAYALI,"3,801,357.96",28/10/2015,20351699621,20501522601,20393281279,20393252848,,,,,
7228,UCAYALI,"343,763,600.62",14/09/2015,99000006374,20393155648,20475262647,20536612972,20536715518,,,,
7229,UCAYALI,"1,489,779.61",14/09/2015,20393252848,,,,,,,,
7230,UCAYALI,"8,423,715.61",13/08/2015,20393155648,20393670763,20393252848,20352424570,,,,,
7231,UCAYALI,"3,952,224.74",07/08/2015,20393155648,20352424570,20393418321,,,,,,
7232,UCAYALI,"2,738,335.07",14/07/2015,20393172658,20393418321,20393281279,20393270072,,,,,
7233,UCAYALI,"3,563,556.85",14/07/2015,20393483491,20393345188,20393252848,20393069644,,,,,
7234,UCAYALI,"4,122,160.26",13/05/2015,20393670763,20352424570,20393155648,,,,,,
7235,UCAYALI,"2,743,632.64",28/04/2015,20393252848,,,,,,,,
7236,UCAYALI,"4,886,732.44",22/04/2015,20393252848,20352424570,20393155648,,,,,,
7237,UCAYALI,"2,178,594.55",17/04/2015,20393418321,20393281279,20393172658,,,,,,
7238,UCAYALI,"600,133.52",13/03/2015,20393675480,20393667894,,,,,,,
7239,UCAYALI,"3,064,225.61",11/03/2015,20351699621,20352374963,,,,,,,
7240,UCAYALI,"1,702,311.12",11/03/2015,20393353105,20393675480,,,,,,,
7241,UCAYALI,"4,112,654.00",10/03/2015,20393795205,20352374963,10078620370,,,,,,
7242,UCAYALI,"67,154.06",12/12/2016,20393758423,20600038282,,,,,,,
7243,UCAYALI,"66,113.53",12/12/2016,20393758423,20600038282,,,,,,,
7244,UCAYALI,"68,026.58",12/12/2016,20393758423,20600038282,,,,,,,
7245,UCAYALI,"5,105,516.61",07/11/2016,20393658551,20393281279,20393252171,,,,,,
7246,UCAYALI,"22,477,721.67",02/11/2016,20393252848,20352424570,20352374963,20501522601,,,,,
7247,UCAYALI,"8,379,961.82",13/10/2016,20445575411,20531659075,,,,,,,
7248,UCAYALI,"2,543,831.09",13/10/2016,20393196751,20393172658,20351699621,,,,,,
7249,UCAYALI,"5,010,218.05",13/10/2016,20393598710,20352374963,20393281279,,,,,,
7250,UCAYALI,"3,367,123.85",27/09/2016,20523013603,20529030330,20352424570,20351539004,,,,,
7251,UCAYALI,"4,231,206.39",12/09/2016,20393281279,20352374963,20351699621,,,,,,
7252,UCAYALI,"6,424,022.99",08/08/2016,20393353105,20393081776,20352424570,20501522601,,,,,
7253,UCAYALI,"672,552.14",02/08/2016,20393667894,20393252171,,,,,,,
7254,UCAYALI,"686,050.77",02/08/2016,20393667894,20393252171,,,,,,,
7255,UCAYALI,"863,151.75",02/08/2016,20393667894,20393252171,,,,,,,
7256,UCAYALI,"3,090,709.02",22/07/2016,20393155648,20352374963,20352166007,20542587394,,,,,
7257,UCAYALI,"3,648,214.80",05/07/2016,20393281279,20393172658,,,,,,,
7258,UCAYALI,"4,380,625.61",17/06/2016,20393155648,20542587394,20393252848,,,,,,
7259,UCAYALI,"343,763,600.62",14/03/2016,99000006374,20351575574,20554462376,20536612972,99000019646,,,,
7260,UCAYALI,"69,681,503.65",14/02/2018,20552504641,,,,,,,,
7261,UCAYALI,"1,070,330.22",22/12/2017,20602465811,20393281279,,,,,,,
7262,UCAYALI,"788,799.67",22/12/2017,20487008967,20528927671,,,,,,,
7263,UCAYALI,"427,757.00",22/12/2017,20393404532,20393801370,,,,,,,
7264,UCAYALI,"854,986.11",19/12/2017,20393945886,20393667894,20573061650,,,,,,
7265,UCAYALI,"593,927.96",19/12/2017,20393366347,20393281279,,,,,,,
7266,UCAYALI,"2,825,269.15",23/10/2017,20393252171,20393670763,,,,,,,
7267,UCAYALI,"1,892,281.35",13/10/2017,20501522601,,,,,,,,
7268,UCAYALI,"80,000.00",15/09/2017,20393707781,,,,,,,,
7269,UCAYALI,"33,442,081.26",24/08/2017,20601312817,20536715518,20352428648,,,,,,
7270,UCAYALI,"8,944,431.83",11/08/2017,20393252171,20393252848,,,,,,,
7271,UCAYALI,"22,706,793.71",11/08/2017,20393252171,20501522601,20352374963,20393252848,,,,,
7272,UCAYALI,"8,690,692.38",22/06/2017,20486834529,20528924221,,,,,,,
7273,UCAYALI,"7,081,573.90",16/06/2017,20393353105,20393081776,20393675480,20393926741,,,,,
7274,UCAYALI,"71,374.00",21/04/2017,20600038282,20393758423,,,,,,,
7275,UCAYALI,"68,983.00",21/04/2017,20600038282,20393758423,,,,,,,
7276,UCAYALI,"5,975,584.90",21/02/2017,20393667894,20393252848,,,,,,,
7277,UCAYALI,"9,513,686.00",03/02/2017,20352374963,20393675480,,,,,,,
7278,UCAYALI,"40,421,258.11",17/12/2018,20393252848,20352374963,20393252171,,,,,,
7279,UCAYALI,"624,964.56",11/12/2018,20393281279,20486625792,,,,,,,
7280,UCAYALI,"11,234,901.78",22/11/2018,20486625792,20352374963,20393281279,,,,,,
7281,UCAYALI,"1,300,477.93",16/11/2018,20393281279,20600409311,,,,,,,
7282,UCAYALI,"203,260,008.49",26/10/2018,20523013603,20556295281,,,,,,,
7283,UCAYALI,"2,906,845.65",25/10/2018,20393281279,20393598710,,,,,,,
7284,UCAYALI,"5,896,191.20",23/10/2018,20393281279,20351699621,,,,,,,
7285,UCAYALI,"33,095,227.45",23/10/2018,20501522601,20352428648,,,,,,,
7286,UCAYALI,"24,896,151.04",18/10/2018,20352428648,20501522601,,,,,,,
7287,UCAYALI,"105,448,721.93",18/10/2018,20536715518,20352428648,,,,,,,
7288,UCAYALI,"12,380,213.42",17/10/2018,20553686432,20501522601,,,,,,,
7289,UCAYALI,"20,174,302.95",17/10/2018,20486625792,20393281279,20601888361,20352374963,,,,,
7290,UCAYALI,"18,181,986.62",16/10/2018,20393252848,20393252171,,,,,,,
7291,UCAYALI,"16,902,614.32",05/10/2018,20393801370,20393675480,20393081776,20501522601,20393353105,,,,
7292,UCAYALI,"40,421,258.11",21/09/2018,20352374963,20393252171,20393252848,,,,,,
7293,UCAYALI,"15,599,068.75",20/08/2018,20393667894,20549238484,20528924221,,,,,,
7294,UCAYALI,"15,132,362.41",26/07/2018,20489626706,20393675480,,,,,,,
7295,UCAYALI,"6,438,743.12",17/07/2018,20393281279,20600409311,,,,,,,
7296,UCAYALI,"2,474,956.23",13/07/2018,20533640631,20531089627,20600392892,,,,,,
7297,UCAYALI,"2,116,724.87",04/07/2018,20529030330,20523013603,,,,,,,
7298,UCAYALI,"39,869,035.90",02/07/2018,20501522601,20352428648,,,,,,,
7299,UCAYALI,"4,748,131.46",27/06/2018,20393172658,,,,,,,,
7300,UCAYALI,"7,048,005.82",21/06/2018,20352374963,20393598710,,,,,,,
7301,UCAYALI,"1,388,365.88",25/05/2018,20393281279,20600409311,,,,,,,
7302,UCAYALI,"11,291,856.42",10/05/2018,20478169559,20501522601,,,,,,,
7303,UCAYALI,"3,297,389.44",20/09/2019,20393281279,20393598710,,,,,,,
7304,UCAYALI,"4,375,111.50",19/07/2019,20603064101,20489532981,,,,,,,
7305,UCAYALI,"498,882.21",02/07/2019,20393155648,20393722747,,,,,,,
7306,UCAYALI,"32,833,998.30",15/05/2019,20393252848,20352374963,,,,,,,
7307,UCAYALI,"4,997,554.81",25/11/2020,20489528283,20606792752,,,,,,,
7308,UCAYALI,"3,358,823.41",29/10/2020,20600038282,20393758423,,,,,,,
7309,UCAYALI,"6,445,994.70",29/10/2020,10078620370,20393345188,,,,,,,
7310,UCAYALI,"597,968.46",29/10/2020,20603607610,20393155648,,,,,,,
7311,UCAYALI,"5,458,787.41",28/10/2020,20493836651,20600377818,,,,,,,
7312,UCAYALI,"655,136.08",01/12/2021,20393242532,20393665506,,,,,,,
7313,UCAYALI,"1,894,001.89",16/11/2021,20541706454,20607266175,,,,,,,
7314,UCAYALI,"6,639,587.90",25/10/2021,20393877431,20393758423,20493477405,,,,,,
7315,UCAYALI,"13,141,086.14",18/10/2021,20393877431,20393758423,20567223605,,,,,,
7316,UCAYALI,"2,036,667.33",15/10/2021,20393345188,20393352800,20603607610,,,,,,
7317,UCAYALI,"16,807,045.61",17/03/2021,20501522601,20352428648,,,,,,,
7318,UCAYALI,"13,213,107.62",15/11/2022,20393281279,20601888361,,,,,,,
7319,UCAYALI,"5,282,829.89",27/10/2022,20393336863,20393418321,,,,,,,
7320,UCAYALI,"1,739,840.72",05/10/2022,20542049228,20393667894,,,,,,,
7321,UCAYALI,"4,830,000.00",26/09/2022,20393523973,20351699621,,,,,,,
7322,UCAYALI,"2,553,161.36",20/09/2022,20352127109,20393313146,,,,,,,
7323,UCAYALI,"28,636,385.87",05/08/2022,20352428648,20501522601,,,,,,,
7324,UCAYALI,"13,089,720.87",12/07/2022,20393340208,20393281279,,,,,,,
7325,UCAYALI,"4,505,598.55",29/03/2022,20523013603,20378395152,,,,,,,
7326,UCAYALI,"7,148,398.68",15/02/2024,20393675480,,,,,,,,
7327,UCAYALI,"16,963,430.14",27/12/2023,20601263158,20393675480,,,,,,,
7328,UCAYALI,"30,300,000.00",21/12/2023,20493748018,20567140220,,,,,,,
7329,UCAYALI,"44,683,452.85",27/11/2023,20571395283,,,,,,,,
7330,UCAYALI,"1,104,489.20",10/11/2023,20393675480,20393667894,,,,,,,
7331,UCAYALI,"2,308,414.82",10/11/2023,20393353105,20393081776,20393284537,,,,,,
7332,UCAYALI,"2,360,010.47",10/11/2023,20601392985,20529033274,,,,,,,
7333,UCAYALI,"1,830,706.80",10/11/2023,20393155648,20393945886,,,,,,,
7334,UCAYALI,"2,293,129.54",06/11/2023,20408135517,20571266122,,,,,,,
7335,UCAYALI,"2,295,661.90",06/11/2023,20393675480,20393667894,,,,,,,
7336,UCAYALI,"10,798,608.65",06/11/2023,20533652213,20489544998,,,,,,,
7337,UCAYALI,"16,963,430.14",03/11/2023,20601263158,20393675480,,,,,,,
7338,UCAYALI,"8,232,232.46",03/11/2023,20393281279,20393764075,,,,,,,
7339,UCAYALI,"12,155,494.03",11/09/2023,20393633990,20393069644,,,,,,,
7340,UCAYALI,"204,767,431.14",17/08/2023,20218090550,20489558433,,,,,,,
7341,UCAYALI,"1,737,464.15",15/08/2023,20501522601,,,,,,,,
7342,UCAYALI,"17,981,742.56",10/08/2023,20393230364,20393418321,,,,,,,
7343,UCAYALI,"5,126,716.52",27/06/2023,20393665506,,,,,,,,
7344,UCAYALI,"46,700,848.73",11/12/2024,20491656761,20491560496,,,,,,,
7345,UCAYALI,"16,391,471.80",14/11/2024,20393281279,20601888361,,,,,,,
7346,UCAYALI,"1,607,886.66",10/09/2024,20571266122,20534013923,,,,,,,
7347,UCAYALI,"17,021,131.49",06/09/2024,20393675480,20393801370,,,,,,,
7348,UCAYALI,"1,381,990.18",05/08/2024,20393945886,20604031509,,,,,,,
7349,UCAYALI,"17,389,375.43",19/07/2024,20393151812,20393665506,,,,,,,
7350,UCAYALI,"48,500,000.00",06/06/2024,20601202574,20567140220,,,,,,,
7351,UCAYALI,"10,880,966.12",05/06/2024,20393418321,20393469669,,,,,,,
7352,UCAYALI,"7,283,824.70",25/04/2024,20533652213,20393987538,,,,,,,
7353,UCAYALI,"481,617.95",18/03/2024,20393513587,20602237282,,,,,,,
