id_contrato,ruc,gore,fecha,anio,monto_contrato
219,20136318323,AMAZONAS,10/11/2021,2021,227921.4
231,20450157008,AMAZONAS,08/09/2021,2021,704787.28
238,20450326713,AMAZONAS,28/04/2021,2021,13730000.0
236,20450326713,AMAZONAS,20/07/2021,2021,2779000.0
230,20450326713,AMAZONAS,14/09/2021,2021,8518000.0
237,20477530665,AMAZONAS,15/06/2021,2021,8319581.09
222,20479683728,AMAZONAS,28/10/2021,2021,2947476.22
223,20479790303,AMAZONAS,15/10/2021,2021,2229161.77
234,20480427913,AMAZONAS,13/08/2021,2021,562199.96
221,20480774397,AMAZONAS,28/10/2021,2021,3672791.92
227,20480791305,AMAZONAS,16/09/2021,2021,1295764.01
226,20480791305,AMAZONAS,24/09/2021,2021,1230844.17
233,20480836252,AMAZONAS,17/08/2021,2021,2650000.0
232,20480836252,AMAZONAS,03/09/2021,2021,4331250.27
229,20480836252,AMAZONAS,16/09/2021,2021,4752590.0
232,20487499685,AMAZONAS,03/09/2021,2021,4331250.27
226,20487499685,AMAZONAS,24/09/2021,2021,1230844.17
228,20487611191,AMAZONAS,16/09/2021,2021,1618708.39
219,20487909336,AMAZONAS,10/11/2021,2021,227921.4
238,20494079713,AMAZONAS,28/04/2021,2021,13730000.0
220,20534166240,AMAZONAS,29/10/2021,2021,1694543.35
239,20539016629,AMAZONAS,01/02/2021,2021,241494.14
235,20539201281,AMAZONAS,12/08/2021,2021,626250.0
224,20539201281,AMAZONAS,13/10/2021,2021,626250.0
223,20539201281,AMAZONAS,15/10/2021,2021,2229161.77
235,20539273605,AMAZONAS,12/08/2021,2021,626250.0
224,20539273605,AMAZONAS,13/10/2021,2021,626250.0
229,20542271834,AMAZONAS,16/09/2021,2021,4752590.0
236,20542312450,AMAZONAS,20/07/2021,2021,2779000.0
225,20561152005,AMAZONAS,01/10/2021,2021,1587565.42
222,20561152005,AMAZONAS,28/10/2021,2021,2947476.22
228,20600147600,AMAZONAS,16/09/2021,2021,1618708.39
225,20600542525,AMAZONAS,01/10/2021,2021,1587565.42
237,20600798937,AMAZONAS,15/06/2021,2021,8319581.09
221,20602698409,AMAZONAS,28/10/2021,2021,3672791.92
231,20604115923,AMAZONAS,08/09/2021,2021,704787.28
220,20604451648,AMAZONAS,29/10/2021,2021,1694543.35
234,20604775010,AMAZONAS,13/08/2021,2021,562199.96
837,20126533447,ANCASH,30/11/2021,2021,3303156.54
830,20260236611,ANCASH,07/12/2021,2021,1702902.62
865,20407893248,ANCASH,08/07/2021,2021,3989477.05
865,20407909268,ANCASH,08/07/2021,2021,3989477.05
839,20408018804,ANCASH,29/11/2021,2021,4780240.62
831,20408018804,ANCASH,07/12/2021,2021,7918951.01
827,20408018804,ANCASH,16/12/2021,2021,6069934.66
855,20408114943,ANCASH,16/09/2021,2021,2950000.0
836,20445575411,ANCASH,30/11/2021,2021,2318953.55
824,20445575411,ANCASH,21/12/2021,2021,5957366.93
826,20445582973,ANCASH,16/12/2021,2021,15037005.91
834,20445667618,ANCASH,07/12/2021,2021,5722667.27
845,20450157008,ANCASH,04/11/2021,2021,977334.19
866,20453649840,ANCASH,04/05/2021,2021,411603.81
834,20461192077,ANCASH,07/12/2021,2021,5722667.27
825,20486290910,ANCASH,20/12/2021,2021,5777984.73
818,20486290910,ANCASH,30/12/2021,2021,1963767.39
854,20486419971,ANCASH,23/09/2021,2021,1345974.82
846,20486419971,ANCASH,04/11/2021,2021,5743656.44
825,20487110141,ANCASH,20/12/2021,2021,5777984.73
856,20488351398,ANCASH,02/09/2021,2021,3113263.48
849,20488351398,ANCASH,22/10/2021,2021,11120538.77
829,20488351398,ANCASH,14/12/2021,2021,3113263.48
817,20488415973,ANCASH,30/12/2021,2021,3227110.91
860,20529066521,ANCASH,19/08/2021,2021,1886577.47
828,20530585078,ANCASH,15/12/2021,2021,2876120.71
861,20530592520,ANCASH,18/08/2021,2021,5451617.04
823,20530706398,ANCASH,28/12/2021,2021,6666162.05
819,20530933882,ANCASH,30/12/2021,2021,5060206.93
851,20530990681,ANCASH,12/10/2021,2021,6038681.35
851,20531000316,ANCASH,12/10/2021,2021,6038681.35
863,20531065019,ANCASH,22/07/2021,2021,989502.04
816,20531065019,ANCASH,30/12/2021,2021,7840116.56
848,20531084072,ANCASH,22/10/2021,2021,11117053.31
843,20531084072,ANCASH,16/11/2021,2021,5183289.32
826,20531084072,ANCASH,16/12/2021,2021,15037005.91
824,20531820542,ANCASH,21/12/2021,2021,5957366.93
815,20531884435,ANCASH,30/12/2021,2021,908059.86
848,20533086510,ANCASH,22/10/2021,2021,11117053.31
852,20533631305,ANCASH,05/10/2021,2021,2425802.29
833,20533631305,ANCASH,07/12/2021,2021,2284809.0
835,20533652213,ANCASH,07/12/2021,2021,1852188.65
830,20533729615,ANCASH,07/12/2021,2021,1702902.62
845,20533751386,ANCASH,04/11/2021,2021,977334.19
854,20533786333,ANCASH,23/09/2021,2021,1345974.82
822,20533788891,ANCASH,28/12/2021,2021,1432956.9
864,20534013923,ANCASH,12/07/2021,2021,5383223.24
845,20534027126,ANCASH,04/11/2021,2021,977334.19
841,20534158069,ANCASH,24/11/2021,2021,1665841.43
820,20534158069,ANCASH,30/12/2021,2021,3625771.79
816,20534166240,ANCASH,30/12/2021,2021,7840116.56
849,20534171910,ANCASH,22/10/2021,2021,11120538.77
821,20534197986,ANCASH,28/12/2021,2021,1803360.44
845,20541445553,ANCASH,04/11/2021,2021,977334.19
836,20541706454,ANCASH,30/11/2021,2021,2318953.55
819,20541706454,ANCASH,30/12/2021,2021,5060206.93
863,20542030802,ANCASH,22/07/2021,2021,989502.04
846,20542040786,ANCASH,04/11/2021,2021,5743656.44
835,20542049228,ANCASH,07/12/2021,2021,1852188.65
861,20542132982,ANCASH,18/08/2021,2021,5451617.04
860,20542141116,ANCASH,19/08/2021,2021,1886577.47
852,20542191059,ANCASH,05/10/2021,2021,2425802.29
847,20542191059,ANCASH,28/10/2021,2021,1836913.25
844,20542191059,ANCASH,16/11/2021,2021,4296922.47
832,20542191059,ANCASH,07/12/2021,2021,3712812.82
833,20542191059,ANCASH,07/12/2021,2021,2284809.0
815,20542438984,ANCASH,30/12/2021,2021,908059.86
850,20544063392,ANCASH,14/10/2021,2021,1227171.37
818,20549761608,ANCASH,30/12/2021,2021,1963767.39
855,20569181756,ANCASH,16/09/2021,2021,2950000.0
857,20571135885,ANCASH,24/08/2021,2021,2147509.13
858,20571135885,ANCASH,24/08/2021,2021,2084614.47
838,20571135885,ANCASH,29/11/2021,2021,1918452.99
832,20571135885,ANCASH,07/12/2021,2021,3712812.82
839,20571184151,ANCASH,29/11/2021,2021,4780240.62
831,20571184151,ANCASH,07/12/2021,2021,7918951.01
847,20571238269,ANCASH,28/10/2021,2021,1836913.25
844,20571250552,ANCASH,16/11/2021,2021,4296922.47
817,20571288363,ANCASH,30/12/2021,2021,3227110.91
838,20571309891,ANCASH,29/11/2021,2021,1918452.99
859,20571395283,ANCASH,24/08/2021,2021,3690101.62
853,20571395283,ANCASH,27/09/2021,2021,2058000.0
842,20571395283,ANCASH,24/11/2021,2021,4616563.82
820,20571395283,ANCASH,30/12/2021,2021,3625771.79
862,20571395364,ANCASH,09/08/2021,2021,3016113.85
857,20571395364,ANCASH,24/08/2021,2021,2147509.13
828,20600403207,ANCASH,15/12/2021,2021,2876120.71
840,20600683650,ANCASH,29/11/2021,2021,7014513.99
823,20600683650,ANCASH,28/12/2021,2021,6666162.05
859,20600770226,ANCASH,24/08/2021,2021,3690101.62
822,20601052980,ANCASH,28/12/2021,2021,1432956.9
866,20601175411,ANCASH,04/05/2021,2021,411603.81
858,20601568561,ANCASH,24/08/2021,2021,2084614.47
845,20602541216,ANCASH,04/11/2021,2021,977334.19
853,20603092440,ANCASH,27/09/2021,2021,2058000.0
837,20603321309,ANCASH,30/11/2021,2021,3303156.54
842,20604232610,ANCASH,24/11/2021,2021,4616563.82
828,20605871420,ANCASH,15/12/2021,2021,2876120.71
840,20605992146,ANCASH,29/11/2021,2021,7014513.99
841,20606854081,ANCASH,24/11/2021,2021,1665841.43
822,20608456857,ANCASH,28/12/2021,2021,1432956.9
850,20608495267,ANCASH,14/10/2021,2021,1227171.37
846,20608705334,ANCASH,04/11/2021,2021,5743656.44
1032,20527479704,APURIMAC,24/03/2021,2021,10031182.28
1039,20527760071,APURIMAC,18/11/2021,2021,4331170.01
1132,20264545812,AREQUIPA,01/03/2021,2021,7234949.0
1129,20344483702,AREQUIPA,29/04/2021,2021,1974127.56
1130,20456323007,AREQUIPA,19/03/2021,2021,4732448.8
1129,20534029927,AREQUIPA,29/04/2021,2021,1974127.56
1131,20563373009,AREQUIPA,11/03/2021,2021,189820194.39
1128,20600929438,AREQUIPA,22/07/2021,2021,7619548.76
1131,20601116082,AREQUIPA,11/03/2021,2021,189820194.39
1255,20218090550,AYACUCHO,29/09/2021,2021,19897870.79
1256,20407412592,AYACUCHO,06/08/2021,2021,3728902.89
1255,20476423539,AYACUCHO,29/09/2021,2021,19897870.79
1256,20494485118,AYACUCHO,06/08/2021,2021,3728902.89
1489,20453627951,CAJAMARCA,10/02/2021,2021,5264145.35
1488,20481813841,CAJAMARCA,17/02/2021,2021,5844271.84
1489,20495656234,CAJAMARCA,10/02/2021,2021,5264145.35
1484,20495865747,CAJAMARCA,03/11/2021,2021,5282234.59
1485,20495865747,CAJAMARCA,03/11/2021,2021,3416460.79
1484,20496021038,CAJAMARCA,03/11/2021,2021,5282234.59
1487,20496159811,CAJAMARCA,12/05/2021,2021,13312332.24
1486,20496159811,CAJAMARCA,30/06/2021,2021,9167870.71
1487,20529467606,CAJAMARCA,12/05/2021,2021,13312332.24
1486,20529467606,CAJAMARCA,30/06/2021,2021,9167870.71
1485,20601473454,CAJAMARCA,03/11/2021,2021,3416460.79
1792,20261295246,CALLAO,26/05/2021,2021,1142090.68
1784,20296637697,CALLAO,07/12/2021,2021,116308466.02
1791,20335343701,CALLAO,11/06/2021,2021,101198.66
1782,20489539137,CALLAO,28/12/2021,2021,410877.69
1782,20489665604,CALLAO,28/12/2021,2021,410877.69
1794,20493043073,CALLAO,09/04/2021,2021,134696.3
1790,20493043073,CALLAO,16/07/2021,2021,1774586.32
1793,20506003351,CALLAO,21/05/2021,2021,1475659.75
1786,20507503889,CALLAO,12/10/2021,2021,410708.77
1795,20513051833,CALLAO,30/03/2021,2021,2055201.65
1789,20521401703,CALLAO,06/09/2021,2021,1407148.99
1790,20525089917,CALLAO,16/07/2021,2021,1774586.32
1783,20534004185,CALLAO,13/12/2021,2021,442697.85
1788,20543060918,CALLAO,30/09/2021,2021,737064.89
1785,20543060918,CALLAO,19/10/2021,2021,1292785.59
1787,20546240852,CALLAO,12/10/2021,2021,1769925.29
1796,20547896026,CALLAO,10/03/2021,2021,1475659.75
1789,20601500648,CALLAO,06/09/2021,2021,1407148.99
1784,20602979173,CALLAO,07/12/2021,2021,116308466.02
1974,20524375631,CUSCO,21/07/2021,2021,3294847.5
1975,20527109362,CUSCO,16/03/2021,2021,9343694.08
1973,20527942773,CUSCO,23/08/2021,2021,2724180.45
1974,20528003401,CUSCO,21/07/2021,2021,3294847.5
1973,20547097069,CUSCO,23/08/2021,2021,2724180.45
2309,10206701248,HUANCAVELICA,29/12/2021,2021,583501.6
2309,10295928234,HUANCAVELICA,29/12/2021,2021,583501.6
2315,10410713506,HUANCAVELICA,30/11/2021,2021,7871916.04
2309,20451961196,HUANCAVELICA,29/12/2021,2021,583501.6
2313,20452840775,HUANCAVELICA,01/12/2021,2021,2746808.66
2311,20486136830,HUANCAVELICA,17/12/2021,2021,747531.9
2321,20486404273,HUANCAVELICA,29/04/2021,2021,8711443.23
2316,20486404273,HUANCAVELICA,13/09/2021,2021,3659163.17
2309,20486974886,HUANCAVELICA,29/12/2021,2021,583501.6
2309,20487064522,HUANCAVELICA,29/12/2021,2021,583501.6
2313,20494341973,HUANCAVELICA,01/12/2021,2021,2746808.66
2310,20494665876,HUANCAVELICA,20/12/2021,2021,2385054.75
2315,20494947774,HUANCAVELICA,30/11/2021,2021,7871916.04
2314,20494951020,HUANCAVELICA,30/11/2021,2021,4168833.7
2310,20494951020,HUANCAVELICA,20/12/2021,2021,2385054.75
2317,20503865549,HUANCAVELICA,21/07/2021,2021,1997563.78
2317,20520970704,HUANCAVELICA,21/07/2021,2021,1997563.78
2312,20568355041,HUANCAVELICA,01/12/2021,2021,4069522.96
2321,20600180771,HUANCAVELICA,29/04/2021,2021,8711443.23
2316,20600601891,HUANCAVELICA,13/09/2021,2021,3659163.17
2314,20600661966,HUANCAVELICA,30/11/2021,2021,4168833.7
2318,20600977661,HUANCAVELICA,20/07/2021,2021,168571515.92
2309,20601480493,HUANCAVELICA,29/12/2021,2021,583501.6
2309,20601714966,HUANCAVELICA,29/12/2021,2021,583501.6
2320,20604269009,HUANCAVELICA,07/06/2021,2021,50900000.0
2309,20604315582,HUANCAVELICA,29/12/2021,2021,583501.6
2319,20605034684,HUANCAVELICA,10/06/2021,2021,185541354.74
2320,20605487051,HUANCAVELICA,07/06/2021,2021,50900000.0
2319,99000030216,HUANCAVELICA,10/06/2021,2021,185541354.74
2769,20393151812,HUANUCO,28/04/2021,2021,2062409.26
2771,20489536979,HUANUCO,04/03/2021,2021,679069.34
2768,20492255981,HUANUCO,11/05/2021,2021,31524150.94
2767,20516615088,HUANUCO,31/05/2021,2021,904193.7
2770,20542191059,HUANUCO,07/04/2021,2021,1136085.91
2766,20542191059,HUANUCO,30/12/2021,2021,1123271.74
2768,20547097069,HUANUCO,11/05/2021,2021,31524150.94
2766,20600106351,HUANUCO,30/12/2021,2021,1123271.74
2769,20601263158,HUANUCO,28/04/2021,2021,2062409.26
2768,20602631258,HUANUCO,11/05/2021,2021,31524150.94
2771,20604540764,HUANUCO,04/03/2021,2021,679069.34
2770,20606474254,HUANUCO,07/04/2021,2021,1136085.91
3083,20367759551,ICA,09/04/2021,2021,34712531.68
3079,20452468418,ICA,03/11/2021,2021,3254433.45
3082,20508326433,ICA,06/10/2021,2021,4526343.29
3081,20527267511,ICA,21/10/2021,2021,13881746.83
3081,20527479704,ICA,21/10/2021,2021,13881746.83
3080,20527479704,ICA,29/10/2021,2021,4542407.28
3395,20232650444,JUNIN,19/10/2021,2021,7073020.9
3386,20377890117,JUNIN,29/11/2021,2021,11091790.43
3399,20407412592,JUNIN,16/06/2021,2021,8918442.03
3393,20438494171,JUNIN,26/10/2021,2021,49940957.71
3398,20444927098,JUNIN,09/08/2021,2021,20383418.31
3397,20461112227,JUNIN,29/09/2021,2021,9112696.98
3394,20486573113,JUNIN,19/10/2021,2021,7633585.66
3394,20486693283,JUNIN,19/10/2021,2021,7633585.66
3396,20486887568,JUNIN,18/10/2021,2021,2475696.01
3398,20486960401,JUNIN,09/08/2021,2021,20383418.31
3393,20487499685,JUNIN,26/10/2021,2021,49940957.71
3393,20487950301,JUNIN,26/10/2021,2021,49940957.71
3399,20494854172,JUNIN,16/06/2021,2021,8918442.03
3389,20494854172,JUNIN,09/11/2021,2021,1330544.75
3385,20494854172,JUNIN,23/12/2021,2021,2024906.5
3383,20495042333,JUNIN,30/12/2021,2021,3423667.13
3391,20514402346,JUNIN,29/10/2021,2021,17054300.53
3395,20523070071,JUNIN,19/10/2021,2021,7073020.9
3391,20528901361,JUNIN,29/10/2021,2021,17054300.53
3391,20529166151,JUNIN,29/10/2021,2021,17054300.53
3388,20541462644,JUNIN,15/11/2021,2021,702946.07
3390,20568071876,JUNIN,08/11/2021,2021,1120500.0
3397,20568112220,JUNIN,29/09/2021,2021,9112696.98
3398,20568223307,JUNIN,09/08/2021,2021,20383418.31
3392,20568437528,JUNIN,28/10/2021,2021,1228307.91
3392,20568535376,JUNIN,28/10/2021,2021,1228307.91
3390,20568838352,JUNIN,08/11/2021,2021,1120500.0
3388,20568992351,JUNIN,15/11/2021,2021,702946.07
3383,20574732400,JUNIN,30/12/2021,2021,3423667.13
3386,20600683650,JUNIN,29/11/2021,2021,11091790.43
3383,20602262201,JUNIN,30/12/2021,2021,3423667.13
3387,20602979173,JUNIN,26/11/2021,2021,121753631.44
3384,20602979173,JUNIN,29/12/2021,2021,128077221.59
3400,20604269009,JUNIN,14/04/2021,2021,67245585.16
3389,20604384002,JUNIN,09/11/2021,2021,1330544.75
3805,10266854892,LA LIBERTAD,19/05/2021,2021,34648304.19
3796,20121907608,LA LIBERTAD,29/12/2021,2021,609345.62
3797,20134483611,LA LIBERTAD,28/12/2021,2021,2241060.06
3795,20453649840,LA LIBERTAD,29/12/2021,2021,717884.06
3807,20477150242,LA LIBERTAD,11/05/2021,2021,11031463.21
3799,20477458883,LA LIBERTAD,18/10/2021,2021,1396115.72
3802,20477460357,LA LIBERTAD,23/08/2021,2021,2057620.2
3798,20477617434,LA LIBERTAD,18/10/2021,2021,17308704.11
3804,20481813841,LA LIBERTAD,25/05/2021,2021,7682448.73
3810,20482206574,LA LIBERTAD,01/04/2021,2021,526883.03
3801,20489304687,LA LIBERTAD,13/09/2021,2021,3128538.23
3806,20495865747,LA LIBERTAD,17/05/2021,2021,2869921.71
3805,20495934498,LA LIBERTAD,19/05/2021,2021,34648304.19
3808,20501430669,LA LIBERTAD,07/04/2021,2021,12596739.28
3809,20501430669,LA LIBERTAD,07/04/2021,2021,14746308.36
3800,20504553516,LA LIBERTAD,15/09/2021,2021,1564363.28
3800,20529440074,LA LIBERTAD,15/09/2021,2021,1564363.28
3806,20529656751,LA LIBERTAD,17/05/2021,2021,2869921.71
3797,20529656751,LA LIBERTAD,28/12/2021,2021,2241060.06
3805,20529688017,LA LIBERTAD,19/05/2021,2021,34648304.19
3802,20531750749,LA LIBERTAD,23/08/2021,2021,2057620.2
3813,20539094930,LA LIBERTAD,07/01/2021,2021,79000.0
3811,20539094930,LA LIBERTAD,08/01/2021,2021,52550.0
3812,20539094930,LA LIBERTAD,08/01/2021,2021,78500.0
3804,20539094930,LA LIBERTAD,25/05/2021,2021,7682448.73
3808,20544771478,LA LIBERTAD,07/04/2021,2021,12596739.28
3809,20544771478,LA LIBERTAD,07/04/2021,2021,14746308.36
3803,20559687643,LA LIBERTAD,18/06/2021,2021,150000.0
3798,20603089619,LA LIBERTAD,18/10/2021,2021,17308704.11
3807,20603716176,LA LIBERTAD,11/05/2021,2021,11031463.21
3795,20606525690,LA LIBERTAD,29/12/2021,2021,717884.06
3798,99000028271,LA LIBERTAD,18/10/2021,2021,17308704.11
4094,20348938704,LAMBAYEQUE,13/07/2021,2021,18642037.91
4096,20353947614,LAMBAYEQUE,28/06/2021,2021,15622437.48
4095,20353947614,LAMBAYEQUE,13/07/2021,2021,28596771.76
4090,20409234462,LAMBAYEQUE,04/08/2021,2021,4993121.07
4092,20479892998,LAMBAYEQUE,16/07/2021,2021,316694.32
4098,20480403496,LAMBAYEQUE,08/04/2021,2021,3315145.47
4099,20480686692,LAMBAYEQUE,07/04/2021,2021,4070465.37
4089,20481813841,LAMBAYEQUE,05/08/2021,2021,7766136.45
4097,20487913791,LAMBAYEQUE,17/05/2021,2021,17271472.54
4070,20487950301,LAMBAYEQUE,19/03/2021,2021,4086576.49
4100,20487950301,LAMBAYEQUE,30/03/2021,2021,2380160.07
4091,20505655215,LAMBAYEQUE,04/08/2021,2021,7461715.64
4088,20526193513,LAMBAYEQUE,16/09/2021,2021,6815785.22
4097,20545316561,LAMBAYEQUE,17/05/2021,2021,17271472.54
4093,20561274968,LAMBAYEQUE,16/07/2021,2021,369344.98
4090,20568161786,LAMBAYEQUE,04/08/2021,2021,4993121.07
4070,20602235352,LAMBAYEQUE,19/03/2021,2021,4086576.49
4093,20602922368,LAMBAYEQUE,16/07/2021,2021,369344.98
4677,20231662244,LIMA,30/04/2021,2021,1580777.11
4678,20407917104,LIMA,25/03/2021,2021,9829308.2
4673,20407917104,LIMA,29/09/2021,2021,8630713.19
4676,20408135517,LIMA,21/06/2021,2021,3552648.29
4673,20445200019,LIMA,29/09/2021,2021,8630713.19
4679,20494682703,LIMA,18/02/2021,2021,889609.1
4678,20523386469,LIMA,25/03/2021,2021,9829308.2
4677,20532064768,LIMA,30/04/2021,2021,1580777.11
4672,20533990615,LIMA,29/10/2021,2021,3431360.0
4674,20534094079,LIMA,10/09/2021,2021,1525881.21
4672,20541653156,LIMA,29/10/2021,2021,3431360.0
4676,20600386981,LIMA,21/06/2021,2021,3552648.29
4675,20600721179,LIMA,09/09/2021,2021,4369691.94
4671,20600721179,LIMA,21/12/2021,2021,4369691.94
4675,20602076882,LIMA,09/09/2021,2021,4369691.94
4671,20602076882,LIMA,21/12/2021,2021,4369691.94
4676,20603550677,LIMA,21/06/2021,2021,3552648.29
4673,20603550677,LIMA,29/09/2021,2021,8630713.19
4672,20607462403,LIMA,29/10/2021,2021,3431360.0
5152,10053878488,LORETO,19/11/2021,2021,1099074.83
5159,20393358247,LORETO,29/04/2021,2021,3581282.61
5164,20393584336,LORETO,17/03/2021,2021,9778766.04
5161,20393633990,LORETO,26/03/2021,2021,23898670.63
5151,20393633990,LORETO,23/11/2021,2021,11677923.37
5163,20450256243,LORETO,22/03/2021,2021,9722359.88
5158,20451375548,LORETO,11/05/2021,2021,2132192.69
5156,20451375548,LORETO,06/07/2021,2021,7114813.94
5165,20489304687,LORETO,22/02/2021,2021,79683530.71
5163,20489627770,LORETO,22/03/2021,2021,9722359.88
5162,20493606736,LORETO,23/03/2021,2021,34632857.93
5154,20493748018,LORETO,20/08/2021,2021,2250000.0
5161,20493874587,LORETO,26/03/2021,2021,23898670.63
5160,20493874587,LORETO,16/04/2021,2021,4932500.0
5153,20528115897,LORETO,27/10/2021,2021,41400000.0
5148,20528115897,LORETO,23/12/2021,2021,9430000.0
5157,20528181334,LORETO,08/06/2021,2021,31300000.0
5162,20528255982,LORETO,23/03/2021,2021,34632857.93
5157,20528255982,LORETO,08/06/2021,2021,31300000.0
5158,20528428755,LORETO,11/05/2021,2021,2132192.69
5165,20529066521,LORETO,22/02/2021,2021,79683530.71
5152,20531396635,LORETO,19/11/2021,2021,1099074.83
5150,20541181556,LORETO,16/12/2021,2021,1096173.84
5149,20541181556,LORETO,17/12/2021,2021,610700.0
5165,20542531097,LORETO,22/02/2021,2021,79683530.71
5155,20567140220,LORETO,16/08/2021,2021,2350000.0
5154,20567140220,LORETO,20/08/2021,2021,2250000.0
5159,20600114965,LORETO,29/04/2021,2021,3581282.61
5148,20600898800,LORETO,23/12/2021,2021,9430000.0
5155,20601202574,LORETO,16/08/2021,2021,2350000.0
5157,20602078788,LORETO,08/06/2021,2021,31300000.0
5651,20344483702,PASCO,18/06/2021,2021,27059460.57
5651,20456317376,PASCO,18/06/2021,2021,27059460.57
5649,20486783606,PASCO,06/10/2021,2021,87979956.18
5654,20486867290,PASCO,17/02/2021,2021,1543636.52
5653,20489682363,PASCO,20/04/2021,2021,7570346.9
5650,20489682363,PASCO,25/06/2021,2021,7570346.9
5652,20529230851,PASCO,12/05/2021,2021,494524.21
5651,20534029927,PASCO,18/06/2021,2021,27059460.57
5650,20573212020,PASCO,25/06/2021,2021,7570346.9
5654,20600079787,PASCO,17/02/2021,2021,1543636.52
5653,20600819331,PASCO,20/04/2021,2021,7570346.9
5650,20600819331,PASCO,25/06/2021,2021,7570346.9
5649,20600977661,PASCO,06/10/2021,2021,87979956.18
6113,20275449751,PIURA,18/06/2021,2021,47683933.54
6118,20357499691,PIURA,19/02/2021,2021,50298232.54
6119,20426128803,PIURA,20/01/2021,2021,39564528.71
6114,20440577947,PIURA,17/06/2021,2021,2557092.26
6113,20477150242,PIURA,18/06/2021,2021,47683933.54
6108,20477366172,PIURA,30/11/2021,2021,9562023.74
6114,20483778075,PIURA,17/06/2021,2021,2557092.26
6111,20483851171,PIURA,05/10/2021,2021,17034789.85
6117,20491656761,PIURA,19/03/2021,2021,3075134.74
6112,20525491677,PIURA,10/09/2021,2021,5475419.26
6115,20525985751,PIURA,04/05/2021,2021,1596955.08
6116,20525985751,PIURA,04/05/2021,2021,497597.52
6111,20526146191,PIURA,05/10/2021,2021,17034789.85
6115,20526331762,PIURA,04/05/2021,2021,1596955.08
6109,20528964878,PIURA,12/11/2021,2021,2323340.01
6110,20530035671,PIURA,22/10/2021,2021,4557232.96
6110,20530091075,PIURA,22/10/2021,2021,4557232.96
6119,20600456467,PIURA,20/01/2021,2021,39564528.71
6108,20600625498,PIURA,30/11/2021,2021,9562023.74
6197,20447677831,PUNO,23/11/2021,2021,29724937.99
6199,20448307523,PUNO,18/02/2021,2021,840270.67
6198,20448497047,PUNO,18/11/2021,2021,30977956.16
6197,20448562396,PUNO,23/11/2021,2021,29724937.99
6196,20448562396,PUNO,30/11/2021,2021,7652879.09
6198,20486960401,PUNO,18/11/2021,2021,30977956.16
6196,20542703483,PUNO,30/11/2021,2021,7652879.09
6380,20450324184,SAN MARTIN,14/10/2021,2021,29970588.57
6381,20477366172,SAN MARTIN,12/10/2021,2021,2497430.0
6377,20489174023,SAN MARTIN,01/12/2021,2021,951444.34
6378,20489747244,SAN MARTIN,08/11/2021,2021,11074101.37
6383,20542312450,SAN MARTIN,18/05/2021,2021,493000.0
6378,20542330512,SAN MARTIN,08/11/2021,2021,11074101.37
6380,20542374218,SAN MARTIN,14/10/2021,2021,29970588.57
6379,20542374218,SAN MARTIN,27/10/2021,2021,2885088.66
6382,20572218369,SAN MARTIN,07/10/2021,2021,406274.97
6382,20572250505,SAN MARTIN,07/10/2021,2021,406274.97
6381,20600179714,SAN MARTIN,12/10/2021,2021,2497430.0
6376,20600453565,SAN MARTIN,03/12/2021,2021,531496.84
6375,20601456070,SAN MARTIN,30/12/2021,2021,445646.59
6376,20603358504,SAN MARTIN,03/12/2021,2021,531496.84
6511,10004760617,TACNA,01/07/2021,2021,4181109.41
6504,10004760617,TACNA,20/10/2021,2021,1193333.81
6501,10004760617,TACNA,07/12/2021,2021,5212552.31
6503,20119916705,TACNA,05/11/2021,2021,12809124.34
6508,20133176404,TACNA,06/09/2021,2021,7105489.65
6507,20406330495,TACNA,23/09/2021,2021,18886728.86
6506,20406330495,TACNA,27/09/2021,2021,1978650.49
6509,20447647096,TACNA,03/09/2021,2021,29244810.2
6502,20447647096,TACNA,30/11/2021,2021,5277151.4
6501,20449384050,TACNA,07/12/2021,2021,5212552.31
6513,20456317376,TACNA,08/03/2021,2021,23317371.33
6510,20456317376,TACNA,19/07/2021,2021,23317371.33
6499,20456317376,TACNA,30/12/2021,2021,43195394.49
6505,20477530665,TACNA,11/10/2021,2021,4181109.41
6499,20513051833,TACNA,30/12/2021,2021,43195394.49
6508,20519658501,TACNA,06/09/2021,2021,7105489.65
6511,20520021338,TACNA,01/07/2021,2021,4181109.41
6509,20521378531,TACNA,03/09/2021,2021,29244810.2
6512,20532656347,TACNA,03/05/2021,2021,5406753.03
6507,20532656347,TACNA,23/09/2021,2021,18886728.86
6506,20532656347,TACNA,27/09/2021,2021,1978650.49
6504,20533059890,TACNA,20/10/2021,2021,1193333.81
6500,20533059890,TACNA,13/12/2021,2021,4181109.41
6503,20601016347,TACNA,05/11/2021,2021,12809124.34
6512,20601265002,TACNA,03/05/2021,2021,5406753.03
6513,20601898463,TACNA,08/03/2021,2021,23317371.33
6510,20601898463,TACNA,19/07/2021,2021,23317371.33
6499,20601898463,TACNA,30/12/2021,2021,43195394.49
6505,20604357951,TACNA,11/10/2021,2021,4181109.41
6957,20409211411,TUMBES,08/06/2021,2021,3870148.12
6956,20409461019,TUMBES,09/11/2021,2021,5886429.66
6955,20479087360,TUMBES,02/12/2021,2021,1364902.54
6958,20484206997,TUMBES,04/06/2021,2021,5830702.47
6959,20488071603,TUMBES,03/05/2021,2021,8052591.24
6956,20525460950,TUMBES,09/11/2021,2021,5886429.66
6957,20529698918,TUMBES,08/06/2021,2021,3870148.12
6957,20600983025,TUMBES,08/06/2021,2021,3870148.12
6959,20604329494,TUMBES,03/05/2021,2021,8052591.24
7317,20352428648,UCAYALI,17/03/2021,2021,16807045.61
7312,20393242532,UCAYALI,01/12/2021,2021,655136.08
7316,20393345188,UCAYALI,15/10/2021,2021,2036667.33
7316,20393352800,UCAYALI,15/10/2021,2021,2036667.33
7312,20393665506,UCAYALI,01/12/2021,2021,655136.08
7315,20393758423,UCAYALI,18/10/2021,2021,13141086.14
7314,20393758423,UCAYALI,25/10/2021,2021,6639587.9
7315,20393877431,UCAYALI,18/10/2021,2021,13141086.14
7314,20393877431,UCAYALI,25/10/2021,2021,6639587.9
7314,20493477405,UCAYALI,25/10/2021,2021,6639587.9
7317,20501522601,UCAYALI,17/03/2021,2021,16807045.61
7313,20541706454,UCAYALI,16/11/2021,2021,1894001.89
7315,20567223605,UCAYALI,18/10/2021,2021,13141086.14
7316,20603607610,UCAYALI,15/10/2021,2021,2036667.33
7313,20607266175,UCAYALI,16/11/2021,2021,1894001.89
251,20450186440,AMAZONAS,28/03/2022,2022,8410000.0
216,20450326713,AMAZONAS,01/03/2022,2022,3458000.0
251,20450326713,AMAZONAS,28/03/2022,2022,8410000.0
250,20479764728,AMAZONAS,08/06/2022,2022,1235773.34
246,20479764728,AMAZONAS,15/06/2022,2022,443706.31
241,20479764728,AMAZONAS,04/10/2022,2022,296470.0
215,20479790303,AMAZONAS,19/05/2022,2022,1758745.66
240,20480134142,AMAZONAS,27/10/2022,2022,996580.74
244,20480188404,AMAZONAS,05/07/2022,2022,7372300.0
217,20480391200,AMAZONAS,28/02/2022,2022,2229161.77
244,20480427913,AMAZONAS,05/07/2022,2022,7372300.0
217,20480811934,AMAZONAS,28/02/2022,2022,2229161.77
248,20487419754,AMAZONAS,10/06/2022,2022,5763345.05
240,20487499685,AMAZONAS,27/10/2022,2022,996580.74
243,20487818535,AMAZONAS,19/07/2022,2022,250795.96
249,20487980634,AMAZONAS,08/06/2022,2022,767188.56
248,20495136231,AMAZONAS,10/06/2022,2022,5763345.05
218,20528217461,AMAZONAS,28/02/2022,2022,1977707.25
242,20572141986,AMAZONAS,04/08/2022,2022,2125000.0
246,20600504500,AMAZONAS,15/06/2022,2022,443706.31
250,20600542525,AMAZONAS,08/06/2022,2022,1235773.34
243,20601832811,AMAZONAS,19/07/2022,2022,250795.96
247,20602979173,AMAZONAS,14/06/2022,2022,122415156.59
245,20602979173,AMAZONAS,04/07/2022,2022,150579197.58
218,20605899227,AMAZONAS,28/02/2022,2022,1977707.25
241,20608056026,AMAZONAS,04/10/2022,2022,296470.0
249,20608518763,AMAZONAS,08/06/2022,2022,767188.56
881,10166241141,ANCASH,04/11/2022,2022,4573005.88
872,20107211480,ANCASH,01/12/2022,2022,10781184.87
884,20136318323,ANCASH,26/10/2022,2022,4182325.22
868,20144691173,ANCASH,21/12/2022,2022,1030619.88
907,20260236611,ANCASH,21/09/2022,2022,4944000.0
909,20260236611,ANCASH,21/09/2022,2022,829545.29
880,20260236611,ANCASH,09/11/2022,2022,2015945.26
876,20260236611,ANCASH,25/11/2022,2022,13228495.2
945,20274419637,ANCASH,24/05/2022,2022,7308682.02
888,20319536699,ANCASH,20/10/2022,2022,8119040.75
947,20323041092,ANCASH,23/05/2022,2022,3327639.21
924,20323041092,ANCASH,18/08/2022,2022,5348052.13
899,20323041092,ANCASH,04/10/2022,2022,2113994.24
894,20323041092,ANCASH,13/10/2022,2022,8254528.35
870,20323041092,ANCASH,02/12/2022,2022,2799055.03
911,20339480932,ANCASH,15/09/2022,2022,4304640.68
905,20339480932,ANCASH,03/10/2022,2022,10538623.99
952,20407011920,ANCASH,28/04/2022,2022,1765329.45
917,20407769407,ANCASH,05/09/2022,2022,9377925.89
960,20407851677,ANCASH,31/03/2022,2022,2182406.18
949,20407863250,ANCASH,11/05/2022,2022,912723.05
926,20407863250,ANCASH,12/08/2022,2022,3897731.01
922,20407863250,ANCASH,25/08/2022,2022,4261288.9
915,20407863250,ANCASH,07/09/2022,2022,27595401.33
904,20407871279,ANCASH,03/10/2022,2022,1581665.16
879,20407978588,ANCASH,14/11/2022,2022,2265588.13
961,20408010498,ANCASH,30/03/2022,2022,1708714.17
968,20408018804,ANCASH,25/02/2022,2022,3514289.94
894,20408018804,ANCASH,13/10/2022,2022,8254528.35
951,20408061726,ANCASH,28/04/2022,2022,873040.88
908,20408130396,ANCASH,21/09/2022,2022,740532.4
869,20408135517,ANCASH,06/12/2022,2022,1771000.0
954,20445685438,ANCASH,26/04/2022,2022,7397554.11
953,20445700178,ANCASH,26/04/2022,2022,4836320.64
953,20445710211,ANCASH,26/04/2022,2022,4836320.64
932,20461192077,ANCASH,07/07/2022,2022,6516559.95
876,20461192077,ANCASH,25/11/2022,2022,13228495.2
955,20477160710,ANCASH,26/04/2022,2022,868000.0
918,20477160710,ANCASH,02/09/2022,2022,16300000.0
867,20477886095,ANCASH,28/12/2022,2022,6413829.36
877,20478157976,ANCASH,18/11/2022,2022,11310061.92
872,20481520585,ANCASH,01/12/2022,2022,10781184.87
928,20481605491,ANCASH,10/08/2022,2022,3342490.38
947,20486290910,ANCASH,23/05/2022,2022,3327639.21
915,20486397714,ANCASH,07/09/2022,2022,27595401.33
883,20486960401,ANCASH,27/10/2022,2022,16580315.82
940,20487110141,ANCASH,15/06/2022,2022,7739198.59
968,20488252578,ANCASH,25/02/2022,2022,3514289.94
880,20488351398,ANCASH,09/11/2022,2022,2015945.26
882,20489585325,ANCASH,27/10/2022,2022,17918887.65
882,20504220461,ANCASH,27/10/2022,2022,17918887.65
927,20506003351,ANCASH,11/08/2022,2022,1096834.49
877,20507991662,ANCASH,18/11/2022,2022,11310061.92
922,20516256096,ANCASH,25/08/2022,2022,4261288.9
867,20516419572,ANCASH,28/12/2022,2022,6413829.36
869,20523814363,ANCASH,06/12/2022,2022,1771000.0
898,20528901361,ANCASH,05/10/2022,2022,2143677.01
966,20530592520,ANCASH,07/03/2022,2022,3189624.7
952,20530592520,ANCASH,28/04/2022,2022,1765329.45
895,20530592520,ANCASH,11/10/2022,2022,3993524.02
890,20530592520,ANCASH,19/10/2022,2022,38189898.74
893,20530592520,ANCASH,19/10/2022,2022,2459259.41
924,20530706398,ANCASH,18/08/2022,2022,5348052.13
925,20530706398,ANCASH,18/08/2022,2022,2994108.54
895,20530706398,ANCASH,11/10/2022,2022,3993524.02
896,20530862764,ANCASH,11/10/2022,2022,10432648.67
890,20530862764,ANCASH,19/10/2022,2022,38189898.74
938,20530933882,ANCASH,16/06/2022,2022,6999959.79
937,20530933882,ANCASH,17/06/2022,2022,2612203.5
893,20530990681,ANCASH,19/10/2022,2022,2459259.41
966,20531055722,ANCASH,07/03/2022,2022,3189624.7
958,20531064047,ANCASH,08/04/2022,2022,2471058.26
920,20531065019,ANCASH,01/09/2022,2022,7970927.94
954,20531750749,ANCASH,26/04/2022,2022,7397554.11
878,20531820542,ANCASH,18/11/2022,2022,3299320.93
886,20531866453,ANCASH,21/10/2022,2022,3450000.0
931,20531897413,ANCASH,07/07/2022,2022,3978055.16
967,20531927851,ANCASH,07/03/2022,2022,3389357.15
900,20532002819,ANCASH,04/10/2022,2022,2555555.55
901,20532002819,ANCASH,04/10/2022,2022,4650000.0
943,20532033293,ANCASH,30/05/2022,2022,624457.16
942,20533621768,ANCASH,15/06/2022,2022,7205665.28
885,20533675183,ANCASH,26/10/2022,2022,740532.4
939,20533693327,ANCASH,15/06/2022,2022,1868924.89
913,20533729615,ANCASH,15/09/2022,2022,1345474.77
912,20533744509,ANCASH,15/09/2022,2022,2700269.08
904,20533744509,ANCASH,03/10/2022,2022,1581665.16
910,20533751386,ANCASH,16/09/2022,2022,536722.75
899,20533788891,ANCASH,04/10/2022,2022,2113994.24
941,20533974415,ANCASH,15/06/2022,2022,2482167.57
886,20533974415,ANCASH,21/10/2022,2022,3450000.0
959,20534010151,ANCASH,08/04/2022,2022,1514571.26
946,20534013923,ANCASH,23/05/2022,2022,4842517.42
892,20534013923,ANCASH,19/10/2022,2022,7873889.89
887,20534016949,ANCASH,20/10/2022,2022,2722874.14
960,20534022914,ANCASH,31/03/2022,2022,2182406.18
916,20534027126,ANCASH,06/09/2022,2022,2881446.08
907,20534040068,ANCASH,21/09/2022,2022,4944000.0
890,20534098732,ANCASH,19/10/2022,2022,38189898.74
892,20534121734,ANCASH,19/10/2022,2022,7873889.89
957,20534145757,ANCASH,08/04/2022,2022,1469162.19
942,20534157500,ANCASH,15/06/2022,2022,7205665.28
933,20534157500,ANCASH,07/07/2022,2022,4714670.56
902,20534158069,ANCASH,03/10/2022,2022,4601098.04
891,20534158069,ANCASH,19/10/2022,2022,7684649.86
888,20534166240,ANCASH,20/10/2022,2022,8119040.75
941,20534489685,ANCASH,15/06/2022,2022,2482167.57
917,20534489685,ANCASH,05/09/2022,2022,9377925.89
928,20539979885,ANCASH,10/08/2022,2022,3342490.38
931,20541616382,ANCASH,07/07/2022,2022,3978055.16
898,20541769537,ANCASH,05/10/2022,2022,2143677.01
965,20542049228,ANCASH,29/03/2022,2022,950899.19
944,20542049228,ANCASH,30/05/2022,2022,2799653.49
925,20542049228,ANCASH,18/08/2022,2022,2994108.54
921,20542049228,ANCASH,26/08/2022,2022,1349868.85
884,20542049228,ANCASH,26/10/2022,2022,4182325.22
871,20542049228,ANCASH,01/12/2022,2022,538332.93
873,20542049228,ANCASH,01/12/2022,2022,962268.45
949,20542073013,ANCASH,11/05/2022,2022,912723.05
936,20542083329,ANCASH,22/06/2022,2022,1880419.23
923,20542083329,ANCASH,23/08/2022,2022,1880419.23
885,20542149362,ANCASH,26/10/2022,2022,740532.4
814,20542191059,ANCASH,04/03/2022,2022,4296922.47
913,20542191059,ANCASH,15/09/2022,2022,1345474.77
956,20542438984,ANCASH,20/04/2022,2022,3094407.72
940,20549761608,ANCASH,15/06/2022,2022,7739198.59
967,20568223307,ANCASH,07/03/2022,2022,3389357.15
918,20569181756,ANCASH,02/09/2022,2022,16300000.0
900,20569181756,ANCASH,04/10/2022,2022,2555555.55
901,20569181756,ANCASH,04/10/2022,2022,4650000.0
944,20571131464,ANCASH,30/05/2022,2022,2799653.49
942,20571131464,ANCASH,15/06/2022,2022,7205665.28
896,20571131464,ANCASH,11/10/2022,2022,10432648.67
964,20571135885,ANCASH,30/03/2022,2022,2808301.53
950,20571153867,ANCASH,06/05/2022,2022,3744241.18
914,20571153867,ANCASH,14/09/2022,2022,3438074.56
920,20571184151,ANCASH,01/09/2022,2022,7970927.94
814,20571250552,ANCASH,04/03/2022,2022,4296922.47
934,20571273501,ANCASH,07/07/2022,2022,3832305.46
930,20571273501,ANCASH,22/07/2022,2022,3956612.71
933,20571309891,ANCASH,07/07/2022,2022,4714670.56
871,20571309891,ANCASH,01/12/2022,2022,538332.93
873,20571309891,ANCASH,01/12/2022,2022,962268.45
950,20571395283,ANCASH,06/05/2022,2022,3744241.18
930,20571395283,ANCASH,22/07/2022,2022,3956612.71
914,20571395283,ANCASH,14/09/2022,2022,3438074.56
891,20571395283,ANCASH,19/10/2022,2022,7684649.86
963,20571395364,ANCASH,30/03/2022,2022,9022010.36
936,20571420067,ANCASH,22/06/2022,2022,1880419.23
929,20571420067,ANCASH,02/08/2022,2022,1883078.05
923,20571420067,ANCASH,23/08/2022,2022,1880419.23
935,20600044207,ANCASH,05/07/2022,2022,8672257.74
943,20600095936,ANCASH,30/05/2022,2022,624457.16
897,20600095936,ANCASH,05/10/2022,2022,199050.02
956,20600140893,ANCASH,20/04/2022,2022,3094407.72
967,20600180771,ANCASH,07/03/2022,2022,3389357.15
945,20600194420,ANCASH,24/05/2022,2022,7308682.02
874,20600253027,ANCASH,01/12/2022,2022,1084309.54
889,20600285956,ANCASH,19/10/2022,2022,890106.36
906,20600309481,ANCASH,03/10/2022,2022,9508645.17
885,20600403207,ANCASH,26/10/2022,2022,740532.4
879,20600454693,ANCASH,14/11/2022,2022,2265588.13
868,20600459211,ANCASH,21/12/2022,2022,1030619.88
906,20600683650,ANCASH,03/10/2022,2022,9508645.17
919,20600770226,ANCASH,02/09/2022,2022,1357436.66
955,20600805348,ANCASH,26/04/2022,2022,868000.0
912,20601050987,ANCASH,15/09/2022,2022,2700269.08
962,20601485088,ANCASH,30/03/2022,2022,8957305.73
903,20601485088,ANCASH,03/10/2022,2022,8528178.31
875,20601485088,ANCASH,29/11/2022,2022,1069840.01
957,20601568561,ANCASH,08/04/2022,2022,1469162.19
934,20601568561,ANCASH,07/07/2022,2022,3832305.46
935,20601649161,ANCASH,05/07/2022,2022,8672257.74
963,20601994322,ANCASH,30/03/2022,2022,9022010.36
948,20602002285,ANCASH,11/05/2022,2022,252958.38
932,20602406939,ANCASH,07/07/2022,2022,6516559.95
916,20602691528,ANCASH,06/09/2022,2022,2881446.08
948,20602797016,ANCASH,11/05/2022,2022,252958.38
926,20603096763,ANCASH,12/08/2022,2022,3897731.01
883,20603321309,ANCASH,27/10/2022,2022,16580315.82
962,20603354185,ANCASH,30/03/2022,2022,8957305.73
903,20603354185,ANCASH,03/10/2022,2022,8528178.31
939,20603373945,ANCASH,15/06/2022,2022,1868924.89
959,20603432224,ANCASH,08/04/2022,2022,1514571.26
887,20604129240,ANCASH,20/10/2022,2022,2722874.14
958,20604155828,ANCASH,08/04/2022,2022,2471058.26
932,20604803595,ANCASH,07/07/2022,2022,6516559.95
946,20605106910,ANCASH,23/05/2022,2022,4842517.42
964,20605233083,ANCASH,30/03/2022,2022,2808301.53
870,20605233083,ANCASH,02/12/2022,2022,2799055.03
938,20605308423,ANCASH,16/06/2022,2022,6999959.79
937,20605308423,ANCASH,17/06/2022,2022,2612203.5
919,20605432477,ANCASH,02/09/2022,2022,1357436.66
951,20607764621,ANCASH,28/04/2022,2022,873040.88
909,20607925136,ANCASH,21/09/2022,2022,829545.29
965,20607977454,ANCASH,29/03/2022,2022,950899.19
874,20608495267,ANCASH,01/12/2022,2022,1084309.54
921,20608582801,ANCASH,26/08/2022,2022,1349868.85
889,20609991969,ANCASH,19/10/2022,2022,890106.36
1038,20527814261,APURIMAC,03/03/2022,2022,4331170.01
1038,20564340384,APURIMAC,03/03/2022,2022,4331170.01
1133,20101884407,AREQUIPA,27/10/2022,2022,37291219.31
1137,20447714036,AREQUIPA,24/05/2022,2022,380219.24
1137,20447909716,AREQUIPA,24/05/2022,2022,380219.24
1135,20454785992,AREQUIPA,05/09/2022,2022,380219.25
1134,20456315918,AREQUIPA,27/10/2022,2022,9164478.5
1133,20551773923,AREQUIPA,27/10/2022,2022,37291219.31
1136,20571505488,AREQUIPA,23/08/2022,2022,10376842.01
1136,20574662517,AREQUIPA,23/08/2022,2022,10376842.01
1136,20604675198,AREQUIPA,23/08/2022,2022,10376842.01
1134,20604675198,AREQUIPA,27/10/2022,2022,9164478.5
1260,20102008066,AYACUCHO,10/06/2022,2022,16953392.29
1264,20144691173,AYACUCHO,13/04/2022,2022,8364581.27
1261,20489517320,AYACUCHO,09/06/2022,2022,12669710.01
1262,20489536979,AYACUCHO,22/04/2022,2022,2543231.19
1263,20494226287,AYACUCHO,19/04/2022,2022,7056481.73
1258,20494397090,AYACUCHO,18/08/2022,2022,13166925.15
1257,20517562158,AYACUCHO,19/10/2022,2022,187426981.17
1263,20517623394,AYACUCHO,19/04/2022,2022,7056481.73
1261,20527026238,AYACUCHO,09/06/2022,2022,12669710.01
1262,20528917951,AYACUCHO,22/04/2022,2022,2543231.19
1265,20534576146,AYACUCHO,12/04/2022,2022,2160652.32
1258,20534604701,AYACUCHO,18/08/2022,2022,13166925.15
1260,20534714981,AYACUCHO,10/06/2022,2022,16953392.29
1265,20574605980,AYACUCHO,12/04/2022,2022,2160652.32
1259,20574750301,AYACUCHO,22/07/2022,2022,2160652.32
1264,20600239598,AYACUCHO,13/04/2022,2022,8364581.27
1257,20601143021,AYACUCHO,19/10/2022,2022,187426981.17
1494,20355337619,CAJAMARCA,05/05/2022,2022,4527100.96
1496,20439586665,CAJAMARCA,14/03/2022,2022,2768559.75
1495,20453649840,CAJAMARCA,07/04/2022,2022,4424452.74
1493,20495751229,CAJAMARCA,15/06/2022,2022,1851917.08
1483,20495865747,CAJAMARCA,21/02/2022,2022,23232710.0
1492,20495999352,CAJAMARCA,26/07/2022,2022,522049.82
1490,20495999352,CAJAMARCA,09/08/2022,2022,5469568.23
1496,20529626330,CAJAMARCA,14/03/2022,2022,2768559.75
1490,20529698918,CAJAMARCA,09/08/2022,2022,5469568.23
1491,20535757811,CAJAMARCA,04/08/2022,2022,2662324.66
1491,20554659242,CAJAMARCA,04/08/2022,2022,2662324.66
1494,20560107006,CAJAMARCA,05/05/2022,2022,4527100.96
1483,20600044207,CAJAMARCA,21/02/2022,2022,23232710.0
1495,20601525594,CAJAMARCA,07/04/2022,2022,4424452.74
1805,10086203753,CALLAO,16/03/2022,2022,421547.38
1802,10232487149,CALLAO,08/09/2022,2022,2726512.22
1803,20173126345,CALLAO,28/06/2022,2022,10962760.69
1797,20232650444,CALLAO,16/12/2022,2022,2140278.37
1804,20379560742,CALLAO,12/05/2022,2022,1012491.01
1805,20451738284,CALLAO,16/03/2022,2022,421547.38
1806,20478169559,CALLAO,28/02/2022,2022,2435475.42
1799,20478169559,CALLAO,07/11/2022,2022,2716759.62
1800,20486960401,CALLAO,23/09/2022,2022,32443870.01
1806,20493043073,CALLAO,28/02/2022,2022,2435475.42
1801,20493043073,CALLAO,22/09/2022,2022,383562.99
1808,20501581951,CALLAO,27/01/2022,2022,11890891.81
1808,20503953839,CALLAO,27/01/2022,2022,11890891.81
1807,20508794968,CALLAO,23/02/2022,2022,16286618.15
1798,20517623394,CALLAO,11/11/2022,2022,1150000.0
1809,20547097069,CALLAO,26/01/2022,2022,1325234.91
1808,20553453845,CALLAO,27/01/2022,2022,11890891.81
1802,20553668027,CALLAO,08/09/2022,2022,2726512.22
1781,20600655095,CALLAO,18/01/2022,2022,29668033.02
1781,20603613474,CALLAO,18/01/2022,2022,29668033.02
1798,20607284033,CALLAO,11/11/2022,2022,1150000.0
1977,20451624432,CUSCO,19/10/2022,2022,2542803.0
1980,20452440912,CUSCO,07/03/2022,2022,14632803.52
1979,20490197771,CUSCO,14/03/2022,2022,18094452.1
1978,20494299161,CUSCO,14/10/2022,2022,2557457.8
1977,20523071042,CUSCO,19/10/2022,2022,2542803.0
1969,20525716342,CUSCO,01/03/2022,2022,15979861.16
1970,20525716342,CUSCO,01/03/2022,2022,17397878.46
1971,20525716342,CUSCO,01/03/2022,2022,6478703.73
1972,20525716342,CUSCO,01/03/2022,2022,19932041.93
1965,20525716342,CUSCO,21/03/2022,2022,25191267.21
1966,20525716342,CUSCO,21/03/2022,2022,18963473.27
1967,20525716342,CUSCO,21/03/2022,2022,13892462.32
1968,20525716342,CUSCO,21/03/2022,2022,12665576.51
1980,20527164207,CUSCO,07/03/2022,2022,14632803.52
1979,20564059171,CUSCO,14/03/2022,2022,18094452.1
1976,20601338361,CUSCO,16/11/2022,2022,5062287.46
1979,20601665591,CUSCO,14/03/2022,2022,18094452.1
2325,20335343701,HUANCAVELICA,14/09/2022,2022,694933.14
2328,20392986601,HUANCAVELICA,25/07/2022,2022,1131970.94
2326,20486960401,HUANCAVELICA,09/08/2022,2022,26280640.38
2323,20486974886,HUANCAVELICA,14/09/2022,2022,569791.74
2324,20486974886,HUANCAVELICA,14/09/2022,2022,555537.25
2329,20506003351,HUANCAVELICA,31/03/2022,2022,1131970.94
2322,20568355041,HUANCAVELICA,18/11/2022,2022,5135851.92
2326,20600180771,HUANCAVELICA,09/08/2022,2022,26280640.38
2323,20601593476,HUANCAVELICA,14/09/2022,2022,569791.74
2327,20606820993,HUANCAVELICA,25/07/2022,2022,432552.92
2327,20608145088,HUANCAVELICA,25/07/2022,2022,432552.92
2789,20226217003,HUANUCO,05/07/2022,2022,6613215.91
2793,20482474587,HUANUCO,22/02/2022,2022,1071936.45
2790,20486834529,HUANUCO,10/06/2022,2022,1239291.96
2786,20486834529,HUANUCO,05/07/2022,2022,1226591.5
2788,20486834529,HUANUCO,05/07/2022,2022,1168456.24
2775,20486834529,HUANUCO,14/10/2022,2022,1330019.28
2778,20489532981,HUANUCO,14/07/2022,2022,12198193.18
2776,20489532981,HUANUCO,10/08/2022,2022,31390674.74
2787,20489536979,HUANUCO,05/07/2022,2022,1533734.68
2791,20489643627,HUANUCO,08/06/2022,2022,1872562.7
2773,20489680310,HUANUCO,04/11/2022,2022,1544438.69
2774,20489688647,HUANUCO,02/11/2022,2022,1216292.21
2784,20510591829,HUANUCO,06/07/2022,2022,497789.54
2785,20510591829,HUANUCO,06/07/2022,2022,737228.9
2777,20528932321,HUANUCO,02/08/2022,2022,813976.83
2791,20529286997,HUANUCO,08/06/2022,2022,1872562.7
2780,20531055722,HUANUCO,07/07/2022,2022,277014.13
2781,20531055722,HUANUCO,07/07/2022,2022,439746.06
2779,20534004185,HUANUCO,12/07/2022,2022,1223600.58
2780,20534013508,HUANUCO,07/07/2022,2022,277014.13
2781,20534013508,HUANUCO,07/07/2022,2022,439746.06
2792,20542408562,HUANUCO,20/05/2022,2022,5505101.55
2778,20542408562,HUANUCO,14/07/2022,2022,12198193.18
2776,20542408562,HUANUCO,10/08/2022,2022,31390674.74
2783,20573078897,HUANUCO,06/07/2022,2022,441866.0
2782,20573078897,HUANUCO,07/07/2022,2022,448630.32
2787,20573140959,HUANUCO,05/07/2022,2022,1533734.68
2775,20573140959,HUANUCO,14/10/2022,2022,1330019.28
2777,20573320779,HUANUCO,02/08/2022,2022,813976.83
2772,20573333081,HUANUCO,12/12/2022,2022,1525709.72
2772,20600013255,HUANUCO,12/12/2022,2022,1525709.72
2789,20601263158,HUANUCO,05/07/2022,2022,6613215.91
2773,20603194676,HUANUCO,04/11/2022,2022,1544438.69
2783,20608077163,HUANUCO,06/07/2022,2022,441866.0
2782,20608077163,HUANUCO,07/07/2022,2022,448630.32
2774,20610153021,HUANUCO,02/11/2022,2022,1216292.21
3091,20261295246,ICA,16/06/2022,2022,4595763.71
3091,20268887785,ICA,16/06/2022,2022,4595763.71
3090,20367759551,ICA,04/07/2022,2022,10676027.7
3093,20445575411,ICA,03/06/2022,2022,75720833.36
3094,20452371414,ICA,27/05/2022,2022,9449640.85
3103,20452457726,ICA,27/01/2022,2022,4803066.82
3101,20452468418,ICA,16/03/2022,2022,15175948.27
3097,20485988468,ICA,25/05/2022,2022,15414784.08
3097,20486753791,ICA,25/05/2022,2022,15414784.08
3085,20486753791,ICA,09/11/2022,2022,1727967.39
3104,20494263484,ICA,17/01/2022,2022,12695936.04
3101,20494263484,ICA,16/03/2022,2022,15175948.27
3095,20495031137,ICA,26/05/2022,2022,1795366.45
3102,20508326433,ICA,02/03/2022,2022,3437211.6
3089,20508326433,ICA,05/07/2022,2022,5104651.85
3100,20510711824,ICA,23/03/2022,2022,3138076.77
3096,20514444341,ICA,26/05/2022,2022,4145476.99
3088,20517562158,ICA,15/08/2022,2022,89584307.0
3086,20517562158,ICA,04/10/2022,2022,65150648.35
3084,20523386469,ICA,14/12/2022,2022,20291277.63
3093,20531659075,ICA,03/06/2022,2022,75720833.36
3093,20532002819,ICA,03/06/2022,2022,75720833.36
3098,20534393572,ICA,03/05/2022,2022,2959264.81
3098,20534749008,ICA,03/05/2022,2022,2959264.81
3099,20536704231,ICA,22/04/2022,2022,2050607.52
3088,20537169207,ICA,15/08/2022,2022,89584307.0
3086,20537169207,ICA,04/10/2022,2022,65150648.35
3092,20547282559,ICA,10/06/2022,2022,3442803.74
3087,20547282559,ICA,04/10/2022,2022,3442803.74
3104,20600472233,ICA,17/01/2022,2022,12695936.04
3095,20600472233,ICA,26/05/2022,2022,1795366.45
3103,20600689020,ICA,27/01/2022,2022,4803066.82
3084,20602258395,ICA,14/12/2022,2022,20291277.63
3410,20101884407,JUNIN,02/02/2022,2022,115620399.68
3407,20452440912,JUNIN,26/04/2022,2022,20450216.55
3411,20486573113,JUNIN,26/01/2022,2022,1736414.02
3404,20486975939,JUNIN,16/09/2022,2022,12013041.76
3407,20489517320,JUNIN,26/04/2022,2022,20450216.55
3401,20501430669,JUNIN,09/11/2022,2022,25413754.95
3402,20514014419,JUNIN,26/09/2022,2022,42848634.74
3410,20529104988,JUNIN,02/02/2022,2022,115620399.68
3401,20547097069,JUNIN,09/11/2022,2022,25413754.95
3406,20574732400,JUNIN,08/07/2022,2022,11085992.86
3406,20574750301,JUNIN,08/07/2022,2022,11085992.86
3409,20600192087,JUNIN,11/02/2022,2022,42886018.03
3411,20600696654,JUNIN,26/01/2022,2022,1736414.02
3402,20601143021,JUNIN,26/09/2022,2022,42848634.74
3408,20602371442,JUNIN,05/04/2022,2022,187075508.96
3405,20602371442,JUNIN,13/09/2022,2022,303099339.55
3403,20602371442,JUNIN,20/09/2022,2022,179013502.43
3409,20603476400,JUNIN,11/02/2022,2022,42886018.03
3831,20144691173,LA LIBERTAD,14/06/2022,2022,4648629.62
3818,20205328662,LA LIBERTAD,12/10/2022,2022,3983503.58
3820,20326387593,LA LIBERTAD,30/09/2022,2022,2036421.27
3816,20326387593,LA LIBERTAD,12/12/2022,2022,2036421.27
3835,20355337619,LA LIBERTAD,31/05/2022,2022,4112855.16
3817,20397595782,LA LIBERTAD,13/10/2022,2022,26729685.57
3828,20440439129,LA LIBERTAD,15/06/2022,2022,2423454.92
3819,20461642706,LA LIBERTAD,11/10/2022,2022,7470872.69
3836,20477304908,LA LIBERTAD,12/05/2022,2022,13455464.76
3817,20477304908,LA LIBERTAD,13/10/2022,2022,26729685.57
3831,20477458883,LA LIBERTAD,14/06/2022,2022,4648629.62
3834,20477458883,LA LIBERTAD,14/06/2022,2022,1664664.28
3821,20481188955,LA LIBERTAD,09/09/2022,2022,13306017.14
3830,20481456712,LA LIBERTAD,14/06/2022,2022,2224420.16
3832,20481475342,LA LIBERTAD,14/06/2022,2022,1034422.76
3840,20481561265,LA LIBERTAD,18/02/2022,2022,1752205.53
3815,20481561265,LA LIBERTAD,20/12/2022,2022,7554747.05
3833,20481728062,LA LIBERTAD,14/06/2022,2022,2272172.31
3825,20481791422,LA LIBERTAD,15/06/2022,2022,2056755.5
3841,20481871027,LA LIBERTAD,17/02/2022,2022,3523750.26
3838,20481966672,LA LIBERTAD,08/04/2022,2022,5455480.98
3836,20482093354,LA LIBERTAD,12/05/2022,2022,13455464.76
3825,20482247921,LA LIBERTAD,15/06/2022,2022,2056755.5
3822,20482261168,LA LIBERTAD,04/07/2022,2022,3822194.91
3835,20482644253,LA LIBERTAD,31/05/2022,2022,4112855.16
3839,20482840516,LA LIBERTAD,04/03/2022,2022,1570711.62
3826,20484228451,LA LIBERTAD,15/06/2022,2022,3592656.82
3829,20494784450,LA LIBERTAD,14/06/2022,2022,2352635.23
3833,20502322711,LA LIBERTAD,14/06/2022,2022,2272172.31
3842,20523386469,LA LIBERTAD,08/02/2022,2022,17274685.63
3823,20529656751,LA LIBERTAD,22/06/2022,2022,3885012.53
3820,20529656751,LA LIBERTAD,30/09/2022,2022,2036421.27
3816,20529656751,LA LIBERTAD,12/12/2022,2022,2036421.27
3821,20529698918,LA LIBERTAD,09/09/2022,2022,13306017.14
3827,20530147127,LA LIBERTAD,15/06/2022,2022,2775891.71
3824,20531309091,LA LIBERTAD,17/06/2022,2022,13692903.23
3827,20538913571,LA LIBERTAD,15/06/2022,2022,2775891.71
3830,20542191059,LA LIBERTAD,14/06/2022,2022,2224420.16
3829,20553792119,LA LIBERTAD,14/06/2022,2022,2352635.23
3837,20600167571,LA LIBERTAD,18/04/2022,2022,514201.92
3828,20600167571,LA LIBERTAD,15/06/2022,2022,2423454.92
3818,20601226279,LA LIBERTAD,12/10/2022,2022,3983503.58
3823,20601649161,LA LIBERTAD,22/06/2022,2022,3885012.53
3842,20602206085,LA LIBERTAD,08/02/2022,2022,17274685.63
3842,20603476400,LA LIBERTAD,08/02/2022,2022,17274685.63
3817,20603476400,LA LIBERTAD,13/10/2022,2022,26729685.57
4110,10166907271,LAMBAYEQUE,16/06/2022,2022,1477687.85
4108,20230509353,LAMBAYEQUE,16/06/2022,2022,4874876.37
4107,20230509353,LAMBAYEQUE,17/06/2022,2022,8740630.76
4105,20445576060,LAMBAYEQUE,26/07/2022,2022,1152115.29
4111,20477366172,LAMBAYEQUE,17/05/2022,2022,11639644.02
4108,20480403496,LAMBAYEQUE,16/06/2022,2022,4874876.37
4107,20480403496,LAMBAYEQUE,17/06/2022,2022,8740630.76
4101,20480489196,LAMBAYEQUE,25/11/2022,2022,869616.51
4102,20481446326,LAMBAYEQUE,22/11/2022,2022,6967961.77
4104,20487913791,LAMBAYEQUE,26/07/2022,2022,30105507.82
4101,20487931854,LAMBAYEQUE,25/11/2022,2022,869616.51
4103,20509186961,LAMBAYEQUE,09/11/2022,2022,2649522.13
4104,20545316561,LAMBAYEQUE,26/07/2022,2022,30105507.82
4109,20561274968,LAMBAYEQUE,16/06/2022,2022,1085828.21
4106,20561274968,LAMBAYEQUE,17/06/2022,2022,760536.33
4109,20602922368,LAMBAYEQUE,16/06/2022,2022,1085828.21
4684,10076160312,LIMA,10/10/2022,2022,2095516.74
4692,10103454731,LIMA,06/05/2022,2022,3134025.31
4686,10103454731,LIMA,03/10/2022,2022,1314949.18
4684,10103454731,LIMA,10/10/2022,2022,2095516.74
4688,20231662244,LIMA,23/06/2022,2022,2509151.26
4695,20393675480,LIMA,05/04/2022,2022,23697875.44
4694,20407917104,LIMA,11/04/2022,2022,19839172.86
4694,20445200019,LIMA,11/04/2022,2022,19839172.86
4683,20489688990,LIMA,25/10/2022,2022,942490.45
4693,20491331543,LIMA,28/04/2022,2022,6877311.64
4693,20494686369,LIMA,28/04/2022,2022,6877311.64
4696,20523386469,LIMA,28/02/2022,2022,21873073.89
4685,20523386469,LIMA,10/10/2022,2022,8228418.65
4682,20529032464,LIMA,27/10/2022,2022,1770122.65
4687,20531049838,LIMA,25/07/2022,2022,498551.54
4688,20531897251,LIMA,23/06/2022,2022,2509151.26
4670,20534094079,LIMA,01/03/2022,2022,1525881.21
4681,20536704231,LIMA,07/11/2022,2022,2357557.19
4690,20542154366,LIMA,16/05/2022,2022,167087.0
4687,20542154366,LIMA,25/07/2022,2022,498551.54
4680,20556414123,LIMA,24/11/2022,2022,9446165.05
4691,20600021045,LIMA,11/05/2022,2022,4260229.65
4685,20600046218,LIMA,10/10/2022,2022,8228418.65
4691,20600160347,LIMA,11/05/2022,2022,4260229.65
4689,20600362161,LIMA,18/05/2022,2022,5743985.49
4695,20600377818,LIMA,05/04/2022,2022,23697875.44
4695,20601263158,LIMA,05/04/2022,2022,23697875.44
4689,20601955165,LIMA,18/05/2022,2022,5743985.49
4696,20603476400,LIMA,28/02/2022,2022,21873073.89
4696,20603550677,LIMA,28/02/2022,2022,21873073.89
4694,20603550677,LIMA,11/04/2022,2022,19839172.86
4683,20604654531,LIMA,25/10/2022,2022,942490.45
5206,20103921288,LORETO,03/03/2022,2022,1332895.03
5200,20103921288,LORETO,18/05/2022,2022,3555425.07
5190,20103921288,LORETO,27/09/2022,2022,2653703.1
5170,20103921288,LORETO,19/12/2022,2022,45713342.42
5180,20351988143,LORETO,10/11/2022,2022,2256000.01
5182,20392307045,LORETO,28/10/2022,2022,1271044.0
5196,20393633990,LORETO,02/08/2022,2022,26683823.24
5192,20393633990,LORETO,21/09/2022,2022,4985602.91
5189,20393633990,LORETO,28/09/2022,2022,5502227.49
5183,20393633990,LORETO,27/10/2022,2022,13324231.05
5175,20393633990,LORETO,23/11/2022,2022,439541.7
5175,20393644509,LORETO,23/11/2022,2022,439541.7
5178,20393706628,LORETO,11/11/2022,2022,21329870.58
5198,20393877431,LORETO,28/06/2022,2022,2250245.94
5203,20450157008,LORETO,05/05/2022,2022,2030000.0
5194,20450252418,LORETO,02/09/2022,2022,6365518.01
5205,20489747244,LORETO,16/03/2022,2022,9900000.0
5199,20493231236,LORETO,14/06/2022,2022,2714549.94
5185,20493231236,LORETO,30/09/2022,2022,943758.08
5191,20493538633,LORETO,23/09/2022,2022,6566488.68
5179,20493640322,LORETO,11/11/2022,2022,1202256.85
5206,20493644824,LORETO,03/03/2022,2022,1332895.03
5199,20493644824,LORETO,14/06/2022,2022,2714549.94
5181,20493747399,LORETO,04/11/2022,2022,3768105.4
5207,20493874587,LORETO,25/02/2022,2022,1600000.0
5177,20493874587,LORETO,16/11/2022,2022,4521006.88
5207,20494100429,LORETO,25/02/2022,2022,1600000.0
5187,20523070071,LORETO,29/09/2022,2022,556821.98
5202,20528115897,LORETO,06/05/2022,2022,5845000.0
5193,20528115897,LORETO,12/09/2022,2022,15850000.0
5169,20528115897,LORETO,21/12/2022,2022,77892436.16
5184,20528162895,LORETO,27/10/2022,2022,16088290.78
5204,20528181334,LORETO,22/04/2022,2022,5880550.87
5201,20528181334,LORETO,06/05/2022,2022,11213864.45
5195,20528255982,LORETO,12/08/2022,2022,59679472.17
5171,20528323571,LORETO,12/12/2022,2022,425163.35
5204,20528383808,LORETO,22/04/2022,2022,5880550.87
5192,20528383808,LORETO,21/09/2022,2022,4985602.91
5198,20528457691,LORETO,28/06/2022,2022,2250245.94
5187,20528476300,LORETO,29/09/2022,2022,556821.98
5173,20528476300,LORETO,29/11/2022,2022,935875.48
5186,20528481991,LORETO,30/09/2022,2022,1052434.02
5171,20528481991,LORETO,12/12/2022,2022,425163.35
5205,20529234504,LORETO,16/03/2022,2022,9900000.0
5197,20531396635,LORETO,21/07/2022,2022,1460734.19
5176,20531396635,LORETO,17/11/2022,2022,2599082.3
5172,20531396635,LORETO,07/12/2022,2022,1541201.29
5174,20541181556,LORETO,25/11/2022,2022,1200284.74
5181,20541243250,LORETO,04/11/2022,2022,3768105.4
5195,20541261401,LORETO,12/08/2022,2022,59679472.17
5201,20567140220,LORETO,06/05/2022,2022,11213864.45
5170,20567140220,LORETO,19/12/2022,2022,45713342.42
5200,20567237061,LORETO,18/05/2022,2022,3555425.07
5190,20567237061,LORETO,27/09/2022,2022,2653703.1
5188,20567237061,LORETO,29/09/2022,2022,4026958.34
5185,20567237061,LORETO,30/09/2022,2022,943758.08
5186,20567237061,LORETO,30/09/2022,2022,1052434.02
5188,20571135885,LORETO,29/09/2022,2022,4026958.34
5203,20572123228,LORETO,05/05/2022,2022,2030000.0
5176,20572260217,LORETO,17/11/2022,2022,2599082.3
5194,20600421353,LORETO,02/09/2022,2022,6365518.01
5177,20601740797,LORETO,16/11/2022,2022,4521006.88
5205,20604346011,LORETO,16/03/2022,2022,9900000.0
5173,20606258837,LORETO,29/11/2022,2022,935875.48
5182,20607715425,LORETO,28/10/2022,2022,1271044.0
5179,20608845934,LORETO,11/11/2022,2022,1202256.85
5322,20450252418,MADRE DE DIOS,01/08/2022,2022,2486181.65
5320,20450252418,MADRE DE DIOS,18/10/2022,2022,26714389.19
5324,20450299139,MADRE DE DIOS,11/04/2022,2022,13997394.49
5323,20450299139,MADRE DE DIOS,18/05/2022,2022,3244402.67
5321,20489627770,MADRE DE DIOS,07/09/2022,2022,1080000.0
5320,20492123057,MADRE DE DIOS,18/10/2022,2022,26714389.19
5324,20600421353,MADRE DE DIOS,11/04/2022,2022,13997394.49
5323,20605665196,MADRE DE DIOS,18/05/2022,2022,3244402.67
5321,20606236892,MADRE DE DIOS,07/09/2022,2022,1080000.0
5681,20450519783,PASCO,07/07/2022,2022,3656846.83
5688,20486397714,PASCO,24/05/2022,2022,694258.05
5671,20486513137,PASCO,05/10/2022,2022,5926870.15
5672,20486513137,PASCO,05/10/2022,2022,4254745.73
5656,20486834529,PASCO,25/11/2022,2022,1370596.41
5684,20486960401,PASCO,07/06/2022,2022,17291800.28
5667,20486975939,PASCO,24/10/2022,2022,3656048.53
5688,20487065502,PASCO,24/05/2022,2022,694258.05
5662,20489423775,PASCO,04/11/2022,2022,831361.53
5659,20489430399,PASCO,18/11/2022,2022,3340106.29
5690,20489466741,PASCO,28/01/2022,2022,20377545.67
5663,20489522242,PASCO,28/10/2022,2022,2622253.38
5686,20489536979,PASCO,30/05/2022,2022,2040678.54
5685,20489536979,PASCO,03/06/2022,2022,522509.76
5682,20489536979,PASCO,07/07/2022,2022,3001084.67
5689,20489537274,PASCO,19/05/2022,2022,2200404.22
5683,20489537274,PASCO,23/06/2022,2022,14112463.26
5673,20489537274,PASCO,27/09/2022,2022,2872456.8
5687,20489544998,PASCO,25/05/2022,2022,1770325.28
5660,20489544998,PASCO,10/11/2022,2022,26269353.54
5680,20489585325,PASCO,13/07/2022,2022,2194661.17
5683,20489739900,PASCO,23/06/2022,2022,14112463.26
5679,20489739900,PASCO,13/07/2022,2022,2040678.54
5678,20489739900,PASCO,20/07/2022,2022,4064331.12
5665,20489748054,PASCO,27/10/2022,2022,800272.41
5661,20514402346,PASCO,10/11/2022,2022,26232738.4
5671,20517623394,PASCO,05/10/2022,2022,5926870.15
5672,20517623394,PASCO,05/10/2022,2022,4254745.73
5675,20528901361,PASCO,04/08/2022,2022,2133600.54
5661,20528901361,PASCO,10/11/2022,2022,26232738.4
5657,20528901361,PASCO,24/11/2022,2022,1665690.0
5682,20528917951,PASCO,07/07/2022,2022,3001084.67
5678,20528917951,PASCO,20/07/2022,2022,4064331.12
5690,20528924221,PASCO,28/01/2022,2022,20377545.67
5656,20528953086,PASCO,25/11/2022,2022,1370596.41
5664,20529068655,PASCO,28/10/2022,2022,1377155.25
5685,20529111259,PASCO,03/06/2022,2022,522509.76
5673,20529137720,PASCO,27/09/2022,2022,2872456.8
5661,20529166151,PASCO,10/11/2022,2022,26232738.4
5660,20529186429,PASCO,10/11/2022,2022,26269353.54
5674,20529202998,PASCO,31/08/2022,2022,3899218.79
5675,20529230851,PASCO,04/08/2022,2022,2133600.54
5655,20533976540,PASCO,28/11/2022,2022,2733855.21
5676,20539807162,PASCO,22/07/2022,2022,2877771.63
5663,20541541439,PASCO,28/10/2022,2022,2622253.38
5670,20541559214,PASCO,06/10/2022,2022,5964254.76
5687,20542451735,PASCO,25/05/2022,2022,1770325.28
5665,20542471337,PASCO,27/10/2022,2022,800272.41
5686,20542577836,PASCO,30/05/2022,2022,2040678.54
5679,20542577836,PASCO,13/07/2022,2022,2040678.54
5669,20547097069,PASCO,11/10/2022,2022,1473990.59
5668,20551950990,PASCO,12/10/2022,2022,1501112.74
5684,20568235810,PASCO,07/06/2022,2022,17291800.28
5676,20568894180,PASCO,22/07/2022,2022,2877771.63
5670,20569048916,PASCO,06/10/2022,2022,5964254.76
5681,20571244153,PASCO,07/07/2022,2022,3656846.83
5655,20571244153,PASCO,28/11/2022,2022,2733855.21
5656,20571288363,PASCO,25/11/2022,2022,1370596.41
5668,20573098731,PASCO,12/10/2022,2022,1501112.74
5666,20573098731,PASCO,26/10/2022,2022,682009.66
5658,20573098731,PASCO,23/11/2022,2022,757788.51
5677,20600592786,PASCO,21/07/2022,2022,1688833.05
5677,20603194676,PASCO,21/07/2022,2022,1688833.05
5674,20604063290,PASCO,31/08/2022,2022,3899218.79
5689,20604441103,PASCO,19/05/2022,2022,2200404.22
5666,20604520062,PASCO,26/10/2022,2022,682009.66
5658,20604520062,PASCO,23/11/2022,2022,757788.51
5683,20604553947,PASCO,23/06/2022,2022,14112463.26
5657,20604694621,PASCO,24/11/2022,2022,1665690.0
5670,20604977411,PASCO,06/10/2022,2022,5964254.76
5659,20606797533,PASCO,18/11/2022,2022,3340106.29
5669,20608946889,PASCO,11/10/2022,2022,1473990.59
5664,20609789621,PASCO,28/10/2022,2022,1377155.25
6133,20102428197,PIURA,06/07/2022,2022,6197740.43
6134,20353947614,PIURA,30/05/2022,2022,55125034.78
6136,20357499691,PIURA,11/05/2022,2022,33812421.49
6132,20357499691,PIURA,06/07/2022,2022,30619950.94
6126,20399546487,PIURA,04/11/2022,2022,236485.44
6139,20445667618,PIURA,17/03/2022,2022,601835.08
6123,20484104302,PIURA,04/11/2022,2022,239347.51
6131,20488077717,PIURA,07/07/2022,2022,9131235.7
6129,20525441220,PIURA,27/09/2022,2022,2680198.87
6127,20525491677,PIURA,03/11/2022,2022,26588165.46
6135,20525526721,PIURA,27/05/2022,2022,541666.22
6137,20525975950,PIURA,19/04/2022,2022,9167314.93
6128,20525975950,PIURA,21/10/2022,2022,5451607.53
6127,20526090111,PIURA,03/11/2022,2022,26588165.46
6120,20526090111,PIURA,27/12/2022,2022,7943129.47
6137,20526146191,PIURA,19/04/2022,2022,9167314.93
6107,20526146191,PIURA,20/04/2022,2022,15608857.89
6121,20526323581,PIURA,04/11/2022,2022,145038.29
6138,20526331762,PIURA,01/04/2022,2022,4715182.94
6120,20526331762,PIURA,27/12/2022,2022,7943129.47
6137,20530091075,PIURA,19/04/2022,2022,9167314.93
6107,20530091075,PIURA,20/04/2022,2022,15608857.89
6130,20530147127,PIURA,08/07/2022,2022,566890.04
6121,20530192262,PIURA,04/11/2022,2022,145038.29
6128,20602350364,PIURA,21/10/2022,2022,5451607.53
6130,20602773133,PIURA,08/07/2022,2022,566890.04
6139,20605474960,PIURA,17/03/2022,2022,601835.08
6124,20605845101,PIURA,04/11/2022,2022,126662.6
6125,20605845101,PIURA,04/11/2022,2022,217493.5
6131,20606291729,PIURA,07/07/2022,2022,9131235.7
6122,20606584653,PIURA,04/11/2022,2022,85328.1
6200,20232650444,PUNO,12/07/2022,2022,4815160.75
6202,20384753125,PUNO,12/07/2022,2022,39288897.11
6201,20447845211,PUNO,12/07/2022,2022,2089633.2
6200,20448053599,PUNO,12/07/2022,2022,4815160.75
6201,20448053599,PUNO,12/07/2022,2022,2089633.2
6202,20461112227,PUNO,12/07/2022,2022,39288897.11
6409,20363610936,SAN MARTIN,03/02/2022,2022,7400242.13
6403,20393885531,SAN MARTIN,17/03/2022,2022,180900.0
6396,20393885531,SAN MARTIN,06/06/2022,2022,211147.89
6401,20450119254,SAN MARTIN,22/04/2022,2022,11104546.34
6390,20450119254,SAN MARTIN,09/08/2022,2022,351754.68
6384,20450186440,SAN MARTIN,25/11/2022,2022,1900100.0
6407,20450278051,SAN MARTIN,04/02/2022,2022,12150000.0
6389,20450278051,SAN MARTIN,09/08/2022,2022,28780000.0
6388,20450278051,SAN MARTIN,20/09/2022,2022,256500000.0
6408,20450299139,SAN MARTIN,03/02/2022,2022,11980000.0
6391,20450299139,SAN MARTIN,01/07/2022,2022,184767.99
6404,20450312259,SAN MARTIN,17/03/2022,2022,3545230.97
6393,20450312259,SAN MARTIN,21/06/2022,2022,35760000.0
6402,20450326713,SAN MARTIN,18/03/2022,2022,8645000.0
6385,20450326713,SAN MARTIN,26/10/2022,2022,1028900.0
6384,20450326713,SAN MARTIN,25/11/2022,2022,1900100.0
6399,20452477671,SAN MARTIN,17/05/2022,2022,14119507.98
6392,20452477671,SAN MARTIN,21/06/2022,2022,31427173.7
6406,20477150242,SAN MARTIN,04/02/2022,2022,7625076.49
6397,20493537742,SAN MARTIN,24/05/2022,2022,15444676.17
6407,20493975421,SAN MARTIN,04/02/2022,2022,12150000.0
6386,20494015740,SAN MARTIN,21/09/2022,2022,221419.04
6387,20494015740,SAN MARTIN,21/09/2022,2022,393032.33
6403,20494079713,SAN MARTIN,17/03/2022,2022,180900.0
6397,20528350462,SAN MARTIN,24/05/2022,2022,15444676.17
6405,20531599404,SAN MARTIN,16/03/2022,2022,447633.47
6388,20533651918,SAN MARTIN,20/09/2022,2022,256500000.0
6390,20542247453,SAN MARTIN,09/08/2022,2022,351754.68
6395,20542312450,SAN MARTIN,16/06/2022,2022,83000.0
6408,20542330512,SAN MARTIN,03/02/2022,2022,11980000.0
6409,20547581891,SAN MARTIN,03/02/2022,2022,7400242.13
6399,20560034289,SAN MARTIN,17/05/2022,2022,14119507.98
6392,20560034289,SAN MARTIN,21/06/2022,2022,31427173.7
6400,20572185924,SAN MARTIN,28/04/2022,2022,938547.01
6387,20600505557,SAN MARTIN,21/09/2022,2022,393032.33
6388,20600683650,SAN MARTIN,20/09/2022,2022,256500000.0
6397,20601123844,SAN MARTIN,24/05/2022,2022,15444676.17
6404,20601139457,SAN MARTIN,17/03/2022,2022,3545230.97
6394,20601456070,SAN MARTIN,16/06/2022,2022,464999.58
6390,20601638488,SAN MARTIN,09/08/2022,2022,351754.68
6396,20602206174,SAN MARTIN,06/06/2022,2022,211147.89
6398,20603282265,SAN MARTIN,18/05/2022,2022,231000.0
6400,20604718598,SAN MARTIN,28/04/2022,2022,938547.01
6386,20607046175,SAN MARTIN,21/09/2022,2022,221419.04
6527,10004760617,TACNA,11/04/2022,2022,618005.52
6522,20119916705,TACNA,11/08/2022,2022,14055685.16
6519,20218090550,TACNA,09/09/2022,2022,25191633.06
6516,20218090550,TACNA,10/10/2022,2022,17416579.7
6520,20232650444,TACNA,06/09/2022,2022,5476274.26
6529,20268887785,TACNA,07/03/2022,2022,923439.35
6526,20363610936,TACNA,12/04/2022,2022,9212061.03
6530,20406330495,TACNA,23/02/2022,2022,2607272.86
6524,20406330495,TACNA,08/07/2022,2022,9651051.63
6518,20406330495,TACNA,27/09/2022,2022,9651051.63
6526,20447647096,TACNA,12/04/2022,2022,9212061.03
6525,20447647096,TACNA,12/05/2022,2022,9546473.29
6517,20447781655,TACNA,30/09/2022,2022,10507589.51
6515,20447781655,TACNA,10/11/2022,2022,16140051.41
6521,20448245668,TACNA,16/08/2022,2022,823939.11
6527,20449384050,TACNA,11/04/2022,2022,618005.52
6528,20507991662,TACNA,17/03/2022,2022,15264947.34
6530,20532656347,TACNA,23/02/2022,2022,2607272.86
6524,20532656347,TACNA,08/07/2022,2022,9651051.63
6518,20532656347,TACNA,27/09/2022,2022,9651051.63
6517,20542703483,TACNA,30/09/2022,2022,10507589.51
6528,20565699955,TACNA,17/03/2022,2022,15264947.34
6519,20600426975,TACNA,09/09/2022,2022,25191633.06
6516,20600426975,TACNA,10/10/2022,2022,17416579.7
6522,20601016347,TACNA,11/08/2022,2022,14055685.16
6523,20601771641,TACNA,08/07/2022,2022,7886208.88
6964,20409278753,TUMBES,07/11/2022,2022,9809282.54
6966,20409285024,TUMBES,28/10/2022,2022,2137696.93
6969,20409366024,TUMBES,15/09/2022,2022,1217979.98
6968,20409401113,TUMBES,21/10/2022,2022,423006.07
6971,20409462091,TUMBES,24/08/2022,2022,720407.69
6971,20409472991,TUMBES,24/08/2022,2022,720407.69
6960,20409473700,TUMBES,29/12/2022,2022,677293.14
6962,20409487913,TUMBES,14/12/2022,2022,3962774.79
6972,20477216952,TUMBES,06/04/2022,2022,13078193.23
6972,20481014612,TUMBES,06/04/2022,2022,13078193.23
6973,20483789867,TUMBES,04/04/2022,2022,9079982.3
6973,20483981202,TUMBES,04/04/2022,2022,9079982.3
6969,20484022675,TUMBES,15/09/2022,2022,1217979.98
6968,20484033952,TUMBES,21/10/2022,2022,423006.07
6965,20484033952,TUMBES,28/10/2022,2022,1278393.17
6966,20484033952,TUMBES,28/10/2022,2022,2137696.93
6964,20484033952,TUMBES,07/11/2022,2022,9809282.54
6962,20484033952,TUMBES,14/12/2022,2022,3962774.79
6967,20484206997,TUMBES,26/10/2022,2022,19304965.3
6961,20484206997,TUMBES,22/12/2022,2022,16291508.33
6970,20525413871,TUMBES,14/09/2022,2022,1547940.65
6960,20525413871,TUMBES,29/12/2022,2022,677293.14
6967,20525460950,TUMBES,26/10/2022,2022,19304965.3
6961,20525460950,TUMBES,22/12/2022,2022,16291508.33
6965,20600122526,TUMBES,28/10/2022,2022,1278393.17
6970,20600588151,TUMBES,14/09/2022,2022,1547940.65
6963,20602371442,TUMBES,13/12/2022,2022,189284105.82
7321,20351699621,UCAYALI,26/09/2022,2022,4830000.0
7322,20352127109,UCAYALI,20/09/2022,2022,2553161.36
7323,20352428648,UCAYALI,05/08/2022,2022,28636385.87
7325,20378395152,UCAYALI,29/03/2022,2022,4505598.55
7324,20393281279,UCAYALI,12/07/2022,2022,13089720.87
7318,20393281279,UCAYALI,15/11/2022,2022,13213107.62
7322,20393313146,UCAYALI,20/09/2022,2022,2553161.36
7319,20393336863,UCAYALI,27/10/2022,2022,5282829.89
7324,20393340208,UCAYALI,12/07/2022,2022,13089720.87
7319,20393418321,UCAYALI,27/10/2022,2022,5282829.89
7321,20393523973,UCAYALI,26/09/2022,2022,4830000.0
7320,20393667894,UCAYALI,05/10/2022,2022,1739840.72
7323,20501522601,UCAYALI,05/08/2022,2022,28636385.87
7325,20523013603,UCAYALI,29/03/2022,2022,4505598.55
7320,20542049228,UCAYALI,05/10/2022,2022,1739840.72
7318,20601888361,UCAYALI,15/11/2022,2022,13213107.62
305,10466648707,AMAZONAS,10/04/2024,2024,1430577.06
291,20479790303,AMAZONAS,27/11/2024,2024,2608569.42
293,20479808440,AMAZONAS,30/10/2024,2024,1588695.74
285,20480059850,AMAZONAS,03/12/2024,2024,1913257.01
298,20480113064,AMAZONAS,24/07/2024,2024,704728.39
304,20480123884,AMAZONAS,11/06/2024,2024,10011017.75
252,20480427913,AMAZONAS,22/01/2024,2024,1460000.0
299,20480791305,AMAZONAS,22/07/2024,2024,1579075.36
294,20480836252,AMAZONAS,17/09/2024,2024,2632772.49
291,20487499685,AMAZONAS,27/11/2024,2024,2608569.42
297,20487976955,AMAZONAS,01/08/2024,2024,10881246.64
286,20487976955,AMAZONAS,28/11/2024,2024,880757.64
287,20487976955,AMAZONAS,28/11/2024,2024,648324.39
288,20487976955,AMAZONAS,28/11/2024,2024,331989.19
289,20487976955,AMAZONAS,28/11/2024,2024,543851.01
290,20487976955,AMAZONAS,28/11/2024,2024,519597.34
284,20487976955,AMAZONAS,12/12/2024,2024,1204023.45
280,20487976955,AMAZONAS,20/12/2024,2024,2013657.85
281,20487976955,AMAZONAS,20/12/2024,2024,1444588.04
282,20487976955,AMAZONAS,20/12/2024,2024,1942126.04
303,20488071603,AMAZONAS,13/06/2024,2024,5652798.03
304,20491560496,AMAZONAS,11/06/2024,2024,10011017.75
295,20491617439,AMAZONAS,11/09/2024,2024,3156291.75
295,20495931472,AMAZONAS,11/09/2024,2024,3156291.75
302,20510100604,AMAZONAS,25/06/2024,2024,1117599.86
302,20515869647,AMAZONAS,25/06/2024,2024,1117599.86
292,20517623394,AMAZONAS,27/11/2024,2024,3852742.44
296,20531455313,AMAZONAS,02/09/2024,2024,3099666.99
280,20560168994,AMAZONAS,20/12/2024,2024,2013657.85
282,20560168994,AMAZONAS,20/12/2024,2024,1942126.04
303,20561239542,AMAZONAS,13/06/2024,2024,5652798.03
298,20561260070,AMAZONAS,24/07/2024,2024,704728.39
283,20570698304,AMAZONAS,20/12/2024,2024,9926471.45
252,20600040040,AMAZONAS,22/01/2024,2024,1460000.0
300,20600143051,AMAZONAS,18/07/2024,2024,852499.31
293,20600147600,AMAZONAS,30/10/2024,2024,1588695.74
297,20600197739,AMAZONAS,01/08/2024,2024,10881246.64
305,20600357248,AMAZONAS,10/04/2024,2024,1430577.06
296,20600979192,AMAZONAS,02/09/2024,2024,3099666.99
294,20601446741,AMAZONAS,17/09/2024,2024,2632772.49
299,20601832811,AMAZONAS,22/07/2024,2024,1579075.36
284,20606918144,AMAZONAS,12/12/2024,2024,1204023.45
301,20607214914,AMAZONAS,08/07/2024,2024,190029.57
301,20607492337,AMAZONAS,08/07/2024,2024,190029.57
283,20610241191,AMAZONAS,20/12/2024,2024,9926471.45
292,20610381538,AMAZONAS,27/11/2024,2024,3852742.44
286,20611111241,AMAZONAS,28/11/2024,2024,880757.64
287,20611111241,AMAZONAS,28/11/2024,2024,648324.39
972,20205328662,ANCASH,17/01/2024,2024,77450355.62
972,20461112227,ANCASH,17/01/2024,2024,77450355.62
969,20489532981,ANCASH,22/01/2024,2024,46204467.5
969,20571184151,ANCASH,22/01/2024,2024,46204467.5
972,20602937934,ANCASH,17/01/2024,2024,77450355.62
1153,10004967122,AREQUIPA,30/05/2024,2024,3400774.82
1153,10005125583,AREQUIPA,30/05/2024,2024,3400774.82
1154,10181420761,AREQUIPA,30/05/2024,2024,4317524.0
1155,10224118100,AREQUIPA,29/05/2024,2024,86164895.31
1152,10293806492,AREQUIPA,30/05/2024,2024,4508708.71
1142,10295907024,AREQUIPA,20/12/2024,2024,9258634.44
1145,10453522542,AREQUIPA,31/10/2024,2024,35413768.38
1143,20226217003,AREQUIPA,25/11/2024,2024,20726587.81
1158,20406455603,AREQUIPA,10/05/2024,2024,10665165.94
1142,20412823711,AREQUIPA,20/12/2024,2024,9258634.44
1157,20447635080,AREQUIPA,10/05/2024,2024,10567158.63
1148,20448056261,AREQUIPA,27/09/2024,2024,10567158.63
1157,20448080308,AREQUIPA,10/05/2024,2024,10567158.63
1151,20452345251,AREQUIPA,04/06/2024,2024,7531464.58
1151,20478157976,AREQUIPA,04/06/2024,2024,7531464.58
1144,20482396331,AREQUIPA,22/11/2024,2024,95743898.7
1155,20488496442,AREQUIPA,29/05/2024,2024,86164895.31
1147,20489532981,AREQUIPA,18/10/2024,2024,53637938.86
1145,20494637074,AREQUIPA,31/10/2024,2024,35413768.38
1144,20494784450,AREQUIPA,22/11/2024,2024,95743898.7
1147,20494883865,AREQUIPA,18/10/2024,2024,53637938.86
1141,20494883865,AREQUIPA,27/12/2024,2024,7520113.93
1152,20498258116,AREQUIPA,30/05/2024,2024,4508708.71
1144,20506606722,AREQUIPA,22/11/2024,2024,95743898.7
1146,20523386469,AREQUIPA,24/10/2024,2024,90511768.56
1144,20523534590,AREQUIPA,22/11/2024,2024,95743898.7
1159,20531607784,AREQUIPA,10/05/2024,2024,3341280.68
1155,20534166240,AREQUIPA,29/05/2024,2024,86164895.31
1149,20534166240,AREQUIPA,18/07/2024,2024,178213893.31
1146,20536290916,AREQUIPA,24/10/2024,2024,90511768.56
1143,20539013441,AREQUIPA,25/11/2024,2024,20726587.81
1154,20541653156,AREQUIPA,30/05/2024,2024,4317524.0
1156,20564171761,AREQUIPA,10/05/2024,2024,1862839.76
1159,20571395364,AREQUIPA,10/05/2024,2024,3341280.68
1158,20600002717,AREQUIPA,10/05/2024,2024,10665165.94
1156,20600935845,AREQUIPA,10/05/2024,2024,1862839.76
1153,20601016347,AREQUIPA,30/05/2024,2024,3400774.82
1141,20601771641,AREQUIPA,27/12/2024,2024,7520113.93
1150,20603147465,AREQUIPA,14/06/2024,2024,30810450.2
1146,20603476400,AREQUIPA,24/10/2024,2024,90511768.56
1154,20611168528,AREQUIPA,30/05/2024,2024,4317524.0
1150,99000032707,AREQUIPA,14/06/2024,2024,30810450.2
1155,99000035293,AREQUIPA,29/05/2024,2024,86164895.31
1149,99000035293,AREQUIPA,18/07/2024,2024,178213893.31
1269,20536612972,AYACUCHO,04/10/2024,2024,380839457.95
1269,20537169207,AYACUCHO,04/10/2024,2024,380839457.95
1269,20602842330,AYACUCHO,04/10/2024,2024,380839457.95
1506,20119756821,CAJAMARCA,11/12/2024,2024,4877273.54
1508,20368833089,CAJAMARCA,30/10/2024,2024,6764290.45
1508,20451464567,CAJAMARCA,30/10/2024,2024,6764290.45
1507,20480188404,CAJAMARCA,15/11/2024,2024,1408789.78
1511,20491552981,CAJAMARCA,04/10/2024,2024,27364314.86
1510,20491552981,CAJAMARCA,11/10/2024,2024,31981270.28
1497,20495751229,CAJAMARCA,16/01/2024,2024,1943652.51
1513,20534166240,CAJAMARCA,25/04/2024,2024,28709670.64
1513,20570646681,CAJAMARCA,25/04/2024,2024,28709670.64
1512,20570690079,CAJAMARCA,10/09/2024,2024,9500000.0
1511,20570698304,CAJAMARCA,04/10/2024,2024,27364314.86
1510,20570698304,CAJAMARCA,11/10/2024,2024,31981270.28
1512,20570709861,CAJAMARCA,10/09/2024,2024,9500000.0
1509,20570740866,CAJAMARCA,24/10/2024,2024,4716478.27
1509,20600798937,CAJAMARCA,24/10/2024,2024,4716478.27
1506,20609906066,CAJAMARCA,11/12/2024,2024,4877273.54
1497,20610241191,CAJAMARCA,16/01/2024,2024,1943652.51
1828,20215462910,CALLAO,08/02/2024,2024,3946732.89
1826,20399019355,CALLAO,11/03/2024,2024,28024995.37
1827,20440439129,CALLAO,08/02/2024,2024,5456156.35
1822,20481567549,CALLAO,23/09/2024,2024,3050248.53
1823,20482100580,CALLAO,23/09/2024,2024,4389786.15
1822,20482817026,CALLAO,23/09/2024,2024,3050248.53
1824,20523071042,CALLAO,12/09/2024,2024,35165689.98
1820,20545316561,CALLAO,25/11/2024,2024,22772740.77
1825,20552238665,CALLAO,03/05/2024,2024,46889524.41
1825,20556700487,CALLAO,03/05/2024,2024,46889524.41
1823,20559507769,CALLAO,23/09/2024,2024,4389786.15
1821,20601460204,CALLAO,24/09/2024,2024,15653003.99
1824,20601595096,CALLAO,12/09/2024,2024,35165689.98
1821,20609132079,CALLAO,24/09/2024,2024,15653003.99
1994,20106758477,CUSCO,23/08/2024,2024,15401635.03
1994,20489558433,CUSCO,23/08/2024,2024,15401635.03
1993,20493537742,CUSCO,30/10/2024,2024,56401048.65
1992,20527164207,CUSCO,25/11/2024,2024,2268401.8
1995,20559291901,CUSCO,10/07/2024,2024,2446470.64
1995,20606079941,CUSCO,10/07/2024,2024,2446470.64
1993,20611055944,CUSCO,30/10/2024,2024,56401048.65
2335,20100047218,HUANCAVELICA,25/10/2024,2024,95522877.13
2338,20486299038,HUANCAVELICA,09/05/2024,2024,7884035.81
2338,20486404273,HUANCAVELICA,09/05/2024,2024,7884035.81
2336,20486404273,HUANCAVELICA,17/06/2024,2024,5635909.79
2337,20600827252,HUANCAVELICA,13/05/2024,2024,6703579.58
2336,20602768261,HUANCAVELICA,17/06/2024,2024,5635909.79
2337,20605238468,HUANCAVELICA,13/05/2024,2024,6703579.58
2833,20226217003,HUANUCO,19/12/2024,2024,7880553.25
2860,20407836872,HUANUCO,30/05/2024,2024,603216.0
2856,20486743302,HUANUCO,30/05/2024,2024,462458.27
2857,20486751151,HUANUCO,30/05/2024,2024,426386.16
2841,20486751151,HUANUCO,12/09/2024,2024,483745.4
2872,20487913791,HUANUCO,08/03/2024,2024,8467994.56
2871,20487913791,HUANUCO,11/03/2024,2024,6821360.26
2865,20489466741,HUANUCO,21/05/2024,2024,1253252.93
2842,20489475228,HUANUCO,12/09/2024,2024,797953.95
2862,20489536979,HUANUCO,30/05/2024,2024,478341.33
2848,20489536979,HUANUCO,20/06/2024,2024,2874149.76
2869,20489544998,HUANUCO,14/03/2024,2024,1709390.47
2868,20489558433,HUANUCO,15/03/2024,2024,1331584.34
2834,20489650674,HUANUCO,22/11/2024,2024,2713949.91
2861,20489717175,HUANUCO,30/05/2024,2024,483660.0
2870,20514155403,HUANUCO,13/03/2024,2024,1109030.22
2836,20515422154,HUANUCO,18/09/2024,2024,5474998.57
2850,20528910433,HUANUCO,18/06/2024,2024,2492469.05
2834,20529066521,HUANUCO,22/11/2024,2024,2713949.91
2844,20529169842,HUANUCO,04/09/2024,2024,1868562.98
2852,20529202998,HUANUCO,14/06/2024,2024,1438627.68
2851,20531054327,HUANUCO,14/06/2024,2024,1885059.58
2854,20534013508,HUANUCO,30/05/2024,2024,461757.13
2862,20542191059,HUANUCO,30/05/2024,2024,478341.33
2849,20542191059,HUANUCO,19/06/2024,2024,3180610.26
2840,20542191059,HUANUCO,12/09/2024,2024,485726.06
2859,20542344653,HUANUCO,30/05/2024,2024,543509.94
2869,20542531097,HUANUCO,14/03/2024,2024,1709390.47
2833,20552839073,HUANUCO,19/12/2024,2024,7880553.25
2843,20568838352,HUANUCO,10/09/2024,2024,385100.46
2873,20571135885,HUANUCO,04/03/2024,2024,3330590.56
2849,20571135885,HUANUCO,19/06/2024,2024,3180610.26
2845,20571395283,HUANUCO,20/08/2024,2024,2390113.6
2855,20571420067,HUANUCO,30/05/2024,2024,505826.35
2839,20571420067,HUANUCO,12/09/2024,2024,473792.09
2838,20571420067,HUANUCO,13/09/2024,2024,502825.26
2867,20573041977,HUANUCO,17/04/2024,2024,977256.93
2846,20573068743,HUANUCO,14/08/2024,2024,507446.98
2858,20573078897,HUANUCO,30/05/2024,2024,458348.44
2850,20573098731,HUANUCO,18/06/2024,2024,2492469.05
2844,20573098731,HUANUCO,04/09/2024,2024,1868562.98
2858,20573195427,HUANUCO,30/05/2024,2024,458348.44
2846,20573264097,HUANUCO,14/08/2024,2024,507446.98
2867,20573333081,HUANUCO,17/04/2024,2024,977256.93
2837,20573333081,HUANUCO,13/09/2024,2024,415000.0
2853,20600021045,HUANUCO,13/06/2024,2024,3979744.42
2851,20600142152,HUANUCO,14/06/2024,2024,1885059.58
2845,20600172744,HUANUCO,20/08/2024,2024,2390113.6
2835,20600184416,HUANUCO,22/11/2024,2024,3085028.51
2860,20600259688,HUANUCO,30/05/2024,2024,603216.0
2853,20600330722,HUANUCO,13/06/2024,2024,3979744.42
2855,20600347633,HUANUCO,30/05/2024,2024,505826.35
2839,20600349466,HUANUCO,12/09/2024,2024,473792.09
2873,20601161321,HUANUCO,04/03/2024,2024,3330590.56
2854,20601421586,HUANUCO,30/05/2024,2024,461757.13
2859,20601486505,HUANUCO,30/05/2024,2024,543509.94
2842,20602473903,HUANUCO,12/09/2024,2024,797953.95
2836,20602486894,HUANUCO,18/09/2024,2024,5474998.57
2866,20602500463,HUANUCO,02/05/2024,2024,342360.99
2843,20602633960,HUANUCO,10/09/2024,2024,385100.46
2864,20602924701,HUANUCO,29/05/2024,2024,1378358.84
2847,20602924701,HUANUCO,15/07/2024,2024,1109030.22
2840,20604048746,HUANUCO,12/09/2024,2024,485726.06
2852,20604488517,HUANUCO,14/06/2024,2024,1438627.68
2837,20605583718,HUANUCO,13/09/2024,2024,415000.0
2838,20606330732,HUANUCO,13/09/2024,2024,502825.26
2866,20606862581,HUANUCO,02/05/2024,2024,342360.99
2863,20606908815,HUANUCO,30/05/2024,2024,287380.41
2864,20608077163,HUANUCO,29/05/2024,2024,1378358.84
2848,20608077163,HUANUCO,20/06/2024,2024,2874149.76
2847,20608077163,HUANUCO,15/07/2024,2024,1109030.22
2872,20608386794,HUANUCO,08/03/2024,2024,8467994.56
2871,20608386794,HUANUCO,11/03/2024,2024,6821360.26
2856,20608515551,HUANUCO,30/05/2024,2024,462458.27
2868,20610563580,HUANUCO,15/03/2024,2024,1331584.34
2861,20610882499,HUANUCO,30/05/2024,2024,483660.0
3139,10401925461,ICA,19/08/2024,2024,177013.35
3132,20407412592,ICA,26/08/2024,2024,13465969.74
3136,20452457726,ICA,21/08/2024,2024,8292039.27
3139,20452777470,ICA,19/08/2024,2024,177013.35
3125,20452795532,ICA,05/12/2024,2024,2738299.95
3135,20493606736,ICA,22/08/2024,2024,43788654.52
3141,20494263484,ICA,12/04/2024,2024,48336880.82
3135,20494263484,ICA,22/08/2024,2024,43788654.52
3128,20494565065,ICA,15/11/2024,2024,3973480.98
3129,20494665876,ICA,06/11/2024,2024,14645435.88
3137,20494674352,ICA,21/08/2024,2024,3772439.61
3136,20494690552,ICA,21/08/2024,2024,8292039.27
3124,20494690552,ICA,05/12/2024,2024,9965552.02
3125,20494690552,ICA,05/12/2024,2024,2738299.95
3132,20510711824,ICA,26/08/2024,2024,13465969.74
3126,20528910433,ICA,05/12/2024,2024,6894311.41
3138,20531065019,ICA,21/08/2024,2024,33633280.97
3129,20534175664,ICA,06/11/2024,2024,14645435.88
3142,20534220473,ICA,05/03/2024,2024,6038928.67
3140,20534220473,ICA,09/08/2024,2024,48336880.82
3141,20534500247,ICA,12/04/2024,2024,48336880.82
3140,20534500247,ICA,09/08/2024,2024,48336880.82
3137,20534500247,ICA,21/08/2024,2024,3772439.61
3130,20534517131,ICA,27/09/2024,2024,2379769.18
3130,20535195715,ICA,27/09/2024,2024,2379769.18
3126,20541653156,ICA,05/12/2024,2024,6894311.41
3142,20544528026,ICA,05/03/2024,2024,6038928.67
3131,20600029798,ICA,03/09/2024,2024,2363087.2
3127,20600136586,ICA,26/11/2024,2024,678847.53
3138,20600292979,ICA,21/08/2024,2024,33633280.97
3128,20600472233,ICA,15/11/2024,2024,3973480.98
3134,20600998448,ICA,22/08/2024,2024,1554587.25
3133,20601158362,ICA,23/08/2024,2024,753000.0
3138,20603202954,ICA,21/08/2024,2024,33633280.97
3134,20604191522,ICA,22/08/2024,2024,1554587.25
3124,20604749591,ICA,05/12/2024,2024,9965552.02
3141,20605898905,ICA,12/04/2024,2024,48336880.82
3140,20605898905,ICA,09/08/2024,2024,48336880.82
3135,20606457945,ICA,22/08/2024,2024,43788654.52
3133,20607935972,ICA,23/08/2024,2024,753000.0
3481,20261295246,JUNIN,03/12/2024,2024,1831829.77
3413,20282062080,JUNIN,02/02/2024,2024,92355551.97
3512,20282062080,JUNIN,05/09/2024,2024,226526037.89
3460,20399273146,JUNIN,27/12/2024,2024,3883507.09
3523,20401507818,JUNIN,07/05/2024,2024,7052875.64
3491,20407412592,JUNIN,18/11/2024,2024,8022506.75
3469,20407412592,JUNIN,26/12/2024,2024,3515657.34
3522,20461112227,JUNIN,21/05/2024,2024,4845058.97
3478,20486093847,JUNIN,10/12/2024,2024,3911654.16
3527,20486103079,JUNIN,23/04/2024,2024,2780426.5
3507,20486103079,JUNIN,25/10/2024,2024,1767243.59
3490,20486103079,JUNIN,18/11/2024,2024,10860896.98
3473,20486103079,JUNIN,13/12/2024,2024,3678920.3
3519,20486132338,JUNIN,24/05/2024,2024,7035508.71
3518,20486132338,JUNIN,27/05/2024,2024,951247.75
3476,20486132338,JUNIN,11/12/2024,2024,6525766.39
3486,20486243750,JUNIN,27/11/2024,2024,2415463.53
3504,20486404273,JUNIN,29/10/2024,2024,4770563.58
3478,20486558742,JUNIN,10/12/2024,2024,3911654.16
3514,20486573113,JUNIN,20/06/2024,2024,8615243.28
3532,20486625954,JUNIN,01/03/2024,2024,8143790.05
3511,20486743302,JUNIN,06/09/2024,2024,3391296.79
3500,20486807122,JUNIN,07/11/2024,2024,4293432.15
3503,20486812479,JUNIN,29/10/2024,2024,3684727.3
3513,20486887568,JUNIN,27/06/2024,2024,13814832.7
3509,20486960401,JUNIN,30/09/2024,2024,108482869.58
3483,20486960401,JUNIN,28/11/2024,2024,196842972.81
3475,20486960401,JUNIN,12/12/2024,2024,57209195.13
3483,20486995450,JUNIN,28/11/2024,2024,196842972.81
3528,20487047512,JUNIN,22/04/2024,2024,5290114.94
3526,20487047512,JUNIN,24/04/2024,2024,4498075.59
3476,20487047512,JUNIN,11/12/2024,2024,6525766.39
3532,20487065502,JUNIN,01/03/2024,2024,8143790.05
3503,20487176169,JUNIN,29/10/2024,2024,3684727.3
3485,20489371791,JUNIN,27/11/2024,2024,87746857.06
3484,20489430399,JUNIN,28/11/2024,2024,70988547.79
3485,20489432413,JUNIN,27/11/2024,2024,87746857.06
3492,20489544998,JUNIN,14/11/2024,2024,6719695.0
3493,20489544998,JUNIN,14/11/2024,2024,2527495.42
3496,20489626706,JUNIN,13/11/2024,2024,10355785.14
3468,20489684145,JUNIN,26/12/2024,2024,5643522.95
3462,20489739900,JUNIN,27/12/2024,2024,1718053.47
3482,20493537742,JUNIN,02/12/2024,2024,121370516.55
3535,20494252521,JUNIN,01/02/2024,2024,149628219.99
3479,20494252521,JUNIN,03/12/2024,2024,9459024.92
3517,20494854172,JUNIN,13/06/2024,2024,11257308.04
3412,20494951020,JUNIN,17/06/2024,2024,35697710.74
3510,20494951020,JUNIN,26/09/2024,2024,2515069.28
3461,20494951020,JUNIN,27/12/2024,2024,28017961.64
3531,20528917951,JUNIN,11/04/2024,2024,3763192.39
3521,20528917951,JUNIN,22/05/2024,2024,6993492.7
3502,20528924221,JUNIN,30/10/2024,2024,13896091.46
3484,20529068655,JUNIN,28/11/2024,2024,70988547.79
3515,20529104988,JUNIN,17/06/2024,2024,173631976.74
3495,20531455313,JUNIN,13/11/2024,2024,5442641.34
3412,20534666218,JUNIN,17/06/2024,2024,35697710.74
3470,20534839091,JUNIN,26/12/2024,2024,4218696.89
3522,20535886033,JUNIN,21/05/2024,2024,4845058.97
3512,20536612972,JUNIN,05/09/2024,2024,226526037.89
3499,20541417851,JUNIN,07/11/2024,2024,1602349.66
3492,20541453815,JUNIN,14/11/2024,2024,6719695.0
3493,20541453815,JUNIN,14/11/2024,2024,2527495.42
3516,20541462644,JUNIN,17/06/2024,2024,2979000.88
3477,20541462644,JUNIN,11/12/2024,2024,2595364.82
3488,20541556380,JUNIN,22/11/2024,2024,3425524.74
3529,20541592777,JUNIN,22/04/2024,2024,6656243.67
3501,20542153980,JUNIN,31/10/2024,2024,36620784.36
3534,20546099220,JUNIN,09/02/2024,2024,3666504.86
3501,20557209752,JUNIN,31/10/2024,2024,36620784.36
3480,20568003790,JUNIN,03/12/2024,2024,1518597.1
3506,20568050283,JUNIN,28/10/2024,2024,3589782.8
3472,20568050283,JUNIN,26/12/2024,2024,4267396.79
3528,20568161786,JUNIN,22/04/2024,2024,5290114.94
3487,20568161786,JUNIN,26/11/2024,2024,33629523.67
3474,20568161786,JUNIN,13/12/2024,2024,4999748.1
3466,20568161786,JUNIN,27/12/2024,2024,9870954.51
3480,20568163487,JUNIN,03/12/2024,2024,1518597.1
3534,20568196491,JUNIN,09/02/2024,2024,3666504.86
3506,20568210078,JUNIN,28/10/2024,2024,3589782.8
3511,20568223307,JUNIN,06/09/2024,2024,3391296.79
3518,20568237430,JUNIN,27/05/2024,2024,951247.75
3535,20568275013,JUNIN,01/02/2024,2024,149628219.99
3498,20568275013,JUNIN,11/11/2024,2024,6283881.62
3494,20568275013,JUNIN,14/11/2024,2024,4395994.42
3486,20568275013,JUNIN,27/11/2024,2024,2415463.53
3513,20568327773,JUNIN,27/06/2024,2024,13814832.7
3505,20568345755,JUNIN,28/10/2024,2024,2200950.77
3500,20568345755,JUNIN,07/11/2024,2024,4293432.15
3490,20568345755,JUNIN,18/11/2024,2024,10860896.98
3498,20568360801,JUNIN,11/11/2024,2024,6283881.62
3514,20568535376,JUNIN,20/06/2024,2024,8615243.28
3490,20568535376,JUNIN,18/11/2024,2024,10860896.98
3530,20568684614,JUNIN,22/04/2024,2024,2985282.98
3467,20568927886,JUNIN,26/12/2024,2024,4362729.54
3464,20568971273,JUNIN,27/12/2024,2024,2161166.15
3463,20569064792,JUNIN,27/12/2024,2024,10308124.03
3471,20571395283,JUNIN,26/12/2024,2024,15295316.04
3531,20573041977,JUNIN,11/04/2024,2024,3763192.39
3470,20573819731,JUNIN,26/12/2024,2024,4218696.89
3477,20573884711,JUNIN,11/12/2024,2024,2595364.82
3465,20573884711,JUNIN,27/12/2024,2024,6707644.46
3535,20574702322,JUNIN,01/02/2024,2024,149628219.99
3533,20600021045,JUNIN,28/02/2024,2024,338740.85
3525,20600021045,JUNIN,24/04/2024,2024,18041961.92
3524,20600021045,JUNIN,02/05/2024,2024,7100623.75
3497,20600021045,JUNIN,12/11/2024,2024,17484583.72
3465,20600021045,JUNIN,27/12/2024,2024,6707644.46
3520,20600029798,JUNIN,23/05/2024,2024,2484222.86
3508,20600029798,JUNIN,23/10/2024,2024,587871.51
3468,20600029798,JUNIN,26/12/2024,2024,5643522.95
3489,20600060652,JUNIN,20/11/2024,2024,1984077.75
3519,20600140893,JUNIN,24/05/2024,2024,7035508.71
3524,20600160347,JUNIN,02/05/2024,2024,7100623.75
3488,20600160347,JUNIN,22/11/2024,2024,3425524.74
3509,20600180771,JUNIN,30/09/2024,2024,108482869.58
3475,20600180771,JUNIN,12/12/2024,2024,57209195.13
3463,20600180771,JUNIN,27/12/2024,2024,10308124.03
3495,20600258231,JUNIN,13/11/2024,2024,5442641.34
3466,20600644531,JUNIN,27/12/2024,2024,9870954.51
3483,20600696654,JUNIN,28/11/2024,2024,196842972.81
3502,20600704762,JUNIN,30/10/2024,2024,13896091.46
3526,20601409829,JUNIN,24/04/2024,2024,4498075.59
3525,20601714966,JUNIN,24/04/2024,2024,18041961.92
3488,20601762316,JUNIN,22/11/2024,2024,3425524.74
3494,20601792789,JUNIN,14/11/2024,2024,4395994.42
3505,20602125247,JUNIN,28/10/2024,2024,2200950.77
3516,20602246575,JUNIN,17/06/2024,2024,2979000.88
3527,20602262201,JUNIN,23/04/2024,2024,2780426.5
3467,20602429670,JUNIN,26/12/2024,2024,4362729.54
3496,20602648967,JUNIN,13/11/2024,2024,10355785.14
3523,20603206186,JUNIN,07/05/2024,2024,7052875.64
3491,20603433867,JUNIN,18/11/2024,2024,8022506.75
3469,20603433867,JUNIN,26/12/2024,2024,3515657.34
3460,20603554257,JUNIN,27/12/2024,2024,3883507.09
3517,20604863806,JUNIN,13/06/2024,2024,11257308.04
3499,20605423877,JUNIN,07/11/2024,2024,1602349.66
3520,20605623612,JUNIN,23/05/2024,2024,2484222.86
3472,20606460199,JUNIN,26/12/2024,2024,4267396.79
3510,20607687898,JUNIN,26/09/2024,2024,2515069.28
3497,20607804134,JUNIN,12/11/2024,2024,17484583.72
3515,20608429191,JUNIN,17/06/2024,2024,173631976.74
3504,20608699181,JUNIN,29/10/2024,2024,4770563.58
3461,20608817141,JUNIN,27/12/2024,2024,28017961.64
3479,20609212129,JUNIN,03/12/2024,2024,9459024.92
3464,20609958023,JUNIN,27/12/2024,2024,2161166.15
3463,20610065571,JUNIN,27/12/2024,2024,10308124.03
3507,20610305670,JUNIN,25/10/2024,2024,1767243.59
3530,20610414878,JUNIN,22/04/2024,2024,2985282.98
3474,20610515887,JUNIN,13/12/2024,2024,4999748.1
3473,20610907076,JUNIN,13/12/2024,2024,3678920.3
3462,20611005734,JUNIN,27/12/2024,2024,1718053.47
3533,20611286962,JUNIN,28/02/2024,2024,338740.85
3482,20611396652,JUNIN,02/12/2024,2024,121370516.55
3867,10103154931,LA LIBERTAD,18/09/2024,2024,9099028.23
3874,10167869667,LA LIBERTAD,05/08/2024,2024,5896305.5
3863,10167869667,LA LIBERTAD,25/10/2024,2024,5493238.17
3878,10179063455,LA LIBERTAD,15/07/2024,2024,11745245.75
3879,10179063455,LA LIBERTAD,15/07/2024,2024,5391747.09
3871,10267064780,LA LIBERTAD,08/08/2024,2024,10854478.35
3870,10267064780,LA LIBERTAD,23/08/2024,2024,5493238.17
3877,10404371865,LA LIBERTAD,19/07/2024,2024,9761437.31
3873,10405680888,LA LIBERTAD,05/08/2024,2024,21150199.71
3861,10413692518,LA LIBERTAD,31/10/2024,2024,27389936.59
3860,10417310245,LA LIBERTAD,08/11/2024,2024,65239223.83
3887,10421685253,LA LIBERTAD,08/04/2024,2024,1932539.42
3872,10426481915,LA LIBERTAD,08/08/2024,2024,5081483.25
3876,10453522542,LA LIBERTAD,22/07/2024,2024,124339289.71
3865,20100028698,LA LIBERTAD,01/10/2024,2024,22122219.12
3864,20134676508,LA LIBERTAD,11/10/2024,2024,121515740.82
3874,20144691173,LA LIBERTAD,05/08/2024,2024,5896305.5
3863,20144691173,LA LIBERTAD,25/10/2024,2024,5493238.17
3885,20205328662,LA LIBERTAD,22/04/2024,2024,3083413.19
3878,20205328662,LA LIBERTAD,15/07/2024,2024,11745245.75
3879,20205328662,LA LIBERTAD,15/07/2024,2024,5391747.09
3888,20354444594,LA LIBERTAD,05/04/2024,2024,2368871.49
3874,20354826799,LA LIBERTAD,05/08/2024,2024,5896305.5
3863,20354826799,LA LIBERTAD,25/10/2024,2024,5493238.17
3883,20355337619,LA LIBERTAD,04/06/2024,2024,3000105.87
3877,20355337619,LA LIBERTAD,19/07/2024,2024,9761437.31
3867,20393340208,LA LIBERTAD,18/09/2024,2024,9099028.23
3862,20398604734,LA LIBERTAD,31/10/2024,2024,47454180.89
3884,20438958771,LA LIBERTAD,24/05/2024,2024,2695048.64
3871,20440178147,LA LIBERTAD,08/08/2024,2024,10854478.35
3859,20477156445,LA LIBERTAD,25/11/2024,2024,9142457.35
3873,20477216952,LA LIBERTAD,05/08/2024,2024,21150199.71
3860,20481030146,LA LIBERTAD,08/11/2024,2024,65239223.83
3873,20481146951,LA LIBERTAD,05/08/2024,2024,21150199.71
3860,20481265704,LA LIBERTAD,08/11/2024,2024,65239223.83
3866,20481446326,LA LIBERTAD,30/09/2024,2024,9472688.33
3872,20481475342,LA LIBERTAD,08/08/2024,2024,5081483.25
3875,20481561265,LA LIBERTAD,24/07/2024,2024,3915525.3
3871,20481561265,LA LIBERTAD,08/08/2024,2024,10854478.35
3870,20481561265,LA LIBERTAD,23/08/2024,2024,5493238.17
3868,20481561265,LA LIBERTAD,16/09/2024,2024,3000105.87
3886,20481871027,LA LIBERTAD,11/04/2024,2024,4816807.08
3860,20481966672,LA LIBERTAD,08/11/2024,2024,65239223.83
3859,20482100580,LA LIBERTAD,25/11/2024,2024,9142457.35
3877,20482530592,LA LIBERTAD,19/07/2024,2024,9761437.31
3880,20494397090,LA LIBERTAD,10/07/2024,2024,18668569.73
3880,20494883865,LA LIBERTAD,10/07/2024,2024,18668569.73
3880,20495042333,LA LIBERTAD,10/07/2024,2024,18668569.73
3861,20495875891,LA LIBERTAD,31/10/2024,2024,27389936.59
3889,20496014686,LA LIBERTAD,08/03/2024,2024,6307734.96
3862,20525333923,LA LIBERTAD,31/10/2024,2024,47454180.89
3889,20529656751,LA LIBERTAD,08/03/2024,2024,6307734.96
3869,20529656751,LA LIBERTAD,27/08/2024,2024,33209731.94
3882,20536612972,LA LIBERTAD,25/06/2024,2024,113221041.73
3876,20537169207,LA LIBERTAD,22/07/2024,2024,124339289.71
3881,20539094930,LA LIBERTAD,10/07/2024,2024,5469534.65
3869,20544771478,LA LIBERTAD,27/08/2024,2024,33209731.94
3861,20544771478,LA LIBERTAD,31/10/2024,2024,27389936.59
3885,20601226279,LA LIBERTAD,22/04/2024,2024,3083413.19
3878,20601226279,LA LIBERTAD,15/07/2024,2024,11745245.75
3879,20601226279,LA LIBERTAD,15/07/2024,2024,5391747.09
3861,20601488257,LA LIBERTAD,31/10/2024,2024,27389936.59
3872,20602455085,LA LIBERTAD,08/08/2024,2024,5081483.25
3867,20602523129,LA LIBERTAD,18/09/2024,2024,9099028.23
3876,20602842330,LA LIBERTAD,22/07/2024,2024,124339289.71
3859,20605515739,LA LIBERTAD,25/11/2024,2024,9142457.35
3882,20606265892,LA LIBERTAD,25/06/2024,2024,113221041.73
3864,20611394315,LA LIBERTAD,11/10/2024,2024,121515740.82
4132,10164660775,LAMBAYEQUE,09/09/2024,2024,161978778.93
4126,10164660775,LAMBAYEQUE,18/12/2024,2024,17296983.31
4134,20164843263,LAMBAYEQUE,22/08/2024,2024,5183147.64
4144,20445200019,LAMBAYEQUE,08/03/2024,2024,19496705.08
4147,20480403496,LAMBAYEQUE,28/02/2024,2024,14208238.45
4143,20480403496,LAMBAYEQUE,11/03/2024,2024,9322636.48
4142,20480403496,LAMBAYEQUE,26/03/2024,2024,4875395.33
4146,20487698882,LAMBAYEQUE,01/03/2024,2024,831628.03
4137,20487931854,LAMBAYEQUE,13/06/2024,2024,344831.45
4130,20488351398,LAMBAYEQUE,17/09/2024,2024,2853473.65
4141,20491656761,LAMBAYEQUE,02/04/2024,2024,11242770.5
4127,20491656761,LAMBAYEQUE,11/12/2024,2024,3879542.68
4139,20495669301,LAMBAYEQUE,17/05/2024,2024,3766395.56
4151,20495973981,LAMBAYEQUE,06/02/2024,2024,2067436.93
4145,20496149425,LAMBAYEQUE,06/03/2024,2024,680530.02
4138,20496149425,LAMBAYEQUE,27/05/2024,2024,680530.02
4139,20515422154,LAMBAYEQUE,17/05/2024,2024,3766395.56
4125,20517562158,LAMBAYEQUE,19/12/2024,2024,174809224.21
4124,20525333923,LAMBAYEQUE,27/12/2024,2024,24517381.34
4126,20525909221,LAMBAYEQUE,18/12/2024,2024,17296983.31
4128,20534166240,LAMBAYEQUE,15/10/2024,2024,615405.47
4125,20536612972,LAMBAYEQUE,19/12/2024,2024,174809224.21
4148,20539023323,LAMBAYEQUE,06/02/2024,2024,1500516.07
4149,20539023323,LAMBAYEQUE,06/02/2024,2024,957249.28
4135,20539023323,LAMBAYEQUE,02/07/2024,2024,2188628.16
4136,20539023323,LAMBAYEQUE,02/07/2024,2024,1721397.83
4112,20540071595,LAMBAYEQUE,04/03/2024,2024,5213526.19
4144,20542072637,LAMBAYEQUE,08/03/2024,2024,19496705.08
4133,20542350033,LAMBAYEQUE,03/09/2024,2024,2552724.98
4145,20560168994,LAMBAYEQUE,06/03/2024,2024,680530.02
4138,20560168994,LAMBAYEQUE,27/05/2024,2024,680530.02
4151,20561126934,LAMBAYEQUE,06/02/2024,2024,2067436.93
4112,20561126934,LAMBAYEQUE,04/03/2024,2024,5213526.19
4134,20571505488,LAMBAYEQUE,22/08/2024,2024,5183147.64
4150,20600721179,LAMBAYEQUE,06/02/2024,2024,2663076.65
4129,20600721179,LAMBAYEQUE,15/10/2024,2024,2045166.7
4131,20601642604,LAMBAYEQUE,10/09/2024,2024,1747297.94
4135,20602126120,LAMBAYEQUE,02/07/2024,2024,2188628.16
4136,20602126120,LAMBAYEQUE,02/07/2024,2024,1721397.83
4143,20602698409,LAMBAYEQUE,11/03/2024,2024,9322636.48
4142,20602698409,LAMBAYEQUE,26/03/2024,2024,4875395.33
4140,20603025301,LAMBAYEQUE,03/04/2024,2024,1030257.46
4128,20604451648,LAMBAYEQUE,15/10/2024,2024,615405.47
4140,20604942480,LAMBAYEQUE,03/04/2024,2024,1030257.46
4133,20605524649,LAMBAYEQUE,03/09/2024,2024,2552724.98
4131,20607488003,LAMBAYEQUE,10/09/2024,2024,1747297.94
4132,99000035293,LAMBAYEQUE,09/09/2024,2024,161978778.93
4747,20298049822,LIMA,13/09/2024,2024,1681190.18
4776,20300116192,LIMA,15/03/2024,2024,4192581.18
4774,20393340208,LIMA,02/04/2024,2024,1199982.79
4736,20393667894,LIMA,03/10/2024,2024,1821254.07
4732,20408010498,LIMA,06/11/2024,2024,2673016.85
4697,20445200019,LIMA,13/02/2024,2024,5443984.71
4731,20445200019,LIMA,07/11/2024,2024,23268269.07
4725,20445558592,LIMA,12/12/2024,2024,1808222.76
4772,20481456712,LIMA,18/04/2024,2024,1107343.98
4746,20481456712,LIMA,13/09/2024,2024,2488843.15
4744,20482435417,LIMA,19/09/2024,2024,413474.24
4778,20484107239,LIMA,07/02/2024,2024,817444.23
4755,20486743302,LIMA,02/07/2024,2024,2031400.52
4743,20486743302,LIMA,23/09/2024,2024,2519638.71
4762,20486976404,LIMA,10/06/2024,2024,2074970.92
4738,20486976404,LIMA,27/09/2024,2024,1808222.77
4726,20486990903,LIMA,03/12/2024,2024,12896448.22
4767,20489304687,LIMA,10/05/2024,2024,56768649.2
4754,20489536979,LIMA,19/07/2024,2024,4699790.44
4766,20489739900,LIMA,17/05/2024,2024,1250829.54
4729,20491358077,LIMA,14/11/2024,2024,2230452.3
4777,20495031137,LIMA,12/03/2024,2024,1060402.69
4775,20495031137,LIMA,02/04/2024,2024,5788093.59
4769,20495031137,LIMA,08/05/2024,2024,1557189.08
4774,20502322711,LIMA,02/04/2024,2024,1199982.79
4773,20502496035,LIMA,02/04/2024,2024,1451677.7
4735,20502496035,LIMA,03/10/2024,2024,1954201.92
4753,20506003351,LIMA,22/07/2024,2024,4426976.16
4770,20507991662,LIMA,07/05/2024,2024,2589168.43
4723,20509958875,LIMA,27/12/2024,2024,7402131.78
4779,20514405442,LIMA,31/01/2024,2024,988931.24
4768,20514405442,LIMA,09/05/2024,2024,2461209.67
4763,20514405442,LIMA,30/05/2024,2024,7934813.61
4745,20514405442,LIMA,18/09/2024,2024,2031400.53
4778,20515422154,LIMA,07/02/2024,2024,817444.23
4750,20515485318,LIMA,16/08/2024,2024,11050794.08
4728,20516419572,LIMA,15/11/2024,2024,1393121.52
4722,20516419572,LIMA,27/12/2024,2024,11413649.67
4764,20517785530,LIMA,27/05/2024,2024,5168230.85
4734,20521479991,LIMA,09/10/2024,2024,1671314.2
4757,20523386469,LIMA,24/06/2024,2024,8750828.34
4767,20529066521,LIMA,10/05/2024,2024,56768649.2
4775,20529202998,LIMA,02/04/2024,2024,5788093.59
4741,20529202998,LIMA,24/09/2024,2024,15991428.13
4727,20531049838,LIMA,03/12/2024,2024,312708.14
4737,20531065019,LIMA,27/09/2024,2024,14710743.23
4697,20531808763,LIMA,13/02/2024,2024,5443984.71
4758,20531857381,LIMA,20/06/2024,2024,968493.74
4752,20533652213,LIMA,25/07/2024,2024,4982111.65
4748,20533652213,LIMA,10/09/2024,2024,1240931.78
4740,20533652213,LIMA,25/09/2024,2024,2251688.92
4750,20533974415,LIMA,16/08/2024,2024,11050794.08
4737,20534002646,LIMA,27/09/2024,2024,14710743.23
4730,20534016949,LIMA,13/11/2024,2024,1709615.95
4751,20534179571,LIMA,26/07/2024,2024,2461209.67
4733,20534861185,LIMA,29/10/2024,2024,2128712.18
4734,20537185661,LIMA,09/10/2024,2024,1671314.2
4755,20541546660,LIMA,02/07/2024,2024,2031400.52
4759,20542059291,LIMA,19/06/2024,2024,807981.64
4742,20542059291,LIMA,24/09/2024,2024,826546.11
4760,20542191059,LIMA,17/06/2024,2024,1399191.4
4735,20543604951,LIMA,03/10/2024,2024,1954201.92
4728,20546813569,LIMA,15/11/2024,2024,1393121.52
4771,20549823565,LIMA,07/05/2024,2024,8041777.37
4765,20552839073,LIMA,24/05/2024,2024,3060439.62
4749,20559507769,LIMA,03/09/2024,2024,3916070.86
4741,20561206539,LIMA,24/09/2024,2024,15991428.13
4762,20568778198,LIMA,10/06/2024,2024,2074970.92
4738,20568778198,LIMA,27/09/2024,2024,1808222.77
4761,20571395283,LIMA,11/06/2024,2024,19508893.63
4726,20600029798,LIMA,03/12/2024,2024,12896448.22
4732,20600129938,LIMA,06/11/2024,2024,2673016.85
4759,20600373871,LIMA,19/06/2024,2024,807981.64
4757,20600433050,LIMA,24/06/2024,2024,8750828.34
4731,20600433050,LIMA,07/11/2024,2024,23268269.07
4773,20600441001,LIMA,02/04/2024,2024,1451677.7
4733,20600441001,LIMA,29/10/2024,2024,2128712.18
4761,20600615581,LIMA,11/06/2024,2024,19508893.63
4754,20600813804,LIMA,19/07/2024,2024,4699790.44
4749,20601324491,LIMA,03/09/2024,2024,3916070.86
4739,20601597773,LIMA,25/09/2024,2024,2570066.75
4766,20601831717,LIMA,17/05/2024,2024,1250829.54
4776,20602164986,LIMA,15/03/2024,2024,4192581.18
4752,20602480357,LIMA,25/07/2024,2024,4982111.65
4723,20602747868,LIMA,27/12/2024,2024,7402131.78
4758,20602932771,LIMA,20/06/2024,2024,968493.74
4777,20603234279,LIMA,12/03/2024,2024,1060402.69
4769,20603234279,LIMA,08/05/2024,2024,1557189.08
4748,20603234279,LIMA,10/09/2024,2024,1240931.78
4740,20603234279,LIMA,25/09/2024,2024,2251688.92
4722,20603234279,LIMA,27/12/2024,2024,11413649.67
4756,20603812388,LIMA,01/07/2024,2024,6197044.84
4756,20604421633,LIMA,01/07/2024,2024,6197044.84
4737,20604421633,LIMA,27/09/2024,2024,14710743.23
4760,20604488681,LIMA,17/06/2024,2024,1399191.4
4724,20604488681,LIMA,20/12/2024,2024,1671314.2
4727,20604903328,LIMA,03/12/2024,2024,312708.14
4770,20605324151,LIMA,07/05/2024,2024,2589168.43
4743,20606580437,LIMA,23/09/2024,2024,2519638.71
4764,20606792752,LIMA,27/05/2024,2024,5168230.85
4724,20607057355,LIMA,20/12/2024,2024,1671314.2
4736,20608472208,LIMA,03/10/2024,2024,1821254.07
4742,20609067552,LIMA,24/09/2024,2024,826546.11
4729,20611325739,LIMA,14/11/2024,2024,2230452.3
5266,20103921288,LORETO,11/09/2024,2024,9213444.56
5285,20232650444,LORETO,16/04/2024,2024,1776911.56
5291,20393633990,LORETO,08/02/2024,2024,33473128.61
5277,20393633990,LORETO,21/05/2024,2024,36003076.5
5272,20393633990,LORETO,21/06/2024,2024,22765558.01
5264,20393633990,LORETO,01/10/2024,2024,16520978.41
5269,20393706628,LORETO,17/07/2024,2024,5707460.0
5261,20393725509,LORETO,22/10/2024,2024,1210000.0
5262,20393725509,LORETO,22/10/2024,2024,1234000.0
5240,20393758423,LORETO,26/12/2024,2024,14000000.0
5281,20393877431,LORETO,25/04/2024,2024,592000.0
5279,20393877431,LORETO,26/04/2024,2024,715000.0
5280,20393877431,LORETO,26/04/2024,2024,630000.0
5279,20393973669,LORETO,26/04/2024,2024,715000.0
5259,20393973669,LORETO,23/10/2024,2024,1258000.01
5260,20393973669,LORETO,23/10/2024,2024,1222000.0
5258,20393973669,LORETO,24/10/2024,2024,1199000.0
5240,20393973669,LORETO,26/12/2024,2024,14000000.0
5250,20399273146,LORETO,27/11/2024,2024,12457589.99
5289,20450186440,LORETO,28/02/2024,2024,1803363.9
5263,20450296628,LORETO,03/10/2024,2024,6321896.75
5274,20450402592,LORETO,10/06/2024,2024,16100000.0
5253,20450402592,LORETO,12/11/2024,2024,31250000.0
5283,20450905152,LORETO,17/04/2024,2024,10478074.94
5286,20451375548,LORETO,19/03/2024,2024,2420500.0
5266,20451375548,LORETO,11/09/2024,2024,9213444.56
5251,20451375548,LORETO,21/11/2024,2024,45677395.0
5254,20493231236,LORETO,11/11/2024,2024,348000.0
5240,20493477405,LORETO,26/12/2024,2024,14000000.0
5253,20493537742,LORETO,12/11/2024,2024,31250000.0
5249,20493537742,LORETO,28/11/2024,2024,20433858.7
5246,20493537742,LORETO,12/12/2024,2024,26875820.24
5242,20493537742,LORETO,26/12/2024,2024,22357711.6
5286,20493538633,LORETO,19/03/2024,2024,2420500.0
5241,20493543122,LORETO,26/12/2024,2024,4583869.87
5254,20493589891,LORETO,11/11/2024,2024,348000.0
5290,20493640322,LORETO,16/02/2024,2024,500678.3
5265,20493640322,LORETO,01/10/2024,2024,3538491.24
5283,20493644824,LORETO,17/04/2024,2024,10478074.94
5266,20493644824,LORETO,11/09/2024,2024,9213444.56
5243,20493733096,LORETO,19/12/2024,2024,25295000.0
5239,20493733096,LORETO,26/12/2024,2024,6085067.18
5270,20493747399,LORETO,27/06/2024,2024,4321288.39
5247,20493747399,LORETO,11/12/2024,2024,18026614.0
5284,20493748018,LORETO,17/04/2024,2024,3810000.0
5242,20493870751,LORETO,26/12/2024,2024,22357711.6
5291,20493874587,LORETO,08/02/2024,2024,33473128.61
5241,20493874587,LORETO,26/12/2024,2024,4583869.87
5288,20494100429,LORETO,05/03/2024,2024,5533223.1
5245,20494686369,LORETO,12/12/2024,2024,6132617.02
5282,20523013603,LORETO,19/04/2024,2024,42980332.86
5287,20528115897,LORETO,07/03/2024,2024,22079443.18
5275,20528115897,LORETO,30/05/2024,2024,14450000.0
5271,20528115897,LORETO,21/06/2024,2024,59100000.0
5252,20528115897,LORETO,18/11/2024,2024,4443000.0
5244,20528115897,LORETO,13/12/2024,2024,130535000.0
5256,20528149953,LORETO,04/11/2024,2024,2273272.12
5250,20528149953,LORETO,27/11/2024,2024,12457589.99
5251,20528181334,LORETO,21/11/2024,2024,45677395.0
5248,20528255982,LORETO,04/12/2024,2024,27238762.74
5267,20528388869,LORETO,10/09/2024,2024,5686694.11
5278,20528457691,LORETO,14/05/2024,2024,240784.68
5270,20528457691,LORETO,27/06/2024,2024,4321288.39
5268,20528457691,LORETO,20/08/2024,2024,13871067.28
5285,20528476300,LORETO,16/04/2024,2024,1776911.56
5245,20529089571,LORETO,12/12/2024,2024,6132617.02
5274,20531302321,LORETO,10/06/2024,2024,16100000.0
5249,20531396635,LORETO,28/11/2024,2024,20433858.7
5267,20541112660,LORETO,10/09/2024,2024,5686694.11
5276,20541143549,LORETO,27/05/2024,2024,814903.92
5268,20541243250,LORETO,20/08/2024,2024,13871067.28
5248,20541261401,LORETO,04/12/2024,2024,27238762.74
5261,20541653156,LORETO,22/10/2024,2024,1210000.0
5262,20541653156,LORETO,22/10/2024,2024,1234000.0
5259,20541653156,LORETO,23/10/2024,2024,1258000.01
5260,20541653156,LORETO,23/10/2024,2024,1222000.0
5258,20541653156,LORETO,24/10/2024,2024,1199000.0
5289,20542301172,LORETO,28/02/2024,2024,1803363.9
5273,20559937691,LORETO,12/06/2024,2024,2671181.35
5246,20559937691,LORETO,12/12/2024,2024,26875820.24
5238,20559937691,LORETO,27/12/2024,2024,11093572.15
5247,20567140220,LORETO,11/12/2024,2024,18026614.0
5243,20567140220,LORETO,19/12/2024,2024,25295000.0
5288,20567237061,LORETO,05/03/2024,2024,5533223.1
5283,20567237061,LORETO,17/04/2024,2024,10478074.94
5281,20567287247,LORETO,25/04/2024,2024,592000.0
5280,20567287247,LORETO,26/04/2024,2024,630000.0
5287,20572288901,LORETO,07/03/2024,2024,22079443.18
5263,20600002717,LORETO,03/10/2024,2024,6321896.75
5259,20600182693,LORETO,23/10/2024,2024,1258000.01
5260,20600182693,LORETO,23/10/2024,2024,1222000.0
5258,20600182693,LORETO,24/10/2024,2024,1199000.0
5282,20600409311,LORETO,19/04/2024,2024,42980332.86
5284,20600523571,LORETO,17/04/2024,2024,3810000.0
5256,20601131367,LORETO,04/11/2024,2024,2273272.12
5284,20601202574,LORETO,17/04/2024,2024,3810000.0
5273,20601282063,LORETO,12/06/2024,2024,2671181.35
5255,20601324491,LORETO,05/11/2024,2024,1985617.23
5252,20601693659,LORETO,18/11/2024,2024,4443000.0
5261,20601911915,LORETO,22/10/2024,2024,1210000.0
5262,20601911915,LORETO,22/10/2024,2024,1234000.0
5276,20601944384,LORETO,27/05/2024,2024,814903.92
5257,20602797016,LORETO,30/10/2024,2024,574561.8
5282,20603476400,LORETO,19/04/2024,2024,42980332.86
5290,20608845934,LORETO,16/02/2024,2024,500678.3
5265,20608845934,LORETO,01/10/2024,2024,3538491.24
5255,20610436499,LORETO,05/11/2024,2024,1985617.23
5251,20610618015,LORETO,21/11/2024,2024,45677395.0
5239,20611139684,LORETO,26/12/2024,2024,6085067.18
5257,20612633917,LORETO,30/10/2024,2024,574561.8
5711,10324057035,PASCO,20/12/2024,2024,30381224.98
5717,10411982438,PASCO,03/12/2024,2024,15262141.86
5740,10805536867,PASCO,17/04/2024,2024,9115485.5
5724,20393675480,PASCO,29/10/2024,2024,19573864.36
5736,20407836872,PASCO,21/05/2024,2024,14475787.55
5735,20407836872,PASCO,22/05/2024,2024,5007277.15
5732,20407836872,PASCO,26/06/2024,2024,14475787.55
5727,20407836872,PASCO,03/10/2024,2024,15542657.01
5712,20407836872,PASCO,20/12/2024,2024,14878581.52
5713,20446927753,PASCO,19/12/2024,2024,11999999.2
5710,20446927753,PASCO,26/12/2024,2024,2974269.41
5707,20486845725,PASCO,27/12/2024,2024,14032438.44
5730,20486975939,PASCO,10/09/2024,2024,2718147.42
5725,20489537436,PASCO,17/10/2024,2024,6079940.99
5738,20489594235,PASCO,06/05/2024,2024,1242212.86
5719,20489626706,PASCO,05/11/2024,2024,13039949.14
5725,20489650674,PASCO,17/10/2024,2024,6079940.99
5726,20489684145,PASCO,16/10/2024,2024,5249535.69
5708,20489747244,PASCO,27/12/2024,2024,6573767.86
5716,20494951020,PASCO,13/12/2024,2024,13537398.28
5742,20495931472,PASCO,22/03/2024,2024,471388207.42
5721,20506298301,PASCO,29/10/2024,2024,6938400.97
5739,20528901361,PASCO,30/04/2024,2024,2691067.54
5731,20528932321,PASCO,03/09/2024,2024,12818000.0
5722,20528973516,PASCO,29/10/2024,2024,3084735.78
5722,20529030330,PASCO,29/10/2024,2024,3084735.78
5719,20529033274,PASCO,05/11/2024,2024,13039949.14
5741,20529066521,PASCO,02/04/2024,2024,2698763.65
5729,20529068655,PASCO,26/09/2024,2024,5176505.49
5717,20529068655,PASCO,03/12/2024,2024,15262141.86
5707,20529068655,PASCO,27/12/2024,2024,14032438.44
5717,20529111259,PASCO,03/12/2024,2024,15262141.86
5728,20529202998,PASCO,01/10/2024,2024,13048000.0
5726,20529215038,PASCO,16/10/2024,2024,5249535.69
5714,20529215038,PASCO,19/12/2024,2024,4097848.78
5737,20542350033,PASCO,07/05/2024,2024,2594012.27
5734,20542489627,PASCO,23/05/2024,2024,2505525.33
5733,20568073658,PASCO,26/06/2024,2024,4590925.82
5715,20571395283,PASCO,17/12/2024,2024,14491721.72
5711,20571395283,PASCO,20/12/2024,2024,30381224.98
5738,20573066619,PASCO,06/05/2024,2024,1242212.86
5709,20573098731,PASCO,27/12/2024,2024,3135354.64
5730,20573144946,PASCO,10/09/2024,2024,2718147.42
5736,20573225199,PASCO,21/05/2024,2024,14475787.55
5732,20573225199,PASCO,26/06/2024,2024,14475787.55
5727,20573225199,PASCO,03/10/2024,2024,15542657.01
5712,20573225199,PASCO,20/12/2024,2024,14878581.52
5706,20573333081,PASCO,27/12/2024,2024,1485554.13
5729,20573338554,PASCO,26/09/2024,2024,5176505.49
5741,20600079493,PASCO,02/04/2024,2024,2698763.65
5718,20600099541,PASCO,28/11/2024,2024,475761000.0
5721,20600119703,PASCO,29/10/2024,2024,6938400.97
5737,20600592786,PASCO,07/05/2024,2024,2594012.27
5739,20600630963,PASCO,30/04/2024,2024,2691067.54
5713,20600967496,PASCO,19/12/2024,2024,11999999.2
5734,20601277078,PASCO,23/05/2024,2024,2505525.33
5723,20601771641,PASCO,29/10/2024,2024,43732711.12
5720,20601771641,PASCO,04/11/2024,2024,61586496.22
5724,20602486894,PASCO,29/10/2024,2024,19573864.36
5718,20602581234,PASCO,28/11/2024,2024,475761000.0
5731,20602640079,PASCO,03/09/2024,2024,12818000.0
5708,20603013540,PASCO,27/12/2024,2024,6573767.86
5715,20603398573,PASCO,17/12/2024,2024,14491721.72
5713,20603549261,PASCO,19/12/2024,2024,11999999.2
5733,20603641834,PASCO,26/06/2024,2024,4590925.82
5706,20603919395,PASCO,27/12/2024,2024,1485554.13
5735,20604695067,PASCO,22/05/2024,2024,5007277.15
5708,20604906475,PASCO,27/12/2024,2024,6573767.86
5718,20605286306,PASCO,28/11/2024,2024,475761000.0
5740,20605875778,PASCO,17/04/2024,2024,9115485.5
5728,20608077163,PASCO,01/10/2024,2024,13048000.0
5723,20608077163,PASCO,29/10/2024,2024,43732711.12
5720,20608077163,PASCO,04/11/2024,2024,61586496.22
5716,20611372338,PASCO,13/12/2024,2024,13537398.28
5714,20613220004,PASCO,19/12/2024,2024,4097848.78
5709,20613377205,PASCO,27/12/2024,2024,3135354.64
5742,99000035293,PASCO,22/03/2024,2024,471388207.42
6166,10176407471,PIURA,19/08/2024,2024,20257049.71
6168,20154727826,PIURA,09/07/2024,2024,14077053.5
6160,20261295246,PIURA,25/10/2024,2024,10956396.85
6174,20274419637,PIURA,19/03/2024,2024,2855232.52
6164,20339480932,PIURA,02/09/2024,2024,5615482.6
6172,20480188404,PIURA,29/05/2024,2024,2837811.0
6165,20525491677,PIURA,28/08/2024,2024,84591320.2
6164,20525637639,PIURA,02/09/2024,2024,5615482.6
6176,20525822029,PIURA,01/03/2024,2024,10925739.63
6170,20526032854,PIURA,10/06/2024,2024,32376634.42
6169,20526032854,PIURA,09/07/2024,2024,335858713.31
6159,20526146191,PIURA,04/11/2024,2024,39874154.15
6165,20526201478,PIURA,28/08/2024,2024,84591320.2
6163,20526201478,PIURA,10/09/2024,2024,17254894.19
6159,20526201478,PIURA,04/11/2024,2024,39874154.15
6165,20526203501,PIURA,28/08/2024,2024,84591320.2
6167,20526652135,PIURA,15/07/2024,2024,5757812.41
6175,20526657871,PIURA,06/03/2024,2024,6739437.93
6169,20529940395,PIURA,09/07/2024,2024,335858713.31
6172,20529966351,PIURA,29/05/2024,2024,2837811.0
6166,20530036481,PIURA,19/08/2024,2024,20257049.71
6171,20530091075,PIURA,29/05/2024,2024,4040506.62
6167,20530091075,PIURA,15/07/2024,2024,5757812.41
6169,20533651918,PIURA,09/07/2024,2024,335858713.31
6163,20600085841,PIURA,10/09/2024,2024,17254894.19
6162,20600085841,PIURA,13/09/2024,2024,5514112.54
6158,20600419839,PIURA,19/11/2024,2024,262753036.65
6175,20600480996,PIURA,06/03/2024,2024,6739437.93
6175,20602951830,PIURA,06/03/2024,2024,6739437.93
6171,20605435077,PIURA,29/05/2024,2024,4040506.62
6157,20605547436,PIURA,21/11/2024,2024,9418083.16
6173,20605622080,PIURA,12/04/2024,2024,286708.21
6161,20605622080,PIURA,21/10/2024,2024,6024993.82
6174,20608080784,PIURA,19/03/2024,2024,2855232.52
6206,20106758477,PUNO,11/11/2024,2024,58573648.5
6206,20518145763,PUNO,11/11/2024,2024,58573648.5
6205,20536612972,PUNO,27/12/2024,2024,202816080.03
6205,20602241671,PUNO,27/12/2024,2024,202816080.03
6420,20450151221,SAN MARTIN,03/12/2024,2024,5680210.36
6429,20450186440,SAN MARTIN,05/09/2024,2024,6553996.35
6410,20450278051,SAN MARTIN,26/01/2024,2024,245630000.0
6431,20450278051,SAN MARTIN,05/08/2024,2024,218000000.0
6432,20450299139,SAN MARTIN,24/07/2024,2024,3051563.0
6420,20450299139,SAN MARTIN,03/12/2024,2024,5680210.36
6435,20450302377,SAN MARTIN,16/07/2024,2024,6231704.2
6434,20450445305,SAN MARTIN,18/07/2024,2024,531750.0
6438,20480188404,SAN MARTIN,05/06/2024,2024,729626.92
6437,20480188404,SAN MARTIN,03/07/2024,2024,729626.92
6424,20480403496,SAN MARTIN,26/11/2024,2024,47000000.0
6425,20480686692,SAN MARTIN,25/11/2024,2024,18546011.31
6439,20489532981,SAN MARTIN,28/05/2024,2024,3183420.0
6422,20493537742,SAN MARTIN,27/11/2024,2024,41734503.72
6428,20493836651,SAN MARTIN,10/09/2024,2024,4369399.44
6440,20493953614,SAN MARTIN,18/04/2024,2024,2800000.0
6435,20494017521,SAN MARTIN,16/07/2024,2024,6231704.2
6422,20496054041,SAN MARTIN,27/11/2024,2024,41734503.72
6422,20529457554,SAN MARTIN,27/11/2024,2024,41734503.72
6410,20533651918,SAN MARTIN,26/01/2024,2024,245630000.0
6426,20534016949,SAN MARTIN,20/11/2024,2024,2329900.36
6441,20539158091,SAN MARTIN,17/04/2024,2024,810696.58
6440,20542350033,SAN MARTIN,18/04/2024,2024,2800000.0
6424,20542350033,SAN MARTIN,26/11/2024,2024,47000000.0
6423,20560034289,SAN MARTIN,26/11/2024,2024,48718630.31
6433,20560168994,SAN MARTIN,22/07/2024,2024,741255.82
6427,20570866533,SAN MARTIN,20/11/2024,2024,1881221.37
6436,20572125191,SAN MARTIN,12/07/2024,2024,660900.0
6434,20572125191,SAN MARTIN,18/07/2024,2024,531750.0
6421,20572125191,SAN MARTIN,27/11/2024,2024,288070.95
6439,20572164331,SAN MARTIN,28/05/2024,2024,3183420.0
6426,20572224849,SAN MARTIN,20/11/2024,2024,2329900.36
6436,20600194861,SAN MARTIN,12/07/2024,2024,660900.0
6427,20600194861,SAN MARTIN,20/11/2024,2024,1881221.37
6431,20600683650,SAN MARTIN,05/08/2024,2024,218000000.0
6430,20600721179,SAN MARTIN,23/08/2024,2024,2390000.0
6425,20601290309,SAN MARTIN,25/11/2024,2024,18546011.31
6441,20601500214,SAN MARTIN,17/04/2024,2024,810696.58
6421,20601533171,SAN MARTIN,27/11/2024,2024,288070.95
6430,20602811914,SAN MARTIN,23/08/2024,2024,2390000.0
6423,20604572968,SAN MARTIN,26/11/2024,2024,48718630.31
6432,20609697238,SAN MARTIN,24/07/2024,2024,3051563.0
6433,20609836149,SAN MARTIN,22/07/2024,2024,741255.82
6438,20610467190,SAN MARTIN,05/06/2024,2024,729626.92
6437,20610467190,SAN MARTIN,03/07/2024,2024,729626.92
6425,20611692928,SAN MARTIN,25/11/2024,2024,18546011.31
6435,20612549258,SAN MARTIN,16/07/2024,2024,6231704.2
6428,20612984515,SAN MARTIN,10/09/2024,2024,4369399.44
6429,20612988723,SAN MARTIN,05/09/2024,2024,6553996.35
6537,20133176404,TACNA,27/09/2024,2024,41494583.48
6539,20257427022,TACNA,17/09/2024,2024,23218615.82
6538,20406330495,TACNA,27/09/2024,2024,24598737.93
6537,20453991769,TACNA,27/09/2024,2024,41494583.48
6544,20456323007,TACNA,06/06/2024,2024,4047487.82
6541,20494637074,TACNA,15/08/2024,2024,9666614.1
6537,20519658501,TACNA,27/09/2024,2024,41494583.48
6540,20529202998,TACNA,21/08/2024,2024,3232080.58
6538,20532656347,TACNA,27/09/2024,2024,24598737.93
6542,20533652213,TACNA,12/08/2024,2024,23121139.75
6542,20536907930,TACNA,12/08/2024,2024,23121139.75
6543,20547282559,TACNA,18/06/2024,2024,19125495.94
6539,20563050684,TACNA,17/09/2024,2024,23218615.82
6539,20565699955,TACNA,17/09/2024,2024,23218615.82
6540,20608077163,TACNA,21/08/2024,2024,3232080.58
6541,20609409445,TACNA,15/08/2024,2024,9666614.1
6992,20409316868,TUMBES,19/09/2024,2024,1440011.49
6993,20409339728,TUMBES,18/09/2024,2024,2160312.77
6989,20409339728,TUMBES,02/12/2024,2024,2160312.77
6991,20409357203,TUMBES,27/09/2024,2024,1755765.44
6993,20409401113,TUMBES,18/09/2024,2024,2160312.77
6989,20409401113,TUMBES,02/12/2024,2024,2160312.77
6998,20409481125,TUMBES,18/04/2024,2024,321900.0
6996,20409487913,TUMBES,26/04/2024,2024,1480000.0
7000,20483981202,TUMBES,10/04/2024,2024,37099285.97
6988,20484228451,TUMBES,05/12/2024,2024,846211.67
6995,20525954529,TUMBES,08/05/2024,2024,4493021.12
7001,20526688679,TUMBES,25/03/2024,2024,1263352.97
6990,20529698918,TUMBES,01/10/2024,2024,940235.18
6997,20553546266,TUMBES,26/04/2024,2024,1976788.16
6997,20565699955,TUMBES,26/04/2024,2024,1976788.16
6990,20600381726,TUMBES,01/10/2024,2024,940235.18
6995,20600475496,TUMBES,08/05/2024,2024,4493021.12
6992,20600508653,TUMBES,19/09/2024,2024,1440011.49
6994,20602429670,TUMBES,17/05/2024,2024,896582.27
6991,20606891947,TUMBES,27/09/2024,2024,1755765.44
7001,20609370743,TUMBES,25/03/2024,2024,1263352.97
6999,20610312251,TUMBES,11/04/2024,2024,157541.47
7000,20610504486,TUMBES,10/04/2024,2024,37099285.97
7349,20393151812,UCAYALI,19/07/2024,2024,17389375.43
7345,20393281279,UCAYALI,14/11/2024,2024,16391471.8
7351,20393418321,UCAYALI,05/06/2024,2024,10880966.12
7351,20393469669,UCAYALI,05/06/2024,2024,10880966.12
7353,20393513587,UCAYALI,18/03/2024,2024,481617.95
7349,20393665506,UCAYALI,19/07/2024,2024,17389375.43
7326,20393675480,UCAYALI,15/02/2024,2024,7148398.68
7347,20393675480,UCAYALI,06/09/2024,2024,17021131.49
7347,20393801370,UCAYALI,06/09/2024,2024,17021131.49
7348,20393945886,UCAYALI,05/08/2024,2024,1381990.18
7352,20393987538,UCAYALI,25/04/2024,2024,7283824.7
7344,20491560496,UCAYALI,11/12/2024,2024,46700848.73
7344,20491656761,UCAYALI,11/12/2024,2024,46700848.73
7352,20533652213,UCAYALI,25/04/2024,2024,7283824.7
7346,20534013923,UCAYALI,10/09/2024,2024,1607886.66
7350,20567140220,UCAYALI,06/06/2024,2024,48500000.0
7346,20571266122,UCAYALI,10/09/2024,2024,1607886.66
7350,20601202574,UCAYALI,06/06/2024,2024,48500000.0
7345,20601888361,UCAYALI,14/11/2024,2024,16391471.8
7353,20602237282,UCAYALI,18/03/2024,2024,481617.95
7348,20604031509,UCAYALI,05/08/2024,2024,1381990.18
