id,gore,monto,fecha,ruc1,ruc2,ruc3,ruc4,ruc5,ruc6,ruc7,ruc8,ruc9
215,AMAZONAS,"1,758,745.66",19/05/2022,"{""ruc"":""20479790303"",""antiguedad_empresa"":18.0,""cmc"":4237251.2,""cantidad_rubros"":3.0,""actividad_principal"":""Principal - 4663 - VENTA AL POR MAYOR DE MATERIALES DE CONSTRUCCIÓN, ARTÍCULOS DE FERRETERÍA Y EQUIPO Y MATERIALES DE FONTANERÍA Y CALEFACCIÓN"",""penalidades_acum"":0,""sanciones_tcp_acum"":0,""estado"":""ACTIVO"",""condicion"":""HABIDO""}",,,,,,,,
216,AMAZONAS,"3,458,000.00",01/03/2022,"{""ruc"":""20450326713"",""antiguedad_empresa"":14.0,""cmc"":160346215.73,""cantidad_rubros"":3.0,""actividad_principal"":""Principal - 4100 - CONSTRUCCIÓN DE EDIFICIOS"",""penalidades_acum"":0,""sanciones_tcp_acum"":0,""estado"":""ACTIVO"",""condicion"":""HABIDO""}",,,,,,,,
217,AMAZONAS,"2,229,161.77",28/02/2022,"{""ruc"":""20480391200"",""antiguedad_empresa"":14.0,""cmc"":500000.0,""cantidad_rubros"":3.0,""actividad_principal"":""Principal - 4100 - CONSTRUCCIÓN DE EDIFICIOS"",""penalidades_acum"":0,""sanciones_tcp_acum"":0,""estado"":""ACTIVO"",""condicion"":""HABIDO""}","{""ruc"":""20480811934"",""antiguedad_empresa"":12.0,""cmc"":27060898.62,""cantidad_rubros"":3.0,""actividad_principal"":""Principal - 4100 - CONSTRUCCIÓN DE EDIFICIOS"",""penalidades_acum"":0,""sanciones_tcp_acum"":0,""estado"":""ACTIVO"",""condicion"":""HABIDO""}",,,,,,,
218,AMAZONAS,"1,977,707.25",28/02/2022,"{""ruc"":""20528217461"",""antiguedad_empresa"":13.0,""cmc"":100000.0,""cantidad_rubros"":1.0,""actividad_principal"":""Principal - 4290 - CONSTRUCCIÓN DE OTRAS OBRAS DE INGENIERÍA CIVIL"",""penalidades_acum"":0,""sanciones_tcp_acum"":0,""estado"":""ACTIVO"",""condicion"":""HABIDO""}","{""ruc"":""20605899227"",""antiguedad_empresa"":2.0,""cmc"":100000.0,""cantidad_rubros"":3.0,""actividad_principal"":""Principal - 4290 - CONSTRUCCIÓN DE OTRAS OBRAS DE INGENIERÍA CIVIL"",""penalidades_acum"":0,""sanciones_tcp_acum"":1,""estado"":""ACTIVO"",""condicion"":""HABIDO""}",,,,,,,
219,AMAZONAS,"227,921.40",10/11/2021,"{""ruc"":""20136318323"",""antiguedad_empresa"":39.0,""cmc"":10650000.0,""cantidad_rubros"":3.0,""actividad_principal"":""Principal - 7110 - ACTIVIDADES DE ARQUITECTURA E INGENIERÍA Y ACTIVIDADES CONEXAS DE CONSULTORÍA TÉCNICA"",""penalidades_acum"":0,""sanciones_tcp_acum"":1,""estado"":""ACTIVO"",""condicion"":""HABIDO""}","{""ruc"":""20487909336"",""antiguedad_empresa"":9.0,""cmc"":100000.0,""cantidad_rubros"":3.0,""actividad_principal"":""Principal - 7110 - ACTIVIDADES DE ARQUITECTURA E INGENIERÍA Y ACTIVIDADES CONEXAS DE CONSULTORÍA TÉCNICA"",""penalidades_acum"":0,""sanciones_tcp_acum"":0,""estado"":""BAJA DE OFICIO"",""condicion"":""HABIDO""}",,,,,,,
220,AMAZONAS,"1,694,543.35",29/10/2021,"{""ruc"":""20604451648"",""antiguedad_empresa"":2.0,""cmc"":83723910.0,""cantidad_rubros"":3.0,""actividad_principal"":""Principal - 7110 - ACTIVIDADES DE ARQUITECTURA E INGENIERÍA Y ACTIVIDADES CONEXAS DE CONSULTORÍA TÉCNICA"",""penalidades_acum"":0,""sanciones_tcp_acum"":1,""estado"":""ACTIVO"",""condicion"":""HABIDO""}","{""ruc"":""20534166240"",""antiguedad_empresa"":2.0,""cmc"":37096894.14,""cantidad_rubros"":3.0,""actividad_principal"":""Principal - 4210 - CONSTRUCCIÓN DE CARRETERAS Y VÍAS DE FERROCARRIL"",""penalidades_acum"":0,""sanciones_tcp_acum"":0,""estado"":""ACTIVO"",""condicion"":""HABIDO""}",,,,,,,
221,AMAZONAS,"3,672,791.92",28/10/2021,"{""ruc"":""20602698409"",""antiguedad_empresa"":4.0,""cmc"":6168049.53,""cantidad_rubros"":3.0,""actividad_principal"":""Principal - 4100 - CONSTRUCCIÓN DE EDIFICIOS"",""penalidades_acum"":0,""sanciones_tcp_acum"":0,""estado"":""ACTIVO"",""condicion"":""HABIDO""}","{""ruc"":""20480774397"",""antiguedad_empresa"":11.0,""cmc"":100000.0,""cantidad_rubros"":3.0,""actividad_principal"":""Principal - 4210 - CONSTRUCCIÓN DE CARRETERAS Y VÍAS DE FERROCARRIL"",""penalidades_acum"":0,""sanciones_tcp_acum"":2,""estado"":""ACTIVO"",""condicion"":""HABIDO""}",,,,,,,
222,AMAZONAS,"2,947,476.22",28/10/2021,"{""ruc"":""20561152005"",""antiguedad_empresa"":7.0,""cmc"":144908275.23,""cantidad_rubros"":3.0,""actividad_principal"":""Principal - 4290 - CONSTRUCCIÓN DE OTRAS OBRAS DE INGENIERÍA CIVIL"",""penalidades_acum"":0,""sanciones_tcp_acum"":0,""estado"":""ACTIVO"",""condicion"":""HABIDO""}","{""ruc"":""20479683728"",""antiguedad_empresa"":17.0,""cmc"":237708822.96,""cantidad_rubros"":3.0,""actividad_principal"":""Principal - 4923 - TRANSPORTE DE CARGA POR CARRETERA"",""penalidades_acum"":0,""sanciones_tcp_acum"":0,""estado"":""ACTIVO"",""condicion"":""HABIDO""}",,,,,,,
223,AMAZONAS,"2,229,161.77",15/10/2021,"{""ruc"":""20479790303"",""antiguedad_empresa"":17.0,""cmc"":4237251.2,""cantidad_rubros"":3.0,""actividad_principal"":""Principal - 4663 - VENTA AL POR MAYOR DE MATERIALES DE CONSTRUCCIÓN, ARTÍCULOS DE FERRETERÍA Y EQUIPO Y MATERIALES DE FONTANERÍA Y CALEFACCIÓN"",""penalidades_acum"":0,""sanciones_tcp_acum"":0,""estado"":""ACTIVO"",""condicion"":""HABIDO""}","{""ruc"":""20539201281"",""antiguedad_empresa"":8.0,""cmc"":8528093.19,""cantidad_rubros"":1.0,""actividad_principal"":""Principal - 45207 - CONSTRUCCION EDIFICIOS COMPLETOS."",""penalidades_acum"":0,""sanciones_tcp_acum"":0,""estado"":""ACTIVO"",""condicion"":""HABIDO""}",,,,,,,
224,AMAZONAS,"626,250.00",13/10/2021,"{""ruc"":""20539273605"",""antiguedad_empresa"":8.0,""cmc"":1204487.48,""cantidad_rubros"":3.0,""actividad_principal"":""Principal - 4390 - OTRAS ACTIVIDADES ESPECIALIZADAS DE CONSTRUCCIÓN"",""penalidades_acum"":0,""sanciones_tcp_acum"":0,""estado"":""ACTIVO"",""condicion"":""HABIDO""}","{""ruc"":""20539201281"",""antiguedad_empresa"":8.0,""cmc"":8528093.19,""cantidad_rubros"":1.0,""actividad_principal"":""Principal - 45207 - CONSTRUCCION EDIFICIOS COMPLETOS."",""penalidades_acum"":0,""sanciones_tcp_acum"":0,""estado"":""ACTIVO"",""condicion"":""HABIDO""}",,,,,,,
225,AMAZONAS,"1,587,565.42",01/10/2021,"{""ruc"":""20561152005"",""antiguedad_empresa"":7.0,""cmc"":144908275.23,""cantidad_rubros"":3.0,""actividad_principal"":""Principal - 4290 - CONSTRUCCIÓN DE OTRAS OBRAS DE INGENIERÍA CIVIL"",""penalidades_acum"":0,""sanciones_tcp_acum"":0,""estado"":""ACTIVO"",""condicion"":""HABIDO""}","{""ruc"":""20600542525"",""antiguedad_empresa"":6.0,""cmc"":78606950.0,""cantidad_rubros"":3.0,""actividad_principal"":""Principal - 7730 - ALQUILER Y ARRENDAMIENTO DE OTROS TIPOS DE MAQUINARIA, EQUIPO Y BIENES TANGIBLES"",""penalidades_acum"":0,""sanciones_tcp_acum"":0,""estado"":""ACTIVO"",""condicion"":""HABIDO""}",,,,,,,
226,AMAZONAS,"1,230,844.17",24/09/2021,"{""ruc"":""20487499685"",""antiguedad_empresa"":11.0,""cmc"":314873350.68,""cantidad_rubros"":3.0,""actividad_principal"":""Principal - 7110 - ACTIVIDADES DE ARQUITECTURA E INGENIERÍA Y ACTIVIDADES CONEXAS DE CONSULTORÍA TÉCNICA"",""penalidades_acum"":0,""sanciones_tcp_acum"":0,""estado"":""ACTIVO"",""condicion"":""HABIDO""}","{""ruc"":""20480791305"",""antiguedad_empresa"":11.0,""cmc"":93620835.38,""cantidad_rubros"":3.0,""actividad_principal"":""Principal - 4100 - CONSTRUCCIÓN DE EDIFICIOS"",""penalidades_acum"":0,""sanciones_tcp_acum"":1,""estado"":""ACTIVO"",""condicion"":""HABIDO""}",,,,,,,
227,AMAZONAS,"1,295,764.01",16/09/2021,"{""ruc"":""20480791305"",""antiguedad_empresa"":11.0,""cmc"":93620835.38,""cantidad_rubros"":3.0,""actividad_principal"":""Principal - 4100 - CONSTRUCCIÓN DE EDIFICIOS"",""penalidades_acum"":0,""sanciones_tcp_acum"":1,""estado"":""ACTIVO"",""condicion"":""HABIDO""}",,,,,,,,
228,AMAZONAS,"1,618,708.39",16/09/2021,"{""ruc"":""20487611191"",""antiguedad_empresa"":10.0,""cmc"":200000.0,""cantidad_rubros"":3.0,""actividad_principal"":""Principal - 7110 - ACTIVIDADES DE ARQUITECTURA E INGENIERÍA Y ACTIVIDADES CONEXAS DE CONSULTORÍA TÉCNICA"",""penalidades_acum"":0,""sanciones_tcp_acum"":2,""estado"":""ACTIVO"",""condicion"":""HABIDO""}","{""ruc"":""20600147600"",""antiguedad_empresa"":6.0,""cmc"":14589703.92,""cantidad_rubros"":3.0,""actividad_principal"":""Principal - 4290 - CONSTRUCCIÓN DE OTRAS OBRAS DE INGENIERÍA CIVIL"",""penalidades_acum"":0,""sanciones_tcp_acum"":0,""estado"":""ACTIVO"",""condicion"":""HABIDO""}",,,,,,,
229,AMAZONAS,"4,752,590.00",16/09/2021,"{""ruc"":""20480836252"",""antiguedad_empresa"":11.0,""cmc"":258350662.01,""cantidad_rubros"":3.0,""actividad_principal"":""Principal - 4100 - CONSTRUCCIÓN DE EDIFICIOS"",""penalidades_acum"":0,""sanciones_tcp_acum"":0,""estado"":""ACTIVO"",""condicion"":""HABIDO""}","{""ruc"":""20542271834"",""antiguedad_empresa"":8.0,""cmc"":100000.0,""cantidad_rubros"":3.0,""actividad_principal"":""Principal - 4100 - CONSTRUCCIÓN DE EDIFICIOS"",""penalidades_acum"":0,""sanciones_tcp_acum"":0,""estado"":""ACTIVO"",""condicion"":""HABIDO""}",,,,,,,
230,AMAZONAS,"8,518,000.00",14/09/2021,"{""ruc"":""20450326713"",""antiguedad_empresa"":13.0,""cmc"":160346215.73,""cantidad_rubros"":3.0,""actividad_principal"":""Principal - 4100 - CONSTRUCCIÓN DE EDIFICIOS"",""penalidades_acum"":0,""sanciones_tcp_acum"":0,""estado"":""ACTIVO"",""condicion"":""HABIDO""}",,,,,,,,
231,AMAZONAS,"704,787.28",08/09/2021,"{""ruc"":""20450157008"",""antiguedad_empresa"":15.0,""cmc"":100000.0,""cantidad_rubros"":3.0,""actividad_principal"":""Principal - 4100 - CONSTRUCCIÓN DE EDIFICIOS"",""penalidades_acum"":0,""sanciones_tcp_acum"":2,""estado"":""BAJA PROV. POR OFICIO"",""condicion"":""HABIDO""}","{""ruc"":""20604115923"",""antiguedad_empresa"":2.0,""cmc"":553851.15,""cantidad_rubros"":3.0,""actividad_principal"":""Principal - 4752 - VENTA AL POR MENOR DE ARTÍCULOS DE FERRETERÍA, PINTURAS Y PRODUCTOS DE VIDRIO EN COMERCIOS ESPECIALIZADOS"",""penalidades_acum"":0,""sanciones_tcp_acum"":0,""estado"":""ACTIVO"",""condicion"":""HABIDO""}",,,,,,,
232,AMAZONAS,"4,331,250.27",03/09/2021,"{""ruc"":""20480836252"",""antiguedad_empresa"":11.0,""cmc"":258350662.01,""cantidad_rubros"":3.0,""actividad_principal"":""Principal - 4100 - CONSTRUCCIÓN DE EDIFICIOS"",""penalidades_acum"":0,""sanciones_tcp_acum"":0,""estado"":""ACTIVO"",""condicion"":""HABIDO""}","{""ruc"":""20487499685"",""antiguedad_empresa"":11.0,""cmc"":314873350.68,""cantidad_rubros"":3.0,""actividad_principal"":""Principal - 7110 - ACTIVIDADES DE ARQUITECTURA E INGENIERÍA Y ACTIVIDADES CONEXAS DE CONSULTORÍA TÉCNICA"",""penalidades_acum"":0,""sanciones_tcp_acum"":0,""estado"":""ACTIVO"",""condicion"":""HABIDO""}",,,,,,,
233,AMAZONAS,"2,650,000.00",17/08/2021,"{""ruc"":""20480836252"",""antiguedad_empresa"":11.0,""cmc"":258350662.01,""cantidad_rubros"":3.0,""actividad_principal"":""Principal - 4100 - CONSTRUCCIÓN DE EDIFICIOS"",""penalidades_acum"":0,""sanciones_tcp_acum"":0,""estado"":""ACTIVO"",""condicion"":""HABIDO""}",,,,,,,,
234,AMAZONAS,"562,199.96",13/08/2021,"{""ruc"":""20604775010"",""antiguedad_empresa"":2.0,""cmc"":3021219.48,""cantidad_rubros"":3.0,""actividad_principal"":""Principal - 4923 - TRANSPORTE DE CARGA POR CARRETERA"",""penalidades_acum"":0,""sanciones_tcp_acum"":0,""estado"":""ACTIVO"",""condicion"":""HABIDO""}","{""ruc"":""20480427913"",""antiguedad_empresa"":13.0,""cmc"":108198774.23,""cantidad_rubros"":3.0,""actividad_principal"":""Principal - 4390 - OTRAS ACTIVIDADES ESPECIALIZADAS DE CONSTRUCCIÓN"",""penalidades_acum"":0,""sanciones_tcp_acum"":0,""estado"":""ACTIVO"",""condicion"":""HABIDO""}",,,,,,,
235,AMAZONAS,"626,250.00",12/08/2021,"{""ruc"":""20539273605"",""antiguedad_empresa"":8.0,""cmc"":1204487.48,""cantidad_rubros"":3.0,""actividad_principal"":""Principal - 4390 - OTRAS ACTIVIDADES ESPECIALIZADAS DE CONSTRUCCIÓN"",""penalidades_acum"":0,""sanciones_tcp_acum"":0,""estado"":""ACTIVO"",""condicion"":""HABIDO""}","{""ruc"":""20539201281"",""antiguedad_empresa"":8.0,""cmc"":8528093.19,""cantidad_rubros"":1.0,""actividad_principal"":""Principal - 45207 - CONSTRUCCION EDIFICIOS COMPLETOS."",""penalidades_acum"":0,""sanciones_tcp_acum"":0,""estado"":""ACTIVO"",""condicion"":""HABIDO""}",,,,,,,
236,AMAZONAS,"2,779,000.00",20/07/2021,"{""ruc"":""20450326713"",""antiguedad_empresa"":13.0,""cmc"":160346215.73,""cantidad_rubros"":3.0,""actividad_principal"":""Principal - 4100 - CONSTRUCCIÓN DE EDIFICIOS"",""penalidades_acum"":0,""sanciones_tcp_acum"":0,""estado"":""ACTIVO"",""condicion"":""HABIDO""}","{""ruc"":""20542312450"",""antiguedad_empresa"":8.0,""cmc"":500000.0,""cantidad_rubros"":3.0,""actividad_principal"":""Principal - 4100 - CONSTRUCCIÓN DE EDIFICIOS"",""penalidades_acum"":0,""sanciones_tcp_acum"":0,""estado"":""ACTIVO"",""condicion"":""HABIDO""}",,,,,,,
237,AMAZONAS,"8,319,581.09",15/06/2021,"{""ruc"":""20477530665"",""antiguedad_empresa"":10.0,""cmc"":100000.0,""cantidad_rubros"":3.0,""actividad_principal"":""Principal - 4100 - CONSTRUCCIÓN DE EDIFICIOS"",""penalidades_acum"":1,""sanciones_tcp_acum"":1,""estado"":""ACTIVO"",""condicion"":""NO HALLADO""}","{""ruc"":""20600798937"",""antiguedad_empresa"":6.0,""cmc"":6139353.32,""cantidad_rubros"":3.0,""actividad_principal"":""Principal - 4100 - CONSTRUCCIÓN DE EDIFICIOS"",""penalidades_acum"":0,""sanciones_tcp_acum"":0,""estado"":""ACTIVO"",""condicion"":""HABIDO""}",,,,,,,
238,AMAZONAS,"13,730,000.00",28/04/2021,"{""ruc"":""20450326713"",""antiguedad_empresa"":13.0,""cmc"":160346215.73,""cantidad_rubros"":3.0,""actividad_principal"":""Principal - 4100 - CONSTRUCCIÓN DE EDIFICIOS"",""penalidades_acum"":0,""sanciones_tcp_acum"":0,""estado"":""ACTIVO"",""condicion"":""HABIDO""}","{""ruc"":""20494079713"",""antiguedad_empresa"":10.0,""cmc"":23043821.82,""cantidad_rubros"":3.0,""actividad_principal"":""Principal - 4100 - CONSTRUCCIÓN DE EDIFICIOS"",""penalidades_acum"":0,""sanciones_tcp_acum"":0,""estado"":""ACTIVO"",""condicion"":""HABIDO""}",,,,,,,
239,AMAZONAS,"241,494.14",01/02/2021,"{""ruc"":""20539016629"",""antiguedad_empresa"":8.0,""cmc"":100000.0,""cantidad_rubros"":3.0,""actividad_principal"":""Principal - 4390 - OTRAS ACTIVIDADES ESPECIALIZADAS DE CONSTRUCCIÓN"",""penalidades_acum"":0,""sanciones_tcp_acum"":0,""estado"":""BAJA DE OFICIO"",""condicion"":""HABIDO""}",,,,,,,,
240,AMAZONAS,"996,580.74",27/10/2022,"{""ruc"":""20487499685"",""antiguedad_empresa"":12.0,""cmc"":314873350.68,""cantidad_rubros"":3.0,""actividad_principal"":""Principal - 7110 - ACTIVIDADES DE ARQUITECTURA E INGENIERÍA Y ACTIVIDADES CONEXAS DE CONSULTORÍA TÉCNICA"",""penalidades_acum"":0,""sanciones_tcp_acum"":0,""estado"":""ACTIVO"",""condicion"":""HABIDO""}","{""ruc"":""20480134142"",""antiguedad_empresa"":15.0,""cmc"":8292773.77,""cantidad_rubros"":3.0,""actividad_principal"":""Principal - 7730 - ALQUILER Y ARRENDAMIENTO DE OTROS TIPOS DE MAQUINARIA, EQUIPO Y BIENES TANGIBLES"",""penalidades_acum"":0,""sanciones_tcp_acum"":0,""estado"":""ACTIVO"",""condicion"":""HABIDO""}",,,,,,,
241,AMAZONAS,"296,470.00",04/10/2022,"{""ruc"":""20479764728"",""antiguedad_empresa"":17.0,""cmc"":13343741.95,""cantidad_rubros"":3.0,""actividad_principal"":""Principal - 4100 - CONSTRUCCIÓN DE EDIFICIOS"",""penalidades_acum"":0,""sanciones_tcp_acum"":1,""estado"":""ACTIVO"",""condicion"":""HABIDO""}","{""ruc"":""20608056026"",""antiguedad_empresa"":1.0,""cmc"":100000.0,""cantidad_rubros"":3.0,""actividad_principal"":""Principal - 7110 - ACTIVIDADES DE ARQUITECTURA E INGENIERÍA Y ACTIVIDADES CONEXAS DE CONSULTORÍA TÉCNICA"",""penalidades_acum"":0,""sanciones_tcp_acum"":0,""estado"":""ACTIVO"",""condicion"":""HABIDO""}",,,,,,,
242,AMAZONAS,"2,125,000.00",04/08/2022,"{""ruc"":""20572141986"",""antiguedad_empresa"":8.0,""cmc"":16899910.49,""cantidad_rubros"":3.0,""actividad_principal"":""Principal - 4100 - CONSTRUCCIÓN DE EDIFICIOS"",""penalidades_acum"":0,""sanciones_tcp_acum"":0,""estado"":""ACTIVO"",""condicion"":""HABIDO""}",,,,,,,,
243,AMAZONAS,"250,795.96",19/07/2022,"{""ruc"":""20487818535"",""antiguedad_empresa"":11.0,""cmc"":100000.0,""cantidad_rubros"":1.0,""actividad_principal"":""Principal - 4390 - OTRAS ACTIVIDADES ESPECIALIZADAS DE CONSTRUCCIÓN"",""penalidades_acum"":0,""sanciones_tcp_acum"":1,""estado"":""ACTIVO"",""condicion"":""HABIDO""}","{""ruc"":""20601832811"",""antiguedad_empresa"":5.0,""cmc"":100000.0,""cantidad_rubros"":3.0,""actividad_principal"":""Principal - 4100 - CONSTRUCCIÓN DE EDIFICIOS"",""penalidades_acum"":0,""sanciones_tcp_acum"":1,""estado"":""ACTIVO"",""condicion"":""HABIDO""}",,,,,,,
244,AMAZONAS,"7,372,300.00",05/07/2022,"{""ruc"":""20480188404"",""antiguedad_empresa"":15.0,""cmc"":54400790.36,""cantidad_rubros"":3.0,""actividad_principal"":""Principal - 4100 - CONSTRUCCIÓN DE EDIFICIOS"",""penalidades_acum"":0,""sanciones_tcp_acum"":0,""estado"":""ACTIVO"",""condicion"":""HABIDO""}","{""ruc"":""20480427913"",""antiguedad_empresa"":14.0,""cmc"":108198774.23,""cantidad_rubros"":3.0,""actividad_principal"":""Principal - 4390 - OTRAS ACTIVIDADES ESPECIALIZADAS DE CONSTRUCCIÓN"",""penalidades_acum"":0,""sanciones_tcp_acum"":0,""estado"":""ACTIVO"",""condicion"":""HABIDO""}",,,,,,,
245,AMAZONAS,"150,579,197.58",04/07/2022,"{""ruc"":""20602979173"",""antiguedad_empresa"":4.0,""cmc"":400000.0,""cantidad_rubros"":2.0,""actividad_principal"":""Principal - 4100 - CONSTRUCCIÓN DE EDIFICIOS"",""penalidades_acum"":0,""sanciones_tcp_acum"":0,""estado"":""ACTIVO"",""condicion"":""HABIDO""}",,,,,,,,
246,AMAZONAS,"443,706.31",15/06/2022,"{""ruc"":""20600504500"",""antiguedad_empresa"":7.0,""cmc"":100000.0,""cantidad_rubros"":3.0,""actividad_principal"":""Principal - 4100 - CONSTRUCCIÓN DE EDIFICIOS"",""penalidades_acum"":0,""sanciones_tcp_acum"":0,""estado"":""ACTIVO"",""condicion"":""HABIDO""}","{""ruc"":""20479764728"",""antiguedad_empresa"":17.0,""cmc"":13343741.95,""cantidad_rubros"":3.0,""actividad_principal"":""Principal - 4100 - CONSTRUCCIÓN DE EDIFICIOS"",""penalidades_acum"":0,""sanciones_tcp_acum"":1,""estado"":""ACTIVO"",""condicion"":""HABIDO""}",,,,,,,
247,AMAZONAS,"122,415,156.59",14/06/2022,"{""ruc"":""20602979173"",""antiguedad_empresa"":4.0,""cmc"":400000.0,""cantidad_rubros"":2.0,""actividad_principal"":""Principal - 4100 - CONSTRUCCIÓN DE EDIFICIOS"",""penalidades_acum"":0,""sanciones_tcp_acum"":0,""estado"":""ACTIVO"",""condicion"":""HABIDO""}",,,,,,,,
248,AMAZONAS,"5,763,345.05",10/06/2022,"{""ruc"":""20495136231"",""antiguedad_empresa"":11.0,""cmc"":291261304.3,""cantidad_rubros"":3.0,""actividad_principal"":""Principal - 4100 - CONSTRUCCIÓN DE EDIFICIOS"",""penalidades_acum"":0,""sanciones_tcp_acum"":0,""estado"":""ACTIVO"",""condicion"":""HABIDO""}","{""ruc"":""20487419754"",""antiguedad_empresa"":12.0,""cmc"":100000.0,""cantidad_rubros"":3.0,""actividad_principal"":""Principal - 4390 - OTRAS ACTIVIDADES ESPECIALIZADAS DE CONSTRUCCIÓN"",""penalidades_acum"":3,""sanciones_tcp_acum"":0,""estado"":""ACTIVO"",""condicion"":""HABIDO""}",,,,,,,
249,AMAZONAS,"767,188.56",08/06/2022,"{""ruc"":""20608518763"",""antiguedad_empresa"":1.0,""cmc"":100000.0,""cantidad_rubros"":3.0,""actividad_principal"":""Principal - 7110 - ACTIVIDADES DE ARQUITECTURA E INGENIERÍA Y ACTIVIDADES CONEXAS DE CONSULTORÍA TÉCNICA"",""penalidades_acum"":0,""sanciones_tcp_acum"":0,""estado"":""ACTIVO"",""condicion"":""HABIDO""}","{""ruc"":""20487980634"",""antiguedad_empresa"":null,""cmc"":100000.0,""cantidad_rubros"":1.0,""actividad_principal"":""Principal - 4100 - CONSTRUCCIÓN DE EDIFICIOS"",""penalidades_acum"":0,""sanciones_tcp_acum"":0,""estado"":""BAJA DE OFICIO"",""condicion"":""HABIDO""}",,,,,,,
250,AMAZONAS,"1,235,773.34",08/06/2022,"{""ruc"":""20600542525"",""antiguedad_empresa"":7.0,""cmc"":78606950.0,""cantidad_rubros"":3.0,""actividad_principal"":""Principal - 7730 - ALQUILER Y ARRENDAMIENTO DE OTROS TIPOS DE MAQUINARIA, EQUIPO Y BIENES TANGIBLES"",""penalidades_acum"":0,""sanciones_tcp_acum"":0,""estado"":""ACTIVO"",""condicion"":""HABIDO""}","{""ruc"":""20479764728"",""antiguedad_empresa"":17.0,""cmc"":13343741.95,""cantidad_rubros"":3.0,""actividad_principal"":""Principal - 4100 - CONSTRUCCIÓN DE EDIFICIOS"",""penalidades_acum"":0,""sanciones_tcp_acum"":1,""estado"":""ACTIVO"",""condicion"":""HABIDO""}",,,,,,,
251,AMAZONAS,"8,410,000.00",28/03/2022,"{""ruc"":""20450326713"",""antiguedad_empresa"":14.0,""cmc"":160346215.73,""cantidad_rubros"":3.0,""actividad_principal"":""Principal - 4100 - CONSTRUCCIÓN DE EDIFICIOS"",""penalidades_acum"":0,""sanciones_tcp_acum"":0,""estado"":""ACTIVO"",""condicion"":""HABIDO""}","{""ruc"":""20450186440"",""antiguedad_empresa"":16.0,""cmc"":100000.0,""cantidad_rubros"":3.0,""actividad_principal"":""Principal - 4220 - CONSTRUCCIÓN DE PROYECTOS DE SERVICIO PÚBLICO"",""penalidades_acum"":0,""sanciones_tcp_acum"":0,""estado"":""ACTIVO"",""condicion"":""HABIDO""}",,,,,,,
252,AMAZONAS,"1,460,000.00",22/01/2024,"{""ruc"":""20480427913"",""antiguedad_empresa"":16.0,""cmc"":108198774.23,""cantidad_rubros"":3.0,""actividad_principal"":""Principal - 4390 - OTRAS ACTIVIDADES ESPECIALIZADAS DE CONSTRUCCIÓN"",""penalidades_acum"":0,""sanciones_tcp_acum"":0,""estado"":""ACTIVO"",""condicion"":""HABIDO""}","{""ruc"":""20600040040"",""antiguedad_empresa"":9.0,""cmc"":1629595.2,""cantidad_rubros"":3.0,""actividad_principal"":""Principal - 4390 - OTRAS ACTIVIDADES ESPECIALIZADAS DE CONSTRUCCIÓN"",""penalidades_acum"":0,""sanciones_tcp_acum"":0,""estado"":""ACTIVO"",""condicion"":""HABIDO""}",,,,,,,
280,AMAZONAS,"2,013,657.85",20/12/2024,"{""ruc"":""20560168994"",""antiguedad_empresa"":10.0,""cmc"":39727024.78,""cantidad_rubros"":3.0,""actividad_principal"":""Principal - 4100 - CONSTRUCCIÓN DE EDIFICIOS"",""penalidades_acum"":0,""sanciones_tcp_acum"":0,""estado"":""ACTIVO"",""condicion"":""HABIDO""}","{""ruc"":""20487976955"",""antiguedad_empresa"":12.0,""cmc"":5759964.78,""cantidad_rubros"":3.0,""actividad_principal"":""Principal - 4210 - CONSTRUCCIÓN DE CARRETERAS Y VÍAS DE FERROCARRIL"",""penalidades_acum"":0,""sanciones_tcp_acum"":0,""estado"":""ACTIVO"",""condicion"":""HABIDO""}",,,,,,,
281,AMAZONAS,"1,444,588.04",20/12/2024,"{""ruc"":""20487976955"",""antiguedad_empresa"":12.0,""cmc"":5759964.78,""cantidad_rubros"":3.0,""actividad_principal"":""Principal - 4210 - CONSTRUCCIÓN DE CARRETERAS Y VÍAS DE FERROCARRIL"",""penalidades_acum"":0,""sanciones_tcp_acum"":0,""estado"":""ACTIVO"",""condicion"":""HABIDO""}",,,,,,,,
282,AMAZONAS,"1,942,126.04",20/12/2024,"{""ruc"":""20560168994"",""antiguedad_empresa"":10.0,""cmc"":39727024.78,""cantidad_rubros"":3.0,""actividad_principal"":""Principal - 4100 - CONSTRUCCIÓN DE EDIFICIOS"",""penalidades_acum"":0,""sanciones_tcp_acum"":0,""estado"":""ACTIVO"",""condicion"":""HABIDO""}","{""ruc"":""20487976955"",""antiguedad_empresa"":12.0,""cmc"":5759964.78,""cantidad_rubros"":3.0,""actividad_principal"":""Principal - 4210 - CONSTRUCCIÓN DE CARRETERAS Y VÍAS DE FERROCARRIL"",""penalidades_acum"":0,""sanciones_tcp_acum"":0,""estado"":""ACTIVO"",""condicion"":""HABIDO""}",,,,,,,
283,AMAZONAS,"9,926,471.45",20/12/2024,"{""ruc"":""20570698304"",""antiguedad_empresa"":5.0,""cmc"":42729554.8,""cantidad_rubros"":3.0,""actividad_principal"":""Principal - 4210 - CONSTRUCCIÓN DE CARRETERAS Y VÍAS DE FERROCARRIL"",""penalidades_acum"":0,""sanciones_tcp_acum"":0,""estado"":""ACTIVO"",""condicion"":""HABIDO""}","{""ruc"":""20610241191"",""antiguedad_empresa"":2.0,""cmc"":5457095.62,""cantidad_rubros"":3.0,""actividad_principal"":""Principal - 4100 - CONSTRUCCIÓN DE EDIFICIOS"",""penalidades_acum"":0,""sanciones_tcp_acum"":0,""estado"":""ACTIVO"",""condicion"":""HABIDO""}",,,,,,,
284,AMAZONAS,"1,204,023.45",12/12/2024,"{""ruc"":""20487976955"",""antiguedad_empresa"":12.0,""cmc"":5759964.78,""cantidad_rubros"":3.0,""actividad_principal"":""Principal - 4210 - CONSTRUCCIÓN DE CARRETERAS Y VÍAS DE FERROCARRIL"",""penalidades_acum"":0,""sanciones_tcp_acum"":0,""estado"":""ACTIVO"",""condicion"":""HABIDO""}","{""ruc"":""20606918144"",""antiguedad_empresa"":4.0,""cmc"":948874.53,""cantidad_rubros"":3.0,""actividad_principal"":""Principal - 7110 - ACTIVIDADES DE ARQUITECTURA E INGENIERÍA Y ACTIVIDADES CONEXAS DE CONSULTORÍA TÉCNICA"",""penalidades_acum"":0,""sanciones_tcp_acum"":0,""estado"":""ACTIVO"",""condicion"":""HABIDO""}",,,,,,,
285,AMAZONAS,"1,913,257.01",03/12/2024,"{""ruc"":""20480059850"",""antiguedad_empresa"":18.0,""cmc"":45177217.6,""cantidad_rubros"":3.0,""actividad_principal"":""Principal - 4290 - CONSTRUCCIÓN DE OTRAS OBRAS DE INGENIERÍA CIVIL"",""penalidades_acum"":0,""sanciones_tcp_acum"":1,""estado"":""ACTIVO"",""condicion"":""HABIDO""}",,,,,,,,
286,AMAZONAS,"880,757.64",28/11/2024,"{""ruc"":""20487976955"",""antiguedad_empresa"":12.0,""cmc"":5759964.78,""cantidad_rubros"":3.0,""actividad_principal"":""Principal - 4210 - CONSTRUCCIÓN DE CARRETERAS Y VÍAS DE FERROCARRIL"",""penalidades_acum"":0,""sanciones_tcp_acum"":0,""estado"":""ACTIVO"",""condicion"":""HABIDO""}","{""ruc"":""20611111241"",""antiguedad_empresa"":1.0,""cmc"":100000.0,""cantidad_rubros"":3.0,""actividad_principal"":""Principal - 4290 - CONSTRUCCIÓN DE OTRAS OBRAS DE INGENIERÍA CIVIL"",""penalidades_acum"":0,""sanciones_tcp_acum"":0,""estado"":""ACTIVO"",""condicion"":""HABIDO""}",,,,,,,
287,AMAZONAS,"648,324.39",28/11/2024,"{""ruc"":""20487976955"",""antiguedad_empresa"":12.0,""cmc"":5759964.78,""cantidad_rubros"":3.0,""actividad_principal"":""Principal - 4210 - CONSTRUCCIÓN DE CARRETERAS Y VÍAS DE FERROCARRIL"",""penalidades_acum"":0,""sanciones_tcp_acum"":0,""estado"":""ACTIVO"",""condicion"":""HABIDO""}","{""ruc"":""20611111241"",""antiguedad_empresa"":1.0,""cmc"":100000.0,""cantidad_rubros"":3.0,""actividad_principal"":""Principal - 4290 - CONSTRUCCIÓN DE OTRAS OBRAS DE INGENIERÍA CIVIL"",""penalidades_acum"":0,""sanciones_tcp_acum"":0,""estado"":""ACTIVO"",""condicion"":""HABIDO""}",,,,,,,
288,AMAZONAS,"331,989.19",28/11/2024,"{""ruc"":""20487976955"",""antiguedad_empresa"":12.0,""cmc"":5759964.78,""cantidad_rubros"":3.0,""actividad_principal"":""Principal - 4210 - CONSTRUCCIÓN DE CARRETERAS Y VÍAS DE FERROCARRIL"",""penalidades_acum"":0,""sanciones_tcp_acum"":0,""estado"":""ACTIVO"",""condicion"":""HABIDO""}",,,,,,,,
289,AMAZONAS,"543,851.01",28/11/2024,"{""ruc"":""20487976955"",""antiguedad_empresa"":12.0,""cmc"":5759964.78,""cantidad_rubros"":3.0,""actividad_principal"":""Principal - 4210 - CONSTRUCCIÓN DE CARRETERAS Y VÍAS DE FERROCARRIL"",""penalidades_acum"":0,""sanciones_tcp_acum"":0,""estado"":""ACTIVO"",""condicion"":""HABIDO""}",,,,,,,,
290,AMAZONAS,"519,597.34",28/11/2024,"{""ruc"":""20487976955"",""antiguedad_empresa"":12.0,""cmc"":5759964.78,""cantidad_rubros"":3.0,""actividad_principal"":""Principal - 4210 - CONSTRUCCIÓN DE CARRETERAS Y VÍAS DE FERROCARRIL"",""penalidades_acum"":0,""sanciones_tcp_acum"":0,""estado"":""ACTIVO"",""condicion"":""HABIDO""}",,,,,,,,
291,AMAZONAS,"2,608,569.42",27/11/2024,"{""ruc"":""20479790303"",""antiguedad_empresa"":20.0,""cmc"":4237251.2,""cantidad_rubros"":3.0,""actividad_principal"":""Principal - 4663 - VENTA AL POR MAYOR DE MATERIALES DE CONSTRUCCIÓN, ARTÍCULOS DE FERRETERÍA Y EQUIPO Y MATERIALES DE FONTANERÍA Y CALEFACCIÓN"",""penalidades_acum"":0,""sanciones_tcp_acum"":0,""estado"":""ACTIVO"",""condicion"":""HABIDO""}","{""ruc"":""20487499685"",""antiguedad_empresa"":14.0,""cmc"":314873350.68,""cantidad_rubros"":3.0,""actividad_principal"":""Principal - 7110 - ACTIVIDADES DE ARQUITECTURA E INGENIERÍA Y ACTIVIDADES CONEXAS DE CONSULTORÍA TÉCNICA"",""penalidades_acum"":0,""sanciones_tcp_acum"":0,""estado"":""ACTIVO"",""condicion"":""HABIDO""}",,,,,,,
292,AMAZONAS,"3,852,742.44",27/11/2024,"{""ruc"":""20517623394"",""antiguedad_empresa"":17.0,""cmc"":100000.0,""cantidad_rubros"":2.0,""actividad_principal"":""Principal - 7730 - ALQUILER Y ARRENDAMIENTO DE OTROS TIPOS DE MAQUINARIA, EQUIPO Y BIENES TANGIBLES"",""penalidades_acum"":0,""sanciones_tcp_acum"":3,""estado"":""ACTIVO"",""condicion"":""HABIDO""}","{""ruc"":""20610381538"",""antiguedad_empresa"":1.0,""cmc"":100000.0,""cantidad_rubros"":3.0,""actividad_principal"":""Principal - 7110 - ACTIVIDADES DE ARQUITECTURA E INGENIERÍA Y ACTIVIDADES CONEXAS DE CONSULTORÍA TÉCNICA"",""penalidades_acum"":0,""sanciones_tcp_acum"":0,""estado"":""ACTIVO"",""condicion"":""HABIDO""}",,,,,,,
293,AMAZONAS,"1,588,695.74",30/10/2024,"{""ruc"":""20600147600"",""antiguedad_empresa"":9.0,""cmc"":14589703.92,""cantidad_rubros"":3.0,""actividad_principal"":""Principal - 4290 - CONSTRUCCIÓN DE OTRAS OBRAS DE INGENIERÍA CIVIL"",""penalidades_acum"":0,""sanciones_tcp_acum"":0,""estado"":""ACTIVO"",""condicion"":""HABIDO""}","{""ruc"":""20479808440"",""antiguedad_empresa"":19.0,""cmc"":100000.0,""cantidad_rubros"":3.0,""actividad_principal"":""Principal - 4100 - CONSTRUCCIÓN DE EDIFICIOS"",""penalidades_acum"":0,""sanciones_tcp_acum"":0,""estado"":""ACTIVO"",""condicion"":""HABIDO""}",,,,,,,
294,AMAZONAS,"2,632,772.49",17/09/2024,"{""ruc"":""20601446741"",""antiguedad_empresa"":8.0,""cmc"":500000.0,""cantidad_rubros"":3.0,""actividad_principal"":""Principal - 7020 - ACTIVIDADES DE CONSULTORÍA DE GESTIÓN"",""penalidades_acum"":0,""sanciones_tcp_acum"":2,""estado"":""ACTIVO"",""condicion"":""HABIDO""}","{""ruc"":""20480836252"",""antiguedad_empresa"":14.0,""cmc"":258350662.01,""cantidad_rubros"":3.0,""actividad_principal"":""Principal - 4100 - CONSTRUCCIÓN DE EDIFICIOS"",""penalidades_acum"":0,""sanciones_tcp_acum"":0,""estado"":""ACTIVO"",""condicion"":""HABIDO""}",,,,,,,
295,AMAZONAS,"3,156,291.75",11/09/2024,"{""ruc"":""20491617439"",""antiguedad_empresa"":15.0,""cmc"":14933741.68,""cantidad_rubros"":3.0,""actividad_principal"":""Principal - 4390 - OTRAS ACTIVIDADES ESPECIALIZADAS DE CONSTRUCCIÓN"",""penalidades_acum"":0,""sanciones_tcp_acum"":0,""estado"":""ACTIVO"",""condicion"":""HABIDO""}","{""ruc"":""20495931472"",""antiguedad_empresa"":9.0,""cmc"":1530984924.84,""cantidad_rubros"":3.0,""actividad_principal"":""Principal - 4210 - CONSTRUCCIÓN DE CARRETERAS Y VÍAS DE FERROCARRIL"",""penalidades_acum"":0,""sanciones_tcp_acum"":0,""estado"":""ACTIVO"",""condicion"":""HABIDO""}",,,,,,,
296,AMAZONAS,"3,099,666.99",02/09/2024,"{""ruc"":""20600979192"",""antiguedad_empresa"":8.0,""cmc"":2935101.19,""cantidad_rubros"":3.0,""actividad_principal"":""Principal - 4100 - CONSTRUCCIÓN DE EDIFICIOS"",""penalidades_acum"":0,""sanciones_tcp_acum"":2,""estado"":""ACTIVO"",""condicion"":""HABIDO""}","{""ruc"":""20531455313"",""antiguedad_empresa"":20.0,""cmc"":450000.0,""cantidad_rubros"":3.0,""actividad_principal"":""Principal - 4220 - CONSTRUCCIÓN DE PROYECTOS DE SERVICIO PÚBLICO"",""penalidades_acum"":0,""sanciones_tcp_acum"":2,""estado"":""ACTIVO"",""condicion"":""HABIDO""}",,,,,,,
297,AMAZONAS,"10,881,246.64",01/08/2024,"{""ruc"":""20487976955"",""antiguedad_empresa"":12.0,""cmc"":5759964.78,""cantidad_rubros"":3.0,""actividad_principal"":""Principal - 4210 - CONSTRUCCIÓN DE CARRETERAS Y VÍAS DE FERROCARRIL"",""penalidades_acum"":0,""sanciones_tcp_acum"":0,""estado"":""ACTIVO"",""condicion"":""HABIDO""}","{""ruc"":""20600197739"",""antiguedad_empresa"":9.0,""cmc"":30763457.09,""cantidad_rubros"":3.0,""actividad_principal"":""Principal - 4210 - CONSTRUCCIÓN DE CARRETERAS Y VÍAS DE FERROCARRIL"",""penalidades_acum"":0,""sanciones_tcp_acum"":0,""estado"":""ACTIVO"",""condicion"":""HABIDO""}",,,,,,,
298,AMAZONAS,"704,728.39",24/07/2024,"{""ruc"":""20561260070"",""antiguedad_empresa"":10.0,""cmc"":100000.0,""cantidad_rubros"":3.0,""actividad_principal"":""Principal - 4390 - OTRAS ACTIVIDADES ESPECIALIZADAS DE CONSTRUCCIÓN"",""penalidades_acum"":0,""sanciones_tcp_acum"":0,""estado"":""ACTIVO"",""condicion"":""HABIDO""}","{""ruc"":""20480113064"",""antiguedad_empresa"":17.0,""cmc"":54103903.0,""cantidad_rubros"":3.0,""actividad_principal"":""Principal - 4100 - CONSTRUCCIÓN DE EDIFICIOS"",""penalidades_acum"":0,""sanciones_tcp_acum"":0,""estado"":""ACTIVO"",""condicion"":""HABIDO""}",,,,,,,
299,AMAZONAS,"1,579,075.36",22/07/2024,"{""ruc"":""20480791305"",""antiguedad_empresa"":14.0,""cmc"":93620835.38,""cantidad_rubros"":3.0,""actividad_principal"":""Principal - 4100 - CONSTRUCCIÓN DE EDIFICIOS"",""penalidades_acum"":0,""sanciones_tcp_acum"":1,""estado"":""ACTIVO"",""condicion"":""HABIDO""}","{""ruc"":""20601832811"",""antiguedad_empresa"":7.0,""cmc"":100000.0,""cantidad_rubros"":3.0,""actividad_principal"":""Principal - 4100 - CONSTRUCCIÓN DE EDIFICIOS"",""penalidades_acum"":0,""sanciones_tcp_acum"":1,""estado"":""ACTIVO"",""condicion"":""HABIDO""}",,,,,,,
300,AMAZONAS,"852,499.31",18/07/2024,"{""ruc"":""20600143051"",""antiguedad_empresa"":9.0,""cmc"":7926197.9,""cantidad_rubros"":2.0,""actividad_principal"":""Principal - 4390 - OTRAS ACTIVIDADES ESPECIALIZADAS DE CONSTRUCCIÓN"",""penalidades_acum"":0,""sanciones_tcp_acum"":1,""estado"":""ACTIVO"",""condicion"":""HABIDO""}",,,,,,,,
301,AMAZONAS,"190,029.57",08/07/2024,"{""ruc"":""20607492337"",""antiguedad_empresa"":3.0,""cmc"":100000.0,""cantidad_rubros"":3.0,""actividad_principal"":""Principal - 7730 - ALQUILER Y ARRENDAMIENTO DE OTROS TIPOS DE MAQUINARIA, EQUIPO Y BIENES TANGIBLES"",""penalidades_acum"":0,""sanciones_tcp_acum"":0,""estado"":""ACTIVO"",""condicion"":""HABIDO""}","{""ruc"":""20607214914"",""antiguedad_empresa"":3.0,""cmc"":100000.0,""cantidad_rubros"":3.0,""actividad_principal"":""Principal - 4100 - CONSTRUCCIÓN DE EDIFICIOS"",""penalidades_acum"":0,""sanciones_tcp_acum"":0,""estado"":""BAJA DE OFICIO"",""condicion"":""HABIDO""}",,,,,,,
302,AMAZONAS,"1,117,599.86",25/06/2024,"{""ruc"":""20510100604"",""antiguedad_empresa"":19.0,""cmc"":100000.0,""cantidad_rubros"":3.0,""actividad_principal"":""Principal - 4290 - CONSTRUCCIÓN DE OTRAS OBRAS DE INGENIERÍA CIVIL"",""penalidades_acum"":0,""sanciones_tcp_acum"":0,""estado"":""ACTIVO"",""condicion"":""HABIDO""}","{""ruc"":""20515869647"",""antiguedad_empresa"":17.0,""cmc"":100000.0,""cantidad_rubros"":2.0,""actividad_principal"":""Principal - 4390 - OTRAS ACTIVIDADES ESPECIALIZADAS DE CONSTRUCCIÓN"",""penalidades_acum"":0,""sanciones_tcp_acum"":0,""estado"":""ACTIVO"",""condicion"":""HABIDO""}",,,,,,,
303,AMAZONAS,"5,652,798.03",13/06/2024,"{""ruc"":""20488071603"",""antiguedad_empresa"":12.0,""cmc"":188581437.9,""cantidad_rubros"":3.0,""actividad_principal"":""Principal - 4100 - CONSTRUCCIÓN DE EDIFICIOS"",""penalidades_acum"":0,""sanciones_tcp_acum"":0,""estado"":""ACTIVO"",""condicion"":""HABIDO""}","{""ruc"":""20561239542"",""antiguedad_empresa"":10.0,""cmc"":26401626.34,""cantidad_rubros"":3.0,""actividad_principal"":""Principal - 4100 - CONSTRUCCIÓN DE EDIFICIOS"",""penalidades_acum"":0,""sanciones_tcp_acum"":0,""estado"":""ACTIVO"",""condicion"":""HABIDO""}",,,,,,,
304,AMAZONAS,"10,011,017.75",11/06/2024,"{""ruc"":""20491560496"",""antiguedad_empresa"":15.0,""cmc"":173715252.66,""cantidad_rubros"":3.0,""actividad_principal"":""Principal - 4220 - CONSTRUCCIÓN DE PROYECTOS DE SERVICIO PÚBLICO"",""penalidades_acum"":0,""sanciones_tcp_acum"":0,""estado"":""ACTIVO"",""condicion"":""HABIDO""}","{""ruc"":""20480123884"",""antiguedad_empresa"":17.0,""cmc"":79462405.54,""cantidad_rubros"":2.0,""actividad_principal"":""Principal - 7110 - ACTIVIDADES DE ARQUITECTURA E INGENIERÍA Y ACTIVIDADES CONEXAS DE CONSULTORÍA TÉCNICA"",""penalidades_acum"":0,""sanciones_tcp_acum"":1,""estado"":""ACTIVO"",""condicion"":""HABIDO""}",,,,,,,
305,AMAZONAS,"1,430,577.06",10/04/2024,"{""ruc"":""20600357248"",""antiguedad_empresa"":9.0,""cmc"":9658848.05,""cantidad_rubros"":2.0,""actividad_principal"":""Principal - 4100 - CONSTRUCCIÓN DE EDIFICIOS"",""penalidades_acum"":0,""sanciones_tcp_acum"":0,""estado"":""ACTIVO"",""condicion"":""HABIDO""}","{""ruc"":""10466648707"",""antiguedad_empresa"":10.0,""cmc"":100000.0,""cantidad_rubros"":3.0,""actividad_principal"":""Principal - 7110 - ACTIVIDADES DE ARQUITECTURA E INGENIERÍA Y ACTIVIDADES CONEXAS DE CONSULTORÍA TÉCNICA"",""penalidades_acum"":0,""sanciones_tcp_acum"":0,""estado"":""ACTIVO"",""condicion"":""HABIDO""}",,,,,,,
814,ANCASH,"4,296,922.47",04/03/2022,"{""ruc"":""20542191059"",""antiguedad_empresa"":11.0,""cmc"":163445326.5,""cantidad_rubros"":3.0,""actividad_principal"":""Principal - 4290 - CONSTRUCCIÓN DE OTRAS OBRAS DE INGENIERÍA CIVIL"",""penalidades_acum"":1,""sanciones_tcp_acum"":0,""estado"":""ACTIVO"",""condicion"":""HABIDO""}","{""ruc"":""20571250552"",""antiguedad_empresa"":3.0,""cmc"":100000.0,""cantidad_rubros"":3.0,""actividad_principal"":""Principal - 4663 - VENTA AL POR MAYOR DE MATERIALES DE CONSTRUCCIÓN, ARTÍCULOS DE FERRETERÍA Y EQUIPO Y MATERIALES DE FONTANERÍA Y CALEFACCIÓN"",""penalidades_acum"":0,""sanciones_tcp_acum"":0,""estado"":""ACTIVO"",""condicion"":""HABIDO""}",,,,,,,
815,ANCASH,"908,059.86",30/12/2021,"{""ruc"":""20531884435"",""antiguedad_empresa"":3.0,""cmc"":100000.0,""cantidad_rubros"":3.0,""actividad_principal"":""Principal - 7110 - ACTIVIDADES DE ARQUITECTURA E INGENIERÍA Y ACTIVIDADES CONEXAS DE CONSULTORÍA TÉCNICA"",""penalidades_acum"":0,""sanciones_tcp_acum"":0,""estado"":""ACTIVO"",""condicion"":""HABIDO""}","{""ruc"":""20542438984"",""antiguedad_empresa"":9.0,""cmc"":100000.0,""cantidad_rubros"":3.0,""actividad_principal"":""Principal - 6810 - ACTIVIDADES INMOBILIARIAS REALIZADAS CON BIENES PROPIOS O ARRENDADOS"",""penalidades_acum"":0,""sanciones_tcp_acum"":0,""estado"":""ACTIVO"",""condicion"":""HABIDO""}",,,,,,,
816,ANCASH,"7,840,116.56",30/12/2021,"{""ruc"":""20534166240"",""antiguedad_empresa"":2.0,""cmc"":37096894.14,""cantidad_rubros"":3.0,""actividad_principal"":""Principal - 4210 - CONSTRUCCIÓN DE CARRETERAS Y VÍAS DE FERROCARRIL"",""penalidades_acum"":0,""sanciones_tcp_acum"":0,""estado"":""ACTIVO"",""condicion"":""HABIDO""}","{""ruc"":""20531065019"",""antiguedad_empresa"":14.0,""cmc"":100000.0,""cantidad_rubros"":3.0,""actividad_principal"":""Principal - 4663 - VENTA AL POR MAYOR DE MATERIALES DE CONSTRUCCIÓN, ARTÍCULOS DE FERRETERÍA Y EQUIPO Y MATERIALES DE FONTANERÍA Y CALEFACCIÓN"",""penalidades_acum"":0,""sanciones_tcp_acum"":0,""estado"":""ACTIVO"",""condicion"":""HABIDO""}",,,,,,,
817,ANCASH,"3,227,110.91",30/12/2021,"{""ruc"":""20488415973"",""antiguedad_empresa"":null,""cmc"":100000.0,""cantidad_rubros"":3.0,""actividad_principal"":""Principal - 7110 - ACTIVIDADES DE ARQUITECTURA E INGENIERÍA Y ACTIVIDADES CONEXAS DE CONSULTORÍA TÉCNICA"",""penalidades_acum"":0,""sanciones_tcp_acum"":0,""estado"":""BAJA DE OFICIO"",""condicion"":""HABIDO""}","{""ruc"":""20571288363"",""antiguedad_empresa"":9.0,""cmc"":42311408.56,""cantidad_rubros"":3.0,""actividad_principal"":""Principal - 4100 - CONSTRUCCIÓN DE EDIFICIOS"",""penalidades_acum"":0,""sanciones_tcp_acum"":0,""estado"":""ACTIVO"",""condicion"":""HABIDO""}",,,,,,,
818,ANCASH,"1,963,767.39",30/12/2021,"{""ruc"":""20549761608"",""antiguedad_empresa"":9.0,""cmc"":100000.0,""cantidad_rubros"":3.0,""actividad_principal"":""Principal - 4100 - CONSTRUCCIÓN DE EDIFICIOS"",""penalidades_acum"":0,""sanciones_tcp_acum"":0,""estado"":""BAJA DE OFICIO"",""condicion"":""HABIDO""}","{""ruc"":""20486290910"",""antiguedad_empresa"":13.0,""cmc"":100000.0,""cantidad_rubros"":3.0,""actividad_principal"":""Principal - 4100 - CONSTRUCCIÓN DE EDIFICIOS"",""penalidades_acum"":0,""sanciones_tcp_acum"":2,""estado"":""ACTIVO"",""condicion"":""HABIDO""}",,,,,,,
819,ANCASH,"5,060,206.93",30/12/2021,"{""ruc"":""20530933882"",""antiguedad_empresa"":16.0,""cmc"":100000.0,""cantidad_rubros"":3.0,""actividad_principal"":""Principal - 4220 - CONSTRUCCIÓN DE PROYECTOS DE SERVICIO PÚBLICO"",""penalidades_acum"":0,""sanciones_tcp_acum"":0,""estado"":""ACTIVO"",""condicion"":""HABIDO""}","{""ruc"":""20541706454"",""antiguedad_empresa"":9.0,""cmc"":45545770.24,""cantidad_rubros"":3.0,""actividad_principal"":""Principal - 4663 - VENTA AL POR MAYOR DE MATERIALES DE CONSTRUCCIÓN, ARTÍCULOS DE FERRETERÍA Y EQUIPO Y MATERIALES DE FONTANERÍA Y CALEFACCIÓN"",""penalidades_acum"":0,""sanciones_tcp_acum"":0,""estado"":""ACTIVO"",""condicion"":""HABIDO""}",,,,,,,
820,ANCASH,"3,625,771.79",30/12/2021,"{""ruc"":""20534158069"",""antiguedad_empresa"":13.0,""cmc"":100000.0,""cantidad_rubros"":3.0,""actividad_principal"":""Principal - 4290 - CONSTRUCCIÓN DE OTRAS OBRAS DE INGENIERÍA CIVIL"",""penalidades_acum"":0,""sanciones_tcp_acum"":0,""estado"":""ACTIVO"",""condicion"":""HABIDO""}","{""ruc"":""20571395283"",""antiguedad_empresa"":9.0,""cmc"":60678436.15,""cantidad_rubros"":3.0,""actividad_principal"":""Principal - 4100 - CONSTRUCCIÓN DE EDIFICIOS"",""penalidades_acum"":0,""sanciones_tcp_acum"":0,""estado"":""ACTIVO"",""condicion"":""HABIDO""}",,,,,,,
821,ANCASH,"1,803,360.44",28/12/2021,"{""ruc"":""20534197986"",""antiguedad_empresa"":13.0,""cmc"":261390982.44,""cantidad_rubros"":3.0,""actividad_principal"":""Principal - 4663 - VENTA AL POR MAYOR DE MATERIALES DE CONSTRUCCIÓN, ARTÍCULOS DE FERRETERÍA Y EQUIPO Y MATERIALES DE FONTANERÍA Y CALEFACCIÓN"",""penalidades_acum"":0,""sanciones_tcp_acum"":0,""estado"":""ACTIVO"",""condicion"":""HABIDO""}",,,,,,,,
822,ANCASH,"1,432,956.90",28/12/2021,"{""ruc"":""20608456857"",""antiguedad_empresa"":0.0,""cmc"":100000.0,""cantidad_rubros"":1.0,""actividad_principal"":""Principal - 4100 - CONSTRUCCIÓN DE EDIFICIOS"",""penalidades_acum"":0,""sanciones_tcp_acum"":0,""estado"":""SUSPENSION TEMPORAL"",""condicion"":""HABIDO""}","{""ruc"":""20533788891"",""antiguedad_empresa"":7.0,""cmc"":46369352.6,""cantidad_rubros"":3.0,""actividad_principal"":""Principal - 4100 - CONSTRUCCIÓN DE EDIFICIOS"",""penalidades_acum"":0,""sanciones_tcp_acum"":0,""estado"":""ACTIVO"",""condicion"":""HABIDO""}","{""ruc"":""20601052980"",""antiguedad_empresa"":5.0,""cmc"":100000.0,""cantidad_rubros"":3.0,""actividad_principal"":""Principal - 4730 - VENTA AL POR MENOR DE COMBUSTIBLES PARA VEHÍCULOS AUTOMOTORES EN COMERCIOS ESPECIALIZADOS"",""penalidades_acum"":0,""sanciones_tcp_acum"":0,""estado"":""ACTIVO"",""condicion"":""HABIDO""}",,,,,,
823,ANCASH,"6,666,162.05",28/12/2021,"{""ruc"":""20530706398"",""antiguedad_empresa"":18.0,""cmc"":100000.0,""cantidad_rubros"":2.0,""actividad_principal"":""Principal - 4100 - CONSTRUCCIÓN DE EDIFICIOS"",""penalidades_acum"":0,""sanciones_tcp_acum"":0,""estado"":""ACTIVO"",""condicion"":""HABIDO""}","{""ruc"":""20600683650"",""antiguedad_empresa"":6.0,""cmc"":2157432332.42,""cantidad_rubros"":3.0,""actividad_principal"":""Principal - 4100 - CONSTRUCCIÓN DE EDIFICIOS"",""penalidades_acum"":0,""sanciones_tcp_acum"":3,""estado"":""ACTIVO"",""condicion"":""HABIDO""}",,,,,,,
824,ANCASH,"5,957,366.93",21/12/2021,"{""ruc"":""20531820542"",""antiguedad_empresa"":11.0,""cmc"":100000.0,""cantidad_rubros"":2.0,""actividad_principal"":""Principal - 4100 - CONSTRUCCIÓN DE EDIFICIOS"",""penalidades_acum"":0,""sanciones_tcp_acum"":0,""estado"":""ACTIVO"",""condicion"":""HABIDO""}","{""ruc"":""20445575411"",""antiguedad_empresa"":14.0,""cmc"":320171616.58,""cantidad_rubros"":3.0,""actividad_principal"":""Principal - 4100 - CONSTRUCCIÓN DE EDIFICIOS"",""penalidades_acum"":0,""sanciones_tcp_acum"":0,""estado"":""ACTIVO"",""condicion"":""HABIDO""}",,,,,,,
825,ANCASH,"5,777,984.73",20/12/2021,"{""ruc"":""20486290910"",""antiguedad_empresa"":13.0,""cmc"":100000.0,""cantidad_rubros"":3.0,""actividad_principal"":""Principal - 4100 - CONSTRUCCIÓN DE EDIFICIOS"",""penalidades_acum"":0,""sanciones_tcp_acum"":2,""estado"":""ACTIVO"",""condicion"":""HABIDO""}","{""ruc"":""20487110141"",""antiguedad_empresa"":12.0,""cmc"":400000.0,""cantidad_rubros"":3.0,""actividad_principal"":""Principal - 4100 - CONSTRUCCIÓN DE EDIFICIOS"",""penalidades_acum"":0,""sanciones_tcp_acum"":2,""estado"":""ACTIVO"",""condicion"":""HABIDO""}",,,,,,,
826,ANCASH,"15,037,005.91",16/12/2021,"{""ruc"":""20445582973"",""antiguedad_empresa"":14.0,""cmc"":52742250.47,""cantidad_rubros"":2.0,""actividad_principal"":""Principal - 4390 - OTRAS ACTIVIDADES ESPECIALIZADAS DE CONSTRUCCIÓN"",""penalidades_acum"":0,""sanciones_tcp_acum"":0,""estado"":""ACTIVO"",""condicion"":""HABIDO""}","{""ruc"":""20531084072"",""antiguedad_empresa"":14.0,""cmc"":547926820.4,""cantidad_rubros"":3.0,""actividad_principal"":""Principal - 7110 - ACTIVIDADES DE ARQUITECTURA E INGENIERÍA Y ACTIVIDADES CONEXAS DE CONSULTORÍA TÉCNICA"",""penalidades_acum"":0,""sanciones_tcp_acum"":0,""estado"":""ACTIVO"",""condicion"":""HABIDO""}",,,,,,,
827,ANCASH,"6,069,934.66",16/12/2021,"{""ruc"":""20408018804"",""antiguedad_empresa"":12.0,""cmc"":2040996911.1,""cantidad_rubros"":3.0,""actividad_principal"":""Principal - 4290 - CONSTRUCCIÓN DE OTRAS OBRAS DE INGENIERÍA CIVIL"",""penalidades_acum"":0,""sanciones_tcp_acum"":0,""estado"":""ACTIVO"",""condicion"":""HABIDO""}",,,,,,,,
828,ANCASH,"2,876,120.71",15/12/2021,"{""ruc"":""20605871420"",""antiguedad_empresa"":1.0,""cmc"":100000.0,""cantidad_rubros"":3.0,""actividad_principal"":""Principal - 8423 - ACTIVIDADES DE MANTENIMIENTO DEL ORDEN PÚBLICO Y DE SEGURIDAD"",""penalidades_acum"":0,""sanciones_tcp_acum"":0,""estado"":""SUSPENSION TEMPORAL"",""condicion"":""HABIDO""}","{""ruc"":""20530585078"",""antiguedad_empresa"":20.0,""cmc"":100000.0,""cantidad_rubros"":3.0,""actividad_principal"":""Principal - 4210 - CONSTRUCCIÓN DE CARRETERAS Y VÍAS DE FERROCARRIL"",""penalidades_acum"":1,""sanciones_tcp_acum"":0,""estado"":""ACTIVO"",""condicion"":""HABIDO""}","{""ruc"":""20600403207"",""antiguedad_empresa"":6.0,""cmc"":100000.0,""cantidad_rubros"":3.0,""actividad_principal"":""Principal - 4923 - TRANSPORTE DE CARGA POR CARRETERA"",""penalidades_acum"":0,""sanciones_tcp_acum"":0,""estado"":""ACTIVO"",""condicion"":""HABIDO""}",,,,,,
829,ANCASH,"3,113,263.48",14/12/2021,"{""ruc"":""20488351398"",""antiguedad_empresa"":21.0,""cmc"":70079760.7,""cantidad_rubros"":3.0,""actividad_principal"":""Principal - 4290 - CONSTRUCCIÓN DE OTRAS OBRAS DE INGENIERÍA CIVIL"",""penalidades_acum"":0,""sanciones_tcp_acum"":0,""estado"":""ACTIVO"",""condicion"":""HABIDO""}",,,,,,,,
830,ANCASH,"1,702,902.62",07/12/2021,"{""ruc"":""20533729615"",""antiguedad_empresa"":8.0,""cmc"":5101364.06,""cantidad_rubros"":3.0,""actividad_principal"":""Principal - 4922 - OTRAS ACTIVIDADES DE TRANSPORTE POR VÍA TERRESTRE"",""penalidades_acum"":0,""sanciones_tcp_acum"":0,""estado"":""ACTIVO"",""condicion"":""HABIDO""}","{""ruc"":""20260236611"",""antiguedad_empresa"":27.0,""cmc"":100000.0,""cantidad_rubros"":3.0,""actividad_principal"":""Principal - 7730 - ALQUILER Y ARRENDAMIENTO DE OTROS TIPOS DE MAQUINARIA, EQUIPO Y BIENES TANGIBLES"",""penalidades_acum"":0,""sanciones_tcp_acum"":1,""estado"":""ACTIVO"",""condicion"":""NO HABIDO""}",,,,,,,
831,ANCASH,"7,918,951.01",07/12/2021,"{""ruc"":""20408018804"",""antiguedad_empresa"":12.0,""cmc"":2040996911.1,""cantidad_rubros"":3.0,""actividad_principal"":""Principal - 4290 - CONSTRUCCIÓN DE OTRAS OBRAS DE INGENIERÍA CIVIL"",""penalidades_acum"":0,""sanciones_tcp_acum"":0,""estado"":""ACTIVO"",""condicion"":""HABIDO""}","{""ruc"":""20571184151"",""antiguedad_empresa"":10.0,""cmc"":500000.0,""cantidad_rubros"":3.0,""actividad_principal"":""Principal - 7110 - ACTIVIDADES DE ARQUITECTURA E INGENIERÍA Y ACTIVIDADES CONEXAS DE CONSULTORÍA TÉCNICA"",""penalidades_acum"":0,""sanciones_tcp_acum"":0,""estado"":""ACTIVO"",""condicion"":""HABIDO""}",,,,,,,
832,ANCASH,"3,712,812.82",07/12/2021,"{""ruc"":""20571135885"",""antiguedad_empresa"":10.0,""cmc"":202433902.0,""cantidad_rubros"":3.0,""actividad_principal"":""Principal - 4100 - CONSTRUCCIÓN DE EDIFICIOS"",""penalidades_acum"":0,""sanciones_tcp_acum"":1,""estado"":""ACTIVO"",""condicion"":""HABIDO""}","{""ruc"":""20542191059"",""antiguedad_empresa"":10.0,""cmc"":163445326.5,""cantidad_rubros"":3.0,""actividad_principal"":""Principal - 4290 - CONSTRUCCIÓN DE OTRAS OBRAS DE INGENIERÍA CIVIL"",""penalidades_acum"":1,""sanciones_tcp_acum"":0,""estado"":""ACTIVO"",""condicion"":""HABIDO""}",,,,,,,
833,ANCASH,"2,284,809.00",07/12/2021,"{""ruc"":""20533631305"",""antiguedad_empresa"":8.0,""cmc"":100000.0,""cantidad_rubros"":3.0,""actividad_principal"":""Principal - 4100 - CONSTRUCCIÓN DE EDIFICIOS"",""penalidades_acum"":0,""sanciones_tcp_acum"":0,""estado"":""ACTIVO"",""condicion"":""HABIDO""}","{""ruc"":""20542191059"",""antiguedad_empresa"":10.0,""cmc"":163445326.5,""cantidad_rubros"":3.0,""actividad_principal"":""Principal - 4290 - CONSTRUCCIÓN DE OTRAS OBRAS DE INGENIERÍA CIVIL"",""penalidades_acum"":1,""sanciones_tcp_acum"":0,""estado"":""ACTIVO"",""condicion"":""HABIDO""}",,,,,,,
834,ANCASH,"5,722,667.27",07/12/2021,"{""ruc"":""20461192077"",""antiguedad_empresa"":21.0,""cmc"":36750971.57,""cantidad_rubros"":2.0,""actividad_principal"":""Principal - 7110 - ACTIVIDADES DE ARQUITECTURA E INGENIERÍA Y ACTIVIDADES CONEXAS DE CONSULTORÍA TÉCNICA"",""penalidades_acum"":0,""sanciones_tcp_acum"":0,""estado"":""ACTIVO"",""condicion"":""HABIDO""}","{""ruc"":""20445667618"",""antiguedad_empresa"":14.0,""cmc"":83388968.26,""cantidad_rubros"":1.0,""actividad_principal"":""Principal - 4100 - CONSTRUCCIÓN DE EDIFICIOS"",""penalidades_acum"":0,""sanciones_tcp_acum"":0,""estado"":""ACTIVO"",""condicion"":""HABIDO""}",,,,,,,
835,ANCASH,"1,852,188.65",07/12/2021,"{""ruc"":""20542049228"",""antiguedad_empresa"":9.0,""cmc"":100000.0,""cantidad_rubros"":3.0,""actividad_principal"":""Principal - 4100 - CONSTRUCCIÓN DE EDIFICIOS"",""penalidades_acum"":0,""sanciones_tcp_acum"":1,""estado"":""ACTIVO"",""condicion"":""HABIDO""}","{""ruc"":""20533652213"",""antiguedad_empresa"":8.0,""cmc"":91303714.42,""cantidad_rubros"":3.0,""actividad_principal"":""Principal - 4210 - CONSTRUCCIÓN DE CARRETERAS Y VÍAS DE FERROCARRIL"",""penalidades_acum"":0,""sanciones_tcp_acum"":0,""estado"":""ACTIVO"",""condicion"":""HABIDO""}",,,,,,,
836,ANCASH,"2,318,953.55",30/11/2021,"{""ruc"":""20445575411"",""antiguedad_empresa"":14.0,""cmc"":320171616.58,""cantidad_rubros"":3.0,""actividad_principal"":""Principal - 4100 - CONSTRUCCIÓN DE EDIFICIOS"",""penalidades_acum"":0,""sanciones_tcp_acum"":0,""estado"":""ACTIVO"",""condicion"":""HABIDO""}","{""ruc"":""20541706454"",""antiguedad_empresa"":9.0,""cmc"":45545770.24,""cantidad_rubros"":3.0,""actividad_principal"":""Principal - 4663 - VENTA AL POR MAYOR DE MATERIALES DE CONSTRUCCIÓN, ARTÍCULOS DE FERRETERÍA Y EQUIPO Y MATERIALES DE FONTANERÍA Y CALEFACCIÓN"",""penalidades_acum"":0,""sanciones_tcp_acum"":0,""estado"":""ACTIVO"",""condicion"":""HABIDO""}",,,,,,,
837,ANCASH,"3,303,156.54",30/11/2021,"{""ruc"":""20126533447"",""antiguedad_empresa"":28.0,""cmc"":50553803.04,""cantidad_rubros"":1.0,""actividad_principal"":""Principal - 4390 - OTRAS ACTIVIDADES ESPECIALIZADAS DE CONSTRUCCIÓN"",""penalidades_acum"":0,""sanciones_tcp_acum"":0,""estado"":""ACTIVO"",""condicion"":""HABIDO""}","{""ruc"":""20603321309"",""antiguedad_empresa"":3.0,""cmc"":22828820.72,""cantidad_rubros"":1.0,""actividad_principal"":""Principal - 4100 - CONSTRUCCIÓN DE EDIFICIOS"",""penalidades_acum"":0,""sanciones_tcp_acum"":0,""estado"":""ACTIVO"",""condicion"":""HABIDO""}",,,,,,,
838,ANCASH,"1,918,452.99",29/11/2021,"{""ruc"":""20571309891"",""antiguedad_empresa"":4.0,""cmc"":100000.0,""cantidad_rubros"":3.0,""actividad_principal"":""Principal - 4100 - CONSTRUCCIÓN DE EDIFICIOS"",""penalidades_acum"":0,""sanciones_tcp_acum"":0,""estado"":""ACTIVO"",""condicion"":""HABIDO""}","{""ruc"":""20571135885"",""antiguedad_empresa"":10.0,""cmc"":202433902.0,""cantidad_rubros"":3.0,""actividad_principal"":""Principal - 4100 - CONSTRUCCIÓN DE EDIFICIOS"",""penalidades_acum"":0,""sanciones_tcp_acum"":1,""estado"":""ACTIVO"",""condicion"":""HABIDO""}",,,,,,,
839,ANCASH,"4,780,240.62",29/11/2021,"{""ruc"":""20408018804"",""antiguedad_empresa"":12.0,""cmc"":2040996911.1,""cantidad_rubros"":3.0,""actividad_principal"":""Principal - 4290 - CONSTRUCCIÓN DE OTRAS OBRAS DE INGENIERÍA CIVIL"",""penalidades_acum"":0,""sanciones_tcp_acum"":0,""estado"":""ACTIVO"",""condicion"":""HABIDO""}","{""ruc"":""20571184151"",""antiguedad_empresa"":10.0,""cmc"":500000.0,""cantidad_rubros"":3.0,""actividad_principal"":""Principal - 7110 - ACTIVIDADES DE ARQUITECTURA E INGENIERÍA Y ACTIVIDADES CONEXAS DE CONSULTORÍA TÉCNICA"",""penalidades_acum"":0,""sanciones_tcp_acum"":0,""estado"":""ACTIVO"",""condicion"":""HABIDO""}",,,,,,,
840,ANCASH,"7,014,513.99",29/11/2021,"{""ruc"":""20605992146"",""antiguedad_empresa"":1.0,""cmc"":100000.0,""cantidad_rubros"":3.0,""actividad_principal"":""Principal - 4290 - CONSTRUCCIÓN DE OTRAS OBRAS DE INGENIERÍA CIVIL"",""penalidades_acum"":0,""sanciones_tcp_acum"":0,""estado"":""BAJA PROV. POR OFICIO"",""condicion"":""NO HALLADO""}","{""ruc"":""20600683650"",""antiguedad_empresa"":6.0,""cmc"":2157432332.42,""cantidad_rubros"":3.0,""actividad_principal"":""Principal - 4100 - CONSTRUCCIÓN DE EDIFICIOS"",""penalidades_acum"":0,""sanciones_tcp_acum"":3,""estado"":""ACTIVO"",""condicion"":""HABIDO""}",,,,,,,
841,ANCASH,"1,665,841.43",24/11/2021,"{""ruc"":""20534158069"",""antiguedad_empresa"":13.0,""cmc"":100000.0,""cantidad_rubros"":3.0,""actividad_principal"":""Principal - 4290 - CONSTRUCCIÓN DE OTRAS OBRAS DE INGENIERÍA CIVIL"",""penalidades_acum"":0,""sanciones_tcp_acum"":0,""estado"":""ACTIVO"",""condicion"":""HABIDO""}","{""ruc"":""20606854081"",""antiguedad_empresa"":1.0,""cmc"":330975.88,""cantidad_rubros"":3.0,""actividad_principal"":""Principal - 4100 - CONSTRUCCIÓN DE EDIFICIOS"",""penalidades_acum"":0,""sanciones_tcp_acum"":0,""estado"":""ACTIVO"",""condicion"":""HABIDO""}",,,,,,,
842,ANCASH,"4,616,563.82",24/11/2021,"{""ruc"":""20571395283"",""antiguedad_empresa"":9.0,""cmc"":60678436.15,""cantidad_rubros"":3.0,""actividad_principal"":""Principal - 4100 - CONSTRUCCIÓN DE EDIFICIOS"",""penalidades_acum"":0,""sanciones_tcp_acum"":0,""estado"":""ACTIVO"",""condicion"":""HABIDO""}","{""ruc"":""20604232610"",""antiguedad_empresa"":null,""cmc"":100000.0,""cantidad_rubros"":1.0,""actividad_principal"":""Principal - 4100 - CONSTRUCCIÓN DE EDIFICIOS"",""penalidades_acum"":0,""sanciones_tcp_acum"":0,""estado"":""ACTIVO"",""condicion"":""HABIDO""}",,,,,,,
843,ANCASH,"5,183,289.32",16/11/2021,"{""ruc"":""20531084072"",""antiguedad_empresa"":14.0,""cmc"":547926820.4,""cantidad_rubros"":3.0,""actividad_principal"":""Principal - 7110 - ACTIVIDADES DE ARQUITECTURA E INGENIERÍA Y ACTIVIDADES CONEXAS DE CONSULTORÍA TÉCNICA"",""penalidades_acum"":0,""sanciones_tcp_acum"":0,""estado"":""ACTIVO"",""condicion"":""HABIDO""}",,,,,,,,
844,ANCASH,"4,296,922.47",16/11/2021,"{""ruc"":""20542191059"",""antiguedad_empresa"":10.0,""cmc"":163445326.5,""cantidad_rubros"":3.0,""actividad_principal"":""Principal - 4290 - CONSTRUCCIÓN DE OTRAS OBRAS DE INGENIERÍA CIVIL"",""penalidades_acum"":1,""sanciones_tcp_acum"":0,""estado"":""ACTIVO"",""condicion"":""HABIDO""}","{""ruc"":""20571250552"",""antiguedad_empresa"":2.0,""cmc"":100000.0,""cantidad_rubros"":3.0,""actividad_principal"":""Principal - 4663 - VENTA AL POR MAYOR DE MATERIALES DE CONSTRUCCIÓN, ARTÍCULOS DE FERRETERÍA Y EQUIPO Y MATERIALES DE FONTANERÍA Y CALEFACCIÓN"",""penalidades_acum"":0,""sanciones_tcp_acum"":0,""estado"":""ACTIVO"",""condicion"":""HABIDO""}",,,,,,,
845,ANCASH,"977,334.19",04/11/2021,"{""ruc"":""20533751386"",""antiguedad_empresa"":7.0,""cmc"":100000.0,""cantidad_rubros"":3.0,""actividad_principal"":""Principal - 7110 - ACTIVIDADES DE ARQUITECTURA E INGENIERÍA Y ACTIVIDADES CONEXAS DE CONSULTORÍA TÉCNICA"",""penalidades_acum"":0,""sanciones_tcp_acum"":0,""estado"":""ACTIVO"",""condicion"":""HABIDO""}","{""ruc"":""20541445553"",""antiguedad_empresa"":11.0,""cmc"":350000.0,""cantidad_rubros"":3.0,""actividad_principal"":""Principal - 7110 - ACTIVIDADES DE ARQUITECTURA E INGENIERÍA Y ACTIVIDADES CONEXAS DE CONSULTORÍA TÉCNICA"",""penalidades_acum"":0,""sanciones_tcp_acum"":0,""estado"":""ACTIVO"",""condicion"":""HABIDO""}","{""ruc"":""20534027126"",""antiguedad_empresa"":14.0,""cmc"":8056987.8,""cantidad_rubros"":3.0,""actividad_principal"":""Principal - 4390 - OTRAS ACTIVIDADES ESPECIALIZADAS DE CONSTRUCCIÓN"",""penalidades_acum"":0,""sanciones_tcp_acum"":0,""estado"":""ACTIVO"",""condicion"":""HABIDO""}","{""ruc"":""20602541216"",""antiguedad_empresa"":4.0,""cmc"":100000.0,""cantidad_rubros"":3.0,""actividad_principal"":""Principal - 4321 - INSTALACIONES ELÉCTRICAS"",""penalidades_acum"":0,""sanciones_tcp_acum"":0,""estado"":""ACTIVO"",""condicion"":""HABIDO""}","{""ruc"":""20450157008"",""antiguedad_empresa"":15.0,""cmc"":100000.0,""cantidad_rubros"":3.0,""actividad_principal"":""Principal - 4100 - CONSTRUCCIÓN DE EDIFICIOS"",""penalidades_acum"":0,""sanciones_tcp_acum"":2,""estado"":""BAJA PROV. POR OFICIO"",""condicion"":""HABIDO""}",,,,
846,ANCASH,"5,743,656.44",04/11/2021,"{""ruc"":""20608705334"",""antiguedad_empresa"":null,""cmc"":100000.0,""cantidad_rubros"":2.0,""actividad_principal"":""Principal - 4290 - CONSTRUCCIÓN DE OTRAS OBRAS DE INGENIERÍA CIVIL"",""penalidades_acum"":0,""sanciones_tcp_acum"":2,""estado"":""ACTIVO"",""condicion"":""NO HABIDO""}","{""ruc"":""20542040786"",""antiguedad_empresa"":11.0,""cmc"":100000.0,""cantidad_rubros"":2.0,""actividad_principal"":""Principal - 7730 - ALQUILER Y ARRENDAMIENTO DE OTROS TIPOS DE MAQUINARIA, EQUIPO Y BIENES TANGIBLES"",""penalidades_acum"":0,""sanciones_tcp_acum"":0,""estado"":""SUSPENSION TEMPORAL"",""condicion"":""NO HABIDO""}","{""ruc"":""20486419971"",""antiguedad_empresa"":15.0,""cmc"":100000.0,""cantidad_rubros"":3.0,""actividad_principal"":""Principal - 4100 - CONSTRUCCIÓN DE EDIFICIOS"",""penalidades_acum"":0,""sanciones_tcp_acum"":0,""estado"":""ACTIVO"",""condicion"":""HABIDO""}",,,,,,
847,ANCASH,"1,836,913.25",28/10/2021,"{""ruc"":""20571238269"",""antiguedad_empresa"":9.0,""cmc"":100000.0,""cantidad_rubros"":3.0,""actividad_principal"":""Principal - 4100 - CONSTRUCCIÓN DE EDIFICIOS"",""penalidades_acum"":0,""sanciones_tcp_acum"":1,""estado"":""ACTIVO"",""condicion"":""NO HABIDO""}","{""ruc"":""20542191059"",""antiguedad_empresa"":10.0,""cmc"":163445326.5,""cantidad_rubros"":3.0,""actividad_principal"":""Principal - 4290 - CONSTRUCCIÓN DE OTRAS OBRAS DE INGENIERÍA CIVIL"",""penalidades_acum"":1,""sanciones_tcp_acum"":0,""estado"":""ACTIVO"",""condicion"":""HABIDO""}",,,,,,,
848,ANCASH,"11,117,053.31",22/10/2021,"{""ruc"":""20531084072"",""antiguedad_empresa"":14.0,""cmc"":547926820.4,""cantidad_rubros"":3.0,""actividad_principal"":""Principal - 7110 - ACTIVIDADES DE ARQUITECTURA E INGENIERÍA Y ACTIVIDADES CONEXAS DE CONSULTORÍA TÉCNICA"",""penalidades_acum"":0,""sanciones_tcp_acum"":0,""estado"":""ACTIVO"",""condicion"":""HABIDO""}","{""ruc"":""20533086510"",""antiguedad_empresa"":8.0,""cmc"":100000.0,""cantidad_rubros"":3.0,""actividad_principal"":""Principal - 4290 - CONSTRUCCIÓN DE OTRAS OBRAS DE INGENIERÍA CIVIL"",""penalidades_acum"":0,""sanciones_tcp_acum"":0,""estado"":""ACTIVO"",""condicion"":""HABIDO""}",,,,,,,
849,ANCASH,"11,120,538.77",22/10/2021,"{""ruc"":""20534171910"",""antiguedad_empresa"":13.0,""cmc"":100000.0,""cantidad_rubros"":3.0,""actividad_principal"":""Principal - 4100 - CONSTRUCCIÓN DE EDIFICIOS"",""penalidades_acum"":0,""sanciones_tcp_acum"":0,""estado"":""ACTIVO"",""condicion"":""HABIDO""}","{""ruc"":""20488351398"",""antiguedad_empresa"":21.0,""cmc"":70079760.7,""cantidad_rubros"":3.0,""actividad_principal"":""Principal - 4290 - CONSTRUCCIÓN DE OTRAS OBRAS DE INGENIERÍA CIVIL"",""penalidades_acum"":0,""sanciones_tcp_acum"":0,""estado"":""ACTIVO"",""condicion"":""HABIDO""}",,,,,,,
850,ANCASH,"1,227,171.37",14/10/2021,"{""ruc"":""20608495267"",""antiguedad_empresa"":0.0,""cmc"":100000.0,""cantidad_rubros"":3.0,""actividad_principal"":""Principal - 4290 - CONSTRUCCIÓN DE OTRAS OBRAS DE INGENIERÍA CIVIL"",""penalidades_acum"":0,""sanciones_tcp_acum"":0,""estado"":""ACTIVO"",""condicion"":""HABIDO""}","{""ruc"":""20544063392"",""antiguedad_empresa"":10.0,""cmc"":100000.0,""cantidad_rubros"":3.0,""actividad_principal"":""Principal - 4100 - CONSTRUCCIÓN DE EDIFICIOS"",""penalidades_acum"":0,""sanciones_tcp_acum"":1,""estado"":""ACTIVO"",""condicion"":""HABIDO""}",,,,,,,
851,ANCASH,"6,038,681.35",12/10/2021,"{""ruc"":""20531000316"",""antiguedad_empresa"":null,""cmc"":100000.0,""cantidad_rubros"":3.0,""actividad_principal"":""Principal - 4100 - CONSTRUCCIÓN DE EDIFICIOS"",""penalidades_acum"":0,""sanciones_tcp_acum"":0,""estado"":""ACTIVO"",""condicion"":""HABIDO""}","{""ruc"":""20530990681"",""antiguedad_empresa"":15.0,""cmc"":100000.0,""cantidad_rubros"":3.0,""actividad_principal"":""Principal - 4923 - TRANSPORTE DE CARGA POR CARRETERA"",""penalidades_acum"":0,""sanciones_tcp_acum"":0,""estado"":""ACTIVO"",""condicion"":""HABIDO""}",,,,,,,
852,ANCASH,"2,425,802.29",05/10/2021,"{""ruc"":""20542191059"",""antiguedad_empresa"":10.0,""cmc"":163445326.5,""cantidad_rubros"":3.0,""actividad_principal"":""Principal - 4290 - CONSTRUCCIÓN DE OTRAS OBRAS DE INGENIERÍA CIVIL"",""penalidades_acum"":1,""sanciones_tcp_acum"":0,""estado"":""ACTIVO"",""condicion"":""HABIDO""}","{""ruc"":""20533631305"",""antiguedad_empresa"":8.0,""cmc"":100000.0,""cantidad_rubros"":3.0,""actividad_principal"":""Principal - 4100 - CONSTRUCCIÓN DE EDIFICIOS"",""penalidades_acum"":0,""sanciones_tcp_acum"":0,""estado"":""ACTIVO"",""condicion"":""HABIDO""}",,,,,,,
853,ANCASH,"2,058,000.00",27/09/2021,"{""ruc"":""20603092440"",""antiguedad_empresa"":3.0,""cmc"":24687085.2,""cantidad_rubros"":3.0,""actividad_principal"":""Principal - 4652 - VENTA AL POR MAYOR DE EQUIPO, PARTES Y PIEZAS ELECTRÓNICOS Y DE TELECOMUNICACIONES"",""penalidades_acum"":0,""sanciones_tcp_acum"":0,""estado"":""ACTIVO"",""condicion"":""HABIDO""}","{""ruc"":""20571395283"",""antiguedad_empresa"":9.0,""cmc"":60678436.15,""cantidad_rubros"":3.0,""actividad_principal"":""Principal - 4100 - CONSTRUCCIÓN DE EDIFICIOS"",""penalidades_acum"":0,""sanciones_tcp_acum"":0,""estado"":""ACTIVO"",""condicion"":""HABIDO""}",,,,,,,
854,ANCASH,"1,345,974.82",23/09/2021,"{""ruc"":""20486419971"",""antiguedad_empresa"":15.0,""cmc"":100000.0,""cantidad_rubros"":3.0,""actividad_principal"":""Principal - 4100 - CONSTRUCCIÓN DE EDIFICIOS"",""penalidades_acum"":0,""sanciones_tcp_acum"":0,""estado"":""ACTIVO"",""condicion"":""HABIDO""}","{""ruc"":""20533786333"",""antiguedad_empresa"":7.0,""cmc"":100000.0,""cantidad_rubros"":3.0,""actividad_principal"":""Principal - 4663 - VENTA AL POR MAYOR DE MATERIALES DE CONSTRUCCIÓN, ARTÍCULOS DE FERRETERÍA Y EQUIPO Y MATERIALES DE FONTANERÍA Y CALEFACCIÓN"",""penalidades_acum"":0,""sanciones_tcp_acum"":0,""estado"":""ACTIVO"",""condicion"":""HABIDO""}",,,,,,,
855,ANCASH,"2,950,000.00",16/09/2021,"{""ruc"":""20408114943"",""antiguedad_empresa"":11.0,""cmc"":33738908.68,""cantidad_rubros"":3.0,""actividad_principal"":""Principal - 4210 - CONSTRUCCIÓN DE CARRETERAS Y VÍAS DE FERROCARRIL"",""penalidades_acum"":0,""sanciones_tcp_acum"":1,""estado"":""ACTIVO"",""condicion"":""HABIDO""}","{""ruc"":""20569181756"",""antiguedad_empresa"":8.0,""cmc"":64444778.98,""cantidad_rubros"":2.0,""actividad_principal"":""Principal - 4663 - VENTA AL POR MAYOR DE MATERIALES DE CONSTRUCCIÓN, ARTÍCULOS DE FERRETERÍA Y EQUIPO Y MATERIALES DE FONTANERÍA Y CALEFACCIÓN"",""penalidades_acum"":0,""sanciones_tcp_acum"":0,""estado"":""ACTIVO"",""condicion"":""HABIDO""}",,,,,,,
856,ANCASH,"3,113,263.48",02/09/2021,"{""ruc"":""20488351398"",""antiguedad_empresa"":21.0,""cmc"":70079760.7,""cantidad_rubros"":3.0,""actividad_principal"":""Principal - 4290 - CONSTRUCCIÓN DE OTRAS OBRAS DE INGENIERÍA CIVIL"",""penalidades_acum"":0,""sanciones_tcp_acum"":0,""estado"":""ACTIVO"",""condicion"":""HABIDO""}",,,,,,,,
857,ANCASH,"2,147,509.13",24/08/2021,"{""ruc"":""20571395364"",""antiguedad_empresa"":9.0,""cmc"":100000.0,""cantidad_rubros"":3.0,""actividad_principal"":""Principal - 4100 - CONSTRUCCIÓN DE EDIFICIOS"",""penalidades_acum"":0,""sanciones_tcp_acum"":0,""estado"":""ACTIVO"",""condicion"":""HABIDO""}","{""ruc"":""20571135885"",""antiguedad_empresa"":10.0,""cmc"":202433902.0,""cantidad_rubros"":3.0,""actividad_principal"":""Principal - 4100 - CONSTRUCCIÓN DE EDIFICIOS"",""penalidades_acum"":0,""sanciones_tcp_acum"":1,""estado"":""ACTIVO"",""condicion"":""HABIDO""}",,,,,,,
858,ANCASH,"2,084,614.47",24/08/2021,"{""ruc"":""20571135885"",""antiguedad_empresa"":10.0,""cmc"":202433902.0,""cantidad_rubros"":3.0,""actividad_principal"":""Principal - 4100 - CONSTRUCCIÓN DE EDIFICIOS"",""penalidades_acum"":0,""sanciones_tcp_acum"":1,""estado"":""ACTIVO"",""condicion"":""HABIDO""}","{""ruc"":""20601568561"",""antiguedad_empresa"":5.0,""cmc"":10484446.96,""cantidad_rubros"":3.0,""actividad_principal"":""Principal - 4100 - CONSTRUCCIÓN DE EDIFICIOS"",""penalidades_acum"":0,""sanciones_tcp_acum"":0,""estado"":""ACTIVO"",""condicion"":""HABIDO""}",,,,,,,
859,ANCASH,"3,690,101.62",24/08/2021,"{""ruc"":""20571395283"",""antiguedad_empresa"":9.0,""cmc"":60678436.15,""cantidad_rubros"":3.0,""actividad_principal"":""Principal - 4100 - CONSTRUCCIÓN DE EDIFICIOS"",""penalidades_acum"":0,""sanciones_tcp_acum"":0,""estado"":""ACTIVO"",""condicion"":""HABIDO""}","{""ruc"":""20600770226"",""antiguedad_empresa"":6.0,""cmc"":100000.0,""cantidad_rubros"":3.0,""actividad_principal"":""Principal - 7730 - ALQUILER Y ARRENDAMIENTO DE OTROS TIPOS DE MAQUINARIA, EQUIPO Y BIENES TANGIBLES"",""penalidades_acum"":0,""sanciones_tcp_acum"":0,""estado"":""BAJA DE OFICIO"",""condicion"":""HABIDO""}",,,,,,,
860,ANCASH,"1,886,577.47",19/08/2021,"{""ruc"":""20529066521"",""antiguedad_empresa"":11.0,""cmc"":120813293.51,""cantidad_rubros"":3.0,""actividad_principal"":""Principal - 4923 - TRANSPORTE DE CARGA POR CARRETERA"",""penalidades_acum"":0,""sanciones_tcp_acum"":0,""estado"":""ACTIVO"",""condicion"":""HABIDO""}","{""ruc"":""20542141116"",""antiguedad_empresa"":10.0,""cmc"":100000.0,""cantidad_rubros"":3.0,""actividad_principal"":""Principal - 4100 - CONSTRUCCIÓN DE EDIFICIOS"",""penalidades_acum"":0,""sanciones_tcp_acum"":0,""estado"":""ACTIVO"",""condicion"":""HABIDO""}",,,,,,,
861,ANCASH,"5,451,617.04",18/08/2021,"{""ruc"":""20542132982"",""antiguedad_empresa"":10.0,""cmc"":100000.0,""cantidad_rubros"":3.0,""actividad_principal"":""Principal - 4663 - VENTA AL POR MAYOR DE MATERIALES DE CONSTRUCCIÓN, ARTÍCULOS DE FERRETERÍA Y EQUIPO Y MATERIALES DE FONTANERÍA Y CALEFACCIÓN"",""penalidades_acum"":0,""sanciones_tcp_acum"":0,""estado"":""BAJA DE OFICIO"",""condicion"":""HABIDO""}","{""ruc"":""20530592520"",""antiguedad_empresa"":20.0,""cmc"":100000.0,""cantidad_rubros"":3.0,""actividad_principal"":""Principal - 4210 - CONSTRUCCIÓN DE CARRETERAS Y VÍAS DE FERROCARRIL"",""penalidades_acum"":0,""sanciones_tcp_acum"":1,""estado"":""ACTIVO"",""condicion"":""HABIDO""}",,,,,,,
862,ANCASH,"3,016,113.85",09/08/2021,"{""ruc"":""20571395364"",""antiguedad_empresa"":9.0,""cmc"":100000.0,""cantidad_rubros"":3.0,""actividad_principal"":""Principal - 4100 - CONSTRUCCIÓN DE EDIFICIOS"",""penalidades_acum"":0,""sanciones_tcp_acum"":0,""estado"":""ACTIVO"",""condicion"":""HABIDO""}",,,,,,,,
863,ANCASH,"989,502.04",22/07/2021,"{""ruc"":""20542030802"",""antiguedad_empresa"":11.0,""cmc"":100000.0,""cantidad_rubros"":3.0,""actividad_principal"":""Principal - 4100 - CONSTRUCCIÓN DE EDIFICIOS"",""penalidades_acum"":0,""sanciones_tcp_acum"":0,""estado"":""BAJA DE OFICIO"",""condicion"":""HABIDO""}","{""ruc"":""20531065019"",""antiguedad_empresa"":14.0,""cmc"":100000.0,""cantidad_rubros"":3.0,""actividad_principal"":""Principal - 4663 - VENTA AL POR MAYOR DE MATERIALES DE CONSTRUCCIÓN, ARTÍCULOS DE FERRETERÍA Y EQUIPO Y MATERIALES DE FONTANERÍA Y CALEFACCIÓN"",""penalidades_acum"":0,""sanciones_tcp_acum"":0,""estado"":""ACTIVO"",""condicion"":""HABIDO""}",,,,,,,
864,ANCASH,"5,383,223.24",12/07/2021,"{""ruc"":""20534013923"",""antiguedad_empresa"":14.0,""cmc"":50302567.76,""cantidad_rubros"":2.0,""actividad_principal"":""Principal - 7110 - ACTIVIDADES DE ARQUITECTURA E INGENIERÍA Y ACTIVIDADES CONEXAS DE CONSULTORÍA TÉCNICA"",""penalidades_acum"":0,""sanciones_tcp_acum"":0,""estado"":""ACTIVO"",""condicion"":""HABIDO""}",,,,,,,,
865,ANCASH,"3,989,477.05",08/07/2021,"{""ruc"":""20407893248"",""antiguedad_empresa"":12.0,""cmc"":115731526.48,""cantidad_rubros"":3.0,""actividad_principal"":""Principal - 4210 - CONSTRUCCIÓN DE CARRETERAS Y VÍAS DE FERROCARRIL"",""penalidades_acum"":0,""sanciones_tcp_acum"":0,""estado"":""ACTIVO"",""condicion"":""HABIDO""}","{""ruc"":""20407909268"",""antiguedad_empresa"":12.0,""cmc"":100000.0,""cantidad_rubros"":3.0,""actividad_principal"":""Principal - 4290 - CONSTRUCCIÓN DE OTRAS OBRAS DE INGENIERÍA CIVIL"",""penalidades_acum"":0,""sanciones_tcp_acum"":0,""estado"":""ACTIVO"",""condicion"":""HABIDO""}",,,,,,,
866,ANCASH,"411,603.81",04/05/2021,"{""ruc"":""20601175411"",""antiguedad_empresa"":5.0,""cmc"":100000.0,""cantidad_rubros"":2.0,""actividad_principal"":""Principal - 4100 - CONSTRUCCIÓN DE EDIFICIOS"",""penalidades_acum"":0,""sanciones_tcp_acum"":2,""estado"":""BAJA DE OFICIO"",""condicion"":""HABIDO""}","{""ruc"":""20453649840"",""antiguedad_empresa"":20.0,""cmc"":205040003.77,""cantidad_rubros"":3.0,""actividad_principal"":""Principal - 4210 - CONSTRUCCIÓN DE CARRETERAS Y VÍAS DE FERROCARRIL"",""penalidades_acum"":0,""sanciones_tcp_acum"":2,""estado"":""ACTIVO"",""condicion"":""HABIDO""}",,,,,,,
867,ANCASH,"6,413,829.36",28/12/2022,"{""ruc"":""20516419572"",""antiguedad_empresa"":15.0,""cmc"":96360383.45,""cantidad_rubros"":3.0,""actividad_principal"":""Principal - 4100 - CONSTRUCCIÓN DE EDIFICIOS"",""penalidades_acum"":0,""sanciones_tcp_acum"":0,""estado"":""ACTIVO"",""condicion"":""HABIDO""}","{""ruc"":""20477886095"",""antiguedad_empresa"":14.0,""cmc"":100000.0,""cantidad_rubros"":3.0,""actividad_principal"":""Principal - 4220 - CONSTRUCCIÓN DE PROYECTOS DE SERVICIO PÚBLICO"",""penalidades_acum"":0,""sanciones_tcp_acum"":1,""estado"":""ACTIVO"",""condicion"":""HABIDO""}",,,,,,,
868,ANCASH,"1,030,619.88",21/12/2022,"{""ruc"":""20144691173"",""antiguedad_empresa"":29.0,""cmc"":60000000.0,""cantidad_rubros"":2.0,""actividad_principal"":""Principal - 4390 - OTRAS ACTIVIDADES ESPECIALIZADAS DE CONSTRUCCIÓN"",""penalidades_acum"":0,""sanciones_tcp_acum"":0,""estado"":""ACTIVO"",""condicion"":""HABIDO""}","{""ruc"":""20600459211"",""antiguedad_empresa"":7.0,""cmc"":100000.0,""cantidad_rubros"":3.0,""actividad_principal"":""Principal - 7110 - ACTIVIDADES DE ARQUITECTURA E INGENIERÍA Y ACTIVIDADES CONEXAS DE CONSULTORÍA TÉCNICA"",""penalidades_acum"":0,""sanciones_tcp_acum"":1,""estado"":""ACTIVO"",""condicion"":""HABIDO""}",,,,,,,
869,ANCASH,"1,771,000.00",06/12/2022,"{""ruc"":""20408135517"",""antiguedad_empresa"":12.0,""cmc"":80636042.45,""cantidad_rubros"":3.0,""actividad_principal"":""Principal - 4100 - CONSTRUCCIÓN DE EDIFICIOS"",""penalidades_acum"":0,""sanciones_tcp_acum"":0,""estado"":""ACTIVO"",""condicion"":""HABIDO""}","{""ruc"":""20523814363"",""antiguedad_empresa"":12.0,""cmc"":2532686.36,""cantidad_rubros"":3.0,""actividad_principal"":""Principal - 4290 - CONSTRUCCIÓN DE OTRAS OBRAS DE INGENIERÍA CIVIL"",""penalidades_acum"":0,""sanciones_tcp_acum"":0,""estado"":""ACTIVO"",""condicion"":""HABIDO""}",,,,,,,
870,ANCASH,"2,799,055.03",02/12/2022,"{""ruc"":""20323041092"",""antiguedad_empresa"":26.0,""cmc"":83863140.46,""cantidad_rubros"":3.0,""actividad_principal"":""Principal - 4100 - CONSTRUCCIÓN DE EDIFICIOS"",""penalidades_acum"":0,""sanciones_tcp_acum"":0,""estado"":""ACTIVO"",""condicion"":""HABIDO""}","{""ruc"":""20605233083"",""antiguedad_empresa"":3.0,""cmc"":100000.0,""cantidad_rubros"":3.0,""actividad_principal"":""Principal - 4663 - VENTA AL POR MAYOR DE MATERIALES DE CONSTRUCCIÓN, ARTÍCULOS DE FERRETERÍA Y EQUIPO Y MATERIALES DE FONTANERÍA Y CALEFACCIÓN"",""penalidades_acum"":0,""sanciones_tcp_acum"":0,""estado"":""ACTIVO"",""condicion"":""HABIDO""}",,,,,,,
871,ANCASH,"538,332.93",01/12/2022,"{""ruc"":""20571309891"",""antiguedad_empresa"":5.0,""cmc"":100000.0,""cantidad_rubros"":3.0,""actividad_principal"":""Principal - 4100 - CONSTRUCCIÓN DE EDIFICIOS"",""penalidades_acum"":0,""sanciones_tcp_acum"":0,""estado"":""ACTIVO"",""condicion"":""HABIDO""}","{""ruc"":""20542049228"",""antiguedad_empresa"":10.0,""cmc"":100000.0,""cantidad_rubros"":3.0,""actividad_principal"":""Principal - 4100 - CONSTRUCCIÓN DE EDIFICIOS"",""penalidades_acum"":0,""sanciones_tcp_acum"":1,""estado"":""ACTIVO"",""condicion"":""HABIDO""}",,,,,,,
872,ANCASH,"10,781,184.87",01/12/2022,"{""ruc"":""20481520585"",""antiguedad_empresa"":15.0,""cmc"":100000.0,""cantidad_rubros"":3.0,""actividad_principal"":""Principal - 7110 - ACTIVIDADES DE ARQUITECTURA E INGENIERÍA Y ACTIVIDADES CONEXAS DE CONSULTORÍA TÉCNICA"",""penalidades_acum"":0,""sanciones_tcp_acum"":1,""estado"":""ACTIVO"",""condicion"":""HABIDO""}","{""ruc"":""20107211480"",""antiguedad_empresa"":51.0,""cmc"":64536932.23,""cantidad_rubros"":2.0,""actividad_principal"":""Principal - 4290 - CONSTRUCCIÓN DE OTRAS OBRAS DE INGENIERÍA CIVIL"",""penalidades_acum"":1,""sanciones_tcp_acum"":1,""estado"":""ACTIVO"",""condicion"":""HABIDO""}",,,,,,,
873,ANCASH,"962,268.45",01/12/2022,"{""ruc"":""20571309891"",""antiguedad_empresa"":5.0,""cmc"":100000.0,""cantidad_rubros"":3.0,""actividad_principal"":""Principal - 4100 - CONSTRUCCIÓN DE EDIFICIOS"",""penalidades_acum"":0,""sanciones_tcp_acum"":0,""estado"":""ACTIVO"",""condicion"":""HABIDO""}","{""ruc"":""20542049228"",""antiguedad_empresa"":10.0,""cmc"":100000.0,""cantidad_rubros"":3.0,""actividad_principal"":""Principal - 4100 - CONSTRUCCIÓN DE EDIFICIOS"",""penalidades_acum"":0,""sanciones_tcp_acum"":1,""estado"":""ACTIVO"",""condicion"":""HABIDO""}",,,,,,,
874,ANCASH,"1,084,309.54",01/12/2022,"{""ruc"":""20608495267"",""antiguedad_empresa"":1.0,""cmc"":100000.0,""cantidad_rubros"":3.0,""actividad_principal"":""Principal - 4290 - CONSTRUCCIÓN DE OTRAS OBRAS DE INGENIERÍA CIVIL"",""penalidades_acum"":0,""sanciones_tcp_acum"":0,""estado"":""ACTIVO"",""condicion"":""HABIDO""}","{""ruc"":""20600253027"",""antiguedad_empresa"":7.0,""cmc"":100000.0,""cantidad_rubros"":3.0,""actividad_principal"":""Principal - 4923 - TRANSPORTE DE CARGA POR CARRETERA"",""penalidades_acum"":0,""sanciones_tcp_acum"":0,""estado"":""BAJA DE OFICIO"",""condicion"":""HABIDO""}",,,,,,,
875,ANCASH,"1,069,840.01",29/11/2022,"{""ruc"":""20601485088"",""antiguedad_empresa"":6.0,""cmc"":402449065.5,""cantidad_rubros"":3.0,""actividad_principal"":""Principal - 4100 - CONSTRUCCIÓN DE EDIFICIOS"",""penalidades_acum"":0,""sanciones_tcp_acum"":1,""estado"":""ACTIVO"",""condicion"":""HABIDO""}",,,,,,,,
876,ANCASH,"13,228,495.20",25/11/2022,"{""ruc"":""20461192077"",""antiguedad_empresa"":22.0,""cmc"":36750971.57,""cantidad_rubros"":2.0,""actividad_principal"":""Principal - 7110 - ACTIVIDADES DE ARQUITECTURA E INGENIERÍA Y ACTIVIDADES CONEXAS DE CONSULTORÍA TÉCNICA"",""penalidades_acum"":0,""sanciones_tcp_acum"":0,""estado"":""ACTIVO"",""condicion"":""HABIDO""}","{""ruc"":""20260236611"",""antiguedad_empresa"":28.0,""cmc"":100000.0,""cantidad_rubros"":3.0,""actividad_principal"":""Principal - 7730 - ALQUILER Y ARRENDAMIENTO DE OTROS TIPOS DE MAQUINARIA, EQUIPO Y BIENES TANGIBLES"",""penalidades_acum"":0,""sanciones_tcp_acum"":1,""estado"":""ACTIVO"",""condicion"":""NO HABIDO""}",,,,,,,
877,ANCASH,"11,310,061.92",18/11/2022,"{""ruc"":""20478157976"",""antiguedad_empresa"":14.0,""cmc"":99558877.45,""cantidad_rubros"":3.0,""actividad_principal"":""Principal - 4390 - OTRAS ACTIVIDADES ESPECIALIZADAS DE CONSTRUCCIÓN"",""penalidades_acum"":0,""sanciones_tcp_acum"":0,""estado"":""ACTIVO"",""condicion"":""HABIDO""}","{""ruc"":""20507991662"",""antiguedad_empresa"":2.0,""cmc"":47033522.59,""cantidad_rubros"":3.0,""actividad_principal"":""Principal - 4100 - CONSTRUCCIÓN DE EDIFICIOS"",""penalidades_acum"":0,""sanciones_tcp_acum"":0,""estado"":""ACTIVO"",""condicion"":""HABIDO""}",,,,,,,
878,ANCASH,"3,299,320.93",18/11/2022,"{""ruc"":""20531820542"",""antiguedad_empresa"":12.0,""cmc"":100000.0,""cantidad_rubros"":2.0,""actividad_principal"":""Principal - 4100 - CONSTRUCCIÓN DE EDIFICIOS"",""penalidades_acum"":0,""sanciones_tcp_acum"":0,""estado"":""ACTIVO"",""condicion"":""HABIDO""}",,,,,,,,
879,ANCASH,"2,265,588.13",14/11/2022,"{""ruc"":""20600454693"",""antiguedad_empresa"":7.0,""cmc"":500000.0,""cantidad_rubros"":3.0,""actividad_principal"":""Principal - 7110 - ACTIVIDADES DE ARQUITECTURA E INGENIERÍA Y ACTIVIDADES CONEXAS DE CONSULTORÍA TÉCNICA"",""penalidades_acum"":0,""sanciones_tcp_acum"":0,""estado"":""ACTIVO"",""condicion"":""HABIDO""}","{""ruc"":""20407978588"",""antiguedad_empresa"":13.0,""cmc"":500000.0,""cantidad_rubros"":3.0,""actividad_principal"":""Principal - 7110 - ACTIVIDADES DE ARQUITECTURA E INGENIERÍA Y ACTIVIDADES CONEXAS DE CONSULTORÍA TÉCNICA"",""penalidades_acum"":0,""sanciones_tcp_acum"":0,""estado"":""ACTIVO"",""condicion"":""PENDIENTE""}",,,,,,,
880,ANCASH,"2,015,945.26",09/11/2022,"{""ruc"":""20260236611"",""antiguedad_empresa"":28.0,""cmc"":100000.0,""cantidad_rubros"":3.0,""actividad_principal"":""Principal - 7730 - ALQUILER Y ARRENDAMIENTO DE OTROS TIPOS DE MAQUINARIA, EQUIPO Y BIENES TANGIBLES"",""penalidades_acum"":0,""sanciones_tcp_acum"":1,""estado"":""ACTIVO"",""condicion"":""NO HABIDO""}","{""ruc"":""20488351398"",""antiguedad_empresa"":22.0,""cmc"":70079760.7,""cantidad_rubros"":3.0,""actividad_principal"":""Principal - 4290 - CONSTRUCCIÓN DE OTRAS OBRAS DE INGENIERÍA CIVIL"",""penalidades_acum"":0,""sanciones_tcp_acum"":0,""estado"":""ACTIVO"",""condicion"":""HABIDO""}",,,,,,,
881,ANCASH,"4,573,005.88",04/11/2022,"{""ruc"":""10166241141"",""antiguedad_empresa"":29.0,""cmc"":100000.0,""cantidad_rubros"":1.0,""actividad_principal"":""Principal - 7110 - ACTIVIDADES DE ARQUITECTURA E INGENIERÍA Y ACTIVIDADES CONEXAS DE CONSULTORÍA TÉCNICA"",""penalidades_acum"":0,""sanciones_tcp_acum"":1,""estado"":""ACTIVO"",""condicion"":""HABIDO""}",,,,,,,,
882,ANCASH,"17,918,887.65",27/10/2022,"{""ruc"":""20504220461"",""antiguedad_empresa"":20.0,""cmc"":100000.0,""cantidad_rubros"":2.0,""actividad_principal"":""Principal - 4100 - CONSTRUCCIÓN DE EDIFICIOS"",""penalidades_acum"":0,""sanciones_tcp_acum"":0,""estado"":""ACTIVO"",""condicion"":""HABIDO""}","{""ruc"":""20489585325"",""antiguedad_empresa"":15.0,""cmc"":1086877079.64,""cantidad_rubros"":3.0,""actividad_principal"":""Principal - 4210 - CONSTRUCCIÓN DE CARRETERAS Y VÍAS DE FERROCARRIL"",""penalidades_acum"":0,""sanciones_tcp_acum"":0,""estado"":""ACTIVO"",""condicion"":""HABIDO""}",,,,,,,
883,ANCASH,"16,580,315.82",27/10/2022,"{""ruc"":""20486960401"",""antiguedad_empresa"":14.0,""cmc"":294813583.41,""cantidad_rubros"":3.0,""actividad_principal"":""Principal - 4923 - TRANSPORTE DE CARGA POR CARRETERA"",""penalidades_acum"":4,""sanciones_tcp_acum"":1,""estado"":""ACTIVO"",""condicion"":""HABIDO""}","{""ruc"":""20603321309"",""antiguedad_empresa"":4.0,""cmc"":22828820.72,""cantidad_rubros"":1.0,""actividad_principal"":""Principal - 4100 - CONSTRUCCIÓN DE EDIFICIOS"",""penalidades_acum"":0,""sanciones_tcp_acum"":0,""estado"":""ACTIVO"",""condicion"":""HABIDO""}",,,,,,,
884,ANCASH,"4,182,325.22",26/10/2022,"{""ruc"":""20542049228"",""antiguedad_empresa"":10.0,""cmc"":100000.0,""cantidad_rubros"":3.0,""actividad_principal"":""Principal - 4100 - CONSTRUCCIÓN DE EDIFICIOS"",""penalidades_acum"":0,""sanciones_tcp_acum"":1,""estado"":""ACTIVO"",""condicion"":""HABIDO""}","{""ruc"":""20136318323"",""antiguedad_empresa"":40.0,""cmc"":10650000.0,""cantidad_rubros"":3.0,""actividad_principal"":""Principal - 7110 - ACTIVIDADES DE ARQUITECTURA E INGENIERÍA Y ACTIVIDADES CONEXAS DE CONSULTORÍA TÉCNICA"",""penalidades_acum"":0,""sanciones_tcp_acum"":1,""estado"":""ACTIVO"",""condicion"":""HABIDO""}",,,,,,,
885,ANCASH,"740,532.40",26/10/2022,"{""ruc"":""20600403207"",""antiguedad_empresa"":7.0,""cmc"":100000.0,""cantidad_rubros"":3.0,""actividad_principal"":""Principal - 4923 - TRANSPORTE DE CARGA POR CARRETERA"",""penalidades_acum"":0,""sanciones_tcp_acum"":0,""estado"":""ACTIVO"",""condicion"":""HABIDO""}","{""ruc"":""20542149362"",""antiguedad_empresa"":11.0,""cmc"":100000.0,""cantidad_rubros"":3.0,""actividad_principal"":""Principal - 4321 - INSTALACIONES ELÉCTRICAS"",""penalidades_acum"":0,""sanciones_tcp_acum"":0,""estado"":""ACTIVO"",""condicion"":""HABIDO""}","{""ruc"":""20533675183"",""antiguedad_empresa"":9.0,""cmc"":100000.0,""cantidad_rubros"":3.0,""actividad_principal"":""Principal - 4210 - CONSTRUCCIÓN DE CARRETERAS Y VÍAS DE FERROCARRIL"",""penalidades_acum"":0,""sanciones_tcp_acum"":0,""estado"":""ACTIVO"",""condicion"":""HABIDO""}",,,,,,
886,ANCASH,"3,450,000.00",21/10/2022,"{""ruc"":""20533974415"",""antiguedad_empresa"":15.0,""cmc"":49440000.0,""cantidad_rubros"":3.0,""actividad_principal"":""Principal - 4100 - CONSTRUCCIÓN DE EDIFICIOS"",""penalidades_acum"":0,""sanciones_tcp_acum"":0,""estado"":""ACTIVO"",""condicion"":""HABIDO""}","{""ruc"":""20531866453"",""antiguedad_empresa"":12.0,""cmc"":7756160.08,""cantidad_rubros"":2.0,""actividad_principal"":""Principal - 4663 - VENTA AL POR MAYOR DE MATERIALES DE CONSTRUCCIÓN, ARTÍCULOS DE FERRETERÍA Y EQUIPO Y MATERIALES DE FONTANERÍA Y CALEFACCIÓN"",""penalidades_acum"":0,""sanciones_tcp_acum"":0,""estado"":""ACTIVO"",""condicion"":""HABIDO""}",,,,,,,
887,ANCASH,"2,722,874.14",20/10/2022,"{""ruc"":""20604129240"",""antiguedad_empresa"":3.0,""cmc"":100000.0,""cantidad_rubros"":3.0,""actividad_principal"":""Principal - 4663 - VENTA AL POR MAYOR DE MATERIALES DE CONSTRUCCIÓN, ARTÍCULOS DE FERRETERÍA Y EQUIPO Y MATERIALES DE FONTANERÍA Y CALEFACCIÓN"",""penalidades_acum"":0,""sanciones_tcp_acum"":0,""estado"":""ACTIVO"",""condicion"":""HABIDO""}","{""ruc"":""20534016949"",""antiguedad_empresa"":15.0,""cmc"":30770280.07,""cantidad_rubros"":3.0,""actividad_principal"":""Principal - 4100 - CONSTRUCCIÓN DE EDIFICIOS"",""penalidades_acum"":1,""sanciones_tcp_acum"":1,""estado"":""ACTIVO"",""condicion"":""HABIDO""}",,,,,,,
888,ANCASH,"8,119,040.75",20/10/2022,"{""ruc"":""20319536699"",""antiguedad_empresa"":26.0,""cmc"":500000.0,""cantidad_rubros"":2.0,""actividad_principal"":""Principal - 7110 - ACTIVIDADES DE ARQUITECTURA E INGENIERÍA Y ACTIVIDADES CONEXAS DE CONSULTORÍA TÉCNICA"",""penalidades_acum"":0,""sanciones_tcp_acum"":0,""estado"":""ACTIVO"",""condicion"":""HABIDO""}","{""ruc"":""20534166240"",""antiguedad_empresa"":3.0,""cmc"":37096894.14,""cantidad_rubros"":3.0,""actividad_principal"":""Principal - 4210 - CONSTRUCCIÓN DE CARRETERAS Y VÍAS DE FERROCARRIL"",""penalidades_acum"":0,""sanciones_tcp_acum"":0,""estado"":""ACTIVO"",""condicion"":""HABIDO""}",,,,,,,
889,ANCASH,"890,106.36",19/10/2022,"{""ruc"":""20600285956"",""antiguedad_empresa"":7.0,""cmc"":100000.0,""cantidad_rubros"":3.0,""actividad_principal"":""Principal - 4100 - CONSTRUCCIÓN DE EDIFICIOS"",""penalidades_acum"":0,""sanciones_tcp_acum"":0,""estado"":""ACTIVO"",""condicion"":""HABIDO""}","{""ruc"":""20609991969"",""antiguedad_empresa"":0.0,""cmc"":100000.0,""cantidad_rubros"":2.0,""actividad_principal"":""Principal - 4100 - CONSTRUCCIÓN DE EDIFICIOS"",""penalidades_acum"":0,""sanciones_tcp_acum"":0,""estado"":""ACTIVO"",""condicion"":""HABIDO""}",,,,,,,
890,ANCASH,"38,189,898.74",19/10/2022,"{""ruc"":""20530592520"",""antiguedad_empresa"":21.0,""cmc"":100000.0,""cantidad_rubros"":3.0,""actividad_principal"":""Principal - 4210 - CONSTRUCCIÓN DE CARRETERAS Y VÍAS DE FERROCARRIL"",""penalidades_acum"":0,""sanciones_tcp_acum"":1,""estado"":""ACTIVO"",""condicion"":""HABIDO""}","{""ruc"":""20534098732"",""antiguedad_empresa"":14.0,""cmc"":300000.0,""cantidad_rubros"":3.0,""actividad_principal"":""Principal - 7730 - ALQUILER Y ARRENDAMIENTO DE OTROS TIPOS DE MAQUINARIA, EQUIPO Y BIENES TANGIBLES"",""penalidades_acum"":0,""sanciones_tcp_acum"":0,""estado"":""ACTIVO"",""condicion"":""HABIDO""}","{""ruc"":""20530862764"",""antiguedad_empresa"":15.0,""cmc"":90978391.7,""cantidad_rubros"":3.0,""actividad_principal"":""Principal - 4100 - CONSTRUCCIÓN DE EDIFICIOS"",""penalidades_acum"":0,""sanciones_tcp_acum"":0,""estado"":""ACTIVO"",""condicion"":""HABIDO""}",,,,,,
891,ANCASH,"7,684,649.86",19/10/2022,"{""ruc"":""20571395283"",""antiguedad_empresa"":10.0,""cmc"":60678436.15,""cantidad_rubros"":3.0,""actividad_principal"":""Principal - 4100 - CONSTRUCCIÓN DE EDIFICIOS"",""penalidades_acum"":0,""sanciones_tcp_acum"":0,""estado"":""ACTIVO"",""condicion"":""HABIDO""}","{""ruc"":""20534158069"",""antiguedad_empresa"":14.0,""cmc"":100000.0,""cantidad_rubros"":3.0,""actividad_principal"":""Principal - 4290 - CONSTRUCCIÓN DE OTRAS OBRAS DE INGENIERÍA CIVIL"",""penalidades_acum"":0,""sanciones_tcp_acum"":0,""estado"":""ACTIVO"",""condicion"":""HABIDO""}",,,,,,,
892,ANCASH,"7,873,889.89",19/10/2022,"{""ruc"":""20534121734"",""antiguedad_empresa"":14.0,""cmc"":50365987.24,""cantidad_rubros"":3.0,""actividad_principal"":""Principal - 4100 - CONSTRUCCIÓN DE EDIFICIOS"",""penalidades_acum"":0,""sanciones_tcp_acum"":0,""estado"":""ACTIVO"",""condicion"":""HABIDO""}","{""ruc"":""20534013923"",""antiguedad_empresa"":15.0,""cmc"":50302567.76,""cantidad_rubros"":2.0,""actividad_principal"":""Principal - 7110 - ACTIVIDADES DE ARQUITECTURA E INGENIERÍA Y ACTIVIDADES CONEXAS DE CONSULTORÍA TÉCNICA"",""penalidades_acum"":0,""sanciones_tcp_acum"":0,""estado"":""ACTIVO"",""condicion"":""HABIDO""}",,,,,,,
893,ANCASH,"2,459,259.41",19/10/2022,"{""ruc"":""20530592520"",""antiguedad_empresa"":21.0,""cmc"":100000.0,""cantidad_rubros"":3.0,""actividad_principal"":""Principal - 4210 - CONSTRUCCIÓN DE CARRETERAS Y VÍAS DE FERROCARRIL"",""penalidades_acum"":0,""sanciones_tcp_acum"":1,""estado"":""ACTIVO"",""condicion"":""HABIDO""}","{""ruc"":""20530990681"",""antiguedad_empresa"":16.0,""cmc"":100000.0,""cantidad_rubros"":3.0,""actividad_principal"":""Principal - 4923 - TRANSPORTE DE CARGA POR CARRETERA"",""penalidades_acum"":0,""sanciones_tcp_acum"":0,""estado"":""ACTIVO"",""condicion"":""HABIDO""}",,,,,,,
894,ANCASH,"8,254,528.35",13/10/2022,"{""ruc"":""20323041092"",""antiguedad_empresa"":26.0,""cmc"":83863140.46,""cantidad_rubros"":3.0,""actividad_principal"":""Principal - 4100 - CONSTRUCCIÓN DE EDIFICIOS"",""penalidades_acum"":0,""sanciones_tcp_acum"":0,""estado"":""ACTIVO"",""condicion"":""HABIDO""}","{""ruc"":""20408018804"",""antiguedad_empresa"":13.0,""cmc"":2040996911.1,""cantidad_rubros"":3.0,""actividad_principal"":""Principal - 4290 - CONSTRUCCIÓN DE OTRAS OBRAS DE INGENIERÍA CIVIL"",""penalidades_acum"":0,""sanciones_tcp_acum"":0,""estado"":""ACTIVO"",""condicion"":""HABIDO""}",,,,,,,
895,ANCASH,"3,993,524.02",11/10/2022,"{""ruc"":""20530592520"",""antiguedad_empresa"":21.0,""cmc"":100000.0,""cantidad_rubros"":3.0,""actividad_principal"":""Principal - 4210 - CONSTRUCCIÓN DE CARRETERAS Y VÍAS DE FERROCARRIL"",""penalidades_acum"":0,""sanciones_tcp_acum"":1,""estado"":""ACTIVO"",""condicion"":""HABIDO""}","{""ruc"":""20530706398"",""antiguedad_empresa"":19.0,""cmc"":100000.0,""cantidad_rubros"":2.0,""actividad_principal"":""Principal - 4100 - CONSTRUCCIÓN DE EDIFICIOS"",""penalidades_acum"":0,""sanciones_tcp_acum"":0,""estado"":""ACTIVO"",""condicion"":""HABIDO""}",,,,,,,
896,ANCASH,"10,432,648.67",11/10/2022,"{""ruc"":""20571131464"",""antiguedad_empresa"":11.0,""cmc"":26814692.56,""cantidad_rubros"":3.0,""actividad_principal"":""Principal - 4390 - OTRAS ACTIVIDADES ESPECIALIZADAS DE CONSTRUCCIÓN"",""penalidades_acum"":0,""sanciones_tcp_acum"":0,""estado"":""ACTIVO"",""condicion"":""HABIDO""}","{""ruc"":""20530862764"",""antiguedad_empresa"":15.0,""cmc"":90978391.7,""cantidad_rubros"":3.0,""actividad_principal"":""Principal - 4100 - CONSTRUCCIÓN DE EDIFICIOS"",""penalidades_acum"":0,""sanciones_tcp_acum"":0,""estado"":""ACTIVO"",""condicion"":""HABIDO""}",,,,,,,
897,ANCASH,"199,050.02",05/10/2022,"{""ruc"":""20600095936"",""antiguedad_empresa"":7.0,""cmc"":28721337.76,""cantidad_rubros"":2.0,""actividad_principal"":""Principal - 4220 - CONSTRUCCIÓN DE PROYECTOS DE SERVICIO PÚBLICO"",""penalidades_acum"":0,""sanciones_tcp_acum"":0,""estado"":""ACTIVO"",""condicion"":""HABIDO""}",,,,,,,,
898,ANCASH,"2,143,677.01",05/10/2022,"{""ruc"":""20528901361"",""antiguedad_empresa"":13.0,""cmc"":24348511.0,""cantidad_rubros"":2.0,""actividad_principal"":""Principal - 4210 - CONSTRUCCIÓN DE CARRETERAS Y VÍAS DE FERROCARRIL"",""penalidades_acum"":0,""sanciones_tcp_acum"":0,""estado"":""ACTIVO"",""condicion"":""HABIDO""}","{""ruc"":""20541769537"",""antiguedad_empresa"":9.0,""cmc"":1797430761.56,""cantidad_rubros"":3.0,""actividad_principal"":""Principal - 4210 - CONSTRUCCIÓN DE CARRETERAS Y VÍAS DE FERROCARRIL"",""penalidades_acum"":0,""sanciones_tcp_acum"":2,""estado"":""ACTIVO"",""condicion"":""HABIDO""}",,,,,,,
899,ANCASH,"2,113,994.24",04/10/2022,"{""ruc"":""20323041092"",""antiguedad_empresa"":26.0,""cmc"":83863140.46,""cantidad_rubros"":3.0,""actividad_principal"":""Principal - 4100 - CONSTRUCCIÓN DE EDIFICIOS"",""penalidades_acum"":0,""sanciones_tcp_acum"":0,""estado"":""ACTIVO"",""condicion"":""HABIDO""}","{""ruc"":""20533788891"",""antiguedad_empresa"":8.0,""cmc"":46369352.6,""cantidad_rubros"":3.0,""actividad_principal"":""Principal - 4100 - CONSTRUCCIÓN DE EDIFICIOS"",""penalidades_acum"":0,""sanciones_tcp_acum"":0,""estado"":""ACTIVO"",""condicion"":""HABIDO""}",,,,,,,
900,ANCASH,"2,555,555.55",04/10/2022,"{""ruc"":""20532002819"",""antiguedad_empresa"":11.0,""cmc"":74909103.61,""cantidad_rubros"":3.0,""actividad_principal"":""Principal - 4100 - CONSTRUCCIÓN DE EDIFICIOS"",""penalidades_acum"":0,""sanciones_tcp_acum"":0,""estado"":""ACTIVO"",""condicion"":""HABIDO""}","{""ruc"":""20569181756"",""antiguedad_empresa"":9.0,""cmc"":64444778.98,""cantidad_rubros"":2.0,""actividad_principal"":""Principal - 4663 - VENTA AL POR MAYOR DE MATERIALES DE CONSTRUCCIÓN, ARTÍCULOS DE FERRETERÍA Y EQUIPO Y MATERIALES DE FONTANERÍA Y CALEFACCIÓN"",""penalidades_acum"":0,""sanciones_tcp_acum"":0,""estado"":""ACTIVO"",""condicion"":""HABIDO""}",,,,,,,
901,ANCASH,"4,650,000.00",04/10/2022,"{""ruc"":""20532002819"",""antiguedad_empresa"":11.0,""cmc"":74909103.61,""cantidad_rubros"":3.0,""actividad_principal"":""Principal - 4100 - CONSTRUCCIÓN DE EDIFICIOS"",""penalidades_acum"":0,""sanciones_tcp_acum"":0,""estado"":""ACTIVO"",""condicion"":""HABIDO""}","{""ruc"":""20569181756"",""antiguedad_empresa"":9.0,""cmc"":64444778.98,""cantidad_rubros"":2.0,""actividad_principal"":""Principal - 4663 - VENTA AL POR MAYOR DE MATERIALES DE CONSTRUCCIÓN, ARTÍCULOS DE FERRETERÍA Y EQUIPO Y MATERIALES DE FONTANERÍA Y CALEFACCIÓN"",""penalidades_acum"":0,""sanciones_tcp_acum"":0,""estado"":""ACTIVO"",""condicion"":""HABIDO""}",,,,,,,
902,ANCASH,"4,601,098.04",03/10/2022,"{""ruc"":""20534158069"",""antiguedad_empresa"":14.0,""cmc"":100000.0,""cantidad_rubros"":3.0,""actividad_principal"":""Principal - 4290 - CONSTRUCCIÓN DE OTRAS OBRAS DE INGENIERÍA CIVIL"",""penalidades_acum"":0,""sanciones_tcp_acum"":0,""estado"":""ACTIVO"",""condicion"":""HABIDO""}",,,,,,,,
903,ANCASH,"8,528,178.31",03/10/2022,"{""ruc"":""20603354185"",""antiguedad_empresa"":2.0,""cmc"":142648723.18,""cantidad_rubros"":3.0,""actividad_principal"":""Principal - 4290 - CONSTRUCCIÓN DE OTRAS OBRAS DE INGENIERÍA CIVIL"",""penalidades_acum"":0,""sanciones_tcp_acum"":0,""estado"":""ACTIVO"",""condicion"":""HABIDO""}","{""ruc"":""20601485088"",""antiguedad_empresa"":6.0,""cmc"":402449065.5,""cantidad_rubros"":3.0,""actividad_principal"":""Principal - 4100 - CONSTRUCCIÓN DE EDIFICIOS"",""penalidades_acum"":0,""sanciones_tcp_acum"":1,""estado"":""ACTIVO"",""condicion"":""HABIDO""}",,,,,,,
904,ANCASH,"1,581,665.16",03/10/2022,"{""ruc"":""20533744509"",""antiguedad_empresa"":8.0,""cmc"":100000.0,""cantidad_rubros"":3.0,""actividad_principal"":""Principal - 4100 - CONSTRUCCIÓN DE EDIFICIOS"",""penalidades_acum"":0,""sanciones_tcp_acum"":0,""estado"":""ACTIVO"",""condicion"":""HABIDO""}","{""ruc"":""20407871279"",""antiguedad_empresa"":13.0,""cmc"":100000.0,""cantidad_rubros"":3.0,""actividad_principal"":""Principal - 4390 - OTRAS ACTIVIDADES ESPECIALIZADAS DE CONSTRUCCIÓN"",""penalidades_acum"":0,""sanciones_tcp_acum"":0,""estado"":""ACTIVO"",""condicion"":""HABIDO""}",,,,,,,
905,ANCASH,"10,538,623.99",03/10/2022,"{""ruc"":""20339480932"",""antiguedad_empresa"":25.0,""cmc"":33815605.01,""cantidad_rubros"":2.0,""actividad_principal"":""Principal - 4390 - OTRAS ACTIVIDADES ESPECIALIZADAS DE CONSTRUCCIÓN"",""penalidades_acum"":0,""sanciones_tcp_acum"":0,""estado"":""ACTIVO"",""condicion"":""HABIDO""}",,,,,,,,
906,ANCASH,"9,508,645.17",03/10/2022,"{""ruc"":""20600683650"",""antiguedad_empresa"":7.0,""cmc"":2157432332.42,""cantidad_rubros"":3.0,""actividad_principal"":""Principal - 4100 - CONSTRUCCIÓN DE EDIFICIOS"",""penalidades_acum"":0,""sanciones_tcp_acum"":3,""estado"":""ACTIVO"",""condicion"":""HABIDO""}","{""ruc"":""20600309481"",""antiguedad_empresa"":7.0,""cmc"":9783551.52,""cantidad_rubros"":3.0,""actividad_principal"":""Principal - 4100 - CONSTRUCCIÓN DE EDIFICIOS"",""penalidades_acum"":0,""sanciones_tcp_acum"":0,""estado"":""ACTIVO"",""condicion"":""HABIDO""}",,,,,,,
907,ANCASH,"4,944,000.00",21/09/2022,"{""ruc"":""20534040068"",""antiguedad_empresa"":14.0,""cmc"":100000.0,""cantidad_rubros"":3.0,""actividad_principal"":""Principal - 7110 - ACTIVIDADES DE ARQUITECTURA E INGENIERÍA Y ACTIVIDADES CONEXAS DE CONSULTORÍA TÉCNICA"",""penalidades_acum"":0,""sanciones_tcp_acum"":1,""estado"":""ACTIVO"",""condicion"":""HABIDO""}","{""ruc"":""20260236611"",""antiguedad_empresa"":28.0,""cmc"":100000.0,""cantidad_rubros"":3.0,""actividad_principal"":""Principal - 7730 - ALQUILER Y ARRENDAMIENTO DE OTROS TIPOS DE MAQUINARIA, EQUIPO Y BIENES TANGIBLES"",""penalidades_acum"":0,""sanciones_tcp_acum"":1,""estado"":""ACTIVO"",""condicion"":""NO HABIDO""}",,,,,,,
908,ANCASH,"740,532.40",21/09/2022,"{""ruc"":""20408130396"",""antiguedad_empresa"":12.0,""cmc"":9325160.74,""cantidad_rubros"":3.0,""actividad_principal"":""Principal - 4290 - CONSTRUCCIÓN DE OTRAS OBRAS DE INGENIERÍA CIVIL"",""penalidades_acum"":0,""sanciones_tcp_acum"":0,""estado"":""ACTIVO"",""condicion"":""HABIDO""}",,,,,,,,
909,ANCASH,"829,545.29",21/09/2022,"{""ruc"":""20260236611"",""antiguedad_empresa"":28.0,""cmc"":100000.0,""cantidad_rubros"":3.0,""actividad_principal"":""Principal - 7730 - ALQUILER Y ARRENDAMIENTO DE OTROS TIPOS DE MAQUINARIA, EQUIPO Y BIENES TANGIBLES"",""penalidades_acum"":0,""sanciones_tcp_acum"":1,""estado"":""ACTIVO"",""condicion"":""NO HABIDO""}","{""ruc"":""20607925136"",""antiguedad_empresa"":1.0,""cmc"":248478.24,""cantidad_rubros"":3.0,""actividad_principal"":""Principal - 4100 - CONSTRUCCIÓN DE EDIFICIOS"",""penalidades_acum"":0,""sanciones_tcp_acum"":0,""estado"":""ACTIVO"",""condicion"":""HABIDO""}",,,,,,,
910,ANCASH,"536,722.75",16/09/2022,"{""ruc"":""20533751386"",""antiguedad_empresa"":8.0,""cmc"":100000.0,""cantidad_rubros"":3.0,""actividad_principal"":""Principal - 7110 - ACTIVIDADES DE ARQUITECTURA E INGENIERÍA Y ACTIVIDADES CONEXAS DE CONSULTORÍA TÉCNICA"",""penalidades_acum"":0,""sanciones_tcp_acum"":0,""estado"":""ACTIVO"",""condicion"":""HABIDO""}",,,,,,,,
911,ANCASH,"4,304,640.68",15/09/2022,"{""ruc"":""20339480932"",""antiguedad_empresa"":25.0,""cmc"":33815605.01,""cantidad_rubros"":2.0,""actividad_principal"":""Principal - 4390 - OTRAS ACTIVIDADES ESPECIALIZADAS DE CONSTRUCCIÓN"",""penalidades_acum"":0,""sanciones_tcp_acum"":0,""estado"":""ACTIVO"",""condicion"":""HABIDO""}",,,,,,,,
912,ANCASH,"2,700,269.08",15/09/2022,"{""ruc"":""20601050987"",""antiguedad_empresa"":6.0,""cmc"":100000.0,""cantidad_rubros"":3.0,""actividad_principal"":""Principal - 4100 - CONSTRUCCIÓN DE EDIFICIOS"",""penalidades_acum"":0,""sanciones_tcp_acum"":0,""estado"":""SUSPENSION TEMPORAL"",""condicion"":""HABIDO""}","{""ruc"":""20533744509"",""antiguedad_empresa"":8.0,""cmc"":100000.0,""cantidad_rubros"":3.0,""actividad_principal"":""Principal - 4100 - CONSTRUCCIÓN DE EDIFICIOS"",""penalidades_acum"":0,""sanciones_tcp_acum"":0,""estado"":""ACTIVO"",""condicion"":""HABIDO""}",,,,,,,
913,ANCASH,"1,345,474.77",15/09/2022,"{""ruc"":""20542191059"",""antiguedad_empresa"":11.0,""cmc"":163445326.5,""cantidad_rubros"":3.0,""actividad_principal"":""Principal - 4290 - CONSTRUCCIÓN DE OTRAS OBRAS DE INGENIERÍA CIVIL"",""penalidades_acum"":1,""sanciones_tcp_acum"":0,""estado"":""ACTIVO"",""condicion"":""HABIDO""}","{""ruc"":""20533729615"",""antiguedad_empresa"":9.0,""cmc"":5101364.06,""cantidad_rubros"":3.0,""actividad_principal"":""Principal - 4922 - OTRAS ACTIVIDADES DE TRANSPORTE POR VÍA TERRESTRE"",""penalidades_acum"":0,""sanciones_tcp_acum"":0,""estado"":""ACTIVO"",""condicion"":""HABIDO""}",,,,,,,
914,ANCASH,"3,438,074.56",14/09/2022,"{""ruc"":""20571395283"",""antiguedad_empresa"":10.0,""cmc"":60678436.15,""cantidad_rubros"":3.0,""actividad_principal"":""Principal - 4100 - CONSTRUCCIÓN DE EDIFICIOS"",""penalidades_acum"":0,""sanciones_tcp_acum"":0,""estado"":""ACTIVO"",""condicion"":""HABIDO""}","{""ruc"":""20571153867"",""antiguedad_empresa"":11.0,""cmc"":34584872.81,""cantidad_rubros"":3.0,""actividad_principal"":""Principal - 7110 - ACTIVIDADES DE ARQUITECTURA E INGENIERÍA Y ACTIVIDADES CONEXAS DE CONSULTORÍA TÉCNICA"",""penalidades_acum"":0,""sanciones_tcp_acum"":0,""estado"":""ACTIVO"",""condicion"":""HABIDO""}",,,,,,,
915,ANCASH,"27,595,401.33",07/09/2022,"{""ruc"":""20486397714"",""antiguedad_empresa"":16.0,""cmc"":107056548.22,""cantidad_rubros"":3.0,""actividad_principal"":""Principal - 4100 - CONSTRUCCIÓN DE EDIFICIOS"",""penalidades_acum"":0,""sanciones_tcp_acum"":0,""estado"":""ACTIVO"",""condicion"":""HABIDO""}","{""ruc"":""20407863250"",""antiguedad_empresa"":13.0,""cmc"":2010086573.36,""cantidad_rubros"":3.0,""actividad_principal"":""Principal - 4100 - CONSTRUCCIÓN DE EDIFICIOS"",""penalidades_acum"":0,""sanciones_tcp_acum"":0,""estado"":""ACTIVO"",""condicion"":""HABIDO""}",,,,,,,
916,ANCASH,"2,881,446.08",06/09/2022,"{""ruc"":""20602691528"",""antiguedad_empresa"":4.0,""cmc"":100000.0,""cantidad_rubros"":3.0,""actividad_principal"":""Principal - 4100 - CONSTRUCCIÓN DE EDIFICIOS"",""penalidades_acum"":0,""sanciones_tcp_acum"":0,""estado"":""ACTIVO"",""condicion"":""HABIDO""}","{""ruc"":""20534027126"",""antiguedad_empresa"":15.0,""cmc"":8056987.8,""cantidad_rubros"":3.0,""actividad_principal"":""Principal - 4390 - OTRAS ACTIVIDADES ESPECIALIZADAS DE CONSTRUCCIÓN"",""penalidades_acum"":0,""sanciones_tcp_acum"":0,""estado"":""ACTIVO"",""condicion"":""HABIDO""}",,,,,,,
917,ANCASH,"9,377,925.89",05/09/2022,"{""ruc"":""20407769407"",""antiguedad_empresa"":14.0,""cmc"":500000.0,""cantidad_rubros"":3.0,""actividad_principal"":""Principal - 4100 - CONSTRUCCIÓN DE EDIFICIOS"",""penalidades_acum"":0,""sanciones_tcp_acum"":0,""estado"":""ACTIVO"",""condicion"":""HABIDO""}","{""ruc"":""20534489685"",""antiguedad_empresa"":10.0,""cmc"":100000.0,""cantidad_rubros"":3.0,""actividad_principal"":""Principal - 4663 - VENTA AL POR MAYOR DE MATERIALES DE CONSTRUCCIÓN, ARTÍCULOS DE FERRETERÍA Y EQUIPO Y MATERIALES DE FONTANERÍA Y CALEFACCIÓN"",""penalidades_acum"":0,""sanciones_tcp_acum"":0,""estado"":""ACTIVO"",""condicion"":""HABIDO""}",,,,,,,
918,ANCASH,"16,300,000.00",02/09/2022,"{""ruc"":""20477160710"",""antiguedad_empresa"":11.0,""cmc"":100000.0,""cantidad_rubros"":3.0,""actividad_principal"":""Principal - 4100 - CONSTRUCCIÓN DE EDIFICIOS"",""penalidades_acum"":0,""sanciones_tcp_acum"":1,""estado"":""ACTIVO"",""condicion"":""HABIDO""}","{""ruc"":""20569181756"",""antiguedad_empresa"":9.0,""cmc"":64444778.98,""cantidad_rubros"":2.0,""actividad_principal"":""Principal - 4663 - VENTA AL POR MAYOR DE MATERIALES DE CONSTRUCCIÓN, ARTÍCULOS DE FERRETERÍA Y EQUIPO Y MATERIALES DE FONTANERÍA Y CALEFACCIÓN"",""penalidades_acum"":0,""sanciones_tcp_acum"":0,""estado"":""ACTIVO"",""condicion"":""HABIDO""}",,,,,,,
919,ANCASH,"1,357,436.66",02/09/2022,"{""ruc"":""20600770226"",""antiguedad_empresa"":7.0,""cmc"":100000.0,""cantidad_rubros"":3.0,""actividad_principal"":""Principal - 7730 - ALQUILER Y ARRENDAMIENTO DE OTROS TIPOS DE MAQUINARIA, EQUIPO Y BIENES TANGIBLES"",""penalidades_acum"":0,""sanciones_tcp_acum"":0,""estado"":""BAJA DE OFICIO"",""condicion"":""HABIDO""}","{""ruc"":""20605432477"",""antiguedad_empresa"":3.0,""cmc"":8494400.54,""cantidad_rubros"":3.0,""actividad_principal"":""Principal - 4100 - CONSTRUCCIÓN DE EDIFICIOS"",""penalidades_acum"":0,""sanciones_tcp_acum"":0,""estado"":""ACTIVO"",""condicion"":""HABIDO""}",,,,,,,
920,ANCASH,"7,970,927.94",01/09/2022,"{""ruc"":""20531065019"",""antiguedad_empresa"":15.0,""cmc"":100000.0,""cantidad_rubros"":3.0,""actividad_principal"":""Principal - 4663 - VENTA AL POR MAYOR DE MATERIALES DE CONSTRUCCIÓN, ARTÍCULOS DE FERRETERÍA Y EQUIPO Y MATERIALES DE FONTANERÍA Y CALEFACCIÓN"",""penalidades_acum"":0,""sanciones_tcp_acum"":0,""estado"":""ACTIVO"",""condicion"":""HABIDO""}","{""ruc"":""20571184151"",""antiguedad_empresa"":11.0,""cmc"":500000.0,""cantidad_rubros"":3.0,""actividad_principal"":""Principal - 7110 - ACTIVIDADES DE ARQUITECTURA E INGENIERÍA Y ACTIVIDADES CONEXAS DE CONSULTORÍA TÉCNICA"",""penalidades_acum"":0,""sanciones_tcp_acum"":0,""estado"":""ACTIVO"",""condicion"":""HABIDO""}",,,,,,,
921,ANCASH,"1,349,868.85",26/08/2022,"{""ruc"":""20608582801"",""antiguedad_empresa"":1.0,""cmc"":100000.0,""cantidad_rubros"":3.0,""actividad_principal"":""Principal - 7110 - ACTIVIDADES DE ARQUITECTURA E INGENIERÍA Y ACTIVIDADES CONEXAS DE CONSULTORÍA TÉCNICA"",""penalidades_acum"":0,""sanciones_tcp_acum"":0,""estado"":""ACTIVO"",""condicion"":""HABIDO""}","{""ruc"":""20542049228"",""antiguedad_empresa"":10.0,""cmc"":100000.0,""cantidad_rubros"":3.0,""actividad_principal"":""Principal - 4100 - CONSTRUCCIÓN DE EDIFICIOS"",""penalidades_acum"":0,""sanciones_tcp_acum"":1,""estado"":""ACTIVO"",""condicion"":""HABIDO""}",,,,,,,
922,ANCASH,"4,261,288.90",25/08/2022,"{""ruc"":""20407863250"",""antiguedad_empresa"":13.0,""cmc"":2010086573.36,""cantidad_rubros"":3.0,""actividad_principal"":""Principal - 4100 - CONSTRUCCIÓN DE EDIFICIOS"",""penalidades_acum"":0,""sanciones_tcp_acum"":0,""estado"":""ACTIVO"",""condicion"":""HABIDO""}","{""ruc"":""20516256096"",""antiguedad_empresa"":15.0,""cmc"":2541679.2,""cantidad_rubros"":2.0,""actividad_principal"":""Principal - 4390 - OTRAS ACTIVIDADES ESPECIALIZADAS DE CONSTRUCCIÓN"",""penalidades_acum"":0,""sanciones_tcp_acum"":0,""estado"":""ACTIVO"",""condicion"":""HABIDO""}",,,,,,,
923,ANCASH,"1,880,419.23",23/08/2022,"{""ruc"":""20571420067"",""antiguedad_empresa"":10.0,""cmc"":74230917.63,""cantidad_rubros"":3.0,""actividad_principal"":""Principal - 4663 - VENTA AL POR MAYOR DE MATERIALES DE CONSTRUCCIÓN, ARTÍCULOS DE FERRETERÍA Y EQUIPO Y MATERIALES DE FONTANERÍA Y CALEFACCIÓN"",""penalidades_acum"":0,""sanciones_tcp_acum"":0,""estado"":""ACTIVO"",""condicion"":""HABIDO""}","{""ruc"":""20542083329"",""antiguedad_empresa"":11.0,""cmc"":100000.0,""cantidad_rubros"":3.0,""actividad_principal"":""Principal - 4100 - CONSTRUCCIÓN DE EDIFICIOS"",""penalidades_acum"":0,""sanciones_tcp_acum"":0,""estado"":""ACTIVO"",""condicion"":""HABIDO""}",,,,,,,
924,ANCASH,"5,348,052.13",18/08/2022,"{""ruc"":""20323041092"",""antiguedad_empresa"":26.0,""cmc"":83863140.46,""cantidad_rubros"":3.0,""actividad_principal"":""Principal - 4100 - CONSTRUCCIÓN DE EDIFICIOS"",""penalidades_acum"":0,""sanciones_tcp_acum"":0,""estado"":""ACTIVO"",""condicion"":""HABIDO""}","{""ruc"":""20530706398"",""antiguedad_empresa"":19.0,""cmc"":100000.0,""cantidad_rubros"":2.0,""actividad_principal"":""Principal - 4100 - CONSTRUCCIÓN DE EDIFICIOS"",""penalidades_acum"":0,""sanciones_tcp_acum"":0,""estado"":""ACTIVO"",""condicion"":""HABIDO""}",,,,,,,
925,ANCASH,"2,994,108.54",18/08/2022,"{""ruc"":""20542049228"",""antiguedad_empresa"":10.0,""cmc"":100000.0,""cantidad_rubros"":3.0,""actividad_principal"":""Principal - 4100 - CONSTRUCCIÓN DE EDIFICIOS"",""penalidades_acum"":0,""sanciones_tcp_acum"":1,""estado"":""ACTIVO"",""condicion"":""HABIDO""}","{""ruc"":""20530706398"",""antiguedad_empresa"":19.0,""cmc"":100000.0,""cantidad_rubros"":2.0,""actividad_principal"":""Principal - 4100 - CONSTRUCCIÓN DE EDIFICIOS"",""penalidades_acum"":0,""sanciones_tcp_acum"":0,""estado"":""ACTIVO"",""condicion"":""HABIDO""}",,,,,,,
926,ANCASH,"3,897,731.01",12/08/2022,"{""ruc"":""20603096763"",""antiguedad_empresa"":4.0,""cmc"":100000.0,""cantidad_rubros"":3.0,""actividad_principal"":""Principal - 7110 - ACTIVIDADES DE ARQUITECTURA E INGENIERÍA Y ACTIVIDADES CONEXAS DE CONSULTORÍA TÉCNICA"",""penalidades_acum"":0,""sanciones_tcp_acum"":0,""estado"":""ACTIVO"",""condicion"":""NO HABIDO""}","{""ruc"":""20407863250"",""antiguedad_empresa"":13.0,""cmc"":2010086573.36,""cantidad_rubros"":3.0,""actividad_principal"":""Principal - 4100 - CONSTRUCCIÓN DE EDIFICIOS"",""penalidades_acum"":0,""sanciones_tcp_acum"":0,""estado"":""ACTIVO"",""condicion"":""HABIDO""}",,,,,,,
927,ANCASH,"1,096,834.49",11/08/2022,"{""ruc"":""20506003351"",""antiguedad_empresa"":19.0,""cmc"":2980477487.02,""cantidad_rubros"":3.0,""actividad_principal"":""Principal - 4100 - CONSTRUCCIÓN DE EDIFICIOS"",""penalidades_acum"":4,""sanciones_tcp_acum"":5,""estado"":""ACTIVO"",""condicion"":""HABIDO""}",,,,,,,,
928,ANCASH,"3,342,490.38",10/08/2022,"{""ruc"":""20539979885"",""antiguedad_empresa"":8.0,""cmc"":1285614.18,""cantidad_rubros"":3.0,""actividad_principal"":""Principal - 7730 - ALQUILER Y ARRENDAMIENTO DE OTROS TIPOS DE MAQUINARIA, EQUIPO Y BIENES TANGIBLES"",""penalidades_acum"":0,""sanciones_tcp_acum"":0,""estado"":""ACTIVO"",""condicion"":""HABIDO""}","{""ruc"":""20481605491"",""antiguedad_empresa"":15.0,""cmc"":78571143.05,""cantidad_rubros"":3.0,""actividad_principal"":""Principal - 7730 - ALQUILER Y ARRENDAMIENTO DE OTROS TIPOS DE MAQUINARIA, EQUIPO Y BIENES TANGIBLES"",""penalidades_acum"":0,""sanciones_tcp_acum"":0,""estado"":""ACTIVO"",""condicion"":""HABIDO""}",,,,,,,
929,ANCASH,"1,883,078.05",02/08/2022,"{""ruc"":""20571420067"",""antiguedad_empresa"":10.0,""cmc"":74230917.63,""cantidad_rubros"":3.0,""actividad_principal"":""Principal - 4663 - VENTA AL POR MAYOR DE MATERIALES DE CONSTRUCCIÓN, ARTÍCULOS DE FERRETERÍA Y EQUIPO Y MATERIALES DE FONTANERÍA Y CALEFACCIÓN"",""penalidades_acum"":0,""sanciones_tcp_acum"":0,""estado"":""ACTIVO"",""condicion"":""HABIDO""}",,,,,,,,
930,ANCASH,"3,956,612.71",22/07/2022,"{""ruc"":""20571395283"",""antiguedad_empresa"":10.0,""cmc"":60678436.15,""cantidad_rubros"":3.0,""actividad_principal"":""Principal - 4100 - CONSTRUCCIÓN DE EDIFICIOS"",""penalidades_acum"":0,""sanciones_tcp_acum"":0,""estado"":""ACTIVO"",""condicion"":""HABIDO""}","{""ruc"":""20571273501"",""antiguedad_empresa"":10.0,""cmc"":41991373.16,""cantidad_rubros"":3.0,""actividad_principal"":""Principal - 4923 - TRANSPORTE DE CARGA POR CARRETERA"",""penalidades_acum"":0,""sanciones_tcp_acum"":0,""estado"":""ACTIVO"",""condicion"":""HABIDO""}",,,,,,,
931,ANCASH,"3,978,055.16",07/07/2022,"{""ruc"":""20541616382"",""antiguedad_empresa"":10.0,""cmc"":53116197.46,""cantidad_rubros"":2.0,""actividad_principal"":""Principal - 4290 - CONSTRUCCIÓN DE OTRAS OBRAS DE INGENIERÍA CIVIL"",""penalidades_acum"":0,""sanciones_tcp_acum"":0,""estado"":""ACTIVO"",""condicion"":""HABIDO""}","{""ruc"":""20531897413"",""antiguedad_empresa"":11.0,""cmc"":3865214.82,""cantidad_rubros"":3.0,""actividad_principal"":""Principal - 4390 - OTRAS ACTIVIDADES ESPECIALIZADAS DE CONSTRUCCIÓN"",""penalidades_acum"":0,""sanciones_tcp_acum"":0,""estado"":""ACTIVO"",""condicion"":""HABIDO""}",,,,,,,
932,ANCASH,"6,516,559.95",07/07/2022,"{""ruc"":""20602406939"",""antiguedad_empresa"":5.0,""cmc"":100000.0,""cantidad_rubros"":3.0,""actividad_principal"":""Principal - 4100 - CONSTRUCCIÓN DE EDIFICIOS"",""penalidades_acum"":0,""sanciones_tcp_acum"":0,""estado"":""ACTIVO"",""condicion"":""HABIDO""}","{""ruc"":""20604803595"",""antiguedad_empresa"":3.0,""cmc"":100000.0,""cantidad_rubros"":3.0,""actividad_principal"":""Principal - 4390 - OTRAS ACTIVIDADES ESPECIALIZADAS DE CONSTRUCCIÓN"",""penalidades_acum"":0,""sanciones_tcp_acum"":0,""estado"":""ACTIVO"",""condicion"":""HABIDO""}","{""ruc"":""20461192077"",""antiguedad_empresa"":22.0,""cmc"":36750971.57,""cantidad_rubros"":2.0,""actividad_principal"":""Principal - 7110 - ACTIVIDADES DE ARQUITECTURA E INGENIERÍA Y ACTIVIDADES CONEXAS DE CONSULTORÍA TÉCNICA"",""penalidades_acum"":0,""sanciones_tcp_acum"":0,""estado"":""ACTIVO"",""condicion"":""HABIDO""}",,,,,,
933,ANCASH,"4,714,670.56",07/07/2022,"{""ruc"":""20571309891"",""antiguedad_empresa"":5.0,""cmc"":100000.0,""cantidad_rubros"":3.0,""actividad_principal"":""Principal - 4100 - CONSTRUCCIÓN DE EDIFICIOS"",""penalidades_acum"":0,""sanciones_tcp_acum"":0,""estado"":""ACTIVO"",""condicion"":""HABIDO""}","{""ruc"":""20534157500"",""antiguedad_empresa"":7.0,""cmc"":26778609.36,""cantidad_rubros"":3.0,""actividad_principal"":""Principal - 4100 - CONSTRUCCIÓN DE EDIFICIOS"",""penalidades_acum"":0,""sanciones_tcp_acum"":0,""estado"":""ACTIVO"",""condicion"":""HABIDO""}",,,,,,,
934,ANCASH,"3,832,305.46",07/07/2022,"{""ruc"":""20601568561"",""antiguedad_empresa"":6.0,""cmc"":10484446.96,""cantidad_rubros"":3.0,""actividad_principal"":""Principal - 4100 - CONSTRUCCIÓN DE EDIFICIOS"",""penalidades_acum"":0,""sanciones_tcp_acum"":0,""estado"":""ACTIVO"",""condicion"":""HABIDO""}","{""ruc"":""20571273501"",""antiguedad_empresa"":10.0,""cmc"":41991373.16,""cantidad_rubros"":3.0,""actividad_principal"":""Principal - 4923 - TRANSPORTE DE CARGA POR CARRETERA"",""penalidades_acum"":0,""sanciones_tcp_acum"":0,""estado"":""ACTIVO"",""condicion"":""HABIDO""}",,,,,,,
935,ANCASH,"8,672,257.74",05/07/2022,"{""ruc"":""20601649161"",""antiguedad_empresa"":null,""cmc"":100000.0,""cantidad_rubros"":1.0,""actividad_principal"":""Principal - 4100 - CONSTRUCCIÓN DE EDIFICIOS"",""penalidades_acum"":0,""sanciones_tcp_acum"":2,""estado"":""ACTIVO"",""condicion"":""HABIDO""}","{""ruc"":""20600044207"",""antiguedad_empresa"":7.0,""cmc"":100000.0,""cantidad_rubros"":2.0,""actividad_principal"":""Principal - 4923 - TRANSPORTE DE CARGA POR CARRETERA"",""penalidades_acum"":0,""sanciones_tcp_acum"":3,""estado"":""ACTIVO"",""condicion"":""HABIDO""}",,,,,,,
936,ANCASH,"1,880,419.23",22/06/2022,"{""ruc"":""20571420067"",""antiguedad_empresa"":10.0,""cmc"":74230917.63,""cantidad_rubros"":3.0,""actividad_principal"":""Principal - 4663 - VENTA AL POR MAYOR DE MATERIALES DE CONSTRUCCIÓN, ARTÍCULOS DE FERRETERÍA Y EQUIPO Y MATERIALES DE FONTANERÍA Y CALEFACCIÓN"",""penalidades_acum"":0,""sanciones_tcp_acum"":0,""estado"":""ACTIVO"",""condicion"":""HABIDO""}","{""ruc"":""20542083329"",""antiguedad_empresa"":11.0,""cmc"":100000.0,""cantidad_rubros"":3.0,""actividad_principal"":""Principal - 4100 - CONSTRUCCIÓN DE EDIFICIOS"",""penalidades_acum"":0,""sanciones_tcp_acum"":0,""estado"":""ACTIVO"",""condicion"":""HABIDO""}",,,,,,,
937,ANCASH,"2,612,203.50",17/06/2022,"{""ruc"":""20605308423"",""antiguedad_empresa"":3.0,""cmc"":131826778.74,""cantidad_rubros"":3.0,""actividad_principal"":""Principal - 4100 - CONSTRUCCIÓN DE EDIFICIOS"",""penalidades_acum"":0,""sanciones_tcp_acum"":0,""estado"":""ACTIVO"",""condicion"":""HABIDO""}","{""ruc"":""20530933882"",""antiguedad_empresa"":17.0,""cmc"":100000.0,""cantidad_rubros"":3.0,""actividad_principal"":""Principal - 4220 - CONSTRUCCIÓN DE PROYECTOS DE SERVICIO PÚBLICO"",""penalidades_acum"":0,""sanciones_tcp_acum"":0,""estado"":""ACTIVO"",""condicion"":""HABIDO""}",,,,,,,
938,ANCASH,"6,999,959.79",16/06/2022,"{""ruc"":""20605308423"",""antiguedad_empresa"":3.0,""cmc"":131826778.74,""cantidad_rubros"":3.0,""actividad_principal"":""Principal - 4100 - CONSTRUCCIÓN DE EDIFICIOS"",""penalidades_acum"":0,""sanciones_tcp_acum"":0,""estado"":""ACTIVO"",""condicion"":""HABIDO""}","{""ruc"":""20530933882"",""antiguedad_empresa"":17.0,""cmc"":100000.0,""cantidad_rubros"":3.0,""actividad_principal"":""Principal - 4220 - CONSTRUCCIÓN DE PROYECTOS DE SERVICIO PÚBLICO"",""penalidades_acum"":0,""sanciones_tcp_acum"":0,""estado"":""ACTIVO"",""condicion"":""HABIDO""}",,,,,,,
939,ANCASH,"1,868,924.89",15/06/2022,"{""ruc"":""20603373945"",""antiguedad_empresa"":4.0,""cmc"":100000.0,""cantidad_rubros"":2.0,""actividad_principal"":""Principal - 4210 - CONSTRUCCIÓN DE CARRETERAS Y VÍAS DE FERROCARRIL"",""penalidades_acum"":0,""sanciones_tcp_acum"":1,""estado"":""ACTIVO"",""condicion"":""NO HABIDO""}","{""ruc"":""20533693327"",""antiguedad_empresa"":null,""cmc"":100000.0,""cantidad_rubros"":1.0,""actividad_principal"":""Principal - 4663 - VENTA AL POR MAYOR DE MATERIALES DE CONSTRUCCIÓN, ARTÍCULOS DE FERRETERÍA Y EQUIPO Y MATERIALES DE FONTANERÍA Y CALEFACCIÓN"",""penalidades_acum"":0,""sanciones_tcp_acum"":0,""estado"":""BAJA DE OFICIO"",""condicion"":""NO HABIDO""}",,,,,,,
940,ANCASH,"7,739,198.59",15/06/2022,"{""ruc"":""20487110141"",""antiguedad_empresa"":13.0,""cmc"":400000.0,""cantidad_rubros"":3.0,""actividad_principal"":""Principal - 4100 - CONSTRUCCIÓN DE EDIFICIOS"",""penalidades_acum"":0,""sanciones_tcp_acum"":2,""estado"":""ACTIVO"",""condicion"":""HABIDO""}","{""ruc"":""20549761608"",""antiguedad_empresa"":10.0,""cmc"":100000.0,""cantidad_rubros"":3.0,""actividad_principal"":""Principal - 4100 - CONSTRUCCIÓN DE EDIFICIOS"",""penalidades_acum"":0,""sanciones_tcp_acum"":0,""estado"":""BAJA DE OFICIO"",""condicion"":""HABIDO""}",,,,,,,
941,ANCASH,"2,482,167.57",15/06/2022,"{""ruc"":""20533974415"",""antiguedad_empresa"":15.0,""cmc"":49440000.0,""cantidad_rubros"":3.0,""actividad_principal"":""Principal - 4100 - CONSTRUCCIÓN DE EDIFICIOS"",""penalidades_acum"":0,""sanciones_tcp_acum"":0,""estado"":""ACTIVO"",""condicion"":""HABIDO""}","{""ruc"":""20534489685"",""antiguedad_empresa"":10.0,""cmc"":100000.0,""cantidad_rubros"":3.0,""actividad_principal"":""Principal - 4663 - VENTA AL POR MAYOR DE MATERIALES DE CONSTRUCCIÓN, ARTÍCULOS DE FERRETERÍA Y EQUIPO Y MATERIALES DE FONTANERÍA Y CALEFACCIÓN"",""penalidades_acum"":0,""sanciones_tcp_acum"":0,""estado"":""ACTIVO"",""condicion"":""HABIDO""}",,,,,,,
942,ANCASH,"7,205,665.28",15/06/2022,"{""ruc"":""20571131464"",""antiguedad_empresa"":11.0,""cmc"":26814692.56,""cantidad_rubros"":3.0,""actividad_principal"":""Principal - 4390 - OTRAS ACTIVIDADES ESPECIALIZADAS DE CONSTRUCCIÓN"",""penalidades_acum"":0,""sanciones_tcp_acum"":0,""estado"":""ACTIVO"",""condicion"":""HABIDO""}","{""ruc"":""20533621768"",""antiguedad_empresa"":9.0,""cmc"":500000.0,""cantidad_rubros"":3.0,""actividad_principal"":""Principal - 4100 - CONSTRUCCIÓN DE EDIFICIOS"",""penalidades_acum"":0,""sanciones_tcp_acum"":0,""estado"":""ACTIVO"",""condicion"":""HABIDO""}","{""ruc"":""20534157500"",""antiguedad_empresa"":7.0,""cmc"":26778609.36,""cantidad_rubros"":3.0,""actividad_principal"":""Principal - 4100 - CONSTRUCCIÓN DE EDIFICIOS"",""penalidades_acum"":0,""sanciones_tcp_acum"":0,""estado"":""ACTIVO"",""condicion"":""HABIDO""}",,,,,,
943,ANCASH,"624,457.16",30/05/2022,"{""ruc"":""20532033293"",""antiguedad_empresa"":11.0,""cmc"":100000.0,""cantidad_rubros"":3.0,""actividad_principal"":""Principal - 4390 - OTRAS ACTIVIDADES ESPECIALIZADAS DE CONSTRUCCIÓN"",""penalidades_acum"":0,""sanciones_tcp_acum"":0,""estado"":""ACTIVO"",""condicion"":""HABIDO""}","{""ruc"":""20600095936"",""antiguedad_empresa"":7.0,""cmc"":28721337.76,""cantidad_rubros"":2.0,""actividad_principal"":""Principal - 4220 - CONSTRUCCIÓN DE PROYECTOS DE SERVICIO PÚBLICO"",""penalidades_acum"":0,""sanciones_tcp_acum"":0,""estado"":""ACTIVO"",""condicion"":""HABIDO""}",,,,,,,
944,ANCASH,"2,799,653.49",30/05/2022,"{""ruc"":""20542049228"",""antiguedad_empresa"":10.0,""cmc"":100000.0,""cantidad_rubros"":3.0,""actividad_principal"":""Principal - 4100 - CONSTRUCCIÓN DE EDIFICIOS"",""penalidades_acum"":0,""sanciones_tcp_acum"":1,""estado"":""ACTIVO"",""condicion"":""HABIDO""}","{""ruc"":""20571131464"",""antiguedad_empresa"":11.0,""cmc"":26814692.56,""cantidad_rubros"":3.0,""actividad_principal"":""Principal - 4390 - OTRAS ACTIVIDADES ESPECIALIZADAS DE CONSTRUCCIÓN"",""penalidades_acum"":0,""sanciones_tcp_acum"":0,""estado"":""ACTIVO"",""condicion"":""HABIDO""}",,,,,,,
945,ANCASH,"7,308,682.02",24/05/2022,"{""ruc"":""20274419637"",""antiguedad_empresa"":27.0,""cmc"":118309035.08,""cantidad_rubros"":3.0,""actividad_principal"":""Principal - 4100 - CONSTRUCCIÓN DE EDIFICIOS"",""penalidades_acum"":0,""sanciones_tcp_acum"":0,""estado"":""ACTIVO"",""condicion"":""HABIDO""}","{""ruc"":""20600194420"",""antiguedad_empresa"":7.0,""cmc"":100000.0,""cantidad_rubros"":2.0,""actividad_principal"":""Principal - 7110 - ACTIVIDADES DE ARQUITECTURA E INGENIERÍA Y ACTIVIDADES CONEXAS DE CONSULTORÍA TÉCNICA"",""penalidades_acum"":0,""sanciones_tcp_acum"":0,""estado"":""BAJA DE OFICIO"",""condicion"":""HABIDO""}",,,,,,,
946,ANCASH,"4,842,517.42",23/05/2022,"{""ruc"":""20605106910"",""antiguedad_empresa"":3.0,""cmc"":100000.0,""cantidad_rubros"":3.0,""actividad_principal"":""Principal - 4100 - CONSTRUCCIÓN DE EDIFICIOS"",""penalidades_acum"":0,""sanciones_tcp_acum"":0,""estado"":""BAJA DE OFICIO"",""condicion"":""HABIDO""}","{""ruc"":""20534013923"",""antiguedad_empresa"":15.0,""cmc"":50302567.76,""cantidad_rubros"":2.0,""actividad_principal"":""Principal - 7110 - ACTIVIDADES DE ARQUITECTURA E INGENIERÍA Y ACTIVIDADES CONEXAS DE CONSULTORÍA TÉCNICA"",""penalidades_acum"":0,""sanciones_tcp_acum"":0,""estado"":""ACTIVO"",""condicion"":""HABIDO""}",,,,,,,
947,ANCASH,"3,327,639.21",23/05/2022,"{""ruc"":""20486290910"",""antiguedad_empresa"":14.0,""cmc"":100000.0,""cantidad_rubros"":3.0,""actividad_principal"":""Principal - 4100 - CONSTRUCCIÓN DE EDIFICIOS"",""penalidades_acum"":0,""sanciones_tcp_acum"":2,""estado"":""ACTIVO"",""condicion"":""HABIDO""}","{""ruc"":""20323041092"",""antiguedad_empresa"":26.0,""cmc"":83863140.46,""cantidad_rubros"":3.0,""actividad_principal"":""Principal - 4100 - CONSTRUCCIÓN DE EDIFICIOS"",""penalidades_acum"":0,""sanciones_tcp_acum"":0,""estado"":""ACTIVO"",""condicion"":""HABIDO""}",,,,,,,
948,ANCASH,"252,958.38",11/05/2022,"{""ruc"":""20602002285"",""antiguedad_empresa"":5.0,""cmc"":6187755.23,""cantidad_rubros"":3.0,""actividad_principal"":""Principal - 4100 - CONSTRUCCIÓN DE EDIFICIOS"",""penalidades_acum"":0,""sanciones_tcp_acum"":0,""estado"":""ACTIVO"",""condicion"":""HABIDO""}","{""ruc"":""20602797016"",""antiguedad_empresa"":4.0,""cmc"":400000.0,""cantidad_rubros"":3.0,""actividad_principal"":""Principal - 4100 - CONSTRUCCIÓN DE EDIFICIOS"",""penalidades_acum"":0,""sanciones_tcp_acum"":0,""estado"":""ACTIVO"",""condicion"":""HABIDO""}",,,,,,,
949,ANCASH,"912,723.05",11/05/2022,"{""ruc"":""20542073013"",""antiguedad_empresa"":11.0,""cmc"":100000.0,""cantidad_rubros"":3.0,""actividad_principal"":""Principal - 4100 - CONSTRUCCIÓN DE EDIFICIOS"",""penalidades_acum"":0,""sanciones_tcp_acum"":0,""estado"":""ACTIVO"",""condicion"":""HABIDO""}","{""ruc"":""20407863250"",""antiguedad_empresa"":13.0,""cmc"":2010086573.36,""cantidad_rubros"":3.0,""actividad_principal"":""Principal - 4100 - CONSTRUCCIÓN DE EDIFICIOS"",""penalidades_acum"":0,""sanciones_tcp_acum"":0,""estado"":""ACTIVO"",""condicion"":""HABIDO""}",,,,,,,
950,ANCASH,"3,744,241.18",06/05/2022,"{""ruc"":""20571153867"",""antiguedad_empresa"":11.0,""cmc"":34584872.81,""cantidad_rubros"":3.0,""actividad_principal"":""Principal - 7110 - ACTIVIDADES DE ARQUITECTURA E INGENIERÍA Y ACTIVIDADES CONEXAS DE CONSULTORÍA TÉCNICA"",""penalidades_acum"":0,""sanciones_tcp_acum"":0,""estado"":""ACTIVO"",""condicion"":""HABIDO""}","{""ruc"":""20571395283"",""antiguedad_empresa"":10.0,""cmc"":60678436.15,""cantidad_rubros"":3.0,""actividad_principal"":""Principal - 4100 - CONSTRUCCIÓN DE EDIFICIOS"",""penalidades_acum"":0,""sanciones_tcp_acum"":0,""estado"":""ACTIVO"",""condicion"":""HABIDO""}",,,,,,,
951,ANCASH,"873,040.88",28/04/2022,"{""ruc"":""20408061726"",""antiguedad_empresa"":10.0,""cmc"":100000.0,""cantidad_rubros"":3.0,""actividad_principal"":""Principal - 4390 - OTRAS ACTIVIDADES ESPECIALIZADAS DE CONSTRUCCIÓN"",""penalidades_acum"":0,""sanciones_tcp_acum"":0,""estado"":""ACTIVO"",""condicion"":""HABIDO""}","{""ruc"":""20607764621"",""antiguedad_empresa"":1.0,""cmc"":100000.0,""cantidad_rubros"":3.0,""actividad_principal"":""Principal - 4290 - CONSTRUCCIÓN DE OTRAS OBRAS DE INGENIERÍA CIVIL"",""penalidades_acum"":0,""sanciones_tcp_acum"":0,""estado"":""ACTIVO"",""condicion"":""HABIDO""}",,,,,,,
952,ANCASH,"1,765,329.45",28/04/2022,"{""ruc"":""20530592520"",""antiguedad_empresa"":21.0,""cmc"":100000.0,""cantidad_rubros"":3.0,""actividad_principal"":""Principal - 4210 - CONSTRUCCIÓN DE CARRETERAS Y VÍAS DE FERROCARRIL"",""penalidades_acum"":0,""sanciones_tcp_acum"":1,""estado"":""ACTIVO"",""condicion"":""HABIDO""}","{""ruc"":""20407011920"",""antiguedad_empresa"":24.0,""cmc"":100000.0,""cantidad_rubros"":3.0,""actividad_principal"":""Principal - 4100 - CONSTRUCCIÓN DE EDIFICIOS"",""penalidades_acum"":0,""sanciones_tcp_acum"":0,""estado"":""ACTIVO"",""condicion"":""HABIDO""}",,,,,,,
953,ANCASH,"4,836,320.64",26/04/2022,"{""ruc"":""20445700178"",""antiguedad_empresa"":10.0,""cmc"":19546964.6,""cantidad_rubros"":1.0,""actividad_principal"":""Principal - 4100 - CONSTRUCCIÓN DE EDIFICIOS"",""penalidades_acum"":0,""sanciones_tcp_acum"":1,""estado"":""ACTIVO"",""condicion"":""HABIDO""}","{""ruc"":""20445710211"",""antiguedad_empresa"":6.0,""cmc"":100000.0,""cantidad_rubros"":3.0,""actividad_principal"":""Principal - 4100 - CONSTRUCCIÓN DE EDIFICIOS"",""penalidades_acum"":0,""sanciones_tcp_acum"":0,""estado"":""ACTIVO"",""condicion"":""HABIDO""}",,,,,,,
954,ANCASH,"7,397,554.11",26/04/2022,"{""ruc"":""20531750749"",""antiguedad_empresa"":12.0,""cmc"":98471418.24,""cantidad_rubros"":3.0,""actividad_principal"":""Principal - 4290 - CONSTRUCCIÓN DE OTRAS OBRAS DE INGENIERÍA CIVIL"",""penalidades_acum"":0,""sanciones_tcp_acum"":0,""estado"":""ACTIVO"",""condicion"":""HABIDO""}","{""ruc"":""20445685438"",""antiguedad_empresa"":14.0,""cmc"":100000.0,""cantidad_rubros"":3.0,""actividad_principal"":""Principal - 4100 - CONSTRUCCIÓN DE EDIFICIOS"",""penalidades_acum"":0,""sanciones_tcp_acum"":0,""estado"":""ACTIVO"",""condicion"":""NO HABIDO""}",,,,,,,
955,ANCASH,"868,000.00",26/04/2022,"{""ruc"":""20477160710"",""antiguedad_empresa"":11.0,""cmc"":100000.0,""cantidad_rubros"":3.0,""actividad_principal"":""Principal - 4100 - CONSTRUCCIÓN DE EDIFICIOS"",""penalidades_acum"":0,""sanciones_tcp_acum"":1,""estado"":""ACTIVO"",""condicion"":""HABIDO""}","{""ruc"":""20600805348"",""antiguedad_empresa"":6.0,""cmc"":552793.32,""cantidad_rubros"":1.0,""actividad_principal"":""Principal - 4100 - CONSTRUCCIÓN DE EDIFICIOS"",""penalidades_acum"":0,""sanciones_tcp_acum"":0,""estado"":""ACTIVO"",""condicion"":""HABIDO""}",,,,,,,
956,ANCASH,"3,094,407.72",20/04/2022,"{""ruc"":""20600140893"",""antiguedad_empresa"":7.0,""cmc"":500000.0,""cantidad_rubros"":3.0,""actividad_principal"":""Principal - 4390 - OTRAS ACTIVIDADES ESPECIALIZADAS DE CONSTRUCCIÓN"",""penalidades_acum"":0,""sanciones_tcp_acum"":0,""estado"":""ACTIVO"",""condicion"":""HABIDO""}","{""ruc"":""20542438984"",""antiguedad_empresa"":10.0,""cmc"":100000.0,""cantidad_rubros"":3.0,""actividad_principal"":""Principal - 6810 - ACTIVIDADES INMOBILIARIAS REALIZADAS CON BIENES PROPIOS O ARRENDADOS"",""penalidades_acum"":0,""sanciones_tcp_acum"":0,""estado"":""ACTIVO"",""condicion"":""HABIDO""}",,,,,,,
957,ANCASH,"1,469,162.19",08/04/2022,"{""ruc"":""20601568561"",""antiguedad_empresa"":6.0,""cmc"":10484446.96,""cantidad_rubros"":3.0,""actividad_principal"":""Principal - 4100 - CONSTRUCCIÓN DE EDIFICIOS"",""penalidades_acum"":0,""sanciones_tcp_acum"":0,""estado"":""ACTIVO"",""condicion"":""HABIDO""}","{""ruc"":""20534145757"",""antiguedad_empresa"":null,""cmc"":100000.0,""cantidad_rubros"":3.0,""actividad_principal"":""Principal - 4100 - CONSTRUCCIÓN DE EDIFICIOS"",""penalidades_acum"":1,""sanciones_tcp_acum"":0,""estado"":""ACTIVO"",""condicion"":""HABIDO""}",,,,,,,
958,ANCASH,"2,471,058.26",08/04/2022,"{""ruc"":""20604155828"",""antiguedad_empresa"":3.0,""cmc"":100000.0,""cantidad_rubros"":3.0,""actividad_principal"":""Principal - 4210 - CONSTRUCCIÓN DE CARRETERAS Y VÍAS DE FERROCARRIL"",""penalidades_acum"":0,""sanciones_tcp_acum"":0,""estado"":""BAJA DE OFICIO"",""condicion"":""NO HABIDO""}","{""ruc"":""20531064047"",""antiguedad_empresa"":15.0,""cmc"":52208835.0,""cantidad_rubros"":3.0,""actividad_principal"":""Principal - 4100 - CONSTRUCCIÓN DE EDIFICIOS"",""penalidades_acum"":0,""sanciones_tcp_acum"":0,""estado"":""ACTIVO"",""condicion"":""HABIDO""}",,,,,,,
959,ANCASH,"1,514,571.26",08/04/2022,"{""ruc"":""20534010151"",""antiguedad_empresa"":5.0,""cmc"":100000.0,""cantidad_rubros"":3.0,""actividad_principal"":""Principal - 4100 - CONSTRUCCIÓN DE EDIFICIOS"",""penalidades_acum"":0,""sanciones_tcp_acum"":1,""estado"":""BAJA DE OFICIO"",""condicion"":""NO HABIDO""}","{""ruc"":""20603432224"",""antiguedad_empresa"":4.0,""cmc"":100000.0,""cantidad_rubros"":3.0,""actividad_principal"":""Principal - 4210 - CONSTRUCCIÓN DE CARRETERAS Y VÍAS DE FERROCARRIL"",""penalidades_acum"":0,""sanciones_tcp_acum"":0,""estado"":""ACTIVO"",""condicion"":""HABIDO""}",,,,,,,
960,ANCASH,"2,182,406.18",31/03/2022,"{""ruc"":""20407851677"",""antiguedad_empresa"":13.0,""cmc"":57093910.3,""cantidad_rubros"":3.0,""actividad_principal"":""Principal - 4322 - INSTALACIONES DE FONTANERÍA, CALEFACCIÓN Y AIRE ACONDICIONADO"",""penalidades_acum"":0,""sanciones_tcp_acum"":1,""estado"":""BAJA PROV. POR OFICIO"",""condicion"":""HABIDO""}","{""ruc"":""20534022914"",""antiguedad_empresa"":14.0,""cmc"":100000.0,""cantidad_rubros"":3.0,""actividad_principal"":""Principal - 4100 - CONSTRUCCIÓN DE EDIFICIOS"",""penalidades_acum"":0,""sanciones_tcp_acum"":0,""estado"":""ACTIVO"",""condicion"":""HABIDO""}",,,,,,,
961,ANCASH,"1,708,714.17",30/03/2022,"{""ruc"":""20408010498"",""antiguedad_empresa"":13.0,""cmc"":6889204.0,""cantidad_rubros"":3.0,""actividad_principal"":""Principal - 4290 - CONSTRUCCIÓN DE OTRAS OBRAS DE INGENIERÍA CIVIL"",""penalidades_acum"":0,""sanciones_tcp_acum"":0,""estado"":""ACTIVO"",""condicion"":""HABIDO""}",,,,,,,,
962,ANCASH,"8,957,305.73",30/03/2022,"{""ruc"":""20601485088"",""antiguedad_empresa"":6.0,""cmc"":402449065.5,""cantidad_rubros"":3.0,""actividad_principal"":""Principal - 4100 - CONSTRUCCIÓN DE EDIFICIOS"",""penalidades_acum"":0,""sanciones_tcp_acum"":1,""estado"":""ACTIVO"",""condicion"":""HABIDO""}","{""ruc"":""20603354185"",""antiguedad_empresa"":2.0,""cmc"":142648723.18,""cantidad_rubros"":3.0,""actividad_principal"":""Principal - 4290 - CONSTRUCCIÓN DE OTRAS OBRAS DE INGENIERÍA CIVIL"",""penalidades_acum"":0,""sanciones_tcp_acum"":0,""estado"":""ACTIVO"",""condicion"":""HABIDO""}",,,,,,,
963,ANCASH,"9,022,010.36",30/03/2022,"{""ruc"":""20601994322"",""antiguedad_empresa"":5.0,""cmc"":100000.0,""cantidad_rubros"":3.0,""actividad_principal"":""Principal - 4663 - VENTA AL POR MAYOR DE MATERIALES DE CONSTRUCCIÓN, ARTÍCULOS DE FERRETERÍA Y EQUIPO Y MATERIALES DE FONTANERÍA Y CALEFACCIÓN"",""penalidades_acum"":0,""sanciones_tcp_acum"":0,""estado"":""ACTIVO"",""condicion"":""NO HABIDO""}","{""ruc"":""20571395364"",""antiguedad_empresa"":10.0,""cmc"":100000.0,""cantidad_rubros"":3.0,""actividad_principal"":""Principal - 4100 - CONSTRUCCIÓN DE EDIFICIOS"",""penalidades_acum"":0,""sanciones_tcp_acum"":0,""estado"":""ACTIVO"",""condicion"":""HABIDO""}",,,,,,,
964,ANCASH,"2,808,301.53",30/03/2022,"{""ruc"":""20571135885"",""antiguedad_empresa"":11.0,""cmc"":202433902.0,""cantidad_rubros"":3.0,""actividad_principal"":""Principal - 4100 - CONSTRUCCIÓN DE EDIFICIOS"",""penalidades_acum"":0,""sanciones_tcp_acum"":1,""estado"":""ACTIVO"",""condicion"":""HABIDO""}","{""ruc"":""20605233083"",""antiguedad_empresa"":3.0,""cmc"":100000.0,""cantidad_rubros"":3.0,""actividad_principal"":""Principal - 4663 - VENTA AL POR MAYOR DE MATERIALES DE CONSTRUCCIÓN, ARTÍCULOS DE FERRETERÍA Y EQUIPO Y MATERIALES DE FONTANERÍA Y CALEFACCIÓN"",""penalidades_acum"":0,""sanciones_tcp_acum"":0,""estado"":""ACTIVO"",""condicion"":""HABIDO""}",,,,,,,
965,ANCASH,"950,899.19",29/03/2022,"{""ruc"":""20542049228"",""antiguedad_empresa"":10.0,""cmc"":100000.0,""cantidad_rubros"":3.0,""actividad_principal"":""Principal - 4100 - CONSTRUCCIÓN DE EDIFICIOS"",""penalidades_acum"":0,""sanciones_tcp_acum"":1,""estado"":""ACTIVO"",""condicion"":""HABIDO""}","{""ruc"":""20607977454"",""antiguedad_empresa"":1.0,""cmc"":100000.0,""cantidad_rubros"":3.0,""actividad_principal"":""Principal - 7110 - ACTIVIDADES DE ARQUITECTURA E INGENIERÍA Y ACTIVIDADES CONEXAS DE CONSULTORÍA TÉCNICA"",""penalidades_acum"":0,""sanciones_tcp_acum"":0,""estado"":""ACTIVO"",""condicion"":""HABIDO""}",,,,,,,
966,ANCASH,"3,189,624.70",07/03/2022,"{""ruc"":""20531055722"",""antiguedad_empresa"":15.0,""cmc"":3245405.6,""cantidad_rubros"":3.0,""actividad_principal"":""Principal - 4100 - CONSTRUCCIÓN DE EDIFICIOS"",""penalidades_acum"":0,""sanciones_tcp_acum"":1,""estado"":""ACTIVO"",""condicion"":""HABIDO""}","{""ruc"":""20530592520"",""antiguedad_empresa"":21.0,""cmc"":100000.0,""cantidad_rubros"":3.0,""actividad_principal"":""Principal - 4210 - CONSTRUCCIÓN DE CARRETERAS Y VÍAS DE FERROCARRIL"",""penalidades_acum"":0,""sanciones_tcp_acum"":1,""estado"":""ACTIVO"",""condicion"":""HABIDO""}",,,,,,,
967,ANCASH,"3,389,357.15",07/03/2022,"{""ruc"":""20531927851"",""antiguedad_empresa"":2.0,""cmc"":500000.0,""cantidad_rubros"":3.0,""actividad_principal"":""Principal - 4100 - CONSTRUCCIÓN DE EDIFICIOS"",""penalidades_acum"":0,""sanciones_tcp_acum"":0,""estado"":""ACTIVO"",""condicion"":""HABIDO""}","{""ruc"":""20568223307"",""antiguedad_empresa"":10.0,""cmc"":25421340.3,""cantidad_rubros"":3.0,""actividad_principal"":""Principal - 4100 - CONSTRUCCIÓN DE EDIFICIOS"",""penalidades_acum"":0,""sanciones_tcp_acum"":0,""estado"":""ACTIVO"",""condicion"":""HABIDO""}","{""ruc"":""20600180771"",""antiguedad_empresa"":7.0,""cmc"":38280289.29,""cantidad_rubros"":3.0,""actividad_principal"":""Principal - 4210 - CONSTRUCCIÓN DE CARRETERAS Y VÍAS DE FERROCARRIL"",""penalidades_acum"":16,""sanciones_tcp_acum"":0,""estado"":""ACTIVO"",""condicion"":""HABIDO""}",,,,,,
968,ANCASH,"3,514,289.94",25/02/2022,"{""ruc"":""20488252578"",""antiguedad_empresa"":22.0,""cmc"":100000.0,""cantidad_rubros"":3.0,""actividad_principal"":""Principal - 4210 - CONSTRUCCIÓN DE CARRETERAS Y VÍAS DE FERROCARRIL"",""penalidades_acum"":0,""sanciones_tcp_acum"":0,""estado"":""ACTIVO"",""condicion"":""HABIDO""}","{""ruc"":""20408018804"",""antiguedad_empresa"":13.0,""cmc"":2040996911.1,""cantidad_rubros"":3.0,""actividad_principal"":""Principal - 4290 - CONSTRUCCIÓN DE OTRAS OBRAS DE INGENIERÍA CIVIL"",""penalidades_acum"":0,""sanciones_tcp_acum"":0,""estado"":""ACTIVO"",""condicion"":""HABIDO""}",,,,,,,
969,ANCASH,"46,204,467.50",22/01/2024,"{""ruc"":""20489532981"",""antiguedad_empresa"":17.0,""cmc"":100000.0,""cantidad_rubros"":3.0,""actividad_principal"":""Principal - 7110 - ACTIVIDADES DE ARQUITECTURA E INGENIERÍA Y ACTIVIDADES CONEXAS DE CONSULTORÍA TÉCNICA"",""penalidades_acum"":1,""sanciones_tcp_acum"":0,""estado"":""ACTIVO"",""condicion"":""HABIDO""}","{""ruc"":""20571184151"",""antiguedad_empresa"":13.0,""cmc"":500000.0,""cantidad_rubros"":3.0,""actividad_principal"":""Principal - 7110 - ACTIVIDADES DE ARQUITECTURA E INGENIERÍA Y ACTIVIDADES CONEXAS DE CONSULTORÍA TÉCNICA"",""penalidades_acum"":0,""sanciones_tcp_acum"":0,""estado"":""ACTIVO"",""condicion"":""HABIDO""}",,,,,,,
972,ANCASH,"77,450,355.62",17/01/2024,"{""ruc"":""20205328662"",""antiguedad_empresa"":35.0,""cmc"":145008025.78,""cantidad_rubros"":2.0,""actividad_principal"":""Principal - 4390 - OTRAS ACTIVIDADES ESPECIALIZADAS DE CONSTRUCCIÓN"",""penalidades_acum"":1,""sanciones_tcp_acum"":1,""estado"":""ACTIVO"",""condicion"":""NO HALLADO""}","{""ruc"":""20461112227"",""antiguedad_empresa"":24.0,""cmc"":103818565.5,""cantidad_rubros"":2.0,""actividad_principal"":""Principal - 4923 - TRANSPORTE DE CARGA POR CARRETERA"",""penalidades_acum"":0,""sanciones_tcp_acum"":2,""estado"":""BAJA DEFINITIVA"",""condicion"":""NO HABIDO""}","{""ruc"":""20602937934"",""antiguedad_empresa"":6.0,""cmc"":3495719866.26,""cantidad_rubros"":3.0,""actividad_principal"":""Principal - 4100 - CONSTRUCCIÓN DE EDIFICIOS"",""penalidades_acum"":0,""sanciones_tcp_acum"":6,""estado"":""ACTIVO"",""condicion"":""HABIDO""}",,,,,,
1032,APURIMAC,"10,031,182.28",24/03/2021,"{""ruc"":""20527479704"",""antiguedad_empresa"":16.0,""cmc"":1079351415.78,""cantidad_rubros"":2.0,""actividad_principal"":""Principal - 4100 - CONSTRUCCIÓN DE EDIFICIOS"",""penalidades_acum"":0,""sanciones_tcp_acum"":1,""estado"":""ACTIVO"",""condicion"":""HABIDO""}",,,,,,,,
1038,APURIMAC,"4,331,170.01",03/03/2022,"{""ruc"":""20564340384"",""antiguedad_empresa"":8.0,""cmc"":100000.0,""cantidad_rubros"":3.0,""actividad_principal"":""Principal - 7110 - ACTIVIDADES DE ARQUITECTURA E INGENIERÍA Y ACTIVIDADES CONEXAS DE CONSULTORÍA TÉCNICA"",""penalidades_acum"":0,""sanciones_tcp_acum"":0,""estado"":""ACTIVO"",""condicion"":""HABIDO""}","{""ruc"":""20527814261"",""antiguedad_empresa"":10.0,""cmc"":38821141.9,""cantidad_rubros"":3.0,""actividad_principal"":""Principal - 7110 - ACTIVIDADES DE ARQUITECTURA E INGENIERÍA Y ACTIVIDADES CONEXAS DE CONSULTORÍA TÉCNICA"",""penalidades_acum"":0,""sanciones_tcp_acum"":0,""estado"":""ACTIVO"",""condicion"":""HABIDO""}",,,,,,,
1039,APURIMAC,"4,331,170.01",18/11/2021,"{""ruc"":""20527760071"",""antiguedad_empresa"":15.0,""cmc"":500000.0,""cantidad_rubros"":3.0,""actividad_principal"":""Principal - 4100 - CONSTRUCCIÓN DE EDIFICIOS"",""penalidades_acum"":1,""sanciones_tcp_acum"":0,""estado"":""ACTIVO"",""condicion"":""HABIDO""}",,,,,,,,
1128,AREQUIPA,"7,619,548.76",22/07/2021,"{""ruc"":""20600929438"",""antiguedad_empresa"":5.0,""cmc"":100000.0,""cantidad_rubros"":3.0,""actividad_principal"":""Principal - 4210 - CONSTRUCCIÓN DE CARRETERAS Y VÍAS DE FERROCARRIL"",""penalidades_acum"":0,""sanciones_tcp_acum"":8,""estado"":""BAJA PROV. POR OFICIO"",""condicion"":""NO HABIDO""}",,,,,,,,
1129,AREQUIPA,"1,974,127.56",29/04/2021,"{""ruc"":""20344483702"",""antiguedad_empresa"":24.0,""cmc"":38602511.25,""cantidad_rubros"":3.0,""actividad_principal"":""Principal - 4290 - CONSTRUCCIÓN DE OTRAS OBRAS DE INGENIERÍA CIVIL"",""penalidades_acum"":0,""sanciones_tcp_acum"":1,""estado"":""ACTIVO"",""condicion"":""HABIDO""}","{""ruc"":""20534029927"",""antiguedad_empresa"":3.0,""cmc"":100000.0,""cantidad_rubros"":1.0,""actividad_principal"":""Principal - 4100 - CONSTRUCCIÓN DE EDIFICIOS"",""penalidades_acum"":0,""sanciones_tcp_acum"":0,""estado"":""BAJA DE OFICIO"",""condicion"":""NO HABIDO""}",,,,,,,
1130,AREQUIPA,"4,732,448.80",19/03/2021,"{""ruc"":""20456323007"",""antiguedad_empresa"":9.0,""cmc"":160569756.78,""cantidad_rubros"":2.0,""actividad_principal"":""Principal - 4290 - CONSTRUCCIÓN DE OTRAS OBRAS DE INGENIERÍA CIVIL"",""penalidades_acum"":0,""sanciones_tcp_acum"":1,""estado"":""ACTIVO"",""condicion"":""HABIDO""}",,,,,,,,
1131,AREQUIPA,"189,820,194.39",11/03/2021,"{""ruc"":""20563373009"",""antiguedad_empresa"":7.0,""cmc"":100000.0,""cantidad_rubros"":1.0,""actividad_principal"":""Principal - 4390 - OTRAS ACTIVIDADES ESPECIALIZADAS DE CONSTRUCCIÓN"",""penalidades_acum"":0,""sanciones_tcp_acum"":1,""estado"":""ACTIVO"",""condicion"":""HABIDO""}","{""ruc"":""20601116082"",""antiguedad_empresa"":5.0,""cmc"":1976877939.32,""cantidad_rubros"":3.0,""actividad_principal"":""Principal - 4290 - CONSTRUCCIÓN DE OTRAS OBRAS DE INGENIERÍA CIVIL"",""penalidades_acum"":1,""sanciones_tcp_acum"":3,""estado"":""ACTIVO"",""condicion"":""HABIDO""}",,,,,,,
1132,AREQUIPA,"7,234,949.00",01/03/2021,"{""ruc"":""20264545812"",""antiguedad_empresa"":26.0,""cmc"":400000.0,""cantidad_rubros"":3.0,""actividad_principal"":""Principal - 4390 - OTRAS ACTIVIDADES ESPECIALIZADAS DE CONSTRUCCIÓN"",""penalidades_acum"":0,""sanciones_tcp_acum"":0,""estado"":""ACTIVO"",""condicion"":""HABIDO""}",,,,,,,,
1133,AREQUIPA,"37,291,219.31",27/10/2022,"{""ruc"":""20551773923"",""antiguedad_empresa"":5.0,""cmc"":1109397268.04,""cantidad_rubros"":2.0,""actividad_principal"":""Principal - 4100 - CONSTRUCCIÓN DE EDIFICIOS"",""penalidades_acum"":0,""sanciones_tcp_acum"":0,""estado"":""ACTIVO"",""condicion"":""HABIDO""}","{""ruc"":""20101884407"",""antiguedad_empresa"":43.0,""cmc"":665610088.4,""cantidad_rubros"":2.0,""actividad_principal"":""Principal - 4390 - OTRAS ACTIVIDADES ESPECIALIZADAS DE CONSTRUCCIÓN"",""penalidades_acum"":0,""sanciones_tcp_acum"":0,""estado"":""ACTIVO"",""condicion"":""HABIDO""}",,,,,,,
1134,AREQUIPA,"9,164,478.50",27/10/2022,"{""ruc"":""20456315918"",""antiguedad_empresa"":10.0,""cmc"":55102124.44,""cantidad_rubros"":3.0,""actividad_principal"":""Principal - 4100 - CONSTRUCCIÓN DE EDIFICIOS"",""penalidades_acum"":0,""sanciones_tcp_acum"":0,""estado"":""ACTIVO"",""condicion"":""HABIDO""}","{""ruc"":""20604675198"",""antiguedad_empresa"":3.0,""cmc"":6476771.28,""cantidad_rubros"":3.0,""actividad_principal"":""Principal - 4923 - TRANSPORTE DE CARGA POR CARRETERA"",""penalidades_acum"":0,""sanciones_tcp_acum"":0,""estado"":""ACTIVO"",""condicion"":""HABIDO""}",,,,,,,
1135,AREQUIPA,"380,219.25",05/09/2022,"{""ruc"":""20454785992"",""antiguedad_empresa"":14.0,""cmc"":51849366.8,""cantidad_rubros"":3.0,""actividad_principal"":""Principal - 4390 - OTRAS ACTIVIDADES ESPECIALIZADAS DE CONSTRUCCIÓN"",""penalidades_acum"":0,""sanciones_tcp_acum"":0,""estado"":""ACTIVO"",""condicion"":""HABIDO""}",,,,,,,,
1136,AREQUIPA,"10,376,842.01",23/08/2022,"{""ruc"":""20571505488"",""antiguedad_empresa"":9.0,""cmc"":74024083.53,""cantidad_rubros"":3.0,""actividad_principal"":""Principal - 4100 - CONSTRUCCIÓN DE EDIFICIOS"",""penalidades_acum"":1,""sanciones_tcp_acum"":1,""estado"":""ACTIVO"",""condicion"":""HABIDO""}","{""ruc"":""20604675198"",""antiguedad_empresa"":3.0,""cmc"":6476771.28,""cantidad_rubros"":3.0,""actividad_principal"":""Principal - 4923 - TRANSPORTE DE CARGA POR CARRETERA"",""penalidades_acum"":0,""sanciones_tcp_acum"":0,""estado"":""ACTIVO"",""condicion"":""HABIDO""}","{""ruc"":""20574662517"",""antiguedad_empresa"":9.0,""cmc"":100000.0,""cantidad_rubros"":3.0,""actividad_principal"":""Principal - 4923 - TRANSPORTE DE CARGA POR CARRETERA"",""penalidades_acum"":1,""sanciones_tcp_acum"":3,""estado"":""ACTIVO"",""condicion"":""HABIDO""}",,,,,,
1137,AREQUIPA,"380,219.24",24/05/2022,"{""ruc"":""20447714036"",""antiguedad_empresa"":16.0,""cmc"":100000.0,""cantidad_rubros"":3.0,""actividad_principal"":""Principal - 7110 - ACTIVIDADES DE ARQUITECTURA E INGENIERÍA Y ACTIVIDADES CONEXAS DE CONSULTORÍA TÉCNICA"",""penalidades_acum"":0,""sanciones_tcp_acum"":0,""estado"":""ACTIVO"",""condicion"":""HABIDO""}","{""ruc"":""20447909716"",""antiguedad_empresa"":2.0,""cmc"":100000.0,""cantidad_rubros"":3.0,""actividad_principal"":""Principal - 2511 - FABRICACION DE PRODUCTOS METALICOS PARA USO ESTRUCTURAL"",""penalidades_acum"":0,""sanciones_tcp_acum"":0,""estado"":""ACTIVO"",""condicion"":""HABIDO""}",,,,,,,
1141,AREQUIPA,"7,520,113.93",27/12/2024,"{""ruc"":""20494883865"",""antiguedad_empresa"":14.0,""cmc"":100000.0,""cantidad_rubros"":3.0,""actividad_principal"":""Principal - 7110 - ACTIVIDADES DE ARQUITECTURA E INGENIERÍA Y ACTIVIDADES CONEXAS DE CONSULTORÍA TÉCNICA"",""penalidades_acum"":0,""sanciones_tcp_acum"":0,""estado"":""ACTIVO"",""condicion"":""HABIDO""}","{""ruc"":""20601771641"",""antiguedad_empresa"":7.0,""cmc"":1369406455.98,""cantidad_rubros"":3.0,""actividad_principal"":""Principal - 4100 - CONSTRUCCIÓN DE EDIFICIOS"",""penalidades_acum"":0,""sanciones_tcp_acum"":0,""estado"":""ACTIVO"",""condicion"":""HABIDO""}",,,,,,,
1142,AREQUIPA,"9,258,634.44",20/12/2024,"{""ruc"":""20412823711"",""antiguedad_empresa"":15.0,""cmc"":23559579.7,""cantidad_rubros"":3.0,""actividad_principal"":""Principal - 7730 - ALQUILER Y ARRENDAMIENTO DE OTROS TIPOS DE MAQUINARIA, EQUIPO Y BIENES TANGIBLES"",""penalidades_acum"":0,""sanciones_tcp_acum"":1,""estado"":""ACTIVO"",""condicion"":""HABIDO""}","{""ruc"":""10295907024"",""antiguedad_empresa"":30.0,""cmc"":32700637.3,""cantidad_rubros"":3.0,""actividad_principal"":""Principal - 6810 - ACTIVIDADES INMOBILIARIAS REALIZADAS CON BIENES PROPIOS O ARRENDADOS"",""penalidades_acum"":0,""sanciones_tcp_acum"":0,""estado"":""ACTIVO"",""condicion"":""HABIDO""}",,,,,,,
1143,AREQUIPA,"20,726,587.81",25/11/2024,"{""ruc"":""20539013441"",""antiguedad_empresa"":11.0,""cmc"":100000.0,""cantidad_rubros"":3.0,""actividad_principal"":""Principal - 4290 - CONSTRUCCIÓN DE OTRAS OBRAS DE INGENIERÍA CIVIL"",""penalidades_acum"":0,""sanciones_tcp_acum"":0,""estado"":""ACTIVO"",""condicion"":""HABIDO""}","{""ruc"":""20226217003"",""antiguedad_empresa"":30.0,""cmc"":159937870.28,""cantidad_rubros"":3.0,""actividad_principal"":""Principal - 7110 - ACTIVIDADES DE ARQUITECTURA E INGENIERÍA Y ACTIVIDADES CONEXAS DE CONSULTORÍA TÉCNICA"",""penalidades_acum"":0,""sanciones_tcp_acum"":1,""estado"":""ACTIVO"",""condicion"":""HABIDO""}",,,,,,,
1144,AREQUIPA,"95,743,898.70",22/11/2024,"{""ruc"":""20482396331"",""antiguedad_empresa"":15.0,""cmc"":null,""cantidad_rubros"":2.0,""actividad_principal"":""Principal - 7110 - ACTIVIDADES DE ARQUITECTURA E INGENIERÍA Y ACTIVIDADES CONEXAS DE CONSULTORÍA TÉCNICA"",""penalidades_acum"":0,""sanciones_tcp_acum"":0,""estado"":""ACTIVO"",""condicion"":""HABIDO""}","{""ruc"":""20523534590"",""antiguedad_empresa"":15.0,""cmc"":386655628.42,""cantidad_rubros"":3.0,""actividad_principal"":""Principal - 4100 - CONSTRUCCIÓN DE EDIFICIOS"",""penalidades_acum"":1,""sanciones_tcp_acum"":1,""estado"":""ACTIVO"",""condicion"":""HABIDO""}","{""ruc"":""20494784450"",""antiguedad_empresa"":15.0,""cmc"":94476971.8,""cantidad_rubros"":3.0,""actividad_principal"":""Principal - 4210 - CONSTRUCCIÓN DE CARRETERAS Y VÍAS DE FERROCARRIL"",""penalidades_acum"":1,""sanciones_tcp_acum"":0,""estado"":""ACTIVO"",""condicion"":""HABIDO""}","{""ruc"":""20506606722"",""antiguedad_empresa"":21.0,""cmc"":100000.0,""cantidad_rubros"":1.0,""actividad_principal"":""Principal - 4100 - CONSTRUCCIÓN DE EDIFICIOS"",""penalidades_acum"":0,""sanciones_tcp_acum"":2,""estado"":""ACTIVO"",""condicion"":""HABIDO""}",,,,,
1145,AREQUIPA,"35,413,768.38",31/10/2024,"{""ruc"":""10453522542"",""antiguedad_empresa"":18.0,""cmc"":null,""cantidad_rubros"":2.0,""actividad_principal"":""Principal - 7110 - ACTIVIDADES DE ARQUITECTURA E INGENIERÍA Y ACTIVIDADES CONEXAS DE CONSULTORÍA TÉCNICA"",""penalidades_acum"":0,""sanciones_tcp_acum"":2,""estado"":""ACTIVO"",""condicion"":""HABIDO""}","{""ruc"":""20494637074"",""antiguedad_empresa"":15.0,""cmc"":555480151.85,""cantidad_rubros"":3.0,""actividad_principal"":""Principal - 4210 - CONSTRUCCIÓN DE CARRETERAS Y VÍAS DE FERROCARRIL"",""penalidades_acum"":1,""sanciones_tcp_acum"":3,""estado"":""ACTIVO"",""condicion"":""HABIDO""}",,,,,,,
1146,AREQUIPA,"90,511,768.56",24/10/2024,"{""ruc"":""20603476400"",""antiguedad_empresa"":6.0,""cmc"":470313192.14,""cantidad_rubros"":1.0,""actividad_principal"":""Principal - 7110 - ACTIVIDADES DE ARQUITECTURA E INGENIERÍA Y ACTIVIDADES CONEXAS DE CONSULTORÍA TÉCNICA"",""penalidades_acum"":0,""sanciones_tcp_acum"":1,""estado"":""ACTIVO"",""condicion"":""HABIDO""}","{""ruc"":""20523386469"",""antiguedad_empresa"":15.0,""cmc"":161957529.86,""cantidad_rubros"":3.0,""actividad_principal"":""Principal - 4100 - CONSTRUCCIÓN DE EDIFICIOS"",""penalidades_acum"":1,""sanciones_tcp_acum"":0,""estado"":""ACTIVO"",""condicion"":""HABIDO""}","{""ruc"":""20536290916"",""antiguedad_empresa"":14.0,""cmc"":null,""cantidad_rubros"":1.0,""actividad_principal"":""Principal - 7110 - ACTIVIDADES DE ARQUITECTURA E INGENIERÍA Y ACTIVIDADES CONEXAS DE CONSULTORÍA TÉCNICA"",""penalidades_acum"":1,""sanciones_tcp_acum"":0,""estado"":""ACTIVO"",""condicion"":""HABIDO""}",,,,,,
1147,AREQUIPA,"53,637,938.86",18/10/2024,"{""ruc"":""20494883865"",""antiguedad_empresa"":14.0,""cmc"":100000.0,""cantidad_rubros"":3.0,""actividad_principal"":""Principal - 7110 - ACTIVIDADES DE ARQUITECTURA E INGENIERÍA Y ACTIVIDADES CONEXAS DE CONSULTORÍA TÉCNICA"",""penalidades_acum"":0,""sanciones_tcp_acum"":0,""estado"":""ACTIVO"",""condicion"":""HABIDO""}","{""ruc"":""20489532981"",""antiguedad_empresa"":17.0,""cmc"":100000.0,""cantidad_rubros"":3.0,""actividad_principal"":""Principal - 7110 - ACTIVIDADES DE ARQUITECTURA E INGENIERÍA Y ACTIVIDADES CONEXAS DE CONSULTORÍA TÉCNICA"",""penalidades_acum"":1,""sanciones_tcp_acum"":0,""estado"":""ACTIVO"",""condicion"":""HABIDO""}",,,,,,,
1148,AREQUIPA,"10,567,158.63",27/09/2024,"{""ruc"":""20448056261"",""antiguedad_empresa"":15.0,""cmc"":100000.0,""cantidad_rubros"":3.0,""actividad_principal"":""Principal - 7110 - ACTIVIDADES DE ARQUITECTURA E INGENIERÍA Y ACTIVIDADES CONEXAS DE CONSULTORÍA TÉCNICA"",""penalidades_acum"":0,""sanciones_tcp_acum"":0,""estado"":""ACTIVO"",""condicion"":""HABIDO""}",,,,,,,,
1149,AREQUIPA,"178,213,893.31",18/07/2024,"{""ruc"":""20534166240"",""antiguedad_empresa"":5.0,""cmc"":37096894.14,""cantidad_rubros"":3.0,""actividad_principal"":""Principal - 4210 - CONSTRUCCIÓN DE CARRETERAS Y VÍAS DE FERROCARRIL"",""penalidades_acum"":0,""sanciones_tcp_acum"":0,""estado"":""ACTIVO"",""condicion"":""HABIDO""}","{""ruc"":""99000035293"",""antiguedad_empresa"":null,""cmc"":100000.0,""cantidad_rubros"":null,""actividad_principal"":null,""penalidades_acum"":0,""sanciones_tcp_acum"":2,""estado"":null,""condicion"":null}",,,,,,,
1150,AREQUIPA,"30,810,450.20",14/06/2024,"{""ruc"":""99000032707"",""antiguedad_empresa"":null,""cmc"":100000.0,""cantidad_rubros"":null,""actividad_principal"":null,""penalidades_acum"":0,""sanciones_tcp_acum"":0,""estado"":null,""condicion"":null}","{""ruc"":""20603147465"",""antiguedad_empresa"":6.0,""cmc"":30292666.01,""cantidad_rubros"":3.0,""actividad_principal"":""Principal - 4210 - CONSTRUCCIÓN DE CARRETERAS Y VÍAS DE FERROCARRIL"",""penalidades_acum"":0,""sanciones_tcp_acum"":0,""estado"":""ACTIVO"",""condicion"":""HABIDO""}",,,,,,,
1151,AREQUIPA,"7,531,464.58",04/06/2024,"{""ruc"":""20478157976"",""antiguedad_empresa"":16.0,""cmc"":99558877.45,""cantidad_rubros"":3.0,""actividad_principal"":""Principal - 4390 - OTRAS ACTIVIDADES ESPECIALIZADAS DE CONSTRUCCIÓN"",""penalidades_acum"":0,""sanciones_tcp_acum"":0,""estado"":""ACTIVO"",""condicion"":""HABIDO""}","{""ruc"":""20452345251"",""antiguedad_empresa"":22.0,""cmc"":100000.0,""cantidad_rubros"":3.0,""actividad_principal"":""Principal - 7110 - ACTIVIDADES DE ARQUITECTURA E INGENIERÍA Y ACTIVIDADES CONEXAS DE CONSULTORÍA TÉCNICA"",""penalidades_acum"":0,""sanciones_tcp_acum"":0,""estado"":""ACTIVO"",""condicion"":""NO HALLADO""}",,,,,,,
1152,AREQUIPA,"4,508,708.71",30/05/2024,"{""ruc"":""10293806492"",""antiguedad_empresa"":31.0,""cmc"":null,""cantidad_rubros"":2.0,""actividad_principal"":""Principal - 7110 - ACTIVIDADES DE ARQUITECTURA E INGENIERÍA Y ACTIVIDADES CONEXAS DE CONSULTORÍA TÉCNICA"",""penalidades_acum"":0,""sanciones_tcp_acum"":0,""estado"":""ACTIVO"",""condicion"":""HABIDO""}","{""ruc"":""20498258116"",""antiguedad_empresa"":22.0,""cmc"":19438587.84,""cantidad_rubros"":3.0,""actividad_principal"":""Principal - 4100 - CONSTRUCCIÓN DE EDIFICIOS"",""penalidades_acum"":0,""sanciones_tcp_acum"":0,""estado"":""ACTIVO"",""condicion"":""HABIDO""}",,,,,,,
1153,AREQUIPA,"3,400,774.82",30/05/2024,"{""ruc"":""20601016347"",""antiguedad_empresa"":8.0,""cmc"":60947215.0,""cantidad_rubros"":3.0,""actividad_principal"":""Principal - 4100 - CONSTRUCCIÓN DE EDIFICIOS"",""penalidades_acum"":0,""sanciones_tcp_acum"":1,""estado"":""ACTIVO"",""condicion"":""HABIDO""}","{""ruc"":""10004967122"",""antiguedad_empresa"":23.0,""cmc"":null,""cantidad_rubros"":2.0,""actividad_principal"":""Principal - 7110 - ACTIVIDADES DE ARQUITECTURA E INGENIERÍA Y ACTIVIDADES CONEXAS DE CONSULTORÍA TÉCNICA"",""penalidades_acum"":0,""sanciones_tcp_acum"":0,""estado"":""ACTIVO"",""condicion"":""HABIDO""}","{""ruc"":""10005125583"",""antiguedad_empresa"":24.0,""cmc"":758250.0,""cantidad_rubros"":1.0,""actividad_principal"":""Principal - 7110 - ACTIVIDADES DE ARQUITECTURA E INGENIERÍA Y ACTIVIDADES CONEXAS DE CONSULTORÍA TÉCNICA"",""penalidades_acum"":0,""sanciones_tcp_acum"":0,""estado"":""ACTIVO"",""condicion"":""HABIDO""}",,,,,,
1154,AREQUIPA,"4,317,524.00",30/05/2024,"{""ruc"":""10181420761"",""antiguedad_empresa"":26.0,""cmc"":null,""cantidad_rubros"":3.0,""actividad_principal"":""Principal - 7020 - ACTIVIDADES DE CONSULTORÍA DE GESTIÓN"",""penalidades_acum"":0,""sanciones_tcp_acum"":4,""estado"":""ACTIVO"",""condicion"":""HABIDO""}","{""ruc"":""20541653156"",""antiguedad_empresa"":12.0,""cmc"":38600390.99,""cantidad_rubros"":2.0,""actividad_principal"":""Principal - 4100 - CONSTRUCCIÓN DE EDIFICIOS"",""penalidades_acum"":0,""sanciones_tcp_acum"":0,""estado"":""ACTIVO"",""condicion"":""HABIDO""}","{""ruc"":""20611168528"",""antiguedad_empresa"":1.0,""cmc"":100000.0,""cantidad_rubros"":2.0,""actividad_principal"":""Principal - 4220 - CONSTRUCCIÓN DE PROYECTOS DE SERVICIO PÚBLICO"",""penalidades_acum"":0,""sanciones_tcp_acum"":0,""estado"":""ACTIVO"",""condicion"":""HABIDO""}",,,,,,
1155,AREQUIPA,"86,164,895.31",29/05/2024,"{""ruc"":""99000035293"",""antiguedad_empresa"":null,""cmc"":100000.0,""cantidad_rubros"":null,""actividad_principal"":null,""penalidades_acum"":0,""sanciones_tcp_acum"":2,""estado"":null,""condicion"":null}","{""ruc"":""10224118100"",""antiguedad_empresa"":31.0,""cmc"":null,""cantidad_rubros"":1.0,""actividad_principal"":""Principal - 7110 - ACTIVIDADES DE ARQUITECTURA E INGENIERÍA Y ACTIVIDADES CONEXAS DE CONSULTORÍA TÉCNICA"",""penalidades_acum"":1,""sanciones_tcp_acum"":1,""estado"":""ACTIVO"",""condicion"":""HABIDO""}","{""ruc"":""20488496442"",""antiguedad_empresa"":24.0,""cmc"":100000.0,""cantidad_rubros"":3.0,""actividad_principal"":""Principal - 4100 - CONSTRUCCIÓN DE EDIFICIOS"",""penalidades_acum"":1,""sanciones_tcp_acum"":0,""estado"":""ACTIVO"",""condicion"":""HABIDO""}","{""ruc"":""20534166240"",""antiguedad_empresa"":5.0,""cmc"":37096894.14,""cantidad_rubros"":3.0,""actividad_principal"":""Principal - 4210 - CONSTRUCCIÓN DE CARRETERAS Y VÍAS DE FERROCARRIL"",""penalidades_acum"":0,""sanciones_tcp_acum"":0,""estado"":""ACTIVO"",""condicion"":""HABIDO""}",,,,,
1156,AREQUIPA,"1,862,839.76",10/05/2024,"{""ruc"":""20600935845"",""antiguedad_empresa"":8.0,""cmc"":100000.0,""cantidad_rubros"":3.0,""actividad_principal"":""Principal - 4100 - CONSTRUCCIÓN DE EDIFICIOS"",""penalidades_acum"":2,""sanciones_tcp_acum"":0,""estado"":""ACTIVO"",""condicion"":""HABIDO""}","{""ruc"":""20564171761"",""antiguedad_empresa"":11.0,""cmc"":100000.0,""cantidad_rubros"":3.0,""actividad_principal"":""Principal - 4100 - CONSTRUCCIÓN DE EDIFICIOS"",""penalidades_acum"":0,""sanciones_tcp_acum"":0,""estado"":""ACTIVO"",""condicion"":""HABIDO""}",,,,,,,
1157,AREQUIPA,"10,567,158.63",10/05/2024,"{""ruc"":""20448080308"",""antiguedad_empresa"":15.0,""cmc"":134654015.86,""cantidad_rubros"":3.0,""actividad_principal"":""Principal - 4390 - OTRAS ACTIVIDADES ESPECIALIZADAS DE CONSTRUCCIÓN"",""penalidades_acum"":0,""sanciones_tcp_acum"":0,""estado"":""ACTIVO"",""condicion"":""HABIDO""}","{""ruc"":""20447635080"",""antiguedad_empresa"":18.0,""cmc"":46981586.62,""cantidad_rubros"":3.0,""actividad_principal"":""Principal - 4100 - CONSTRUCCIÓN DE EDIFICIOS"",""penalidades_acum"":0,""sanciones_tcp_acum"":1,""estado"":""ACTIVO"",""condicion"":""HABIDO""}",,,,,,,
1158,AREQUIPA,"10,665,165.94",10/05/2024,"{""ruc"":""20600002717"",""antiguedad_empresa"":9.0,""cmc"":45702373.57,""cantidad_rubros"":3.0,""actividad_principal"":""Principal - 7110 - ACTIVIDADES DE ARQUITECTURA E INGENIERÍA Y ACTIVIDADES CONEXAS DE CONSULTORÍA TÉCNICA"",""penalidades_acum"":0,""sanciones_tcp_acum"":0,""estado"":""ACTIVO"",""condicion"":""HABIDO""}","{""ruc"":""20406455603"",""antiguedad_empresa"":20.0,""cmc"":55552053.78,""cantidad_rubros"":1.0,""actividad_principal"":""Principal - 7730 - ALQUILER Y ARRENDAMIENTO DE OTROS TIPOS DE MAQUINARIA, EQUIPO Y BIENES TANGIBLES"",""penalidades_acum"":0,""sanciones_tcp_acum"":0,""estado"":""ACTIVO"",""condicion"":""HABIDO""}",,,,,,,
1159,AREQUIPA,"3,341,280.68",10/05/2024,"{""ruc"":""20531607784"",""antiguedad_empresa"":11.0,""cmc"":100000.0,""cantidad_rubros"":3.0,""actividad_principal"":""Principal - 2511 - FABRICACION DE PRODUCTOS METALICOS PARA USO ESTRUCTURAL"",""penalidades_acum"":0,""sanciones_tcp_acum"":0,""estado"":""ACTIVO"",""condicion"":""HABIDO""}","{""ruc"":""20571395364"",""antiguedad_empresa"":12.0,""cmc"":100000.0,""cantidad_rubros"":3.0,""actividad_principal"":""Principal - 4100 - CONSTRUCCIÓN DE EDIFICIOS"",""penalidades_acum"":0,""sanciones_tcp_acum"":0,""estado"":""ACTIVO"",""condicion"":""HABIDO""}",,,,,,,
1255,AYACUCHO,"19,897,870.79",29/09/2021,"{""ruc"":""20476423539"",""antiguedad_empresa"":21.0,""cmc"":15386548.23,""cantidad_rubros"":1.0,""actividad_principal"":""Principal - 4390 - OTRAS ACTIVIDADES ESPECIALIZADAS DE CONSTRUCCIÓN"",""penalidades_acum"":0,""sanciones_tcp_acum"":0,""estado"":""ACTIVO"",""condicion"":""HABIDO""}","{""ruc"":""20218090550"",""antiguedad_empresa"":27.0,""cmc"":100000.0,""cantidad_rubros"":1.0,""actividad_principal"":""Principal - 4100 - CONSTRUCCIÓN DE EDIFICIOS"",""penalidades_acum"":0,""sanciones_tcp_acum"":0,""estado"":""ACTIVO"",""condicion"":""HABIDO""}",,,,,,,
1256,AYACUCHO,"3,728,902.89",06/08/2021,"{""ruc"":""20407412592"",""antiguedad_empresa"":22.0,""cmc"":122807577.22,""cantidad_rubros"":3.0,""actividad_principal"":""Principal - 4100 - CONSTRUCCIÓN DE EDIFICIOS"",""penalidades_acum"":0,""sanciones_tcp_acum"":0,""estado"":""ACTIVO"",""condicion"":""HABIDO""}","{""ruc"":""20494485118"",""antiguedad_empresa"":13.0,""cmc"":500000.0,""cantidad_rubros"":3.0,""actividad_principal"":""Principal - 4210 - CONSTRUCCIÓN DE CARRETERAS Y VÍAS DE FERROCARRIL"",""penalidades_acum"":0,""sanciones_tcp_acum"":0,""estado"":""ACTIVO"",""condicion"":""HABIDO""}",,,,,,,
1257,AYACUCHO,"187,426,981.17",19/10/2022,"{""ruc"":""20601143021"",""antiguedad_empresa"":3.0,""cmc"":797133118.85,""cantidad_rubros"":3.0,""actividad_principal"":""Principal - 4210 - CONSTRUCCIÓN DE CARRETERAS Y VÍAS DE FERROCARRIL"",""penalidades_acum"":1,""sanciones_tcp_acum"":1,""estado"":""ACTIVO"",""condicion"":""HABIDO""}","{""ruc"":""20517562158"",""antiguedad_empresa"":15.0,""cmc"":1417200052.37,""cantidad_rubros"":3.0,""actividad_principal"":""Principal - 4100 - CONSTRUCCIÓN DE EDIFICIOS"",""penalidades_acum"":2,""sanciones_tcp_acum"":4,""estado"":""ACTIVO"",""condicion"":""HABIDO""}",,,,,,,
1258,AYACUCHO,"13,166,925.15",18/08/2022,"{""ruc"":""20494397090"",""antiguedad_empresa"":15.0,""cmc"":213985145.94,""cantidad_rubros"":3.0,""actividad_principal"":""Principal - 4290 - CONSTRUCCIÓN DE OTRAS OBRAS DE INGENIERÍA CIVIL"",""penalidades_acum"":0,""sanciones_tcp_acum"":0,""estado"":""ACTIVO"",""condicion"":""HABIDO""}","{""ruc"":""20534604701"",""antiguedad_empresa"":10.0,""cmc"":21222252.98,""cantidad_rubros"":3.0,""actividad_principal"":""Principal - 4290 - CONSTRUCCIÓN DE OTRAS OBRAS DE INGENIERÍA CIVIL"",""penalidades_acum"":0,""sanciones_tcp_acum"":1,""estado"":""ACTIVO"",""condicion"":""HABIDO""}",,,,,,,
1259,AYACUCHO,"2,160,652.32",22/07/2022,"{""ruc"":""20574750301"",""antiguedad_empresa"":8.0,""cmc"":37672764.7,""cantidad_rubros"":3.0,""actividad_principal"":""Principal - 4663 - VENTA AL POR MAYOR DE MATERIALES DE CONSTRUCCIÓN, ARTÍCULOS DE FERRETERÍA Y EQUIPO Y MATERIALES DE FONTANERÍA Y CALEFACCIÓN"",""penalidades_acum"":0,""sanciones_tcp_acum"":0,""estado"":""ACTIVO"",""condicion"":""HABIDO""}",,,,,,,,
1260,AYACUCHO,"16,953,392.29",10/06/2022,"{""ruc"":""20534714981"",""antiguedad_empresa"":9.0,""cmc"":17224937.89,""cantidad_rubros"":3.0,""actividad_principal"":""Principal - 4290 - CONSTRUCCIÓN DE OTRAS OBRAS DE INGENIERÍA CIVIL"",""penalidades_acum"":0,""sanciones_tcp_acum"":0,""estado"":""ACTIVO"",""condicion"":""HABIDO""}","{""ruc"":""20102008066"",""antiguedad_empresa"":48.0,""cmc"":100000.0,""cantidad_rubros"":2.0,""actividad_principal"":""Principal - 4100 - CONSTRUCCIÓN DE EDIFICIOS"",""penalidades_acum"":0,""sanciones_tcp_acum"":0,""estado"":""BAJA DE OFICIO"",""condicion"":""HABIDO""}",,,,,,,
1261,AYACUCHO,"12,669,710.01",09/06/2022,"{""ruc"":""20489517320"",""antiguedad_empresa"":15.0,""cmc"":136041246.7,""cantidad_rubros"":3.0,""actividad_principal"":""Principal - 4100 - CONSTRUCCIÓN DE EDIFICIOS"",""penalidades_acum"":0,""sanciones_tcp_acum"":0,""estado"":""BAJA DE OFICIO"",""condicion"":""NO HABIDO""}","{""ruc"":""20527026238"",""antiguedad_empresa"":20.0,""cmc"":181029783.26,""cantidad_rubros"":3.0,""actividad_principal"":""Principal - 4100 - CONSTRUCCIÓN DE EDIFICIOS"",""penalidades_acum"":0,""sanciones_tcp_acum"":0,""estado"":""ACTIVO"",""condicion"":""HABIDO""}",,,,,,,
1262,AYACUCHO,"2,543,231.19",22/04/2022,"{""ruc"":""20489536979"",""antiguedad_empresa"":15.0,""cmc"":99122010.24,""cantidad_rubros"":3.0,""actividad_principal"":""Principal - 7110 - ACTIVIDADES DE ARQUITECTURA E INGENIERÍA Y ACTIVIDADES CONEXAS DE CONSULTORÍA TÉCNICA"",""penalidades_acum"":2,""sanciones_tcp_acum"":0,""estado"":""ACTIVO"",""condicion"":""HABIDO""}","{""ruc"":""20528917951"",""antiguedad_empresa"":13.0,""cmc"":100000.0,""cantidad_rubros"":3.0,""actividad_principal"":""Principal - 4100 - CONSTRUCCIÓN DE EDIFICIOS"",""penalidades_acum"":0,""sanciones_tcp_acum"":0,""estado"":""ACTIVO"",""condicion"":""HABIDO""}",,,,,,,
1263,AYACUCHO,"7,056,481.73",19/04/2022,"{""ruc"":""20517623394"",""antiguedad_empresa"":15.0,""cmc"":100000.0,""cantidad_rubros"":2.0,""actividad_principal"":""Principal - 7730 - ALQUILER Y ARRENDAMIENTO DE OTROS TIPOS DE MAQUINARIA, EQUIPO Y BIENES TANGIBLES"",""penalidades_acum"":0,""sanciones_tcp_acum"":3,""estado"":""ACTIVO"",""condicion"":""HABIDO""}","{""ruc"":""20494226287"",""antiguedad_empresa"":15.0,""cmc"":100000.0,""cantidad_rubros"":3.0,""actividad_principal"":""Principal - 4100 - CONSTRUCCIÓN DE EDIFICIOS"",""penalidades_acum"":0,""sanciones_tcp_acum"":0,""estado"":""ACTIVO"",""condicion"":""HABIDO""}",,,,,,,
1264,AYACUCHO,"8,364,581.27",13/04/2022,"{""ruc"":""20144691173"",""antiguedad_empresa"":29.0,""cmc"":60000000.0,""cantidad_rubros"":2.0,""actividad_principal"":""Principal - 4390 - OTRAS ACTIVIDADES ESPECIALIZADAS DE CONSTRUCCIÓN"",""penalidades_acum"":0,""sanciones_tcp_acum"":0,""estado"":""ACTIVO"",""condicion"":""HABIDO""}","{""ruc"":""20600239598"",""antiguedad_empresa"":7.0,""cmc"":100000.0,""cantidad_rubros"":3.0,""actividad_principal"":""Principal - 4100 - CONSTRUCCIÓN DE EDIFICIOS"",""penalidades_acum"":0,""sanciones_tcp_acum"":1,""estado"":""ACTIVO"",""condicion"":""HABIDO""}",,,,,,,
1265,AYACUCHO,"2,160,652.32",12/04/2022,"{""ruc"":""20574605980"",""antiguedad_empresa"":9.0,""cmc"":100000.0,""cantidad_rubros"":3.0,""actividad_principal"":""Principal - 7730 - ALQUILER Y ARRENDAMIENTO DE OTROS TIPOS DE MAQUINARIA, EQUIPO Y BIENES TANGIBLES"",""penalidades_acum"":0,""sanciones_tcp_acum"":0,""estado"":""ACTIVO"",""condicion"":""HABIDO""}","{""ruc"":""20534576146"",""antiguedad_empresa"":10.0,""cmc"":1015976629.3,""cantidad_rubros"":3.0,""actividad_principal"":""Principal - 4210 - CONSTRUCCIÓN DE CARRETERAS Y VÍAS DE FERROCARRIL"",""penalidades_acum"":0,""sanciones_tcp_acum"":0,""estado"":""ACTIVO"",""condicion"":""HABIDO""}",,,,,,,
1269,AYACUCHO,"380,839,457.95",04/10/2024,"{""ruc"":""20537169207"",""antiguedad_empresa"":14.0,""cmc"":100000.0,""cantidad_rubros"":2.0,""actividad_principal"":""Principal - 4390 - OTRAS ACTIVIDADES ESPECIALIZADAS DE CONSTRUCCIÓN"",""penalidades_acum"":1,""sanciones_tcp_acum"":4,""estado"":""ACTIVO"",""condicion"":""HABIDO""}","{""ruc"":""20602842330"",""antiguedad_empresa"":6.0,""cmc"":100000.0,""cantidad_rubros"":2.0,""actividad_principal"":""Principal - 4210 - CONSTRUCCIÓN DE CARRETERAS Y VÍAS DE FERROCARRIL"",""penalidades_acum"":0,""sanciones_tcp_acum"":3,""estado"":""ACTIVO"",""condicion"":""HABIDO""}","{""ruc"":""20536612972"",""antiguedad_empresa"":13.0,""cmc"":819662336.32,""cantidad_rubros"":2.0,""actividad_principal"":""Principal - 4100 - CONSTRUCCIÓN DE EDIFICIOS"",""penalidades_acum"":0,""sanciones_tcp_acum"":1,""estado"":""ACTIVO"",""condicion"":""HABIDO""}",,,,,,
1483,CAJAMARCA,"23,232,710.00",21/02/2022,"{""ruc"":""20495865747"",""antiguedad_empresa"":15.0,""cmc"":156949011.83,""cantidad_rubros"":3.0,""actividad_principal"":""Principal - 4100 - CONSTRUCCIÓN DE EDIFICIOS"",""penalidades_acum"":0,""sanciones_tcp_acum"":0,""estado"":""ACTIVO"",""condicion"":""HABIDO""}","{""ruc"":""20600044207"",""antiguedad_empresa"":7.0,""cmc"":100000.0,""cantidad_rubros"":2.0,""actividad_principal"":""Principal - 4923 - TRANSPORTE DE CARGA POR CARRETERA"",""penalidades_acum"":0,""sanciones_tcp_acum"":3,""estado"":""ACTIVO"",""condicion"":""HABIDO""}",,,,,,,
1484,CAJAMARCA,"5,282,234.59",03/11/2021,"{""ruc"":""20496021038"",""antiguedad_empresa"":13.0,""cmc"":55319830.33,""cantidad_rubros"":2.0,""actividad_principal"":""Principal - 4290 - CONSTRUCCIÓN DE OTRAS OBRAS DE INGENIERÍA CIVIL"",""penalidades_acum"":0,""sanciones_tcp_acum"":0,""estado"":""ACTIVO"",""condicion"":""HABIDO""}","{""ruc"":""20495865747"",""antiguedad_empresa"":14.0,""cmc"":156949011.83,""cantidad_rubros"":3.0,""actividad_principal"":""Principal - 4100 - CONSTRUCCIÓN DE EDIFICIOS"",""penalidades_acum"":0,""sanciones_tcp_acum"":0,""estado"":""ACTIVO"",""condicion"":""HABIDO""}",,,,,,,
1485,CAJAMARCA,"3,416,460.79",03/11/2021,"{""ruc"":""20495865747"",""antiguedad_empresa"":14.0,""cmc"":156949011.83,""cantidad_rubros"":3.0,""actividad_principal"":""Principal - 4100 - CONSTRUCCIÓN DE EDIFICIOS"",""penalidades_acum"":0,""sanciones_tcp_acum"":0,""estado"":""ACTIVO"",""condicion"":""HABIDO""}","{""ruc"":""20601473454"",""antiguedad_empresa"":5.0,""cmc"":13161836.2,""cantidad_rubros"":3.0,""actividad_principal"":""Principal - 4923 - TRANSPORTE DE CARGA POR CARRETERA"",""penalidades_acum"":0,""sanciones_tcp_acum"":0,""estado"":""ACTIVO"",""condicion"":""HABIDO""}",,,,,,,
1486,CAJAMARCA,"9,167,870.71",30/06/2021,"{""ruc"":""20529467606"",""antiguedad_empresa"":9.0,""cmc"":100000.0,""cantidad_rubros"":2.0,""actividad_principal"":""Principal - 4100 - CONSTRUCCIÓN DE EDIFICIOS"",""penalidades_acum"":0,""sanciones_tcp_acum"":0,""estado"":""ACTIVO"",""condicion"":""HABIDO""}","{""ruc"":""20496159811"",""antiguedad_empresa"":12.0,""cmc"":82525702.98,""cantidad_rubros"":3.0,""actividad_principal"":""Principal - 4100 - CONSTRUCCIÓN DE EDIFICIOS"",""penalidades_acum"":0,""sanciones_tcp_acum"":0,""estado"":""ACTIVO"",""condicion"":""HABIDO""}",,,,,,,
1487,CAJAMARCA,"13,312,332.24",12/05/2021,"{""ruc"":""20496159811"",""antiguedad_empresa"":12.0,""cmc"":82525702.98,""cantidad_rubros"":3.0,""actividad_principal"":""Principal - 4100 - CONSTRUCCIÓN DE EDIFICIOS"",""penalidades_acum"":0,""sanciones_tcp_acum"":0,""estado"":""ACTIVO"",""condicion"":""HABIDO""}","{""ruc"":""20529467606"",""antiguedad_empresa"":9.0,""cmc"":100000.0,""cantidad_rubros"":2.0,""actividad_principal"":""Principal - 4100 - CONSTRUCCIÓN DE EDIFICIOS"",""penalidades_acum"":0,""sanciones_tcp_acum"":0,""estado"":""ACTIVO"",""condicion"":""HABIDO""}",,,,,,,
1488,CAJAMARCA,"5,844,271.84",17/02/2021,"{""ruc"":""20481813841"",""antiguedad_empresa"":13.0,""cmc"":100000.0,""cantidad_rubros"":3.0,""actividad_principal"":""Principal - 4220 - CONSTRUCCIÓN DE PROYECTOS DE SERVICIO PÚBLICO"",""penalidades_acum"":1,""sanciones_tcp_acum"":1,""estado"":""BAJA DE OFICIO"",""condicion"":""HABIDO""}",,,,,,,,
1489,CAJAMARCA,"5,264,145.35",10/02/2021,"{""ruc"":""20453627951"",""antiguedad_empresa"":21.0,""cmc"":500000.0,""cantidad_rubros"":1.0,""actividad_principal"":""Principal - 4100 - CONSTRUCCIÓN DE EDIFICIOS"",""penalidades_acum"":0,""sanciones_tcp_acum"":2,""estado"":""ACTIVO"",""condicion"":""HABIDO""}","{""ruc"":""20495656234"",""antiguedad_empresa"":16.0,""cmc"":208641312.38,""cantidad_rubros"":3.0,""actividad_principal"":""Principal - 4100 - CONSTRUCCIÓN DE EDIFICIOS"",""penalidades_acum"":0,""sanciones_tcp_acum"":2,""estado"":""ACTIVO"",""condicion"":""HABIDO""}",,,,,,,
1490,CAJAMARCA,"5,469,568.23",09/08/2022,"{""ruc"":""20529698918"",""antiguedad_empresa"":9.0,""cmc"":100000.0,""cantidad_rubros"":3.0,""actividad_principal"":""Principal - 4100 - CONSTRUCCIÓN DE EDIFICIOS"",""penalidades_acum"":0,""sanciones_tcp_acum"":1,""estado"":""ACTIVO"",""condicion"":""HABIDO""}","{""ruc"":""20495999352"",""antiguedad_empresa"":3.0,""cmc"":100000.0,""cantidad_rubros"":3.0,""actividad_principal"":""Principal - 4100 - CONSTRUCCIÓN DE EDIFICIOS"",""penalidades_acum"":0,""sanciones_tcp_acum"":1,""estado"":""ACTIVO"",""condicion"":""HABIDO""}",,,,,,,
1491,CAJAMARCA,"2,662,324.66",04/08/2022,"{""ruc"":""20554659242"",""antiguedad_empresa"":8.0,""cmc"":100000.0,""cantidad_rubros"":3.0,""actividad_principal"":""Principal - 4390 - OTRAS ACTIVIDADES ESPECIALIZADAS DE CONSTRUCCIÓN"",""penalidades_acum"":0,""sanciones_tcp_acum"":0,""estado"":""BAJA DE OFICIO"",""condicion"":""NO HABIDO""}","{""ruc"":""20535757811"",""antiguedad_empresa"":12.0,""cmc"":10101143.0,""cantidad_rubros"":3.0,""actividad_principal"":""Principal - 4210 - CONSTRUCCIÓN DE CARRETERAS Y VÍAS DE FERROCARRIL"",""penalidades_acum"":0,""sanciones_tcp_acum"":0,""estado"":""ACTIVO"",""condicion"":""HABIDO""}",,,,,,,
1492,CAJAMARCA,"522,049.82",26/07/2022,"{""ruc"":""20495999352"",""antiguedad_empresa"":3.0,""cmc"":100000.0,""cantidad_rubros"":3.0,""actividad_principal"":""Principal - 4100 - CONSTRUCCIÓN DE EDIFICIOS"",""penalidades_acum"":0,""sanciones_tcp_acum"":1,""estado"":""ACTIVO"",""condicion"":""HABIDO""}",,,,,,,,
1493,CAJAMARCA,"1,851,917.08",15/06/2022,"{""ruc"":""20495751229"",""antiguedad_empresa"":14.0,""cmc"":500000.0,""cantidad_rubros"":2.0,""actividad_principal"":""Principal - 4100 - CONSTRUCCIÓN DE EDIFICIOS"",""penalidades_acum"":0,""sanciones_tcp_acum"":2,""estado"":""ACTIVO"",""condicion"":""HABIDO""}",,,,,,,,
1494,CAJAMARCA,"4,527,100.96",05/05/2022,"{""ruc"":""20355337619"",""antiguedad_empresa"":25.0,""cmc"":81748708.08,""cantidad_rubros"":3.0,""actividad_principal"":""Principal - 4100 - CONSTRUCCIÓN DE EDIFICIOS"",""penalidades_acum"":0,""sanciones_tcp_acum"":0,""estado"":""ACTIVO"",""condicion"":""HABIDO""}","{""ruc"":""20560107006"",""antiguedad_empresa"":8.0,""cmc"":100000.0,""cantidad_rubros"":2.0,""actividad_principal"":""Principal - 4390 - OTRAS ACTIVIDADES ESPECIALIZADAS DE CONSTRUCCIÓN"",""penalidades_acum"":0,""sanciones_tcp_acum"":1,""estado"":""ACTIVO"",""condicion"":""HABIDO""}",,,,,,,
1495,CAJAMARCA,"4,424,452.74",07/04/2022,"{""ruc"":""20601525594"",""antiguedad_empresa"":6.0,""cmc"":100000.0,""cantidad_rubros"":3.0,""actividad_principal"":""Principal - 7730 - ALQUILER Y ARRENDAMIENTO DE OTROS TIPOS DE MAQUINARIA, EQUIPO Y BIENES TANGIBLES"",""penalidades_acum"":0,""sanciones_tcp_acum"":0,""estado"":""ACTIVO"",""condicion"":""HABIDO""}","{""ruc"":""20453649840"",""antiguedad_empresa"":21.0,""cmc"":205040003.77,""cantidad_rubros"":3.0,""actividad_principal"":""Principal - 4210 - CONSTRUCCIÓN DE CARRETERAS Y VÍAS DE FERROCARRIL"",""penalidades_acum"":0,""sanciones_tcp_acum"":2,""estado"":""ACTIVO"",""condicion"":""HABIDO""}",,,,,,,
1496,CAJAMARCA,"2,768,559.75",14/03/2022,"{""ruc"":""20529626330"",""antiguedad_empresa"":10.0,""cmc"":100000.0,""cantidad_rubros"":2.0,""actividad_principal"":""Principal - 4100 - CONSTRUCCIÓN DE EDIFICIOS"",""penalidades_acum"":0,""sanciones_tcp_acum"":0,""estado"":""BAJA DE OFICIO"",""condicion"":""HABIDO""}","{""ruc"":""20439586665"",""antiguedad_empresa"":22.0,""cmc"":100000.0,""cantidad_rubros"":3.0,""actividad_principal"":""Principal - 4100 - CONSTRUCCIÓN DE EDIFICIOS"",""penalidades_acum"":0,""sanciones_tcp_acum"":0,""estado"":""ACTIVO"",""condicion"":""HABIDO""}",,,,,,,
1497,CAJAMARCA,"1,943,652.51",16/01/2024,"{""ruc"":""20495751229"",""antiguedad_empresa"":16.0,""cmc"":500000.0,""cantidad_rubros"":2.0,""actividad_principal"":""Principal - 4100 - CONSTRUCCIÓN DE EDIFICIOS"",""penalidades_acum"":0,""sanciones_tcp_acum"":2,""estado"":""ACTIVO"",""condicion"":""HABIDO""}","{""ruc"":""20610241191"",""antiguedad_empresa"":2.0,""cmc"":5457095.62,""cantidad_rubros"":3.0,""actividad_principal"":""Principal - 4100 - CONSTRUCCIÓN DE EDIFICIOS"",""penalidades_acum"":0,""sanciones_tcp_acum"":0,""estado"":""ACTIVO"",""condicion"":""HABIDO""}",,,,,,,
1506,CAJAMARCA,"4,877,273.54",11/12/2024,"{""ruc"":""20609906066"",""antiguedad_empresa"":2.0,""cmc"":10970613.88,""cantidad_rubros"":3.0,""actividad_principal"":""Principal - 7110 - ACTIVIDADES DE ARQUITECTURA E INGENIERÍA Y ACTIVIDADES CONEXAS DE CONSULTORÍA TÉCNICA"",""penalidades_acum"":0,""sanciones_tcp_acum"":0,""estado"":""ACTIVO"",""condicion"":""HABIDO""}","{""ruc"":""20119756821"",""antiguedad_empresa"":46.0,""cmc"":450000.0,""cantidad_rubros"":2.0,""actividad_principal"":""Principal - 4210 - CONSTRUCCIÓN DE CARRETERAS Y VÍAS DE FERROCARRIL"",""penalidades_acum"":0,""sanciones_tcp_acum"":0,""estado"":""ACTIVO"",""condicion"":""HABIDO""}",,,,,,,
1507,CAJAMARCA,"1,408,789.78",15/11/2024,"{""ruc"":""20480188404"",""antiguedad_empresa"":17.0,""cmc"":54400790.36,""cantidad_rubros"":3.0,""actividad_principal"":""Principal - 4100 - CONSTRUCCIÓN DE EDIFICIOS"",""penalidades_acum"":0,""sanciones_tcp_acum"":0,""estado"":""ACTIVO"",""condicion"":""HABIDO""}",,,,,,,,
1508,CAJAMARCA,"6,764,290.45",30/10/2024,"{""ruc"":""20451464567"",""antiguedad_empresa"":13.0,""cmc"":108897825.49,""cantidad_rubros"":3.0,""actividad_principal"":""Principal - 4290 - CONSTRUCCIÓN DE OTRAS OBRAS DE INGENIERÍA CIVIL"",""penalidades_acum"":0,""sanciones_tcp_acum"":0,""estado"":""ACTIVO"",""condicion"":""HABIDO""}","{""ruc"":""20368833089"",""antiguedad_empresa"":null,""cmc"":500000.0,""cantidad_rubros"":1.0,""actividad_principal"":""Principal - 4100 - CONSTRUCCIÓN DE EDIFICIOS"",""penalidades_acum"":0,""sanciones_tcp_acum"":0,""estado"":""ACTIVO"",""condicion"":""HABIDO""}",,,,,,,
1509,CAJAMARCA,"4,716,478.27",24/10/2024,"{""ruc"":""20570740866"",""antiguedad_empresa"":10.0,""cmc"":100000.0,""cantidad_rubros"":1.0,""actividad_principal"":""Principal - 4390 - OTRAS ACTIVIDADES ESPECIALIZADAS DE CONSTRUCCIÓN"",""penalidades_acum"":0,""sanciones_tcp_acum"":0,""estado"":""BAJA DE OFICIO"",""condicion"":""HABIDO""}","{""ruc"":""20600798937"",""antiguedad_empresa"":9.0,""cmc"":6139353.32,""cantidad_rubros"":3.0,""actividad_principal"":""Principal - 4100 - CONSTRUCCIÓN DE EDIFICIOS"",""penalidades_acum"":0,""sanciones_tcp_acum"":0,""estado"":""ACTIVO"",""condicion"":""HABIDO""}",,,,,,,
1510,CAJAMARCA,"31,981,270.28",11/10/2024,"{""ruc"":""20491552981"",""antiguedad_empresa"":15.0,""cmc"":191693239.0,""cantidad_rubros"":3.0,""actividad_principal"":""Principal - 4290 - CONSTRUCCIÓN DE OTRAS OBRAS DE INGENIERÍA CIVIL"",""penalidades_acum"":0,""sanciones_tcp_acum"":0,""estado"":""ACTIVO"",""condicion"":""HABIDO""}","{""ruc"":""20570698304"",""antiguedad_empresa"":5.0,""cmc"":42729554.8,""cantidad_rubros"":3.0,""actividad_principal"":""Principal - 4210 - CONSTRUCCIÓN DE CARRETERAS Y VÍAS DE FERROCARRIL"",""penalidades_acum"":0,""sanciones_tcp_acum"":0,""estado"":""ACTIVO"",""condicion"":""HABIDO""}",,,,,,,
1511,CAJAMARCA,"27,364,314.86",04/10/2024,"{""ruc"":""20491552981"",""antiguedad_empresa"":15.0,""cmc"":191693239.0,""cantidad_rubros"":3.0,""actividad_principal"":""Principal - 4290 - CONSTRUCCIÓN DE OTRAS OBRAS DE INGENIERÍA CIVIL"",""penalidades_acum"":0,""sanciones_tcp_acum"":0,""estado"":""ACTIVO"",""condicion"":""HABIDO""}","{""ruc"":""20570698304"",""antiguedad_empresa"":5.0,""cmc"":42729554.8,""cantidad_rubros"":3.0,""actividad_principal"":""Principal - 4210 - CONSTRUCCIÓN DE CARRETERAS Y VÍAS DE FERROCARRIL"",""penalidades_acum"":0,""sanciones_tcp_acum"":0,""estado"":""ACTIVO"",""condicion"":""HABIDO""}",,,,,,,
1512,CAJAMARCA,"9,500,000.00",10/09/2024,"{""ruc"":""20570709861"",""antiguedad_empresa"":10.0,""cmc"":23756016.12,""cantidad_rubros"":3.0,""actividad_principal"":""Principal - 4100 - CONSTRUCCIÓN DE EDIFICIOS"",""penalidades_acum"":0,""sanciones_tcp_acum"":0,""estado"":""ACTIVO"",""condicion"":""HABIDO""}","{""ruc"":""20570690079"",""antiguedad_empresa"":10.0,""cmc"":59232198.02,""cantidad_rubros"":3.0,""actividad_principal"":""Principal - 4390 - OTRAS ACTIVIDADES ESPECIALIZADAS DE CONSTRUCCIÓN"",""penalidades_acum"":0,""sanciones_tcp_acum"":0,""estado"":""ACTIVO"",""condicion"":""HABIDO""}",,,,,,,
1513,CAJAMARCA,"28,709,670.64",25/04/2024,"{""ruc"":""20534166240"",""antiguedad_empresa"":5.0,""cmc"":37096894.14,""cantidad_rubros"":3.0,""actividad_principal"":""Principal - 4210 - CONSTRUCCIÓN DE CARRETERAS Y VÍAS DE FERROCARRIL"",""penalidades_acum"":0,""sanciones_tcp_acum"":0,""estado"":""ACTIVO"",""condicion"":""HABIDO""}","{""ruc"":""20570646681"",""antiguedad_empresa"":10.0,""cmc"":500000.0,""cantidad_rubros"":3.0,""actividad_principal"":""Principal - 4100 - CONSTRUCCIÓN DE EDIFICIOS"",""penalidades_acum"":0,""sanciones_tcp_acum"":0,""estado"":""ACTIVO"",""condicion"":""HABIDO""}",,,,,,,
1781,CALLAO,"29,668,033.02",18/01/2022,"{""ruc"":""20600655095"",""antiguedad_empresa"":3.0,""cmc"":100000.0,""cantidad_rubros"":2.0,""actividad_principal"":""Principal - 4100 - CONSTRUCCIÓN DE EDIFICIOS"",""penalidades_acum"":0,""sanciones_tcp_acum"":0,""estado"":""BAJA DE OFICIO"",""condicion"":""NO HABIDO""}","{""ruc"":""20603613474"",""antiguedad_empresa"":3.0,""cmc"":400000.0,""cantidad_rubros"":3.0,""actividad_principal"":""Principal - 4100 - CONSTRUCCIÓN DE EDIFICIOS"",""penalidades_acum"":0,""sanciones_tcp_acum"":1,""estado"":""ACTIVO"",""condicion"":""HABIDO""}",,,,,,,
1782,CALLAO,"410,877.69",28/12/2021,"{""ruc"":""20489665604"",""antiguedad_empresa"":13.0,""cmc"":13412170.14,""cantidad_rubros"":3.0,""actividad_principal"":""Principal - 4390 - OTRAS ACTIVIDADES ESPECIALIZADAS DE CONSTRUCCIÓN"",""penalidades_acum"":0,""sanciones_tcp_acum"":0,""estado"":""ACTIVO"",""condicion"":""HABIDO""}","{""ruc"":""20489539137"",""antiguedad_empresa"":10.0,""cmc"":100000.0,""cantidad_rubros"":3.0,""actividad_principal"":""Principal - 4100 - CONSTRUCCIÓN DE EDIFICIOS"",""penalidades_acum"":0,""sanciones_tcp_acum"":0,""estado"":""ACTIVO"",""condicion"":""HABIDO""}",,,,,,,
1783,CALLAO,"442,697.85",13/12/2021,"{""ruc"":""20534004185"",""antiguedad_empresa"":14.0,""cmc"":20819743.74,""cantidad_rubros"":3.0,""actividad_principal"":""Principal - 4100 - CONSTRUCCIÓN DE EDIFICIOS"",""penalidades_acum"":0,""sanciones_tcp_acum"":0,""estado"":""ACTIVO"",""condicion"":""HABIDO""}",,,,,,,,
1784,CALLAO,"116,308,466.02",07/12/2021,"{""ruc"":""20296637697"",""antiguedad_empresa"":23.0,""cmc"":100000.0,""cantidad_rubros"":3.0,""actividad_principal"":""Principal - 4923 - TRANSPORTE DE CARGA POR CARRETERA"",""penalidades_acum"":0,""sanciones_tcp_acum"":1,""estado"":""ACTIVO"",""condicion"":""HABIDO""}","{""ruc"":""20602979173"",""antiguedad_empresa"":3.0,""cmc"":400000.0,""cantidad_rubros"":2.0,""actividad_principal"":""Principal - 4100 - CONSTRUCCIÓN DE EDIFICIOS"",""penalidades_acum"":0,""sanciones_tcp_acum"":0,""estado"":""ACTIVO"",""condicion"":""HABIDO""}",,,,,,,
1785,CALLAO,"1,292,785.59",19/10/2021,"{""ruc"":""20543060918"",""antiguedad_empresa"":10.0,""cmc"":100000.0,""cantidad_rubros"":3.0,""actividad_principal"":""Principal - 4330 - TERMINACIÓN Y ACABADO DE EDIFICIOS"",""penalidades_acum"":0,""sanciones_tcp_acum"":3,""estado"":""ACTIVO"",""condicion"":""HABIDO""}",,,,,,,,
1786,CALLAO,"410,708.77",12/10/2021,"{""ruc"":""20507503889"",""antiguedad_empresa"":9.0,""cmc"":100000.0,""cantidad_rubros"":3.0,""actividad_principal"":""Principal - 4290 - CONSTRUCCIÓN DE OTRAS OBRAS DE INGENIERÍA CIVIL"",""penalidades_acum"":0,""sanciones_tcp_acum"":1,""estado"":""ACTIVO"",""condicion"":""HABIDO""}",,,,,,,,
1787,CALLAO,"1,769,925.29",12/10/2021,"{""ruc"":""20546240852"",""antiguedad_empresa"":10.0,""cmc"":16494491.7,""cantidad_rubros"":3.0,""actividad_principal"":""Principal - 4210 - CONSTRUCCIÓN DE CARRETERAS Y VÍAS DE FERROCARRIL"",""penalidades_acum"":0,""sanciones_tcp_acum"":0,""estado"":""ACTIVO"",""condicion"":""HABIDO""}",,,,,,,,
1788,CALLAO,"737,064.89",30/09/2021,"{""ruc"":""20543060918"",""antiguedad_empresa"":10.0,""cmc"":100000.0,""cantidad_rubros"":3.0,""actividad_principal"":""Principal - 4330 - TERMINACIÓN Y ACABADO DE EDIFICIOS"",""penalidades_acum"":0,""sanciones_tcp_acum"":3,""estado"":""ACTIVO"",""condicion"":""HABIDO""}",,,,,,,,
1789,CALLAO,"1,407,148.99",06/09/2021,"{""ruc"":""20601500648"",""antiguedad_empresa"":5.0,""cmc"":5577471.97,""cantidad_rubros"":2.0,""actividad_principal"":""Principal - 4100 - CONSTRUCCIÓN DE EDIFICIOS"",""penalidades_acum"":0,""sanciones_tcp_acum"":0,""estado"":""ACTIVO"",""condicion"":""HABIDO""}","{""ruc"":""20521401703"",""antiguedad_empresa"":12.0,""cmc"":100000.0,""cantidad_rubros"":2.0,""actividad_principal"":""Principal - 4100 - CONSTRUCCIÓN DE EDIFICIOS"",""penalidades_acum"":0,""sanciones_tcp_acum"":1,""estado"":""ACTIVO"",""condicion"":""HABIDO""}",,,,,,,
1790,CALLAO,"1,774,586.32",16/07/2021,"{""ruc"":""20493043073"",""antiguedad_empresa"":13.0,""cmc"":100527121.87,""cantidad_rubros"":3.0,""actividad_principal"":""Principal - 4100 - CONSTRUCCIÓN DE EDIFICIOS"",""penalidades_acum"":0,""sanciones_tcp_acum"":0,""estado"":""ACTIVO"",""condicion"":""HABIDO""}","{""ruc"":""20525089917"",""antiguedad_empresa"":11.0,""cmc"":11573594.67,""cantidad_rubros"":3.0,""actividad_principal"":""Principal - 4923 - TRANSPORTE DE CARGA POR CARRETERA"",""penalidades_acum"":0,""sanciones_tcp_acum"":0,""estado"":""ACTIVO"",""condicion"":""HABIDO""}",,,,,,,
1791,CALLAO,"101,198.66",11/06/2021,"{""ruc"":""20335343701"",""antiguedad_empresa"":25.0,""cmc"":100000.0,""cantidad_rubros"":3.0,""actividad_principal"":""Principal - 7110 - ACTIVIDADES DE ARQUITECTURA E INGENIERÍA Y ACTIVIDADES CONEXAS DE CONSULTORÍA TÉCNICA"",""penalidades_acum"":0,""sanciones_tcp_acum"":0,""estado"":""ACTIVO"",""condicion"":""HABIDO""}",,,,,,,,
1792,CALLAO,"1,142,090.68",26/05/2021,"{""ruc"":""20261295246"",""antiguedad_empresa"":26.0,""cmc"":400000.0,""cantidad_rubros"":3.0,""actividad_principal"":""Principal - 4100 - CONSTRUCCIÓN DE EDIFICIOS"",""penalidades_acum"":0,""sanciones_tcp_acum"":2,""estado"":""ACTIVO"",""condicion"":""HABIDO""}",,,,,,,,
1793,CALLAO,"1,475,659.75",21/05/2021,"{""ruc"":""20506003351"",""antiguedad_empresa"":18.0,""cmc"":2980477487.02,""cantidad_rubros"":3.0,""actividad_principal"":""Principal - 4100 - CONSTRUCCIÓN DE EDIFICIOS"",""penalidades_acum"":4,""sanciones_tcp_acum"":5,""estado"":""ACTIVO"",""condicion"":""HABIDO""}",,,,,,,,
1794,CALLAO,"134,696.30",09/04/2021,"{""ruc"":""20493043073"",""antiguedad_empresa"":13.0,""cmc"":100527121.87,""cantidad_rubros"":3.0,""actividad_principal"":""Principal - 4100 - CONSTRUCCIÓN DE EDIFICIOS"",""penalidades_acum"":0,""sanciones_tcp_acum"":0,""estado"":""ACTIVO"",""condicion"":""HABIDO""}",,,,,,,,
1795,CALLAO,"2,055,201.65",30/03/2021,"{""ruc"":""20513051833"",""antiguedad_empresa"":15.0,""cmc"":139684635.58,""cantidad_rubros"":3.0,""actividad_principal"":""Principal - 4100 - CONSTRUCCIÓN DE EDIFICIOS"",""penalidades_acum"":0,""sanciones_tcp_acum"":0,""estado"":""ACTIVO"",""condicion"":""HABIDO""}",,,,,,,,
1796,CALLAO,"1,475,659.75",10/03/2021,"{""ruc"":""20547896026"",""antiguedad_empresa"":9.0,""cmc"":10696836.34,""cantidad_rubros"":3.0,""actividad_principal"":""Principal - 4390 - OTRAS ACTIVIDADES ESPECIALIZADAS DE CONSTRUCCIÓN"",""penalidades_acum"":0,""sanciones_tcp_acum"":0,""estado"":""ACTIVO"",""condicion"":""HABIDO""}",,,,,,,,
1797,CALLAO,"2,140,278.37",16/12/2022,"{""ruc"":""20232650444"",""antiguedad_empresa"":27.0,""cmc"":100000.0,""cantidad_rubros"":3.0,""actividad_principal"":""Principal - 4100 - CONSTRUCCIÓN DE EDIFICIOS"",""penalidades_acum"":0,""sanciones_tcp_acum"":2,""estado"":""ACTIVO"",""condicion"":""HABIDO""}",,,,,,,,
1798,CALLAO,"1,150,000.00",11/11/2022,"{""ruc"":""20517623394"",""antiguedad_empresa"":15.0,""cmc"":100000.0,""cantidad_rubros"":2.0,""actividad_principal"":""Principal - 7730 - ALQUILER Y ARRENDAMIENTO DE OTROS TIPOS DE MAQUINARIA, EQUIPO Y BIENES TANGIBLES"",""penalidades_acum"":0,""sanciones_tcp_acum"":3,""estado"":""ACTIVO"",""condicion"":""HABIDO""}","{""ruc"":""20607284033"",""antiguedad_empresa"":1.0,""cmc"":300000.0,""cantidad_rubros"":3.0,""actividad_principal"":""Principal - 4100 - CONSTRUCCIÓN DE EDIFICIOS"",""penalidades_acum"":0,""sanciones_tcp_acum"":0,""estado"":""ACTIVO"",""condicion"":""HABIDO""}",,,,,,,
1799,CALLAO,"2,716,759.62",07/11/2022,"{""ruc"":""20478169559"",""antiguedad_empresa"":13.0,""cmc"":50800674.0,""cantidad_rubros"":1.0,""actividad_principal"":""Principal - 4390 - OTRAS ACTIVIDADES ESPECIALIZADAS DE CONSTRUCCIÓN"",""penalidades_acum"":0,""sanciones_tcp_acum"":0,""estado"":""ACTIVO"",""condicion"":""HABIDO""}",,,,,,,,
1800,CALLAO,"32,443,870.01",23/09/2022,"{""ruc"":""20486960401"",""antiguedad_empresa"":14.0,""cmc"":294813583.41,""cantidad_rubros"":3.0,""actividad_principal"":""Principal - 4923 - TRANSPORTE DE CARGA POR CARRETERA"",""penalidades_acum"":4,""sanciones_tcp_acum"":1,""estado"":""ACTIVO"",""condicion"":""HABIDO""}",,,,,,,,
1801,CALLAO,"383,562.99",22/09/2022,"{""ruc"":""20493043073"",""antiguedad_empresa"":14.0,""cmc"":100527121.87,""cantidad_rubros"":3.0,""actividad_principal"":""Principal - 4100 - CONSTRUCCIÓN DE EDIFICIOS"",""penalidades_acum"":0,""sanciones_tcp_acum"":0,""estado"":""ACTIVO"",""condicion"":""HABIDO""}",,,,,,,,
1802,CALLAO,"2,726,512.22",08/09/2022,"{""ruc"":""20553668027"",""antiguedad_empresa"":9.0,""cmc"":100000.0,""cantidad_rubros"":2.0,""actividad_principal"":""Principal - 7110 - ACTIVIDADES DE ARQUITECTURA E INGENIERÍA Y ACTIVIDADES CONEXAS DE CONSULTORÍA TÉCNICA"",""penalidades_acum"":0,""sanciones_tcp_acum"":1,""estado"":""ACTIVO"",""condicion"":""HABIDO""}","{""ruc"":""10232487149"",""antiguedad_empresa"":29.0,""cmc"":100000.0,""cantidad_rubros"":3.0,""actividad_principal"":""Principal - 7110 - ACTIVIDADES DE ARQUITECTURA E INGENIERÍA Y ACTIVIDADES CONEXAS DE CONSULTORÍA TÉCNICA"",""penalidades_acum"":0,""sanciones_tcp_acum"":1,""estado"":""ACTIVO"",""condicion"":""HABIDO""}",,,,,,,
1803,CALLAO,"10,962,760.69",28/06/2022,"{""ruc"":""20173126345"",""antiguedad_empresa"":31.0,""cmc"":500000.0,""cantidad_rubros"":2.0,""actividad_principal"":""Principal - 4390 - OTRAS ACTIVIDADES ESPECIALIZADAS DE CONSTRUCCIÓN"",""penalidades_acum"":0,""sanciones_tcp_acum"":2,""estado"":""ACTIVO"",""condicion"":""HABIDO""}",,,,,,,,
1804,CALLAO,"1,012,491.01",12/05/2022,"{""ruc"":""20379560742"",""antiguedad_empresa"":13.0,""cmc"":9710405.74,""cantidad_rubros"":2.0,""actividad_principal"":""Principal - 4100 - CONSTRUCCIÓN DE EDIFICIOS"",""penalidades_acum"":0,""sanciones_tcp_acum"":0,""estado"":""ACTIVO"",""condicion"":""HABIDO""}",,,,,,,,
1805,CALLAO,"421,547.38",16/03/2022,"{""ruc"":""10086203753"",""antiguedad_empresa"":20.0,""cmc"":100000.0,""cantidad_rubros"":3.0,""actividad_principal"":""Principal - 7110 - ACTIVIDADES DE ARQUITECTURA E INGENIERÍA Y ACTIVIDADES CONEXAS DE CONSULTORÍA TÉCNICA"",""penalidades_acum"":0,""sanciones_tcp_acum"":0,""estado"":""ACTIVO"",""condicion"":""HABIDO""}","{""ruc"":""20451738284"",""antiguedad_empresa"":3.0,""cmc"":1374544.03,""cantidad_rubros"":3.0,""actividad_principal"":""Principal - 4290 - CONSTRUCCIÓN DE OTRAS OBRAS DE INGENIERÍA CIVIL"",""penalidades_acum"":0,""sanciones_tcp_acum"":0,""estado"":""ACTIVO"",""condicion"":""HABIDO""}",,,,,,,
1806,CALLAO,"2,435,475.42",28/02/2022,"{""ruc"":""20478169559"",""antiguedad_empresa"":13.0,""cmc"":50800674.0,""cantidad_rubros"":1.0,""actividad_principal"":""Principal - 4390 - OTRAS ACTIVIDADES ESPECIALIZADAS DE CONSTRUCCIÓN"",""penalidades_acum"":0,""sanciones_tcp_acum"":0,""estado"":""ACTIVO"",""condicion"":""HABIDO""}","{""ruc"":""20493043073"",""antiguedad_empresa"":14.0,""cmc"":100527121.87,""cantidad_rubros"":3.0,""actividad_principal"":""Principal - 4100 - CONSTRUCCIÓN DE EDIFICIOS"",""penalidades_acum"":0,""sanciones_tcp_acum"":0,""estado"":""ACTIVO"",""condicion"":""HABIDO""}",,,,,,,
1807,CALLAO,"16,286,618.15",23/02/2022,"{""ruc"":""20508794968"",""antiguedad_empresa"":18.0,""cmc"":613335974.72,""cantidad_rubros"":2.0,""actividad_principal"":""Principal - 7110 - ACTIVIDADES DE ARQUITECTURA E INGENIERÍA Y ACTIVIDADES CONEXAS DE CONSULTORÍA TÉCNICA"",""penalidades_acum"":0,""sanciones_tcp_acum"":0,""estado"":""ACTIVO"",""condicion"":""HABIDO""}",,,,,,,,
1808,CALLAO,"11,890,891.81",27/01/2022,"{""ruc"":""20501581951"",""antiguedad_empresa"":21.0,""cmc"":100000.0,""cantidad_rubros"":3.0,""actividad_principal"":""Principal - 4100 - CONSTRUCCIÓN DE EDIFICIOS"",""penalidades_acum"":0,""sanciones_tcp_acum"":1,""estado"":""ACTIVO"",""condicion"":""NO HABIDO""}","{""ruc"":""20503953839"",""antiguedad_empresa"":20.0,""cmc"":400000.0,""cantidad_rubros"":3.0,""actividad_principal"":""Principal - 4652 - VENTA AL POR MAYOR DE EQUIPO, PARTES Y PIEZAS ELECTRÓNICOS Y DE TELECOMUNICACIONES"",""penalidades_acum"":0,""sanciones_tcp_acum"":3,""estado"":""ACTIVO"",""condicion"":""HABIDO""}","{""ruc"":""20553453845"",""antiguedad_empresa"":9.0,""cmc"":100000.0,""cantidad_rubros"":3.0,""actividad_principal"":""Principal - 4100 - CONSTRUCCIÓN DE EDIFICIOS"",""penalidades_acum"":3,""sanciones_tcp_acum"":1,""estado"":""ACTIVO"",""condicion"":""HABIDO""}",,,,,,
1809,CALLAO,"1,325,234.91",26/01/2022,"{""ruc"":""20547097069"",""antiguedad_empresa"":10.0,""cmc"":100000.0,""cantidad_rubros"":3.0,""actividad_principal"":""Principal - 4100 - CONSTRUCCIÓN DE EDIFICIOS"",""penalidades_acum"":1,""sanciones_tcp_acum"":1,""estado"":""ACTIVO"",""condicion"":""HABIDO""}",,,,,,,,
1820,CALLAO,"22,772,740.77",25/11/2024,"{""ruc"":""20545316561"",""antiguedad_empresa"":13.0,""cmc"":348011907.8,""cantidad_rubros"":3.0,""actividad_principal"":""Principal - 6190 - OTRAS ACTIVIDADES DE TELECOMUNICACIONES"",""penalidades_acum"":0,""sanciones_tcp_acum"":0,""estado"":""ACTIVO"",""condicion"":""HABIDO""}",,,,,,,,
1821,CALLAO,"15,653,003.99",24/09/2024,"{""ruc"":""20601460204"",""antiguedad_empresa"":8.0,""cmc"":15736852.51,""cantidad_rubros"":3.0,""actividad_principal"":""Principal - 0810 - EXTRACCIÓN DE PIEDRA, ARENA Y ARCILLA"",""penalidades_acum"":0,""sanciones_tcp_acum"":2,""estado"":""ACTIVO"",""condicion"":""HABIDO""}","{""ruc"":""20609132079"",""antiguedad_empresa"":2.0,""cmc"":400000.0,""cantidad_rubros"":3.0,""actividad_principal"":""Principal - 2511 - FABRICACION DE PRODUCTOS METALICOS PARA USO ESTRUCTURAL"",""penalidades_acum"":0,""sanciones_tcp_acum"":0,""estado"":""ACTIVO"",""condicion"":""HABIDO""}",,,,,,,
1822,CALLAO,"3,050,248.53",23/09/2024,"{""ruc"":""20482817026"",""antiguedad_empresa"":12.0,""cmc"":100000.0,""cantidad_rubros"":3.0,""actividad_principal"":""Principal - 4220 - CONSTRUCCIÓN DE PROYECTOS DE SERVICIO PÚBLICO"",""penalidades_acum"":0,""sanciones_tcp_acum"":0,""estado"":""ACTIVO"",""condicion"":""HABIDO""}","{""ruc"":""20481567549"",""antiguedad_empresa"":17.0,""cmc"":500000.0,""cantidad_rubros"":3.0,""actividad_principal"":""Principal - 4100 - CONSTRUCCIÓN DE EDIFICIOS"",""penalidades_acum"":0,""sanciones_tcp_acum"":0,""estado"":""ACTIVO"",""condicion"":""HABIDO""}",,,,,,,
1823,CALLAO,"4,389,786.15",23/09/2024,"{""ruc"":""20559507769"",""antiguedad_empresa"":5.0,""cmc"":100000.0,""cantidad_rubros"":3.0,""actividad_principal"":""Principal - 4220 - CONSTRUCCIÓN DE PROYECTOS DE SERVICIO PÚBLICO"",""penalidades_acum"":0,""sanciones_tcp_acum"":0,""estado"":""ACTIVO"",""condicion"":""HABIDO""}","{""ruc"":""20482100580"",""antiguedad_empresa"":15.0,""cmc"":100000.0,""cantidad_rubros"":3.0,""actividad_principal"":""Principal - 4100 - CONSTRUCCIÓN DE EDIFICIOS"",""penalidades_acum"":0,""sanciones_tcp_acum"":1,""estado"":""ACTIVO"",""condicion"":""HABIDO""}",,,,,,,
1824,CALLAO,"35,165,689.98",12/09/2024,"{""ruc"":""20601595096"",""antiguedad_empresa"":8.0,""cmc"":100000.0,""cantidad_rubros"":2.0,""actividad_principal"":""Principal - 4100 - CONSTRUCCIÓN DE EDIFICIOS"",""penalidades_acum"":0,""sanciones_tcp_acum"":1,""estado"":""ACTIVO"",""condicion"":""HABIDO""}","{""ruc"":""20523071042"",""antiguedad_empresa"":10.0,""cmc"":52128986.14,""cantidad_rubros"":3.0,""actividad_principal"":""Principal - 4390 - OTRAS ACTIVIDADES ESPECIALIZADAS DE CONSTRUCCIÓN"",""penalidades_acum"":0,""sanciones_tcp_acum"":1,""estado"":""ACTIVO"",""condicion"":""HABIDO""}",,,,,,,
1825,CALLAO,"46,889,524.41",03/05/2024,"{""ruc"":""20556700487"",""antiguedad_empresa"":8.0,""cmc"":30769555.3,""cantidad_rubros"":3.0,""actividad_principal"":""Principal - 4220 - CONSTRUCCIÓN DE PROYECTOS DE SERVICIO PÚBLICO"",""penalidades_acum"":0,""sanciones_tcp_acum"":0,""estado"":""ACTIVO"",""condicion"":""HABIDO""}","{""ruc"":""20552238665"",""antiguedad_empresa"":11.0,""cmc"":100000.0,""cantidad_rubros"":3.0,""actividad_principal"":""Principal - 4220 - CONSTRUCCIÓN DE PROYECTOS DE SERVICIO PÚBLICO"",""penalidades_acum"":0,""sanciones_tcp_acum"":0,""estado"":""ACTIVO"",""condicion"":""HABIDO""}",,,,,,,
1826,CALLAO,"28,024,995.37",11/03/2024,"{""ruc"":""20399019355"",""antiguedad_empresa"":26.0,""cmc"":241466296.06,""cantidad_rubros"":3.0,""actividad_principal"":""Principal - 9609 - OTRAS ACTIVIDADES DE SERVICIOS PERSONALES N.C.P."",""penalidades_acum"":0,""sanciones_tcp_acum"":1,""estado"":""ACTIVO"",""condicion"":""HABIDO""}",,,,,,,,
1827,CALLAO,"5,456,156.35",08/02/2024,"{""ruc"":""20440439129"",""antiguedad_empresa"":21.0,""cmc"":195761990.15,""cantidad_rubros"":2.0,""actividad_principal"":""Principal - 4100 - CONSTRUCCIÓN DE EDIFICIOS"",""penalidades_acum"":0,""sanciones_tcp_acum"":0,""estado"":""ACTIVO"",""condicion"":""HABIDO""}",,,,,,,,
1828,CALLAO,"3,946,732.89",08/02/2024,"{""ruc"":""20215462910"",""antiguedad_empresa"":30.0,""cmc"":42390389.62,""cantidad_rubros"":2.0,""actividad_principal"":""Principal - 4210 - CONSTRUCCIÓN DE CARRETERAS Y VÍAS DE FERROCARRIL"",""penalidades_acum"":0,""sanciones_tcp_acum"":0,""estado"":""ACTIVO"",""condicion"":""HABIDO""}",,,,,,,,
1965,CUSCO,"25,191,267.21",21/03/2022,"{""ruc"":""20525716342"",""antiguedad_empresa"":14.0,""cmc"":null,""cantidad_rubros"":3.0,""actividad_principal"":""Principal - 4923 - TRANSPORTE DE CARGA POR CARRETERA"",""penalidades_acum"":0,""sanciones_tcp_acum"":0,""estado"":""ACTIVO"",""condicion"":""HABIDO""}",,,,,,,,
1966,CUSCO,"18,963,473.27",21/03/2022,"{""ruc"":""20525716342"",""antiguedad_empresa"":14.0,""cmc"":null,""cantidad_rubros"":3.0,""actividad_principal"":""Principal - 4923 - TRANSPORTE DE CARGA POR CARRETERA"",""penalidades_acum"":0,""sanciones_tcp_acum"":0,""estado"":""ACTIVO"",""condicion"":""HABIDO""}",,,,,,,,
1967,CUSCO,"13,892,462.32",21/03/2022,"{""ruc"":""20525716342"",""antiguedad_empresa"":14.0,""cmc"":null,""cantidad_rubros"":3.0,""actividad_principal"":""Principal - 4923 - TRANSPORTE DE CARGA POR CARRETERA"",""penalidades_acum"":0,""sanciones_tcp_acum"":0,""estado"":""ACTIVO"",""condicion"":""HABIDO""}",,,,,,,,
1968,CUSCO,"12,665,576.51",21/03/2022,"{""ruc"":""20525716342"",""antiguedad_empresa"":14.0,""cmc"":null,""cantidad_rubros"":3.0,""actividad_principal"":""Principal - 4923 - TRANSPORTE DE CARGA POR CARRETERA"",""penalidades_acum"":0,""sanciones_tcp_acum"":0,""estado"":""ACTIVO"",""condicion"":""HABIDO""}",,,,,,,,
1969,CUSCO,"15,979,861.16",01/03/2022,"{""ruc"":""20525716342"",""antiguedad_empresa"":14.0,""cmc"":null,""cantidad_rubros"":3.0,""actividad_principal"":""Principal - 4923 - TRANSPORTE DE CARGA POR CARRETERA"",""penalidades_acum"":0,""sanciones_tcp_acum"":0,""estado"":""ACTIVO"",""condicion"":""HABIDO""}",,,,,,,,
1970,CUSCO,"17,397,878.46",01/03/2022,"{""ruc"":""20525716342"",""antiguedad_empresa"":14.0,""cmc"":null,""cantidad_rubros"":3.0,""actividad_principal"":""Principal - 4923 - TRANSPORTE DE CARGA POR CARRETERA"",""penalidades_acum"":0,""sanciones_tcp_acum"":0,""estado"":""ACTIVO"",""condicion"":""HABIDO""}",,,,,,,,
1971,CUSCO,"6,478,703.73",01/03/2022,"{""ruc"":""20525716342"",""antiguedad_empresa"":14.0,""cmc"":null,""cantidad_rubros"":3.0,""actividad_principal"":""Principal - 4923 - TRANSPORTE DE CARGA POR CARRETERA"",""penalidades_acum"":0,""sanciones_tcp_acum"":0,""estado"":""ACTIVO"",""condicion"":""HABIDO""}",,,,,,,,
1972,CUSCO,"19,932,041.93",01/03/2022,"{""ruc"":""20525716342"",""antiguedad_empresa"":14.0,""cmc"":null,""cantidad_rubros"":3.0,""actividad_principal"":""Principal - 4923 - TRANSPORTE DE CARGA POR CARRETERA"",""penalidades_acum"":0,""sanciones_tcp_acum"":0,""estado"":""ACTIVO"",""condicion"":""HABIDO""}",,,,,,,,
1973,CUSCO,"2,724,180.45",23/08/2021,"{""ruc"":""20547097069"",""antiguedad_empresa"":9.0,""cmc"":100000.0,""cantidad_rubros"":3.0,""actividad_principal"":""Principal - 4100 - CONSTRUCCIÓN DE EDIFICIOS"",""penalidades_acum"":1,""sanciones_tcp_acum"":1,""estado"":""ACTIVO"",""condicion"":""HABIDO""}","{""ruc"":""20527942773"",""antiguedad_empresa"":14.0,""cmc"":100000.0,""cantidad_rubros"":3.0,""actividad_principal"":""Principal - 6202 - CONSULTORÍA DE INFORMÁTICA Y GESTIÓN DE INSTALACIONES INFORMÁTICAS"",""penalidades_acum"":0,""sanciones_tcp_acum"":1,""estado"":""ACTIVO"",""condicion"":""HABIDO""}",,,,,,,
1974,CUSCO,"3,294,847.50",21/07/2021,"{""ruc"":""20524375631"",""antiguedad_empresa"":12.0,""cmc"":100000.0,""cantidad_rubros"":3.0,""actividad_principal"":""Principal - 4100 - CONSTRUCCIÓN DE EDIFICIOS"",""penalidades_acum"":0,""sanciones_tcp_acum"":1,""estado"":""ACTIVO"",""condicion"":""HABIDO""}","{""ruc"":""20528003401"",""antiguedad_empresa"":5.0,""cmc"":100000.0,""cantidad_rubros"":3.0,""actividad_principal"":""Principal - 4290 - CONSTRUCCIÓN DE OTRAS OBRAS DE INGENIERÍA CIVIL"",""penalidades_acum"":0,""sanciones_tcp_acum"":1,""estado"":""ACTIVO"",""condicion"":""HABIDO""}",,,,,,,
1975,CUSCO,"9,343,694.08",16/03/2021,"{""ruc"":""20527109362"",""antiguedad_empresa"":19.0,""cmc"":100000.0,""cantidad_rubros"":3.0,""actividad_principal"":""Principal - 4100 - CONSTRUCCIÓN DE EDIFICIOS"",""penalidades_acum"":0,""sanciones_tcp_acum"":0,""estado"":""BAJA PROV. POR OFICIO"",""condicion"":""NO HABIDO""}",,,,,,,,
1976,CUSCO,"5,062,287.46",16/11/2022,"{""ruc"":""20601338361"",""antiguedad_empresa"":6.0,""cmc"":100000.0,""cantidad_rubros"":3.0,""actividad_principal"":""Principal - 4100 - CONSTRUCCIÓN DE EDIFICIOS"",""penalidades_acum"":0,""sanciones_tcp_acum"":3,""estado"":""BAJA PROV. POR OFICIO"",""condicion"":""HABIDO""}",,,,,,,,
1977,CUSCO,"2,542,803.00",19/10/2022,"{""ruc"":""20523071042"",""antiguedad_empresa"":8.0,""cmc"":52128986.14,""cantidad_rubros"":3.0,""actividad_principal"":""Principal - 4390 - OTRAS ACTIVIDADES ESPECIALIZADAS DE CONSTRUCCIÓN"",""penalidades_acum"":0,""sanciones_tcp_acum"":1,""estado"":""ACTIVO"",""condicion"":""HABIDO""}","{""ruc"":""20451624432"",""antiguedad_empresa"":11.0,""cmc"":2399656.58,""cantidad_rubros"":1.0,""actividad_principal"":""Principal - 4390 - OTRAS ACTIVIDADES ESPECIALIZADAS DE CONSTRUCCIÓN"",""penalidades_acum"":0,""sanciones_tcp_acum"":0,""estado"":""ACTIVO"",""condicion"":""HABIDO""}",,,,,,,
1978,CUSCO,"2,557,457.80",14/10/2022,"{""ruc"":""20494299161"",""antiguedad_empresa"":15.0,""cmc"":27917295.92,""cantidad_rubros"":1.0,""actividad_principal"":""Principal - 4100 - CONSTRUCCIÓN DE EDIFICIOS"",""penalidades_acum"":0,""sanciones_tcp_acum"":0,""estado"":""ACTIVO"",""condicion"":""HABIDO""}",,,,,,,,
1979,CUSCO,"18,094,452.10",14/03/2022,"{""ruc"":""20564059171"",""antiguedad_empresa"":9.0,""cmc"":100000.0,""cantidad_rubros"":3.0,""actividad_principal"":""Principal - 4100 - CONSTRUCCIÓN DE EDIFICIOS"",""penalidades_acum"":0,""sanciones_tcp_acum"":0,""estado"":""ACTIVO"",""condicion"":""HABIDO""}","{""ruc"":""20490197771"",""antiguedad_empresa"":12.0,""cmc"":21962493.92,""cantidad_rubros"":3.0,""actividad_principal"":""Principal - 4100 - CONSTRUCCIÓN DE EDIFICIOS"",""penalidades_acum"":0,""sanciones_tcp_acum"":1,""estado"":""ACTIVO"",""condicion"":""HABIDO""}","{""ruc"":""20601665591"",""antiguedad_empresa"":6.0,""cmc"":100000.0,""cantidad_rubros"":3.0,""actividad_principal"":""Principal - 7730 - ALQUILER Y ARRENDAMIENTO DE OTROS TIPOS DE MAQUINARIA, EQUIPO Y BIENES TANGIBLES"",""penalidades_acum"":3,""sanciones_tcp_acum"":0,""estado"":""ACTIVO"",""condicion"":""HABIDO""}",,,,,,
1980,CUSCO,"14,632,803.52",07/03/2022,"{""ruc"":""20452440912"",""antiguedad_empresa"":19.0,""cmc"":188078288.76,""cantidad_rubros"":3.0,""actividad_principal"":""Principal - 4100 - CONSTRUCCIÓN DE EDIFICIOS"",""penalidades_acum"":0,""sanciones_tcp_acum"":0,""estado"":""ACTIVO"",""condicion"":""HABIDO""}","{""ruc"":""20527164207"",""antiguedad_empresa"":19.0,""cmc"":17879322.1,""cantidad_rubros"":3.0,""actividad_principal"":""Principal - 4100 - CONSTRUCCIÓN DE EDIFICIOS"",""penalidades_acum"":0,""sanciones_tcp_acum"":0,""estado"":""ACTIVO"",""condicion"":""HABIDO""}",,,,,,,
1992,CUSCO,"2,268,401.80",25/11/2024,"{""ruc"":""20527164207"",""antiguedad_empresa"":21.0,""cmc"":17879322.1,""cantidad_rubros"":3.0,""actividad_principal"":""Principal - 4100 - CONSTRUCCIÓN DE EDIFICIOS"",""penalidades_acum"":0,""sanciones_tcp_acum"":0,""estado"":""ACTIVO"",""condicion"":""HABIDO""}",,,,,,,,
1993,CUSCO,"56,401,048.65",30/10/2024,"{""ruc"":""20611055944"",""antiguedad_empresa"":1.0,""cmc"":401695650.56,""cantidad_rubros"":3.0,""actividad_principal"":""Principal - 4100 - CONSTRUCCIÓN DE EDIFICIOS"",""penalidades_acum"":0,""sanciones_tcp_acum"":0,""estado"":""ACTIVO"",""condicion"":""HABIDO""}","{""ruc"":""20493537742"",""antiguedad_empresa"":17.0,""cmc"":1098458521.47,""cantidad_rubros"":3.0,""actividad_principal"":""Principal - 4390 - OTRAS ACTIVIDADES ESPECIALIZADAS DE CONSTRUCCIÓN"",""penalidades_acum"":0,""sanciones_tcp_acum"":1,""estado"":""ACTIVO"",""condicion"":""HABIDO""}",,,,,,,
1994,CUSCO,"15,401,635.03",23/08/2024,"{""ruc"":""20489558433"",""antiguedad_empresa"":10.0,""cmc"":6271116.34,""cantidad_rubros"":3.0,""actividad_principal"":""Principal - 4100 - CONSTRUCCIÓN DE EDIFICIOS"",""penalidades_acum"":0,""sanciones_tcp_acum"":0,""estado"":""ACTIVO"",""condicion"":""HABIDO""}","{""ruc"":""20106758477"",""antiguedad_empresa"":33.0,""cmc"":100000.0,""cantidad_rubros"":1.0,""actividad_principal"":""Principal - 4100 - CONSTRUCCIÓN DE EDIFICIOS"",""penalidades_acum"":0,""sanciones_tcp_acum"":2,""estado"":""ACTIVO"",""condicion"":""HABIDO""}",,,,,,,
1995,CUSCO,"2,446,470.64",10/07/2024,"{""ruc"":""20559291901"",""antiguedad_empresa"":10.0,""cmc"":75998855.72,""cantidad_rubros"":3.0,""actividad_principal"":""Principal - 4100 - CONSTRUCCIÓN DE EDIFICIOS"",""penalidades_acum"":1,""sanciones_tcp_acum"":0,""estado"":""ACTIVO"",""condicion"":""HABIDO""}","{""ruc"":""20606079941"",""antiguedad_empresa"":4.0,""cmc"":5983972.1,""cantidad_rubros"":3.0,""actividad_principal"":""Principal - 4100 - CONSTRUCCIÓN DE EDIFICIOS"",""penalidades_acum"":0,""sanciones_tcp_acum"":0,""estado"":""ACTIVO"",""condicion"":""HABIDO""}",,,,,,,
2309,HUANCAVELICA,"583,501.60",29/12/2021,"{""ruc"":""20486974886"",""antiguedad_empresa"":12.0,""cmc"":100000.0,""cantidad_rubros"":3.0,""actividad_principal"":""Principal - 4290 - CONSTRUCCIÓN DE OTRAS OBRAS DE INGENIERÍA CIVIL"",""penalidades_acum"":0,""sanciones_tcp_acum"":0,""estado"":""ACTIVO"",""condicion"":""HABIDO""}","{""ruc"":""20451961196"",""antiguedad_empresa"":21.0,""cmc"":41132110.28,""cantidad_rubros"":3.0,""actividad_principal"":""Principal - 4100 - CONSTRUCCIÓN DE EDIFICIOS"",""penalidades_acum"":0,""sanciones_tcp_acum"":0,""estado"":""ACTIVO"",""condicion"":""HABIDO""}","{""ruc"":""10295928234"",""antiguedad_empresa"":20.0,""cmc"":100000.0,""cantidad_rubros"":3.0,""actividad_principal"":""Principal - 7110 - ACTIVIDADES DE ARQUITECTURA E INGENIERÍA Y ACTIVIDADES CONEXAS DE CONSULTORÍA TÉCNICA"",""penalidades_acum"":0,""sanciones_tcp_acum"":0,""estado"":""ACTIVO"",""condicion"":""HABIDO""}","{""ruc"":""20604315582"",""antiguedad_empresa"":2.0,""cmc"":2707996.74,""cantidad_rubros"":3.0,""actividad_principal"":""Principal - 4100 - CONSTRUCCIÓN DE EDIFICIOS"",""penalidades_acum"":0,""sanciones_tcp_acum"":0,""estado"":""ACTIVO"",""condicion"":""HABIDO""}","{""ruc"":""20601714966"",""antiguedad_empresa"":5.0,""cmc"":744668025.98,""cantidad_rubros"":3.0,""actividad_principal"":""Principal - 4663 - VENTA AL POR MAYOR DE MATERIALES DE CONSTRUCCIÓN, ARTÍCULOS DE FERRETERÍA Y EQUIPO Y MATERIALES DE FONTANERÍA Y CALEFACCIÓN"",""penalidades_acum"":0,""sanciones_tcp_acum"":0,""estado"":""ACTIVO"",""condicion"":""HABIDO""}","{""ruc"":""20601480493"",""antiguedad_empresa"":2.0,""cmc"":100000.0,""cantidad_rubros"":3.0,""actividad_principal"":""Principal - 4649 - VENTA AL POR MAYOR DE OTROS ENSERES DOMÉSTICOS"",""penalidades_acum"":0,""sanciones_tcp_acum"":0,""estado"":""BAJA DE OFICIO"",""condicion"":""HABIDO""}","{""ruc"":""20487064522"",""antiguedad_empresa"":2.0,""cmc"":18493455.49,""cantidad_rubros"":3.0,""actividad_principal"":""Principal - 4290 - CONSTRUCCIÓN DE OTRAS OBRAS DE INGENIERÍA CIVIL"",""penalidades_acum"":0,""sanciones_tcp_acum"":0,""estado"":""ACTIVO"",""condicion"":""HABIDO""}","{""ruc"":""10206701248"",""antiguedad_empresa"":1.0,""cmc"":100000.0,""cantidad_rubros"":2.0,""actividad_principal"":""Principal - 7110 - ACTIVIDADES DE ARQUITECTURA E INGENIERÍA Y ACTIVIDADES CONEXAS DE CONSULTORÍA TÉCNICA"",""penalidades_acum"":0,""sanciones_tcp_acum"":1,""estado"":""BAJA DE OFICIO"",""condicion"":""NO HABIDO""}",
2310,HUANCAVELICA,"2,385,054.75",20/12/2021,"{""ruc"":""20494951020"",""antiguedad_empresa"":11.0,""cmc"":100000.0,""cantidad_rubros"":3.0,""actividad_principal"":""Principal - 4100 - CONSTRUCCIÓN DE EDIFICIOS"",""penalidades_acum"":11,""sanciones_tcp_acum"":0,""estado"":""ACTIVO"",""condicion"":""HABIDO""}","{""ruc"":""20494665876"",""antiguedad_empresa"":11.0,""cmc"":100000.0,""cantidad_rubros"":3.0,""actividad_principal"":""Principal - 4100 - CONSTRUCCIÓN DE EDIFICIOS"",""penalidades_acum"":1,""sanciones_tcp_acum"":0,""estado"":""ACTIVO"",""condicion"":""HABIDO""}",,,,,,,
2311,HUANCAVELICA,"747,531.90",17/12/2021,"{""ruc"":""20486136830"",""antiguedad_empresa"":18.0,""cmc"":68330909.59,""cantidad_rubros"":3.0,""actividad_principal"":""Principal - 2395 - FABRICACIÓN DE ARTÍCULOS DE HORMIGÓN, CEMENTO Y YESO"",""penalidades_acum"":1,""sanciones_tcp_acum"":0,""estado"":""ACTIVO"",""condicion"":""HABIDO""}",,,,,,,,
2312,HUANCAVELICA,"4,069,522.96",01/12/2021,"{""ruc"":""20568355041"",""antiguedad_empresa"":9.0,""cmc"":45798430.88,""cantidad_rubros"":3.0,""actividad_principal"":""Principal - 4290 - CONSTRUCCIÓN DE OTRAS OBRAS DE INGENIERÍA CIVIL"",""penalidades_acum"":9,""sanciones_tcp_acum"":0,""estado"":""ACTIVO"",""condicion"":""HABIDO""}",,,,,,,,
2313,HUANCAVELICA,"2,746,808.66",01/12/2021,"{""ruc"":""20452840775"",""antiguedad_empresa"":15.0,""cmc"":100000.0,""cantidad_rubros"":3.0,""actividad_principal"":""Principal - 4100 - CONSTRUCCIÓN DE EDIFICIOS"",""penalidades_acum"":1,""sanciones_tcp_acum"":1,""estado"":""ACTIVO"",""condicion"":""HABIDO""}","{""ruc"":""20494341973"",""antiguedad_empresa"":14.0,""cmc"":100000.0,""cantidad_rubros"":3.0,""actividad_principal"":""Principal - 4100 - CONSTRUCCIÓN DE EDIFICIOS"",""penalidades_acum"":4,""sanciones_tcp_acum"":1,""estado"":""ACTIVO"",""condicion"":""HABIDO""}",,,,,,,
2314,HUANCAVELICA,"4,168,833.70",30/11/2021,"{""ruc"":""20494951020"",""antiguedad_empresa"":11.0,""cmc"":100000.0,""cantidad_rubros"":3.0,""actividad_principal"":""Principal - 4100 - CONSTRUCCIÓN DE EDIFICIOS"",""penalidades_acum"":11,""sanciones_tcp_acum"":0,""estado"":""ACTIVO"",""condicion"":""HABIDO""}","{""ruc"":""20600661966"",""antiguedad_empresa"":6.0,""cmc"":10882138.2,""cantidad_rubros"":3.0,""actividad_principal"":""Principal - 4100 - CONSTRUCCIÓN DE EDIFICIOS"",""penalidades_acum"":1,""sanciones_tcp_acum"":0,""estado"":""BAJA PROV. POR OFICIO"",""condicion"":""HABIDO""}",,,,,,,
2315,HUANCAVELICA,"7,871,916.04",30/11/2021,"{""ruc"":""10410713506"",""antiguedad_empresa"":15.0,""cmc"":24630818.36,""cantidad_rubros"":3.0,""actividad_principal"":""Principal - 4923 - TRANSPORTE DE CARGA POR CARRETERA"",""penalidades_acum"":9,""sanciones_tcp_acum"":0,""estado"":""ACTIVO"",""condicion"":""HABIDO""}","{""ruc"":""20494947774"",""antiguedad_empresa"":11.0,""cmc"":100000.0,""cantidad_rubros"":3.0,""actividad_principal"":""Principal - 4923 - TRANSPORTE DE CARGA POR CARRETERA"",""penalidades_acum"":3,""sanciones_tcp_acum"":0,""estado"":""ACTIVO"",""condicion"":""HABIDO""}",,,,,,,
2316,HUANCAVELICA,"3,659,163.17",13/09/2021,"{""ruc"":""20486404273"",""antiguedad_empresa"":15.0,""cmc"":100000.0,""cantidad_rubros"":3.0,""actividad_principal"":""Principal - 4923 - TRANSPORTE DE CARGA POR CARRETERA"",""penalidades_acum"":7,""sanciones_tcp_acum"":1,""estado"":""ACTIVO"",""condicion"":""HABIDO""}","{""ruc"":""20600601891"",""antiguedad_empresa"":null,""cmc"":100000.0,""cantidad_rubros"":2.0,""actividad_principal"":""Principal - 7110 - ACTIVIDADES DE ARQUITECTURA E INGENIERÍA Y ACTIVIDADES CONEXAS DE CONSULTORÍA TÉCNICA"",""penalidades_acum"":0,""sanciones_tcp_acum"":0,""estado"":""ACTIVO"",""condicion"":""HABIDO""}",,,,,,,
2317,HUANCAVELICA,"1,997,563.78",21/07/2021,"{""ruc"":""20503865549"",""antiguedad_empresa"":19.0,""cmc"":100000.0,""cantidad_rubros"":2.0,""actividad_principal"":""Principal - 8710 - ACTIVIDADES DE ATENCIÓN DE ENFERMERÍA EN INSTITUCIONES"",""penalidades_acum"":4,""sanciones_tcp_acum"":0,""estado"":""ACTIVO"",""condicion"":""HABIDO""}","{""ruc"":""20520970704"",""antiguedad_empresa"":12.0,""cmc"":100000.0,""cantidad_rubros"":3.0,""actividad_principal"":""Principal - 4330 - TERMINACIÓN Y ACABADO DE EDIFICIOS"",""penalidades_acum"":4,""sanciones_tcp_acum"":0,""estado"":""ACTIVO"",""condicion"":""HABIDO""}",,,,,,,
2318,HUANCAVELICA,"168,571,515.92",20/07/2021,"{""ruc"":""20600977661"",""antiguedad_empresa"":5.0,""cmc"":20049599499.07,""cantidad_rubros"":3.0,""actividad_principal"":""Principal - 4210 - CONSTRUCCIÓN DE CARRETERAS Y VÍAS DE FERROCARRIL"",""penalidades_acum"":1,""sanciones_tcp_acum"":3,""estado"":""ACTIVO"",""condicion"":""HABIDO""}",,,,,,,,
2319,HUANCAVELICA,"185,541,354.74",10/06/2021,"{""ruc"":""99000030216"",""antiguedad_empresa"":null,""cmc"":null,""cantidad_rubros"":null,""actividad_principal"":null,""penalidades_acum"":3,""sanciones_tcp_acum"":0,""estado"":null,""condicion"":null}","{""ruc"":""20605034684"",""antiguedad_empresa"":2.0,""cmc"":1615405828.45,""cantidad_rubros"":3.0,""actividad_principal"":""Principal - 4100 - CONSTRUCCIÓN DE EDIFICIOS"",""penalidades_acum"":2,""sanciones_tcp_acum"":0,""estado"":""ACTIVO"",""condicion"":""HABIDO""}",,,,,,,
2320,HUANCAVELICA,"50,900,000.00",07/06/2021,"{""ruc"":""20604269009"",""antiguedad_empresa"":2.0,""cmc"":16042757513.74,""cantidad_rubros"":3.0,""actividad_principal"":""Principal - 4210 - CONSTRUCCIÓN DE CARRETERAS Y VÍAS DE FERROCARRIL"",""penalidades_acum"":5,""sanciones_tcp_acum"":3,""estado"":""ACTIVO"",""condicion"":""HABIDO""}","{""ruc"":""20605487051"",""antiguedad_empresa"":2.0,""cmc"":500000.0,""cantidad_rubros"":3.0,""actividad_principal"":""Principal - 4100 - CONSTRUCCIÓN DE EDIFICIOS"",""penalidades_acum"":5,""sanciones_tcp_acum"":5,""estado"":""SUSPENSION TEMPORAL"",""condicion"":""HABIDO""}",,,,,,,
2321,HUANCAVELICA,"8,711,443.23",29/04/2021,"{""ruc"":""20486404273"",""antiguedad_empresa"":15.0,""cmc"":100000.0,""cantidad_rubros"":3.0,""actividad_principal"":""Principal - 4923 - TRANSPORTE DE CARGA POR CARRETERA"",""penalidades_acum"":7,""sanciones_tcp_acum"":1,""estado"":""ACTIVO"",""condicion"":""HABIDO""}","{""ruc"":""20600180771"",""antiguedad_empresa"":6.0,""cmc"":38280289.29,""cantidad_rubros"":3.0,""actividad_principal"":""Principal - 4210 - CONSTRUCCIÓN DE CARRETERAS Y VÍAS DE FERROCARRIL"",""penalidades_acum"":16,""sanciones_tcp_acum"":0,""estado"":""ACTIVO"",""condicion"":""HABIDO""}",,,,,,,
2322,HUANCAVELICA,"5,135,851.92",18/11/2022,"{""ruc"":""20568355041"",""antiguedad_empresa"":10.0,""cmc"":45798430.88,""cantidad_rubros"":3.0,""actividad_principal"":""Principal - 4290 - CONSTRUCCIÓN DE OTRAS OBRAS DE INGENIERÍA CIVIL"",""penalidades_acum"":9,""sanciones_tcp_acum"":0,""estado"":""ACTIVO"",""condicion"":""HABIDO""}",,,,,,,,
2323,HUANCAVELICA,"569,791.74",14/09/2022,"{""ruc"":""20601593476"",""antiguedad_empresa"":6.0,""cmc"":100000.0,""cantidad_rubros"":3.0,""actividad_principal"":""Principal - 4100 - CONSTRUCCIÓN DE EDIFICIOS"",""penalidades_acum"":0,""sanciones_tcp_acum"":0,""estado"":""BAJA DE OFICIO"",""condicion"":""HABIDO""}","{""ruc"":""20486974886"",""antiguedad_empresa"":13.0,""cmc"":100000.0,""cantidad_rubros"":3.0,""actividad_principal"":""Principal - 4290 - CONSTRUCCIÓN DE OTRAS OBRAS DE INGENIERÍA CIVIL"",""penalidades_acum"":0,""sanciones_tcp_acum"":0,""estado"":""ACTIVO"",""condicion"":""HABIDO""}",,,,,,,
2324,HUANCAVELICA,"555,537.25",14/09/2022,"{""ruc"":""20486974886"",""antiguedad_empresa"":13.0,""cmc"":100000.0,""cantidad_rubros"":3.0,""actividad_principal"":""Principal - 4290 - CONSTRUCCIÓN DE OTRAS OBRAS DE INGENIERÍA CIVIL"",""penalidades_acum"":0,""sanciones_tcp_acum"":0,""estado"":""ACTIVO"",""condicion"":""HABIDO""}",,,,,,,,
2325,HUANCAVELICA,"694,933.14",14/09/2022,"{""ruc"":""20335343701"",""antiguedad_empresa"":26.0,""cmc"":100000.0,""cantidad_rubros"":3.0,""actividad_principal"":""Principal - 7110 - ACTIVIDADES DE ARQUITECTURA E INGENIERÍA Y ACTIVIDADES CONEXAS DE CONSULTORÍA TÉCNICA"",""penalidades_acum"":0,""sanciones_tcp_acum"":0,""estado"":""ACTIVO"",""condicion"":""HABIDO""}",,,,,,,,
2326,HUANCAVELICA,"26,280,640.38",09/08/2022,"{""ruc"":""20486960401"",""antiguedad_empresa"":14.0,""cmc"":294813583.41,""cantidad_rubros"":3.0,""actividad_principal"":""Principal - 4923 - TRANSPORTE DE CARGA POR CARRETERA"",""penalidades_acum"":4,""sanciones_tcp_acum"":1,""estado"":""ACTIVO"",""condicion"":""HABIDO""}","{""ruc"":""20600180771"",""antiguedad_empresa"":7.0,""cmc"":38280289.29,""cantidad_rubros"":3.0,""actividad_principal"":""Principal - 4210 - CONSTRUCCIÓN DE CARRETERAS Y VÍAS DE FERROCARRIL"",""penalidades_acum"":16,""sanciones_tcp_acum"":0,""estado"":""ACTIVO"",""condicion"":""HABIDO""}",,,,,,,
2327,HUANCAVELICA,"432,552.92",25/07/2022,"{""ruc"":""20608145088"",""antiguedad_empresa"":1.0,""cmc"":100000.0,""cantidad_rubros"":3.0,""actividad_principal"":""Principal - 7110 - ACTIVIDADES DE ARQUITECTURA E INGENIERÍA Y ACTIVIDADES CONEXAS DE CONSULTORÍA TÉCNICA"",""penalidades_acum"":0,""sanciones_tcp_acum"":0,""estado"":""ACTIVO"",""condicion"":""HABIDO""}","{""ruc"":""20606820993"",""antiguedad_empresa"":2.0,""cmc"":500000.0,""cantidad_rubros"":3.0,""actividad_principal"":""Principal - 4100 - CONSTRUCCIÓN DE EDIFICIOS"",""penalidades_acum"":0,""sanciones_tcp_acum"":0,""estado"":""ACTIVO"",""condicion"":""HABIDO""}",,,,,,,
2328,HUANCAVELICA,"1,131,970.94",25/07/2022,"{""ruc"":""20392986601"",""antiguedad_empresa"":11.0,""cmc"":17302807.4,""cantidad_rubros"":2.0,""actividad_principal"":""Principal - 4390 - OTRAS ACTIVIDADES ESPECIALIZADAS DE CONSTRUCCIÓN"",""penalidades_acum"":0,""sanciones_tcp_acum"":0,""estado"":""ACTIVO"",""condicion"":""HABIDO""}",,,,,,,,
2329,HUANCAVELICA,"1,131,970.94",31/03/2022,"{""ruc"":""20506003351"",""antiguedad_empresa"":19.0,""cmc"":2980477487.02,""cantidad_rubros"":3.0,""actividad_principal"":""Principal - 4100 - CONSTRUCCIÓN DE EDIFICIOS"",""penalidades_acum"":4,""sanciones_tcp_acum"":5,""estado"":""ACTIVO"",""condicion"":""HABIDO""}",,,,,,,,
2335,HUANCAVELICA,"95,522,877.13",25/10/2024,"{""ruc"":""20100047218"",""antiguedad_empresa"":135.0,""cmc"":null,""cantidad_rubros"":2.0,""actividad_principal"":""Principal - 6419 - OTROS TIPOS DE INTERMEDIACIÓN MONETARIA"",""penalidades_acum"":0,""sanciones_tcp_acum"":0,""estado"":""ACTIVO"",""condicion"":""HABIDO""}",,,,,,,,
2336,HUANCAVELICA,"5,635,909.79",17/06/2024,"{""ruc"":""20486404273"",""antiguedad_empresa"":18.0,""cmc"":100000.0,""cantidad_rubros"":3.0,""actividad_principal"":""Principal - 4923 - TRANSPORTE DE CARGA POR CARRETERA"",""penalidades_acum"":7,""sanciones_tcp_acum"":1,""estado"":""ACTIVO"",""condicion"":""HABIDO""}","{""ruc"":""20602768261"",""antiguedad_empresa"":6.0,""cmc"":100000.0,""cantidad_rubros"":3.0,""actividad_principal"":""Principal - 4290 - CONSTRUCCIÓN DE OTRAS OBRAS DE INGENIERÍA CIVIL"",""penalidades_acum"":0,""sanciones_tcp_acum"":0,""estado"":""ACTIVO"",""condicion"":""HABIDO""}",,,,,,,
2337,HUANCAVELICA,"6,703,579.58",13/05/2024,"{""ruc"":""20605238468"",""antiguedad_empresa"":5.0,""cmc"":1705962781.4,""cantidad_rubros"":3.0,""actividad_principal"":""Principal - 4220 - CONSTRUCCIÓN DE PROYECTOS DE SERVICIO PÚBLICO"",""penalidades_acum"":0,""sanciones_tcp_acum"":1,""estado"":""ACTIVO"",""condicion"":""HABIDO""}","{""ruc"":""20600827252"",""antiguedad_empresa"":9.0,""cmc"":100000.0,""cantidad_rubros"":3.0,""actividad_principal"":""Principal - 4210 - CONSTRUCCIÓN DE CARRETERAS Y VÍAS DE FERROCARRIL"",""penalidades_acum"":0,""sanciones_tcp_acum"":0,""estado"":""ACTIVO"",""condicion"":""HABIDO""}",,,,,,,
2338,HUANCAVELICA,"7,884,035.81",09/05/2024,"{""ruc"":""20486404273"",""antiguedad_empresa"":18.0,""cmc"":100000.0,""cantidad_rubros"":3.0,""actividad_principal"":""Principal - 4923 - TRANSPORTE DE CARGA POR CARRETERA"",""penalidades_acum"":7,""sanciones_tcp_acum"":1,""estado"":""ACTIVO"",""condicion"":""HABIDO""}","{""ruc"":""20486299038"",""antiguedad_empresa"":19.0,""cmc"":100000.0,""cantidad_rubros"":2.0,""actividad_principal"":""Principal - 4210 - CONSTRUCCIÓN DE CARRETERAS Y VÍAS DE FERROCARRIL"",""penalidades_acum"":0,""sanciones_tcp_acum"":0,""estado"":""BAJA PROV. POR OFICIO"",""condicion"":""NO HABIDO""}",,,,,,,
2766,HUANUCO,"1,123,271.74",30/12/2021,"{""ruc"":""20542191059"",""antiguedad_empresa"":10.0,""cmc"":163445326.5,""cantidad_rubros"":3.0,""actividad_principal"":""Principal - 4290 - CONSTRUCCIÓN DE OTRAS OBRAS DE INGENIERÍA CIVIL"",""penalidades_acum"":1,""sanciones_tcp_acum"":0,""estado"":""ACTIVO"",""condicion"":""HABIDO""}","{""ruc"":""20600106351"",""antiguedad_empresa"":6.0,""cmc"":100000.0,""cantidad_rubros"":3.0,""actividad_principal"":""Principal - 4100 - CONSTRUCCIÓN DE EDIFICIOS"",""penalidades_acum"":0,""sanciones_tcp_acum"":0,""estado"":""ACTIVO"",""condicion"":""HABIDO""}",,,,,,,
2767,HUANUCO,"904,193.70",31/05/2021,"{""ruc"":""20516615088"",""antiguedad_empresa"":14.0,""cmc"":15805408.58,""cantidad_rubros"":3.0,""actividad_principal"":""Principal - 7110 - ACTIVIDADES DE ARQUITECTURA E INGENIERÍA Y ACTIVIDADES CONEXAS DE CONSULTORÍA TÉCNICA"",""penalidades_acum"":0,""sanciones_tcp_acum"":0,""estado"":""ACTIVO"",""condicion"":""HABIDO""}",,,,,,,,
2768,HUANUCO,"31,524,150.94",11/05/2021,"{""ruc"":""20492255981"",""antiguedad_empresa"":13.0,""cmc"":100000.0,""cantidad_rubros"":3.0,""actividad_principal"":""Principal - 4100 - CONSTRUCCIÓN DE EDIFICIOS"",""penalidades_acum"":0,""sanciones_tcp_acum"":0,""estado"":""BAJA DE OFICIO"",""condicion"":""HABIDO""}","{""ruc"":""20547097069"",""antiguedad_empresa"":9.0,""cmc"":100000.0,""cantidad_rubros"":3.0,""actividad_principal"":""Principal - 4100 - CONSTRUCCIÓN DE EDIFICIOS"",""penalidades_acum"":1,""sanciones_tcp_acum"":1,""estado"":""ACTIVO"",""condicion"":""HABIDO""}","{""ruc"":""20602631258"",""antiguedad_empresa"":7.0,""cmc"":100000.0,""cantidad_rubros"":3.0,""actividad_principal"":""Principal - 4100 - CONSTRUCCIÓN DE EDIFICIOS"",""penalidades_acum"":0,""sanciones_tcp_acum"":0,""estado"":""BAJA DE OFICIO"",""condicion"":""HABIDO""}",,,,,,
2769,HUANUCO,"2,062,409.26",28/04/2021,"{""ruc"":""20393151812"",""antiguedad_empresa"":17.0,""cmc"":26688669.07,""cantidad_rubros"":3.0,""actividad_principal"":""Principal - 4100 - CONSTRUCCIÓN DE EDIFICIOS"",""penalidades_acum"":0,""sanciones_tcp_acum"":0,""estado"":""ACTIVO"",""condicion"":""HABIDO""}","{""ruc"":""20601263158"",""antiguedad_empresa"":5.0,""cmc"":100000.0,""cantidad_rubros"":3.0,""actividad_principal"":""Principal - 4923 - TRANSPORTE DE CARGA POR CARRETERA"",""penalidades_acum"":0,""sanciones_tcp_acum"":0,""estado"":""ACTIVO"",""condicion"":""HABIDO""}",,,,,,,
2770,HUANUCO,"1,136,085.91",07/04/2021,"{""ruc"":""20542191059"",""antiguedad_empresa"":10.0,""cmc"":163445326.5,""cantidad_rubros"":3.0,""actividad_principal"":""Principal - 4290 - CONSTRUCCIÓN DE OTRAS OBRAS DE INGENIERÍA CIVIL"",""penalidades_acum"":1,""sanciones_tcp_acum"":0,""estado"":""ACTIVO"",""condicion"":""HABIDO""}","{""ruc"":""20606474254"",""antiguedad_empresa"":0.0,""cmc"":100000.0,""cantidad_rubros"":3.0,""actividad_principal"":""Principal - 4100 - CONSTRUCCIÓN DE EDIFICIOS"",""penalidades_acum"":0,""sanciones_tcp_acum"":0,""estado"":""BAJA DE OFICIO"",""condicion"":""HABIDO""}",,,,,,,
2771,HUANUCO,"679,069.34",04/03/2021,"{""ruc"":""20489536979"",""antiguedad_empresa"":14.0,""cmc"":99122010.24,""cantidad_rubros"":3.0,""actividad_principal"":""Principal - 7110 - ACTIVIDADES DE ARQUITECTURA E INGENIERÍA Y ACTIVIDADES CONEXAS DE CONSULTORÍA TÉCNICA"",""penalidades_acum"":2,""sanciones_tcp_acum"":0,""estado"":""ACTIVO"",""condicion"":""HABIDO""}","{""ruc"":""20604540764"",""antiguedad_empresa"":2.0,""cmc"":100000.0,""cantidad_rubros"":3.0,""actividad_principal"":""Principal - 4210 - CONSTRUCCIÓN DE CARRETERAS Y VÍAS DE FERROCARRIL"",""penalidades_acum"":0,""sanciones_tcp_acum"":0,""estado"":""SUSPENSION TEMPORAL"",""condicion"":""HABIDO""}",,,,,,,
2772,HUANUCO,"1,525,709.72",12/12/2022,"{""ruc"":""20573333081"",""antiguedad_empresa"":4.0,""cmc"":7066601.44,""cantidad_rubros"":3.0,""actividad_principal"":""Principal - 4210 - CONSTRUCCIÓN DE CARRETERAS Y VÍAS DE FERROCARRIL"",""penalidades_acum"":2,""sanciones_tcp_acum"":2,""estado"":""ACTIVO"",""condicion"":""HABIDO""}","{""ruc"":""20600013255"",""antiguedad_empresa"":7.0,""cmc"":100000.0,""cantidad_rubros"":3.0,""actividad_principal"":""Principal - 4390 - OTRAS ACTIVIDADES ESPECIALIZADAS DE CONSTRUCCIÓN"",""penalidades_acum"":0,""sanciones_tcp_acum"":0,""estado"":""BAJA DE OFICIO"",""condicion"":""NO HABIDO""}",,,,,,,
2773,HUANUCO,"1,544,438.69",04/11/2022,"{""ruc"":""20603194676"",""antiguedad_empresa"":4.0,""cmc"":526526944.78,""cantidad_rubros"":3.0,""actividad_principal"":""Principal - 4290 - CONSTRUCCIÓN DE OTRAS OBRAS DE INGENIERÍA CIVIL"",""penalidades_acum"":0,""sanciones_tcp_acum"":0,""estado"":""ACTIVO"",""condicion"":""HABIDO""}","{""ruc"":""20489680310"",""antiguedad_empresa"":14.0,""cmc"":100000.0,""cantidad_rubros"":3.0,""actividad_principal"":""Principal - 4100 - CONSTRUCCIÓN DE EDIFICIOS"",""penalidades_acum"":0,""sanciones_tcp_acum"":0,""estado"":""ACTIVO"",""condicion"":""HABIDO""}",,,,,,,
2774,HUANUCO,"1,216,292.21",02/11/2022,"{""ruc"":""20489688647"",""antiguedad_empresa"":14.0,""cmc"":283054691.3,""cantidad_rubros"":3.0,""actividad_principal"":""Principal - 4100 - CONSTRUCCIÓN DE EDIFICIOS"",""penalidades_acum"":0,""sanciones_tcp_acum"":0,""estado"":""ACTIVO"",""condicion"":""HABIDO""}","{""ruc"":""20610153021"",""antiguedad_empresa"":0.0,""cmc"":100000.0,""cantidad_rubros"":3.0,""actividad_principal"":""Principal - 4100 - CONSTRUCCIÓN DE EDIFICIOS"",""penalidades_acum"":0,""sanciones_tcp_acum"":0,""estado"":""ACTIVO"",""condicion"":""HABIDO""}",,,,,,,
2775,HUANUCO,"1,330,019.28",14/10/2022,"{""ruc"":""20486834529"",""antiguedad_empresa"":14.0,""cmc"":100000.0,""cantidad_rubros"":3.0,""actividad_principal"":""Principal - 4100 - CONSTRUCCIÓN DE EDIFICIOS"",""penalidades_acum"":0,""sanciones_tcp_acum"":3,""estado"":""ACTIVO"",""condicion"":""HABIDO""}","{""ruc"":""20573140959"",""antiguedad_empresa"":8.0,""cmc"":100000.0,""cantidad_rubros"":3.0,""actividad_principal"":""Principal - 4210 - CONSTRUCCIÓN DE CARRETERAS Y VÍAS DE FERROCARRIL"",""penalidades_acum"":0,""sanciones_tcp_acum"":0,""estado"":""ACTIVO"",""condicion"":""HABIDO""}",,,,,,,
2776,HUANUCO,"31,390,674.74",10/08/2022,"{""ruc"":""20542408562"",""antiguedad_empresa"":11.0,""cmc"":500000.0,""cantidad_rubros"":3.0,""actividad_principal"":""Principal - 4290 - CONSTRUCCIÓN DE OTRAS OBRAS DE INGENIERÍA CIVIL"",""penalidades_acum"":0,""sanciones_tcp_acum"":0,""estado"":""ACTIVO"",""condicion"":""HABIDO""}","{""ruc"":""20489532981"",""antiguedad_empresa"":15.0,""cmc"":100000.0,""cantidad_rubros"":3.0,""actividad_principal"":""Principal - 7110 - ACTIVIDADES DE ARQUITECTURA E INGENIERÍA Y ACTIVIDADES CONEXAS DE CONSULTORÍA TÉCNICA"",""penalidades_acum"":1,""sanciones_tcp_acum"":0,""estado"":""ACTIVO"",""condicion"":""HABIDO""}",,,,,,,
2777,HUANUCO,"813,976.83",02/08/2022,"{""ruc"":""20573320779"",""antiguedad_empresa"":8.0,""cmc"":100000.0,""cantidad_rubros"":2.0,""actividad_principal"":""Principal - 4390 - OTRAS ACTIVIDADES ESPECIALIZADAS DE CONSTRUCCIÓN"",""penalidades_acum"":0,""sanciones_tcp_acum"":0,""estado"":""ACTIVO"",""condicion"":""HABIDO""}","{""ruc"":""20528932321"",""antiguedad_empresa"":13.0,""cmc"":502911822.28,""cantidad_rubros"":3.0,""actividad_principal"":""Principal - 4100 - CONSTRUCCIÓN DE EDIFICIOS"",""penalidades_acum"":0,""sanciones_tcp_acum"":0,""estado"":""ACTIVO"",""condicion"":""HABIDO""}",,,,,,,
2778,HUANUCO,"12,198,193.18",14/07/2022,"{""ruc"":""20489532981"",""antiguedad_empresa"":15.0,""cmc"":100000.0,""cantidad_rubros"":3.0,""actividad_principal"":""Principal - 7110 - ACTIVIDADES DE ARQUITECTURA E INGENIERÍA Y ACTIVIDADES CONEXAS DE CONSULTORÍA TÉCNICA"",""penalidades_acum"":1,""sanciones_tcp_acum"":0,""estado"":""ACTIVO"",""condicion"":""HABIDO""}","{""ruc"":""20542408562"",""antiguedad_empresa"":11.0,""cmc"":500000.0,""cantidad_rubros"":3.0,""actividad_principal"":""Principal - 4290 - CONSTRUCCIÓN DE OTRAS OBRAS DE INGENIERÍA CIVIL"",""penalidades_acum"":0,""sanciones_tcp_acum"":0,""estado"":""ACTIVO"",""condicion"":""HABIDO""}",,,,,,,
2779,HUANUCO,"1,223,600.58",12/07/2022,"{""ruc"":""20534004185"",""antiguedad_empresa"":15.0,""cmc"":20819743.74,""cantidad_rubros"":3.0,""actividad_principal"":""Principal - 4100 - CONSTRUCCIÓN DE EDIFICIOS"",""penalidades_acum"":0,""sanciones_tcp_acum"":0,""estado"":""ACTIVO"",""condicion"":""HABIDO""}",,,,,,,,
2780,HUANUCO,"277,014.13",07/07/2022,"{""ruc"":""20531055722"",""antiguedad_empresa"":15.0,""cmc"":3245405.6,""cantidad_rubros"":3.0,""actividad_principal"":""Principal - 4100 - CONSTRUCCIÓN DE EDIFICIOS"",""penalidades_acum"":0,""sanciones_tcp_acum"":1,""estado"":""ACTIVO"",""condicion"":""HABIDO""}","{""ruc"":""20534013508"",""antiguedad_empresa"":15.0,""cmc"":500000.0,""cantidad_rubros"":3.0,""actividad_principal"":""Principal - 7110 - ACTIVIDADES DE ARQUITECTURA E INGENIERÍA Y ACTIVIDADES CONEXAS DE CONSULTORÍA TÉCNICA"",""penalidades_acum"":0,""sanciones_tcp_acum"":0,""estado"":""ACTIVO"",""condicion"":""HABIDO""}",,,,,,,
2781,HUANUCO,"439,746.06",07/07/2022,"{""ruc"":""20531055722"",""antiguedad_empresa"":15.0,""cmc"":3245405.6,""cantidad_rubros"":3.0,""actividad_principal"":""Principal - 4100 - CONSTRUCCIÓN DE EDIFICIOS"",""penalidades_acum"":0,""sanciones_tcp_acum"":1,""estado"":""ACTIVO"",""condicion"":""HABIDO""}","{""ruc"":""20534013508"",""antiguedad_empresa"":15.0,""cmc"":500000.0,""cantidad_rubros"":3.0,""actividad_principal"":""Principal - 7110 - ACTIVIDADES DE ARQUITECTURA E INGENIERÍA Y ACTIVIDADES CONEXAS DE CONSULTORÍA TÉCNICA"",""penalidades_acum"":0,""sanciones_tcp_acum"":0,""estado"":""ACTIVO"",""condicion"":""HABIDO""}",,,,,,,
2782,HUANUCO,"448,630.32",07/07/2022,"{""ruc"":""20573078897"",""antiguedad_empresa"":9.0,""cmc"":100000.0,""cantidad_rubros"":3.0,""actividad_principal"":""Principal - 7110 - ACTIVIDADES DE ARQUITECTURA E INGENIERÍA Y ACTIVIDADES CONEXAS DE CONSULTORÍA TÉCNICA"",""penalidades_acum"":0,""sanciones_tcp_acum"":0,""estado"":""ACTIVO"",""condicion"":""HABIDO""}","{""ruc"":""20608077163"",""antiguedad_empresa"":1.0,""cmc"":4636396.79,""cantidad_rubros"":2.0,""actividad_principal"":""Principal - 7110 - ACTIVIDADES DE ARQUITECTURA E INGENIERÍA Y ACTIVIDADES CONEXAS DE CONSULTORÍA TÉCNICA"",""penalidades_acum"":0,""sanciones_tcp_acum"":0,""estado"":""ACTIVO"",""condicion"":""HABIDO""}",,,,,,,
2783,HUANUCO,"441,866.00",06/07/2022,"{""ruc"":""20573078897"",""antiguedad_empresa"":9.0,""cmc"":100000.0,""cantidad_rubros"":3.0,""actividad_principal"":""Principal - 7110 - ACTIVIDADES DE ARQUITECTURA E INGENIERÍA Y ACTIVIDADES CONEXAS DE CONSULTORÍA TÉCNICA"",""penalidades_acum"":0,""sanciones_tcp_acum"":0,""estado"":""ACTIVO"",""condicion"":""HABIDO""}","{""ruc"":""20608077163"",""antiguedad_empresa"":1.0,""cmc"":4636396.79,""cantidad_rubros"":2.0,""actividad_principal"":""Principal - 7110 - ACTIVIDADES DE ARQUITECTURA E INGENIERÍA Y ACTIVIDADES CONEXAS DE CONSULTORÍA TÉCNICA"",""penalidades_acum"":0,""sanciones_tcp_acum"":0,""estado"":""ACTIVO"",""condicion"":""HABIDO""}",,,,,,,
2784,HUANUCO,"497,789.54",06/07/2022,"{""ruc"":""20510591829"",""antiguedad_empresa"":15.0,""cmc"":1037125869.18,""cantidad_rubros"":2.0,""actividad_principal"":""Principal - 4100 - CONSTRUCCIÓN DE EDIFICIOS"",""penalidades_acum"":0,""sanciones_tcp_acum"":0,""estado"":""ACTIVO"",""condicion"":""HABIDO""}",,,,,,,,
2785,HUANUCO,"737,228.90",06/07/2022,"{""ruc"":""20510591829"",""antiguedad_empresa"":15.0,""cmc"":1037125869.18,""cantidad_rubros"":2.0,""actividad_principal"":""Principal - 4100 - CONSTRUCCIÓN DE EDIFICIOS"",""penalidades_acum"":0,""sanciones_tcp_acum"":0,""estado"":""ACTIVO"",""condicion"":""HABIDO""}",,,,,,,,
2786,HUANUCO,"1,226,591.50",05/07/2022,"{""ruc"":""20486834529"",""antiguedad_empresa"":14.0,""cmc"":100000.0,""cantidad_rubros"":3.0,""actividad_principal"":""Principal - 4100 - CONSTRUCCIÓN DE EDIFICIOS"",""penalidades_acum"":0,""sanciones_tcp_acum"":3,""estado"":""ACTIVO"",""condicion"":""HABIDO""}",,,,,,,,
2787,HUANUCO,"1,533,734.68",05/07/2022,"{""ruc"":""20489536979"",""antiguedad_empresa"":15.0,""cmc"":99122010.24,""cantidad_rubros"":3.0,""actividad_principal"":""Principal - 7110 - ACTIVIDADES DE ARQUITECTURA E INGENIERÍA Y ACTIVIDADES CONEXAS DE CONSULTORÍA TÉCNICA"",""penalidades_acum"":2,""sanciones_tcp_acum"":0,""estado"":""ACTIVO"",""condicion"":""HABIDO""}","{""ruc"":""20573140959"",""antiguedad_empresa"":8.0,""cmc"":100000.0,""cantidad_rubros"":3.0,""actividad_principal"":""Principal - 4210 - CONSTRUCCIÓN DE CARRETERAS Y VÍAS DE FERROCARRIL"",""penalidades_acum"":0,""sanciones_tcp_acum"":0,""estado"":""ACTIVO"",""condicion"":""HABIDO""}",,,,,,,
2788,HUANUCO,"1,168,456.24",05/07/2022,"{""ruc"":""20486834529"",""antiguedad_empresa"":14.0,""cmc"":100000.0,""cantidad_rubros"":3.0,""actividad_principal"":""Principal - 4100 - CONSTRUCCIÓN DE EDIFICIOS"",""penalidades_acum"":0,""sanciones_tcp_acum"":3,""estado"":""ACTIVO"",""condicion"":""HABIDO""}",,,,,,,,
2789,HUANUCO,"6,613,215.91",05/07/2022,"{""ruc"":""20601263158"",""antiguedad_empresa"":6.0,""cmc"":100000.0,""cantidad_rubros"":3.0,""actividad_principal"":""Principal - 4923 - TRANSPORTE DE CARGA POR CARRETERA"",""penalidades_acum"":0,""sanciones_tcp_acum"":0,""estado"":""ACTIVO"",""condicion"":""HABIDO""}","{""ruc"":""20226217003"",""antiguedad_empresa"":28.0,""cmc"":159937870.28,""cantidad_rubros"":3.0,""actividad_principal"":""Principal - 7110 - ACTIVIDADES DE ARQUITECTURA E INGENIERÍA Y ACTIVIDADES CONEXAS DE CONSULTORÍA TÉCNICA"",""penalidades_acum"":0,""sanciones_tcp_acum"":1,""estado"":""ACTIVO"",""condicion"":""HABIDO""}",,,,,,,
2790,HUANUCO,"1,239,291.96",10/06/2022,"{""ruc"":""20486834529"",""antiguedad_empresa"":14.0,""cmc"":100000.0,""cantidad_rubros"":3.0,""actividad_principal"":""Principal - 4100 - CONSTRUCCIÓN DE EDIFICIOS"",""penalidades_acum"":0,""sanciones_tcp_acum"":3,""estado"":""ACTIVO"",""condicion"":""HABIDO""}",,,,,,,,
2791,HUANUCO,"1,872,562.70",08/06/2022,"{""ruc"":""20529286997"",""antiguedad_empresa"":11.0,""cmc"":16563295.22,""cantidad_rubros"":3.0,""actividad_principal"":""Principal - 4100 - CONSTRUCCIÓN DE EDIFICIOS"",""penalidades_acum"":0,""sanciones_tcp_acum"":0,""estado"":""ACTIVO"",""condicion"":""HABIDO""}","{""ruc"":""20489643627"",""antiguedad_empresa"":14.0,""cmc"":100000.0,""cantidad_rubros"":3.0,""actividad_principal"":""Principal - 7730 - ALQUILER Y ARRENDAMIENTO DE OTROS TIPOS DE MAQUINARIA, EQUIPO Y BIENES TANGIBLES"",""penalidades_acum"":0,""sanciones_tcp_acum"":0,""estado"":""ACTIVO"",""condicion"":""HABIDO""}",,,,,,,
2792,HUANUCO,"5,505,101.55",20/05/2022,"{""ruc"":""20542408562"",""antiguedad_empresa"":11.0,""cmc"":500000.0,""cantidad_rubros"":3.0,""actividad_principal"":""Principal - 4290 - CONSTRUCCIÓN DE OTRAS OBRAS DE INGENIERÍA CIVIL"",""penalidades_acum"":0,""sanciones_tcp_acum"":0,""estado"":""ACTIVO"",""condicion"":""HABIDO""}",,,,,,,,
2793,HUANUCO,"1,071,936.45",22/02/2022,"{""ruc"":""20482474587"",""antiguedad_empresa"":12.0,""cmc"":16387233.02,""cantidad_rubros"":3.0,""actividad_principal"":""Principal - 4100 - CONSTRUCCIÓN DE EDIFICIOS"",""penalidades_acum"":0,""sanciones_tcp_acum"":1,""estado"":""ACTIVO"",""condicion"":""HABIDO""}",,,,,,,,
2833,HUANUCO,"7,880,553.25",19/12/2024,"{""ruc"":""20552839073"",""antiguedad_empresa"":3.0,""cmc"":36312594.55,""cantidad_rubros"":3.0,""actividad_principal"":""Principal - 4220 - CONSTRUCCIÓN DE PROYECTOS DE SERVICIO PÚBLICO"",""penalidades_acum"":0,""sanciones_tcp_acum"":0,""estado"":""ACTIVO"",""condicion"":""HABIDO""}","{""ruc"":""20226217003"",""antiguedad_empresa"":30.0,""cmc"":159937870.28,""cantidad_rubros"":3.0,""actividad_principal"":""Principal - 7110 - ACTIVIDADES DE ARQUITECTURA E INGENIERÍA Y ACTIVIDADES CONEXAS DE CONSULTORÍA TÉCNICA"",""penalidades_acum"":0,""sanciones_tcp_acum"":1,""estado"":""ACTIVO"",""condicion"":""HABIDO""}",,,,,,,
2834,HUANUCO,"2,713,949.91",22/11/2024,"{""ruc"":""20489650674"",""antiguedad_empresa"":16.0,""cmc"":100000.0,""cantidad_rubros"":3.0,""actividad_principal"":""Principal - 4100 - CONSTRUCCIÓN DE EDIFICIOS"",""penalidades_acum"":0,""sanciones_tcp_acum"":1,""estado"":""ACTIVO"",""condicion"":""HABIDO""}","{""ruc"":""20529066521"",""antiguedad_empresa"":14.0,""cmc"":120813293.51,""cantidad_rubros"":3.0,""actividad_principal"":""Principal - 4923 - TRANSPORTE DE CARGA POR CARRETERA"",""penalidades_acum"":0,""sanciones_tcp_acum"":0,""estado"":""ACTIVO"",""condicion"":""HABIDO""}",,,,,,,
2835,HUANUCO,"3,085,028.51",22/11/2024,"{""ruc"":""20600184416"",""antiguedad_empresa"":9.0,""cmc"":100000.0,""cantidad_rubros"":3.0,""actividad_principal"":""Principal - 4663 - VENTA AL POR MAYOR DE MATERIALES DE CONSTRUCCIÓN, ARTÍCULOS DE FERRETERÍA Y EQUIPO Y MATERIALES DE FONTANERÍA Y CALEFACCIÓN"",""penalidades_acum"":0,""sanciones_tcp_acum"":0,""estado"":""ACTIVO"",""condicion"":""HABIDO""}",,,,,,,,
2836,HUANUCO,"5,474,998.57",18/09/2024,"{""ruc"":""20602486894"",""antiguedad_empresa"":6.0,""cmc"":400000.0,""cantidad_rubros"":3.0,""actividad_principal"":""Principal - 8129 - OTRAS ACTIVIDADES DE LIMPIEZA DE EDIFICIOS Y DE INSTALACIONES INDUSTRIALES"",""penalidades_acum"":0,""sanciones_tcp_acum"":0,""estado"":""ACTIVO"",""condicion"":""HABIDO""}","{""ruc"":""20515422154"",""antiguedad_empresa"":17.0,""cmc"":100095766.69,""cantidad_rubros"":3.0,""actividad_principal"":""Principal - 4220 - CONSTRUCCIÓN DE PROYECTOS DE SERVICIO PÚBLICO"",""penalidades_acum"":0,""sanciones_tcp_acum"":0,""estado"":""ACTIVO"",""condicion"":""HABIDO""}",,,,,,,
2837,HUANUCO,"415,000.00",13/09/2024,"{""ruc"":""20573333081"",""antiguedad_empresa"":6.0,""cmc"":7066601.44,""cantidad_rubros"":3.0,""actividad_principal"":""Principal - 4210 - CONSTRUCCIÓN DE CARRETERAS Y VÍAS DE FERROCARRIL"",""penalidades_acum"":2,""sanciones_tcp_acum"":2,""estado"":""ACTIVO"",""condicion"":""HABIDO""}","{""ruc"":""20605583718"",""antiguedad_empresa"":5.0,""cmc"":100000.0,""cantidad_rubros"":3.0,""actividad_principal"":""Principal - 4100 - CONSTRUCCIÓN DE EDIFICIOS"",""penalidades_acum"":0,""sanciones_tcp_acum"":0,""estado"":""ACTIVO"",""condicion"":""HABIDO""}",,,,,,,
2838,HUANUCO,"502,825.26",13/09/2024,"{""ruc"":""20571420067"",""antiguedad_empresa"":12.0,""cmc"":74230917.63,""cantidad_rubros"":3.0,""actividad_principal"":""Principal - 4663 - VENTA AL POR MAYOR DE MATERIALES DE CONSTRUCCIÓN, ARTÍCULOS DE FERRETERÍA Y EQUIPO Y MATERIALES DE FONTANERÍA Y CALEFACCIÓN"",""penalidades_acum"":0,""sanciones_tcp_acum"":0,""estado"":""ACTIVO"",""condicion"":""HABIDO""}","{""ruc"":""20606330732"",""antiguedad_empresa"":4.0,""cmc"":100000.0,""cantidad_rubros"":2.0,""actividad_principal"":""Principal - 4290 - CONSTRUCCIÓN DE OTRAS OBRAS DE INGENIERÍA CIVIL"",""penalidades_acum"":0,""sanciones_tcp_acum"":0,""estado"":""ACTIVO"",""condicion"":""HABIDO""}",,,,,,,
2839,HUANUCO,"473,792.09",12/09/2024,"{""ruc"":""20571420067"",""antiguedad_empresa"":12.0,""cmc"":74230917.63,""cantidad_rubros"":3.0,""actividad_principal"":""Principal - 4663 - VENTA AL POR MAYOR DE MATERIALES DE CONSTRUCCIÓN, ARTÍCULOS DE FERRETERÍA Y EQUIPO Y MATERIALES DE FONTANERÍA Y CALEFACCIÓN"",""penalidades_acum"":0,""sanciones_tcp_acum"":0,""estado"":""ACTIVO"",""condicion"":""HABIDO""}","{""ruc"":""20600349466"",""antiguedad_empresa"":4.0,""cmc"":100000.0,""cantidad_rubros"":3.0,""actividad_principal"":""Principal - 7110 - ACTIVIDADES DE ARQUITECTURA E INGENIERÍA Y ACTIVIDADES CONEXAS DE CONSULTORÍA TÉCNICA"",""penalidades_acum"":0,""sanciones_tcp_acum"":0,""estado"":""ACTIVO"",""condicion"":""HABIDO""}",,,,,,,
2840,HUANUCO,"485,726.06",12/09/2024,"{""ruc"":""20542191059"",""antiguedad_empresa"":13.0,""cmc"":163445326.5,""cantidad_rubros"":3.0,""actividad_principal"":""Principal - 4290 - CONSTRUCCIÓN DE OTRAS OBRAS DE INGENIERÍA CIVIL"",""penalidades_acum"":1,""sanciones_tcp_acum"":0,""estado"":""ACTIVO"",""condicion"":""HABIDO""}","{""ruc"":""20604048746"",""antiguedad_empresa"":5.0,""cmc"":216064.15,""cantidad_rubros"":3.0,""actividad_principal"":""Principal - 7110 - ACTIVIDADES DE ARQUITECTURA E INGENIERÍA Y ACTIVIDADES CONEXAS DE CONSULTORÍA TÉCNICA"",""penalidades_acum"":0,""sanciones_tcp_acum"":0,""estado"":""ACTIVO"",""condicion"":""HABIDO""}",,,,,,,
2841,HUANUCO,"483,745.40",12/09/2024,"{""ruc"":""20486751151"",""antiguedad_empresa"":13.0,""cmc"":9901026.9,""cantidad_rubros"":3.0,""actividad_principal"":""Principal - 4290 - CONSTRUCCIÓN DE OTRAS OBRAS DE INGENIERÍA CIVIL"",""penalidades_acum"":0,""sanciones_tcp_acum"":0,""estado"":""ACTIVO"",""condicion"":""HABIDO""}",,,,,,,,
2842,HUANUCO,"797,953.95",12/09/2024,"{""ruc"":""20489475228"",""antiguedad_empresa"":18.0,""cmc"":100000.0,""cantidad_rubros"":2.0,""actividad_principal"":""Principal - 4390 - OTRAS ACTIVIDADES ESPECIALIZADAS DE CONSTRUCCIÓN"",""penalidades_acum"":0,""sanciones_tcp_acum"":1,""estado"":""ACTIVO"",""condicion"":""HABIDO""}","{""ruc"":""20602473903"",""antiguedad_empresa"":7.0,""cmc"":100000.0,""cantidad_rubros"":3.0,""actividad_principal"":""Principal - 4290 - CONSTRUCCIÓN DE OTRAS OBRAS DE INGENIERÍA CIVIL"",""penalidades_acum"":0,""sanciones_tcp_acum"":0,""estado"":""ACTIVO"",""condicion"":""HABIDO""}",,,,,,,
2843,HUANUCO,"385,100.46",10/09/2024,"{""ruc"":""20602633960"",""antiguedad_empresa"":0.0,""cmc"":100000.0,""cantidad_rubros"":3.0,""actividad_principal"":""Principal - 4290 - CONSTRUCCIÓN DE OTRAS OBRAS DE INGENIERÍA CIVIL"",""penalidades_acum"":0,""sanciones_tcp_acum"":0,""estado"":""BAJA DE OFICIO"",""condicion"":""HABIDO""}","{""ruc"":""20568838352"",""antiguedad_empresa"":11.0,""cmc"":7610997.96,""cantidad_rubros"":3.0,""actividad_principal"":""Principal - 4100 - CONSTRUCCIÓN DE EDIFICIOS"",""penalidades_acum"":0,""sanciones_tcp_acum"":0,""estado"":""ACTIVO"",""condicion"":""HABIDO""}",,,,,,,
2844,HUANUCO,"1,868,562.98",04/09/2024,"{""ruc"":""20573098731"",""antiguedad_empresa"":11.0,""cmc"":11413179.26,""cantidad_rubros"":3.0,""actividad_principal"":""Principal - 4290 - CONSTRUCCIÓN DE OTRAS OBRAS DE INGENIERÍA CIVIL"",""penalidades_acum"":0,""sanciones_tcp_acum"":0,""estado"":""ACTIVO"",""condicion"":""HABIDO""}","{""ruc"":""20529169842"",""antiguedad_empresa"":8.0,""cmc"":100000.0,""cantidad_rubros"":3.0,""actividad_principal"":""Principal - 4100 - CONSTRUCCIÓN DE EDIFICIOS"",""penalidades_acum"":0,""sanciones_tcp_acum"":0,""estado"":""ACTIVO"",""condicion"":""HABIDO""}",,,,,,,
2845,HUANUCO,"2,390,113.60",20/08/2024,"{""ruc"":""20600172744"",""antiguedad_empresa"":2.0,""cmc"":500000.0,""cantidad_rubros"":3.0,""actividad_principal"":""Principal - 4100 - CONSTRUCCIÓN DE EDIFICIOS"",""penalidades_acum"":0,""sanciones_tcp_acum"":0,""estado"":""ACTIVO"",""condicion"":""HABIDO""}","{""ruc"":""20571395283"",""antiguedad_empresa"":12.0,""cmc"":60678436.15,""cantidad_rubros"":3.0,""actividad_principal"":""Principal - 4100 - CONSTRUCCIÓN DE EDIFICIOS"",""penalidades_acum"":0,""sanciones_tcp_acum"":0,""estado"":""ACTIVO"",""condicion"":""HABIDO""}",,,,,,,
2846,HUANUCO,"507,446.98",14/08/2024,"{""ruc"":""20573068743"",""antiguedad_empresa"":11.0,""cmc"":100000.0,""cantidad_rubros"":3.0,""actividad_principal"":""Principal - 4100 - CONSTRUCCIÓN DE EDIFICIOS"",""penalidades_acum"":0,""sanciones_tcp_acum"":0,""estado"":""ACTIVO"",""condicion"":""HABIDO""}","{""ruc"":""20573264097"",""antiguedad_empresa"":10.0,""cmc"":100000.0,""cantidad_rubros"":3.0,""actividad_principal"":""Principal - 7110 - ACTIVIDADES DE ARQUITECTURA E INGENIERÍA Y ACTIVIDADES CONEXAS DE CONSULTORÍA TÉCNICA"",""penalidades_acum"":0,""sanciones_tcp_acum"":0,""estado"":""ACTIVO"",""condicion"":""HABIDO""}",,,,,,,
2847,HUANUCO,"1,109,030.22",15/07/2024,"{""ruc"":""20602924701"",""antiguedad_empresa"":6.0,""cmc"":9875406.11,""cantidad_rubros"":3.0,""actividad_principal"":""Principal - 7110 - ACTIVIDADES DE ARQUITECTURA E INGENIERÍA Y ACTIVIDADES CONEXAS DE CONSULTORÍA TÉCNICA"",""penalidades_acum"":0,""sanciones_tcp_acum"":0,""estado"":""ACTIVO"",""condicion"":""HABIDO""}","{""ruc"":""20608077163"",""antiguedad_empresa"":3.0,""cmc"":4636396.79,""cantidad_rubros"":2.0,""actividad_principal"":""Principal - 7110 - ACTIVIDADES DE ARQUITECTURA E INGENIERÍA Y ACTIVIDADES CONEXAS DE CONSULTORÍA TÉCNICA"",""penalidades_acum"":0,""sanciones_tcp_acum"":0,""estado"":""ACTIVO"",""condicion"":""HABIDO""}",,,,,,,
2848,HUANUCO,"2,874,149.76",20/06/2024,"{""ruc"":""20608077163"",""antiguedad_empresa"":3.0,""cmc"":4636396.79,""cantidad_rubros"":2.0,""actividad_principal"":""Principal - 7110 - ACTIVIDADES DE ARQUITECTURA E INGENIERÍA Y ACTIVIDADES CONEXAS DE CONSULTORÍA TÉCNICA"",""penalidades_acum"":0,""sanciones_tcp_acum"":0,""estado"":""ACTIVO"",""condicion"":""HABIDO""}","{""ruc"":""20489536979"",""antiguedad_empresa"":17.0,""cmc"":99122010.24,""cantidad_rubros"":3.0,""actividad_principal"":""Principal - 7110 - ACTIVIDADES DE ARQUITECTURA E INGENIERÍA Y ACTIVIDADES CONEXAS DE CONSULTORÍA TÉCNICA"",""penalidades_acum"":2,""sanciones_tcp_acum"":0,""estado"":""ACTIVO"",""condicion"":""HABIDO""}",,,,,,,
2849,HUANUCO,"3,180,610.26",19/06/2024,"{""ruc"":""20542191059"",""antiguedad_empresa"":13.0,""cmc"":163445326.5,""cantidad_rubros"":3.0,""actividad_principal"":""Principal - 4290 - CONSTRUCCIÓN DE OTRAS OBRAS DE INGENIERÍA CIVIL"",""penalidades_acum"":1,""sanciones_tcp_acum"":0,""estado"":""ACTIVO"",""condicion"":""HABIDO""}","{""ruc"":""20571135885"",""antiguedad_empresa"":13.0,""cmc"":202433902.0,""cantidad_rubros"":3.0,""actividad_principal"":""Principal - 4100 - CONSTRUCCIÓN DE EDIFICIOS"",""penalidades_acum"":0,""sanciones_tcp_acum"":1,""estado"":""ACTIVO"",""condicion"":""HABIDO""}",,,,,,,
2850,HUANUCO,"2,492,469.05",18/06/2024,"{""ruc"":""20528910433"",""antiguedad_empresa"":15.0,""cmc"":28944270.81,""cantidad_rubros"":3.0,""actividad_principal"":""Principal - 7730 - ALQUILER Y ARRENDAMIENTO DE OTROS TIPOS DE MAQUINARIA, EQUIPO Y BIENES TANGIBLES"",""penalidades_acum"":0,""sanciones_tcp_acum"":0,""estado"":""ACTIVO"",""condicion"":""HABIDO""}","{""ruc"":""20573098731"",""antiguedad_empresa"":11.0,""cmc"":11413179.26,""cantidad_rubros"":3.0,""actividad_principal"":""Principal - 4290 - CONSTRUCCIÓN DE OTRAS OBRAS DE INGENIERÍA CIVIL"",""penalidades_acum"":0,""sanciones_tcp_acum"":0,""estado"":""ACTIVO"",""condicion"":""HABIDO""}",,,,,,,
2851,HUANUCO,"1,885,059.58",14/06/2024,"{""ruc"":""20531054327"",""antiguedad_empresa"":17.0,""cmc"":100000.0,""cantidad_rubros"":1.0,""actividad_principal"":""Principal - 4390 - OTRAS ACTIVIDADES ESPECIALIZADAS DE CONSTRUCCIÓN"",""penalidades_acum"":0,""sanciones_tcp_acum"":1,""estado"":""ACTIVO"",""condicion"":""PENDIENTE""}","{""ruc"":""20600142152"",""antiguedad_empresa"":9.0,""cmc"":9715682.8,""cantidad_rubros"":3.0,""actividad_principal"":""Principal - 7110 - ACTIVIDADES DE ARQUITECTURA E INGENIERÍA Y ACTIVIDADES CONEXAS DE CONSULTORÍA TÉCNICA"",""penalidades_acum"":0,""sanciones_tcp_acum"":1,""estado"":""ACTIVO"",""condicion"":""HABIDO""}",,,,,,,
2852,HUANUCO,"1,438,627.68",14/06/2024,"{""ruc"":""20604488517"",""antiguedad_empresa"":5.0,""cmc"":100000.0,""cantidad_rubros"":3.0,""actividad_principal"":""Principal - 4210 - CONSTRUCCIÓN DE CARRETERAS Y VÍAS DE FERROCARRIL"",""penalidades_acum"":0,""sanciones_tcp_acum"":0,""estado"":""ACTIVO"",""condicion"":""HABIDO""}","{""ruc"":""20529202998"",""antiguedad_empresa"":13.0,""cmc"":49791999.33,""cantidad_rubros"":3.0,""actividad_principal"":""Principal - 4210 - CONSTRUCCIÓN DE CARRETERAS Y VÍAS DE FERROCARRIL"",""penalidades_acum"":0,""sanciones_tcp_acum"":0,""estado"":""ACTIVO"",""condicion"":""HABIDO""}",,,,,,,
2853,HUANUCO,"3,979,744.42",13/06/2024,"{""ruc"":""20600330722"",""antiguedad_empresa"":9.0,""cmc"":471207.15,""cantidad_rubros"":2.0,""actividad_principal"":""Principal - 7110 - ACTIVIDADES DE ARQUITECTURA E INGENIERÍA Y ACTIVIDADES CONEXAS DE CONSULTORÍA TÉCNICA"",""penalidades_acum"":0,""sanciones_tcp_acum"":0,""estado"":""ACTIVO"",""condicion"":""HABIDO""}","{""ruc"":""20600021045"",""antiguedad_empresa"":9.0,""cmc"":75475056.08,""cantidad_rubros"":3.0,""actividad_principal"":""Principal - 4100 - CONSTRUCCIÓN DE EDIFICIOS"",""penalidades_acum"":0,""sanciones_tcp_acum"":0,""estado"":""ACTIVO"",""condicion"":""HABIDO""}",,,,,,,
2854,HUANUCO,"461,757.13",30/05/2024,"{""ruc"":""20534013508"",""antiguedad_empresa"":17.0,""cmc"":500000.0,""cantidad_rubros"":3.0,""actividad_principal"":""Principal - 7110 - ACTIVIDADES DE ARQUITECTURA E INGENIERÍA Y ACTIVIDADES CONEXAS DE CONSULTORÍA TÉCNICA"",""penalidades_acum"":0,""sanciones_tcp_acum"":0,""estado"":""ACTIVO"",""condicion"":""HABIDO""}","{""ruc"":""20601421586"",""antiguedad_empresa"":8.0,""cmc"":5585839.85,""cantidad_rubros"":3.0,""actividad_principal"":""Principal - 4220 - CONSTRUCCIÓN DE PROYECTOS DE SERVICIO PÚBLICO"",""penalidades_acum"":0,""sanciones_tcp_acum"":0,""estado"":""ACTIVO"",""condicion"":""HABIDO""}",,,,,,,
2855,HUANUCO,"505,826.35",30/05/2024,"{""ruc"":""20600347633"",""antiguedad_empresa"":4.0,""cmc"":100000.0,""cantidad_rubros"":1.0,""actividad_principal"":""Principal - 4100 - CONSTRUCCIÓN DE EDIFICIOS"",""penalidades_acum"":0,""sanciones_tcp_acum"":0,""estado"":""ACTIVO"",""condicion"":""HABIDO""}","{""ruc"":""20571420067"",""antiguedad_empresa"":12.0,""cmc"":74230917.63,""cantidad_rubros"":3.0,""actividad_principal"":""Principal - 4663 - VENTA AL POR MAYOR DE MATERIALES DE CONSTRUCCIÓN, ARTÍCULOS DE FERRETERÍA Y EQUIPO Y MATERIALES DE FONTANERÍA Y CALEFACCIÓN"",""penalidades_acum"":0,""sanciones_tcp_acum"":0,""estado"":""ACTIVO"",""condicion"":""HABIDO""}",,,,,,,
2856,HUANUCO,"462,458.27",30/05/2024,"{""ruc"":""20608515551"",""antiguedad_empresa"":3.0,""cmc"":100000.0,""cantidad_rubros"":3.0,""actividad_principal"":""Principal - 7110 - ACTIVIDADES DE ARQUITECTURA E INGENIERÍA Y ACTIVIDADES CONEXAS DE CONSULTORÍA TÉCNICA"",""penalidades_acum"":0,""sanciones_tcp_acum"":0,""estado"":""ACTIVO"",""condicion"":""HABIDO""}","{""ruc"":""20486743302"",""antiguedad_empresa"":16.0,""cmc"":28933255.05,""cantidad_rubros"":3.0,""actividad_principal"":""Principal - 4290 - CONSTRUCCIÓN DE OTRAS OBRAS DE INGENIERÍA CIVIL"",""penalidades_acum"":0,""sanciones_tcp_acum"":1,""estado"":""ACTIVO"",""condicion"":""HABIDO""}",,,,,,,
2857,HUANUCO,"426,386.16",30/05/2024,"{""ruc"":""20486751151"",""antiguedad_empresa"":13.0,""cmc"":9901026.9,""cantidad_rubros"":3.0,""actividad_principal"":""Principal - 4290 - CONSTRUCCIÓN DE OTRAS OBRAS DE INGENIERÍA CIVIL"",""penalidades_acum"":0,""sanciones_tcp_acum"":0,""estado"":""ACTIVO"",""condicion"":""HABIDO""}",,,,,,,,
2858,HUANUCO,"458,348.44",30/05/2024,"{""ruc"":""20573078897"",""antiguedad_empresa"":11.0,""cmc"":100000.0,""cantidad_rubros"":3.0,""actividad_principal"":""Principal - 7110 - ACTIVIDADES DE ARQUITECTURA E INGENIERÍA Y ACTIVIDADES CONEXAS DE CONSULTORÍA TÉCNICA"",""penalidades_acum"":0,""sanciones_tcp_acum"":0,""estado"":""ACTIVO"",""condicion"":""HABIDO""}","{""ruc"":""20573195427"",""antiguedad_empresa"":6.0,""cmc"":100000.0,""cantidad_rubros"":2.0,""actividad_principal"":""Principal - 7110 - ACTIVIDADES DE ARQUITECTURA E INGENIERÍA Y ACTIVIDADES CONEXAS DE CONSULTORÍA TÉCNICA"",""penalidades_acum"":0,""sanciones_tcp_acum"":0,""estado"":""ACTIVO"",""condicion"":""HABIDO""}",,,,,,,
2859,HUANUCO,"543,509.94",30/05/2024,"{""ruc"":""20542344653"",""antiguedad_empresa"":11.0,""cmc"":100000.0,""cantidad_rubros"":3.0,""actividad_principal"":""Principal - 4100 - CONSTRUCCIÓN DE EDIFICIOS"",""penalidades_acum"":0,""sanciones_tcp_acum"":0,""estado"":""ACTIVO"",""condicion"":""HABIDO""}","{""ruc"":""20601486505"",""antiguedad_empresa"":8.0,""cmc"":400000.0,""cantidad_rubros"":3.0,""actividad_principal"":""Principal - 6920 - ACTIVIDADES DE CONTABILIDAD, TENEDURÍA DE LIBROS Y AUDITORÍA; CONSULTORÍA FISCAL"",""penalidades_acum"":0,""sanciones_tcp_acum"":0,""estado"":""ACTIVO"",""condicion"":""HABIDO""}",,,,,,,
2860,HUANUCO,"603,216.00",30/05/2024,"{""ruc"":""20407836872"",""antiguedad_empresa"":15.0,""cmc"":32190460.87,""cantidad_rubros"":3.0,""actividad_principal"":""Principal - 4210 - CONSTRUCCIÓN DE CARRETERAS Y VÍAS DE FERROCARRIL"",""penalidades_acum"":0,""sanciones_tcp_acum"":0,""estado"":""ACTIVO"",""condicion"":""HABIDO""}","{""ruc"":""20600259688"",""antiguedad_empresa"":6.0,""cmc"":2101152348.72,""cantidad_rubros"":2.0,""actividad_principal"":""Principal - 4663 - VENTA AL POR MAYOR DE MATERIALES DE CONSTRUCCIÓN, ARTÍCULOS DE FERRETERÍA Y EQUIPO Y MATERIALES DE FONTANERÍA Y CALEFACCIÓN"",""penalidades_acum"":0,""sanciones_tcp_acum"":0,""estado"":""ACTIVO"",""condicion"":""HABIDO""}",,,,,,,
2861,HUANUCO,"483,660.00",30/05/2024,"{""ruc"":""20610882499"",""antiguedad_empresa"":1.0,""cmc"":100000.0,""cantidad_rubros"":3.0,""actividad_principal"":""Principal - 4100 - CONSTRUCCIÓN DE EDIFICIOS"",""penalidades_acum"":0,""sanciones_tcp_acum"":0,""estado"":""ACTIVO"",""condicion"":""HABIDO""}","{""ruc"":""20489717175"",""antiguedad_empresa"":2.0,""cmc"":100000.0,""cantidad_rubros"":2.0,""actividad_principal"":""Principal - 4100 - CONSTRUCCIÓN DE EDIFICIOS"",""penalidades_acum"":0,""sanciones_tcp_acum"":0,""estado"":""ACTIVO"",""condicion"":""HABIDO""}",,,,,,,
2862,HUANUCO,"478,341.33",30/05/2024,"{""ruc"":""20542191059"",""antiguedad_empresa"":13.0,""cmc"":163445326.5,""cantidad_rubros"":3.0,""actividad_principal"":""Principal - 4290 - CONSTRUCCIÓN DE OTRAS OBRAS DE INGENIERÍA CIVIL"",""penalidades_acum"":1,""sanciones_tcp_acum"":0,""estado"":""ACTIVO"",""condicion"":""HABIDO""}","{""ruc"":""20489536979"",""antiguedad_empresa"":17.0,""cmc"":99122010.24,""cantidad_rubros"":3.0,""actividad_principal"":""Principal - 7110 - ACTIVIDADES DE ARQUITECTURA E INGENIERÍA Y ACTIVIDADES CONEXAS DE CONSULTORÍA TÉCNICA"",""penalidades_acum"":2,""sanciones_tcp_acum"":0,""estado"":""ACTIVO"",""condicion"":""HABIDO""}",,,,,,,
2863,HUANUCO,"287,380.41",30/05/2024,"{""ruc"":""20606908815"",""antiguedad_empresa"":4.0,""cmc"":5006948.51,""cantidad_rubros"":3.0,""actividad_principal"":""Principal - 4290 - CONSTRUCCIÓN DE OTRAS OBRAS DE INGENIERÍA CIVIL"",""penalidades_acum"":0,""sanciones_tcp_acum"":0,""estado"":""ACTIVO"",""condicion"":""HABIDO""}",,,,,,,,
2864,HUANUCO,"1,378,358.84",29/05/2024,"{""ruc"":""20608077163"",""antiguedad_empresa"":3.0,""cmc"":4636396.79,""cantidad_rubros"":2.0,""actividad_principal"":""Principal - 7110 - ACTIVIDADES DE ARQUITECTURA E INGENIERÍA Y ACTIVIDADES CONEXAS DE CONSULTORÍA TÉCNICA"",""penalidades_acum"":0,""sanciones_tcp_acum"":0,""estado"":""ACTIVO"",""condicion"":""HABIDO""}","{""ruc"":""20602924701"",""antiguedad_empresa"":6.0,""cmc"":9875406.11,""cantidad_rubros"":3.0,""actividad_principal"":""Principal - 7110 - ACTIVIDADES DE ARQUITECTURA E INGENIERÍA Y ACTIVIDADES CONEXAS DE CONSULTORÍA TÉCNICA"",""penalidades_acum"":0,""sanciones_tcp_acum"":0,""estado"":""ACTIVO"",""condicion"":""HABIDO""}",,,,,,,
2865,HUANUCO,"1,253,252.93",21/05/2024,"{""ruc"":""20489466741"",""antiguedad_empresa"":18.0,""cmc"":20507403.53,""cantidad_rubros"":2.0,""actividad_principal"":""Principal - 4290 - CONSTRUCCIÓN DE OTRAS OBRAS DE INGENIERÍA CIVIL"",""penalidades_acum"":0,""sanciones_tcp_acum"":0,""estado"":""ACTIVO"",""condicion"":""HABIDO""}",,,,,,,,
2866,HUANUCO,"342,360.99",02/05/2024,"{""ruc"":""20602500463"",""antiguedad_empresa"":7.0,""cmc"":100000.0,""cantidad_rubros"":3.0,""actividad_principal"":""Principal - 4210 - CONSTRUCCIÓN DE CARRETERAS Y VÍAS DE FERROCARRIL"",""penalidades_acum"":0,""sanciones_tcp_acum"":0,""estado"":""ACTIVO"",""condicion"":""HABIDO""}","{""ruc"":""20606862581"",""antiguedad_empresa"":3.0,""cmc"":100000.0,""cantidad_rubros"":3.0,""actividad_principal"":""Principal - 4100 - CONSTRUCCIÓN DE EDIFICIOS"",""penalidades_acum"":0,""sanciones_tcp_acum"":0,""estado"":""ACTIVO"",""condicion"":""HABIDO""}",,,,,,,
2867,HUANUCO,"977,256.93",17/04/2024,"{""ruc"":""20573041977"",""antiguedad_empresa"":11.0,""cmc"":5699650.25,""cantidad_rubros"":3.0,""actividad_principal"":""Principal - 4290 - CONSTRUCCIÓN DE OTRAS OBRAS DE INGENIERÍA CIVIL"",""penalidades_acum"":0,""sanciones_tcp_acum"":0,""estado"":""ACTIVO"",""condicion"":""HABIDO""}","{""ruc"":""20573333081"",""antiguedad_empresa"":6.0,""cmc"":7066601.44,""cantidad_rubros"":3.0,""actividad_principal"":""Principal - 4210 - CONSTRUCCIÓN DE CARRETERAS Y VÍAS DE FERROCARRIL"",""penalidades_acum"":2,""sanciones_tcp_acum"":2,""estado"":""ACTIVO"",""condicion"":""HABIDO""}",,,,,,,
2868,HUANUCO,"1,331,584.34",15/03/2024,"{""ruc"":""20489558433"",""antiguedad_empresa"":10.0,""cmc"":6271116.34,""cantidad_rubros"":3.0,""actividad_principal"":""Principal - 4100 - CONSTRUCCIÓN DE EDIFICIOS"",""penalidades_acum"":0,""sanciones_tcp_acum"":0,""estado"":""ACTIVO"",""condicion"":""HABIDO""}","{""ruc"":""20610563580"",""antiguedad_empresa"":1.0,""cmc"":100000.0,""cantidad_rubros"":3.0,""actividad_principal"":""Principal - 4220 - CONSTRUCCIÓN DE PROYECTOS DE SERVICIO PÚBLICO"",""penalidades_acum"":0,""sanciones_tcp_acum"":0,""estado"":""ACTIVO"",""condicion"":""HABIDO""}",,,,,,,
2869,HUANUCO,"1,709,390.47",14/03/2024,"{""ruc"":""20542531097"",""antiguedad_empresa"":12.0,""cmc"":532881551.96,""cantidad_rubros"":3.0,""actividad_principal"":""Principal - 4100 - CONSTRUCCIÓN DE EDIFICIOS"",""penalidades_acum"":0,""sanciones_tcp_acum"":0,""estado"":""ACTIVO"",""condicion"":""HABIDO""}","{""ruc"":""20489544998"",""antiguedad_empresa"":17.0,""cmc"":236719862.42,""cantidad_rubros"":3.0,""actividad_principal"":""Principal - 4210 - CONSTRUCCIÓN DE CARRETERAS Y VÍAS DE FERROCARRIL"",""penalidades_acum"":1,""sanciones_tcp_acum"":2,""estado"":""ACTIVO"",""condicion"":""HABIDO""}",,,,,,,
2870,HUANUCO,"1,109,030.22",13/03/2024,"{""ruc"":""20514155403"",""antiguedad_empresa"":18.0,""cmc"":100000.0,""cantidad_rubros"":2.0,""actividad_principal"":""Principal - 4390 - OTRAS ACTIVIDADES ESPECIALIZADAS DE CONSTRUCCIÓN"",""penalidades_acum"":0,""sanciones_tcp_acum"":0,""estado"":""ACTIVO"",""condicion"":""HABIDO""}",,,,,,,,
2871,HUANUCO,"6,821,360.26",11/03/2024,"{""ruc"":""20487913791"",""antiguedad_empresa"":12.0,""cmc"":167767514.62,""cantidad_rubros"":3.0,""actividad_principal"":""Principal - 4741 - VENTA AL POR MENOR DE ORDENADORES, EQUIPO PERIFÉRICO, PROGRAMA DE INFORM. Y EQU. DE TELEC. EN COMERCIOS ESPECIALIZADOS"",""penalidades_acum"":0,""sanciones_tcp_acum"":0,""estado"":""ACTIVO"",""condicion"":""HABIDO""}","{""ruc"":""20608386794"",""antiguedad_empresa"":3.0,""cmc"":5867940.8,""cantidad_rubros"":3.0,""actividad_principal"":""Principal - 2816 - FABRICACIÓN DE EQUIPO DE ELEVACIÓN Y MANIPULACIÓN"",""penalidades_acum"":0,""sanciones_tcp_acum"":1,""estado"":""ACTIVO"",""condicion"":""HABIDO""}",,,,,,,
2872,HUANUCO,"8,467,994.56",08/03/2024,"{""ruc"":""20608386794"",""antiguedad_empresa"":3.0,""cmc"":5867940.8,""cantidad_rubros"":3.0,""actividad_principal"":""Principal - 2816 - FABRICACIÓN DE EQUIPO DE ELEVACIÓN Y MANIPULACIÓN"",""penalidades_acum"":0,""sanciones_tcp_acum"":1,""estado"":""ACTIVO"",""condicion"":""HABIDO""}","{""ruc"":""20487913791"",""antiguedad_empresa"":12.0,""cmc"":167767514.62,""cantidad_rubros"":3.0,""actividad_principal"":""Principal - 4741 - VENTA AL POR MENOR DE ORDENADORES, EQUIPO PERIFÉRICO, PROGRAMA DE INFORM. Y EQU. DE TELEC. EN COMERCIOS ESPECIALIZADOS"",""penalidades_acum"":0,""sanciones_tcp_acum"":0,""estado"":""ACTIVO"",""condicion"":""HABIDO""}",,,,,,,
2873,HUANUCO,"3,330,590.56",04/03/2024,"{""ruc"":""20571135885"",""antiguedad_empresa"":13.0,""cmc"":202433902.0,""cantidad_rubros"":3.0,""actividad_principal"":""Principal - 4100 - CONSTRUCCIÓN DE EDIFICIOS"",""penalidades_acum"":0,""sanciones_tcp_acum"":1,""estado"":""ACTIVO"",""condicion"":""HABIDO""}","{""ruc"":""20601161321"",""antiguedad_empresa"":8.0,""cmc"":7372869.96,""cantidad_rubros"":3.0,""actividad_principal"":""Principal - 4100 - CONSTRUCCIÓN DE EDIFICIOS"",""penalidades_acum"":0,""sanciones_tcp_acum"":0,""estado"":""ACTIVO"",""condicion"":""HABIDO""}",,,,,,,
3079,ICA,"3,254,433.45",03/11/2021,"{""ruc"":""20452468418"",""antiguedad_empresa"":18.0,""cmc"":16729173.02,""cantidad_rubros"":3.0,""actividad_principal"":""Principal - 4100 - CONSTRUCCIÓN DE EDIFICIOS"",""penalidades_acum"":0,""sanciones_tcp_acum"":0,""estado"":""ACTIVO"",""condicion"":""HABIDO""}",,,,,,,,
3080,ICA,"4,542,407.28",29/10/2021,"{""ruc"":""20527479704"",""antiguedad_empresa"":16.0,""cmc"":1079351415.78,""cantidad_rubros"":2.0,""actividad_principal"":""Principal - 4100 - CONSTRUCCIÓN DE EDIFICIOS"",""penalidades_acum"":0,""sanciones_tcp_acum"":1,""estado"":""ACTIVO"",""condicion"":""HABIDO""}",,,,,,,,
3081,ICA,"13,881,746.83",21/10/2021,"{""ruc"":""20527479704"",""antiguedad_empresa"":16.0,""cmc"":1079351415.78,""cantidad_rubros"":2.0,""actividad_principal"":""Principal - 4100 - CONSTRUCCIÓN DE EDIFICIOS"",""penalidades_acum"":0,""sanciones_tcp_acum"":1,""estado"":""ACTIVO"",""condicion"":""HABIDO""}","{""ruc"":""20527267511"",""antiguedad_empresa"":18.0,""cmc"":1087462439.94,""cantidad_rubros"":3.0,""actividad_principal"":""Principal - 4100 - CONSTRUCCIÓN DE EDIFICIOS"",""penalidades_acum"":0,""sanciones_tcp_acum"":0,""estado"":""ACTIVO"",""condicion"":""HABIDO""}",,,,,,,
3082,ICA,"4,526,343.29",06/10/2021,"{""ruc"":""20508326433"",""antiguedad_empresa"":16.0,""cmc"":100998325.06,""cantidad_rubros"":3.0,""actividad_principal"":""Principal - 4290 - CONSTRUCCIÓN DE OTRAS OBRAS DE INGENIERÍA CIVIL"",""penalidades_acum"":0,""sanciones_tcp_acum"":0,""estado"":""ACTIVO"",""condicion"":""HABIDO""}",,,,,,,,
3083,ICA,"34,712,531.68",09/04/2021,"{""ruc"":""20367759551"",""antiguedad_empresa"":23.0,""cmc"":435480381.62,""cantidad_rubros"":3.0,""actividad_principal"":""Principal - 4210 - CONSTRUCCIÓN DE CARRETERAS Y VÍAS DE FERROCARRIL"",""penalidades_acum"":0,""sanciones_tcp_acum"":2,""estado"":""ACTIVO"",""condicion"":""HABIDO""}",,,,,,,,
3084,ICA,"20,291,277.63",14/12/2022,"{""ruc"":""20602258395"",""antiguedad_empresa"":5.0,""cmc"":100000.0,""cantidad_rubros"":3.0,""actividad_principal"":""Principal - 4210 - CONSTRUCCIÓN DE CARRETERAS Y VÍAS DE FERROCARRIL"",""penalidades_acum"":0,""sanciones_tcp_acum"":1,""estado"":""ACTIVO"",""condicion"":""HABIDO""}","{""ruc"":""20523386469"",""antiguedad_empresa"":13.0,""cmc"":161957529.86,""cantidad_rubros"":3.0,""actividad_principal"":""Principal - 4100 - CONSTRUCCIÓN DE EDIFICIOS"",""penalidades_acum"":1,""sanciones_tcp_acum"":0,""estado"":""ACTIVO"",""condicion"":""HABIDO""}",,,,,,,
3085,ICA,"1,727,967.39",09/11/2022,"{""ruc"":""20486753791"",""antiguedad_empresa"":14.0,""cmc"":100000.0,""cantidad_rubros"":3.0,""actividad_principal"":""Principal - 9329 - OTRAS ACTIVIDADES DE ESPARCIMIENTO Y RECREATIVAS N.C.P."",""penalidades_acum"":0,""sanciones_tcp_acum"":0,""estado"":""ACTIVO"",""condicion"":""HABIDO""}",,,,,,,,
3086,ICA,"65,150,648.35",04/10/2022,"{""ruc"":""20537169207"",""antiguedad_empresa"":12.0,""cmc"":100000.0,""cantidad_rubros"":2.0,""actividad_principal"":""Principal - 4390 - OTRAS ACTIVIDADES ESPECIALIZADAS DE CONSTRUCCIÓN"",""penalidades_acum"":1,""sanciones_tcp_acum"":4,""estado"":""ACTIVO"",""condicion"":""HABIDO""}","{""ruc"":""20517562158"",""antiguedad_empresa"":15.0,""cmc"":1417200052.37,""cantidad_rubros"":3.0,""actividad_principal"":""Principal - 4100 - CONSTRUCCIÓN DE EDIFICIOS"",""penalidades_acum"":2,""sanciones_tcp_acum"":4,""estado"":""ACTIVO"",""condicion"":""HABIDO""}",,,,,,,
3087,ICA,"3,442,803.74",04/10/2022,"{""ruc"":""20547282559"",""antiguedad_empresa"":10.0,""cmc"":135689244.58,""cantidad_rubros"":2.0,""actividad_principal"":""Principal - 4100 - CONSTRUCCIÓN DE EDIFICIOS"",""penalidades_acum"":0,""sanciones_tcp_acum"":0,""estado"":""ACTIVO"",""condicion"":""HABIDO""}",,,,,,,,
3088,ICA,"89,584,307.00",15/08/2022,"{""ruc"":""20537169207"",""antiguedad_empresa"":12.0,""cmc"":100000.0,""cantidad_rubros"":2.0,""actividad_principal"":""Principal - 4390 - OTRAS ACTIVIDADES ESPECIALIZADAS DE CONSTRUCCIÓN"",""penalidades_acum"":1,""sanciones_tcp_acum"":4,""estado"":""ACTIVO"",""condicion"":""HABIDO""}","{""ruc"":""20517562158"",""antiguedad_empresa"":15.0,""cmc"":1417200052.37,""cantidad_rubros"":3.0,""actividad_principal"":""Principal - 4100 - CONSTRUCCIÓN DE EDIFICIOS"",""penalidades_acum"":2,""sanciones_tcp_acum"":4,""estado"":""ACTIVO"",""condicion"":""HABIDO""}",,,,,,,
3089,ICA,"5,104,651.85",05/07/2022,"{""ruc"":""20508326433"",""antiguedad_empresa"":17.0,""cmc"":100998325.06,""cantidad_rubros"":3.0,""actividad_principal"":""Principal - 4290 - CONSTRUCCIÓN DE OTRAS OBRAS DE INGENIERÍA CIVIL"",""penalidades_acum"":0,""sanciones_tcp_acum"":0,""estado"":""ACTIVO"",""condicion"":""HABIDO""}",,,,,,,,
3090,ICA,"10,676,027.70",04/07/2022,"{""ruc"":""20367759551"",""antiguedad_empresa"":24.0,""cmc"":435480381.62,""cantidad_rubros"":3.0,""actividad_principal"":""Principal - 4210 - CONSTRUCCIÓN DE CARRETERAS Y VÍAS DE FERROCARRIL"",""penalidades_acum"":0,""sanciones_tcp_acum"":2,""estado"":""ACTIVO"",""condicion"":""HABIDO""}",,,,,,,,
3091,ICA,"4,595,763.71",16/06/2022,"{""ruc"":""20261295246"",""antiguedad_empresa"":27.0,""cmc"":400000.0,""cantidad_rubros"":3.0,""actividad_principal"":""Principal - 4100 - CONSTRUCCIÓN DE EDIFICIOS"",""penalidades_acum"":0,""sanciones_tcp_acum"":2,""estado"":""ACTIVO"",""condicion"":""HABIDO""}","{""ruc"":""20268887785"",""antiguedad_empresa"":27.0,""cmc"":400000.0,""cantidad_rubros"":1.0,""actividad_principal"":""Principal - 4290 - CONSTRUCCIÓN DE OTRAS OBRAS DE INGENIERÍA CIVIL"",""penalidades_acum"":0,""sanciones_tcp_acum"":1,""estado"":""ACTIVO"",""condicion"":""HABIDO""}",,,,,,,
3092,ICA,"3,442,803.74",10/06/2022,"{""ruc"":""20547282559"",""antiguedad_empresa"":10.0,""cmc"":135689244.58,""cantidad_rubros"":2.0,""actividad_principal"":""Principal - 4100 - CONSTRUCCIÓN DE EDIFICIOS"",""penalidades_acum"":0,""sanciones_tcp_acum"":0,""estado"":""ACTIVO"",""condicion"":""HABIDO""}",,,,,,,,
3093,ICA,"75,720,833.36",03/06/2022,"{""ruc"":""20531659075"",""antiguedad_empresa"":13.0,""cmc"":174206866.3,""cantidad_rubros"":3.0,""actividad_principal"":""Principal - 4100 - CONSTRUCCIÓN DE EDIFICIOS"",""penalidades_acum"":0,""sanciones_tcp_acum"":0,""estado"":""ACTIVO"",""condicion"":""HABIDO""}","{""ruc"":""20445575411"",""antiguedad_empresa"":15.0,""cmc"":320171616.58,""cantidad_rubros"":3.0,""actividad_principal"":""Principal - 4100 - CONSTRUCCIÓN DE EDIFICIOS"",""penalidades_acum"":0,""sanciones_tcp_acum"":0,""estado"":""ACTIVO"",""condicion"":""HABIDO""}","{""ruc"":""20532002819"",""antiguedad_empresa"":11.0,""cmc"":74909103.61,""cantidad_rubros"":3.0,""actividad_principal"":""Principal - 4100 - CONSTRUCCIÓN DE EDIFICIOS"",""penalidades_acum"":0,""sanciones_tcp_acum"":0,""estado"":""ACTIVO"",""condicion"":""HABIDO""}",,,,,,
3094,ICA,"9,449,640.85",27/05/2022,"{""ruc"":""20452371414"",""antiguedad_empresa"":20.0,""cmc"":129549600.35,""cantidad_rubros"":2.0,""actividad_principal"":""Principal - 4100 - CONSTRUCCIÓN DE EDIFICIOS"",""penalidades_acum"":0,""sanciones_tcp_acum"":0,""estado"":""ACTIVO"",""condicion"":""HABIDO""}",,,,,,,,
3095,ICA,"1,795,366.45",26/05/2022,"{""ruc"":""20495031137"",""antiguedad_empresa"":12.0,""cmc"":100000.0,""cantidad_rubros"":3.0,""actividad_principal"":""Principal - 4390 - OTRAS ACTIVIDADES ESPECIALIZADAS DE CONSTRUCCIÓN"",""penalidades_acum"":0,""sanciones_tcp_acum"":0,""estado"":""ACTIVO"",""condicion"":""HABIDO""}","{""ruc"":""20600472233"",""antiguedad_empresa"":7.0,""cmc"":30634551.6,""cantidad_rubros"":3.0,""actividad_principal"":""Principal - 4390 - OTRAS ACTIVIDADES ESPECIALIZADAS DE CONSTRUCCIÓN"",""penalidades_acum"":0,""sanciones_tcp_acum"":0,""estado"":""ACTIVO"",""condicion"":""HABIDO""}",,,,,,,
3096,ICA,"4,145,476.99",26/05/2022,"{""ruc"":""20514444341"",""antiguedad_empresa"":16.0,""cmc"":81451779.37,""cantidad_rubros"":3.0,""actividad_principal"":""Principal - 4210 - CONSTRUCCIÓN DE CARRETERAS Y VÍAS DE FERROCARRIL"",""penalidades_acum"":0,""sanciones_tcp_acum"":0,""estado"":""ACTIVO"",""condicion"":""HABIDO""}",,,,,,,,
3097,ICA,"15,414,784.08",25/05/2022,"{""ruc"":""20485988468"",""antiguedad_empresa"":20.0,""cmc"":533517312.01,""cantidad_rubros"":2.0,""actividad_principal"":""Principal - 4290 - CONSTRUCCIÓN DE OTRAS OBRAS DE INGENIERÍA CIVIL"",""penalidades_acum"":0,""sanciones_tcp_acum"":0,""estado"":""ACTIVO"",""condicion"":""HABIDO""}","{""ruc"":""20486753791"",""antiguedad_empresa"":14.0,""cmc"":100000.0,""cantidad_rubros"":3.0,""actividad_principal"":""Principal - 9329 - OTRAS ACTIVIDADES DE ESPARCIMIENTO Y RECREATIVAS N.C.P."",""penalidades_acum"":0,""sanciones_tcp_acum"":0,""estado"":""ACTIVO"",""condicion"":""HABIDO""}",,,,,,,
3098,ICA,"2,959,264.81",03/05/2022,"{""ruc"":""20534393572"",""antiguedad_empresa"":11.0,""cmc"":46492478.51,""cantidad_rubros"":3.0,""actividad_principal"":""Principal - 4100 - CONSTRUCCIÓN DE EDIFICIOS"",""penalidades_acum"":0,""sanciones_tcp_acum"":0,""estado"":""ACTIVO"",""condicion"":""HABIDO""}","{""ruc"":""20534749008"",""antiguedad_empresa"":10.0,""cmc"":12976497.14,""cantidad_rubros"":3.0,""actividad_principal"":""Principal - 4100 - CONSTRUCCIÓN DE EDIFICIOS"",""penalidades_acum"":0,""sanciones_tcp_acum"":1,""estado"":""ACTIVO"",""condicion"":""HABIDO""}",,,,,,,
3099,ICA,"2,050,607.52",22/04/2022,"{""ruc"":""20536704231"",""antiguedad_empresa"":12.0,""cmc"":11159976.41,""cantidad_rubros"":2.0,""actividad_principal"":""Principal - 4100 - CONSTRUCCIÓN DE EDIFICIOS"",""penalidades_acum"":0,""sanciones_tcp_acum"":0,""estado"":""ACTIVO"",""condicion"":""HABIDO""}",,,,,,,,
3100,ICA,"3,138,076.77",23/03/2022,"{""ruc"":""20510711824"",""antiguedad_empresa"":17.0,""cmc"":30495533.42,""cantidad_rubros"":3.0,""actividad_principal"":""Principal - 4100 - CONSTRUCCIÓN DE EDIFICIOS"",""penalidades_acum"":0,""sanciones_tcp_acum"":0,""estado"":""ACTIVO"",""condicion"":""HABIDO""}",,,,,,,,
3101,ICA,"15,175,948.27",16/03/2022,"{""ruc"":""20452468418"",""antiguedad_empresa"":19.0,""cmc"":16729173.02,""cantidad_rubros"":3.0,""actividad_principal"":""Principal - 4100 - CONSTRUCCIÓN DE EDIFICIOS"",""penalidades_acum"":0,""sanciones_tcp_acum"":0,""estado"":""ACTIVO"",""condicion"":""HABIDO""}","{""ruc"":""20494263484"",""antiguedad_empresa"":15.0,""cmc"":400000.0,""cantidad_rubros"":3.0,""actividad_principal"":""Principal - 4100 - CONSTRUCCIÓN DE EDIFICIOS"",""penalidades_acum"":0,""sanciones_tcp_acum"":1,""estado"":""ACTIVO"",""condicion"":""HABIDO""}",,,,,,,
3102,ICA,"3,437,211.60",02/03/2022,"{""ruc"":""20508326433"",""antiguedad_empresa"":17.0,""cmc"":100998325.06,""cantidad_rubros"":3.0,""actividad_principal"":""Principal - 4290 - CONSTRUCCIÓN DE OTRAS OBRAS DE INGENIERÍA CIVIL"",""penalidades_acum"":0,""sanciones_tcp_acum"":0,""estado"":""ACTIVO"",""condicion"":""HABIDO""}",,,,,,,,
3103,ICA,"4,803,066.82",27/01/2022,"{""ruc"":""20452457726"",""antiguedad_empresa"":19.0,""cmc"":1213139779.7,""cantidad_rubros"":3.0,""actividad_principal"":""Principal - 4210 - CONSTRUCCIÓN DE CARRETERAS Y VÍAS DE FERROCARRIL"",""penalidades_acum"":0,""sanciones_tcp_acum"":0,""estado"":""ACTIVO"",""condicion"":""HABIDO""}","{""ruc"":""20600689020"",""antiguedad_empresa"":7.0,""cmc"":400000.0,""cantidad_rubros"":3.0,""actividad_principal"":""Principal - 7120 - ENSAYOS Y ANÁLISIS TÉCNICOS"",""penalidades_acum"":0,""sanciones_tcp_acum"":1,""estado"":""ACTIVO"",""condicion"":""HABIDO""}",,,,,,,
3104,ICA,"12,695,936.04",17/01/2022,"{""ruc"":""20600472233"",""antiguedad_empresa"":7.0,""cmc"":30634551.6,""cantidad_rubros"":3.0,""actividad_principal"":""Principal - 4390 - OTRAS ACTIVIDADES ESPECIALIZADAS DE CONSTRUCCIÓN"",""penalidades_acum"":0,""sanciones_tcp_acum"":0,""estado"":""ACTIVO"",""condicion"":""HABIDO""}","{""ruc"":""20494263484"",""antiguedad_empresa"":15.0,""cmc"":400000.0,""cantidad_rubros"":3.0,""actividad_principal"":""Principal - 4100 - CONSTRUCCIÓN DE EDIFICIOS"",""penalidades_acum"":0,""sanciones_tcp_acum"":1,""estado"":""ACTIVO"",""condicion"":""HABIDO""}",,,,,,,
3124,ICA,"9,965,552.02",05/12/2024,"{""ruc"":""20494690552"",""antiguedad_empresa"":15.0,""cmc"":42357881.5,""cantidad_rubros"":3.0,""actividad_principal"":""Principal - 4220 - CONSTRUCCIÓN DE PROYECTOS DE SERVICIO PÚBLICO"",""penalidades_acum"":0,""sanciones_tcp_acum"":0,""estado"":""ACTIVO"",""condicion"":""HABIDO""}","{""ruc"":""20604749591"",""antiguedad_empresa"":5.0,""cmc"":21664834.32,""cantidad_rubros"":3.0,""actividad_principal"":""Principal - 7730 - ALQUILER Y ARRENDAMIENTO DE OTROS TIPOS DE MAQUINARIA, EQUIPO Y BIENES TANGIBLES"",""penalidades_acum"":0,""sanciones_tcp_acum"":0,""estado"":""ACTIVO"",""condicion"":""HABIDO""}",,,,,,,
3125,ICA,"2,738,299.95",05/12/2024,"{""ruc"":""20494690552"",""antiguedad_empresa"":15.0,""cmc"":42357881.5,""cantidad_rubros"":3.0,""actividad_principal"":""Principal - 4220 - CONSTRUCCIÓN DE PROYECTOS DE SERVICIO PÚBLICO"",""penalidades_acum"":0,""sanciones_tcp_acum"":0,""estado"":""ACTIVO"",""condicion"":""HABIDO""}","{""ruc"":""20452795532"",""antiguedad_empresa"":18.0,""cmc"":20876996.3,""cantidad_rubros"":3.0,""actividad_principal"":""Principal - 4290 - CONSTRUCCIÓN DE OTRAS OBRAS DE INGENIERÍA CIVIL"",""penalidades_acum"":0,""sanciones_tcp_acum"":0,""estado"":""ACTIVO"",""condicion"":""HABIDO""}",,,,,,,
3126,ICA,"6,894,311.41",05/12/2024,"{""ruc"":""20541653156"",""antiguedad_empresa"":12.0,""cmc"":38600390.99,""cantidad_rubros"":2.0,""actividad_principal"":""Principal - 4100 - CONSTRUCCIÓN DE EDIFICIOS"",""penalidades_acum"":0,""sanciones_tcp_acum"":0,""estado"":""ACTIVO"",""condicion"":""HABIDO""}","{""ruc"":""20528910433"",""antiguedad_empresa"":15.0,""cmc"":28944270.81,""cantidad_rubros"":3.0,""actividad_principal"":""Principal - 7730 - ALQUILER Y ARRENDAMIENTO DE OTROS TIPOS DE MAQUINARIA, EQUIPO Y BIENES TANGIBLES"",""penalidades_acum"":0,""sanciones_tcp_acum"":0,""estado"":""ACTIVO"",""condicion"":""HABIDO""}",,,,,,,
3127,ICA,"678,847.53",26/11/2024,"{""ruc"":""20600136586"",""antiguedad_empresa"":9.0,""cmc"":5537802.36,""cantidad_rubros"":2.0,""actividad_principal"":""Principal - 4390 - OTRAS ACTIVIDADES ESPECIALIZADAS DE CONSTRUCCIÓN"",""penalidades_acum"":0,""sanciones_tcp_acum"":0,""estado"":""ACTIVO"",""condicion"":""HABIDO""}",,,,,,,,
3128,ICA,"3,973,480.98",15/11/2024,"{""ruc"":""20494565065"",""antiguedad_empresa"":16.0,""cmc"":11148830.9,""cantidad_rubros"":3.0,""actividad_principal"":""Principal - 4210 - CONSTRUCCIÓN DE CARRETERAS Y VÍAS DE FERROCARRIL"",""penalidades_acum"":0,""sanciones_tcp_acum"":0,""estado"":""ACTIVO"",""condicion"":""HABIDO""}","{""ruc"":""20600472233"",""antiguedad_empresa"":9.0,""cmc"":30634551.6,""cantidad_rubros"":3.0,""actividad_principal"":""Principal - 4390 - OTRAS ACTIVIDADES ESPECIALIZADAS DE CONSTRUCCIÓN"",""penalidades_acum"":0,""sanciones_tcp_acum"":0,""estado"":""ACTIVO"",""condicion"":""HABIDO""}",,,,,,,
3129,ICA,"14,645,435.88",06/11/2024,"{""ruc"":""20534175664"",""antiguedad_empresa"":16.0,""cmc"":400000.0,""cantidad_rubros"":3.0,""actividad_principal"":""Principal - 4290 - CONSTRUCCIÓN DE OTRAS OBRAS DE INGENIERÍA CIVIL"",""penalidades_acum"":0,""sanciones_tcp_acum"":1,""estado"":""ACTIVO"",""condicion"":""NO HALLADO""}","{""ruc"":""20494665876"",""antiguedad_empresa"":14.0,""cmc"":100000.0,""cantidad_rubros"":3.0,""actividad_principal"":""Principal - 4100 - CONSTRUCCIÓN DE EDIFICIOS"",""penalidades_acum"":1,""sanciones_tcp_acum"":0,""estado"":""ACTIVO"",""condicion"":""HABIDO""}",,,,,,,
3130,ICA,"2,379,769.18",27/09/2024,"{""ruc"":""20534517131"",""antiguedad_empresa"":12.0,""cmc"":100000.0,""cantidad_rubros"":2.0,""actividad_principal"":""Principal - 4100 - CONSTRUCCIÓN DE EDIFICIOS"",""penalidades_acum"":0,""sanciones_tcp_acum"":0,""estado"":""ACTIVO"",""condicion"":""HABIDO""}","{""ruc"":""20535195715"",""antiguedad_empresa"":10.0,""cmc"":6066416.16,""cantidad_rubros"":2.0,""actividad_principal"":""Principal - 4390 - OTRAS ACTIVIDADES ESPECIALIZADAS DE CONSTRUCCIÓN"",""penalidades_acum"":0,""sanciones_tcp_acum"":0,""estado"":""ACTIVO"",""condicion"":""HABIDO""}",,,,,,,
3131,ICA,"2,363,087.20",03/09/2024,"{""ruc"":""20600029798"",""antiguedad_empresa"":10.0,""cmc"":25206231.47,""cantidad_rubros"":3.0,""actividad_principal"":""Principal - 4100 - CONSTRUCCIÓN DE EDIFICIOS"",""penalidades_acum"":3,""sanciones_tcp_acum"":0,""estado"":""ACTIVO"",""condicion"":""HABIDO""}",,,,,,,,
3132,ICA,"13,465,969.74",26/08/2024,"{""ruc"":""20407412592"",""antiguedad_empresa"":25.0,""cmc"":122807577.22,""cantidad_rubros"":3.0,""actividad_principal"":""Principal - 4100 - CONSTRUCCIÓN DE EDIFICIOS"",""penalidades_acum"":0,""sanciones_tcp_acum"":0,""estado"":""ACTIVO"",""condicion"":""HABIDO""}","{""ruc"":""20510711824"",""antiguedad_empresa"":19.0,""cmc"":30495533.42,""cantidad_rubros"":3.0,""actividad_principal"":""Principal - 4100 - CONSTRUCCIÓN DE EDIFICIOS"",""penalidades_acum"":0,""sanciones_tcp_acum"":0,""estado"":""ACTIVO"",""condicion"":""HABIDO""}",,,,,,,
3133,ICA,"753,000.00",23/08/2024,"{""ruc"":""20607935972"",""antiguedad_empresa"":3.0,""cmc"":100000.0,""cantidad_rubros"":3.0,""actividad_principal"":""Principal - 7110 - ACTIVIDADES DE ARQUITECTURA E INGENIERÍA Y ACTIVIDADES CONEXAS DE CONSULTORÍA TÉCNICA"",""penalidades_acum"":0,""sanciones_tcp_acum"":0,""estado"":""ACTIVO"",""condicion"":""HABIDO""}","{""ruc"":""20601158362"",""antiguedad_empresa"":8.0,""cmc"":56774646.45,""cantidad_rubros"":3.0,""actividad_principal"":""Principal - 4100 - CONSTRUCCIÓN DE EDIFICIOS"",""penalidades_acum"":0,""sanciones_tcp_acum"":0,""estado"":""ACTIVO"",""condicion"":""HABIDO""}",,,,,,,
3134,ICA,"1,554,587.25",22/08/2024,"{""ruc"":""20604191522"",""antiguedad_empresa"":5.0,""cmc"":31362558.93,""cantidad_rubros"":3.0,""actividad_principal"":""Principal - 4100 - CONSTRUCCIÓN DE EDIFICIOS"",""penalidades_acum"":0,""sanciones_tcp_acum"":0,""estado"":""ACTIVO"",""condicion"":""HABIDO""}","{""ruc"":""20600998448"",""antiguedad_empresa"":8.0,""cmc"":100000.0,""cantidad_rubros"":1.0,""actividad_principal"":""Principal - 4100 - CONSTRUCCIÓN DE EDIFICIOS"",""penalidades_acum"":0,""sanciones_tcp_acum"":0,""estado"":""ACTIVO"",""condicion"":""HABIDO""}",,,,,,,
3135,ICA,"43,788,654.52",22/08/2024,"{""ruc"":""20494263484"",""antiguedad_empresa"":17.0,""cmc"":400000.0,""cantidad_rubros"":3.0,""actividad_principal"":""Principal - 4100 - CONSTRUCCIÓN DE EDIFICIOS"",""penalidades_acum"":0,""sanciones_tcp_acum"":1,""estado"":""ACTIVO"",""condicion"":""HABIDO""}","{""ruc"":""20493606736"",""antiguedad_empresa"":17.0,""cmc"":100000.0,""cantidad_rubros"":1.0,""actividad_principal"":""Principal - 4390 - OTRAS ACTIVIDADES ESPECIALIZADAS DE CONSTRUCCIÓN"",""penalidades_acum"":0,""sanciones_tcp_acum"":0,""estado"":""ACTIVO"",""condicion"":""HABIDO""}","{""ruc"":""20606457945"",""antiguedad_empresa"":4.0,""cmc"":8374239.3,""cantidad_rubros"":3.0,""actividad_principal"":""Principal - 4100 - CONSTRUCCIÓN DE EDIFICIOS"",""penalidades_acum"":0,""sanciones_tcp_acum"":0,""estado"":""ACTIVO"",""condicion"":""HABIDO""}",,,,,,
3136,ICA,"8,292,039.27",21/08/2024,"{""ruc"":""20494690552"",""antiguedad_empresa"":15.0,""cmc"":42357881.5,""cantidad_rubros"":3.0,""actividad_principal"":""Principal - 4220 - CONSTRUCCIÓN DE PROYECTOS DE SERVICIO PÚBLICO"",""penalidades_acum"":0,""sanciones_tcp_acum"":0,""estado"":""ACTIVO"",""condicion"":""HABIDO""}","{""ruc"":""20452457726"",""antiguedad_empresa"":21.0,""cmc"":1213139779.7,""cantidad_rubros"":3.0,""actividad_principal"":""Principal - 4210 - CONSTRUCCIÓN DE CARRETERAS Y VÍAS DE FERROCARRIL"",""penalidades_acum"":0,""sanciones_tcp_acum"":0,""estado"":""ACTIVO"",""condicion"":""HABIDO""}",,,,,,,
3137,ICA,"3,772,439.61",21/08/2024,"{""ruc"":""20494674352"",""antiguedad_empresa"":7.0,""cmc"":17153848.94,""cantidad_rubros"":3.0,""actividad_principal"":""Principal - 4100 - CONSTRUCCIÓN DE EDIFICIOS"",""penalidades_acum"":0,""sanciones_tcp_acum"":0,""estado"":""ACTIVO"",""condicion"":""HABIDO""}","{""ruc"":""20534500247"",""antiguedad_empresa"":12.0,""cmc"":237088535.61,""cantidad_rubros"":3.0,""actividad_principal"":""Principal - 4923 - TRANSPORTE DE CARGA POR CARRETERA"",""penalidades_acum"":1,""sanciones_tcp_acum"":0,""estado"":""ACTIVO"",""condicion"":""HABIDO""}",,,,,,,
3138,ICA,"33,633,280.97",21/08/2024,"{""ruc"":""20603202954"",""antiguedad_empresa"":6.0,""cmc"":8452673.09,""cantidad_rubros"":3.0,""actividad_principal"":""Principal - 4663 - VENTA AL POR MAYOR DE MATERIALES DE CONSTRUCCIÓN, ARTÍCULOS DE FERRETERÍA Y EQUIPO Y MATERIALES DE FONTANERÍA Y CALEFACCIÓN"",""penalidades_acum"":0,""sanciones_tcp_acum"":0,""estado"":""ACTIVO"",""condicion"":""HABIDO""}","{""ruc"":""20531065019"",""antiguedad_empresa"":17.0,""cmc"":100000.0,""cantidad_rubros"":3.0,""actividad_principal"":""Principal - 4663 - VENTA AL POR MAYOR DE MATERIALES DE CONSTRUCCIÓN, ARTÍCULOS DE FERRETERÍA Y EQUIPO Y MATERIALES DE FONTANERÍA Y CALEFACCIÓN"",""penalidades_acum"":0,""sanciones_tcp_acum"":0,""estado"":""ACTIVO"",""condicion"":""HABIDO""}","{""ruc"":""20600292979"",""antiguedad_empresa"":7.0,""cmc"":100000.0,""cantidad_rubros"":1.0,""actividad_principal"":""Principal - 4100 - CONSTRUCCIÓN DE EDIFICIOS"",""penalidades_acum"":0,""sanciones_tcp_acum"":0,""estado"":""ACTIVO"",""condicion"":""HABIDO""}",,,,,,
3139,ICA,"177,013.35",19/08/2024,"{""ruc"":""10401925461"",""antiguedad_empresa"":20.0,""cmc"":400000.0,""cantidad_rubros"":3.0,""actividad_principal"":""Principal - 4100 - CONSTRUCCIÓN DE EDIFICIOS"",""penalidades_acum"":0,""sanciones_tcp_acum"":0,""estado"":""ACTIVO"",""condicion"":""HABIDO""}","{""ruc"":""20452777470"",""antiguedad_empresa"":18.0,""cmc"":100000.0,""cantidad_rubros"":3.0,""actividad_principal"":""Principal - 4100 - CONSTRUCCIÓN DE EDIFICIOS"",""penalidades_acum"":0,""sanciones_tcp_acum"":1,""estado"":""ACTIVO"",""condicion"":""HABIDO""}",,,,,,,
3140,ICA,"48,336,880.82",09/08/2024,"{""ruc"":""20534220473"",""antiguedad_empresa"":13.0,""cmc"":101000520.35,""cantidad_rubros"":3.0,""actividad_principal"":""Principal - 4923 - TRANSPORTE DE CARGA POR CARRETERA"",""penalidades_acum"":0,""sanciones_tcp_acum"":0,""estado"":""ACTIVO"",""condicion"":""HABIDO""}","{""ruc"":""20605898905"",""antiguedad_empresa"":4.0,""cmc"":21069638.38,""cantidad_rubros"":3.0,""actividad_principal"":""Principal - 4210 - CONSTRUCCIÓN DE CARRETERAS Y VÍAS DE FERROCARRIL"",""penalidades_acum"":0,""sanciones_tcp_acum"":0,""estado"":""ACTIVO"",""condicion"":""HABIDO""}","{""ruc"":""20534500247"",""antiguedad_empresa"":12.0,""cmc"":237088535.61,""cantidad_rubros"":3.0,""actividad_principal"":""Principal - 4923 - TRANSPORTE DE CARGA POR CARRETERA"",""penalidades_acum"":1,""sanciones_tcp_acum"":0,""estado"":""ACTIVO"",""condicion"":""HABIDO""}",,,,,,
3141,ICA,"48,336,880.82",12/04/2024,"{""ruc"":""20534500247"",""antiguedad_empresa"":12.0,""cmc"":237088535.61,""cantidad_rubros"":3.0,""actividad_principal"":""Principal - 4923 - TRANSPORTE DE CARGA POR CARRETERA"",""penalidades_acum"":1,""sanciones_tcp_acum"":0,""estado"":""ACTIVO"",""condicion"":""HABIDO""}","{""ruc"":""20605898905"",""antiguedad_empresa"":4.0,""cmc"":21069638.38,""cantidad_rubros"":3.0,""actividad_principal"":""Principal - 4210 - CONSTRUCCIÓN DE CARRETERAS Y VÍAS DE FERROCARRIL"",""penalidades_acum"":0,""sanciones_tcp_acum"":0,""estado"":""ACTIVO"",""condicion"":""HABIDO""}","{""ruc"":""20494263484"",""antiguedad_empresa"":17.0,""cmc"":400000.0,""cantidad_rubros"":3.0,""actividad_principal"":""Principal - 4100 - CONSTRUCCIÓN DE EDIFICIOS"",""penalidades_acum"":0,""sanciones_tcp_acum"":1,""estado"":""ACTIVO"",""condicion"":""HABIDO""}",,,,,,
3142,ICA,"6,038,928.67",05/03/2024,"{""ruc"":""20544528026"",""antiguedad_empresa"":13.0,""cmc"":12607770.11,""cantidad_rubros"":3.0,""actividad_principal"":""Principal - 4100 - CONSTRUCCIÓN DE EDIFICIOS"",""penalidades_acum"":0,""sanciones_tcp_acum"":0,""estado"":""ACTIVO"",""condicion"":""HABIDO""}","{""ruc"":""20534220473"",""antiguedad_empresa"":13.0,""cmc"":101000520.35,""cantidad_rubros"":3.0,""actividad_principal"":""Principal - 4923 - TRANSPORTE DE CARGA POR CARRETERA"",""penalidades_acum"":0,""sanciones_tcp_acum"":0,""estado"":""ACTIVO"",""condicion"":""HABIDO""}",,,,,,,
3383,JUNIN,"3,423,667.13",30/12/2021,"{""ruc"":""20495042333"",""antiguedad_empresa"":11.0,""cmc"":85672831.46,""cantidad_rubros"":3.0,""actividad_principal"":""Principal - 4100 - CONSTRUCCIÓN DE EDIFICIOS"",""penalidades_acum"":1,""sanciones_tcp_acum"":1,""estado"":""ACTIVO"",""condicion"":""HABIDO""}","{""ruc"":""20574732400"",""antiguedad_empresa"":7.0,""cmc"":25676250.72,""cantidad_rubros"":3.0,""actividad_principal"":""Principal - 4100 - CONSTRUCCIÓN DE EDIFICIOS"",""penalidades_acum"":0,""sanciones_tcp_acum"":0,""estado"":""ACTIVO"",""condicion"":""HABIDO""}","{""ruc"":""20602262201"",""antiguedad_empresa"":null,""cmc"":100000.0,""cantidad_rubros"":1.0,""actividad_principal"":""Principal - 7110 - ACTIVIDADES DE ARQUITECTURA E INGENIERÍA Y ACTIVIDADES CONEXAS DE CONSULTORÍA TÉCNICA"",""penalidades_acum"":0,""sanciones_tcp_acum"":0,""estado"":""ACTIVO"",""condicion"":""HABIDO""}",,,,,,
3384,JUNIN,"128,077,221.59",29/12/2021,"{""ruc"":""20602979173"",""antiguedad_empresa"":3.0,""cmc"":400000.0,""cantidad_rubros"":2.0,""actividad_principal"":""Principal - 4100 - CONSTRUCCIÓN DE EDIFICIOS"",""penalidades_acum"":0,""sanciones_tcp_acum"":0,""estado"":""ACTIVO"",""condicion"":""HABIDO""}",,,,,,,,
3385,JUNIN,"2,024,906.50",23/12/2021,"{""ruc"":""20494854172"",""antiguedad_empresa"":12.0,""cmc"":112856013.38,""cantidad_rubros"":3.0,""actividad_principal"":""Principal - 4290 - CONSTRUCCIÓN DE OTRAS OBRAS DE INGENIERÍA CIVIL"",""penalidades_acum"":1,""sanciones_tcp_acum"":0,""estado"":""ACTIVO"",""condicion"":""HABIDO""}",,,,,,,,
3386,JUNIN,"11,091,790.43",29/11/2021,"{""ruc"":""20377890117"",""antiguedad_empresa"":24.0,""cmc"":4886064.71,""cantidad_rubros"":1.0,""actividad_principal"":""Principal - 4100 - CONSTRUCCIÓN DE EDIFICIOS"",""penalidades_acum"":0,""sanciones_tcp_acum"":0,""estado"":""ACTIVO"",""condicion"":""HABIDO""}","{""ruc"":""20600683650"",""antiguedad_empresa"":6.0,""cmc"":2157432332.42,""cantidad_rubros"":3.0,""actividad_principal"":""Principal - 4100 - CONSTRUCCIÓN DE EDIFICIOS"",""penalidades_acum"":0,""sanciones_tcp_acum"":3,""estado"":""ACTIVO"",""condicion"":""HABIDO""}",,,,,,,
3387,JUNIN,"121,753,631.44",26/11/2021,"{""ruc"":""20602979173"",""antiguedad_empresa"":3.0,""cmc"":400000.0,""cantidad_rubros"":2.0,""actividad_principal"":""Principal - 4100 - CONSTRUCCIÓN DE EDIFICIOS"",""penalidades_acum"":0,""sanciones_tcp_acum"":0,""estado"":""ACTIVO"",""condicion"":""HABIDO""}",,,,,,,,
3388,JUNIN,"702,946.07",15/11/2021,"{""ruc"":""20568992351"",""antiguedad_empresa"":5.0,""cmc"":100000.0,""cantidad_rubros"":3.0,""actividad_principal"":""Principal - 4100 - CONSTRUCCIÓN DE EDIFICIOS"",""penalidades_acum"":0,""sanciones_tcp_acum"":0,""estado"":""ACTIVO"",""condicion"":""HABIDO""}","{""ruc"":""20541462644"",""antiguedad_empresa"":10.0,""cmc"":100000.0,""cantidad_rubros"":3.0,""actividad_principal"":""Principal - 4100 - CONSTRUCCIÓN DE EDIFICIOS"",""penalidades_acum"":0,""sanciones_tcp_acum"":1,""estado"":""ACTIVO"",""condicion"":""HABIDO""}",,,,,,,
3389,JUNIN,"1,330,544.75",09/11/2021,"{""ruc"":""20604384002"",""antiguedad_empresa"":2.0,""cmc"":8689104.61,""cantidad_rubros"":3.0,""actividad_principal"":""Principal - 4210 - CONSTRUCCIÓN DE CARRETERAS Y VÍAS DE FERROCARRIL"",""penalidades_acum"":0,""sanciones_tcp_acum"":0,""estado"":""ACTIVO"",""condicion"":""HABIDO""}","{""ruc"":""20494854172"",""antiguedad_empresa"":12.0,""cmc"":112856013.38,""cantidad_rubros"":3.0,""actividad_principal"":""Principal - 4290 - CONSTRUCCIÓN DE OTRAS OBRAS DE INGENIERÍA CIVIL"",""penalidades_acum"":1,""sanciones_tcp_acum"":0,""estado"":""ACTIVO"",""condicion"":""HABIDO""}",,,,,,,
3390,JUNIN,"1,120,500.00",08/11/2021,"{""ruc"":""20568838352"",""antiguedad_empresa"":8.0,""cmc"":7610997.96,""cantidad_rubros"":3.0,""actividad_principal"":""Principal - 4100 - CONSTRUCCIÓN DE EDIFICIOS"",""penalidades_acum"":0,""sanciones_tcp_acum"":0,""estado"":""ACTIVO"",""condicion"":""HABIDO""}","{""ruc"":""20568071876"",""antiguedad_empresa"":10.0,""cmc"":100000.0,""cantidad_rubros"":3.0,""actividad_principal"":""Principal - 4663 - VENTA AL POR MAYOR DE MATERIALES DE CONSTRUCCIÓN, ARTÍCULOS DE FERRETERÍA Y EQUIPO Y MATERIALES DE FONTANERÍA Y CALEFACCIÓN"",""penalidades_acum"":0,""sanciones_tcp_acum"":0,""estado"":""ACTIVO"",""condicion"":""HABIDO""}",,,,,,,
3391,JUNIN,"17,054,300.53",29/10/2021,"{""ruc"":""20514402346"",""antiguedad_empresa"":15.0,""cmc"":100000.0,""cantidad_rubros"":3.0,""actividad_principal"":""Principal - 6190 - OTRAS ACTIVIDADES DE TELECOMUNICACIONES"",""penalidades_acum"":0,""sanciones_tcp_acum"":0,""estado"":""ACTIVO"",""condicion"":""HABIDO""}","{""ruc"":""20529166151"",""antiguedad_empresa"":10.0,""cmc"":22753032.98,""cantidad_rubros"":3.0,""actividad_principal"":""Principal - 4290 - CONSTRUCCIÓN DE OTRAS OBRAS DE INGENIERÍA CIVIL"",""penalidades_acum"":0,""sanciones_tcp_acum"":0,""estado"":""ACTIVO"",""condicion"":""HABIDO""}","{""ruc"":""20528901361"",""antiguedad_empresa"":12.0,""cmc"":24348511.0,""cantidad_rubros"":2.0,""actividad_principal"":""Principal - 4210 - CONSTRUCCIÓN DE CARRETERAS Y VÍAS DE FERROCARRIL"",""penalidades_acum"":0,""sanciones_tcp_acum"":0,""estado"":""ACTIVO"",""condicion"":""HABIDO""}",,,,,,
3392,JUNIN,"1,228,307.91",28/10/2021,"{""ruc"":""20568535376"",""antiguedad_empresa"":9.0,""cmc"":6389102.29,""cantidad_rubros"":3.0,""actividad_principal"":""Principal - 4210 - CONSTRUCCIÓN DE CARRETERAS Y VÍAS DE FERROCARRIL"",""penalidades_acum"":0,""sanciones_tcp_acum"":0,""estado"":""ACTIVO"",""condicion"":""HABIDO""}","{""ruc"":""20568437528"",""antiguedad_empresa"":9.0,""cmc"":100000.0,""cantidad_rubros"":3.0,""actividad_principal"":""Principal - 7110 - ACTIVIDADES DE ARQUITECTURA E INGENIERÍA Y ACTIVIDADES CONEXAS DE CONSULTORÍA TÉCNICA"",""penalidades_acum"":0,""sanciones_tcp_acum"":1,""estado"":""ACTIVO"",""condicion"":""HABIDO""}",,,,,,,
3393,JUNIN,"49,940,957.71",26/10/2021,"{""ruc"":""20487499685"",""antiguedad_empresa"":11.0,""cmc"":314873350.68,""cantidad_rubros"":3.0,""actividad_principal"":""Principal - 7110 - ACTIVIDADES DE ARQUITECTURA E INGENIERÍA Y ACTIVIDADES CONEXAS DE CONSULTORÍA TÉCNICA"",""penalidades_acum"":0,""sanciones_tcp_acum"":0,""estado"":""ACTIVO"",""condicion"":""HABIDO""}","{""ruc"":""20487950301"",""antiguedad_empresa"":9.0,""cmc"":49463909.73,""cantidad_rubros"":3.0,""actividad_principal"":""Principal - 4100 - CONSTRUCCIÓN DE EDIFICIOS"",""penalidades_acum"":0,""sanciones_tcp_acum"":0,""estado"":""ACTIVO"",""condicion"":""NO HALLADO""}","{""ruc"":""20438494171"",""antiguedad_empresa"":20.0,""cmc"":199598303.08,""cantidad_rubros"":1.0,""actividad_principal"":""Principal - 4100 - CONSTRUCCIÓN DE EDIFICIOS"",""penalidades_acum"":0,""sanciones_tcp_acum"":0,""estado"":""ACTIVO"",""condicion"":""HABIDO""}",,,,,,
3394,JUNIN,"7,633,585.66",19/10/2021,"{""ruc"":""20486573113"",""antiguedad_empresa"":14.0,""cmc"":100000.0,""cantidad_rubros"":3.0,""actividad_principal"":""Principal - 4100 - CONSTRUCCIÓN DE EDIFICIOS"",""penalidades_acum"":0,""sanciones_tcp_acum"":2,""estado"":""ACTIVO"",""condicion"":""HABIDO""}","{""ruc"":""20486693283"",""antiguedad_empresa"":14.0,""cmc"":100000.0,""cantidad_rubros"":3.0,""actividad_principal"":""Principal - 7110 - ACTIVIDADES DE ARQUITECTURA E INGENIERÍA Y ACTIVIDADES CONEXAS DE CONSULTORÍA TÉCNICA"",""penalidades_acum"":0,""sanciones_tcp_acum"":1,""estado"":""ACTIVO"",""condicion"":""HABIDO""}",,,,,,,
3395,JUNIN,"7,073,020.90",19/10/2021,"{""ruc"":""20523070071"",""antiguedad_empresa"":12.0,""cmc"":14589158.88,""cantidad_rubros"":3.0,""actividad_principal"":""Principal - 4100 - CONSTRUCCIÓN DE EDIFICIOS"",""penalidades_acum"":0,""sanciones_tcp_acum"":0,""estado"":""ACTIVO"",""condicion"":""HABIDO""}","{""ruc"":""20232650444"",""antiguedad_empresa"":26.0,""cmc"":100000.0,""cantidad_rubros"":3.0,""actividad_principal"":""Principal - 4100 - CONSTRUCCIÓN DE EDIFICIOS"",""penalidades_acum"":0,""sanciones_tcp_acum"":2,""estado"":""ACTIVO"",""condicion"":""HABIDO""}",,,,,,,
3396,JUNIN,"2,475,696.01",18/10/2021,"{""ruc"":""20486887568"",""antiguedad_empresa"":13.0,""cmc"":100000.0,""cantidad_rubros"":3.0,""actividad_principal"":""Principal - 4290 - CONSTRUCCIÓN DE OTRAS OBRAS DE INGENIERÍA CIVIL"",""penalidades_acum"":0,""sanciones_tcp_acum"":1,""estado"":""ACTIVO"",""condicion"":""HABIDO""}",,,,,,,,
3397,JUNIN,"9,112,696.98",29/09/2021,"{""ruc"":""20461112227"",""antiguedad_empresa"":21.0,""cmc"":103818565.5,""cantidad_rubros"":2.0,""actividad_principal"":""Principal - 4923 - TRANSPORTE DE CARGA POR CARRETERA"",""penalidades_acum"":0,""sanciones_tcp_acum"":2,""estado"":""BAJA DEFINITIVA"",""condicion"":""NO HABIDO""}","{""ruc"":""20568112220"",""antiguedad_empresa"":4.0,""cmc"":100000.0,""cantidad_rubros"":3.0,""actividad_principal"":""Principal - 4100 - CONSTRUCCIÓN DE EDIFICIOS"",""penalidades_acum"":1,""sanciones_tcp_acum"":2,""estado"":""ACTIVO"",""condicion"":""NO HABIDO""}",,,,,,,
3398,JUNIN,"20,383,418.31",09/08/2021,"{""ruc"":""20568223307"",""antiguedad_empresa"":9.0,""cmc"":25421340.3,""cantidad_rubros"":3.0,""actividad_principal"":""Principal - 4100 - CONSTRUCCIÓN DE EDIFICIOS"",""penalidades_acum"":0,""sanciones_tcp_acum"":0,""estado"":""ACTIVO"",""condicion"":""HABIDO""}","{""ruc"":""20486960401"",""antiguedad_empresa"":13.0,""cmc"":294813583.41,""cantidad_rubros"":3.0,""actividad_principal"":""Principal - 4923 - TRANSPORTE DE CARGA POR CARRETERA"",""penalidades_acum"":4,""sanciones_tcp_acum"":1,""estado"":""ACTIVO"",""condicion"":""HABIDO""}","{""ruc"":""20444927098"",""antiguedad_empresa"":21.0,""cmc"":10808422.2,""cantidad_rubros"":3.0,""actividad_principal"":""Principal - 4100 - CONSTRUCCIÓN DE EDIFICIOS"",""penalidades_acum"":0,""sanciones_tcp_acum"":1,""estado"":""ACTIVO"",""condicion"":""HABIDO""}",,,,,,
3399,JUNIN,"8,918,442.03",16/06/2021,"{""ruc"":""20494854172"",""antiguedad_empresa"":12.0,""cmc"":112856013.38,""cantidad_rubros"":3.0,""actividad_principal"":""Principal - 4290 - CONSTRUCCIÓN DE OTRAS OBRAS DE INGENIERÍA CIVIL"",""penalidades_acum"":1,""sanciones_tcp_acum"":0,""estado"":""ACTIVO"",""condicion"":""HABIDO""}","{""ruc"":""20407412592"",""antiguedad_empresa"":22.0,""cmc"":122807577.22,""cantidad_rubros"":3.0,""actividad_principal"":""Principal - 4100 - CONSTRUCCIÓN DE EDIFICIOS"",""penalidades_acum"":0,""sanciones_tcp_acum"":0,""estado"":""ACTIVO"",""condicion"":""HABIDO""}",,,,,,,
3400,JUNIN,"67,245,585.16",14/04/2021,"{""ruc"":""20604269009"",""antiguedad_empresa"":2.0,""cmc"":16042757513.74,""cantidad_rubros"":3.0,""actividad_principal"":""Principal - 4210 - CONSTRUCCIÓN DE CARRETERAS Y VÍAS DE FERROCARRIL"",""penalidades_acum"":5,""sanciones_tcp_acum"":3,""estado"":""ACTIVO"",""condicion"":""HABIDO""}",,,,,,,,
3401,JUNIN,"25,413,754.95",09/11/2022,"{""ruc"":""20547097069"",""antiguedad_empresa"":10.0,""cmc"":100000.0,""cantidad_rubros"":3.0,""actividad_principal"":""Principal - 4100 - CONSTRUCCIÓN DE EDIFICIOS"",""penalidades_acum"":1,""sanciones_tcp_acum"":1,""estado"":""ACTIVO"",""condicion"":""HABIDO""}","{""ruc"":""20501430669"",""antiguedad_empresa"":19.0,""cmc"":100000.0,""cantidad_rubros"":2.0,""actividad_principal"":""Principal - 4390 - OTRAS ACTIVIDADES ESPECIALIZADAS DE CONSTRUCCIÓN"",""penalidades_acum"":0,""sanciones_tcp_acum"":1,""estado"":""ACTIVO"",""condicion"":""HABIDO""}",,,,,,,
3402,JUNIN,"42,848,634.74",26/09/2022,"{""ruc"":""20601143021"",""antiguedad_empresa"":3.0,""cmc"":797133118.85,""cantidad_rubros"":3.0,""actividad_principal"":""Principal - 4210 - CONSTRUCCIÓN DE CARRETERAS Y VÍAS DE FERROCARRIL"",""penalidades_acum"":1,""sanciones_tcp_acum"":1,""estado"":""ACTIVO"",""condicion"":""HABIDO""}","{""ruc"":""20514014419"",""antiguedad_empresa"":1.0,""cmc"":300000.0,""cantidad_rubros"":3.0,""actividad_principal"":""Principal - 4390 - OTRAS ACTIVIDADES ESPECIALIZADAS DE CONSTRUCCIÓN"",""penalidades_acum"":0,""sanciones_tcp_acum"":0,""estado"":""ACTIVO"",""condicion"":""HABIDO""}",,,,,,,
3403,JUNIN,"179,013,502.43",20/09/2022,"{""ruc"":""20602371442"",""antiguedad_empresa"":5.0,""cmc"":100000.0,""cantidad_rubros"":3.0,""actividad_principal"":""Principal - 4100 - CONSTRUCCIÓN DE EDIFICIOS"",""penalidades_acum"":0,""sanciones_tcp_acum"":1,""estado"":""ACTIVO"",""condicion"":""HABIDO""}",,,,,,,,
3404,JUNIN,"12,013,041.76",16/09/2022,"{""ruc"":""20486975939"",""antiguedad_empresa"":14.0,""cmc"":125866033.84,""cantidad_rubros"":3.0,""actividad_principal"":""Principal - 4100 - CONSTRUCCIÓN DE EDIFICIOS"",""penalidades_acum"":0,""sanciones_tcp_acum"":0,""estado"":""ACTIVO"",""condicion"":""HABIDO""}",,,,,,,,
3405,JUNIN,"303,099,339.55",13/09/2022,"{""ruc"":""20602371442"",""antiguedad_empresa"":5.0,""cmc"":100000.0,""cantidad_rubros"":3.0,""actividad_principal"":""Principal - 4100 - CONSTRUCCIÓN DE EDIFICIOS"",""penalidades_acum"":0,""sanciones_tcp_acum"":1,""estado"":""ACTIVO"",""condicion"":""HABIDO""}",,,,,,,,
3406,JUNIN,"11,085,992.86",08/07/2022,"{""ruc"":""20574750301"",""antiguedad_empresa"":8.0,""cmc"":37672764.7,""cantidad_rubros"":3.0,""actividad_principal"":""Principal - 4663 - VENTA AL POR MAYOR DE MATERIALES DE CONSTRUCCIÓN, ARTÍCULOS DE FERRETERÍA Y EQUIPO Y MATERIALES DE FONTANERÍA Y CALEFACCIÓN"",""penalidades_acum"":0,""sanciones_tcp_acum"":0,""estado"":""ACTIVO"",""condicion"":""HABIDO""}","{""ruc"":""20574732400"",""antiguedad_empresa"":8.0,""cmc"":25676250.72,""cantidad_rubros"":3.0,""actividad_principal"":""Principal - 4100 - CONSTRUCCIÓN DE EDIFICIOS"",""penalidades_acum"":0,""sanciones_tcp_acum"":0,""estado"":""ACTIVO"",""condicion"":""HABIDO""}",,,,,,,
3407,JUNIN,"20,450,216.55",26/04/2022,"{""ruc"":""20489517320"",""antiguedad_empresa"":15.0,""cmc"":136041246.7,""cantidad_rubros"":3.0,""actividad_principal"":""Principal - 4100 - CONSTRUCCIÓN DE EDIFICIOS"",""penalidades_acum"":0,""sanciones_tcp_acum"":0,""estado"":""BAJA DE OFICIO"",""condicion"":""NO HABIDO""}","{""ruc"":""20452440912"",""antiguedad_empresa"":19.0,""cmc"":188078288.76,""cantidad_rubros"":3.0,""actividad_principal"":""Principal - 4100 - CONSTRUCCIÓN DE EDIFICIOS"",""penalidades_acum"":0,""sanciones_tcp_acum"":0,""estado"":""ACTIVO"",""condicion"":""HABIDO""}",,,,,,,
3408,JUNIN,"187,075,508.96",05/04/2022,"{""ruc"":""20602371442"",""antiguedad_empresa"":5.0,""cmc"":100000.0,""cantidad_rubros"":3.0,""actividad_principal"":""Principal - 4100 - CONSTRUCCIÓN DE EDIFICIOS"",""penalidades_acum"":0,""sanciones_tcp_acum"":1,""estado"":""ACTIVO"",""condicion"":""HABIDO""}",,,,,,,,
3409,JUNIN,"42,886,018.03",11/02/2022,"{""ruc"":""20603476400"",""antiguedad_empresa"":4.0,""cmc"":470313192.14,""cantidad_rubros"":1.0,""actividad_principal"":""Principal - 7110 - ACTIVIDADES DE ARQUITECTURA E INGENIERÍA Y ACTIVIDADES CONEXAS DE CONSULTORÍA TÉCNICA"",""penalidades_acum"":0,""sanciones_tcp_acum"":1,""estado"":""ACTIVO"",""condicion"":""HABIDO""}","{""ruc"":""20600192087"",""antiguedad_empresa"":7.0,""cmc"":100000.0,""cantidad_rubros"":2.0,""actividad_principal"":""Principal - 7110 - ACTIVIDADES DE ARQUITECTURA E INGENIERÍA Y ACTIVIDADES CONEXAS DE CONSULTORÍA TÉCNICA"",""penalidades_acum"":0,""sanciones_tcp_acum"":0,""estado"":""ACTIVO"",""condicion"":""HABIDO""}",,,,,,,
3410,JUNIN,"115,620,399.68",02/02/2022,"{""ruc"":""20101884407"",""antiguedad_empresa"":43.0,""cmc"":665610088.4,""cantidad_rubros"":2.0,""actividad_principal"":""Principal - 4390 - OTRAS ACTIVIDADES ESPECIALIZADAS DE CONSTRUCCIÓN"",""penalidades_acum"":0,""sanciones_tcp_acum"":0,""estado"":""ACTIVO"",""condicion"":""HABIDO""}","{""ruc"":""20529104988"",""antiguedad_empresa"":12.0,""cmc"":500000.0,""cantidad_rubros"":3.0,""actividad_principal"":""Principal - 4100 - CONSTRUCCIÓN DE EDIFICIOS"",""penalidades_acum"":5,""sanciones_tcp_acum"":0,""estado"":""ACTIVO"",""condicion"":""HABIDO""}",,,,,,,
3411,JUNIN,"1,736,414.02",26/01/2022,"{""ruc"":""20486573113"",""antiguedad_empresa"":15.0,""cmc"":100000.0,""cantidad_rubros"":3.0,""actividad_principal"":""Principal - 4100 - CONSTRUCCIÓN DE EDIFICIOS"",""penalidades_acum"":0,""sanciones_tcp_acum"":2,""estado"":""ACTIVO"",""condicion"":""HABIDO""}","{""ruc"":""20600696654"",""antiguedad_empresa"":7.0,""cmc"":100000.0,""cantidad_rubros"":3.0,""actividad_principal"":""Principal - 4923 - TRANSPORTE DE CARGA POR CARRETERA"",""penalidades_acum"":0,""sanciones_tcp_acum"":0,""estado"":""ACTIVO"",""condicion"":""HABIDO""}",,,,,,,
3412,JUNIN,"35,697,710.74",17/06/2024,"{""ruc"":""20534666218"",""antiguedad_empresa"":12.0,""cmc"":19336780.0,""cantidad_rubros"":3.0,""actividad_principal"":""Principal - 4100 - CONSTRUCCIÓN DE EDIFICIOS"",""penalidades_acum"":0,""sanciones_tcp_acum"":0,""estado"":""ACTIVO"",""condicion"":""HABIDO""}","{""ruc"":""20494951020"",""antiguedad_empresa"":14.0,""cmc"":100000.0,""cantidad_rubros"":3.0,""actividad_principal"":""Principal - 4100 - CONSTRUCCIÓN DE EDIFICIOS"",""penalidades_acum"":11,""sanciones_tcp_acum"":0,""estado"":""ACTIVO"",""condicion"":""HABIDO""}",,,,,,,
3413,JUNIN,"92,355,551.97",02/02/2024,"{""ruc"":""20282062080"",""antiguedad_empresa"":29.0,""cmc"":2202207002.88,""cantidad_rubros"":1.0,""actividad_principal"":""Principal - 7110 - ACTIVIDADES DE ARQUITECTURA E INGENIERÍA Y ACTIVIDADES CONEXAS DE CONSULTORÍA TÉCNICA"",""penalidades_acum"":0,""sanciones_tcp_acum"":0,""estado"":""ACTIVO"",""condicion"":""HABIDO""}",,,,,,,,
3460,JUNIN,"3,883,507.09",27/12/2024,"{""ruc"":""20399273146"",""antiguedad_empresa"":26.0,""cmc"":100000.0,""cantidad_rubros"":3.0,""actividad_principal"":""Principal - 4390 - OTRAS ACTIVIDADES ESPECIALIZADAS DE CONSTRUCCIÓN"",""penalidades_acum"":0,""sanciones_tcp_acum"":0,""estado"":""BAJA DE OFICIO"",""condicion"":""HABIDO""}","{""ruc"":""20603554257"",""antiguedad_empresa"":6.0,""cmc"":100000.0,""cantidad_rubros"":3.0,""actividad_principal"":""Principal - 4210 - CONSTRUCCIÓN DE CARRETERAS Y VÍAS DE FERROCARRIL"",""penalidades_acum"":0,""sanciones_tcp_acum"":0,""estado"":""ACTIVO"",""condicion"":""HABIDO""}",,,,,,,
3461,JUNIN,"28,017,961.64",27/12/2024,"{""ruc"":""20608817141"",""antiguedad_empresa"":3.0,""cmc"":100000.0,""cantidad_rubros"":3.0,""actividad_principal"":""Principal - 7730 - ALQUILER Y ARRENDAMIENTO DE OTROS TIPOS DE MAQUINARIA, EQUIPO Y BIENES TANGIBLES"",""penalidades_acum"":0,""sanciones_tcp_acum"":0,""estado"":""ACTIVO"",""condicion"":""HABIDO""}","{""ruc"":""20494951020"",""antiguedad_empresa"":14.0,""cmc"":100000.0,""cantidad_rubros"":3.0,""actividad_principal"":""Principal - 4100 - CONSTRUCCIÓN DE EDIFICIOS"",""penalidades_acum"":11,""sanciones_tcp_acum"":0,""estado"":""ACTIVO"",""condicion"":""HABIDO""}",,,,,,,
3462,JUNIN,"1,718,053.47",27/12/2024,"{""ruc"":""20489739900"",""antiguedad_empresa"":15.0,""cmc"":500000.0,""cantidad_rubros"":3.0,""actividad_principal"":""Principal - 4100 - CONSTRUCCIÓN DE EDIFICIOS"",""penalidades_acum"":0,""sanciones_tcp_acum"":0,""estado"":""ACTIVO"",""condicion"":""HABIDO""}","{""ruc"":""20611005734"",""antiguedad_empresa"":1.0,""cmc"":100000.0,""cantidad_rubros"":3.0,""actividad_principal"":""Principal - 7110 - ACTIVIDADES DE ARQUITECTURA E INGENIERÍA Y ACTIVIDADES CONEXAS DE CONSULTORÍA TÉCNICA"",""penalidades_acum"":0,""sanciones_tcp_acum"":0,""estado"":""ACTIVO"",""condicion"":""HABIDO""}",,,,,,,
3463,JUNIN,"10,308,124.03",27/12/2024,"{""ruc"":""20600180771"",""antiguedad_empresa"":9.0,""cmc"":38280289.29,""cantidad_rubros"":3.0,""actividad_principal"":""Principal - 4210 - CONSTRUCCIÓN DE CARRETERAS Y VÍAS DE FERROCARRIL"",""penalidades_acum"":16,""sanciones_tcp_acum"":0,""estado"":""ACTIVO"",""condicion"":""HABIDO""}","{""ruc"":""20610065571"",""antiguedad_empresa"":2.0,""cmc"":73622.04,""cantidad_rubros"":3.0,""actividad_principal"":""Principal - 3900 - ACTIVIDADES DE DESCONTAMINACIÓN Y OTROS SERVICIOS DE GESTIÓN DE DESECHOS"",""penalidades_acum"":0,""sanciones_tcp_acum"":0,""estado"":""ACTIVO"",""condicion"":""HABIDO""}","{""ruc"":""20569064792"",""antiguedad_empresa"":10.0,""cmc"":1914554.81,""cantidad_rubros"":3.0,""actividad_principal"":""Principal - 4390 - OTRAS ACTIVIDADES ESPECIALIZADAS DE CONSTRUCCIÓN"",""penalidades_acum"":0,""sanciones_tcp_acum"":0,""estado"":""ACTIVO"",""condicion"":""HABIDO""}",,,,,,
3464,JUNIN,"2,161,166.15",27/12/2024,"{""ruc"":""20609958023"",""antiguedad_empresa"":2.0,""cmc"":300000.0,""cantidad_rubros"":3.0,""actividad_principal"":""Principal - 4290 - CONSTRUCCIÓN DE OTRAS OBRAS DE INGENIERÍA CIVIL"",""penalidades_acum"":0,""sanciones_tcp_acum"":0,""estado"":""ACTIVO"",""condicion"":""HABIDO""}","{""ruc"":""20568971273"",""antiguedad_empresa"":10.0,""cmc"":49155120.1,""cantidad_rubros"":3.0,""actividad_principal"":""Principal - 4100 - CONSTRUCCIÓN DE EDIFICIOS"",""penalidades_acum"":0,""sanciones_tcp_acum"":0,""estado"":""ACTIVO"",""condicion"":""HABIDO""}",,,,,,,
3465,JUNIN,"6,707,644.46",27/12/2024,"{""ruc"":""20600021045"",""antiguedad_empresa"":9.0,""cmc"":75475056.08,""cantidad_rubros"":3.0,""actividad_principal"":""Principal - 4100 - CONSTRUCCIÓN DE EDIFICIOS"",""penalidades_acum"":0,""sanciones_tcp_acum"":0,""estado"":""ACTIVO"",""condicion"":""HABIDO""}","{""ruc"":""20573884711"",""antiguedad_empresa"":10.0,""cmc"":1021314.86,""cantidad_rubros"":3.0,""actividad_principal"":""Principal - 7110 - ACTIVIDADES DE ARQUITECTURA E INGENIERÍA Y ACTIVIDADES CONEXAS DE CONSULTORÍA TÉCNICA"",""penalidades_acum"":0,""sanciones_tcp_acum"":0,""estado"":""ACTIVO"",""condicion"":""HABIDO""}",,,,,,,
3466,JUNIN,"9,870,954.51",27/12/2024,"{""ruc"":""20568161786"",""antiguedad_empresa"":13.0,""cmc"":123963796.08,""cantidad_rubros"":3.0,""actividad_principal"":""Principal - 4390 - OTRAS ACTIVIDADES ESPECIALIZADAS DE CONSTRUCCIÓN"",""penalidades_acum"":0,""sanciones_tcp_acum"":0,""estado"":""ACTIVO"",""condicion"":""HABIDO""}","{""ruc"":""20600644531"",""antiguedad_empresa"":9.0,""cmc"":500000.0,""cantidad_rubros"":2.0,""actividad_principal"":""Principal - 7110 - ACTIVIDADES DE ARQUITECTURA E INGENIERÍA Y ACTIVIDADES CONEXAS DE CONSULTORÍA TÉCNICA"",""penalidades_acum"":0,""sanciones_tcp_acum"":0,""estado"":""ACTIVO"",""condicion"":""HABIDO""}",,,,,,,
3467,JUNIN,"4,362,729.54",26/12/2024,"{""ruc"":""20568927886"",""antiguedad_empresa"":7.0,""cmc"":100000.0,""cantidad_rubros"":3.0,""actividad_principal"":""Principal - 4290 - CONSTRUCCIÓN DE OTRAS OBRAS DE INGENIERÍA CIVIL"",""penalidades_acum"":0,""sanciones_tcp_acum"":0,""estado"":""BAJA DE OFICIO"",""condicion"":""HABIDO""}","{""ruc"":""20602429670"",""antiguedad_empresa"":7.0,""cmc"":355349495.52,""cantidad_rubros"":3.0,""actividad_principal"":""Principal - 4100 - CONSTRUCCIÓN DE EDIFICIOS"",""penalidades_acum"":0,""sanciones_tcp_acum"":0,""estado"":""ACTIVO"",""condicion"":""HABIDO""}",,,,,,,
3468,JUNIN,"5,643,522.95",26/12/2024,"{""ruc"":""20600029798"",""antiguedad_empresa"":10.0,""cmc"":25206231.47,""cantidad_rubros"":3.0,""actividad_principal"":""Principal - 4100 - CONSTRUCCIÓN DE EDIFICIOS"",""penalidades_acum"":3,""sanciones_tcp_acum"":0,""estado"":""ACTIVO"",""condicion"":""HABIDO""}","{""ruc"":""20489684145"",""antiguedad_empresa"":16.0,""cmc"":13828252.25,""cantidad_rubros"":3.0,""actividad_principal"":""Principal - 4100 - CONSTRUCCIÓN DE EDIFICIOS"",""penalidades_acum"":0,""sanciones_tcp_acum"":0,""estado"":""ACTIVO"",""condicion"":""HABIDO""}",,,,,,,
3469,JUNIN,"3,515,657.34",26/12/2024,"{""ruc"":""20603433867"",""antiguedad_empresa"":6.0,""cmc"":12670484.67,""cantidad_rubros"":3.0,""actividad_principal"":""Principal - 4100 - CONSTRUCCIÓN DE EDIFICIOS"",""penalidades_acum"":0,""sanciones_tcp_acum"":0,""estado"":""ACTIVO"",""condicion"":""HABIDO""}","{""ruc"":""20407412592"",""antiguedad_empresa"":25.0,""cmc"":122807577.22,""cantidad_rubros"":3.0,""actividad_principal"":""Principal - 4100 - CONSTRUCCIÓN DE EDIFICIOS"",""penalidades_acum"":0,""sanciones_tcp_acum"":0,""estado"":""ACTIVO"",""condicion"":""HABIDO""}",,,,,,,
3470,JUNIN,"4,218,696.89",26/12/2024,"{""ruc"":""20534839091"",""antiguedad_empresa"":11.0,""cmc"":36846044.9,""cantidad_rubros"":3.0,""actividad_principal"":""Principal - 4290 - CONSTRUCCIÓN DE OTRAS OBRAS DE INGENIERÍA CIVIL"",""penalidades_acum"":0,""sanciones_tcp_acum"":0,""estado"":""ACTIVO"",""condicion"":""HABIDO""}","{""ruc"":""20573819731"",""antiguedad_empresa"":10.0,""cmc"":500000.0,""cantidad_rubros"":3.0,""actividad_principal"":""Principal - 4210 - CONSTRUCCIÓN DE CARRETERAS Y VÍAS DE FERROCARRIL"",""penalidades_acum"":0,""sanciones_tcp_acum"":0,""estado"":""ACTIVO"",""condicion"":""HABIDO""}",,,,,,,
3471,JUNIN,"15,295,316.04",26/12/2024,"{""ruc"":""20571395283"",""antiguedad_empresa"":12.0,""cmc"":60678436.15,""cantidad_rubros"":3.0,""actividad_principal"":""Principal - 4100 - CONSTRUCCIÓN DE EDIFICIOS"",""penalidades_acum"":0,""sanciones_tcp_acum"":0,""estado"":""ACTIVO"",""condicion"":""HABIDO""}",,,,,,,,
3472,JUNIN,"4,267,396.79",26/12/2024,"{""ruc"":""20568050283"",""antiguedad_empresa"":13.0,""cmc"":9328879.18,""cantidad_rubros"":3.0,""actividad_principal"":""Principal - 4100 - CONSTRUCCIÓN DE EDIFICIOS"",""penalidades_acum"":0,""sanciones_tcp_acum"":0,""estado"":""ACTIVO"",""condicion"":""HABIDO""}","{""ruc"":""20606460199"",""antiguedad_empresa"":3.0,""cmc"":100000.0,""cantidad_rubros"":3.0,""actividad_principal"":""Principal - 4210 - CONSTRUCCIÓN DE CARRETERAS Y VÍAS DE FERROCARRIL"",""penalidades_acum"":0,""sanciones_tcp_acum"":0,""estado"":""ACTIVO"",""condicion"":""HABIDO""}",,,,,,,
3473,JUNIN,"3,678,920.30",13/12/2024,"{""ruc"":""20610907076"",""antiguedad_empresa"":1.0,""cmc"":452838.45,""cantidad_rubros"":3.0,""actividad_principal"":""Principal - 4290 - CONSTRUCCIÓN DE OTRAS OBRAS DE INGENIERÍA CIVIL"",""penalidades_acum"":0,""sanciones_tcp_acum"":0,""estado"":""ACTIVO"",""condicion"":""HABIDO""}","{""ruc"":""20486103079"",""antiguedad_empresa"":13.0,""cmc"":93557039.54,""cantidad_rubros"":3.0,""actividad_principal"":""Principal - 4100 - CONSTRUCCIÓN DE EDIFICIOS"",""penalidades_acum"":1,""sanciones_tcp_acum"":1,""estado"":""ACTIVO"",""condicion"":""HABIDO""}",,,,,,,
3474,JUNIN,"4,999,748.10",13/12/2024,"{""ruc"":""20610515887"",""antiguedad_empresa"":1.0,""cmc"":450483.73,""cantidad_rubros"":3.0,""actividad_principal"":""Principal - 4100 - CONSTRUCCIÓN DE EDIFICIOS"",""penalidades_acum"":0,""sanciones_tcp_acum"":0,""estado"":""ACTIVO"",""condicion"":""HABIDO""}","{""ruc"":""20568161786"",""antiguedad_empresa"":13.0,""cmc"":123963796.08,""cantidad_rubros"":3.0,""actividad_principal"":""Principal - 4390 - OTRAS ACTIVIDADES ESPECIALIZADAS DE CONSTRUCCIÓN"",""penalidades_acum"":0,""sanciones_tcp_acum"":0,""estado"":""ACTIVO"",""condicion"":""HABIDO""}",,,,,,,
3475,JUNIN,"57,209,195.13",12/12/2024,"{""ruc"":""20486960401"",""antiguedad_empresa"":16.0,""cmc"":294813583.41,""cantidad_rubros"":3.0,""actividad_principal"":""Principal - 4923 - TRANSPORTE DE CARGA POR CARRETERA"",""penalidades_acum"":4,""sanciones_tcp_acum"":1,""estado"":""ACTIVO"",""condicion"":""HABIDO""}","{""ruc"":""20600180771"",""antiguedad_empresa"":9.0,""cmc"":38280289.29,""cantidad_rubros"":3.0,""actividad_principal"":""Principal - 4210 - CONSTRUCCIÓN DE CARRETERAS Y VÍAS DE FERROCARRIL"",""penalidades_acum"":16,""sanciones_tcp_acum"":0,""estado"":""ACTIVO"",""condicion"":""HABIDO""}",,,,,,,
3476,JUNIN,"6,525,766.39",11/12/2024,"{""ruc"":""20486132338"",""antiguedad_empresa"":21.0,""cmc"":57123400.61,""cantidad_rubros"":3.0,""actividad_principal"":""Principal - 4100 - CONSTRUCCIÓN DE EDIFICIOS"",""penalidades_acum"":1,""sanciones_tcp_acum"":0,""estado"":""ACTIVO"",""condicion"":""HABIDO""}","{""ruc"":""20487047512"",""antiguedad_empresa"":15.0,""cmc"":2550578.71,""cantidad_rubros"":3.0,""actividad_principal"":""Principal - 4100 - CONSTRUCCIÓN DE EDIFICIOS"",""penalidades_acum"":0,""sanciones_tcp_acum"":0,""estado"":""ACTIVO"",""condicion"":""HABIDO""}",,,,,,,
3477,JUNIN,"2,595,364.82",11/12/2024,"{""ruc"":""20573884711"",""antiguedad_empresa"":10.0,""cmc"":1021314.86,""cantidad_rubros"":3.0,""actividad_principal"":""Principal - 7110 - ACTIVIDADES DE ARQUITECTURA E INGENIERÍA Y ACTIVIDADES CONEXAS DE CONSULTORÍA TÉCNICA"",""penalidades_acum"":0,""sanciones_tcp_acum"":0,""estado"":""ACTIVO"",""condicion"":""HABIDO""}","{""ruc"":""20541462644"",""antiguedad_empresa"":13.0,""cmc"":100000.0,""cantidad_rubros"":3.0,""actividad_principal"":""Principal - 4100 - CONSTRUCCIÓN DE EDIFICIOS"",""penalidades_acum"":0,""sanciones_tcp_acum"":1,""estado"":""ACTIVO"",""condicion"":""HABIDO""}",,,,,,,
3478,JUNIN,"3,911,654.16",10/12/2024,"{""ruc"":""20486093847"",""antiguedad_empresa"":21.0,""cmc"":100000.0,""cantidad_rubros"":3.0,""actividad_principal"":""Principal - 4390 - OTRAS ACTIVIDADES ESPECIALIZADAS DE CONSTRUCCIÓN"",""penalidades_acum"":0,""sanciones_tcp_acum"":0,""estado"":""BAJA PROV. POR OFICIO"",""condicion"":""HABIDO""}","{""ruc"":""20486558742"",""antiguedad_empresa"":8.0,""cmc"":100000.0,""cantidad_rubros"":3.0,""actividad_principal"":""Principal - 4100 - CONSTRUCCIÓN DE EDIFICIOS"",""penalidades_acum"":0,""sanciones_tcp_acum"":1,""estado"":""ACTIVO"",""condicion"":""HABIDO""}",,,,,,,
3479,JUNIN,"9,459,024.92",03/12/2024,"{""ruc"":""20494252521"",""antiguedad_empresa"":17.0,""cmc"":334114411.5,""cantidad_rubros"":3.0,""actividad_principal"":""Principal - 4923 - TRANSPORTE DE CARGA POR CARRETERA"",""penalidades_acum"":0,""sanciones_tcp_acum"":0,""estado"":""ACTIVO"",""condicion"":""HABIDO""}","{""ruc"":""20609212129"",""antiguedad_empresa"":2.0,""cmc"":100000.0,""cantidad_rubros"":3.0,""actividad_principal"":""Principal - 4663 - VENTA AL POR MAYOR DE MATERIALES DE CONSTRUCCIÓN, ARTÍCULOS DE FERRETERÍA Y EQUIPO Y MATERIALES DE FONTANERÍA Y CALEFACCIÓN"",""penalidades_acum"":0,""sanciones_tcp_acum"":0,""estado"":""ACTIVO"",""condicion"":""HABIDO""}",,,,,,,
3480,JUNIN,"1,518,597.10",03/12/2024,"{""ruc"":""20568163487"",""antiguedad_empresa"":12.0,""cmc"":400000.0,""cantidad_rubros"":3.0,""actividad_principal"":""Principal - 4100 - CONSTRUCCIÓN DE EDIFICIOS"",""penalidades_acum"":0,""sanciones_tcp_acum"":0,""estado"":""ACTIVO"",""condicion"":""HABIDO""}","{""ruc"":""20568003790"",""antiguedad_empresa"":7.0,""cmc"":500000.0,""cantidad_rubros"":3.0,""actividad_principal"":""Principal - 4100 - CONSTRUCCIÓN DE EDIFICIOS"",""penalidades_acum"":0,""sanciones_tcp_acum"":0,""estado"":""SUSPENSION TEMPORAL"",""condicion"":""NO HABIDO""}",,,,,,,
3481,JUNIN,"1,831,829.77",03/12/2024,"{""ruc"":""20261295246"",""antiguedad_empresa"":29.0,""cmc"":400000.0,""cantidad_rubros"":3.0,""actividad_principal"":""Principal - 4100 - CONSTRUCCIÓN DE EDIFICIOS"",""penalidades_acum"":0,""sanciones_tcp_acum"":2,""estado"":""ACTIVO"",""condicion"":""HABIDO""}",,,,,,,,
3482,JUNIN,"121,370,516.55",02/12/2024,"{""ruc"":""20493537742"",""antiguedad_empresa"":17.0,""cmc"":1098458521.47,""cantidad_rubros"":3.0,""actividad_principal"":""Principal - 4390 - OTRAS ACTIVIDADES ESPECIALIZADAS DE CONSTRUCCIÓN"",""penalidades_acum"":0,""sanciones_tcp_acum"":1,""estado"":""ACTIVO"",""condicion"":""HABIDO""}","{""ruc"":""20611396652"",""antiguedad_empresa"":1.0,""cmc"":8500174060.0,""cantidad_rubros"":2.0,""actividad_principal"":""Principal - 4100 - CONSTRUCCIÓN DE EDIFICIOS"",""penalidades_acum"":0,""sanciones_tcp_acum"":0,""estado"":""ACTIVO"",""condicion"":""HABIDO""}",,,,,,,
3483,JUNIN,"196,842,972.81",28/11/2024,"{""ruc"":""20486995450"",""antiguedad_empresa"":15.0,""cmc"":100000.0,""cantidad_rubros"":3.0,""actividad_principal"":""Principal - 7730 - ALQUILER Y ARRENDAMIENTO DE OTROS TIPOS DE MAQUINARIA, EQUIPO Y BIENES TANGIBLES"",""penalidades_acum"":0,""sanciones_tcp_acum"":2,""estado"":""SUSPENSION TEMPORAL"",""condicion"":""HABIDO""}","{""ruc"":""20486960401"",""antiguedad_empresa"":16.0,""cmc"":294813583.41,""cantidad_rubros"":3.0,""actividad_principal"":""Principal - 4923 - TRANSPORTE DE CARGA POR CARRETERA"",""penalidades_acum"":4,""sanciones_tcp_acum"":1,""estado"":""ACTIVO"",""condicion"":""HABIDO""}","{""ruc"":""20600696654"",""antiguedad_empresa"":9.0,""cmc"":100000.0,""cantidad_rubros"":3.0,""actividad_principal"":""Principal - 4923 - TRANSPORTE DE CARGA POR CARRETERA"",""penalidades_acum"":0,""sanciones_tcp_acum"":0,""estado"":""ACTIVO"",""condicion"":""HABIDO""}",,,,,,
3484,JUNIN,"70,988,547.79",28/11/2024,"{""ruc"":""20489430399"",""antiguedad_empresa"":18.0,""cmc"":100000.0,""cantidad_rubros"":3.0,""actividad_principal"":""Principal - 4390 - OTRAS ACTIVIDADES ESPECIALIZADAS DE CONSTRUCCIÓN"",""penalidades_acum"":0,""sanciones_tcp_acum"":0,""estado"":""ACTIVO"",""condicion"":""HABIDO""}","{""ruc"":""20529068655"",""antiguedad_empresa"":14.0,""cmc"":100000.0,""cantidad_rubros"":3.0,""actividad_principal"":""Principal - 7730 - ALQUILER Y ARRENDAMIENTO DE OTROS TIPOS DE MAQUINARIA, EQUIPO Y BIENES TANGIBLES"",""penalidades_acum"":0,""sanciones_tcp_acum"":0,""estado"":""ACTIVO"",""condicion"":""HABIDO""}",,,,,,,
3485,JUNIN,"87,746,857.06",27/11/2024,"{""ruc"":""20489432413"",""antiguedad_empresa"":18.0,""cmc"":100000.0,""cantidad_rubros"":3.0,""actividad_principal"":""Principal - 4100 - CONSTRUCCIÓN DE EDIFICIOS"",""penalidades_acum"":0,""sanciones_tcp_acum"":1,""estado"":""ACTIVO"",""condicion"":""HABIDO""}","{""ruc"":""20489371791"",""antiguedad_empresa"":19.0,""cmc"":100000.0,""cantidad_rubros"":3.0,""actividad_principal"":""Principal - 4100 - CONSTRUCCIÓN DE EDIFICIOS"",""penalidades_acum"":0,""sanciones_tcp_acum"":0,""estado"":""ACTIVO"",""condicion"":""HABIDO""}",,,,,,,
3486,JUNIN,"2,415,463.53",27/11/2024,"{""ruc"":""20568275013"",""antiguedad_empresa"":12.0,""cmc"":80628364.8,""cantidad_rubros"":3.0,""actividad_principal"":""Principal - 4290 - CONSTRUCCIÓN DE OTRAS OBRAS DE INGENIERÍA CIVIL"",""penalidades_acum"":0,""sanciones_tcp_acum"":0,""estado"":""ACTIVO"",""condicion"":""HABIDO""}","{""ruc"":""20486243750"",""antiguedad_empresa"":11.0,""cmc"":500000.0,""cantidad_rubros"":3.0,""actividad_principal"":""Principal - 4100 - CONSTRUCCIÓN DE EDIFICIOS"",""penalidades_acum"":0,""sanciones_tcp_acum"":0,""estado"":""ACTIVO"",""condicion"":""HABIDO""}",,,,,,,
3487,JUNIN,"33,629,523.67",26/11/2024,"{""ruc"":""20568161786"",""antiguedad_empresa"":13.0,""cmc"":123963796.08,""cantidad_rubros"":3.0,""actividad_principal"":""Principal - 4390 - OTRAS ACTIVIDADES ESPECIALIZADAS DE CONSTRUCCIÓN"",""penalidades_acum"":0,""sanciones_tcp_acum"":0,""estado"":""ACTIVO"",""condicion"":""HABIDO""}",,,,,,,,
3488,JUNIN,"3,425,524.74",22/11/2024,"{""ruc"":""20541556380"",""antiguedad_empresa"":13.0,""cmc"":100000.0,""cantidad_rubros"":3.0,""actividad_principal"":""Principal - 4210 - CONSTRUCCIÓN DE CARRETERAS Y VÍAS DE FERROCARRIL"",""penalidades_acum"":0,""sanciones_tcp_acum"":0,""estado"":""ACTIVO"",""condicion"":""HABIDO""}","{""ruc"":""20600160347"",""antiguedad_empresa"":9.0,""cmc"":100000.0,""cantidad_rubros"":3.0,""actividad_principal"":""Principal - 4100 - CONSTRUCCIÓN DE EDIFICIOS"",""penalidades_acum"":0,""sanciones_tcp_acum"":0,""estado"":""ACTIVO"",""condicion"":""HABIDO""}","{""ruc"":""20601762316"",""antiguedad_empresa"":7.0,""cmc"":100000.0,""cantidad_rubros"":3.0,""actividad_principal"":""Principal - 4210 - CONSTRUCCIÓN DE CARRETERAS Y VÍAS DE FERROCARRIL"",""penalidades_acum"":0,""sanciones_tcp_acum"":0,""estado"":""ACTIVO"",""condicion"":""HABIDO""}",,,,,,
3489,JUNIN,"1,984,077.75",20/11/2024,"{""ruc"":""20600060652"",""antiguedad_empresa"":10.0,""cmc"":100000.0,""cantidad_rubros"":3.0,""actividad_principal"":""Principal - 7110 - ACTIVIDADES DE ARQUITECTURA E INGENIERÍA Y ACTIVIDADES CONEXAS DE CONSULTORÍA TÉCNICA"",""penalidades_acum"":0,""sanciones_tcp_acum"":0,""estado"":""ACTIVO"",""condicion"":""HABIDO""}",,,,,,,,
3490,JUNIN,"10,860,896.98",18/11/2024,"{""ruc"":""20568345755"",""antiguedad_empresa"":12.0,""cmc"":500000.0,""cantidad_rubros"":3.0,""actividad_principal"":""Principal - 4923 - TRANSPORTE DE CARGA POR CARRETERA"",""penalidades_acum"":0,""sanciones_tcp_acum"":0,""estado"":""ACTIVO"",""condicion"":""HABIDO""}","{""ruc"":""20486103079"",""antiguedad_empresa"":13.0,""cmc"":93557039.54,""cantidad_rubros"":3.0,""actividad_principal"":""Principal - 4100 - CONSTRUCCIÓN DE EDIFICIOS"",""penalidades_acum"":1,""sanciones_tcp_acum"":1,""estado"":""ACTIVO"",""condicion"":""HABIDO""}","{""ruc"":""20568535376"",""antiguedad_empresa"":12.0,""cmc"":6389102.29,""cantidad_rubros"":3.0,""actividad_principal"":""Principal - 4210 - CONSTRUCCIÓN DE CARRETERAS Y VÍAS DE FERROCARRIL"",""penalidades_acum"":0,""sanciones_tcp_acum"":0,""estado"":""ACTIVO"",""condicion"":""HABIDO""}",,,,,,
3491,JUNIN,"8,022,506.75",18/11/2024,"{""ruc"":""20407412592"",""antiguedad_empresa"":25.0,""cmc"":122807577.22,""cantidad_rubros"":3.0,""actividad_principal"":""Principal - 4100 - CONSTRUCCIÓN DE EDIFICIOS"",""penalidades_acum"":0,""sanciones_tcp_acum"":0,""estado"":""ACTIVO"",""condicion"":""HABIDO""}","{""ruc"":""20603433867"",""antiguedad_empresa"":6.0,""cmc"":12670484.67,""cantidad_rubros"":3.0,""actividad_principal"":""Principal - 4100 - CONSTRUCCIÓN DE EDIFICIOS"",""penalidades_acum"":0,""sanciones_tcp_acum"":0,""estado"":""ACTIVO"",""condicion"":""HABIDO""}",,,,,,,
3492,JUNIN,"6,719,695.00",14/11/2024,"{""ruc"":""20489544998"",""antiguedad_empresa"":17.0,""cmc"":236719862.42,""cantidad_rubros"":3.0,""actividad_principal"":""Principal - 4210 - CONSTRUCCIÓN DE CARRETERAS Y VÍAS DE FERROCARRIL"",""penalidades_acum"":1,""sanciones_tcp_acum"":2,""estado"":""ACTIVO"",""condicion"":""HABIDO""}","{""ruc"":""20541453815"",""antiguedad_empresa"":13.0,""cmc"":32531919.0,""cantidad_rubros"":3.0,""actividad_principal"":""Principal - 4390 - OTRAS ACTIVIDADES ESPECIALIZADAS DE CONSTRUCCIÓN"",""penalidades_acum"":0,""sanciones_tcp_acum"":0,""estado"":""ACTIVO"",""condicion"":""HABIDO""}",,,,,,,
3493,JUNIN,"2,527,495.42",14/11/2024,"{""ruc"":""20489544998"",""antiguedad_empresa"":17.0,""cmc"":236719862.42,""cantidad_rubros"":3.0,""actividad_principal"":""Principal - 4210 - CONSTRUCCIÓN DE CARRETERAS Y VÍAS DE FERROCARRIL"",""penalidades_acum"":1,""sanciones_tcp_acum"":2,""estado"":""ACTIVO"",""condicion"":""HABIDO""}","{""ruc"":""20541453815"",""antiguedad_empresa"":13.0,""cmc"":32531919.0,""cantidad_rubros"":3.0,""actividad_principal"":""Principal - 4390 - OTRAS ACTIVIDADES ESPECIALIZADAS DE CONSTRUCCIÓN"",""penalidades_acum"":0,""sanciones_tcp_acum"":0,""estado"":""ACTIVO"",""condicion"":""HABIDO""}",,,,,,,
3494,JUNIN,"4,395,994.42",14/11/2024,"{""ruc"":""20568275013"",""antiguedad_empresa"":12.0,""cmc"":80628364.8,""cantidad_rubros"":3.0,""actividad_principal"":""Principal - 4290 - CONSTRUCCIÓN DE OTRAS OBRAS DE INGENIERÍA CIVIL"",""penalidades_acum"":0,""sanciones_tcp_acum"":0,""estado"":""ACTIVO"",""condicion"":""HABIDO""}","{""ruc"":""20601792789"",""antiguedad_empresa"":7.0,""cmc"":1174553.2,""cantidad_rubros"":3.0,""actividad_principal"":""Principal - 4100 - CONSTRUCCIÓN DE EDIFICIOS"",""penalidades_acum"":0,""sanciones_tcp_acum"":0,""estado"":""ACTIVO"",""condicion"":""HABIDO""}",,,,,,,
3495,JUNIN,"5,442,641.34",13/11/2024,"{""ruc"":""20531455313"",""antiguedad_empresa"":20.0,""cmc"":450000.0,""cantidad_rubros"":3.0,""actividad_principal"":""Principal - 4220 - CONSTRUCCIÓN DE PROYECTOS DE SERVICIO PÚBLICO"",""penalidades_acum"":0,""sanciones_tcp_acum"":2,""estado"":""ACTIVO"",""condicion"":""HABIDO""}","{""ruc"":""20600258231"",""antiguedad_empresa"":9.0,""cmc"":500000.0,""cantidad_rubros"":3.0,""actividad_principal"":""Principal - 4210 - CONSTRUCCIÓN DE CARRETERAS Y VÍAS DE FERROCARRIL"",""penalidades_acum"":0,""sanciones_tcp_acum"":0,""estado"":""ACTIVO"",""condicion"":""HABIDO""}",,,,,,,
3496,JUNIN,"10,355,785.14",13/11/2024,"{""ruc"":""20489626706"",""antiguedad_empresa"":16.0,""cmc"":241904391.26,""cantidad_rubros"":3.0,""actividad_principal"":""Principal - 4290 - CONSTRUCCIÓN DE OTRAS OBRAS DE INGENIERÍA CIVIL"",""penalidades_acum"":0,""sanciones_tcp_acum"":2,""estado"":""ACTIVO"",""condicion"":""HABIDO""}","{""ruc"":""20602648967"",""antiguedad_empresa"":7.0,""cmc"":100000.0,""cantidad_rubros"":3.0,""actividad_principal"":""Principal - 4290 - CONSTRUCCIÓN DE OTRAS OBRAS DE INGENIERÍA CIVIL"",""penalidades_acum"":0,""sanciones_tcp_acum"":0,""estado"":""ACTIVO"",""condicion"":""HABIDO""}",,,,,,,
3497,JUNIN,"17,484,583.72",12/11/2024,"{""ruc"":""20600021045"",""antiguedad_empresa"":9.0,""cmc"":75475056.08,""cantidad_rubros"":3.0,""actividad_principal"":""Principal - 4100 - CONSTRUCCIÓN DE EDIFICIOS"",""penalidades_acum"":0,""sanciones_tcp_acum"":0,""estado"":""ACTIVO"",""condicion"":""HABIDO""}","{""ruc"":""20607804134"",""antiguedad_empresa"":3.0,""cmc"":100000.0,""cantidad_rubros"":3.0,""actividad_principal"":""Principal - 4100 - CONSTRUCCIÓN DE EDIFICIOS"",""penalidades_acum"":0,""sanciones_tcp_acum"":0,""estado"":""BAJA PROV. POR OFICIO"",""condicion"":""NO HABIDO""}",,,,,,,
3498,JUNIN,"6,283,881.62",11/11/2024,"{""ruc"":""20568275013"",""antiguedad_empresa"":12.0,""cmc"":80628364.8,""cantidad_rubros"":3.0,""actividad_principal"":""Principal - 4290 - CONSTRUCCIÓN DE OTRAS OBRAS DE INGENIERÍA CIVIL"",""penalidades_acum"":0,""sanciones_tcp_acum"":0,""estado"":""ACTIVO"",""condicion"":""HABIDO""}","{""ruc"":""20568360801"",""antiguedad_empresa"":12.0,""cmc"":3348669.82,""cantidad_rubros"":3.0,""actividad_principal"":""Principal - 4210 - CONSTRUCCIÓN DE CARRETERAS Y VÍAS DE FERROCARRIL"",""penalidades_acum"":0,""sanciones_tcp_acum"":0,""estado"":""ACTIVO"",""condicion"":""HABIDO""}",,,,,,,
3499,JUNIN,"1,602,349.66",07/11/2024,"{""ruc"":""20605423877"",""antiguedad_empresa"":5.0,""cmc"":100000.0,""cantidad_rubros"":3.0,""actividad_principal"":""Principal - 4100 - CONSTRUCCIÓN DE EDIFICIOS"",""penalidades_acum"":0,""sanciones_tcp_acum"":0,""estado"":""ACTIVO"",""condicion"":""HABIDO""}","{""ruc"":""20541417851"",""antiguedad_empresa"":14.0,""cmc"":100000.0,""cantidad_rubros"":2.0,""actividad_principal"":""Principal - 4100 - CONSTRUCCIÓN DE EDIFICIOS"",""penalidades_acum"":0,""sanciones_tcp_acum"":0,""estado"":""ACTIVO"",""condicion"":""HABIDO""}",,,,,,,
3500,JUNIN,"4,293,432.15",07/11/2024,"{""ruc"":""20568345755"",""antiguedad_empresa"":12.0,""cmc"":500000.0,""cantidad_rubros"":3.0,""actividad_principal"":""Principal - 4923 - TRANSPORTE DE CARGA POR CARRETERA"",""penalidades_acum"":0,""sanciones_tcp_acum"":0,""estado"":""ACTIVO"",""condicion"":""HABIDO""}","{""ruc"":""20486807122"",""antiguedad_empresa"":16.0,""cmc"":85707492.28,""cantidad_rubros"":3.0,""actividad_principal"":""Principal - 4100 - CONSTRUCCIÓN DE EDIFICIOS"",""penalidades_acum"":0,""sanciones_tcp_acum"":0,""estado"":""ACTIVO"",""condicion"":""HABIDO""}",,,,,,,
3501,JUNIN,"36,620,784.36",31/10/2024,"{""ruc"":""20557209752"",""antiguedad_empresa"":10.0,""cmc"":108207863.38,""cantidad_rubros"":3.0,""actividad_principal"":""Principal - 4100 - CONSTRUCCIÓN DE EDIFICIOS"",""penalidades_acum"":0,""sanciones_tcp_acum"":0,""estado"":""ACTIVO"",""condicion"":""HABIDO""}","{""ruc"":""20542153980"",""antiguedad_empresa"":13.0,""cmc"":496671935.61,""cantidad_rubros"":3.0,""actividad_principal"":""Principal - 4100 - CONSTRUCCIÓN DE EDIFICIOS"",""penalidades_acum"":0,""sanciones_tcp_acum"":0,""estado"":""ACTIVO"",""condicion"":""HABIDO""}",,,,,,,
3502,JUNIN,"13,896,091.46",30/10/2024,"{""ruc"":""20600704762"",""antiguedad_empresa"":9.0,""cmc"":1307334.79,""cantidad_rubros"":3.0,""actividad_principal"":""Principal - 4100 - CONSTRUCCIÓN DE EDIFICIOS"",""penalidades_acum"":0,""sanciones_tcp_acum"":0,""estado"":""ACTIVO"",""condicion"":""HABIDO""}","{""ruc"":""20528924221"",""antiguedad_empresa"":15.0,""cmc"":212066720.22,""cantidad_rubros"":3.0,""actividad_principal"":""Principal - 4100 - CONSTRUCCIÓN DE EDIFICIOS"",""penalidades_acum"":0,""sanciones_tcp_acum"":1,""estado"":""ACTIVO"",""condicion"":""HABIDO""}",,,,,,,
3503,JUNIN,"3,684,727.30",29/10/2024,"{""ruc"":""20486812479"",""antiguedad_empresa"":16.0,""cmc"":100000.0,""cantidad_rubros"":3.0,""actividad_principal"":""Principal - 2511 - FABRICACION DE PRODUCTOS METALICOS PARA USO ESTRUCTURAL"",""penalidades_acum"":0,""sanciones_tcp_acum"":0,""estado"":""BAJA PROV. POR OFICIO"",""condicion"":""HABIDO""}","{""ruc"":""20487176169"",""antiguedad_empresa"":15.0,""cmc"":500000.0,""cantidad_rubros"":3.0,""actividad_principal"":""Principal - 4100 - CONSTRUCCIÓN DE EDIFICIOS"",""penalidades_acum"":0,""sanciones_tcp_acum"":0,""estado"":""ACTIVO"",""condicion"":""HABIDO""}",,,,,,,
3504,JUNIN,"4,770,563.58",29/10/2024,"{""ruc"":""20486404273"",""antiguedad_empresa"":18.0,""cmc"":100000.0,""cantidad_rubros"":3.0,""actividad_principal"":""Principal - 4923 - TRANSPORTE DE CARGA POR CARRETERA"",""penalidades_acum"":7,""sanciones_tcp_acum"":1,""estado"":""ACTIVO"",""condicion"":""HABIDO""}","{""ruc"":""20608699181"",""antiguedad_empresa"":3.0,""cmc"":100000.0,""cantidad_rubros"":2.0,""actividad_principal"":""Principal - 7110 - ACTIVIDADES DE ARQUITECTURA E INGENIERÍA Y ACTIVIDADES CONEXAS DE CONSULTORÍA TÉCNICA"",""penalidades_acum"":0,""sanciones_tcp_acum"":0,""estado"":""ACTIVO"",""condicion"":""HABIDO""}",,,,,,,
3505,JUNIN,"2,200,950.77",28/10/2024,"{""ruc"":""20568345755"",""antiguedad_empresa"":12.0,""cmc"":500000.0,""cantidad_rubros"":3.0,""actividad_principal"":""Principal - 4923 - TRANSPORTE DE CARGA POR CARRETERA"",""penalidades_acum"":0,""sanciones_tcp_acum"":0,""estado"":""ACTIVO"",""condicion"":""HABIDO""}","{""ruc"":""20602125247"",""antiguedad_empresa"":7.0,""cmc"":100000.0,""cantidad_rubros"":3.0,""actividad_principal"":""Principal - 4290 - CONSTRUCCIÓN DE OTRAS OBRAS DE INGENIERÍA CIVIL"",""penalidades_acum"":0,""sanciones_tcp_acum"":0,""estado"":""ACTIVO"",""condicion"":""HABIDO""}",,,,,,,
3506,JUNIN,"3,589,782.80",28/10/2024,"{""ruc"":""20568050283"",""antiguedad_empresa"":13.0,""cmc"":9328879.18,""cantidad_rubros"":3.0,""actividad_principal"":""Principal - 4100 - CONSTRUCCIÓN DE EDIFICIOS"",""penalidades_acum"":0,""sanciones_tcp_acum"":0,""estado"":""ACTIVO"",""condicion"":""HABIDO""}","{""ruc"":""20568210078"",""antiguedad_empresa"":12.0,""cmc"":358237.9,""cantidad_rubros"":3.0,""actividad_principal"":""Principal - 4290 - CONSTRUCCIÓN DE OTRAS OBRAS DE INGENIERÍA CIVIL"",""penalidades_acum"":0,""sanciones_tcp_acum"":0,""estado"":""ACTIVO"",""condicion"":""HABIDO""}",,,,,,,
3507,JUNIN,"1,767,243.59",25/10/2024,"{""ruc"":""20486103079"",""antiguedad_empresa"":13.0,""cmc"":93557039.54,""cantidad_rubros"":3.0,""actividad_principal"":""Principal - 4100 - CONSTRUCCIÓN DE EDIFICIOS"",""penalidades_acum"":1,""sanciones_tcp_acum"":1,""estado"":""ACTIVO"",""condicion"":""HABIDO""}","{""ruc"":""20610305670"",""antiguedad_empresa"":2.0,""cmc"":100000.0,""cantidad_rubros"":3.0,""actividad_principal"":""Principal - 4663 - VENTA AL POR MAYOR DE MATERIALES DE CONSTRUCCIÓN, ARTÍCULOS DE FERRETERÍA Y EQUIPO Y MATERIALES DE FONTANERÍA Y CALEFACCIÓN"",""penalidades_acum"":0,""sanciones_tcp_acum"":0,""estado"":""ACTIVO"",""condicion"":""HABIDO""}",,,,,,,
3508,JUNIN,"587,871.51",23/10/2024,"{""ruc"":""20600029798"",""antiguedad_empresa"":10.0,""cmc"":25206231.47,""cantidad_rubros"":3.0,""actividad_principal"":""Principal - 4100 - CONSTRUCCIÓN DE EDIFICIOS"",""penalidades_acum"":3,""sanciones_tcp_acum"":0,""estado"":""ACTIVO"",""condicion"":""HABIDO""}",,,,,,,,
3509,JUNIN,"108,482,869.58",30/09/2024,"{""ruc"":""20600180771"",""antiguedad_empresa"":9.0,""cmc"":38280289.29,""cantidad_rubros"":3.0,""actividad_principal"":""Principal - 4210 - CONSTRUCCIÓN DE CARRETERAS Y VÍAS DE FERROCARRIL"",""penalidades_acum"":16,""sanciones_tcp_acum"":0,""estado"":""ACTIVO"",""condicion"":""HABIDO""}","{""ruc"":""20486960401"",""antiguedad_empresa"":16.0,""cmc"":294813583.41,""cantidad_rubros"":3.0,""actividad_principal"":""Principal - 4923 - TRANSPORTE DE CARGA POR CARRETERA"",""penalidades_acum"":4,""sanciones_tcp_acum"":1,""estado"":""ACTIVO"",""condicion"":""HABIDO""}",,,,,,,
3510,JUNIN,"2,515,069.28",26/09/2024,"{""ruc"":""20494951020"",""antiguedad_empresa"":14.0,""cmc"":100000.0,""cantidad_rubros"":3.0,""actividad_principal"":""Principal - 4100 - CONSTRUCCIÓN DE EDIFICIOS"",""penalidades_acum"":11,""sanciones_tcp_acum"":0,""estado"":""ACTIVO"",""condicion"":""HABIDO""}","{""ruc"":""20607687898"",""antiguedad_empresa"":3.0,""cmc"":100000.0,""cantidad_rubros"":3.0,""actividad_principal"":""Principal - 7710 - ALQUILER Y ARRENDAMIENTO DE VEHÍCULOS AUTOMOTORES"",""penalidades_acum"":0,""sanciones_tcp_acum"":0,""estado"":""ACTIVO"",""condicion"":""HABIDO""}",,,,,,,
3511,JUNIN,"3,391,296.79",06/09/2024,"{""ruc"":""20568223307"",""antiguedad_empresa"":12.0,""cmc"":25421340.3,""cantidad_rubros"":3.0,""actividad_principal"":""Principal - 4100 - CONSTRUCCIÓN DE EDIFICIOS"",""penalidades_acum"":0,""sanciones_tcp_acum"":0,""estado"":""ACTIVO"",""condicion"":""HABIDO""}","{""ruc"":""20486743302"",""antiguedad_empresa"":16.0,""cmc"":28933255.05,""cantidad_rubros"":3.0,""actividad_principal"":""Principal - 4290 - CONSTRUCCIÓN DE OTRAS OBRAS DE INGENIERÍA CIVIL"",""penalidades_acum"":0,""sanciones_tcp_acum"":1,""estado"":""ACTIVO"",""condicion"":""HABIDO""}",,,,,,,
3512,JUNIN,"226,526,037.89",05/09/2024,"{""ruc"":""20536612972"",""antiguedad_empresa"":13.0,""cmc"":819662336.32,""cantidad_rubros"":2.0,""actividad_principal"":""Principal - 4100 - CONSTRUCCIÓN DE EDIFICIOS"",""penalidades_acum"":0,""sanciones_tcp_acum"":1,""estado"":""ACTIVO"",""condicion"":""HABIDO""}","{""ruc"":""20282062080"",""antiguedad_empresa"":29.0,""cmc"":2202207002.88,""cantidad_rubros"":1.0,""actividad_principal"":""Principal - 7110 - ACTIVIDADES DE ARQUITECTURA E INGENIERÍA Y ACTIVIDADES CONEXAS DE CONSULTORÍA TÉCNICA"",""penalidades_acum"":0,""sanciones_tcp_acum"":0,""estado"":""ACTIVO"",""condicion"":""HABIDO""}",,,,,,,
3513,JUNIN,"13,814,832.70",27/06/2024,"{""ruc"":""20568327773"",""antiguedad_empresa"":0.0,""cmc"":6870337.12,""cantidad_rubros"":2.0,""actividad_principal"":""Principal - 4100 - CONSTRUCCIÓN DE EDIFICIOS"",""penalidades_acum"":0,""sanciones_tcp_acum"":1,""estado"":""ACTIVO"",""condicion"":""HABIDO""}","{""ruc"":""20486887568"",""antiguedad_empresa"":16.0,""cmc"":100000.0,""cantidad_rubros"":3.0,""actividad_principal"":""Principal - 4290 - CONSTRUCCIÓN DE OTRAS OBRAS DE INGENIERÍA CIVIL"",""penalidades_acum"":0,""sanciones_tcp_acum"":1,""estado"":""ACTIVO"",""condicion"":""HABIDO""}",,,,,,,
3514,JUNIN,"8,615,243.28",20/06/2024,"{""ruc"":""20486573113"",""antiguedad_empresa"":17.0,""cmc"":100000.0,""cantidad_rubros"":3.0,""actividad_principal"":""Principal - 4100 - CONSTRUCCIÓN DE EDIFICIOS"",""penalidades_acum"":0,""sanciones_tcp_acum"":2,""estado"":""ACTIVO"",""condicion"":""HABIDO""}","{""ruc"":""20568535376"",""antiguedad_empresa"":12.0,""cmc"":6389102.29,""cantidad_rubros"":3.0,""actividad_principal"":""Principal - 4210 - CONSTRUCCIÓN DE CARRETERAS Y VÍAS DE FERROCARRIL"",""penalidades_acum"":0,""sanciones_tcp_acum"":0,""estado"":""ACTIVO"",""condicion"":""HABIDO""}",,,,,,,
3515,JUNIN,"173,631,976.74",17/06/2024,"{""ruc"":""20529104988"",""antiguedad_empresa"":14.0,""cmc"":500000.0,""cantidad_rubros"":3.0,""actividad_principal"":""Principal - 4100 - CONSTRUCCIÓN DE EDIFICIOS"",""penalidades_acum"":5,""sanciones_tcp_acum"":0,""estado"":""ACTIVO"",""condicion"":""HABIDO""}","{""ruc"":""20608429191"",""antiguedad_empresa"":3.0,""cmc"":284997360.42,""cantidad_rubros"":2.0,""actividad_principal"":""Principal - 4220 - CONSTRUCCIÓN DE PROYECTOS DE SERVICIO PÚBLICO"",""penalidades_acum"":0,""sanciones_tcp_acum"":1,""estado"":""ACTIVO"",""condicion"":""HABIDO""}",,,,,,,
3516,JUNIN,"2,979,000.88",17/06/2024,"{""ruc"":""20541462644"",""antiguedad_empresa"":13.0,""cmc"":100000.0,""cantidad_rubros"":3.0,""actividad_principal"":""Principal - 4100 - CONSTRUCCIÓN DE EDIFICIOS"",""penalidades_acum"":0,""sanciones_tcp_acum"":1,""estado"":""ACTIVO"",""condicion"":""HABIDO""}","{""ruc"":""20602246575"",""antiguedad_empresa"":7.0,""cmc"":1214991.17,""cantidad_rubros"":3.0,""actividad_principal"":""Principal - 7110 - ACTIVIDADES DE ARQUITECTURA E INGENIERÍA Y ACTIVIDADES CONEXAS DE CONSULTORÍA TÉCNICA"",""penalidades_acum"":0,""sanciones_tcp_acum"":0,""estado"":""ACTIVO"",""condicion"":""HABIDO""}",,,,,,,
3517,JUNIN,"11,257,308.04",13/06/2024,"{""ruc"":""20494854172"",""antiguedad_empresa"":15.0,""cmc"":112856013.38,""cantidad_rubros"":3.0,""actividad_principal"":""Principal - 4290 - CONSTRUCCIÓN DE OTRAS OBRAS DE INGENIERÍA CIVIL"",""penalidades_acum"":1,""sanciones_tcp_acum"":0,""estado"":""ACTIVO"",""condicion"":""HABIDO""}","{""ruc"":""20604863806"",""antiguedad_empresa"":5.0,""cmc"":100000.0,""cantidad_rubros"":3.0,""actividad_principal"":""Principal - 4100 - CONSTRUCCIÓN DE EDIFICIOS"",""penalidades_acum"":0,""sanciones_tcp_acum"":0,""estado"":""ACTIVO"",""condicion"":""HABIDO""}",,,,,,,
3518,JUNIN,"951,247.75",27/05/2024,"{""ruc"":""20486132338"",""antiguedad_empresa"":21.0,""cmc"":57123400.61,""cantidad_rubros"":3.0,""actividad_principal"":""Principal - 4100 - CONSTRUCCIÓN DE EDIFICIOS"",""penalidades_acum"":1,""sanciones_tcp_acum"":0,""estado"":""ACTIVO"",""condicion"":""HABIDO""}","{""ruc"":""20568237430"",""antiguedad_empresa"":12.0,""cmc"":7504168.56,""cantidad_rubros"":3.0,""actividad_principal"":""Principal - 4210 - CONSTRUCCIÓN DE CARRETERAS Y VÍAS DE FERROCARRIL"",""penalidades_acum"":0,""sanciones_tcp_acum"":0,""estado"":""ACTIVO"",""condicion"":""HABIDO""}",,,,,,,
3519,JUNIN,"7,035,508.71",24/05/2024,"{""ruc"":""20486132338"",""antiguedad_empresa"":21.0,""cmc"":57123400.61,""cantidad_rubros"":3.0,""actividad_principal"":""Principal - 4100 - CONSTRUCCIÓN DE EDIFICIOS"",""penalidades_acum"":1,""sanciones_tcp_acum"":0,""estado"":""ACTIVO"",""condicion"":""HABIDO""}","{""ruc"":""20600140893"",""antiguedad_empresa"":9.0,""cmc"":500000.0,""cantidad_rubros"":3.0,""actividad_principal"":""Principal - 4390 - OTRAS ACTIVIDADES ESPECIALIZADAS DE CONSTRUCCIÓN"",""penalidades_acum"":0,""sanciones_tcp_acum"":0,""estado"":""ACTIVO"",""condicion"":""HABIDO""}",,,,,,,
3520,JUNIN,"2,484,222.86",23/05/2024,"{""ruc"":""20605623612"",""antiguedad_empresa"":5.0,""cmc"":100000.0,""cantidad_rubros"":3.0,""actividad_principal"":""Principal - 4620 - VENTA AL POR MAYOR DE MATERIAS PRIMAS AGROPECUARIAS Y ANIMALES VIVOS"",""penalidades_acum"":0,""sanciones_tcp_acum"":0,""estado"":""ACTIVO"",""condicion"":""HABIDO""}","{""ruc"":""20600029798"",""antiguedad_empresa"":10.0,""cmc"":25206231.47,""cantidad_rubros"":3.0,""actividad_principal"":""Principal - 4100 - CONSTRUCCIÓN DE EDIFICIOS"",""penalidades_acum"":3,""sanciones_tcp_acum"":0,""estado"":""ACTIVO"",""condicion"":""HABIDO""}",,,,,,,
3521,JUNIN,"6,993,492.70",22/05/2024,"{""ruc"":""20528917951"",""antiguedad_empresa"":15.0,""cmc"":100000.0,""cantidad_rubros"":3.0,""actividad_principal"":""Principal - 4100 - CONSTRUCCIÓN DE EDIFICIOS"",""penalidades_acum"":0,""sanciones_tcp_acum"":0,""estado"":""ACTIVO"",""condicion"":""HABIDO""}",,,,,,,,
3522,JUNIN,"4,845,058.97",21/05/2024,"{""ruc"":""20461112227"",""antiguedad_empresa"":24.0,""cmc"":103818565.5,""cantidad_rubros"":2.0,""actividad_principal"":""Principal - 4923 - TRANSPORTE DE CARGA POR CARRETERA"",""penalidades_acum"":0,""sanciones_tcp_acum"":2,""estado"":""BAJA DEFINITIVA"",""condicion"":""NO HABIDO""}","{""ruc"":""20535886033"",""antiguedad_empresa"":5.0,""cmc"":100000.0,""cantidad_rubros"":3.0,""actividad_principal"":""Principal - 4100 - CONSTRUCCIÓN DE EDIFICIOS"",""penalidades_acum"":0,""sanciones_tcp_acum"":0,""estado"":""BAJA DE OFICIO"",""condicion"":""HABIDO""}",,,,,,,
3523,JUNIN,"7,052,875.64",07/05/2024,"{""ruc"":""20401507818"",""antiguedad_empresa"":26.0,""cmc"":100000.0,""cantidad_rubros"":2.0,""actividad_principal"":""Principal - 4100 - CONSTRUCCIÓN DE EDIFICIOS"",""penalidades_acum"":0,""sanciones_tcp_acum"":0,""estado"":""ACTIVO"",""condicion"":""HABIDO""}","{""ruc"":""20603206186"",""antiguedad_empresa"":6.0,""cmc"":3457831.27,""cantidad_rubros"":2.0,""actividad_principal"":""Principal - 4100 - CONSTRUCCIÓN DE EDIFICIOS"",""penalidades_acum"":0,""sanciones_tcp_acum"":0,""estado"":""ACTIVO"",""condicion"":""HABIDO""}",,,,,,,
3524,JUNIN,"7,100,623.75",02/05/2024,"{""ruc"":""20600021045"",""antiguedad_empresa"":9.0,""cmc"":75475056.08,""cantidad_rubros"":3.0,""actividad_principal"":""Principal - 4100 - CONSTRUCCIÓN DE EDIFICIOS"",""penalidades_acum"":0,""sanciones_tcp_acum"":0,""estado"":""ACTIVO"",""condicion"":""HABIDO""}","{""ruc"":""20600160347"",""antiguedad_empresa"":9.0,""cmc"":100000.0,""cantidad_rubros"":3.0,""actividad_principal"":""Principal - 4100 - CONSTRUCCIÓN DE EDIFICIOS"",""penalidades_acum"":0,""sanciones_tcp_acum"":0,""estado"":""ACTIVO"",""condicion"":""HABIDO""}",,,,,,,
3525,JUNIN,"18,041,961.92",24/04/2024,"{""ruc"":""20600021045"",""antiguedad_empresa"":9.0,""cmc"":75475056.08,""cantidad_rubros"":3.0,""actividad_principal"":""Principal - 4100 - CONSTRUCCIÓN DE EDIFICIOS"",""penalidades_acum"":0,""sanciones_tcp_acum"":0,""estado"":""ACTIVO"",""condicion"":""HABIDO""}","{""ruc"":""20601714966"",""antiguedad_empresa"":8.0,""cmc"":744668025.98,""cantidad_rubros"":3.0,""actividad_principal"":""Principal - 4663 - VENTA AL POR MAYOR DE MATERIALES DE CONSTRUCCIÓN, ARTÍCULOS DE FERRETERÍA Y EQUIPO Y MATERIALES DE FONTANERÍA Y CALEFACCIÓN"",""penalidades_acum"":0,""sanciones_tcp_acum"":0,""estado"":""ACTIVO"",""condicion"":""HABIDO""}",,,,,,,
3526,JUNIN,"4,498,075.59",24/04/2024,"{""ruc"":""20601409829"",""antiguedad_empresa"":8.0,""cmc"":100000.0,""cantidad_rubros"":3.0,""actividad_principal"":""Principal - 4663 - VENTA AL POR MAYOR DE MATERIALES DE CONSTRUCCIÓN, ARTÍCULOS DE FERRETERÍA Y EQUIPO Y MATERIALES DE FONTANERÍA Y CALEFACCIÓN"",""penalidades_acum"":0,""sanciones_tcp_acum"":0,""estado"":""ACTIVO"",""condicion"":""HABIDO""}","{""ruc"":""20487047512"",""antiguedad_empresa"":15.0,""cmc"":2550578.71,""cantidad_rubros"":3.0,""actividad_principal"":""Principal - 4100 - CONSTRUCCIÓN DE EDIFICIOS"",""penalidades_acum"":0,""sanciones_tcp_acum"":0,""estado"":""ACTIVO"",""condicion"":""HABIDO""}",,,,,,,
3527,JUNIN,"2,780,426.50",23/04/2024,"{""ruc"":""20602262201"",""antiguedad_empresa"":null,""cmc"":100000.0,""cantidad_rubros"":1.0,""actividad_principal"":""Principal - 7110 - ACTIVIDADES DE ARQUITECTURA E INGENIERÍA Y ACTIVIDADES CONEXAS DE CONSULTORÍA TÉCNICA"",""penalidades_acum"":0,""sanciones_tcp_acum"":0,""estado"":""ACTIVO"",""condicion"":""HABIDO""}","{""ruc"":""20486103079"",""antiguedad_empresa"":13.0,""cmc"":93557039.54,""cantidad_rubros"":3.0,""actividad_principal"":""Principal - 4100 - CONSTRUCCIÓN DE EDIFICIOS"",""penalidades_acum"":1,""sanciones_tcp_acum"":1,""estado"":""ACTIVO"",""condicion"":""HABIDO""}",,,,,,,
3528,JUNIN,"5,290,114.94",22/04/2024,"{""ruc"":""20568161786"",""antiguedad_empresa"":13.0,""cmc"":123963796.08,""cantidad_rubros"":3.0,""actividad_principal"":""Principal - 4390 - OTRAS ACTIVIDADES ESPECIALIZADAS DE CONSTRUCCIÓN"",""penalidades_acum"":0,""sanciones_tcp_acum"":0,""estado"":""ACTIVO"",""condicion"":""HABIDO""}","{""ruc"":""20487047512"",""antiguedad_empresa"":15.0,""cmc"":2550578.71,""cantidad_rubros"":3.0,""actividad_principal"":""Principal - 4100 - CONSTRUCCIÓN DE EDIFICIOS"",""penalidades_acum"":0,""sanciones_tcp_acum"":0,""estado"":""ACTIVO"",""condicion"":""HABIDO""}",,,,,,,
3529,JUNIN,"6,656,243.67",22/04/2024,"{""ruc"":""20541592777"",""antiguedad_empresa"":13.0,""cmc"":5007969334.24,""cantidad_rubros"":3.0,""actividad_principal"":""Principal - 4100 - CONSTRUCCIÓN DE EDIFICIOS"",""penalidades_acum"":1,""sanciones_tcp_acum"":1,""estado"":""ACTIVO"",""condicion"":""HABIDO""}",,,,,,,,
3530,JUNIN,"2,985,282.98",22/04/2024,"{""ruc"":""20568684614"",""antiguedad_empresa"":11.0,""cmc"":100000.0,""cantidad_rubros"":3.0,""actividad_principal"":""Principal - 4923 - TRANSPORTE DE CARGA POR CARRETERA"",""penalidades_acum"":0,""sanciones_tcp_acum"":1,""estado"":""ACTIVO"",""condicion"":""HABIDO""}","{""ruc"":""20610414878"",""antiguedad_empresa"":1.0,""cmc"":480602.07,""cantidad_rubros"":3.0,""actividad_principal"":""Principal - 4210 - CONSTRUCCIÓN DE CARRETERAS Y VÍAS DE FERROCARRIL"",""penalidades_acum"":0,""sanciones_tcp_acum"":0,""estado"":""ACTIVO"",""condicion"":""HABIDO""}",,,,,,,
3531,JUNIN,"3,763,192.39",11/04/2024,"{""ruc"":""20573041977"",""antiguedad_empresa"":11.0,""cmc"":5699650.25,""cantidad_rubros"":3.0,""actividad_principal"":""Principal - 4290 - CONSTRUCCIÓN DE OTRAS OBRAS DE INGENIERÍA CIVIL"",""penalidades_acum"":0,""sanciones_tcp_acum"":0,""estado"":""ACTIVO"",""condicion"":""HABIDO""}","{""ruc"":""20528917951"",""antiguedad_empresa"":15.0,""cmc"":100000.0,""cantidad_rubros"":3.0,""actividad_principal"":""Principal - 4100 - CONSTRUCCIÓN DE EDIFICIOS"",""penalidades_acum"":0,""sanciones_tcp_acum"":0,""estado"":""ACTIVO"",""condicion"":""HABIDO""}",,,,,,,
3532,JUNIN,"8,143,790.05",01/03/2024,"{""ruc"":""20486625954"",""antiguedad_empresa"":15.0,""cmc"":7236922.7,""cantidad_rubros"":3.0,""actividad_principal"":""Principal - 4390 - OTRAS ACTIVIDADES ESPECIALIZADAS DE CONSTRUCCIÓN"",""penalidades_acum"":0,""sanciones_tcp_acum"":0,""estado"":""ACTIVO"",""condicion"":""HABIDO""}","{""ruc"":""20487065502"",""antiguedad_empresa"":12.0,""cmc"":500000.0,""cantidad_rubros"":3.0,""actividad_principal"":""Principal - 4210 - CONSTRUCCIÓN DE CARRETERAS Y VÍAS DE FERROCARRIL"",""penalidades_acum"":0,""sanciones_tcp_acum"":0,""estado"":""ACTIVO"",""condicion"":""HABIDO""}",,,,,,,
3533,JUNIN,"338,740.85",28/02/2024,"{""ruc"":""20600021045"",""antiguedad_empresa"":9.0,""cmc"":75475056.08,""cantidad_rubros"":3.0,""actividad_principal"":""Principal - 4100 - CONSTRUCCIÓN DE EDIFICIOS"",""penalidades_acum"":0,""sanciones_tcp_acum"":0,""estado"":""ACTIVO"",""condicion"":""HABIDO""}","{""ruc"":""20611286962"",""antiguedad_empresa"":1.0,""cmc"":100000.0,""cantidad_rubros"":3.0,""actividad_principal"":""Principal - 4290 - CONSTRUCCIÓN DE OTRAS OBRAS DE INGENIERÍA CIVIL"",""penalidades_acum"":0,""sanciones_tcp_acum"":0,""estado"":""ACTIVO"",""condicion"":""HABIDO""}",,,,,,,
3534,JUNIN,"3,666,504.86",09/02/2024,"{""ruc"":""20546099220"",""antiguedad_empresa"":12.0,""cmc"":39354030.14,""cantidad_rubros"":3.0,""actividad_principal"":""Principal - 4100 - CONSTRUCCIÓN DE EDIFICIOS"",""penalidades_acum"":0,""sanciones_tcp_acum"":0,""estado"":""ACTIVO"",""condicion"":""HABIDO""}","{""ruc"":""20568196491"",""antiguedad_empresa"":13.0,""cmc"":100000.0,""cantidad_rubros"":3.0,""actividad_principal"":""Principal - 4210 - CONSTRUCCIÓN DE CARRETERAS Y VÍAS DE FERROCARRIL"",""penalidades_acum"":0,""sanciones_tcp_acum"":0,""estado"":""ACTIVO"",""condicion"":""HABIDO""}",,,,,,,
3535,JUNIN,"149,628,219.99",01/02/2024,"{""ruc"":""20574702322"",""antiguedad_empresa"":10.0,""cmc"":3141594.95,""cantidad_rubros"":3.0,""actividad_principal"":""Principal - 4100 - CONSTRUCCIÓN DE EDIFICIOS"",""penalidades_acum"":0,""sanciones_tcp_acum"":0,""estado"":""SUSPENSION TEMPORAL"",""condicion"":""HABIDO""}","{""ruc"":""20568275013"",""antiguedad_empresa"":12.0,""cmc"":80628364.8,""cantidad_rubros"":3.0,""actividad_principal"":""Principal - 4290 - CONSTRUCCIÓN DE OTRAS OBRAS DE INGENIERÍA CIVIL"",""penalidades_acum"":0,""sanciones_tcp_acum"":0,""estado"":""ACTIVO"",""condicion"":""HABIDO""}","{""ruc"":""20494252521"",""antiguedad_empresa"":17.0,""cmc"":334114411.5,""cantidad_rubros"":3.0,""actividad_principal"":""Principal - 4923 - TRANSPORTE DE CARGA POR CARRETERA"",""penalidades_acum"":0,""sanciones_tcp_acum"":0,""estado"":""ACTIVO"",""condicion"":""HABIDO""}",,,,,,
3795,LA LIBERTAD,"717,884.06",29/12/2021,"{""ruc"":""20606525690"",""antiguedad_empresa"":1.0,""cmc"":374000.9,""cantidad_rubros"":3.0,""actividad_principal"":""Principal - 7110 - ACTIVIDADES DE ARQUITECTURA E INGENIERÍA Y ACTIVIDADES CONEXAS DE CONSULTORÍA TÉCNICA"",""penalidades_acum"":0,""sanciones_tcp_acum"":0,""estado"":""ACTIVO"",""condicion"":""HABIDO""}","{""ruc"":""20453649840"",""antiguedad_empresa"":20.0,""cmc"":205040003.77,""cantidad_rubros"":3.0,""actividad_principal"":""Principal - 4210 - CONSTRUCCIÓN DE CARRETERAS Y VÍAS DE FERROCARRIL"",""penalidades_acum"":0,""sanciones_tcp_acum"":2,""estado"":""ACTIVO"",""condicion"":""HABIDO""}",,,,,,,
3796,LA LIBERTAD,"609,345.62",29/12/2021,"{""ruc"":""20121907608"",""antiguedad_empresa"":30.0,""cmc"":100000.0,""cantidad_rubros"":3.0,""actividad_principal"":""Principal - 4390 - OTRAS ACTIVIDADES ESPECIALIZADAS DE CONSTRUCCIÓN"",""penalidades_acum"":0,""sanciones_tcp_acum"":1,""estado"":""ACTIVO"",""condicion"":""HABIDO""}",,,,,,,,
3797,LA LIBERTAD,"2,241,060.06",28/12/2021,"{""ruc"":""20529656751"",""antiguedad_empresa"":8.0,""cmc"":253207203.78,""cantidad_rubros"":3.0,""actividad_principal"":""Principal - 4100 - CONSTRUCCIÓN DE EDIFICIOS"",""penalidades_acum"":0,""sanciones_tcp_acum"":0,""estado"":""ACTIVO"",""condicion"":""HABIDO""}","{""ruc"":""20134483611"",""antiguedad_empresa"":28.0,""cmc"":100000.0,""cantidad_rubros"":2.0,""actividad_principal"":""Principal - 4390 - OTRAS ACTIVIDADES ESPECIALIZADAS DE CONSTRUCCIÓN"",""penalidades_acum"":0,""sanciones_tcp_acum"":0,""estado"":""ACTIVO"",""condicion"":""HABIDO""}",,,,,,,
3798,LA LIBERTAD,"17,308,704.11",18/10/2021,"{""ruc"":""99000028271"",""antiguedad_empresa"":null,""cmc"":100000.0,""cantidad_rubros"":null,""actividad_principal"":null,""penalidades_acum"":0,""sanciones_tcp_acum"":1,""estado"":null,""condicion"":null}","{""ruc"":""20603089619"",""antiguedad_empresa"":3.0,""cmc"":100000.0,""cantidad_rubros"":3.0,""actividad_principal"":""Principal - 4210 - CONSTRUCCIÓN DE CARRETERAS Y VÍAS DE FERROCARRIL"",""penalidades_acum"":0,""sanciones_tcp_acum"":1,""estado"":""ACTIVO"",""condicion"":""NO HABIDO""}","{""ruc"":""20477617434"",""antiguedad_empresa"":9.0,""cmc"":613612.3,""cantidad_rubros"":3.0,""actividad_principal"":""Principal - 4923 - TRANSPORTE DE CARGA POR CARRETERA"",""penalidades_acum"":0,""sanciones_tcp_acum"":1,""estado"":""ACTIVO"",""condicion"":""HABIDO""}",,,,,,
3799,LA LIBERTAD,"1,396,115.72",18/10/2021,"{""ruc"":""20477458883"",""antiguedad_empresa"":10.0,""cmc"":66120130.55,""cantidad_rubros"":3.0,""actividad_principal"":""Principal - 4290 - CONSTRUCCIÓN DE OTRAS OBRAS DE INGENIERÍA CIVIL"",""penalidades_acum"":0,""sanciones_tcp_acum"":0,""estado"":""ACTIVO"",""condicion"":""HABIDO""}",,,,,,,,
3800,LA LIBERTAD,"1,564,363.28",15/09/2021,"{""ruc"":""20504553516"",""antiguedad_empresa"":17.0,""cmc"":100000.0,""cantidad_rubros"":3.0,""actividad_principal"":""Principal - 4390 - OTRAS ACTIVIDADES ESPECIALIZADAS DE CONSTRUCCIÓN"",""penalidades_acum"":0,""sanciones_tcp_acum"":3,""estado"":""ACTIVO"",""condicion"":""HABIDO""}","{""ruc"":""20529440074"",""antiguedad_empresa"":3.0,""cmc"":8040894.66,""cantidad_rubros"":1.0,""actividad_principal"":""Principal - 4100 - CONSTRUCCIÓN DE EDIFICIOS"",""penalidades_acum"":0,""sanciones_tcp_acum"":0,""estado"":""ACTIVO"",""condicion"":""HABIDO""}",,,,,,,
3801,LA LIBERTAD,"3,128,538.23",13/09/2021,"{""ruc"":""20489304687"",""antiguedad_empresa"":9.0,""cmc"":100000.0,""cantidad_rubros"":3.0,""actividad_principal"":""Principal - 4100 - CONSTRUCCIÓN DE EDIFICIOS"",""penalidades_acum"":0,""sanciones_tcp_acum"":0,""estado"":""ACTIVO"",""condicion"":""NO HABIDO""}",,,,,,,,
3802,LA LIBERTAD,"2,057,620.20",23/08/2021,"{""ruc"":""20477460357"",""antiguedad_empresa"":10.0,""cmc"":100000.0,""cantidad_rubros"":3.0,""actividad_principal"":""Principal - 4100 - CONSTRUCCIÓN DE EDIFICIOS"",""penalidades_acum"":0,""sanciones_tcp_acum"":0,""estado"":""ACTIVO"",""condicion"":""NO HABIDO""}","{""ruc"":""20531750749"",""antiguedad_empresa"":11.0,""cmc"":98471418.24,""cantidad_rubros"":3.0,""actividad_principal"":""Principal - 4290 - CONSTRUCCIÓN DE OTRAS OBRAS DE INGENIERÍA CIVIL"",""penalidades_acum"":0,""sanciones_tcp_acum"":0,""estado"":""ACTIVO"",""condicion"":""HABIDO""}",,,,,,,
3803,LA LIBERTAD,"150,000.00",18/06/2021,"{""ruc"":""20559687643"",""antiguedad_empresa"":8.0,""cmc"":100000.0,""cantidad_rubros"":3.0,""actividad_principal"":""Principal - 4100 - CONSTRUCCIÓN DE EDIFICIOS"",""penalidades_acum"":0,""sanciones_tcp_acum"":0,""estado"":""SUSPENSION TEMPORAL"",""condicion"":""HABIDO""}",,,,,,,,
3804,LA LIBERTAD,"7,682,448.73",25/05/2021,"{""ruc"":""20539094930"",""antiguedad_empresa"":8.0,""cmc"":30922459.87,""cantidad_rubros"":3.0,""actividad_principal"":""Principal - 4390 - OTRAS ACTIVIDADES ESPECIALIZADAS DE CONSTRUCCIÓN"",""penalidades_acum"":0,""sanciones_tcp_acum"":0,""estado"":""ACTIVO"",""condicion"":""HABIDO""}","{""ruc"":""20481813841"",""antiguedad_empresa"":13.0,""cmc"":100000.0,""cantidad_rubros"":3.0,""actividad_principal"":""Principal - 4220 - CONSTRUCCIÓN DE PROYECTOS DE SERVICIO PÚBLICO"",""penalidades_acum"":1,""sanciones_tcp_acum"":1,""estado"":""BAJA DE OFICIO"",""condicion"":""HABIDO""}",,,,,,,
3805,LA LIBERTAD,"34,648,304.19",19/05/2021,"{""ruc"":""20529688017"",""antiguedad_empresa"":8.0,""cmc"":100000.0,""cantidad_rubros"":3.0,""actividad_principal"":""Principal - 4923 - TRANSPORTE DE CARGA POR CARRETERA"",""penalidades_acum"":0,""sanciones_tcp_acum"":1,""estado"":""ACTIVO"",""condicion"":""HABIDO""}","{""ruc"":""20495934498"",""antiguedad_empresa"":14.0,""cmc"":958873887.42,""cantidad_rubros"":3.0,""actividad_principal"":""Principal - 7110 - ACTIVIDADES DE ARQUITECTURA E INGENIERÍA Y ACTIVIDADES CONEXAS DE CONSULTORÍA TÉCNICA"",""penalidades_acum"":0,""sanciones_tcp_acum"":0,""estado"":""ACTIVO"",""condicion"":""HABIDO""}","{""ruc"":""10266854892"",""antiguedad_empresa"":27.0,""cmc"":76413273.71,""cantidad_rubros"":2.0,""actividad_principal"":""Principal - 7110 - ACTIVIDADES DE ARQUITECTURA E INGENIERÍA Y ACTIVIDADES CONEXAS DE CONSULTORÍA TÉCNICA"",""penalidades_acum"":0,""sanciones_tcp_acum"":2,""estado"":""ACTIVO"",""condicion"":""HABIDO""}",,,,,,
3806,LA LIBERTAD,"2,869,921.71",17/05/2021,"{""ruc"":""20495865747"",""antiguedad_empresa"":14.0,""cmc"":156949011.83,""cantidad_rubros"":3.0,""actividad_principal"":""Principal - 4100 - CONSTRUCCIÓN DE EDIFICIOS"",""penalidades_acum"":0,""sanciones_tcp_acum"":0,""estado"":""ACTIVO"",""condicion"":""HABIDO""}","{""ruc"":""20529656751"",""antiguedad_empresa"":8.0,""cmc"":253207203.78,""cantidad_rubros"":3.0,""actividad_principal"":""Principal - 4100 - CONSTRUCCIÓN DE EDIFICIOS"",""penalidades_acum"":0,""sanciones_tcp_acum"":0,""estado"":""ACTIVO"",""condicion"":""HABIDO""}",,,,,,,
3807,LA LIBERTAD,"11,031,463.21",11/05/2021,"{""ruc"":""20603716176"",""antiguedad_empresa"":3.0,""cmc"":27020603.56,""cantidad_rubros"":2.0,""actividad_principal"":""Principal - 4923 - TRANSPORTE DE CARGA POR CARRETERA"",""penalidades_acum"":0,""sanciones_tcp_acum"":0,""estado"":""ACTIVO"",""condicion"":""HABIDO""}","{""ruc"":""20477150242"",""antiguedad_empresa"":10.0,""cmc"":582790972.77,""cantidad_rubros"":3.0,""actividad_principal"":""Principal - 4923 - TRANSPORTE DE CARGA POR CARRETERA"",""penalidades_acum"":0,""sanciones_tcp_acum"":1,""estado"":""ACTIVO"",""condicion"":""HABIDO""}",,,,,,,
3808,LA LIBERTAD,"12,596,739.28",07/04/2021,"{""ruc"":""20501430669"",""antiguedad_empresa"":18.0,""cmc"":100000.0,""cantidad_rubros"":2.0,""actividad_principal"":""Principal - 4390 - OTRAS ACTIVIDADES ESPECIALIZADAS DE CONSTRUCCIÓN"",""penalidades_acum"":0,""sanciones_tcp_acum"":1,""estado"":""ACTIVO"",""condicion"":""HABIDO""}","{""ruc"":""20544771478"",""antiguedad_empresa"":10.0,""cmc"":18936000.46,""cantidad_rubros"":2.0,""actividad_principal"":""Principal - 4100 - CONSTRUCCIÓN DE EDIFICIOS"",""penalidades_acum"":0,""sanciones_tcp_acum"":0,""estado"":""ACTIVO"",""condicion"":""HABIDO""}",,,,,,,
3809,LA LIBERTAD,"14,746,308.36",07/04/2021,"{""ruc"":""20544771478"",""antiguedad_empresa"":10.0,""cmc"":18936000.46,""cantidad_rubros"":2.0,""actividad_principal"":""Principal - 4100 - CONSTRUCCIÓN DE EDIFICIOS"",""penalidades_acum"":0,""sanciones_tcp_acum"":0,""estado"":""ACTIVO"",""condicion"":""HABIDO""}","{""ruc"":""20501430669"",""antiguedad_empresa"":18.0,""cmc"":100000.0,""cantidad_rubros"":2.0,""actividad_principal"":""Principal - 4390 - OTRAS ACTIVIDADES ESPECIALIZADAS DE CONSTRUCCIÓN"",""penalidades_acum"":0,""sanciones_tcp_acum"":1,""estado"":""ACTIVO"",""condicion"":""HABIDO""}",,,,,,,
3810,LA LIBERTAD,"526,883.03",01/04/2021,"{""ruc"":""20482206574"",""antiguedad_empresa"":12.0,""cmc"":100000.0,""cantidad_rubros"":3.0,""actividad_principal"":""Principal - 4100 - CONSTRUCCIÓN DE EDIFICIOS"",""penalidades_acum"":0,""sanciones_tcp_acum"":0,""estado"":""SUSPENSION TEMPORAL"",""condicion"":""HABIDO""}",,,,,,,,
3811,LA LIBERTAD,"52,550.00",08/01/2021,"{""ruc"":""20539094930"",""antiguedad_empresa"":8.0,""cmc"":30922459.87,""cantidad_rubros"":3.0,""actividad_principal"":""Principal - 4390 - OTRAS ACTIVIDADES ESPECIALIZADAS DE CONSTRUCCIÓN"",""penalidades_acum"":0,""sanciones_tcp_acum"":0,""estado"":""ACTIVO"",""condicion"":""HABIDO""}",,,,,,,,
3812,LA LIBERTAD,"78,500.00",08/01/2021,"{""ruc"":""20539094930"",""antiguedad_empresa"":8.0,""cmc"":30922459.87,""cantidad_rubros"":3.0,""actividad_principal"":""Principal - 4390 - OTRAS ACTIVIDADES ESPECIALIZADAS DE CONSTRUCCIÓN"",""penalidades_acum"":0,""sanciones_tcp_acum"":0,""estado"":""ACTIVO"",""condicion"":""HABIDO""}",,,,,,,,
3813,LA LIBERTAD,"79,000.00",07/01/2021,"{""ruc"":""20539094930"",""antiguedad_empresa"":8.0,""cmc"":30922459.87,""cantidad_rubros"":3.0,""actividad_principal"":""Principal - 4390 - OTRAS ACTIVIDADES ESPECIALIZADAS DE CONSTRUCCIÓN"",""penalidades_acum"":0,""sanciones_tcp_acum"":0,""estado"":""ACTIVO"",""condicion"":""HABIDO""}",,,,,,,,
3815,LA LIBERTAD,"7,554,747.05",20/12/2022,"{""ruc"":""20481561265"",""antiguedad_empresa"":15.0,""cmc"":24091806.09,""cantidad_rubros"":3.0,""actividad_principal"":""Principal - 4100 - CONSTRUCCIÓN DE EDIFICIOS"",""penalidades_acum"":1,""sanciones_tcp_acum"":0,""estado"":""ACTIVO"",""condicion"":""HABIDO""}",,,,,,,,
3816,LA LIBERTAD,"2,036,421.27",12/12/2022,"{""ruc"":""20326387593"",""antiguedad_empresa"":25.0,""cmc"":100000.0,""cantidad_rubros"":1.0,""actividad_principal"":""Principal - 7110 - ACTIVIDADES DE ARQUITECTURA E INGENIERÍA Y ACTIVIDADES CONEXAS DE CONSULTORÍA TÉCNICA"",""penalidades_acum"":0,""sanciones_tcp_acum"":2,""estado"":""ACTIVO"",""condicion"":""HABIDO""}","{""ruc"":""20529656751"",""antiguedad_empresa"":9.0,""cmc"":253207203.78,""cantidad_rubros"":3.0,""actividad_principal"":""Principal - 4100 - CONSTRUCCIÓN DE EDIFICIOS"",""penalidades_acum"":0,""sanciones_tcp_acum"":0,""estado"":""ACTIVO"",""condicion"":""HABIDO""}",,,,,,,
3817,LA LIBERTAD,"26,729,685.57",13/10/2022,"{""ruc"":""20397595782"",""antiguedad_empresa"":24.0,""cmc"":46221949.04,""cantidad_rubros"":3.0,""actividad_principal"":""Principal - 7730 - ALQUILER Y ARRENDAMIENTO DE OTROS TIPOS DE MAQUINARIA, EQUIPO Y BIENES TANGIBLES"",""penalidades_acum"":0,""sanciones_tcp_acum"":0,""estado"":""ACTIVO"",""condicion"":""HABIDO""}","{""ruc"":""20603476400"",""antiguedad_empresa"":4.0,""cmc"":470313192.14,""cantidad_rubros"":1.0,""actividad_principal"":""Principal - 7110 - ACTIVIDADES DE ARQUITECTURA E INGENIERÍA Y ACTIVIDADES CONEXAS DE CONSULTORÍA TÉCNICA"",""penalidades_acum"":0,""sanciones_tcp_acum"":1,""estado"":""ACTIVO"",""condicion"":""HABIDO""}","{""ruc"":""20477304908"",""antiguedad_empresa"":11.0,""cmc"":13671017.05,""cantidad_rubros"":3.0,""actividad_principal"":""Principal - 4390 - OTRAS ACTIVIDADES ESPECIALIZADAS DE CONSTRUCCIÓN"",""penalidades_acum"":0,""sanciones_tcp_acum"":0,""estado"":""ACTIVO"",""condicion"":""HABIDO""}",,,,,,
3818,LA LIBERTAD,"3,983,503.58",12/10/2022,"{""ruc"":""20601226279"",""antiguedad_empresa"":6.0,""cmc"":6422921.96,""cantidad_rubros"":3.0,""actividad_principal"":""Principal - 4100 - CONSTRUCCIÓN DE EDIFICIOS"",""penalidades_acum"":0,""sanciones_tcp_acum"":1,""estado"":""ACTIVO"",""condicion"":""HABIDO""}","{""ruc"":""20205328662"",""antiguedad_empresa"":33.0,""cmc"":145008025.78,""cantidad_rubros"":2.0,""actividad_principal"":""Principal - 4390 - OTRAS ACTIVIDADES ESPECIALIZADAS DE CONSTRUCCIÓN"",""penalidades_acum"":1,""sanciones_tcp_acum"":1,""estado"":""ACTIVO"",""condicion"":""NO HALLADO""}",,,,,,,
3819,LA LIBERTAD,"7,470,872.69",11/10/2022,"{""ruc"":""20461642706"",""antiguedad_empresa"":22.0,""cmc"":null,""cantidad_rubros"":3.0,""actividad_principal"":""Principal - 0125 - CULTIVO DE OTROS FRUTOS Y NUECES DE ÁRBOLES Y ARBUSTOS"",""penalidades_acum"":0,""sanciones_tcp_acum"":0,""estado"":""ACTIVO"",""condicion"":""HABIDO""}",,,,,,,,
3820,LA LIBERTAD,"2,036,421.27",30/09/2022,"{""ruc"":""20326387593"",""antiguedad_empresa"":25.0,""cmc"":100000.0,""cantidad_rubros"":1.0,""actividad_principal"":""Principal - 7110 - ACTIVIDADES DE ARQUITECTURA E INGENIERÍA Y ACTIVIDADES CONEXAS DE CONSULTORÍA TÉCNICA"",""penalidades_acum"":0,""sanciones_tcp_acum"":2,""estado"":""ACTIVO"",""condicion"":""HABIDO""}","{""ruc"":""20529656751"",""antiguedad_empresa"":9.0,""cmc"":253207203.78,""cantidad_rubros"":3.0,""actividad_principal"":""Principal - 4100 - CONSTRUCCIÓN DE EDIFICIOS"",""penalidades_acum"":0,""sanciones_tcp_acum"":0,""estado"":""ACTIVO"",""condicion"":""HABIDO""}",,,,,,,
3821,LA LIBERTAD,"13,306,017.14",09/09/2022,"{""ruc"":""20529698918"",""antiguedad_empresa"":9.0,""cmc"":100000.0,""cantidad_rubros"":3.0,""actividad_principal"":""Principal - 4100 - CONSTRUCCIÓN DE EDIFICIOS"",""penalidades_acum"":0,""sanciones_tcp_acum"":1,""estado"":""ACTIVO"",""condicion"":""HABIDO""}","{""ruc"":""20481188955"",""antiguedad_empresa"":17.0,""cmc"":148120613.93,""cantidad_rubros"":3.0,""actividad_principal"":""Principal - 4290 - CONSTRUCCIÓN DE OTRAS OBRAS DE INGENIERÍA CIVIL"",""penalidades_acum"":0,""sanciones_tcp_acum"":0,""estado"":""ACTIVO"",""condicion"":""HABIDO""}",,,,,,,
3822,LA LIBERTAD,"3,822,194.91",04/07/2022,"{""ruc"":""20482261168"",""antiguedad_empresa"":13.0,""cmc"":100000.0,""cantidad_rubros"":3.0,""actividad_principal"":""Principal - 4923 - TRANSPORTE DE CARGA POR CARRETERA"",""penalidades_acum"":0,""sanciones_tcp_acum"":2,""estado"":""ACTIVO"",""condicion"":""HABIDO""}",,,,,,,,
3823,LA LIBERTAD,"3,885,012.53",22/06/2022,"{""ruc"":""20601649161"",""antiguedad_empresa"":null,""cmc"":100000.0,""cantidad_rubros"":1.0,""actividad_principal"":""Principal - 4100 - CONSTRUCCIÓN DE EDIFICIOS"",""penalidades_acum"":0,""sanciones_tcp_acum"":2,""estado"":""ACTIVO"",""condicion"":""HABIDO""}","{""ruc"":""20529656751"",""antiguedad_empresa"":9.0,""cmc"":253207203.78,""cantidad_rubros"":3.0,""actividad_principal"":""Principal - 4100 - CONSTRUCCIÓN DE EDIFICIOS"",""penalidades_acum"":0,""sanciones_tcp_acum"":0,""estado"":""ACTIVO"",""condicion"":""HABIDO""}",,,,,,,
3824,LA LIBERTAD,"13,692,903.23",17/06/2022,"{""ruc"":""20531309091"",""antiguedad_empresa"":21.0,""cmc"":34386215.29,""cantidad_rubros"":3.0,""actividad_principal"":""Principal - 4100 - CONSTRUCCIÓN DE EDIFICIOS"",""penalidades_acum"":0,""sanciones_tcp_acum"":2,""estado"":""ACTIVO"",""condicion"":""HABIDO""}",,,,,,,,
3825,LA LIBERTAD,"2,056,755.50",15/06/2022,"{""ruc"":""20481791422"",""antiguedad_empresa"":14.0,""cmc"":31384953.2,""cantidad_rubros"":3.0,""actividad_principal"":""Principal - 4100 - CONSTRUCCIÓN DE EDIFICIOS"",""penalidades_acum"":0,""sanciones_tcp_acum"":0,""estado"":""ACTIVO"",""condicion"":""HABIDO""}","{""ruc"":""20482247921"",""antiguedad_empresa"":11.0,""cmc"":27905867.24,""cantidad_rubros"":3.0,""actividad_principal"":""Principal - 4100 - CONSTRUCCIÓN DE EDIFICIOS"",""penalidades_acum"":0,""sanciones_tcp_acum"":0,""estado"":""ACTIVO"",""condicion"":""HABIDO""}",,,,,,,
3826,LA LIBERTAD,"3,592,656.82",15/06/2022,"{""ruc"":""20484228451"",""antiguedad_empresa"":18.0,""cmc"":14427256.36,""cantidad_rubros"":3.0,""actividad_principal"":""Principal - 4390 - OTRAS ACTIVIDADES ESPECIALIZADAS DE CONSTRUCCIÓN"",""penalidades_acum"":0,""sanciones_tcp_acum"":0,""estado"":""ACTIVO"",""condicion"":""HABIDO""}",,,,,,,,
3827,LA LIBERTAD,"2,775,891.71",15/06/2022,"{""ruc"":""20530147127"",""antiguedad_empresa"":8.0,""cmc"":22781739.31,""cantidad_rubros"":3.0,""actividad_principal"":""Principal - 7020 - ACTIVIDADES DE CONSULTORÍA DE GESTIÓN"",""penalidades_acum"":0,""sanciones_tcp_acum"":1,""estado"":""ACTIVO"",""condicion"":""HABIDO""}","{""ruc"":""20538913571"",""antiguedad_empresa"":10.0,""cmc"":100000.0,""cantidad_rubros"":2.0,""actividad_principal"":""Principal - 4100 - CONSTRUCCIÓN DE EDIFICIOS"",""penalidades_acum"":0,""sanciones_tcp_acum"":0,""estado"":""ACTIVO"",""condicion"":""HABIDO""}",,,,,,,
3828,LA LIBERTAD,"2,423,454.92",15/06/2022,"{""ruc"":""20440439129"",""antiguedad_empresa"":19.0,""cmc"":195761990.15,""cantidad_rubros"":2.0,""actividad_principal"":""Principal - 4100 - CONSTRUCCIÓN DE EDIFICIOS"",""penalidades_acum"":0,""sanciones_tcp_acum"":0,""estado"":""ACTIVO"",""condicion"":""HABIDO""}","{""ruc"":""20600167571"",""antiguedad_empresa"":7.0,""cmc"":450000.0,""cantidad_rubros"":3.0,""actividad_principal"":""Principal - 4923 - TRANSPORTE DE CARGA POR CARRETERA"",""penalidades_acum"":0,""sanciones_tcp_acum"":0,""estado"":""ACTIVO"",""condicion"":""HABIDO""}",,,,,,,
3829,LA LIBERTAD,"2,352,635.23",14/06/2022,"{""ruc"":""20494784450"",""antiguedad_empresa"":13.0,""cmc"":94476971.8,""cantidad_rubros"":3.0,""actividad_principal"":""Principal - 4210 - CONSTRUCCIÓN DE CARRETERAS Y VÍAS DE FERROCARRIL"",""penalidades_acum"":1,""sanciones_tcp_acum"":0,""estado"":""ACTIVO"",""condicion"":""HABIDO""}","{""ruc"":""20553792119"",""antiguedad_empresa"":9.0,""cmc"":100000.0,""cantidad_rubros"":3.0,""actividad_principal"":""Principal - 4100 - CONSTRUCCIÓN DE EDIFICIOS"",""penalidades_acum"":2,""sanciones_tcp_acum"":0,""estado"":""ACTIVO"",""condicion"":""HABIDO""}",,,,,,,
3830,LA LIBERTAD,"2,224,420.16",14/06/2022,"{""ruc"":""20481456712"",""antiguedad_empresa"":16.0,""cmc"":100000.0,""cantidad_rubros"":3.0,""actividad_principal"":""Principal - 4210 - CONSTRUCCIÓN DE CARRETERAS Y VÍAS DE FERROCARRIL"",""penalidades_acum"":0,""sanciones_tcp_acum"":0,""estado"":""ACTIVO"",""condicion"":""HABIDO""}","{""ruc"":""20542191059"",""antiguedad_empresa"":11.0,""cmc"":163445326.5,""cantidad_rubros"":3.0,""actividad_principal"":""Principal - 4290 - CONSTRUCCIÓN DE OTRAS OBRAS DE INGENIERÍA CIVIL"",""penalidades_acum"":1,""sanciones_tcp_acum"":0,""estado"":""ACTIVO"",""condicion"":""HABIDO""}",,,,,,,
3831,LA LIBERTAD,"4,648,629.62",14/06/2022,"{""ruc"":""20144691173"",""antiguedad_empresa"":29.0,""cmc"":60000000.0,""cantidad_rubros"":2.0,""actividad_principal"":""Principal - 4390 - OTRAS ACTIVIDADES ESPECIALIZADAS DE CONSTRUCCIÓN"",""penalidades_acum"":0,""sanciones_tcp_acum"":0,""estado"":""ACTIVO"",""condicion"":""HABIDO""}","{""ruc"":""20477458883"",""antiguedad_empresa"":11.0,""cmc"":66120130.55,""cantidad_rubros"":3.0,""actividad_principal"":""Principal - 4290 - CONSTRUCCIÓN DE OTRAS OBRAS DE INGENIERÍA CIVIL"",""penalidades_acum"":0,""sanciones_tcp_acum"":0,""estado"":""ACTIVO"",""condicion"":""HABIDO""}",,,,,,,
3832,LA LIBERTAD,"1,034,422.76",14/06/2022,"{""ruc"":""20481475342"",""antiguedad_empresa"":15.0,""cmc"":113391376.6,""cantidad_rubros"":3.0,""actividad_principal"":""Principal - 7110 - ACTIVIDADES DE ARQUITECTURA E INGENIERÍA Y ACTIVIDADES CONEXAS DE CONSULTORÍA TÉCNICA"",""penalidades_acum"":0,""sanciones_tcp_acum"":1,""estado"":""ACTIVO"",""condicion"":""HABIDO""}",,,,,,,,
3833,LA LIBERTAD,"2,272,172.31",14/06/2022,"{""ruc"":""20502322711"",""antiguedad_empresa"":21.0,""cmc"":49847654.54,""cantidad_rubros"":1.0,""actividad_principal"":""Principal - 45207 - CONSTRUCCION EDIFICIOS COMPLETOS."",""penalidades_acum"":0,""sanciones_tcp_acum"":1,""estado"":""ACTIVO"",""condicion"":""HABIDO""}","{""ruc"":""20481728062"",""antiguedad_empresa"":15.0,""cmc"":100000.0,""cantidad_rubros"":3.0,""actividad_principal"":""Principal - 4100 - CONSTRUCCIÓN DE EDIFICIOS"",""penalidades_acum"":0,""sanciones_tcp_acum"":1,""estado"":""ACTIVO"",""condicion"":""HABIDO""}",,,,,,,
3834,LA LIBERTAD,"1,664,664.28",14/06/2022,"{""ruc"":""20477458883"",""antiguedad_empresa"":11.0,""cmc"":66120130.55,""cantidad_rubros"":3.0,""actividad_principal"":""Principal - 4290 - CONSTRUCCIÓN DE OTRAS OBRAS DE INGENIERÍA CIVIL"",""penalidades_acum"":0,""sanciones_tcp_acum"":0,""estado"":""ACTIVO"",""condicion"":""HABIDO""}",,,,,,,,
3835,LA LIBERTAD,"4,112,855.16",31/05/2022,"{""ruc"":""20355337619"",""antiguedad_empresa"":25.0,""cmc"":81748708.08,""cantidad_rubros"":3.0,""actividad_principal"":""Principal - 4100 - CONSTRUCCIÓN DE EDIFICIOS"",""penalidades_acum"":0,""sanciones_tcp_acum"":0,""estado"":""ACTIVO"",""condicion"":""HABIDO""}","{""ruc"":""20482644253"",""antiguedad_empresa"":12.0,""cmc"":12019060.44,""cantidad_rubros"":3.0,""actividad_principal"":""Principal - 4100 - CONSTRUCCIÓN DE EDIFICIOS"",""penalidades_acum"":0,""sanciones_tcp_acum"":0,""estado"":""ACTIVO"",""condicion"":""HABIDO""}",,,,,,,
3836,LA LIBERTAD,"13,455,464.76",12/05/2022,"{""ruc"":""20477304908"",""antiguedad_empresa"":11.0,""cmc"":13671017.05,""cantidad_rubros"":3.0,""actividad_principal"":""Principal - 4390 - OTRAS ACTIVIDADES ESPECIALIZADAS DE CONSTRUCCIÓN"",""penalidades_acum"":0,""sanciones_tcp_acum"":0,""estado"":""ACTIVO"",""condicion"":""HABIDO""}","{""ruc"":""20482093354"",""antiguedad_empresa"":13.0,""cmc"":1119807934.93,""cantidad_rubros"":3.0,""actividad_principal"":""Principal - 4100 - CONSTRUCCIÓN DE EDIFICIOS"",""penalidades_acum"":0,""sanciones_tcp_acum"":0,""estado"":""ACTIVO"",""condicion"":""HABIDO""}",,,,,,,
3837,LA LIBERTAD,"514,201.92",18/04/2022,"{""ruc"":""20600167571"",""antiguedad_empresa"":7.0,""cmc"":450000.0,""cantidad_rubros"":3.0,""actividad_principal"":""Principal - 4923 - TRANSPORTE DE CARGA POR CARRETERA"",""penalidades_acum"":0,""sanciones_tcp_acum"":0,""estado"":""ACTIVO"",""condicion"":""HABIDO""}",,,,,,,,
3838,LA LIBERTAD,"5,455,480.98",08/04/2022,"{""ruc"":""20481966672"",""antiguedad_empresa"":14.0,""cmc"":66591549.0,""cantidad_rubros"":3.0,""actividad_principal"":""Principal - 4290 - CONSTRUCCIÓN DE OTRAS OBRAS DE INGENIERÍA CIVIL"",""penalidades_acum"":0,""sanciones_tcp_acum"":0,""estado"":""ACTIVO"",""condicion"":""HABIDO""}",,,,,,,,
3839,LA LIBERTAD,"1,570,711.62",04/03/2022,"{""ruc"":""20482840516"",""antiguedad_empresa"":8.0,""cmc"":500000.0,""cantidad_rubros"":3.0,""actividad_principal"":""Principal - 4100 - CONSTRUCCIÓN DE EDIFICIOS"",""penalidades_acum"":0,""sanciones_tcp_acum"":0,""estado"":""ACTIVO"",""condicion"":""HABIDO""}",,,,,,,,
3840,LA LIBERTAD,"1,752,205.53",18/02/2022,"{""ruc"":""20481561265"",""antiguedad_empresa"":15.0,""cmc"":24091806.09,""cantidad_rubros"":3.0,""actividad_principal"":""Principal - 4100 - CONSTRUCCIÓN DE EDIFICIOS"",""penalidades_acum"":1,""sanciones_tcp_acum"":0,""estado"":""ACTIVO"",""condicion"":""HABIDO""}",,,,,,,,
3841,LA LIBERTAD,"3,523,750.26",17/02/2022,"{""ruc"":""20481871027"",""antiguedad_empresa"":14.0,""cmc"":110217857.41,""cantidad_rubros"":3.0,""actividad_principal"":""Principal - 4390 - OTRAS ACTIVIDADES ESPECIALIZADAS DE CONSTRUCCIÓN"",""penalidades_acum"":0,""sanciones_tcp_acum"":0,""estado"":""ACTIVO"",""condicion"":""HABIDO""}",,,,,,,,
3842,LA LIBERTAD,"17,274,685.63",08/02/2022,"{""ruc"":""20523386469"",""antiguedad_empresa"":13.0,""cmc"":161957529.86,""cantidad_rubros"":3.0,""actividad_principal"":""Principal - 4100 - CONSTRUCCIÓN DE EDIFICIOS"",""penalidades_acum"":1,""sanciones_tcp_acum"":0,""estado"":""ACTIVO"",""condicion"":""HABIDO""}","{""ruc"":""20603476400"",""antiguedad_empresa"":4.0,""cmc"":470313192.14,""cantidad_rubros"":1.0,""actividad_principal"":""Principal - 7110 - ACTIVIDADES DE ARQUITECTURA E INGENIERÍA Y ACTIVIDADES CONEXAS DE CONSULTORÍA TÉCNICA"",""penalidades_acum"":0,""sanciones_tcp_acum"":1,""estado"":""ACTIVO"",""condicion"":""HABIDO""}","{""ruc"":""20602206085"",""antiguedad_empresa"":5.0,""cmc"":100000.0,""cantidad_rubros"":1.0,""actividad_principal"":""Principal - 4100 - CONSTRUCCIÓN DE EDIFICIOS"",""penalidades_acum"":0,""sanciones_tcp_acum"":0,""estado"":""SUSPENSION TEMPORAL"",""condicion"":""HABIDO""}",,,,,,
3859,LA LIBERTAD,"9,142,457.35",25/11/2024,"{""ruc"":""20605515739"",""antiguedad_empresa"":5.0,""cmc"":300000.0,""cantidad_rubros"":3.0,""actividad_principal"":""Principal - 4100 - CONSTRUCCIÓN DE EDIFICIOS"",""penalidades_acum"":0,""sanciones_tcp_acum"":0,""estado"":""ACTIVO"",""condicion"":""HABIDO""}","{""ruc"":""20477156445"",""antiguedad_empresa"":13.0,""cmc"":9191121.11,""cantidad_rubros"":3.0,""actividad_principal"":""Principal - 4100 - CONSTRUCCIÓN DE EDIFICIOS"",""penalidades_acum"":0,""sanciones_tcp_acum"":0,""estado"":""ACTIVO"",""condicion"":""HABIDO""}","{""ruc"":""20482100580"",""antiguedad_empresa"":15.0,""cmc"":100000.0,""cantidad_rubros"":3.0,""actividad_principal"":""Principal - 4100 - CONSTRUCCIÓN DE EDIFICIOS"",""penalidades_acum"":0,""sanciones_tcp_acum"":1,""estado"":""ACTIVO"",""condicion"":""HABIDO""}",,,,,,
3860,LA LIBERTAD,"65,239,223.83",08/11/2024,"{""ruc"":""10417310245"",""antiguedad_empresa"":16.0,""cmc"":755250.0,""cantidad_rubros"":3.0,""actividad_principal"":""Principal - 7110 - ACTIVIDADES DE ARQUITECTURA E INGENIERÍA Y ACTIVIDADES CONEXAS DE CONSULTORÍA TÉCNICA"",""penalidades_acum"":0,""sanciones_tcp_acum"":1,""estado"":""ACTIVO"",""condicion"":""HABIDO""}","{""ruc"":""20481966672"",""antiguedad_empresa"":16.0,""cmc"":66591549.0,""cantidad_rubros"":3.0,""actividad_principal"":""Principal - 4290 - CONSTRUCCIÓN DE OTRAS OBRAS DE INGENIERÍA CIVIL"",""penalidades_acum"":0,""sanciones_tcp_acum"":0,""estado"":""ACTIVO"",""condicion"":""HABIDO""}","{""ruc"":""20481030146"",""antiguedad_empresa"":20.0,""cmc"":400000.0,""cantidad_rubros"":3.0,""actividad_principal"":""Principal - 4290 - CONSTRUCCIÓN DE OTRAS OBRAS DE INGENIERÍA CIVIL"",""penalidades_acum"":0,""sanciones_tcp_acum"":0,""estado"":""ACTIVO"",""condicion"":""HABIDO""}","{""ruc"":""20481265704"",""antiguedad_empresa"":18.0,""cmc"":400000.0,""cantidad_rubros"":3.0,""actividad_principal"":""Principal - 4100 - CONSTRUCCIÓN DE EDIFICIOS"",""penalidades_acum"":0,""sanciones_tcp_acum"":2,""estado"":""ACTIVO"",""condicion"":""HABIDO""}",,,,,
3861,LA LIBERTAD,"27,389,936.59",31/10/2024,"{""ruc"":""10413692518"",""antiguedad_empresa"":20.0,""cmc"":75000.0,""cantidad_rubros"":3.0,""actividad_principal"":""Principal - 7110 - ACTIVIDADES DE ARQUITECTURA E INGENIERÍA Y ACTIVIDADES CONEXAS DE CONSULTORÍA TÉCNICA"",""penalidades_acum"":0,""sanciones_tcp_acum"":0,""estado"":""ACTIVO"",""condicion"":""HABIDO""}","{""ruc"":""20495875891"",""antiguedad_empresa"":17.0,""cmc"":5236320.16,""cantidad_rubros"":3.0,""actividad_principal"":""Principal - 4100 - CONSTRUCCIÓN DE EDIFICIOS"",""penalidades_acum"":0,""sanciones_tcp_acum"":0,""estado"":""ACTIVO"",""condicion"":""HABIDO""}","{""ruc"":""20544771478"",""antiguedad_empresa"":13.0,""cmc"":18936000.46,""cantidad_rubros"":2.0,""actividad_principal"":""Principal - 4100 - CONSTRUCCIÓN DE EDIFICIOS"",""penalidades_acum"":0,""sanciones_tcp_acum"":0,""estado"":""ACTIVO"",""condicion"":""HABIDO""}","{""ruc"":""20601488257"",""antiguedad_empresa"":8.0,""cmc"":3740988.98,""cantidad_rubros"":3.0,""actividad_principal"":""Principal - 4100 - CONSTRUCCIÓN DE EDIFICIOS"",""penalidades_acum"":0,""sanciones_tcp_acum"":0,""estado"":""ACTIVO"",""condicion"":""HABIDO""}",,,,,
3862,LA LIBERTAD,"47,454,180.89",31/10/2024,"{""ruc"":""20525333923"",""antiguedad_empresa"":18.0,""cmc"":197163296.76,""cantidad_rubros"":3.0,""actividad_principal"":""Principal - 4100 - CONSTRUCCIÓN DE EDIFICIOS"",""penalidades_acum"":0,""sanciones_tcp_acum"":0,""estado"":""ACTIVO"",""condicion"":""HABIDO""}","{""ruc"":""20398604734"",""antiguedad_empresa"":27.0,""cmc"":314882339.91,""cantidad_rubros"":3.0,""actividad_principal"":""Principal - 4100 - CONSTRUCCIÓN DE EDIFICIOS"",""penalidades_acum"":0,""sanciones_tcp_acum"":0,""estado"":""ACTIVO"",""condicion"":""HABIDO""}",,,,,,,
3863,LA LIBERTAD,"5,493,238.17",25/10/2024,"{""ruc"":""10167869667"",""antiguedad_empresa"":19.0,""cmc"":null,""cantidad_rubros"":3.0,""actividad_principal"":""Principal - 7110 - ACTIVIDADES DE ARQUITECTURA E INGENIERÍA Y ACTIVIDADES CONEXAS DE CONSULTORÍA TÉCNICA"",""penalidades_acum"":0,""sanciones_tcp_acum"":0,""estado"":""ACTIVO"",""condicion"":""HABIDO""}","{""ruc"":""20144691173"",""antiguedad_empresa"":31.0,""cmc"":60000000.0,""cantidad_rubros"":2.0,""actividad_principal"":""Principal - 4390 - OTRAS ACTIVIDADES ESPECIALIZADAS DE CONSTRUCCIÓN"",""penalidades_acum"":0,""sanciones_tcp_acum"":0,""estado"":""ACTIVO"",""condicion"":""HABIDO""}","{""ruc"":""20354826799"",""antiguedad_empresa"":27.0,""cmc"":43652537.92,""cantidad_rubros"":3.0,""actividad_principal"":""Principal - 6190 - OTRAS ACTIVIDADES DE TELECOMUNICACIONES"",""penalidades_acum"":0,""sanciones_tcp_acum"":1,""estado"":""ACTIVO"",""condicion"":""HABIDO""}",,,,,,
3864,LA LIBERTAD,"121,515,740.82",11/10/2024,"{""ruc"":""20134676508"",""antiguedad_empresa"":36.0,""cmc"":100000.0,""cantidad_rubros"":3.0,""actividad_principal"":""Principal - 4290 - CONSTRUCCIÓN DE OTRAS OBRAS DE INGENIERÍA CIVIL"",""penalidades_acum"":0,""sanciones_tcp_acum"":2,""estado"":""ACTIVO"",""condicion"":""NO HABIDO""}","{""ruc"":""20611394315"",""antiguedad_empresa"":1.0,""cmc"":100000.0,""cantidad_rubros"":1.0,""actividad_principal"":""Principal - 4100 - CONSTRUCCIÓN DE EDIFICIOS"",""penalidades_acum"":0,""sanciones_tcp_acum"":0,""estado"":""ACTIVO"",""condicion"":""HABIDO""}",,,,,,,
3865,LA LIBERTAD,"22,122,219.12",01/10/2024,"{""ruc"":""20100028698"",""antiguedad_empresa"":37.0,""cmc"":null,""cantidad_rubros"":3.0,""actividad_principal"":""Principal - 4659 - VENTA AL POR MAYOR DE OTROS TIPOS DE MAQUINARIA Y EQUIPO"",""penalidades_acum"":0,""sanciones_tcp_acum"":0,""estado"":""ACTIVO"",""condicion"":""HABIDO""}",,,,,,,,
3866,LA LIBERTAD,"9,472,688.33",30/09/2024,"{""ruc"":""20481446326"",""antiguedad_empresa"":18.0,""cmc"":30307519.9,""cantidad_rubros"":3.0,""actividad_principal"":""Principal - 7110 - ACTIVIDADES DE ARQUITECTURA E INGENIERÍA Y ACTIVIDADES CONEXAS DE CONSULTORÍA TÉCNICA"",""penalidades_acum"":0,""sanciones_tcp_acum"":1,""estado"":""ACTIVO"",""condicion"":""HABIDO""}",,,,,,,,
3867,LA LIBERTAD,"9,099,028.23",18/09/2024,"{""ruc"":""10103154931"",""antiguedad_empresa"":31.0,""cmc"":450000.0,""cantidad_rubros"":2.0,""actividad_principal"":""Principal - 7110 - ACTIVIDADES DE ARQUITECTURA E INGENIERÍA Y ACTIVIDADES CONEXAS DE CONSULTORÍA TÉCNICA"",""penalidades_acum"":0,""sanciones_tcp_acum"":0,""estado"":""ACTIVO"",""condicion"":""HABIDO""}","{""ruc"":""20393340208"",""antiguedad_empresa"":17.0,""cmc"":6041337.41,""cantidad_rubros"":2.0,""actividad_principal"":""Principal - 4100 - CONSTRUCCIÓN DE EDIFICIOS"",""penalidades_acum"":0,""sanciones_tcp_acum"":0,""estado"":""ACTIVO"",""condicion"":""HABIDO""}","{""ruc"":""20602523129"",""antiguedad_empresa"":7.0,""cmc"":1993978.62,""cantidad_rubros"":2.0,""actividad_principal"":""Principal - 4100 - CONSTRUCCIÓN DE EDIFICIOS"",""penalidades_acum"":0,""sanciones_tcp_acum"":0,""estado"":""ACTIVO"",""condicion"":""HABIDO""}",,,,,,
3868,LA LIBERTAD,"3,000,105.87",16/09/2024,"{""ruc"":""20481561265"",""antiguedad_empresa"":17.0,""cmc"":24091806.09,""cantidad_rubros"":3.0,""actividad_principal"":""Principal - 4100 - CONSTRUCCIÓN DE EDIFICIOS"",""penalidades_acum"":1,""sanciones_tcp_acum"":0,""estado"":""ACTIVO"",""condicion"":""HABIDO""}",,,,,,,,
3869,LA LIBERTAD,"33,209,731.94",27/08/2024,"{""ruc"":""20544771478"",""antiguedad_empresa"":13.0,""cmc"":18936000.46,""cantidad_rubros"":2.0,""actividad_principal"":""Principal - 4100 - CONSTRUCCIÓN DE EDIFICIOS"",""penalidades_acum"":0,""sanciones_tcp_acum"":0,""estado"":""ACTIVO"",""condicion"":""HABIDO""}","{""ruc"":""20529656751"",""antiguedad_empresa"":11.0,""cmc"":253207203.78,""cantidad_rubros"":3.0,""actividad_principal"":""Principal - 4100 - CONSTRUCCIÓN DE EDIFICIOS"",""penalidades_acum"":0,""sanciones_tcp_acum"":0,""estado"":""ACTIVO"",""condicion"":""HABIDO""}",,,,,,,
3870,LA LIBERTAD,"5,493,238.17",23/08/2024,"{""ruc"":""10267064780"",""antiguedad_empresa"":29.0,""cmc"":null,""cantidad_rubros"":3.0,""actividad_principal"":""Principal - 7110 - ACTIVIDADES DE ARQUITECTURA E INGENIERÍA Y ACTIVIDADES CONEXAS DE CONSULTORÍA TÉCNICA"",""penalidades_acum"":0,""sanciones_tcp_acum"":0,""estado"":""ACTIVO"",""condicion"":""HABIDO""}","{""ruc"":""20481561265"",""antiguedad_empresa"":17.0,""cmc"":24091806.09,""cantidad_rubros"":3.0,""actividad_principal"":""Principal - 4100 - CONSTRUCCIÓN DE EDIFICIOS"",""penalidades_acum"":1,""sanciones_tcp_acum"":0,""estado"":""ACTIVO"",""condicion"":""HABIDO""}",,,,,,,
3871,LA LIBERTAD,"10,854,478.35",08/08/2024,"{""ruc"":""20440178147"",""antiguedad_empresa"":23.0,""cmc"":72730808.26,""cantidad_rubros"":3.0,""actividad_principal"":""Principal - 4730 - VENTA AL POR MENOR DE COMBUSTIBLES PARA VEHÍCULOS AUTOMOTORES EN COMERCIOS ESPECIALIZADOS"",""penalidades_acum"":0,""sanciones_tcp_acum"":0,""estado"":""ACTIVO"",""condicion"":""HABIDO""}","{""ruc"":""10267064780"",""antiguedad_empresa"":29.0,""cmc"":null,""cantidad_rubros"":3.0,""actividad_principal"":""Principal - 7110 - ACTIVIDADES DE ARQUITECTURA E INGENIERÍA Y ACTIVIDADES CONEXAS DE CONSULTORÍA TÉCNICA"",""penalidades_acum"":0,""sanciones_tcp_acum"":0,""estado"":""ACTIVO"",""condicion"":""HABIDO""}","{""ruc"":""20481561265"",""antiguedad_empresa"":17.0,""cmc"":24091806.09,""cantidad_rubros"":3.0,""actividad_principal"":""Principal - 4100 - CONSTRUCCIÓN DE EDIFICIOS"",""penalidades_acum"":1,""sanciones_tcp_acum"":0,""estado"":""ACTIVO"",""condicion"":""HABIDO""}",,,,,,
3872,LA LIBERTAD,"5,081,483.25",08/08/2024,"{""ruc"":""10426481915"",""antiguedad_empresa"":18.0,""cmc"":100000.0,""cantidad_rubros"":3.0,""actividad_principal"":""Principal - 4100 - CONSTRUCCIÓN DE EDIFICIOS"",""penalidades_acum"":0,""sanciones_tcp_acum"":0,""estado"":""ACTIVO"",""condicion"":""HABIDO""}","{""ruc"":""20481475342"",""antiguedad_empresa"":17.0,""cmc"":113391376.6,""cantidad_rubros"":3.0,""actividad_principal"":""Principal - 7110 - ACTIVIDADES DE ARQUITECTURA E INGENIERÍA Y ACTIVIDADES CONEXAS DE CONSULTORÍA TÉCNICA"",""penalidades_acum"":0,""sanciones_tcp_acum"":1,""estado"":""ACTIVO"",""condicion"":""HABIDO""}","{""ruc"":""20602455085"",""antiguedad_empresa"":7.0,""cmc"":2931026.68,""cantidad_rubros"":3.0,""actividad_principal"":""Principal - 4100 - CONSTRUCCIÓN DE EDIFICIOS"",""penalidades_acum"":0,""sanciones_tcp_acum"":0,""estado"":""ACTIVO"",""condicion"":""HABIDO""}",,,,,,
3873,LA LIBERTAD,"21,150,199.71",05/08/2024,"{""ruc"":""10405680888"",""antiguedad_empresa"":17.0,""cmc"":100000.0,""cantidad_rubros"":3.0,""actividad_principal"":""Principal - 7110 - ACTIVIDADES DE ARQUITECTURA E INGENIERÍA Y ACTIVIDADES CONEXAS DE CONSULTORÍA TÉCNICA"",""penalidades_acum"":0,""sanciones_tcp_acum"":0,""estado"":""ACTIVO"",""condicion"":""HABIDO""}","{""ruc"":""20481146951"",""antiguedad_empresa"":19.0,""cmc"":100000.0,""cantidad_rubros"":1.0,""actividad_principal"":""Principal - 4390 - OTRAS ACTIVIDADES ESPECIALIZADAS DE CONSTRUCCIÓN"",""penalidades_acum"":0,""sanciones_tcp_acum"":0,""estado"":""ACTIVO"",""condicion"":""HABIDO""}","{""ruc"":""20477216952"",""antiguedad_empresa"":5.0,""cmc"":6853566.12,""cantidad_rubros"":3.0,""actividad_principal"":""Principal - 7110 - ACTIVIDADES DE ARQUITECTURA E INGENIERÍA Y ACTIVIDADES CONEXAS DE CONSULTORÍA TÉCNICA"",""penalidades_acum"":0,""sanciones_tcp_acum"":0,""estado"":""ACTIVO"",""condicion"":""HABIDO""}",,,,,,
3874,LA LIBERTAD,"5,896,305.50",05/08/2024,"{""ruc"":""10167869667"",""antiguedad_empresa"":19.0,""cmc"":null,""cantidad_rubros"":3.0,""actividad_principal"":""Principal - 7110 - ACTIVIDADES DE ARQUITECTURA E INGENIERÍA Y ACTIVIDADES CONEXAS DE CONSULTORÍA TÉCNICA"",""penalidades_acum"":0,""sanciones_tcp_acum"":0,""estado"":""ACTIVO"",""condicion"":""HABIDO""}","{""ruc"":""20144691173"",""antiguedad_empresa"":31.0,""cmc"":60000000.0,""cantidad_rubros"":2.0,""actividad_principal"":""Principal - 4390 - OTRAS ACTIVIDADES ESPECIALIZADAS DE CONSTRUCCIÓN"",""penalidades_acum"":0,""sanciones_tcp_acum"":0,""estado"":""ACTIVO"",""condicion"":""HABIDO""}","{""ruc"":""20354826799"",""antiguedad_empresa"":27.0,""cmc"":43652537.92,""cantidad_rubros"":3.0,""actividad_principal"":""Principal - 6190 - OTRAS ACTIVIDADES DE TELECOMUNICACIONES"",""penalidades_acum"":0,""sanciones_tcp_acum"":1,""estado"":""ACTIVO"",""condicion"":""HABIDO""}",,,,,,
3875,LA LIBERTAD,"3,915,525.30",24/07/2024,"{""ruc"":""20481561265"",""antiguedad_empresa"":17.0,""cmc"":24091806.09,""cantidad_rubros"":3.0,""actividad_principal"":""Principal - 4100 - CONSTRUCCIÓN DE EDIFICIOS"",""penalidades_acum"":1,""sanciones_tcp_acum"":0,""estado"":""ACTIVO"",""condicion"":""HABIDO""}",,,,,,,,
3876,LA LIBERTAD,"124,339,289.71",22/07/2024,"{""ruc"":""10453522542"",""antiguedad_empresa"":18.0,""cmc"":null,""cantidad_rubros"":2.0,""actividad_principal"":""Principal - 7110 - ACTIVIDADES DE ARQUITECTURA E INGENIERÍA Y ACTIVIDADES CONEXAS DE CONSULTORÍA TÉCNICA"",""penalidades_acum"":0,""sanciones_tcp_acum"":2,""estado"":""ACTIVO"",""condicion"":""HABIDO""}","{""ruc"":""20602842330"",""antiguedad_empresa"":6.0,""cmc"":100000.0,""cantidad_rubros"":2.0,""actividad_principal"":""Principal - 4210 - CONSTRUCCIÓN DE CARRETERAS Y VÍAS DE FERROCARRIL"",""penalidades_acum"":0,""sanciones_tcp_acum"":3,""estado"":""ACTIVO"",""condicion"":""HABIDO""}","{""ruc"":""20537169207"",""antiguedad_empresa"":14.0,""cmc"":100000.0,""cantidad_rubros"":2.0,""actividad_principal"":""Principal - 4390 - OTRAS ACTIVIDADES ESPECIALIZADAS DE CONSTRUCCIÓN"",""penalidades_acum"":1,""sanciones_tcp_acum"":4,""estado"":""ACTIVO"",""condicion"":""HABIDO""}",,,,,,
3877,LA LIBERTAD,"9,761,437.31",19/07/2024,"{""ruc"":""10404371865"",""antiguedad_empresa"":23.0,""cmc"":null,""cantidad_rubros"":3.0,""actividad_principal"":""Principal - 7110 - ACTIVIDADES DE ARQUITECTURA E INGENIERÍA Y ACTIVIDADES CONEXAS DE CONSULTORÍA TÉCNICA"",""penalidades_acum"":0,""sanciones_tcp_acum"":0,""estado"":""ACTIVO"",""condicion"":""HABIDO""}","{""ruc"":""20355337619"",""antiguedad_empresa"":27.0,""cmc"":81748708.08,""cantidad_rubros"":3.0,""actividad_principal"":""Principal - 4100 - CONSTRUCCIÓN DE EDIFICIOS"",""penalidades_acum"":0,""sanciones_tcp_acum"":0,""estado"":""ACTIVO"",""condicion"":""HABIDO""}","{""ruc"":""20482530592"",""antiguedad_empresa"":14.0,""cmc"":19663424.72,""cantidad_rubros"":3.0,""actividad_principal"":""Principal - 4100 - CONSTRUCCIÓN DE EDIFICIOS"",""penalidades_acum"":0,""sanciones_tcp_acum"":0,""estado"":""ACTIVO"",""condicion"":""HABIDO""}",,,,,,
3878,LA LIBERTAD,"11,745,245.75",15/07/2024,"{""ruc"":""10179063455"",""antiguedad_empresa"":31.0,""cmc"":null,""cantidad_rubros"":2.0,""actividad_principal"":""Principal - 4390 - OTRAS ACTIVIDADES ESPECIALIZADAS DE CONSTRUCCIÓN"",""penalidades_acum"":0,""sanciones_tcp_acum"":2,""estado"":""ACTIVO"",""condicion"":""HABIDO""}","{""ruc"":""20205328662"",""antiguedad_empresa"":35.0,""cmc"":145008025.78,""cantidad_rubros"":2.0,""actividad_principal"":""Principal - 4390 - OTRAS ACTIVIDADES ESPECIALIZADAS DE CONSTRUCCIÓN"",""penalidades_acum"":1,""sanciones_tcp_acum"":1,""estado"":""ACTIVO"",""condicion"":""NO HALLADO""}","{""ruc"":""20601226279"",""antiguedad_empresa"":8.0,""cmc"":6422921.96,""cantidad_rubros"":3.0,""actividad_principal"":""Principal - 4100 - CONSTRUCCIÓN DE EDIFICIOS"",""penalidades_acum"":0,""sanciones_tcp_acum"":1,""estado"":""ACTIVO"",""condicion"":""HABIDO""}",,,,,,
3879,LA LIBERTAD,"5,391,747.09",15/07/2024,"{""ruc"":""10179063455"",""antiguedad_empresa"":31.0,""cmc"":null,""cantidad_rubros"":2.0,""actividad_principal"":""Principal - 4390 - OTRAS ACTIVIDADES ESPECIALIZADAS DE CONSTRUCCIÓN"",""penalidades_acum"":0,""sanciones_tcp_acum"":2,""estado"":""ACTIVO"",""condicion"":""HABIDO""}","{""ruc"":""20205328662"",""antiguedad_empresa"":35.0,""cmc"":145008025.78,""cantidad_rubros"":2.0,""actividad_principal"":""Principal - 4390 - OTRAS ACTIVIDADES ESPECIALIZADAS DE CONSTRUCCIÓN"",""penalidades_acum"":1,""sanciones_tcp_acum"":1,""estado"":""ACTIVO"",""condicion"":""NO HALLADO""}","{""ruc"":""20601226279"",""antiguedad_empresa"":8.0,""cmc"":6422921.96,""cantidad_rubros"":3.0,""actividad_principal"":""Principal - 4100 - CONSTRUCCIÓN DE EDIFICIOS"",""penalidades_acum"":0,""sanciones_tcp_acum"":1,""estado"":""ACTIVO"",""condicion"":""HABIDO""}",,,,,,
3880,LA LIBERTAD,"18,668,569.73",10/07/2024,"{""ruc"":""20494397090"",""antiguedad_empresa"":17.0,""cmc"":213985145.94,""cantidad_rubros"":3.0,""actividad_principal"":""Principal - 4290 - CONSTRUCCIÓN DE OTRAS OBRAS DE INGENIERÍA CIVIL"",""penalidades_acum"":0,""sanciones_tcp_acum"":0,""estado"":""ACTIVO"",""condicion"":""HABIDO""}","{""ruc"":""20495042333"",""antiguedad_empresa"":14.0,""cmc"":85672831.46,""cantidad_rubros"":3.0,""actividad_principal"":""Principal - 4100 - CONSTRUCCIÓN DE EDIFICIOS"",""penalidades_acum"":1,""sanciones_tcp_acum"":1,""estado"":""ACTIVO"",""condicion"":""HABIDO""}","{""ruc"":""20494883865"",""antiguedad_empresa"":14.0,""cmc"":100000.0,""cantidad_rubros"":3.0,""actividad_principal"":""Principal - 7110 - ACTIVIDADES DE ARQUITECTURA E INGENIERÍA Y ACTIVIDADES CONEXAS DE CONSULTORÍA TÉCNICA"",""penalidades_acum"":0,""sanciones_tcp_acum"":0,""estado"":""ACTIVO"",""condicion"":""HABIDO""}",,,,,,
3881,LA LIBERTAD,"5,469,534.65",10/07/2024,"{""ruc"":""20539094930"",""antiguedad_empresa"":11.0,""cmc"":30922459.87,""cantidad_rubros"":3.0,""actividad_principal"":""Principal - 4390 - OTRAS ACTIVIDADES ESPECIALIZADAS DE CONSTRUCCIÓN"",""penalidades_acum"":0,""sanciones_tcp_acum"":0,""estado"":""ACTIVO"",""condicion"":""HABIDO""}",,,,,,,,
3882,LA LIBERTAD,"113,221,041.73",25/06/2024,"{""ruc"":""20536612972"",""antiguedad_empresa"":13.0,""cmc"":819662336.32,""cantidad_rubros"":2.0,""actividad_principal"":""Principal - 4100 - CONSTRUCCIÓN DE EDIFICIOS"",""penalidades_acum"":0,""sanciones_tcp_acum"":1,""estado"":""ACTIVO"",""condicion"":""HABIDO""}","{""ruc"":""20606265892"",""antiguedad_empresa"":4.0,""cmc"":2000765977.94,""cantidad_rubros"":2.0,""actividad_principal"":""Principal - 4100 - CONSTRUCCIÓN DE EDIFICIOS"",""penalidades_acum"":0,""sanciones_tcp_acum"":0,""estado"":""ACTIVO"",""condicion"":""HABIDO""}",,,,,,,
3883,LA LIBERTAD,"3,000,105.87",04/06/2024,"{""ruc"":""20355337619"",""antiguedad_empresa"":27.0,""cmc"":81748708.08,""cantidad_rubros"":3.0,""actividad_principal"":""Principal - 4100 - CONSTRUCCIÓN DE EDIFICIOS"",""penalidades_acum"":0,""sanciones_tcp_acum"":0,""estado"":""ACTIVO"",""condicion"":""HABIDO""}",,,,,,,,
3884,LA LIBERTAD,"2,695,048.64",24/05/2024,"{""ruc"":""20438958771"",""antiguedad_empresa"":24.0,""cmc"":4479475.17,""cantidad_rubros"":3.0,""actividad_principal"":""Principal - 4663 - VENTA AL POR MAYOR DE MATERIALES DE CONSTRUCCIÓN, ARTÍCULOS DE FERRETERÍA Y EQUIPO Y MATERIALES DE FONTANERÍA Y CALEFACCIÓN"",""penalidades_acum"":0,""sanciones_tcp_acum"":0,""estado"":""ACTIVO"",""condicion"":""HABIDO""}",,,,,,,,
3885,LA LIBERTAD,"3,083,413.19",22/04/2024,"{""ruc"":""20205328662"",""antiguedad_empresa"":35.0,""cmc"":145008025.78,""cantidad_rubros"":2.0,""actividad_principal"":""Principal - 4390 - OTRAS ACTIVIDADES ESPECIALIZADAS DE CONSTRUCCIÓN"",""penalidades_acum"":1,""sanciones_tcp_acum"":1,""estado"":""ACTIVO"",""condicion"":""NO HALLADO""}","{""ruc"":""20601226279"",""antiguedad_empresa"":8.0,""cmc"":6422921.96,""cantidad_rubros"":3.0,""actividad_principal"":""Principal - 4100 - CONSTRUCCIÓN DE EDIFICIOS"",""penalidades_acum"":0,""sanciones_tcp_acum"":1,""estado"":""ACTIVO"",""condicion"":""HABIDO""}",,,,,,,
3886,LA LIBERTAD,"4,816,807.08",11/04/2024,"{""ruc"":""20481871027"",""antiguedad_empresa"":16.0,""cmc"":110217857.41,""cantidad_rubros"":3.0,""actividad_principal"":""Principal - 4390 - OTRAS ACTIVIDADES ESPECIALIZADAS DE CONSTRUCCIÓN"",""penalidades_acum"":0,""sanciones_tcp_acum"":0,""estado"":""ACTIVO"",""condicion"":""HABIDO""}",,,,,,,,
3887,LA LIBERTAD,"1,932,539.42",08/04/2024,"{""ruc"":""10421685253"",""antiguedad_empresa"":15.0,""cmc"":13801009.42,""cantidad_rubros"":2.0,""actividad_principal"":""Principal - 4390 - OTRAS ACTIVIDADES ESPECIALIZADAS DE CONSTRUCCIÓN"",""penalidades_acum"":0,""sanciones_tcp_acum"":1,""estado"":""ACTIVO"",""condicion"":""HABIDO""}",,,,,,,,
3888,LA LIBERTAD,"2,368,871.49",05/04/2024,"{""ruc"":""20354444594"",""antiguedad_empresa"":27.0,""cmc"":500000.0,""cantidad_rubros"":2.0,""actividad_principal"":""Principal - 4290 - CONSTRUCCIÓN DE OTRAS OBRAS DE INGENIERÍA CIVIL"",""penalidades_acum"":0,""sanciones_tcp_acum"":0,""estado"":""ACTIVO"",""condicion"":""HABIDO""}",,,,,,,,
3889,LA LIBERTAD,"6,307,734.96",08/03/2024,"{""ruc"":""20496014686"",""antiguedad_empresa"":null,""cmc"":500000.0,""cantidad_rubros"":3.0,""actividad_principal"":""Principal - 4100 - CONSTRUCCIÓN DE EDIFICIOS"",""penalidades_acum"":0,""sanciones_tcp_acum"":1,""estado"":""ACTIVO"",""condicion"":""HABIDO""}","{""ruc"":""20529656751"",""antiguedad_empresa"":11.0,""cmc"":253207203.78,""cantidad_rubros"":3.0,""actividad_principal"":""Principal - 4100 - CONSTRUCCIÓN DE EDIFICIOS"",""penalidades_acum"":0,""sanciones_tcp_acum"":0,""estado"":""ACTIVO"",""condicion"":""HABIDO""}",,,,,,,
4070,LAMBAYEQUE,"4,086,576.49",19/03/2021,"{""ruc"":""20602235352"",""antiguedad_empresa"":4.0,""cmc"":100000.0,""cantidad_rubros"":3.0,""actividad_principal"":""Principal - 4390 - OTRAS ACTIVIDADES ESPECIALIZADAS DE CONSTRUCCIÓN"",""penalidades_acum"":0,""sanciones_tcp_acum"":1,""estado"":""BAJA DE OFICIO"",""condicion"":""HABIDO""}","{""ruc"":""20487950301"",""antiguedad_empresa"":9.0,""cmc"":49463909.73,""cantidad_rubros"":3.0,""actividad_principal"":""Principal - 4100 - CONSTRUCCIÓN DE EDIFICIOS"",""penalidades_acum"":0,""sanciones_tcp_acum"":0,""estado"":""ACTIVO"",""condicion"":""NO HALLADO""}",,,,,,,
4088,LAMBAYEQUE,"6,815,785.22",16/09/2021,"{""ruc"":""20526193513"",""antiguedad_empresa"":8.0,""cmc"":100000.0,""cantidad_rubros"":3.0,""actividad_principal"":""Principal - 4210 - CONSTRUCCIÓN DE CARRETERAS Y VÍAS DE FERROCARRIL"",""penalidades_acum"":0,""sanciones_tcp_acum"":2,""estado"":""BAJA DE OFICIO"",""condicion"":""HABIDO""}",,,,,,,,
4089,LAMBAYEQUE,"7,766,136.45",05/08/2021,"{""ruc"":""20481813841"",""antiguedad_empresa"":13.0,""cmc"":100000.0,""cantidad_rubros"":3.0,""actividad_principal"":""Principal - 4220 - CONSTRUCCIÓN DE PROYECTOS DE SERVICIO PÚBLICO"",""penalidades_acum"":1,""sanciones_tcp_acum"":1,""estado"":""BAJA DE OFICIO"",""condicion"":""HABIDO""}",,,,,,,,
4090,LAMBAYEQUE,"4,993,121.07",04/08/2021,"{""ruc"":""20568161786"",""antiguedad_empresa"":10.0,""cmc"":123963796.08,""cantidad_rubros"":3.0,""actividad_principal"":""Principal - 4390 - OTRAS ACTIVIDADES ESPECIALIZADAS DE CONSTRUCCIÓN"",""penalidades_acum"":0,""sanciones_tcp_acum"":0,""estado"":""ACTIVO"",""condicion"":""HABIDO""}","{""ruc"":""20409234462"",""antiguedad_empresa"":4.0,""cmc"":100000.0,""cantidad_rubros"":3.0,""actividad_principal"":""Principal - 4100 - CONSTRUCCIÓN DE EDIFICIOS"",""penalidades_acum"":0,""sanciones_tcp_acum"":1,""estado"":""ACTIVO"",""condicion"":""NO HALLADO""}",,,,,,,
4091,LAMBAYEQUE,"7,461,715.64",04/08/2021,"{""ruc"":""20505655215"",""antiguedad_empresa"":18.0,""cmc"":133428688.48,""cantidad_rubros"":2.0,""actividad_principal"":""Principal - 4100 - CONSTRUCCIÓN DE EDIFICIOS"",""penalidades_acum"":0,""sanciones_tcp_acum"":0,""estado"":""ACTIVO"",""condicion"":""HABIDO""}",,,,,,,,
4092,LAMBAYEQUE,"316,694.32",16/07/2021,"{""ruc"":""20479892998"",""antiguedad_empresa"":16.0,""cmc"":24750239.66,""cantidad_rubros"":3.0,""actividad_principal"":""Principal - 7110 - ACTIVIDADES DE ARQUITECTURA E INGENIERÍA Y ACTIVIDADES CONEXAS DE CONSULTORÍA TÉCNICA"",""penalidades_acum"":0,""sanciones_tcp_acum"":0,""estado"":""ACTIVO"",""condicion"":""HABIDO""}",,,,,,,,
4093,LAMBAYEQUE,"369,344.98",16/07/2021,"{""ruc"":""20561274968"",""antiguedad_empresa"":7.0,""cmc"":11293925.56,""cantidad_rubros"":2.0,""actividad_principal"":""Principal - 4100 - CONSTRUCCIÓN DE EDIFICIOS"",""penalidades_acum"":0,""sanciones_tcp_acum"":1,""estado"":""ACTIVO"",""condicion"":""HABIDO""}","{""ruc"":""20602922368"",""antiguedad_empresa"":3.0,""cmc"":1297932.79,""cantidad_rubros"":3.0,""actividad_principal"":""Principal - 4663 - VENTA AL POR MAYOR DE MATERIALES DE CONSTRUCCIÓN, ARTÍCULOS DE FERRETERÍA Y EQUIPO Y MATERIALES DE FONTANERÍA Y CALEFACCIÓN"",""penalidades_acum"":0,""sanciones_tcp_acum"":0,""estado"":""ACTIVO"",""condicion"":""HABIDO""}",,,,,,,
4094,LAMBAYEQUE,"18,642,037.91",13/07/2021,"{""ruc"":""20348938704"",""antiguedad_empresa"":24.0,""cmc"":100000.0,""cantidad_rubros"":3.0,""actividad_principal"":""Principal - 4100 - CONSTRUCCIÓN DE EDIFICIOS"",""penalidades_acum"":0,""sanciones_tcp_acum"":3,""estado"":""ACTIVO"",""condicion"":""HABIDO""}",,,,,,,,
4095,LAMBAYEQUE,"28,596,771.76",13/07/2021,"{""ruc"":""20353947614"",""antiguedad_empresa"":24.0,""cmc"":625108592.54,""cantidad_rubros"":1.0,""actividad_principal"":""Principal - 4100 - CONSTRUCCIÓN DE EDIFICIOS"",""penalidades_acum"":0,""sanciones_tcp_acum"":0,""estado"":""ACTIVO"",""condicion"":""HABIDO""}",,,,,,,,
4096,LAMBAYEQUE,"15,622,437.48",28/06/2021,"{""ruc"":""20353947614"",""antiguedad_empresa"":24.0,""cmc"":625108592.54,""cantidad_rubros"":1.0,""actividad_principal"":""Principal - 4100 - CONSTRUCCIÓN DE EDIFICIOS"",""penalidades_acum"":0,""sanciones_tcp_acum"":0,""estado"":""ACTIVO"",""condicion"":""HABIDO""}",,,,,,,,
4097,LAMBAYEQUE,"17,271,472.54",17/05/2021,"{""ruc"":""20487913791"",""antiguedad_empresa"":9.0,""cmc"":167767514.62,""cantidad_rubros"":3.0,""actividad_principal"":""Principal - 4741 - VENTA AL POR MENOR DE ORDENADORES, EQUIPO PERIFÉRICO, PROGRAMA DE INFORM. Y EQU. DE TELEC. EN COMERCIOS ESPECIALIZADOS"",""penalidades_acum"":0,""sanciones_tcp_acum"":0,""estado"":""ACTIVO"",""condicion"":""HABIDO""}","{""ruc"":""20545316561"",""antiguedad_empresa"":10.0,""cmc"":348011907.8,""cantidad_rubros"":3.0,""actividad_principal"":""Principal - 6190 - OTRAS ACTIVIDADES DE TELECOMUNICACIONES"",""penalidades_acum"":0,""sanciones_tcp_acum"":0,""estado"":""ACTIVO"",""condicion"":""HABIDO""}",,,,,,,
4098,LAMBAYEQUE,"3,315,145.47",08/04/2021,"{""ruc"":""20480403496"",""antiguedad_empresa"":13.0,""cmc"":168846560.66,""cantidad_rubros"":3.0,""actividad_principal"":""Principal - 4210 - CONSTRUCCIÓN DE CARRETERAS Y VÍAS DE FERROCARRIL"",""penalidades_acum"":0,""sanciones_tcp_acum"":0,""estado"":""ACTIVO"",""condicion"":""HABIDO""}",,,,,,,,
4099,LAMBAYEQUE,"4,070,465.37",07/04/2021,"{""ruc"":""20480686692"",""antiguedad_empresa"":12.0,""cmc"":100000.0,""cantidad_rubros"":3.0,""actividad_principal"":""Principal - 4100 - CONSTRUCCIÓN DE EDIFICIOS"",""penalidades_acum"":2,""sanciones_tcp_acum"":2,""estado"":""ACTIVO"",""condicion"":""HABIDO""}",,,,,,,,
4100,LAMBAYEQUE,"2,380,160.07",30/03/2021,"{""ruc"":""20487950301"",""antiguedad_empresa"":9.0,""cmc"":49463909.73,""cantidad_rubros"":3.0,""actividad_principal"":""Principal - 4100 - CONSTRUCCIÓN DE EDIFICIOS"",""penalidades_acum"":0,""sanciones_tcp_acum"":0,""estado"":""ACTIVO"",""condicion"":""NO HALLADO""}",,,,,,,,
4101,LAMBAYEQUE,"869,616.51",25/11/2022,"{""ruc"":""20480489196"",""antiguedad_empresa"":14.0,""cmc"":100000.0,""cantidad_rubros"":1.0,""actividad_principal"":""Principal - 4663 - VENTA AL POR MAYOR DE MATERIALES DE CONSTRUCCIÓN, ARTÍCULOS DE FERRETERÍA Y EQUIPO Y MATERIALES DE FONTANERÍA Y CALEFACCIÓN"",""penalidades_acum"":0,""sanciones_tcp_acum"":1,""estado"":""BAJA DE OFICIO"",""condicion"":""HABIDO""}","{""ruc"":""20487931854"",""antiguedad_empresa"":10.0,""cmc"":400000.0,""cantidad_rubros"":2.0,""actividad_principal"":""Principal - 7110 - ACTIVIDADES DE ARQUITECTURA E INGENIERÍA Y ACTIVIDADES CONEXAS DE CONSULTORÍA TÉCNICA"",""penalidades_acum"":0,""sanciones_tcp_acum"":0,""estado"":""ACTIVO"",""condicion"":""HABIDO""}",,,,,,,
4102,LAMBAYEQUE,"6,967,961.77",22/11/2022,"{""ruc"":""20481446326"",""antiguedad_empresa"":16.0,""cmc"":30307519.9,""cantidad_rubros"":3.0,""actividad_principal"":""Principal - 7110 - ACTIVIDADES DE ARQUITECTURA E INGENIERÍA Y ACTIVIDADES CONEXAS DE CONSULTORÍA TÉCNICA"",""penalidades_acum"":0,""sanciones_tcp_acum"":1,""estado"":""ACTIVO"",""condicion"":""HABIDO""}",,,,,,,,
4103,LAMBAYEQUE,"2,649,522.13",09/11/2022,"{""ruc"":""20509186961"",""antiguedad_empresa"":18.0,""cmc"":33752688.4,""cantidad_rubros"":2.0,""actividad_principal"":""Principal - 4210 - CONSTRUCCIÓN DE CARRETERAS Y VÍAS DE FERROCARRIL"",""penalidades_acum"":0,""sanciones_tcp_acum"":0,""estado"":""ACTIVO"",""condicion"":""HABIDO""}",,,,,,,,
4104,LAMBAYEQUE,"30,105,507.82",26/07/2022,"{""ruc"":""20487913791"",""antiguedad_empresa"":10.0,""cmc"":167767514.62,""cantidad_rubros"":3.0,""actividad_principal"":""Principal - 4741 - VENTA AL POR MENOR DE ORDENADORES, EQUIPO PERIFÉRICO, PROGRAMA DE INFORM. Y EQU. DE TELEC. EN COMERCIOS ESPECIALIZADOS"",""penalidades_acum"":0,""sanciones_tcp_acum"":0,""estado"":""ACTIVO"",""condicion"":""HABIDO""}","{""ruc"":""20545316561"",""antiguedad_empresa"":11.0,""cmc"":348011907.8,""cantidad_rubros"":3.0,""actividad_principal"":""Principal - 6190 - OTRAS ACTIVIDADES DE TELECOMUNICACIONES"",""penalidades_acum"":0,""sanciones_tcp_acum"":0,""estado"":""ACTIVO"",""condicion"":""HABIDO""}",,,,,,,
4105,LAMBAYEQUE,"1,152,115.29",26/07/2022,"{""ruc"":""20445576060"",""antiguedad_empresa"":15.0,""cmc"":16060259.84,""cantidad_rubros"":3.0,""actividad_principal"":""Principal - 4100 - CONSTRUCCIÓN DE EDIFICIOS"",""penalidades_acum"":0,""sanciones_tcp_acum"":1,""estado"":""ACTIVO"",""condicion"":""HABIDO""}",,,,,,,,
4106,LAMBAYEQUE,"760,536.33",17/06/2022,"{""ruc"":""20561274968"",""antiguedad_empresa"":8.0,""cmc"":11293925.56,""cantidad_rubros"":2.0,""actividad_principal"":""Principal - 4100 - CONSTRUCCIÓN DE EDIFICIOS"",""penalidades_acum"":0,""sanciones_tcp_acum"":1,""estado"":""ACTIVO"",""condicion"":""HABIDO""}",,,,,,,,
4107,LAMBAYEQUE,"8,740,630.76",17/06/2022,"{""ruc"":""20230509353"",""antiguedad_empresa"":28.0,""cmc"":311993521.92,""cantidad_rubros"":1.0,""actividad_principal"":""Principal - 4390 - OTRAS ACTIVIDADES ESPECIALIZADAS DE CONSTRUCCIÓN"",""penalidades_acum"":0,""sanciones_tcp_acum"":1,""estado"":""ACTIVO"",""condicion"":""HABIDO""}","{""ruc"":""20480403496"",""antiguedad_empresa"":14.0,""cmc"":168846560.66,""cantidad_rubros"":3.0,""actividad_principal"":""Principal - 4210 - CONSTRUCCIÓN DE CARRETERAS Y VÍAS DE FERROCARRIL"",""penalidades_acum"":0,""sanciones_tcp_acum"":0,""estado"":""ACTIVO"",""condicion"":""HABIDO""}",,,,,,,
4108,LAMBAYEQUE,"4,874,876.37",16/06/2022,"{""ruc"":""20230509353"",""antiguedad_empresa"":28.0,""cmc"":311993521.92,""cantidad_rubros"":1.0,""actividad_principal"":""Principal - 4390 - OTRAS ACTIVIDADES ESPECIALIZADAS DE CONSTRUCCIÓN"",""penalidades_acum"":0,""sanciones_tcp_acum"":1,""estado"":""ACTIVO"",""condicion"":""HABIDO""}","{""ruc"":""20480403496"",""antiguedad_empresa"":14.0,""cmc"":168846560.66,""cantidad_rubros"":3.0,""actividad_principal"":""Principal - 4210 - CONSTRUCCIÓN DE CARRETERAS Y VÍAS DE FERROCARRIL"",""penalidades_acum"":0,""sanciones_tcp_acum"":0,""estado"":""ACTIVO"",""condicion"":""HABIDO""}",,,,,,,
4109,LAMBAYEQUE,"1,085,828.21",16/06/2022,"{""ruc"":""20602922368"",""antiguedad_empresa"":4.0,""cmc"":1297932.79,""cantidad_rubros"":3.0,""actividad_principal"":""Principal - 4663 - VENTA AL POR MAYOR DE MATERIALES DE CONSTRUCCIÓN, ARTÍCULOS DE FERRETERÍA Y EQUIPO Y MATERIALES DE FONTANERÍA Y CALEFACCIÓN"",""penalidades_acum"":0,""sanciones_tcp_acum"":0,""estado"":""ACTIVO"",""condicion"":""HABIDO""}","{""ruc"":""20561274968"",""antiguedad_empresa"":8.0,""cmc"":11293925.56,""cantidad_rubros"":2.0,""actividad_principal"":""Principal - 4100 - CONSTRUCCIÓN DE EDIFICIOS"",""penalidades_acum"":0,""sanciones_tcp_acum"":1,""estado"":""ACTIVO"",""condicion"":""HABIDO""}",,,,,,,
4110,LAMBAYEQUE,"1,477,687.85",16/06/2022,"{""ruc"":""10166907271"",""antiguedad_empresa"":26.0,""cmc"":80224715.65,""cantidad_rubros"":3.0,""actividad_principal"":""Principal - 4100 - CONSTRUCCIÓN DE EDIFICIOS"",""penalidades_acum"":0,""sanciones_tcp_acum"":0,""estado"":""ACTIVO"",""condicion"":""HABIDO""}",,,,,,,,
4111,LAMBAYEQUE,"11,639,644.02",17/05/2022,"{""ruc"":""20477366172"",""antiguedad_empresa"":11.0,""cmc"":100000.0,""cantidad_rubros"":3.0,""actividad_principal"":""Principal - 4390 - OTRAS ACTIVIDADES ESPECIALIZADAS DE CONSTRUCCIÓN"",""penalidades_acum"":0,""sanciones_tcp_acum"":5,""estado"":""ACTIVO"",""condicion"":""HABIDO""}",,,,,,,,
4112,LAMBAYEQUE,"5,213,526.19",04/03/2024,"{""ruc"":""20540071595"",""antiguedad_empresa"":11.0,""cmc"":100000.0,""cantidad_rubros"":3.0,""actividad_principal"":""Principal - 7110 - ACTIVIDADES DE ARQUITECTURA E INGENIERÍA Y ACTIVIDADES CONEXAS DE CONSULTORÍA TÉCNICA"",""penalidades_acum"":0,""sanciones_tcp_acum"":2,""estado"":""ACTIVO"",""condicion"":""HABIDO""}","{""ruc"":""20561126934"",""antiguedad_empresa"":7.0,""cmc"":878285.1,""cantidad_rubros"":3.0,""actividad_principal"":""Principal - 4220 - CONSTRUCCIÓN DE PROYECTOS DE SERVICIO PÚBLICO"",""penalidades_acum"":0,""sanciones_tcp_acum"":0,""estado"":""ACTIVO"",""condicion"":""HABIDO""}",,,,,,,
4124,LAMBAYEQUE,"24,517,381.34",27/12/2024,"{""ruc"":""20525333923"",""antiguedad_empresa"":18.0,""cmc"":197163296.76,""cantidad_rubros"":3.0,""actividad_principal"":""Principal - 4100 - CONSTRUCCIÓN DE EDIFICIOS"",""penalidades_acum"":0,""sanciones_tcp_acum"":0,""estado"":""ACTIVO"",""condicion"":""HABIDO""}",,,,,,,,
4125,LAMBAYEQUE,"174,809,224.21",19/12/2024,"{""ruc"":""20517562158"",""antiguedad_empresa"":17.0,""cmc"":1417200052.37,""cantidad_rubros"":3.0,""actividad_principal"":""Principal - 4100 - CONSTRUCCIÓN DE EDIFICIOS"",""penalidades_acum"":2,""sanciones_tcp_acum"":4,""estado"":""ACTIVO"",""condicion"":""HABIDO""}","{""ruc"":""20536612972"",""antiguedad_empresa"":13.0,""cmc"":819662336.32,""cantidad_rubros"":2.0,""actividad_principal"":""Principal - 4100 - CONSTRUCCIÓN DE EDIFICIOS"",""penalidades_acum"":0,""sanciones_tcp_acum"":1,""estado"":""ACTIVO"",""condicion"":""HABIDO""}",,,,,,,
4126,LAMBAYEQUE,"17,296,983.31",18/12/2024,"{""ruc"":""20525909221"",""antiguedad_empresa"":15.0,""cmc"":46869416.24,""cantidad_rubros"":3.0,""actividad_principal"":""Principal - 4100 - CONSTRUCCIÓN DE EDIFICIOS"",""penalidades_acum"":0,""sanciones_tcp_acum"":1,""estado"":""ACTIVO"",""condicion"":""HABIDO""}","{""ruc"":""10164660775"",""antiguedad_empresa"":31.0,""cmc"":240111921.18,""cantidad_rubros"":3.0,""actividad_principal"":""Principal - 4100 - CONSTRUCCIÓN DE EDIFICIOS"",""penalidades_acum"":0,""sanciones_tcp_acum"":0,""estado"":""ACTIVO"",""condicion"":""HABIDO""}",,,,,,,
4127,LAMBAYEQUE,"3,879,542.68",11/12/2024,"{""ruc"":""20491656761"",""antiguedad_empresa"":14.0,""cmc"":154954475.34,""cantidad_rubros"":3.0,""actividad_principal"":""Principal - 4220 - CONSTRUCCIÓN DE PROYECTOS DE SERVICIO PÚBLICO"",""penalidades_acum"":0,""sanciones_tcp_acum"":0,""estado"":""ACTIVO"",""condicion"":""HABIDO""}",,,,,,,,
4128,LAMBAYEQUE,"615,405.47",15/10/2024,"{""ruc"":""20534166240"",""antiguedad_empresa"":5.0,""cmc"":37096894.14,""cantidad_rubros"":3.0,""actividad_principal"":""Principal - 4210 - CONSTRUCCIÓN DE CARRETERAS Y VÍAS DE FERROCARRIL"",""penalidades_acum"":0,""sanciones_tcp_acum"":0,""estado"":""ACTIVO"",""condicion"":""HABIDO""}","{""ruc"":""20604451648"",""antiguedad_empresa"":5.0,""cmc"":83723910.0,""cantidad_rubros"":3.0,""actividad_principal"":""Principal - 7110 - ACTIVIDADES DE ARQUITECTURA E INGENIERÍA Y ACTIVIDADES CONEXAS DE CONSULTORÍA TÉCNICA"",""penalidades_acum"":0,""sanciones_tcp_acum"":1,""estado"":""ACTIVO"",""condicion"":""HABIDO""}",,,,,,,
4129,LAMBAYEQUE,"2,045,166.70",15/10/2024,"{""ruc"":""20600721179"",""antiguedad_empresa"":9.0,""cmc"":112959729.78,""cantidad_rubros"":3.0,""actividad_principal"":""Principal - 4100 - CONSTRUCCIÓN DE EDIFICIOS"",""penalidades_acum"":0,""sanciones_tcp_acum"":0,""estado"":""ACTIVO"",""condicion"":""HABIDO""}",,,,,,,,
4130,LAMBAYEQUE,"2,853,473.65",17/09/2024,"{""ruc"":""20488351398"",""antiguedad_empresa"":24.0,""cmc"":70079760.7,""cantidad_rubros"":3.0,""actividad_principal"":""Principal - 4290 - CONSTRUCCIÓN DE OTRAS OBRAS DE INGENIERÍA CIVIL"",""penalidades_acum"":0,""sanciones_tcp_acum"":0,""estado"":""ACTIVO"",""condicion"":""HABIDO""}",,,,,,,,
4131,LAMBAYEQUE,"1,747,297.94",10/09/2024,"{""ruc"":""20607488003"",""antiguedad_empresa"":3.0,""cmc"":10163463.59,""cantidad_rubros"":3.0,""actividad_principal"":""Principal - 4663 - VENTA AL POR MAYOR DE MATERIALES DE CONSTRUCCIÓN, ARTÍCULOS DE FERRETERÍA Y EQUIPO Y MATERIALES DE FONTANERÍA Y CALEFACCIÓN"",""penalidades_acum"":0,""sanciones_tcp_acum"":0,""estado"":""ACTIVO"",""condicion"":""HABIDO""}","{""ruc"":""20601642604"",""antiguedad_empresa"":8.0,""cmc"":5438758.61,""cantidad_rubros"":3.0,""actividad_principal"":""Principal - 4100 - CONSTRUCCIÓN DE EDIFICIOS"",""penalidades_acum"":0,""sanciones_tcp_acum"":1,""estado"":""ACTIVO"",""condicion"":""HABIDO""}",,,,,,,
4132,LAMBAYEQUE,"161,978,778.93",09/09/2024,"{""ruc"":""99000035293"",""antiguedad_empresa"":null,""cmc"":100000.0,""cantidad_rubros"":null,""actividad_principal"":null,""penalidades_acum"":0,""sanciones_tcp_acum"":2,""estado"":null,""condicion"":null}","{""ruc"":""10164660775"",""antiguedad_empresa"":31.0,""cmc"":240111921.18,""cantidad_rubros"":3.0,""actividad_principal"":""Principal - 4100 - CONSTRUCCIÓN DE EDIFICIOS"",""penalidades_acum"":0,""sanciones_tcp_acum"":0,""estado"":""ACTIVO"",""condicion"":""HABIDO""}",,,,,,,
4133,LAMBAYEQUE,"2,552,724.98",03/09/2024,"{""ruc"":""20542350033"",""antiguedad_empresa"":7.0,""cmc"":203925490.74,""cantidad_rubros"":3.0,""actividad_principal"":""Principal - 4100 - CONSTRUCCIÓN DE EDIFICIOS"",""penalidades_acum"":0,""sanciones_tcp_acum"":1,""estado"":""ACTIVO"",""condicion"":""HABIDO""}","{""ruc"":""20605524649"",""antiguedad_empresa"":5.0,""cmc"":7791289.54,""cantidad_rubros"":1.0,""actividad_principal"":""Principal - 7110 - ACTIVIDADES DE ARQUITECTURA E INGENIERÍA Y ACTIVIDADES CONEXAS DE CONSULTORÍA TÉCNICA"",""penalidades_acum"":0,""sanciones_tcp_acum"":0,""estado"":""ACTIVO"",""condicion"":""HABIDO""}",,,,,,,
4134,LAMBAYEQUE,"5,183,147.64",22/08/2024,"{""ruc"":""20164843263"",""antiguedad_empresa"":10.0,""cmc"":100000.0,""cantidad_rubros"":3.0,""actividad_principal"":""Principal - 4100 - CONSTRUCCIÓN DE EDIFICIOS"",""penalidades_acum"":0,""sanciones_tcp_acum"":0,""estado"":""ACTIVO"",""condicion"":""HABIDO""}","{""ruc"":""20571505488"",""antiguedad_empresa"":11.0,""cmc"":74024083.53,""cantidad_rubros"":3.0,""actividad_principal"":""Principal - 4100 - CONSTRUCCIÓN DE EDIFICIOS"",""penalidades_acum"":1,""sanciones_tcp_acum"":1,""estado"":""ACTIVO"",""condicion"":""HABIDO""}",,,,,,,
4135,LAMBAYEQUE,"2,188,628.16",02/07/2024,"{""ruc"":""20539023323"",""antiguedad_empresa"":11.0,""cmc"":52541211.6,""cantidad_rubros"":3.0,""actividad_principal"":""Principal - 4220 - CONSTRUCCIÓN DE PROYECTOS DE SERVICIO PÚBLICO"",""penalidades_acum"":0,""sanciones_tcp_acum"":0,""estado"":""ACTIVO"",""condicion"":""HABIDO""}","{""ruc"":""20602126120"",""antiguedad_empresa"":7.0,""cmc"":21801832.0,""cantidad_rubros"":3.0,""actividad_principal"":""Principal - 4100 - CONSTRUCCIÓN DE EDIFICIOS"",""penalidades_acum"":0,""sanciones_tcp_acum"":0,""estado"":""ACTIVO"",""condicion"":""HABIDO""}",,,,,,,
4136,LAMBAYEQUE,"1,721,397.83",02/07/2024,"{""ruc"":""20539023323"",""antiguedad_empresa"":11.0,""cmc"":52541211.6,""cantidad_rubros"":3.0,""actividad_principal"":""Principal - 4220 - CONSTRUCCIÓN DE PROYECTOS DE SERVICIO PÚBLICO"",""penalidades_acum"":0,""sanciones_tcp_acum"":0,""estado"":""ACTIVO"",""condicion"":""HABIDO""}","{""ruc"":""20602126120"",""antiguedad_empresa"":7.0,""cmc"":21801832.0,""cantidad_rubros"":3.0,""actividad_principal"":""Principal - 4100 - CONSTRUCCIÓN DE EDIFICIOS"",""penalidades_acum"":0,""sanciones_tcp_acum"":0,""estado"":""ACTIVO"",""condicion"":""HABIDO""}",,,,,,,
4137,LAMBAYEQUE,"344,831.45",13/06/2024,"{""ruc"":""20487931854"",""antiguedad_empresa"":12.0,""cmc"":400000.0,""cantidad_rubros"":2.0,""actividad_principal"":""Principal - 7110 - ACTIVIDADES DE ARQUITECTURA E INGENIERÍA Y ACTIVIDADES CONEXAS DE CONSULTORÍA TÉCNICA"",""penalidades_acum"":0,""sanciones_tcp_acum"":0,""estado"":""ACTIVO"",""condicion"":""HABIDO""}",,,,,,,,
4138,LAMBAYEQUE,"680,530.02",27/05/2024,"{""ruc"":""20496149425"",""antiguedad_empresa"":16.0,""cmc"":58604572.85,""cantidad_rubros"":3.0,""actividad_principal"":""Principal - 4100 - CONSTRUCCIÓN DE EDIFICIOS"",""penalidades_acum"":0,""sanciones_tcp_acum"":0,""estado"":""ACTIVO"",""condicion"":""HABIDO""}","{""ruc"":""20560168994"",""antiguedad_empresa"":10.0,""cmc"":39727024.78,""cantidad_rubros"":3.0,""actividad_principal"":""Principal - 4100 - CONSTRUCCIÓN DE EDIFICIOS"",""penalidades_acum"":0,""sanciones_tcp_acum"":0,""estado"":""ACTIVO"",""condicion"":""HABIDO""}",,,,,,,
4139,LAMBAYEQUE,"3,766,395.56",17/05/2024,"{""ruc"":""20495669301"",""antiguedad_empresa"":19.0,""cmc"":100000.0,""cantidad_rubros"":3.0,""actividad_principal"":""Principal - 7110 - ACTIVIDADES DE ARQUITECTURA E INGENIERÍA Y ACTIVIDADES CONEXAS DE CONSULTORÍA TÉCNICA"",""penalidades_acum"":0,""sanciones_tcp_acum"":0,""estado"":""ACTIVO"",""condicion"":""HABIDO""}","{""ruc"":""20515422154"",""antiguedad_empresa"":17.0,""cmc"":100095766.69,""cantidad_rubros"":3.0,""actividad_principal"":""Principal - 4220 - CONSTRUCCIÓN DE PROYECTOS DE SERVICIO PÚBLICO"",""penalidades_acum"":0,""sanciones_tcp_acum"":0,""estado"":""ACTIVO"",""condicion"":""HABIDO""}",,,,,,,
4140,LAMBAYEQUE,"1,030,257.46",03/04/2024,"{""ruc"":""20603025301"",""antiguedad_empresa"":6.0,""cmc"":100000.0,""cantidad_rubros"":2.0,""actividad_principal"":""Principal - 7110 - ACTIVIDADES DE ARQUITECTURA E INGENIERÍA Y ACTIVIDADES CONEXAS DE CONSULTORÍA TÉCNICA"",""penalidades_acum"":0,""sanciones_tcp_acum"":0,""estado"":""SUSPENSION TEMPORAL"",""condicion"":""HABIDO""}","{""ruc"":""20604942480"",""antiguedad_empresa"":5.0,""cmc"":100000.0,""cantidad_rubros"":3.0,""actividad_principal"":""Principal - 7110 - ACTIVIDADES DE ARQUITECTURA E INGENIERÍA Y ACTIVIDADES CONEXAS DE CONSULTORÍA TÉCNICA"",""penalidades_acum"":0,""sanciones_tcp_acum"":2,""estado"":""ACTIVO"",""condicion"":""HABIDO""}",,,,,,,
4141,LAMBAYEQUE,"11,242,770.50",02/04/2024,"{""ruc"":""20491656761"",""antiguedad_empresa"":14.0,""cmc"":154954475.34,""cantidad_rubros"":3.0,""actividad_principal"":""Principal - 4220 - CONSTRUCCIÓN DE PROYECTOS DE SERVICIO PÚBLICO"",""penalidades_acum"":0,""sanciones_tcp_acum"":0,""estado"":""ACTIVO"",""condicion"":""HABIDO""}",,,,,,,,
4142,LAMBAYEQUE,"4,875,395.33",26/03/2024,"{""ruc"":""20602698409"",""antiguedad_empresa"":7.0,""cmc"":6168049.53,""cantidad_rubros"":3.0,""actividad_principal"":""Principal - 4100 - CONSTRUCCIÓN DE EDIFICIOS"",""penalidades_acum"":0,""sanciones_tcp_acum"":0,""estado"":""ACTIVO"",""condicion"":""HABIDO""}","{""ruc"":""20480403496"",""antiguedad_empresa"":16.0,""cmc"":168846560.66,""cantidad_rubros"":3.0,""actividad_principal"":""Principal - 4210 - CONSTRUCCIÓN DE CARRETERAS Y VÍAS DE FERROCARRIL"",""penalidades_acum"":0,""sanciones_tcp_acum"":0,""estado"":""ACTIVO"",""condicion"":""HABIDO""}",,,,,,,
4143,LAMBAYEQUE,"9,322,636.48",11/03/2024,"{""ruc"":""20602698409"",""antiguedad_empresa"":7.0,""cmc"":6168049.53,""cantidad_rubros"":3.0,""actividad_principal"":""Principal - 4100 - CONSTRUCCIÓN DE EDIFICIOS"",""penalidades_acum"":0,""sanciones_tcp_acum"":0,""estado"":""ACTIVO"",""condicion"":""HABIDO""}","{""ruc"":""20480403496"",""antiguedad_empresa"":16.0,""cmc"":168846560.66,""cantidad_rubros"":3.0,""actividad_principal"":""Principal - 4210 - CONSTRUCCIÓN DE CARRETERAS Y VÍAS DE FERROCARRIL"",""penalidades_acum"":0,""sanciones_tcp_acum"":0,""estado"":""ACTIVO"",""condicion"":""HABIDO""}",,,,,,,
4144,LAMBAYEQUE,"19,496,705.08",08/03/2024,"{""ruc"":""20445200019"",""antiguedad_empresa"":23.0,""cmc"":219897733.07,""cantidad_rubros"":3.0,""actividad_principal"":""Principal - 4100 - CONSTRUCCIÓN DE EDIFICIOS"",""penalidades_acum"":0,""sanciones_tcp_acum"":0,""estado"":""ACTIVO"",""condicion"":""HABIDO""}","{""ruc"":""20542072637"",""antiguedad_empresa"":13.0,""cmc"":500000.0,""cantidad_rubros"":3.0,""actividad_principal"":""Principal - 4290 - CONSTRUCCIÓN DE OTRAS OBRAS DE INGENIERÍA CIVIL"",""penalidades_acum"":0,""sanciones_tcp_acum"":0,""estado"":""ACTIVO"",""condicion"":""HABIDO""}",,,,,,,
4145,LAMBAYEQUE,"680,530.02",06/03/2024,"{""ruc"":""20496149425"",""antiguedad_empresa"":16.0,""cmc"":58604572.85,""cantidad_rubros"":3.0,""actividad_principal"":""Principal - 4100 - CONSTRUCCIÓN DE EDIFICIOS"",""penalidades_acum"":0,""sanciones_tcp_acum"":0,""estado"":""ACTIVO"",""condicion"":""HABIDO""}","{""ruc"":""20560168994"",""antiguedad_empresa"":10.0,""cmc"":39727024.78,""cantidad_rubros"":3.0,""actividad_principal"":""Principal - 4100 - CONSTRUCCIÓN DE EDIFICIOS"",""penalidades_acum"":0,""sanciones_tcp_acum"":0,""estado"":""ACTIVO"",""condicion"":""HABIDO""}",,,,,,,
4146,LAMBAYEQUE,"831,628.03",01/03/2024,"{""ruc"":""20487698882"",""antiguedad_empresa"":13.0,""cmc"":500000.0,""cantidad_rubros"":3.0,""actividad_principal"":""Principal - 7730 - ALQUILER Y ARRENDAMIENTO DE OTROS TIPOS DE MAQUINARIA, EQUIPO Y BIENES TANGIBLES"",""penalidades_acum"":0,""sanciones_tcp_acum"":0,""estado"":""ACTIVO"",""condicion"":""HABIDO""}",,,,,,,,
4147,LAMBAYEQUE,"14,208,238.45",28/02/2024,"{""ruc"":""20480403496"",""antiguedad_empresa"":16.0,""cmc"":168846560.66,""cantidad_rubros"":3.0,""actividad_principal"":""Principal - 4210 - CONSTRUCCIÓN DE CARRETERAS Y VÍAS DE FERROCARRIL"",""penalidades_acum"":0,""sanciones_tcp_acum"":0,""estado"":""ACTIVO"",""condicion"":""HABIDO""}",,,,,,,,
4148,LAMBAYEQUE,"1,500,516.07",06/02/2024,"{""ruc"":""20539023323"",""antiguedad_empresa"":11.0,""cmc"":52541211.6,""cantidad_rubros"":3.0,""actividad_principal"":""Principal - 4220 - CONSTRUCCIÓN DE PROYECTOS DE SERVICIO PÚBLICO"",""penalidades_acum"":0,""sanciones_tcp_acum"":0,""estado"":""ACTIVO"",""condicion"":""HABIDO""}",,,,,,,,
4149,LAMBAYEQUE,"957,249.28",06/02/2024,"{""ruc"":""20539023323"",""antiguedad_empresa"":11.0,""cmc"":52541211.6,""cantidad_rubros"":3.0,""actividad_principal"":""Principal - 4220 - CONSTRUCCIÓN DE PROYECTOS DE SERVICIO PÚBLICO"",""penalidades_acum"":0,""sanciones_tcp_acum"":0,""estado"":""ACTIVO"",""condicion"":""HABIDO""}",,,,,,,,
4150,LAMBAYEQUE,"2,663,076.65",06/02/2024,"{""ruc"":""20600721179"",""antiguedad_empresa"":9.0,""cmc"":112959729.78,""cantidad_rubros"":3.0,""actividad_principal"":""Principal - 4100 - CONSTRUCCIÓN DE EDIFICIOS"",""penalidades_acum"":0,""sanciones_tcp_acum"":0,""estado"":""ACTIVO"",""condicion"":""HABIDO""}",,,,,,,,
4151,LAMBAYEQUE,"2,067,436.93",06/02/2024,"{""ruc"":""20561126934"",""antiguedad_empresa"":7.0,""cmc"":878285.1,""cantidad_rubros"":3.0,""actividad_principal"":""Principal - 4220 - CONSTRUCCIÓN DE PROYECTOS DE SERVICIO PÚBLICO"",""penalidades_acum"":0,""sanciones_tcp_acum"":0,""estado"":""ACTIVO"",""condicion"":""HABIDO""}","{""ruc"":""20495973981"",""antiguedad_empresa"":17.0,""cmc"":100000.0,""cantidad_rubros"":2.0,""actividad_principal"":""Principal - 4100 - CONSTRUCCIÓN DE EDIFICIOS"",""penalidades_acum"":0,""sanciones_tcp_acum"":2,""estado"":""BAJA DE OFICIO"",""condicion"":""HABIDO""}",,,,,,,
4670,LIMA,"1,525,881.21",01/03/2022,"{""ruc"":""20534094079"",""antiguedad_empresa"":14.0,""cmc"":100000.0,""cantidad_rubros"":3.0,""actividad_principal"":""Principal - 4100 - CONSTRUCCIÓN DE EDIFICIOS"",""penalidades_acum"":0,""sanciones_tcp_acum"":0,""estado"":""BAJA DE OFICIO"",""condicion"":""HABIDO""}",,,,,,,,
4671,LIMA,"4,369,691.94",21/12/2021,"{""ruc"":""20602076882"",""antiguedad_empresa"":4.0,""cmc"":100000.0,""cantidad_rubros"":3.0,""actividad_principal"":""Principal - 4100 - CONSTRUCCIÓN DE EDIFICIOS"",""penalidades_acum"":0,""sanciones_tcp_acum"":0,""estado"":""ACTIVO"",""condicion"":""HABIDO""}","{""ruc"":""20600721179"",""antiguedad_empresa"":6.0,""cmc"":112959729.78,""cantidad_rubros"":3.0,""actividad_principal"":""Principal - 4100 - CONSTRUCCIÓN DE EDIFICIOS"",""penalidades_acum"":0,""sanciones_tcp_acum"":0,""estado"":""ACTIVO"",""condicion"":""HABIDO""}",,,,,,,
4672,LIMA,"3,431,360.00",29/10/2021,"{""ruc"":""20607462403"",""antiguedad_empresa"":0.0,""cmc"":400000.0,""cantidad_rubros"":3.0,""actividad_principal"":""Principal - 4100 - CONSTRUCCIÓN DE EDIFICIOS"",""penalidades_acum"":0,""sanciones_tcp_acum"":0,""estado"":""ACTIVO"",""condicion"":""HABIDO""}","{""ruc"":""20533990615"",""antiguedad_empresa"":13.0,""cmc"":3935506.4,""cantidad_rubros"":3.0,""actividad_principal"":""Principal - 4390 - OTRAS ACTIVIDADES ESPECIALIZADAS DE CONSTRUCCIÓN"",""penalidades_acum"":0,""sanciones_tcp_acum"":0,""estado"":""ACTIVO"",""condicion"":""HABIDO""}","{""ruc"":""20541653156"",""antiguedad_empresa"":9.0,""cmc"":38600390.99,""cantidad_rubros"":2.0,""actividad_principal"":""Principal - 4100 - CONSTRUCCIÓN DE EDIFICIOS"",""penalidades_acum"":0,""sanciones_tcp_acum"":0,""estado"":""ACTIVO"",""condicion"":""HABIDO""}",,,,,,
4673,LIMA,"8,630,713.19",29/09/2021,"{""ruc"":""20603550677"",""antiguedad_empresa"":3.0,""cmc"":151126543.87,""cantidad_rubros"":3.0,""actividad_principal"":""Principal - 4210 - CONSTRUCCIÓN DE CARRETERAS Y VÍAS DE FERROCARRIL"",""penalidades_acum"":0,""sanciones_tcp_acum"":0,""estado"":""ACTIVO"",""condicion"":""HABIDO""}","{""ruc"":""20407917104"",""antiguedad_empresa"":7.0,""cmc"":100000.0,""cantidad_rubros"":3.0,""actividad_principal"":""Principal - 4923 - TRANSPORTE DE CARGA POR CARRETERA"",""penalidades_acum"":0,""sanciones_tcp_acum"":0,""estado"":""BAJA PROV. POR OFICIO"",""condicion"":""NO HABIDO""}","{""ruc"":""20445200019"",""antiguedad_empresa"":20.0,""cmc"":219897733.07,""cantidad_rubros"":3.0,""actividad_principal"":""Principal - 4100 - CONSTRUCCIÓN DE EDIFICIOS"",""penalidades_acum"":0,""sanciones_tcp_acum"":0,""estado"":""ACTIVO"",""condicion"":""HABIDO""}",,,,,,
4674,LIMA,"1,525,881.21",10/09/2021,"{""ruc"":""20534094079"",""antiguedad_empresa"":13.0,""cmc"":100000.0,""cantidad_rubros"":3.0,""actividad_principal"":""Principal - 4100 - CONSTRUCCIÓN DE EDIFICIOS"",""penalidades_acum"":0,""sanciones_tcp_acum"":0,""estado"":""BAJA DE OFICIO"",""condicion"":""HABIDO""}",,,,,,,,
4675,LIMA,"4,369,691.94",09/09/2021,"{""ruc"":""20602076882"",""antiguedad_empresa"":4.0,""cmc"":100000.0,""cantidad_rubros"":3.0,""actividad_principal"":""Principal - 4100 - CONSTRUCCIÓN DE EDIFICIOS"",""penalidades_acum"":0,""sanciones_tcp_acum"":0,""estado"":""ACTIVO"",""condicion"":""HABIDO""}","{""ruc"":""20600721179"",""antiguedad_empresa"":6.0,""cmc"":112959729.78,""cantidad_rubros"":3.0,""actividad_principal"":""Principal - 4100 - CONSTRUCCIÓN DE EDIFICIOS"",""penalidades_acum"":0,""sanciones_tcp_acum"":0,""estado"":""ACTIVO"",""condicion"":""HABIDO""}",,,,,,,
4676,LIMA,"3,552,648.29",21/06/2021,"{""ruc"":""20600386981"",""antiguedad_empresa"":6.0,""cmc"":100000.0,""cantidad_rubros"":3.0,""actividad_principal"":""Principal - 4100 - CONSTRUCCIÓN DE EDIFICIOS"",""penalidades_acum"":0,""sanciones_tcp_acum"":0,""estado"":""ACTIVO"",""condicion"":""HABIDO""}","{""ruc"":""20603550677"",""antiguedad_empresa"":3.0,""cmc"":151126543.87,""cantidad_rubros"":3.0,""actividad_principal"":""Principal - 4210 - CONSTRUCCIÓN DE CARRETERAS Y VÍAS DE FERROCARRIL"",""penalidades_acum"":0,""sanciones_tcp_acum"":0,""estado"":""ACTIVO"",""condicion"":""HABIDO""}","{""ruc"":""20408135517"",""antiguedad_empresa"":11.0,""cmc"":80636042.45,""cantidad_rubros"":3.0,""actividad_principal"":""Principal - 4100 - CONSTRUCCIÓN DE EDIFICIOS"",""penalidades_acum"":0,""sanciones_tcp_acum"":0,""estado"":""ACTIVO"",""condicion"":""HABIDO""}",,,,,,
4677,LIMA,"1,580,777.11",30/04/2021,"{""ruc"":""20532064768"",""antiguedad_empresa"":9.0,""cmc"":100000.0,""cantidad_rubros"":3.0,""actividad_principal"":""Principal - 4100 - CONSTRUCCIÓN DE EDIFICIOS"",""penalidades_acum"":0,""sanciones_tcp_acum"":0,""estado"":""ACTIVO"",""condicion"":""HABIDO""}","{""ruc"":""20231662244"",""antiguedad_empresa"":3.0,""cmc"":37524620.67,""cantidad_rubros"":3.0,""actividad_principal"":""Principal - 4100 - CONSTRUCCIÓN DE EDIFICIOS"",""penalidades_acum"":0,""sanciones_tcp_acum"":0,""estado"":""ACTIVO"",""condicion"":""HABIDO""}",,,,,,,
4678,LIMA,"9,829,308.20",25/03/2021,"{""ruc"":""20407917104"",""antiguedad_empresa"":7.0,""cmc"":100000.0,""cantidad_rubros"":3.0,""actividad_principal"":""Principal - 4923 - TRANSPORTE DE CARGA POR CARRETERA"",""penalidades_acum"":0,""sanciones_tcp_acum"":0,""estado"":""BAJA PROV. POR OFICIO"",""condicion"":""NO HABIDO""}","{""ruc"":""20523386469"",""antiguedad_empresa"":12.0,""cmc"":161957529.86,""cantidad_rubros"":3.0,""actividad_principal"":""Principal - 4100 - CONSTRUCCIÓN DE EDIFICIOS"",""penalidades_acum"":1,""sanciones_tcp_acum"":0,""estado"":""ACTIVO"",""condicion"":""HABIDO""}",,,,,,,
4679,LIMA,"889,609.10",18/02/2021,"{""ruc"":""20494682703"",""antiguedad_empresa"":12.0,""cmc"":100000.0,""cantidad_rubros"":3.0,""actividad_principal"":""Principal - 4100 - CONSTRUCCIÓN DE EDIFICIOS"",""penalidades_acum"":0,""sanciones_tcp_acum"":1,""estado"":""ACTIVO"",""condicion"":""HABIDO""}",,,,,,,,
4680,LIMA,"9,446,165.05",24/11/2022,"{""ruc"":""20556414123"",""antiguedad_empresa"":8.0,""cmc"":40100384.53,""cantidad_rubros"":3.0,""actividad_principal"":""Principal - 4923 - TRANSPORTE DE CARGA POR CARRETERA"",""penalidades_acum"":0,""sanciones_tcp_acum"":0,""estado"":""ACTIVO"",""condicion"":""HABIDO""}",,,,,,,,
4681,LIMA,"2,357,557.19",07/11/2022,"{""ruc"":""20536704231"",""antiguedad_empresa"":12.0,""cmc"":11159976.41,""cantidad_rubros"":2.0,""actividad_principal"":""Principal - 4100 - CONSTRUCCIÓN DE EDIFICIOS"",""penalidades_acum"":0,""sanciones_tcp_acum"":0,""estado"":""ACTIVO"",""condicion"":""HABIDO""}",,,,,,,,
4682,LIMA,"1,770,122.65",27/10/2022,"{""ruc"":""20529032464"",""antiguedad_empresa"":12.0,""cmc"":100000.0,""cantidad_rubros"":2.0,""actividad_principal"":""Principal - 4390 - OTRAS ACTIVIDADES ESPECIALIZADAS DE CONSTRUCCIÓN"",""penalidades_acum"":0,""sanciones_tcp_acum"":0,""estado"":""BAJA DE OFICIO"",""condicion"":""NO HABIDO""}",,,,,,,,
4683,LIMA,"942,490.45",25/10/2022,"{""ruc"":""20604654531"",""antiguedad_empresa"":3.0,""cmc"":100000.0,""cantidad_rubros"":3.0,""actividad_principal"":""Principal - 7730 - ALQUILER Y ARRENDAMIENTO DE OTROS TIPOS DE MAQUINARIA, EQUIPO Y BIENES TANGIBLES"",""penalidades_acum"":0,""sanciones_tcp_acum"":0,""estado"":""ACTIVO"",""condicion"":""HABIDO""}","{""ruc"":""20489688990"",""antiguedad_empresa"":14.0,""cmc"":100000.0,""cantidad_rubros"":2.0,""actividad_principal"":""Principal - 4100 - CONSTRUCCIÓN DE EDIFICIOS"",""penalidades_acum"":0,""sanciones_tcp_acum"":1,""estado"":""BAJA DE OFICIO"",""condicion"":""NO HABIDO""}",,,,,,,
4684,LIMA,"2,095,516.74",10/10/2022,"{""ruc"":""10076160312"",""antiguedad_empresa"":null,""cmc"":100000.0,""cantidad_rubros"":1.0,""actividad_principal"":""Principal - 9609 - OTRAS ACTIVIDADES DE SERVICIOS PERSONALES N.C.P."",""penalidades_acum"":0,""sanciones_tcp_acum"":0,""estado"":""ACTIVO"",""condicion"":""HABIDO""}","{""ruc"":""10103454731"",""antiguedad_empresa"":19.0,""cmc"":58269665.61,""cantidad_rubros"":3.0,""actividad_principal"":""Principal - 4100 - CONSTRUCCIÓN DE EDIFICIOS"",""penalidades_acum"":0,""sanciones_tcp_acum"":0,""estado"":""ACTIVO"",""condicion"":""HABIDO""}",,,,,,,
4685,LIMA,"8,228,418.65",10/10/2022,"{""ruc"":""20600046218"",""antiguedad_empresa"":7.0,""cmc"":17223828.86,""cantidad_rubros"":3.0,""actividad_principal"":""Principal - 4923 - TRANSPORTE DE CARGA POR CARRETERA"",""penalidades_acum"":0,""sanciones_tcp_acum"":1,""estado"":""ACTIVO"",""condicion"":""HABIDO""}","{""ruc"":""20523386469"",""antiguedad_empresa"":13.0,""cmc"":161957529.86,""cantidad_rubros"":3.0,""actividad_principal"":""Principal - 4100 - CONSTRUCCIÓN DE EDIFICIOS"",""penalidades_acum"":1,""sanciones_tcp_acum"":0,""estado"":""ACTIVO"",""condicion"":""HABIDO""}",,,,,,,
4686,LIMA,"1,314,949.18",03/10/2022,"{""ruc"":""10103454731"",""antiguedad_empresa"":19.0,""cmc"":58269665.61,""cantidad_rubros"":3.0,""actividad_principal"":""Principal - 4100 - CONSTRUCCIÓN DE EDIFICIOS"",""penalidades_acum"":0,""sanciones_tcp_acum"":0,""estado"":""ACTIVO"",""condicion"":""HABIDO""}",,,,,,,,
4687,LIMA,"498,551.54",25/07/2022,"{""ruc"":""20531049838"",""antiguedad_empresa"":16.0,""cmc"":100000.0,""cantidad_rubros"":3.0,""actividad_principal"":""Principal - 4100 - CONSTRUCCIÓN DE EDIFICIOS"",""penalidades_acum"":0,""sanciones_tcp_acum"":0,""estado"":""ACTIVO"",""condicion"":""HABIDO""}","{""ruc"":""20542154366"",""antiguedad_empresa"":11.0,""cmc"":100000.0,""cantidad_rubros"":3.0,""actividad_principal"":""Principal - 7110 - ACTIVIDADES DE ARQUITECTURA E INGENIERÍA Y ACTIVIDADES CONEXAS DE CONSULTORÍA TÉCNICA"",""penalidades_acum"":0,""sanciones_tcp_acum"":0,""estado"":""ACTIVO"",""condicion"":""HABIDO""}",,,,,,,
4688,LIMA,"2,509,151.26",23/06/2022,"{""ruc"":""20531897251"",""antiguedad_empresa"":12.0,""cmc"":464754082.38,""cantidad_rubros"":3.0,""actividad_principal"":""Principal - 4100 - CONSTRUCCIÓN DE EDIFICIOS"",""penalidades_acum"":0,""sanciones_tcp_acum"":0,""estado"":""ACTIVO"",""condicion"":""HABIDO""}","{""ruc"":""20231662244"",""antiguedad_empresa"":4.0,""cmc"":37524620.67,""cantidad_rubros"":3.0,""actividad_principal"":""Principal - 4100 - CONSTRUCCIÓN DE EDIFICIOS"",""penalidades_acum"":0,""sanciones_tcp_acum"":0,""estado"":""ACTIVO"",""condicion"":""HABIDO""}",,,,,,,
4689,LIMA,"5,743,985.49",18/05/2022,"{""ruc"":""20600362161"",""antiguedad_empresa"":7.0,""cmc"":31902923.84,""cantidad_rubros"":3.0,""actividad_principal"":""Principal - 4100 - CONSTRUCCIÓN DE EDIFICIOS"",""penalidades_acum"":0,""sanciones_tcp_acum"":0,""estado"":""ACTIVO"",""condicion"":""HABIDO""}","{""ruc"":""20601955165"",""antiguedad_empresa"":5.0,""cmc"":5411108.89,""cantidad_rubros"":3.0,""actividad_principal"":""Principal - 4100 - CONSTRUCCIÓN DE EDIFICIOS"",""penalidades_acum"":0,""sanciones_tcp_acum"":0,""estado"":""ACTIVO"",""condicion"":""HABIDO""}",,,,,,,
4690,LIMA,"167,087.00",16/05/2022,"{""ruc"":""20542154366"",""antiguedad_empresa"":11.0,""cmc"":100000.0,""cantidad_rubros"":3.0,""actividad_principal"":""Principal - 7110 - ACTIVIDADES DE ARQUITECTURA E INGENIERÍA Y ACTIVIDADES CONEXAS DE CONSULTORÍA TÉCNICA"",""penalidades_acum"":0,""sanciones_tcp_acum"":0,""estado"":""ACTIVO"",""condicion"":""HABIDO""}",,,,,,,,
4691,LIMA,"4,260,229.65",11/05/2022,"{""ruc"":""20600021045"",""antiguedad_empresa"":7.0,""cmc"":75475056.08,""cantidad_rubros"":3.0,""actividad_principal"":""Principal - 4100 - CONSTRUCCIÓN DE EDIFICIOS"",""penalidades_acum"":0,""sanciones_tcp_acum"":0,""estado"":""ACTIVO"",""condicion"":""HABIDO""}","{""ruc"":""20600160347"",""antiguedad_empresa"":7.0,""cmc"":100000.0,""cantidad_rubros"":3.0,""actividad_principal"":""Principal - 4100 - CONSTRUCCIÓN DE EDIFICIOS"",""penalidades_acum"":0,""sanciones_tcp_acum"":0,""estado"":""ACTIVO"",""condicion"":""HABIDO""}",,,,,,,
4692,LIMA,"3,134,025.31",06/05/2022,"{""ruc"":""10103454731"",""antiguedad_empresa"":19.0,""cmc"":58269665.61,""cantidad_rubros"":3.0,""actividad_principal"":""Principal - 4100 - CONSTRUCCIÓN DE EDIFICIOS"",""penalidades_acum"":0,""sanciones_tcp_acum"":0,""estado"":""ACTIVO"",""condicion"":""HABIDO""}",,,,,,,,
4693,LIMA,"6,877,311.64",28/04/2022,"{""ruc"":""20494686369"",""antiguedad_empresa"":5.0,""cmc"":122568885.39,""cantidad_rubros"":2.0,""actividad_principal"":""Principal - 4210 - CONSTRUCCIÓN DE CARRETERAS Y VÍAS DE FERROCARRIL"",""penalidades_acum"":0,""sanciones_tcp_acum"":3,""estado"":""ACTIVO"",""condicion"":""HABIDO""}","{""ruc"":""20491331543"",""antiguedad_empresa"":13.0,""cmc"":40767823.09,""cantidad_rubros"":3.0,""actividad_principal"":""Principal - 4663 - VENTA AL POR MAYOR DE MATERIALES DE CONSTRUCCIÓN, ARTÍCULOS DE FERRETERÍA Y EQUIPO Y MATERIALES DE FONTANERÍA Y CALEFACCIÓN"",""penalidades_acum"":0,""sanciones_tcp_acum"":0,""estado"":""ACTIVO"",""condicion"":""HABIDO""}",,,,,,,
4694,LIMA,"19,839,172.86",11/04/2022,"{""ruc"":""20407917104"",""antiguedad_empresa"":8.0,""cmc"":100000.0,""cantidad_rubros"":3.0,""actividad_principal"":""Principal - 4923 - TRANSPORTE DE CARGA POR CARRETERA"",""penalidades_acum"":0,""sanciones_tcp_acum"":0,""estado"":""BAJA PROV. POR OFICIO"",""condicion"":""NO HABIDO""}","{""ruc"":""20445200019"",""antiguedad_empresa"":21.0,""cmc"":219897733.07,""cantidad_rubros"":3.0,""actividad_principal"":""Principal - 4100 - CONSTRUCCIÓN DE EDIFICIOS"",""penalidades_acum"":0,""sanciones_tcp_acum"":0,""estado"":""ACTIVO"",""condicion"":""HABIDO""}","{""ruc"":""20603550677"",""antiguedad_empresa"":4.0,""cmc"":151126543.87,""cantidad_rubros"":3.0,""actividad_principal"":""Principal - 4210 - CONSTRUCCIÓN DE CARRETERAS Y VÍAS DE FERROCARRIL"",""penalidades_acum"":0,""sanciones_tcp_acum"":0,""estado"":""ACTIVO"",""condicion"":""HABIDO""}",,,,,,
4695,LIMA,"23,697,875.44",05/04/2022,"{""ruc"":""20393675480"",""antiguedad_empresa"":11.0,""cmc"":104386132.84,""cantidad_rubros"":3.0,""actividad_principal"":""Principal - 4390 - OTRAS ACTIVIDADES ESPECIALIZADAS DE CONSTRUCCIÓN"",""penalidades_acum"":0,""sanciones_tcp_acum"":0,""estado"":""ACTIVO"",""condicion"":""HABIDO""}","{""ruc"":""20601263158"",""antiguedad_empresa"":6.0,""cmc"":100000.0,""cantidad_rubros"":3.0,""actividad_principal"":""Principal - 4923 - TRANSPORTE DE CARGA POR CARRETERA"",""penalidades_acum"":0,""sanciones_tcp_acum"":0,""estado"":""ACTIVO"",""condicion"":""HABIDO""}","{""ruc"":""20600377818"",""antiguedad_empresa"":7.0,""cmc"":50153588.78,""cantidad_rubros"":3.0,""actividad_principal"":""Principal - 4923 - TRANSPORTE DE CARGA POR CARRETERA"",""penalidades_acum"":0,""sanciones_tcp_acum"":0,""estado"":""ACTIVO"",""condicion"":""HABIDO""}",,,,,,
4696,LIMA,"21,873,073.89",28/02/2022,"{""ruc"":""20603550677"",""antiguedad_empresa"":4.0,""cmc"":151126543.87,""cantidad_rubros"":3.0,""actividad_principal"":""Principal - 4210 - CONSTRUCCIÓN DE CARRETERAS Y VÍAS DE FERROCARRIL"",""penalidades_acum"":0,""sanciones_tcp_acum"":0,""estado"":""ACTIVO"",""condicion"":""HABIDO""}","{""ruc"":""20603476400"",""antiguedad_empresa"":4.0,""cmc"":470313192.14,""cantidad_rubros"":1.0,""actividad_principal"":""Principal - 7110 - ACTIVIDADES DE ARQUITECTURA E INGENIERÍA Y ACTIVIDADES CONEXAS DE CONSULTORÍA TÉCNICA"",""penalidades_acum"":0,""sanciones_tcp_acum"":1,""estado"":""ACTIVO"",""condicion"":""HABIDO""}","{""ruc"":""20523386469"",""antiguedad_empresa"":13.0,""cmc"":161957529.86,""cantidad_rubros"":3.0,""actividad_principal"":""Principal - 4100 - CONSTRUCCIÓN DE EDIFICIOS"",""penalidades_acum"":1,""sanciones_tcp_acum"":0,""estado"":""ACTIVO"",""condicion"":""HABIDO""}",,,,,,
4697,LIMA,"5,443,984.71",13/02/2024,"{""ruc"":""20531808763"",""antiguedad_empresa"":2.0,""cmc"":6697471.59,""cantidad_rubros"":3.0,""actividad_principal"":""Principal - 7110 - ACTIVIDADES DE ARQUITECTURA E INGENIERÍA Y ACTIVIDADES CONEXAS DE CONSULTORÍA TÉCNICA"",""penalidades_acum"":0,""sanciones_tcp_acum"":0,""estado"":""ACTIVO"",""condicion"":""HABIDO""}","{""ruc"":""20445200019"",""antiguedad_empresa"":23.0,""cmc"":219897733.07,""cantidad_rubros"":3.0,""actividad_principal"":""Principal - 4100 - CONSTRUCCIÓN DE EDIFICIOS"",""penalidades_acum"":0,""sanciones_tcp_acum"":0,""estado"":""ACTIVO"",""condicion"":""HABIDO""}",,,,,,,
4722,LIMA,"11,413,649.67",27/12/2024,"{""ruc"":""20516419572"",""antiguedad_empresa"":17.0,""cmc"":96360383.45,""cantidad_rubros"":3.0,""actividad_principal"":""Principal - 4100 - CONSTRUCCIÓN DE EDIFICIOS"",""penalidades_acum"":0,""sanciones_tcp_acum"":0,""estado"":""ACTIVO"",""condicion"":""HABIDO""}","{""ruc"":""20603234279"",""antiguedad_empresa"":3.0,""cmc"":7907204.63,""cantidad_rubros"":3.0,""actividad_principal"":""Principal - 4100 - CONSTRUCCIÓN DE EDIFICIOS"",""penalidades_acum"":0,""sanciones_tcp_acum"":0,""estado"":""ACTIVO"",""condicion"":""HABIDO""}",,,,,,,
4723,LIMA,"7,402,131.78",27/12/2024,"{""ruc"":""20509958875"",""antiguedad_empresa"":19.0,""cmc"":100000.0,""cantidad_rubros"":3.0,""actividad_principal"":""Principal - 4390 - OTRAS ACTIVIDADES ESPECIALIZADAS DE CONSTRUCCIÓN"",""penalidades_acum"":0,""sanciones_tcp_acum"":0,""estado"":""ACTIVO"",""condicion"":""HABIDO""}","{""ruc"":""20602747868"",""antiguedad_empresa"":7.0,""cmc"":3921504.06,""cantidad_rubros"":3.0,""actividad_principal"":""Principal - 4100 - CONSTRUCCIÓN DE EDIFICIOS"",""penalidades_acum"":0,""sanciones_tcp_acum"":0,""estado"":""ACTIVO"",""condicion"":""HABIDO""}",,,,,,,
4724,LIMA,"1,671,314.20",20/12/2024,"{""ruc"":""20607057355"",""antiguedad_empresa"":4.0,""cmc"":5069063.23,""cantidad_rubros"":2.0,""actividad_principal"":""Principal - 4100 - CONSTRUCCIÓN DE EDIFICIOS"",""penalidades_acum"":0,""sanciones_tcp_acum"":1,""estado"":""ACTIVO"",""condicion"":""HABIDO""}","{""ruc"":""20604488681"",""antiguedad_empresa"":5.0,""cmc"":100000.0,""cantidad_rubros"":3.0,""actividad_principal"":""Principal - 4100 - CONSTRUCCIÓN DE EDIFICIOS"",""penalidades_acum"":0,""sanciones_tcp_acum"":0,""estado"":""ACTIVO"",""condicion"":""HABIDO""}",,,,,,,
4725,LIMA,"1,808,222.76",12/12/2024,"{""ruc"":""20445558592"",""antiguedad_empresa"":18.0,""cmc"":25309943.7,""cantidad_rubros"":3.0,""actividad_principal"":""Principal - 7110 - ACTIVIDADES DE ARQUITECTURA E INGENIERÍA Y ACTIVIDADES CONEXAS DE CONSULTORÍA TÉCNICA"",""penalidades_acum"":0,""sanciones_tcp_acum"":1,""estado"":""ACTIVO"",""condicion"":""HABIDO""}",,,,,,,,
4726,LIMA,"12,896,448.22",03/12/2024,"{""ruc"":""20486990903"",""antiguedad_empresa"":15.0,""cmc"":100000.0,""cantidad_rubros"":3.0,""actividad_principal"":""Principal - 4100 - CONSTRUCCIÓN DE EDIFICIOS"",""penalidades_acum"":0,""sanciones_tcp_acum"":2,""estado"":""ACTIVO"",""condicion"":""HABIDO""}","{""ruc"":""20600029798"",""antiguedad_empresa"":10.0,""cmc"":25206231.47,""cantidad_rubros"":3.0,""actividad_principal"":""Principal - 4100 - CONSTRUCCIÓN DE EDIFICIOS"",""penalidades_acum"":3,""sanciones_tcp_acum"":0,""estado"":""ACTIVO"",""condicion"":""HABIDO""}",,,,,,,
4727,LIMA,"312,708.14",03/12/2024,"{""ruc"":""20531049838"",""antiguedad_empresa"":18.0,""cmc"":100000.0,""cantidad_rubros"":3.0,""actividad_principal"":""Principal - 4100 - CONSTRUCCIÓN DE EDIFICIOS"",""penalidades_acum"":0,""sanciones_tcp_acum"":0,""estado"":""ACTIVO"",""condicion"":""HABIDO""}","{""ruc"":""20604903328"",""antiguedad_empresa"":5.0,""cmc"":300000.0,""cantidad_rubros"":3.0,""actividad_principal"":""Principal - 4100 - CONSTRUCCIÓN DE EDIFICIOS"",""penalidades_acum"":0,""sanciones_tcp_acum"":0,""estado"":""ACTIVO"",""condicion"":""HABIDO""}",,,,,,,
4728,LIMA,"1,393,121.52",15/11/2024,"{""ruc"":""20546813569"",""antiguedad_empresa"":12.0,""cmc"":100000.0,""cantidad_rubros"":2.0,""actividad_principal"":""Principal - 4390 - OTRAS ACTIVIDADES ESPECIALIZADAS DE CONSTRUCCIÓN"",""penalidades_acum"":0,""sanciones_tcp_acum"":1,""estado"":""ACTIVO"",""condicion"":""HABIDO""}","{""ruc"":""20516419572"",""antiguedad_empresa"":17.0,""cmc"":96360383.45,""cantidad_rubros"":3.0,""actividad_principal"":""Principal - 4100 - CONSTRUCCIÓN DE EDIFICIOS"",""penalidades_acum"":0,""sanciones_tcp_acum"":0,""estado"":""ACTIVO"",""condicion"":""HABIDO""}",,,,,,,
4729,LIMA,"2,230,452.30",14/11/2024,"{""ruc"":""20491358077"",""antiguedad_empresa"":14.0,""cmc"":18053437.85,""cantidad_rubros"":3.0,""actividad_principal"":""Principal - 4923 - TRANSPORTE DE CARGA POR CARRETERA"",""penalidades_acum"":0,""sanciones_tcp_acum"":0,""estado"":""ACTIVO"",""condicion"":""HABIDO""}","{""ruc"":""20611325739"",""antiguedad_empresa"":1.0,""cmc"":200000.0,""cantidad_rubros"":3.0,""actividad_principal"":""Principal - 4290 - CONSTRUCCIÓN DE OTRAS OBRAS DE INGENIERÍA CIVIL"",""penalidades_acum"":0,""sanciones_tcp_acum"":0,""estado"":""ACTIVO"",""condicion"":""HABIDO""}",,,,,,,
4730,LIMA,"1,709,615.95",13/11/2024,"{""ruc"":""20534016949"",""antiguedad_empresa"":17.0,""cmc"":30770280.07,""cantidad_rubros"":3.0,""actividad_principal"":""Principal - 4100 - CONSTRUCCIÓN DE EDIFICIOS"",""penalidades_acum"":1,""sanciones_tcp_acum"":1,""estado"":""ACTIVO"",""condicion"":""HABIDO""}",,,,,,,,
4731,LIMA,"23,268,269.07",07/11/2024,"{""ruc"":""20445200019"",""antiguedad_empresa"":23.0,""cmc"":219897733.07,""cantidad_rubros"":3.0,""actividad_principal"":""Principal - 4100 - CONSTRUCCIÓN DE EDIFICIOS"",""penalidades_acum"":0,""sanciones_tcp_acum"":0,""estado"":""ACTIVO"",""condicion"":""HABIDO""}","{""ruc"":""20600433050"",""antiguedad_empresa"":7.0,""cmc"":100000.0,""cantidad_rubros"":3.0,""actividad_principal"":""Principal - 4923 - TRANSPORTE DE CARGA POR CARRETERA"",""penalidades_acum"":0,""sanciones_tcp_acum"":0,""estado"":""ACTIVO"",""condicion"":""HABIDO""}",,,,,,,
4732,LIMA,"2,673,016.85",06/11/2024,"{""ruc"":""20600129938"",""antiguedad_empresa"":9.0,""cmc"":6811659.48,""cantidad_rubros"":1.0,""actividad_principal"":""Principal - 4390 - OTRAS ACTIVIDADES ESPECIALIZADAS DE CONSTRUCCIÓN"",""penalidades_acum"":0,""sanciones_tcp_acum"":0,""estado"":""ACTIVO"",""condicion"":""HABIDO""}","{""ruc"":""20408010498"",""antiguedad_empresa"":15.0,""cmc"":6889204.0,""cantidad_rubros"":3.0,""actividad_principal"":""Principal - 4290 - CONSTRUCCIÓN DE OTRAS OBRAS DE INGENIERÍA CIVIL"",""penalidades_acum"":0,""sanciones_tcp_acum"":0,""estado"":""ACTIVO"",""condicion"":""HABIDO""}",,,,,,,
4733,LIMA,"2,128,712.18",29/10/2024,"{""ruc"":""20534861185"",""antiguedad_empresa"":11.0,""cmc"":8059001.74,""cantidad_rubros"":3.0,""actividad_principal"":""Principal - 4100 - CONSTRUCCIÓN DE EDIFICIOS"",""penalidades_acum"":0,""sanciones_tcp_acum"":0,""estado"":""ACTIVO"",""condicion"":""HABIDO""}","{""ruc"":""20600441001"",""antiguedad_empresa"":9.0,""cmc"":1455954.42,""cantidad_rubros"":2.0,""actividad_principal"":""Principal - 4100 - CONSTRUCCIÓN DE EDIFICIOS"",""penalidades_acum"":0,""sanciones_tcp_acum"":0,""estado"":""ACTIVO"",""condicion"":""HABIDO""}",,,,,,,
4734,LIMA,"1,671,314.20",09/10/2024,"{""ruc"":""20521479991"",""antiguedad_empresa"":12.0,""cmc"":786785.5,""cantidad_rubros"":3.0,""actividad_principal"":""Principal - 4390 - OTRAS ACTIVIDADES ESPECIALIZADAS DE CONSTRUCCIÓN"",""penalidades_acum"":0,""sanciones_tcp_acum"":0,""estado"":""ACTIVO"",""condicion"":""HABIDO""}","{""ruc"":""20537185661"",""antiguedad_empresa"":13.0,""cmc"":33085392.54,""cantidad_rubros"":3.0,""actividad_principal"":""Principal - 4390 - OTRAS ACTIVIDADES ESPECIALIZADAS DE CONSTRUCCIÓN"",""penalidades_acum"":0,""sanciones_tcp_acum"":0,""estado"":""ACTIVO"",""condicion"":""HABIDO""}",,,,,,,
4735,LIMA,"1,954,201.92",03/10/2024,"{""ruc"":""20543604951"",""antiguedad_empresa"":13.0,""cmc"":219229.83,""cantidad_rubros"":3.0,""actividad_principal"":""Principal - 4220 - CONSTRUCCIÓN DE PROYECTOS DE SERVICIO PÚBLICO"",""penalidades_acum"":0,""sanciones_tcp_acum"":1,""estado"":""ACTIVO"",""condicion"":""HABIDO""}","{""ruc"":""20502496035"",""antiguedad_empresa"":23.0,""cmc"":24505152.09,""cantidad_rubros"":3.0,""actividad_principal"":""Principal - 4390 - OTRAS ACTIVIDADES ESPECIALIZADAS DE CONSTRUCCIÓN"",""penalidades_acum"":0,""sanciones_tcp_acum"":0,""estado"":""ACTIVO"",""condicion"":""HABIDO""}",,,,,,,
4736,LIMA,"1,821,254.07",03/10/2024,"{""ruc"":""20393667894"",""antiguedad_empresa"":13.0,""cmc"":32380654.84,""cantidad_rubros"":3.0,""actividad_principal"":""Principal - 7730 - ALQUILER Y ARRENDAMIENTO DE OTROS TIPOS DE MAQUINARIA, EQUIPO Y BIENES TANGIBLES"",""penalidades_acum"":0,""sanciones_tcp_acum"":1,""estado"":""ACTIVO"",""condicion"":""HABIDO""}","{""ruc"":""20608472208"",""antiguedad_empresa"":3.0,""cmc"":100000.0,""cantidad_rubros"":3.0,""actividad_principal"":""Principal - 4100 - CONSTRUCCIÓN DE EDIFICIOS"",""penalidades_acum"":0,""sanciones_tcp_acum"":0,""estado"":""ACTIVO"",""condicion"":""HABIDO""}",,,,,,,
4737,LIMA,"14,710,743.23",27/09/2024,"{""ruc"":""20534002646"",""antiguedad_empresa"":6.0,""cmc"":15775905.9,""cantidad_rubros"":3.0,""actividad_principal"":""Principal - 4210 - CONSTRUCCIÓN DE CARRETERAS Y VÍAS DE FERROCARRIL"",""penalidades_acum"":0,""sanciones_tcp_acum"":0,""estado"":""ACTIVO"",""condicion"":""HABIDO""}","{""ruc"":""20531065019"",""antiguedad_empresa"":17.0,""cmc"":100000.0,""cantidad_rubros"":3.0,""actividad_principal"":""Principal - 4663 - VENTA AL POR MAYOR DE MATERIALES DE CONSTRUCCIÓN, ARTÍCULOS DE FERRETERÍA Y EQUIPO Y MATERIALES DE FONTANERÍA Y CALEFACCIÓN"",""penalidades_acum"":0,""sanciones_tcp_acum"":0,""estado"":""ACTIVO"",""condicion"":""HABIDO""}","{""ruc"":""20604421633"",""antiguedad_empresa"":5.0,""cmc"":100000.0,""cantidad_rubros"":3.0,""actividad_principal"":""Principal - 4923 - TRANSPORTE DE CARGA POR CARRETERA"",""penalidades_acum"":0,""sanciones_tcp_acum"":0,""estado"":""ACTIVO"",""condicion"":""HABIDO""}",,,,,,
4738,LIMA,"1,808,222.77",27/09/2024,"{""ruc"":""20486976404"",""antiguedad_empresa"":15.0,""cmc"":100000.0,""cantidad_rubros"":3.0,""actividad_principal"":""Principal - 4663 - VENTA AL POR MAYOR DE MATERIALES DE CONSTRUCCIÓN, ARTÍCULOS DE FERRETERÍA Y EQUIPO Y MATERIALES DE FONTANERÍA Y CALEFACCIÓN"",""penalidades_acum"":0,""sanciones_tcp_acum"":0,""estado"":""ACTIVO"",""condicion"":""HABIDO""}","{""ruc"":""20568778198"",""antiguedad_empresa"":11.0,""cmc"":15090757.69,""cantidad_rubros"":3.0,""actividad_principal"":""Principal - 4390 - OTRAS ACTIVIDADES ESPECIALIZADAS DE CONSTRUCCIÓN"",""penalidades_acum"":0,""sanciones_tcp_acum"":1,""estado"":""ACTIVO"",""condicion"":""HABIDO""}",,,,,,,
4739,LIMA,"2,570,066.75",25/09/2024,"{""ruc"":""20601597773"",""antiguedad_empresa"":7.0,""cmc"":24814379.46,""cantidad_rubros"":3.0,""actividad_principal"":""Principal - 4100 - CONSTRUCCIÓN DE EDIFICIOS"",""penalidades_acum"":0,""sanciones_tcp_acum"":0,""estado"":""ACTIVO"",""condicion"":""HABIDO""}",,,,,,,,
4740,LIMA,"2,251,688.92",25/09/2024,"{""ruc"":""20603234279"",""antiguedad_empresa"":3.0,""cmc"":7907204.63,""cantidad_rubros"":3.0,""actividad_principal"":""Principal - 4100 - CONSTRUCCIÓN DE EDIFICIOS"",""penalidades_acum"":0,""sanciones_tcp_acum"":0,""estado"":""ACTIVO"",""condicion"":""HABIDO""}","{""ruc"":""20533652213"",""antiguedad_empresa"":11.0,""cmc"":91303714.42,""cantidad_rubros"":3.0,""actividad_principal"":""Principal - 4210 - CONSTRUCCIÓN DE CARRETERAS Y VÍAS DE FERROCARRIL"",""penalidades_acum"":0,""sanciones_tcp_acum"":0,""estado"":""ACTIVO"",""condicion"":""HABIDO""}",,,,,,,
4741,LIMA,"15,991,428.13",24/09/2024,"{""ruc"":""20561206539"",""antiguedad_empresa"":10.0,""cmc"":555064.6,""cantidad_rubros"":3.0,""actividad_principal"":""Principal - 4100 - CONSTRUCCIÓN DE EDIFICIOS"",""penalidades_acum"":0,""sanciones_tcp_acum"":0,""estado"":""ACTIVO"",""condicion"":""HABIDO""}","{""ruc"":""20529202998"",""antiguedad_empresa"":13.0,""cmc"":49791999.33,""cantidad_rubros"":3.0,""actividad_principal"":""Principal - 4210 - CONSTRUCCIÓN DE CARRETERAS Y VÍAS DE FERROCARRIL"",""penalidades_acum"":0,""sanciones_tcp_acum"":0,""estado"":""ACTIVO"",""condicion"":""HABIDO""}",,,,,,,
4742,LIMA,"826,546.11",24/09/2024,"{""ruc"":""20609067552"",""antiguedad_empresa"":2.0,""cmc"":3150030938.7,""cantidad_rubros"":2.0,""actividad_principal"":""Principal - 4210 - CONSTRUCCIÓN DE CARRETERAS Y VÍAS DE FERROCARRIL"",""penalidades_acum"":0,""sanciones_tcp_acum"":0,""estado"":""ACTIVO"",""condicion"":""HABIDO""}","{""ruc"":""20542059291"",""antiguedad_empresa"":14.0,""cmc"":28388505.22,""cantidad_rubros"":3.0,""actividad_principal"":""Principal - 4100 - CONSTRUCCIÓN DE EDIFICIOS"",""penalidades_acum"":0,""sanciones_tcp_acum"":0,""estado"":""ACTIVO"",""condicion"":""HABIDO""}",,,,,,,
4743,LIMA,"2,519,638.71",23/09/2024,"{""ruc"":""20606580437"",""antiguedad_empresa"":4.0,""cmc"":687346.7,""cantidad_rubros"":2.0,""actividad_principal"":""Principal - 4100 - CONSTRUCCIÓN DE EDIFICIOS"",""penalidades_acum"":0,""sanciones_tcp_acum"":0,""estado"":""ACTIVO"",""condicion"":""HABIDO""}","{""ruc"":""20486743302"",""antiguedad_empresa"":16.0,""cmc"":28933255.05,""cantidad_rubros"":3.0,""actividad_principal"":""Principal - 4290 - CONSTRUCCIÓN DE OTRAS OBRAS DE INGENIERÍA CIVIL"",""penalidades_acum"":0,""sanciones_tcp_acum"":1,""estado"":""ACTIVO"",""condicion"":""HABIDO""}",,,,,,,
4744,LIMA,"413,474.24",19/09/2024,"{""ruc"":""20482435417"",""antiguedad_empresa"":14.0,""cmc"":3812352.24,""cantidad_rubros"":3.0,""actividad_principal"":""Principal - 4100 - CONSTRUCCIÓN DE EDIFICIOS"",""penalidades_acum"":0,""sanciones_tcp_acum"":0,""estado"":""ACTIVO"",""condicion"":""HABIDO""}",,,,,,,,
4745,LIMA,"2,031,400.53",18/09/2024,"{""ruc"":""20514405442"",""antiguedad_empresa"":18.0,""cmc"":55545810.7,""cantidad_rubros"":3.0,""actividad_principal"":""Principal - 4100 - CONSTRUCCIÓN DE EDIFICIOS"",""penalidades_acum"":0,""sanciones_tcp_acum"":0,""estado"":""ACTIVO"",""condicion"":""HABIDO""}",,,,,,,,
4746,LIMA,"2,488,843.15",13/09/2024,"{""ruc"":""20481456712"",""antiguedad_empresa"":18.0,""cmc"":100000.0,""cantidad_rubros"":3.0,""actividad_principal"":""Principal - 4210 - CONSTRUCCIÓN DE CARRETERAS Y VÍAS DE FERROCARRIL"",""penalidades_acum"":0,""sanciones_tcp_acum"":0,""estado"":""ACTIVO"",""condicion"":""HABIDO""}",,,,,,,,
4747,LIMA,"1,681,190.18",13/09/2024,"{""ruc"":""20298049822"",""antiguedad_empresa"":0.0,""cmc"":81031841.2,""cantidad_rubros"":1.0,""actividad_principal"":""Principal - 4390 - OTRAS ACTIVIDADES ESPECIALIZADAS DE CONSTRUCCIÓN"",""penalidades_acum"":0,""sanciones_tcp_acum"":0,""estado"":""ACTIVO"",""condicion"":""HABIDO""}",,,,,,,,
4748,LIMA,"1,240,931.78",10/09/2024,"{""ruc"":""20603234279"",""antiguedad_empresa"":3.0,""cmc"":7907204.63,""cantidad_rubros"":3.0,""actividad_principal"":""Principal - 4100 - CONSTRUCCIÓN DE EDIFICIOS"",""penalidades_acum"":0,""sanciones_tcp_acum"":0,""estado"":""ACTIVO"",""condicion"":""HABIDO""}","{""ruc"":""20533652213"",""antiguedad_empresa"":11.0,""cmc"":91303714.42,""cantidad_rubros"":3.0,""actividad_principal"":""Principal - 4210 - CONSTRUCCIÓN DE CARRETERAS Y VÍAS DE FERROCARRIL"",""penalidades_acum"":0,""sanciones_tcp_acum"":0,""estado"":""ACTIVO"",""condicion"":""HABIDO""}",,,,,,,
4749,LIMA,"3,916,070.86",03/09/2024,"{""ruc"":""20601324491"",""antiguedad_empresa"":1.0,""cmc"":17449611.71,""cantidad_rubros"":1.0,""actividad_principal"":""Principal - 4100 - CONSTRUCCIÓN DE EDIFICIOS"",""penalidades_acum"":0,""sanciones_tcp_acum"":1,""estado"":""ACTIVO"",""condicion"":""HABIDO""}","{""ruc"":""20559507769"",""antiguedad_empresa"":5.0,""cmc"":100000.0,""cantidad_rubros"":3.0,""actividad_principal"":""Principal - 4220 - CONSTRUCCIÓN DE PROYECTOS DE SERVICIO PÚBLICO"",""penalidades_acum"":0,""sanciones_tcp_acum"":0,""estado"":""ACTIVO"",""condicion"":""HABIDO""}",,,,,,,
4750,LIMA,"11,050,794.08",16/08/2024,"{""ruc"":""20515485318"",""antiguedad_empresa"":17.0,""cmc"":100000.0,""cantidad_rubros"":3.0,""actividad_principal"":""Principal - 4390 - OTRAS ACTIVIDADES ESPECIALIZADAS DE CONSTRUCCIÓN"",""penalidades_acum"":0,""sanciones_tcp_acum"":0,""estado"":""ACTIVO"",""condicion"":""HABIDO""}","{""ruc"":""20533974415"",""antiguedad_empresa"":17.0,""cmc"":49440000.0,""cantidad_rubros"":3.0,""actividad_principal"":""Principal - 4100 - CONSTRUCCIÓN DE EDIFICIOS"",""penalidades_acum"":0,""sanciones_tcp_acum"":0,""estado"":""ACTIVO"",""condicion"":""HABIDO""}",,,,,,,
4751,LIMA,"2,461,209.67",26/07/2024,"{""ruc"":""20534179571"",""antiguedad_empresa"":16.0,""cmc"":40056013.04,""cantidad_rubros"":3.0,""actividad_principal"":""Principal - 4100 - CONSTRUCCIÓN DE EDIFICIOS"",""penalidades_acum"":0,""sanciones_tcp_acum"":0,""estado"":""ACTIVO"",""condicion"":""HABIDO""}",,,,,,,,
4752,LIMA,"4,982,111.65",25/07/2024,"{""ruc"":""20602480357"",""antiguedad_empresa"":7.0,""cmc"":400000.0,""cantidad_rubros"":3.0,""actividad_principal"":""Principal - 7110 - ACTIVIDADES DE ARQUITECTURA E INGENIERÍA Y ACTIVIDADES CONEXAS DE CONSULTORÍA TÉCNICA"",""penalidades_acum"":0,""sanciones_tcp_acum"":0,""estado"":""ACTIVO"",""condicion"":""HABIDO""}","{""ruc"":""20533652213"",""antiguedad_empresa"":11.0,""cmc"":91303714.42,""cantidad_rubros"":3.0,""actividad_principal"":""Principal - 4210 - CONSTRUCCIÓN DE CARRETERAS Y VÍAS DE FERROCARRIL"",""penalidades_acum"":0,""sanciones_tcp_acum"":0,""estado"":""ACTIVO"",""condicion"":""HABIDO""}",,,,,,,
4753,LIMA,"4,426,976.16",22/07/2024,"{""ruc"":""20506003351"",""antiguedad_empresa"":21.0,""cmc"":2980477487.02,""cantidad_rubros"":3.0,""actividad_principal"":""Principal - 4100 - CONSTRUCCIÓN DE EDIFICIOS"",""penalidades_acum"":4,""sanciones_tcp_acum"":5,""estado"":""ACTIVO"",""condicion"":""HABIDO""}",,,,,,,,
4754,LIMA,"4,699,790.44",19/07/2024,"{""ruc"":""20489536979"",""antiguedad_empresa"":17.0,""cmc"":99122010.24,""cantidad_rubros"":3.0,""actividad_principal"":""Principal - 7110 - ACTIVIDADES DE ARQUITECTURA E INGENIERÍA Y ACTIVIDADES CONEXAS DE CONSULTORÍA TÉCNICA"",""penalidades_acum"":2,""sanciones_tcp_acum"":0,""estado"":""ACTIVO"",""condicion"":""HABIDO""}","{""ruc"":""20600813804"",""antiguedad_empresa"":9.0,""cmc"":100000.0,""cantidad_rubros"":3.0,""actividad_principal"":""Principal - 4390 - OTRAS ACTIVIDADES ESPECIALIZADAS DE CONSTRUCCIÓN"",""penalidades_acum"":0,""sanciones_tcp_acum"":0,""estado"":""ACTIVO"",""condicion"":""HABIDO""}",,,,,,,
4755,LIMA,"2,031,400.52",02/07/2024,"{""ruc"":""20486743302"",""antiguedad_empresa"":16.0,""cmc"":28933255.05,""cantidad_rubros"":3.0,""actividad_principal"":""Principal - 4290 - CONSTRUCCIÓN DE OTRAS OBRAS DE INGENIERÍA CIVIL"",""penalidades_acum"":0,""sanciones_tcp_acum"":1,""estado"":""ACTIVO"",""condicion"":""HABIDO""}","{""ruc"":""20541546660"",""antiguedad_empresa"":13.0,""cmc"":100000.0,""cantidad_rubros"":2.0,""actividad_principal"":""Principal - 4100 - CONSTRUCCIÓN DE EDIFICIOS"",""penalidades_acum"":0,""sanciones_tcp_acum"":0,""estado"":""ACTIVO"",""condicion"":""HABIDO""}",,,,,,,
4756,LIMA,"6,197,044.84",01/07/2024,"{""ruc"":""20604421633"",""antiguedad_empresa"":5.0,""cmc"":100000.0,""cantidad_rubros"":3.0,""actividad_principal"":""Principal - 4923 - TRANSPORTE DE CARGA POR CARRETERA"",""penalidades_acum"":0,""sanciones_tcp_acum"":0,""estado"":""ACTIVO"",""condicion"":""HABIDO""}","{""ruc"":""20603812388"",""antiguedad_empresa"":6.0,""cmc"":13849971.84,""cantidad_rubros"":3.0,""actividad_principal"":""Principal - 0990 - ACTIVIDADES DE APOYO PARA OTRAS ACTIVIDADES DE EXPLOTACIÓN DE MINAS Y CANTERAS"",""penalidades_acum"":0,""sanciones_tcp_acum"":0,""estado"":""ACTIVO"",""condicion"":""HABIDO""}",,,,,,,
4757,LIMA,"8,750,828.34",24/06/2024,"{""ruc"":""20523386469"",""antiguedad_empresa"":15.0,""cmc"":161957529.86,""cantidad_rubros"":3.0,""actividad_principal"":""Principal - 4100 - CONSTRUCCIÓN DE EDIFICIOS"",""penalidades_acum"":1,""sanciones_tcp_acum"":0,""estado"":""ACTIVO"",""condicion"":""HABIDO""}","{""ruc"":""20600433050"",""antiguedad_empresa"":7.0,""cmc"":100000.0,""cantidad_rubros"":3.0,""actividad_principal"":""Principal - 4923 - TRANSPORTE DE CARGA POR CARRETERA"",""penalidades_acum"":0,""sanciones_tcp_acum"":0,""estado"":""ACTIVO"",""condicion"":""HABIDO""}",,,,,,,
4758,LIMA,"968,493.74",20/06/2024,"{""ruc"":""20602932771"",""antiguedad_empresa"":6.0,""cmc"":100000.0,""cantidad_rubros"":3.0,""actividad_principal"":""Principal - 4100 - CONSTRUCCIÓN DE EDIFICIOS"",""penalidades_acum"":0,""sanciones_tcp_acum"":0,""estado"":""ACTIVO"",""condicion"":""NO HABIDO""}","{""ruc"":""20531857381"",""antiguedad_empresa"":6.0,""cmc"":8008118.83,""cantidad_rubros"":3.0,""actividad_principal"":""Principal - 4100 - CONSTRUCCIÓN DE EDIFICIOS"",""penalidades_acum"":0,""sanciones_tcp_acum"":0,""estado"":""ACTIVO"",""condicion"":""HABIDO""}",,,,,,,
4759,LIMA,"807,981.64",19/06/2024,"{""ruc"":""20600373871"",""antiguedad_empresa"":9.0,""cmc"":100000.0,""cantidad_rubros"":3.0,""actividad_principal"":""Principal - 4100 - CONSTRUCCIÓN DE EDIFICIOS"",""penalidades_acum"":0,""sanciones_tcp_acum"":1,""estado"":""ACTIVO"",""condicion"":""NO HABIDO""}","{""ruc"":""20542059291"",""antiguedad_empresa"":14.0,""cmc"":28388505.22,""cantidad_rubros"":3.0,""actividad_principal"":""Principal - 4100 - CONSTRUCCIÓN DE EDIFICIOS"",""penalidades_acum"":0,""sanciones_tcp_acum"":0,""estado"":""ACTIVO"",""condicion"":""HABIDO""}",,,,,,,
4760,LIMA,"1,399,191.40",17/06/2024,"{""ruc"":""20542191059"",""antiguedad_empresa"":13.0,""cmc"":163445326.5,""cantidad_rubros"":3.0,""actividad_principal"":""Principal - 4290 - CONSTRUCCIÓN DE OTRAS OBRAS DE INGENIERÍA CIVIL"",""penalidades_acum"":1,""sanciones_tcp_acum"":0,""estado"":""ACTIVO"",""condicion"":""HABIDO""}","{""ruc"":""20604488681"",""antiguedad_empresa"":5.0,""cmc"":100000.0,""cantidad_rubros"":3.0,""actividad_principal"":""Principal - 4100 - CONSTRUCCIÓN DE EDIFICIOS"",""penalidades_acum"":0,""sanciones_tcp_acum"":0,""estado"":""ACTIVO"",""condicion"":""HABIDO""}",,,,,,,
4761,LIMA,"19,508,893.63",11/06/2024,"{""ruc"":""20571395283"",""antiguedad_empresa"":12.0,""cmc"":60678436.15,""cantidad_rubros"":3.0,""actividad_principal"":""Principal - 4100 - CONSTRUCCIÓN DE EDIFICIOS"",""penalidades_acum"":0,""sanciones_tcp_acum"":0,""estado"":""ACTIVO"",""condicion"":""HABIDO""}","{""ruc"":""20600615581"",""antiguedad_empresa"":9.0,""cmc"":100000.0,""cantidad_rubros"":3.0,""actividad_principal"":""Principal - 4100 - CONSTRUCCIÓN DE EDIFICIOS"",""penalidades_acum"":0,""sanciones_tcp_acum"":0,""estado"":""ACTIVO"",""condicion"":""HABIDO""}",,,,,,,
4762,LIMA,"2,074,970.92",10/06/2024,"{""ruc"":""20568778198"",""antiguedad_empresa"":11.0,""cmc"":15090757.69,""cantidad_rubros"":3.0,""actividad_principal"":""Principal - 4390 - OTRAS ACTIVIDADES ESPECIALIZADAS DE CONSTRUCCIÓN"",""penalidades_acum"":0,""sanciones_tcp_acum"":1,""estado"":""ACTIVO"",""condicion"":""HABIDO""}","{""ruc"":""20486976404"",""antiguedad_empresa"":15.0,""cmc"":100000.0,""cantidad_rubros"":3.0,""actividad_principal"":""Principal - 4663 - VENTA AL POR MAYOR DE MATERIALES DE CONSTRUCCIÓN, ARTÍCULOS DE FERRETERÍA Y EQUIPO Y MATERIALES DE FONTANERÍA Y CALEFACCIÓN"",""penalidades_acum"":0,""sanciones_tcp_acum"":0,""estado"":""ACTIVO"",""condicion"":""HABIDO""}",,,,,,,
4763,LIMA,"7,934,813.61",30/05/2024,"{""ruc"":""20514405442"",""antiguedad_empresa"":18.0,""cmc"":55545810.7,""cantidad_rubros"":3.0,""actividad_principal"":""Principal - 4100 - CONSTRUCCIÓN DE EDIFICIOS"",""penalidades_acum"":0,""sanciones_tcp_acum"":0,""estado"":""ACTIVO"",""condicion"":""HABIDO""}",,,,,,,,
4764,LIMA,"5,168,230.85",27/05/2024,"{""ruc"":""20606792752"",""antiguedad_empresa"":4.0,""cmc"":10183742.13,""cantidad_rubros"":3.0,""actividad_principal"":""Principal - 4290 - CONSTRUCCIÓN DE OTRAS OBRAS DE INGENIERÍA CIVIL"",""penalidades_acum"":0,""sanciones_tcp_acum"":0,""estado"":""ACTIVO"",""condicion"":""HABIDO""}","{""ruc"":""20517785530"",""antiguedad_empresa"":17.0,""cmc"":34623696.21,""cantidad_rubros"":3.0,""actividad_principal"":""Principal - 4100 - CONSTRUCCIÓN DE EDIFICIOS"",""penalidades_acum"":1,""sanciones_tcp_acum"":0,""estado"":""ACTIVO"",""condicion"":""HABIDO""}",,,,,,,
4765,LIMA,"3,060,439.62",24/05/2024,"{""ruc"":""20552839073"",""antiguedad_empresa"":3.0,""cmc"":36312594.55,""cantidad_rubros"":3.0,""actividad_principal"":""Principal - 4220 - CONSTRUCCIÓN DE PROYECTOS DE SERVICIO PÚBLICO"",""penalidades_acum"":0,""sanciones_tcp_acum"":0,""estado"":""ACTIVO"",""condicion"":""HABIDO""}",,,,,,,,
4766,LIMA,"1,250,829.54",17/05/2024,"{""ruc"":""20489739900"",""antiguedad_empresa"":15.0,""cmc"":500000.0,""cantidad_rubros"":3.0,""actividad_principal"":""Principal - 4100 - CONSTRUCCIÓN DE EDIFICIOS"",""penalidades_acum"":0,""sanciones_tcp_acum"":0,""estado"":""ACTIVO"",""condicion"":""HABIDO""}","{""ruc"":""20601831717"",""antiguedad_empresa"":7.0,""cmc"":11039946.47,""cantidad_rubros"":3.0,""actividad_principal"":""Principal - 4100 - CONSTRUCCIÓN DE EDIFICIOS"",""penalidades_acum"":0,""sanciones_tcp_acum"":0,""estado"":""ACTIVO"",""condicion"":""HABIDO""}",,,,,,,
4767,LIMA,"56,768,649.20",10/05/2024,"{""ruc"":""20489304687"",""antiguedad_empresa"":12.0,""cmc"":100000.0,""cantidad_rubros"":3.0,""actividad_principal"":""Principal - 4100 - CONSTRUCCIÓN DE EDIFICIOS"",""penalidades_acum"":0,""sanciones_tcp_acum"":0,""estado"":""ACTIVO"",""condicion"":""NO HABIDO""}","{""ruc"":""20529066521"",""antiguedad_empresa"":14.0,""cmc"":120813293.51,""cantidad_rubros"":3.0,""actividad_principal"":""Principal - 4923 - TRANSPORTE DE CARGA POR CARRETERA"",""penalidades_acum"":0,""sanciones_tcp_acum"":0,""estado"":""ACTIVO"",""condicion"":""HABIDO""}",,,,,,,
4768,LIMA,"2,461,209.67",09/05/2024,"{""ruc"":""20514405442"",""antiguedad_empresa"":18.0,""cmc"":55545810.7,""cantidad_rubros"":3.0,""actividad_principal"":""Principal - 4100 - CONSTRUCCIÓN DE EDIFICIOS"",""penalidades_acum"":0,""sanciones_tcp_acum"":0,""estado"":""ACTIVO"",""condicion"":""HABIDO""}",,,,,,,,
4769,LIMA,"1,557,189.08",08/05/2024,"{""ruc"":""20603234279"",""antiguedad_empresa"":3.0,""cmc"":7907204.63,""cantidad_rubros"":3.0,""actividad_principal"":""Principal - 4100 - CONSTRUCCIÓN DE EDIFICIOS"",""penalidades_acum"":0,""sanciones_tcp_acum"":0,""estado"":""ACTIVO"",""condicion"":""HABIDO""}","{""ruc"":""20495031137"",""antiguedad_empresa"":14.0,""cmc"":100000.0,""cantidad_rubros"":3.0,""actividad_principal"":""Principal - 4390 - OTRAS ACTIVIDADES ESPECIALIZADAS DE CONSTRUCCIÓN"",""penalidades_acum"":0,""sanciones_tcp_acum"":0,""estado"":""ACTIVO"",""condicion"":""HABIDO""}",,,,,,,
4770,LIMA,"2,589,168.43",07/05/2024,"{""ruc"":""20507991662"",""antiguedad_empresa"":4.0,""cmc"":47033522.59,""cantidad_rubros"":3.0,""actividad_principal"":""Principal - 4100 - CONSTRUCCIÓN DE EDIFICIOS"",""penalidades_acum"":0,""sanciones_tcp_acum"":0,""estado"":""ACTIVO"",""condicion"":""HABIDO""}","{""ruc"":""20605324151"",""antiguedad_empresa"":5.0,""cmc"":100000.0,""cantidad_rubros"":3.0,""actividad_principal"":""Principal - 7110 - ACTIVIDADES DE ARQUITECTURA E INGENIERÍA Y ACTIVIDADES CONEXAS DE CONSULTORÍA TÉCNICA"",""penalidades_acum"":0,""sanciones_tcp_acum"":0,""estado"":""ACTIVO"",""condicion"":""HABIDO""}",,,,,,,
4771,LIMA,"8,041,777.37",07/05/2024,"{""ruc"":""20549823565"",""antiguedad_empresa"":12.0,""cmc"":72696539.75,""cantidad_rubros"":2.0,""actividad_principal"":""Principal - 4290 - CONSTRUCCIÓN DE OTRAS OBRAS DE INGENIERÍA CIVIL"",""penalidades_acum"":0,""sanciones_tcp_acum"":0,""estado"":""ACTIVO"",""condicion"":""HABIDO""}",,,,,,,,
4772,LIMA,"1,107,343.98",18/04/2024,"{""ruc"":""20481456712"",""antiguedad_empresa"":18.0,""cmc"":100000.0,""cantidad_rubros"":3.0,""actividad_principal"":""Principal - 4210 - CONSTRUCCIÓN DE CARRETERAS Y VÍAS DE FERROCARRIL"",""penalidades_acum"":0,""sanciones_tcp_acum"":0,""estado"":""ACTIVO"",""condicion"":""HABIDO""}",,,,,,,,
4773,LIMA,"1,451,677.70",02/04/2024,"{""ruc"":""20502496035"",""antiguedad_empresa"":23.0,""cmc"":24505152.09,""cantidad_rubros"":3.0,""actividad_principal"":""Principal - 4390 - OTRAS ACTIVIDADES ESPECIALIZADAS DE CONSTRUCCIÓN"",""penalidades_acum"":0,""sanciones_tcp_acum"":0,""estado"":""ACTIVO"",""condicion"":""HABIDO""}","{""ruc"":""20600441001"",""antiguedad_empresa"":9.0,""cmc"":1455954.42,""cantidad_rubros"":2.0,""actividad_principal"":""Principal - 4100 - CONSTRUCCIÓN DE EDIFICIOS"",""penalidades_acum"":0,""sanciones_tcp_acum"":0,""estado"":""ACTIVO"",""condicion"":""HABIDO""}",,,,,,,
4774,LIMA,"1,199,982.79",02/04/2024,"{""ruc"":""20502322711"",""antiguedad_empresa"":23.0,""cmc"":49847654.54,""cantidad_rubros"":1.0,""actividad_principal"":""Principal - 45207 - CONSTRUCCION EDIFICIOS COMPLETOS."",""penalidades_acum"":0,""sanciones_tcp_acum"":1,""estado"":""ACTIVO"",""condicion"":""HABIDO""}","{""ruc"":""20393340208"",""antiguedad_empresa"":17.0,""cmc"":6041337.41,""cantidad_rubros"":2.0,""actividad_principal"":""Principal - 4100 - CONSTRUCCIÓN DE EDIFICIOS"",""penalidades_acum"":0,""sanciones_tcp_acum"":0,""estado"":""ACTIVO"",""condicion"":""HABIDO""}",,,,,,,
4775,LIMA,"5,788,093.59",02/04/2024,"{""ruc"":""20529202998"",""antiguedad_empresa"":13.0,""cmc"":49791999.33,""cantidad_rubros"":3.0,""actividad_principal"":""Principal - 4210 - CONSTRUCCIÓN DE CARRETERAS Y VÍAS DE FERROCARRIL"",""penalidades_acum"":0,""sanciones_tcp_acum"":0,""estado"":""ACTIVO"",""condicion"":""HABIDO""}","{""ruc"":""20495031137"",""antiguedad_empresa"":14.0,""cmc"":100000.0,""cantidad_rubros"":3.0,""actividad_principal"":""Principal - 4390 - OTRAS ACTIVIDADES ESPECIALIZADAS DE CONSTRUCCIÓN"",""penalidades_acum"":0,""sanciones_tcp_acum"":0,""estado"":""ACTIVO"",""condicion"":""HABIDO""}",,,,,,,
4776,LIMA,"4,192,581.18",15/03/2024,"{""ruc"":""20300116192"",""antiguedad_empresa"":28.0,""cmc"":100553691.92,""cantidad_rubros"":3.0,""actividad_principal"":""Principal - 4923 - TRANSPORTE DE CARGA POR CARRETERA"",""penalidades_acum"":0,""sanciones_tcp_acum"":0,""estado"":""ACTIVO"",""condicion"":""HABIDO""}","{""ruc"":""20602164986"",""antiguedad_empresa"":7.0,""cmc"":14411838.75,""cantidad_rubros"":2.0,""actividad_principal"":""Principal - 4100 - CONSTRUCCIÓN DE EDIFICIOS"",""penalidades_acum"":0,""sanciones_tcp_acum"":0,""estado"":""ACTIVO"",""condicion"":""HABIDO""}",,,,,,,
4777,LIMA,"1,060,402.69",12/03/2024,"{""ruc"":""20495031137"",""antiguedad_empresa"":14.0,""cmc"":100000.0,""cantidad_rubros"":3.0,""actividad_principal"":""Principal - 4390 - OTRAS ACTIVIDADES ESPECIALIZADAS DE CONSTRUCCIÓN"",""penalidades_acum"":0,""sanciones_tcp_acum"":0,""estado"":""ACTIVO"",""condicion"":""HABIDO""}","{""ruc"":""20603234279"",""antiguedad_empresa"":3.0,""cmc"":7907204.63,""cantidad_rubros"":3.0,""actividad_principal"":""Principal - 4100 - CONSTRUCCIÓN DE EDIFICIOS"",""penalidades_acum"":0,""sanciones_tcp_acum"":0,""estado"":""ACTIVO"",""condicion"":""HABIDO""}",,,,,,,
4778,LIMA,"817,444.23",07/02/2024,"{""ruc"":""20515422154"",""antiguedad_empresa"":17.0,""cmc"":100095766.69,""cantidad_rubros"":3.0,""actividad_principal"":""Principal - 4220 - CONSTRUCCIÓN DE PROYECTOS DE SERVICIO PÚBLICO"",""penalidades_acum"":0,""sanciones_tcp_acum"":0,""estado"":""ACTIVO"",""condicion"":""HABIDO""}","{""ruc"":""20484107239"",""antiguedad_empresa"":21.0,""cmc"":100000.0,""cantidad_rubros"":2.0,""actividad_principal"":""Principal - 4290 - CONSTRUCCIÓN DE OTRAS OBRAS DE INGENIERÍA CIVIL"",""penalidades_acum"":0,""sanciones_tcp_acum"":0,""estado"":""BAJA DE OFICIO"",""condicion"":""NO HABIDO""}",,,,,,,
4779,LIMA,"988,931.24",31/01/2024,"{""ruc"":""20514405442"",""antiguedad_empresa"":18.0,""cmc"":55545810.7,""cantidad_rubros"":3.0,""actividad_principal"":""Principal - 4100 - CONSTRUCCIÓN DE EDIFICIOS"",""penalidades_acum"":0,""sanciones_tcp_acum"":0,""estado"":""ACTIVO"",""condicion"":""HABIDO""}",,,,,,,,
5148,LORETO,"9,430,000.00",23/12/2021,"{""ruc"":""20600898800"",""antiguedad_empresa"":6.0,""cmc"":100000.0,""cantidad_rubros"":3.0,""actividad_principal"":""Principal - 4923 - TRANSPORTE DE CARGA POR CARRETERA"",""penalidades_acum"":0,""sanciones_tcp_acum"":0,""estado"":""ACTIVO"",""condicion"":""HABIDO""}","{""ruc"":""20528115897"",""antiguedad_empresa"":13.0,""cmc"":653125769.72,""cantidad_rubros"":3.0,""actividad_principal"":""Principal - 4220 - CONSTRUCCIÓN DE PROYECTOS DE SERVICIO PÚBLICO"",""penalidades_acum"":0,""sanciones_tcp_acum"":0,""estado"":""ACTIVO"",""condicion"":""HABIDO""}",,,,,,,
5149,LORETO,"610,700.00",17/12/2021,"{""ruc"":""20541181556"",""antiguedad_empresa"":9.0,""cmc"":24757992.4,""cantidad_rubros"":3.0,""actividad_principal"":""Principal - 4100 - CONSTRUCCIÓN DE EDIFICIOS"",""penalidades_acum"":0,""sanciones_tcp_acum"":0,""estado"":""ACTIVO"",""condicion"":""HABIDO""}",,,,,,,,
5150,LORETO,"1,096,173.84",16/12/2021,"{""ruc"":""20541181556"",""antiguedad_empresa"":9.0,""cmc"":24757992.4,""cantidad_rubros"":3.0,""actividad_principal"":""Principal - 4100 - CONSTRUCCIÓN DE EDIFICIOS"",""penalidades_acum"":0,""sanciones_tcp_acum"":0,""estado"":""ACTIVO"",""condicion"":""HABIDO""}",,,,,,,,
5151,LORETO,"11,677,923.37",23/11/2021,"{""ruc"":""20393633990"",""antiguedad_empresa"":11.0,""cmc"":391155488.48,""cantidad_rubros"":2.0,""actividad_principal"":""Principal - 4100 - CONSTRUCCIÓN DE EDIFICIOS"",""penalidades_acum"":0,""sanciones_tcp_acum"":0,""estado"":""ACTIVO"",""condicion"":""HABIDO""}",,,,,,,,
5152,LORETO,"1,099,074.83",19/11/2021,"{""ruc"":""20531396635"",""antiguedad_empresa"":18.0,""cmc"":100000.0,""cantidad_rubros"":3.0,""actividad_principal"":""Principal - 4100 - CONSTRUCCIÓN DE EDIFICIOS"",""penalidades_acum"":0,""sanciones_tcp_acum"":0,""estado"":""ACTIVO"",""condicion"":""HABIDO""}","{""ruc"":""10053878488"",""antiguedad_empresa"":15.0,""cmc"":100000.0,""cantidad_rubros"":3.0,""actividad_principal"":""Principal - 4390 - OTRAS ACTIVIDADES ESPECIALIZADAS DE CONSTRUCCIÓN"",""penalidades_acum"":0,""sanciones_tcp_acum"":1,""estado"":""ACTIVO"",""condicion"":""HABIDO""}",,,,,,,
5153,LORETO,"41,400,000.00",27/10/2021,"{""ruc"":""20528115897"",""antiguedad_empresa"":13.0,""cmc"":653125769.72,""cantidad_rubros"":3.0,""actividad_principal"":""Principal - 4220 - CONSTRUCCIÓN DE PROYECTOS DE SERVICIO PÚBLICO"",""penalidades_acum"":0,""sanciones_tcp_acum"":0,""estado"":""ACTIVO"",""condicion"":""HABIDO""}",,,,,,,,
5154,LORETO,"2,250,000.00",20/08/2021,"{""ruc"":""20493748018"",""antiguedad_empresa"":13.0,""cmc"":101739812.12,""cantidad_rubros"":3.0,""actividad_principal"":""Principal - 4100 - CONSTRUCCIÓN DE EDIFICIOS"",""penalidades_acum"":0,""sanciones_tcp_acum"":0,""estado"":""ACTIVO"",""condicion"":""HABIDO""}","{""ruc"":""20567140220"",""antiguedad_empresa"":8.0,""cmc"":1163624724.74,""cantidad_rubros"":3.0,""actividad_principal"":""Principal - 4220 - CONSTRUCCIÓN DE PROYECTOS DE SERVICIO PÚBLICO"",""penalidades_acum"":0,""sanciones_tcp_acum"":0,""estado"":""ACTIVO"",""condicion"":""HABIDO""}",,,,,,,
5155,LORETO,"2,350,000.00",16/08/2021,"{""ruc"":""20567140220"",""antiguedad_empresa"":8.0,""cmc"":1163624724.74,""cantidad_rubros"":3.0,""actividad_principal"":""Principal - 4220 - CONSTRUCCIÓN DE PROYECTOS DE SERVICIO PÚBLICO"",""penalidades_acum"":0,""sanciones_tcp_acum"":0,""estado"":""ACTIVO"",""condicion"":""HABIDO""}","{""ruc"":""20601202574"",""antiguedad_empresa"":5.0,""cmc"":500000.0,""cantidad_rubros"":2.0,""actividad_principal"":""Principal - 4663 - VENTA AL POR MAYOR DE MATERIALES DE CONSTRUCCIÓN, ARTÍCULOS DE FERRETERÍA Y EQUIPO Y MATERIALES DE FONTANERÍA Y CALEFACCIÓN"",""penalidades_acum"":0,""sanciones_tcp_acum"":0,""estado"":""ACTIVO"",""condicion"":""HABIDO""}",,,,,,,
5156,LORETO,"7,114,813.94",06/07/2021,"{""ruc"":""20451375548"",""antiguedad_empresa"":20.0,""cmc"":181002554.68,""cantidad_rubros"":2.0,""actividad_principal"":""Principal - 4100 - CONSTRUCCIÓN DE EDIFICIOS"",""penalidades_acum"":0,""sanciones_tcp_acum"":0,""estado"":""ACTIVO"",""condicion"":""HABIDO""}",,,,,,,,
5157,LORETO,"31,300,000.00",08/06/2021,"{""ruc"":""20528181334"",""antiguedad_empresa"":12.0,""cmc"":156685356.99,""cantidad_rubros"":3.0,""actividad_principal"":""Principal - 4290 - CONSTRUCCIÓN DE OTRAS OBRAS DE INGENIERÍA CIVIL"",""penalidades_acum"":0,""sanciones_tcp_acum"":0,""estado"":""ACTIVO"",""condicion"":""HABIDO""}","{""ruc"":""20528255982"",""antiguedad_empresa"":12.0,""cmc"":100000.0,""cantidad_rubros"":3.0,""actividad_principal"":""Principal - 4100 - CONSTRUCCIÓN DE EDIFICIOS"",""penalidades_acum"":0,""sanciones_tcp_acum"":0,""estado"":""ACTIVO"",""condicion"":""HABIDO""}","{""ruc"":""20602078788"",""antiguedad_empresa"":4.0,""cmc"":100000.0,""cantidad_rubros"":1.0,""actividad_principal"":""Principal - 7110 - ACTIVIDADES DE ARQUITECTURA E INGENIERÍA Y ACTIVIDADES CONEXAS DE CONSULTORÍA TÉCNICA"",""penalidades_acum"":0,""sanciones_tcp_acum"":0,""estado"":""ACTIVO"",""condicion"":""HABIDO""}",,,,,,
5158,LORETO,"2,132,192.69",11/05/2021,"{""ruc"":""20451375548"",""antiguedad_empresa"":20.0,""cmc"":181002554.68,""cantidad_rubros"":2.0,""actividad_principal"":""Principal - 4100 - CONSTRUCCIÓN DE EDIFICIOS"",""penalidades_acum"":0,""sanciones_tcp_acum"":0,""estado"":""ACTIVO"",""condicion"":""HABIDO""}","{""ruc"":""20528428755"",""antiguedad_empresa"":10.0,""cmc"":100000.0,""cantidad_rubros"":3.0,""actividad_principal"":""Principal - 3312 - REPARACIÓN DE MAQUINARIA"",""penalidades_acum"":0,""sanciones_tcp_acum"":0,""estado"":""ACTIVO"",""condicion"":""HABIDO""}",,,,,,,
5159,LORETO,"3,581,282.61",29/04/2021,"{""ruc"":""20393358247"",""antiguedad_empresa"":null,""cmc"":100000.0,""cantidad_rubros"":1.0,""actividad_principal"":""Principal - 4100 - CONSTRUCCIÓN DE EDIFICIOS"",""penalidades_acum"":0,""sanciones_tcp_acum"":0,""estado"":""BAJA DE OFICIO"",""condicion"":""HABIDO""}","{""ruc"":""20600114965"",""antiguedad_empresa"":6.0,""cmc"":100000.0,""cantidad_rubros"":3.0,""actividad_principal"":""Principal - 7110 - ACTIVIDADES DE ARQUITECTURA E INGENIERÍA Y ACTIVIDADES CONEXAS DE CONSULTORÍA TÉCNICA"",""penalidades_acum"":0,""sanciones_tcp_acum"":1,""estado"":""ACTIVO"",""condicion"":""HABIDO""}",,,,,,,
5160,LORETO,"4,932,500.00",16/04/2021,"{""ruc"":""20493874587"",""antiguedad_empresa"":11.0,""cmc"":100000.0,""cantidad_rubros"":2.0,""actividad_principal"":""Principal - 4290 - CONSTRUCCIÓN DE OTRAS OBRAS DE INGENIERÍA CIVIL"",""penalidades_acum"":0,""sanciones_tcp_acum"":0,""estado"":""ACTIVO"",""condicion"":""HABIDO""}",,,,,,,,
5161,LORETO,"23,898,670.63",26/03/2021,"{""ruc"":""20493874587"",""antiguedad_empresa"":11.0,""cmc"":100000.0,""cantidad_rubros"":2.0,""actividad_principal"":""Principal - 4290 - CONSTRUCCIÓN DE OTRAS OBRAS DE INGENIERÍA CIVIL"",""penalidades_acum"":0,""sanciones_tcp_acum"":0,""estado"":""ACTIVO"",""condicion"":""HABIDO""}","{""ruc"":""20393633990"",""antiguedad_empresa"":11.0,""cmc"":391155488.48,""cantidad_rubros"":2.0,""actividad_principal"":""Principal - 4100 - CONSTRUCCIÓN DE EDIFICIOS"",""penalidades_acum"":0,""sanciones_tcp_acum"":0,""estado"":""ACTIVO"",""condicion"":""HABIDO""}",,,,,,,
5162,LORETO,"34,632,857.93",23/03/2021,"{""ruc"":""20528255982"",""antiguedad_empresa"":12.0,""cmc"":100000.0,""cantidad_rubros"":3.0,""actividad_principal"":""Principal - 4100 - CONSTRUCCIÓN DE EDIFICIOS"",""penalidades_acum"":0,""sanciones_tcp_acum"":0,""estado"":""ACTIVO"",""condicion"":""HABIDO""}","{""ruc"":""20493606736"",""antiguedad_empresa"":14.0,""cmc"":100000.0,""cantidad_rubros"":1.0,""actividad_principal"":""Principal - 4390 - OTRAS ACTIVIDADES ESPECIALIZADAS DE CONSTRUCCIÓN"",""penalidades_acum"":0,""sanciones_tcp_acum"":0,""estado"":""ACTIVO"",""condicion"":""HABIDO""}",,,,,,,
5163,LORETO,"9,722,359.88",22/03/2021,"{""ruc"":""20489627770"",""antiguedad_empresa"":13.0,""cmc"":100000.0,""cantidad_rubros"":3.0,""actividad_principal"":""Principal - 4663 - VENTA AL POR MAYOR DE MATERIALES DE CONSTRUCCIÓN, ARTÍCULOS DE FERRETERÍA Y EQUIPO Y MATERIALES DE FONTANERÍA Y CALEFACCIÓN"",""penalidades_acum"":0,""sanciones_tcp_acum"":8,""estado"":""SUSPENSION TEMPORAL"",""condicion"":""NO HABIDO""}","{""ruc"":""20450256243"",""antiguedad_empresa"":14.0,""cmc"":100000.0,""cantidad_rubros"":2.0,""actividad_principal"":""Principal - 7110 - ACTIVIDADES DE ARQUITECTURA E INGENIERÍA Y ACTIVIDADES CONEXAS DE CONSULTORÍA TÉCNICA"",""penalidades_acum"":1,""sanciones_tcp_acum"":2,""estado"":""BAJA DE OFICIO"",""condicion"":""HABIDO""}",,,,,,,
5164,LORETO,"9,778,766.04",17/03/2021,"{""ruc"":""20393584336"",""antiguedad_empresa"":11.0,""cmc"":113841994.84,""cantidad_rubros"":3.0,""actividad_principal"":""Principal - 4100 - CONSTRUCCIÓN DE EDIFICIOS"",""penalidades_acum"":0,""sanciones_tcp_acum"":0,""estado"":""ACTIVO"",""condicion"":""HABIDO""}",,,,,,,,
5165,LORETO,"79,683,530.71",22/02/2021,"{""ruc"":""20542531097"",""antiguedad_empresa"":9.0,""cmc"":532881551.96,""cantidad_rubros"":3.0,""actividad_principal"":""Principal - 4100 - CONSTRUCCIÓN DE EDIFICIOS"",""penalidades_acum"":0,""sanciones_tcp_acum"":0,""estado"":""ACTIVO"",""condicion"":""HABIDO""}","{""ruc"":""20489304687"",""antiguedad_empresa"":9.0,""cmc"":100000.0,""cantidad_rubros"":3.0,""actividad_principal"":""Principal - 4100 - CONSTRUCCIÓN DE EDIFICIOS"",""penalidades_acum"":0,""sanciones_tcp_acum"":0,""estado"":""ACTIVO"",""condicion"":""NO HABIDO""}","{""ruc"":""20529066521"",""antiguedad_empresa"":11.0,""cmc"":120813293.51,""cantidad_rubros"":3.0,""actividad_principal"":""Principal - 4923 - TRANSPORTE DE CARGA POR CARRETERA"",""penalidades_acum"":0,""sanciones_tcp_acum"":0,""estado"":""ACTIVO"",""condicion"":""HABIDO""}",,,,,,
5169,LORETO,"77,892,436.16",21/12/2022,"{""ruc"":""20528115897"",""antiguedad_empresa"":14.0,""cmc"":653125769.72,""cantidad_rubros"":3.0,""actividad_principal"":""Principal - 4220 - CONSTRUCCIÓN DE PROYECTOS DE SERVICIO PÚBLICO"",""penalidades_acum"":0,""sanciones_tcp_acum"":0,""estado"":""ACTIVO"",""condicion"":""HABIDO""}",,,,,,,,
5170,LORETO,"45,713,342.42",19/12/2022,"{""ruc"":""20103921288"",""antiguedad_empresa"":40.0,""cmc"":38153174.57,""cantidad_rubros"":3.0,""actividad_principal"":""Principal - 4100 - CONSTRUCCIÓN DE EDIFICIOS"",""penalidades_acum"":0,""sanciones_tcp_acum"":0,""estado"":""ACTIVO"",""condicion"":""HABIDO""}","{""ruc"":""20567140220"",""antiguedad_empresa"":9.0,""cmc"":1163624724.74,""cantidad_rubros"":3.0,""actividad_principal"":""Principal - 4220 - CONSTRUCCIÓN DE PROYECTOS DE SERVICIO PÚBLICO"",""penalidades_acum"":0,""sanciones_tcp_acum"":0,""estado"":""ACTIVO"",""condicion"":""HABIDO""}",,,,,,,
5171,LORETO,"425,163.35",12/12/2022,"{""ruc"":""20528481991"",""antiguedad_empresa"":11.0,""cmc"":100000.0,""cantidad_rubros"":3.0,""actividad_principal"":""Principal - 4100 - CONSTRUCCIÓN DE EDIFICIOS"",""penalidades_acum"":0,""sanciones_tcp_acum"":0,""estado"":""ACTIVO"",""condicion"":""HABIDO""}","{""ruc"":""20528323571"",""antiguedad_empresa"":12.0,""cmc"":2318397.23,""cantidad_rubros"":3.0,""actividad_principal"":""Principal - 4100 - CONSTRUCCIÓN DE EDIFICIOS"",""penalidades_acum"":0,""sanciones_tcp_acum"":0,""estado"":""ACTIVO"",""condicion"":""HABIDO""}",,,,,,,
5172,LORETO,"1,541,201.29",07/12/2022,"{""ruc"":""20531396635"",""antiguedad_empresa"":19.0,""cmc"":100000.0,""cantidad_rubros"":3.0,""actividad_principal"":""Principal - 4100 - CONSTRUCCIÓN DE EDIFICIOS"",""penalidades_acum"":0,""sanciones_tcp_acum"":0,""estado"":""ACTIVO"",""condicion"":""HABIDO""}",,,,,,,,
5173,LORETO,"935,875.48",29/11/2022,"{""ruc"":""20606258837"",""antiguedad_empresa"":2.0,""cmc"":100000.0,""cantidad_rubros"":3.0,""actividad_principal"":""Principal - 8690 - OTRAS ACTIVIDADES DE ATENCIÓN DE LA SALUD HUMANA"",""penalidades_acum"":0,""sanciones_tcp_acum"":0,""estado"":""ACTIVO"",""condicion"":""HABIDO""}","{""ruc"":""20528476300"",""antiguedad_empresa"":11.0,""cmc"":400000.0,""cantidad_rubros"":3.0,""actividad_principal"":""Principal - 4220 - CONSTRUCCIÓN DE PROYECTOS DE SERVICIO PÚBLICO"",""penalidades_acum"":0,""sanciones_tcp_acum"":0,""estado"":""ACTIVO"",""condicion"":""HABIDO""}",,,,,,,
5174,LORETO,"1,200,284.74",25/11/2022,"{""ruc"":""20541181556"",""antiguedad_empresa"":10.0,""cmc"":24757992.4,""cantidad_rubros"":3.0,""actividad_principal"":""Principal - 4100 - CONSTRUCCIÓN DE EDIFICIOS"",""penalidades_acum"":0,""sanciones_tcp_acum"":0,""estado"":""ACTIVO"",""condicion"":""HABIDO""}",,,,,,,,
5175,LORETO,"439,541.70",23/11/2022,"{""ruc"":""20393633990"",""antiguedad_empresa"":12.0,""cmc"":391155488.48,""cantidad_rubros"":2.0,""actividad_principal"":""Principal - 4100 - CONSTRUCCIÓN DE EDIFICIOS"",""penalidades_acum"":0,""sanciones_tcp_acum"":0,""estado"":""ACTIVO"",""condicion"":""HABIDO""}","{""ruc"":""20393644509"",""antiguedad_empresa"":8.0,""cmc"":3069902.67,""cantidad_rubros"":2.0,""actividad_principal"":""Principal - 4100 - CONSTRUCCIÓN DE EDIFICIOS"",""penalidades_acum"":0,""sanciones_tcp_acum"":0,""estado"":""ACTIVO"",""condicion"":""HABIDO""}",,,,,,,
5176,LORETO,"2,599,082.30",17/11/2022,"{""ruc"":""20572260217"",""antiguedad_empresa"":null,""cmc"":100000.0,""cantidad_rubros"":1.0,""actividad_principal"":""Principal - 4100 - CONSTRUCCIÓN DE EDIFICIOS"",""penalidades_acum"":0,""sanciones_tcp_acum"":0,""estado"":""SUSPENSION TEMPORAL"",""condicion"":""HABIDO""}","{""ruc"":""20531396635"",""antiguedad_empresa"":19.0,""cmc"":100000.0,""cantidad_rubros"":3.0,""actividad_principal"":""Principal - 4100 - CONSTRUCCIÓN DE EDIFICIOS"",""penalidades_acum"":0,""sanciones_tcp_acum"":0,""estado"":""ACTIVO"",""condicion"":""HABIDO""}",,,,,,,
5177,LORETO,"4,521,006.88",16/11/2022,"{""ruc"":""20493874587"",""antiguedad_empresa"":12.0,""cmc"":100000.0,""cantidad_rubros"":2.0,""actividad_principal"":""Principal - 4290 - CONSTRUCCIÓN DE OTRAS OBRAS DE INGENIERÍA CIVIL"",""penalidades_acum"":0,""sanciones_tcp_acum"":0,""estado"":""ACTIVO"",""condicion"":""HABIDO""}","{""ruc"":""20601740797"",""antiguedad_empresa"":6.0,""cmc"":10002304.04,""cantidad_rubros"":3.0,""actividad_principal"":""Principal - 4100 - CONSTRUCCIÓN DE EDIFICIOS"",""penalidades_acum"":0,""sanciones_tcp_acum"":0,""estado"":""ACTIVO"",""condicion"":""HABIDO""}",,,,,,,
5178,LORETO,"21,329,870.58",11/11/2022,"{""ruc"":""20393706628"",""antiguedad_empresa"":11.0,""cmc"":173647364.84,""cantidad_rubros"":2.0,""actividad_principal"":""Principal - 4100 - CONSTRUCCIÓN DE EDIFICIOS"",""penalidades_acum"":0,""sanciones_tcp_acum"":1,""estado"":""ACTIVO"",""condicion"":""HABIDO""}",,,,,,,,
5179,LORETO,"1,202,256.85",11/11/2022,"{""ruc"":""20493640322"",""antiguedad_empresa"":15.0,""cmc"":71693594.46,""cantidad_rubros"":1.0,""actividad_principal"":""Principal - 4390 - OTRAS ACTIVIDADES ESPECIALIZADAS DE CONSTRUCCIÓN"",""penalidades_acum"":0,""sanciones_tcp_acum"":0,""estado"":""ACTIVO"",""condicion"":""HABIDO""}","{""ruc"":""20608845934"",""antiguedad_empresa"":1.0,""cmc"":100000.0,""cantidad_rubros"":2.0,""actividad_principal"":""Principal - 4100 - CONSTRUCCIÓN DE EDIFICIOS"",""penalidades_acum"":0,""sanciones_tcp_acum"":0,""estado"":""ACTIVO"",""condicion"":""HABIDO""}",,,,,,,
5180,LORETO,"2,256,000.01",10/11/2022,"{""ruc"":""20351988143"",""antiguedad_empresa"":22.0,""cmc"":45601635.5,""cantidad_rubros"":1.0,""actividad_principal"":""Principal - 4390 - OTRAS ACTIVIDADES ESPECIALIZADAS DE CONSTRUCCIÓN"",""penalidades_acum"":0,""sanciones_tcp_acum"":1,""estado"":""ACTIVO"",""condicion"":""HABIDO""}",,,,,,,,
5181,LORETO,"3,768,105.40",04/11/2022,"{""ruc"":""20541243250"",""antiguedad_empresa"":10.0,""cmc"":16123667.22,""cantidad_rubros"":3.0,""actividad_principal"":""Principal - 4100 - CONSTRUCCIÓN DE EDIFICIOS"",""penalidades_acum"":0,""sanciones_tcp_acum"":0,""estado"":""ACTIVO"",""condicion"":""HABIDO""}","{""ruc"":""20493747399"",""antiguedad_empresa"":14.0,""cmc"":100000.0,""cantidad_rubros"":2.0,""actividad_principal"":""Principal - 4100 - CONSTRUCCIÓN DE EDIFICIOS"",""penalidades_acum"":0,""sanciones_tcp_acum"":0,""estado"":""ACTIVO"",""condicion"":""HABIDO""}",,,,,,,
5182,LORETO,"1,271,044.00",28/10/2022,"{""ruc"":""20392307045"",""antiguedad_empresa"":24.0,""cmc"":40137157.08,""cantidad_rubros"":3.0,""actividad_principal"":""Principal - 4390 - OTRAS ACTIVIDADES ESPECIALIZADAS DE CONSTRUCCIÓN"",""penalidades_acum"":0,""sanciones_tcp_acum"":2,""estado"":""ACTIVO"",""condicion"":""HABIDO""}","{""ruc"":""20607715425"",""antiguedad_empresa"":1.0,""cmc"":100000.0,""cantidad_rubros"":3.0,""actividad_principal"":""Principal - 4100 - CONSTRUCCIÓN DE EDIFICIOS"",""penalidades_acum"":0,""sanciones_tcp_acum"":0,""estado"":""ACTIVO"",""condicion"":""HABIDO""}",,,,,,,
5183,LORETO,"13,324,231.05",27/10/2022,"{""ruc"":""20393633990"",""antiguedad_empresa"":12.0,""cmc"":391155488.48,""cantidad_rubros"":2.0,""actividad_principal"":""Principal - 4100 - CONSTRUCCIÓN DE EDIFICIOS"",""penalidades_acum"":0,""sanciones_tcp_acum"":0,""estado"":""ACTIVO"",""condicion"":""HABIDO""}",,,,,,,,
5184,LORETO,"16,088,290.78",27/10/2022,"{""ruc"":""20528162895"",""antiguedad_empresa"":13.0,""cmc"":153214442.1,""cantidad_rubros"":3.0,""actividad_principal"":""Principal - 4390 - OTRAS ACTIVIDADES ESPECIALIZADAS DE CONSTRUCCIÓN"",""penalidades_acum"":0,""sanciones_tcp_acum"":0,""estado"":""ACTIVO"",""condicion"":""HABIDO""}",,,,,,,,
5185,LORETO,"943,758.08",30/09/2022,"{""ruc"":""20567237061"",""antiguedad_empresa"":8.0,""cmc"":509283968.8,""cantidad_rubros"":2.0,""actividad_principal"":""Principal - 4100 - CONSTRUCCIÓN DE EDIFICIOS"",""penalidades_acum"":0,""sanciones_tcp_acum"":1,""estado"":""ACTIVO"",""condicion"":""HABIDO""}","{""ruc"":""20493231236"",""antiguedad_empresa"":19.0,""cmc"":100000.0,""cantidad_rubros"":1.0,""actividad_principal"":""Principal - 4390 - OTRAS ACTIVIDADES ESPECIALIZADAS DE CONSTRUCCIÓN"",""penalidades_acum"":0,""sanciones_tcp_acum"":0,""estado"":""ACTIVO"",""condicion"":""HABIDO""}",,,,,,,
5186,LORETO,"1,052,434.02",30/09/2022,"{""ruc"":""20567237061"",""antiguedad_empresa"":8.0,""cmc"":509283968.8,""cantidad_rubros"":2.0,""actividad_principal"":""Principal - 4100 - CONSTRUCCIÓN DE EDIFICIOS"",""penalidades_acum"":0,""sanciones_tcp_acum"":1,""estado"":""ACTIVO"",""condicion"":""HABIDO""}","{""ruc"":""20528481991"",""antiguedad_empresa"":11.0,""cmc"":100000.0,""cantidad_rubros"":3.0,""actividad_principal"":""Principal - 4100 - CONSTRUCCIÓN DE EDIFICIOS"",""penalidades_acum"":0,""sanciones_tcp_acum"":0,""estado"":""ACTIVO"",""condicion"":""HABIDO""}",,,,,,,
5187,LORETO,"556,821.98",29/09/2022,"{""ruc"":""20523070071"",""antiguedad_empresa"":13.0,""cmc"":14589158.88,""cantidad_rubros"":3.0,""actividad_principal"":""Principal - 4100 - CONSTRUCCIÓN DE EDIFICIOS"",""penalidades_acum"":0,""sanciones_tcp_acum"":0,""estado"":""ACTIVO"",""condicion"":""HABIDO""}","{""ruc"":""20528476300"",""antiguedad_empresa"":11.0,""cmc"":400000.0,""cantidad_rubros"":3.0,""actividad_principal"":""Principal - 4220 - CONSTRUCCIÓN DE PROYECTOS DE SERVICIO PÚBLICO"",""penalidades_acum"":0,""sanciones_tcp_acum"":0,""estado"":""ACTIVO"",""condicion"":""HABIDO""}",,,,,,,
5188,LORETO,"4,026,958.34",29/09/2022,"{""ruc"":""20567237061"",""antiguedad_empresa"":8.0,""cmc"":509283968.8,""cantidad_rubros"":2.0,""actividad_principal"":""Principal - 4100 - CONSTRUCCIÓN DE EDIFICIOS"",""penalidades_acum"":0,""sanciones_tcp_acum"":1,""estado"":""ACTIVO"",""condicion"":""HABIDO""}","{""ruc"":""20571135885"",""antiguedad_empresa"":11.0,""cmc"":202433902.0,""cantidad_rubros"":3.0,""actividad_principal"":""Principal - 4100 - CONSTRUCCIÓN DE EDIFICIOS"",""penalidades_acum"":0,""sanciones_tcp_acum"":1,""estado"":""ACTIVO"",""condicion"":""HABIDO""}",,,,,,,
5189,LORETO,"5,502,227.49",28/09/2022,"{""ruc"":""20393633990"",""antiguedad_empresa"":12.0,""cmc"":391155488.48,""cantidad_rubros"":2.0,""actividad_principal"":""Principal - 4100 - CONSTRUCCIÓN DE EDIFICIOS"",""penalidades_acum"":0,""sanciones_tcp_acum"":0,""estado"":""ACTIVO"",""condicion"":""HABIDO""}",,,,,,,,
5190,LORETO,"2,653,703.10",27/09/2022,"{""ruc"":""20567237061"",""antiguedad_empresa"":8.0,""cmc"":509283968.8,""cantidad_rubros"":2.0,""actividad_principal"":""Principal - 4100 - CONSTRUCCIÓN DE EDIFICIOS"",""penalidades_acum"":0,""sanciones_tcp_acum"":1,""estado"":""ACTIVO"",""condicion"":""HABIDO""}","{""ruc"":""20103921288"",""antiguedad_empresa"":40.0,""cmc"":38153174.57,""cantidad_rubros"":3.0,""actividad_principal"":""Principal - 4100 - CONSTRUCCIÓN DE EDIFICIOS"",""penalidades_acum"":0,""sanciones_tcp_acum"":0,""estado"":""ACTIVO"",""condicion"":""HABIDO""}",,,,,,,
5191,LORETO,"6,566,488.68",23/09/2022,"{""ruc"":""20493538633"",""antiguedad_empresa"":15.0,""cmc"":39073079.86,""cantidad_rubros"":3.0,""actividad_principal"":""Principal - 7730 - ALQUILER Y ARRENDAMIENTO DE OTROS TIPOS DE MAQUINARIA, EQUIPO Y BIENES TANGIBLES"",""penalidades_acum"":0,""sanciones_tcp_acum"":0,""estado"":""ACTIVO"",""condicion"":""HABIDO""}",,,,,,,,
5192,LORETO,"4,985,602.91",21/09/2022,"{""ruc"":""20528383808"",""antiguedad_empresa"":12.0,""cmc"":75025760.14,""cantidad_rubros"":3.0,""actividad_principal"":""Principal - 4100 - CONSTRUCCIÓN DE EDIFICIOS"",""penalidades_acum"":0,""sanciones_tcp_acum"":0,""estado"":""ACTIVO"",""condicion"":""HABIDO""}","{""ruc"":""20393633990"",""antiguedad_empresa"":12.0,""cmc"":391155488.48,""cantidad_rubros"":2.0,""actividad_principal"":""Principal - 4100 - CONSTRUCCIÓN DE EDIFICIOS"",""penalidades_acum"":0,""sanciones_tcp_acum"":0,""estado"":""ACTIVO"",""condicion"":""HABIDO""}",,,,,,,
5193,LORETO,"15,850,000.00",12/09/2022,"{""ruc"":""20528115897"",""antiguedad_empresa"":14.0,""cmc"":653125769.72,""cantidad_rubros"":3.0,""actividad_principal"":""Principal - 4220 - CONSTRUCCIÓN DE PROYECTOS DE SERVICIO PÚBLICO"",""penalidades_acum"":0,""sanciones_tcp_acum"":0,""estado"":""ACTIVO"",""condicion"":""HABIDO""}",,,,,,,,
5194,LORETO,"6,365,518.01",02/09/2022,"{""ruc"":""20450252418"",""antiguedad_empresa"":15.0,""cmc"":100000.0,""cantidad_rubros"":3.0,""actividad_principal"":""Principal - 7110 - ACTIVIDADES DE ARQUITECTURA E INGENIERÍA Y ACTIVIDADES CONEXAS DE CONSULTORÍA TÉCNICA"",""penalidades_acum"":1,""sanciones_tcp_acum"":0,""estado"":""ACTIVO"",""condicion"":""HABIDO""}","{""ruc"":""20600421353"",""antiguedad_empresa"":2.0,""cmc"":100000.0,""cantidad_rubros"":1.0,""actividad_principal"":""Principal - 4100 - CONSTRUCCIÓN DE EDIFICIOS"",""penalidades_acum"":0,""sanciones_tcp_acum"":0,""estado"":""BAJA DE OFICIO"",""condicion"":""NO HABIDO""}",,,,,,,
5195,LORETO,"59,679,472.17",12/08/2022,"{""ruc"":""20541261401"",""antiguedad_empresa"":5.0,""cmc"":833292484.74,""cantidad_rubros"":1.0,""actividad_principal"":""Principal - 4100 - CONSTRUCCIÓN DE EDIFICIOS"",""penalidades_acum"":0,""sanciones_tcp_acum"":0,""estado"":""ACTIVO"",""condicion"":""HABIDO""}","{""ruc"":""20528255982"",""antiguedad_empresa"":13.0,""cmc"":100000.0,""cantidad_rubros"":3.0,""actividad_principal"":""Principal - 4100 - CONSTRUCCIÓN DE EDIFICIOS"",""penalidades_acum"":0,""sanciones_tcp_acum"":0,""estado"":""ACTIVO"",""condicion"":""HABIDO""}",,,,,,,
5196,LORETO,"26,683,823.24",02/08/2022,"{""ruc"":""20393633990"",""antiguedad_empresa"":12.0,""cmc"":391155488.48,""cantidad_rubros"":2.0,""actividad_principal"":""Principal - 4100 - CONSTRUCCIÓN DE EDIFICIOS"",""penalidades_acum"":0,""sanciones_tcp_acum"":0,""estado"":""ACTIVO"",""condicion"":""HABIDO""}",,,,,,,,
5197,LORETO,"1,460,734.19",21/07/2022,"{""ruc"":""20531396635"",""antiguedad_empresa"":19.0,""cmc"":100000.0,""cantidad_rubros"":3.0,""actividad_principal"":""Principal - 4100 - CONSTRUCCIÓN DE EDIFICIOS"",""penalidades_acum"":0,""sanciones_tcp_acum"":0,""estado"":""ACTIVO"",""condicion"":""HABIDO""}",,,,,,,,
5198,LORETO,"2,250,245.94",28/06/2022,"{""ruc"":""20393877431"",""antiguedad_empresa"":3.0,""cmc"":4007646477.73,""cantidad_rubros"":3.0,""actividad_principal"":""Principal - 4100 - CONSTRUCCIÓN DE EDIFICIOS"",""penalidades_acum"":0,""sanciones_tcp_acum"":0,""estado"":""ACTIVO"",""condicion"":""HABIDO""}","{""ruc"":""20528457691"",""antiguedad_empresa"":11.0,""cmc"":57808025.4,""cantidad_rubros"":3.0,""actividad_principal"":""Principal - 4100 - CONSTRUCCIÓN DE EDIFICIOS"",""penalidades_acum"":0,""sanciones_tcp_acum"":0,""estado"":""ACTIVO"",""condicion"":""HABIDO""}",,,,,,,
5199,LORETO,"2,714,549.94",14/06/2022,"{""ruc"":""20493231236"",""antiguedad_empresa"":19.0,""cmc"":100000.0,""cantidad_rubros"":1.0,""actividad_principal"":""Principal - 4390 - OTRAS ACTIVIDADES ESPECIALIZADAS DE CONSTRUCCIÓN"",""penalidades_acum"":0,""sanciones_tcp_acum"":0,""estado"":""ACTIVO"",""condicion"":""HABIDO""}","{""ruc"":""20493644824"",""antiguedad_empresa"":15.0,""cmc"":100000.0,""cantidad_rubros"":3.0,""actividad_principal"":""Principal - 7730 - ALQUILER Y ARRENDAMIENTO DE OTROS TIPOS DE MAQUINARIA, EQUIPO Y BIENES TANGIBLES"",""penalidades_acum"":0,""sanciones_tcp_acum"":1,""estado"":""ACTIVO"",""condicion"":""HABIDO""}",,,,,,,
5200,LORETO,"3,555,425.07",18/05/2022,"{""ruc"":""20567237061"",""antiguedad_empresa"":8.0,""cmc"":509283968.8,""cantidad_rubros"":2.0,""actividad_principal"":""Principal - 4100 - CONSTRUCCIÓN DE EDIFICIOS"",""penalidades_acum"":0,""sanciones_tcp_acum"":1,""estado"":""ACTIVO"",""condicion"":""HABIDO""}","{""ruc"":""20103921288"",""antiguedad_empresa"":40.0,""cmc"":38153174.57,""cantidad_rubros"":3.0,""actividad_principal"":""Principal - 4100 - CONSTRUCCIÓN DE EDIFICIOS"",""penalidades_acum"":0,""sanciones_tcp_acum"":0,""estado"":""ACTIVO"",""condicion"":""HABIDO""}",,,,,,,
5201,LORETO,"11,213,864.45",06/05/2022,"{""ruc"":""20567140220"",""antiguedad_empresa"":9.0,""cmc"":1163624724.74,""cantidad_rubros"":3.0,""actividad_principal"":""Principal - 4220 - CONSTRUCCIÓN DE PROYECTOS DE SERVICIO PÚBLICO"",""penalidades_acum"":0,""sanciones_tcp_acum"":0,""estado"":""ACTIVO"",""condicion"":""HABIDO""}","{""ruc"":""20528181334"",""antiguedad_empresa"":13.0,""cmc"":156685356.99,""cantidad_rubros"":3.0,""actividad_principal"":""Principal - 4290 - CONSTRUCCIÓN DE OTRAS OBRAS DE INGENIERÍA CIVIL"",""penalidades_acum"":0,""sanciones_tcp_acum"":0,""estado"":""ACTIVO"",""condicion"":""HABIDO""}",,,,,,,
5202,LORETO,"5,845,000.00",06/05/2022,"{""ruc"":""20528115897"",""antiguedad_empresa"":14.0,""cmc"":653125769.72,""cantidad_rubros"":3.0,""actividad_principal"":""Principal - 4220 - CONSTRUCCIÓN DE PROYECTOS DE SERVICIO PÚBLICO"",""penalidades_acum"":0,""sanciones_tcp_acum"":0,""estado"":""ACTIVO"",""condicion"":""HABIDO""}",,,,,,,,
5203,LORETO,"2,030,000.00",05/05/2022,"{""ruc"":""20572123228"",""antiguedad_empresa"":8.0,""cmc"":25064063.42,""cantidad_rubros"":3.0,""actividad_principal"":""Principal - 4100 - CONSTRUCCIÓN DE EDIFICIOS"",""penalidades_acum"":0,""sanciones_tcp_acum"":0,""estado"":""ACTIVO"",""condicion"":""HABIDO""}","{""ruc"":""20450157008"",""antiguedad_empresa"":16.0,""cmc"":100000.0,""cantidad_rubros"":3.0,""actividad_principal"":""Principal - 4100 - CONSTRUCCIÓN DE EDIFICIOS"",""penalidades_acum"":0,""sanciones_tcp_acum"":2,""estado"":""BAJA PROV. POR OFICIO"",""condicion"":""HABIDO""}",,,,,,,
5204,LORETO,"5,880,550.87",22/04/2022,"{""ruc"":""20528181334"",""antiguedad_empresa"":13.0,""cmc"":156685356.99,""cantidad_rubros"":3.0,""actividad_principal"":""Principal - 4290 - CONSTRUCCIÓN DE OTRAS OBRAS DE INGENIERÍA CIVIL"",""penalidades_acum"":0,""sanciones_tcp_acum"":0,""estado"":""ACTIVO"",""condicion"":""HABIDO""}","{""ruc"":""20528383808"",""antiguedad_empresa"":12.0,""cmc"":75025760.14,""cantidad_rubros"":3.0,""actividad_principal"":""Principal - 4100 - CONSTRUCCIÓN DE EDIFICIOS"",""penalidades_acum"":0,""sanciones_tcp_acum"":0,""estado"":""ACTIVO"",""condicion"":""HABIDO""}",,,,,,,
5205,LORETO,"9,900,000.00",16/03/2022,"{""ruc"":""20529234504"",""antiguedad_empresa"":11.0,""cmc"":4086778.87,""cantidad_rubros"":2.0,""actividad_principal"":""Principal - 4100 - CONSTRUCCIÓN DE EDIFICIOS"",""penalidades_acum"":0,""sanciones_tcp_acum"":0,""estado"":""ACTIVO"",""condicion"":""HABIDO""}","{""ruc"":""20604346011"",""antiguedad_empresa"":3.0,""cmc"":131176119.87,""cantidad_rubros"":3.0,""actividad_principal"":""Principal - 0990 - ACTIVIDADES DE APOYO PARA OTRAS ACTIVIDADES DE EXPLOTACIÓN DE MINAS Y CANTERAS"",""penalidades_acum"":0,""sanciones_tcp_acum"":0,""estado"":""ACTIVO"",""condicion"":""HABIDO""}","{""ruc"":""20489747244"",""antiguedad_empresa"":13.0,""cmc"":100000.0,""cantidad_rubros"":3.0,""actividad_principal"":""Principal - 4100 - CONSTRUCCIÓN DE EDIFICIOS"",""penalidades_acum"":0,""sanciones_tcp_acum"":0,""estado"":""ACTIVO"",""condicion"":""HABIDO""}",,,,,,
5206,LORETO,"1,332,895.03",03/03/2022,"{""ruc"":""20493644824"",""antiguedad_empresa"":15.0,""cmc"":100000.0,""cantidad_rubros"":3.0,""actividad_principal"":""Principal - 7730 - ALQUILER Y ARRENDAMIENTO DE OTROS TIPOS DE MAQUINARIA, EQUIPO Y BIENES TANGIBLES"",""penalidades_acum"":0,""sanciones_tcp_acum"":1,""estado"":""ACTIVO"",""condicion"":""HABIDO""}","{""ruc"":""20103921288"",""antiguedad_empresa"":40.0,""cmc"":38153174.57,""cantidad_rubros"":3.0,""actividad_principal"":""Principal - 4100 - CONSTRUCCIÓN DE EDIFICIOS"",""penalidades_acum"":0,""sanciones_tcp_acum"":0,""estado"":""ACTIVO"",""condicion"":""HABIDO""}",,,,,,,
5207,LORETO,"1,600,000.00",25/02/2022,"{""ruc"":""20493874587"",""antiguedad_empresa"":12.0,""cmc"":100000.0,""cantidad_rubros"":2.0,""actividad_principal"":""Principal - 4290 - CONSTRUCCIÓN DE OTRAS OBRAS DE INGENIERÍA CIVIL"",""penalidades_acum"":0,""sanciones_tcp_acum"":0,""estado"":""ACTIVO"",""condicion"":""HABIDO""}","{""ruc"":""20494100429"",""antiguedad_empresa"":10.0,""cmc"":100000.0,""cantidad_rubros"":3.0,""actividad_principal"":""Principal - 4100 - CONSTRUCCIÓN DE EDIFICIOS"",""penalidades_acum"":0,""sanciones_tcp_acum"":0,""estado"":""ACTIVO"",""condicion"":""HABIDO""}",,,,,,,
5238,LORETO,"11,093,572.15",27/12/2024,"{""ruc"":""20559937691"",""antiguedad_empresa"":10.0,""cmc"":100000.0,""cantidad_rubros"":3.0,""actividad_principal"":""Principal - 4390 - OTRAS ACTIVIDADES ESPECIALIZADAS DE CONSTRUCCIÓN"",""penalidades_acum"":0,""sanciones_tcp_acum"":0,""estado"":""ACTIVO"",""condicion"":""HABIDO""}",,,,,,,,
5239,LORETO,"6,085,067.18",26/12/2024,"{""ruc"":""20493733096"",""antiguedad_empresa"":16.0,""cmc"":38703046.74,""cantidad_rubros"":3.0,""actividad_principal"":""Principal - 4390 - OTRAS ACTIVIDADES ESPECIALIZADAS DE CONSTRUCCIÓN"",""penalidades_acum"":0,""sanciones_tcp_acum"":0,""estado"":""ACTIVO"",""condicion"":""HABIDO""}","{""ruc"":""20611139684"",""antiguedad_empresa"":1.0,""cmc"":300000.0,""cantidad_rubros"":3.0,""actividad_principal"":""Principal - 4659 - VENTA AL POR MAYOR DE OTROS TIPOS DE MAQUINARIA Y EQUIPO"",""penalidades_acum"":0,""sanciones_tcp_acum"":0,""estado"":""ACTIVO"",""condicion"":""HABIDO""}",,,,,,,
5240,LORETO,"14,000,000.00",26/12/2024,"{""ruc"":""20393758423"",""antiguedad_empresa"":12.0,""cmc"":100000.0,""cantidad_rubros"":3.0,""actividad_principal"":""Principal - 4100 - CONSTRUCCIÓN DE EDIFICIOS"",""penalidades_acum"":0,""sanciones_tcp_acum"":0,""estado"":""ACTIVO"",""condicion"":""HABIDO""}","{""ruc"":""20493477405"",""antiguedad_empresa"":18.0,""cmc"":100000.0,""cantidad_rubros"":3.0,""actividad_principal"":""Principal - 4100 - CONSTRUCCIÓN DE EDIFICIOS"",""penalidades_acum"":0,""sanciones_tcp_acum"":0,""estado"":""ACTIVO"",""condicion"":""HABIDO""}","{""ruc"":""20393973669"",""antiguedad_empresa"":11.0,""cmc"":100000.0,""cantidad_rubros"":3.0,""actividad_principal"":""Principal - 4100 - CONSTRUCCIÓN DE EDIFICIOS"",""penalidades_acum"":0,""sanciones_tcp_acum"":0,""estado"":""ACTIVO"",""condicion"":""HABIDO""}",,,,,,
5241,LORETO,"4,583,869.87",26/12/2024,"{""ruc"":""20493874587"",""antiguedad_empresa"":14.0,""cmc"":100000.0,""cantidad_rubros"":2.0,""actividad_principal"":""Principal - 4290 - CONSTRUCCIÓN DE OTRAS OBRAS DE INGENIERÍA CIVIL"",""penalidades_acum"":0,""sanciones_tcp_acum"":0,""estado"":""ACTIVO"",""condicion"":""HABIDO""}","{""ruc"":""20493543122"",""antiguedad_empresa"":17.0,""cmc"":6923193.27,""cantidad_rubros"":3.0,""actividad_principal"":""Principal - 4100 - CONSTRUCCIÓN DE EDIFICIOS"",""penalidades_acum"":0,""sanciones_tcp_acum"":0,""estado"":""ACTIVO"",""condicion"":""HABIDO""}",,,,,,,
5242,LORETO,"22,357,711.60",26/12/2024,"{""ruc"":""20493537742"",""antiguedad_empresa"":17.0,""cmc"":1098458521.47,""cantidad_rubros"":3.0,""actividad_principal"":""Principal - 4390 - OTRAS ACTIVIDADES ESPECIALIZADAS DE CONSTRUCCIÓN"",""penalidades_acum"":0,""sanciones_tcp_acum"":1,""estado"":""ACTIVO"",""condicion"":""HABIDO""}","{""ruc"":""20493870751"",""antiguedad_empresa"":3.0,""cmc"":100000.0,""cantidad_rubros"":3.0,""actividad_principal"":""Principal - 4100 - CONSTRUCCIÓN DE EDIFICIOS"",""penalidades_acum"":0,""sanciones_tcp_acum"":0,""estado"":""ACTIVO"",""condicion"":""HABIDO""}",,,,,,,
5243,LORETO,"25,295,000.00",19/12/2024,"{""ruc"":""20567140220"",""antiguedad_empresa"":11.0,""cmc"":1163624724.74,""cantidad_rubros"":3.0,""actividad_principal"":""Principal - 4220 - CONSTRUCCIÓN DE PROYECTOS DE SERVICIO PÚBLICO"",""penalidades_acum"":0,""sanciones_tcp_acum"":0,""estado"":""ACTIVO"",""condicion"":""HABIDO""}","{""ruc"":""20493733096"",""antiguedad_empresa"":16.0,""cmc"":38703046.74,""cantidad_rubros"":3.0,""actividad_principal"":""Principal - 4390 - OTRAS ACTIVIDADES ESPECIALIZADAS DE CONSTRUCCIÓN"",""penalidades_acum"":0,""sanciones_tcp_acum"":0,""estado"":""ACTIVO"",""condicion"":""HABIDO""}",,,,,,,
5244,LORETO,"130,535,000.00",13/12/2024,"{""ruc"":""20528115897"",""antiguedad_empresa"":16.0,""cmc"":653125769.72,""cantidad_rubros"":3.0,""actividad_principal"":""Principal - 4220 - CONSTRUCCIÓN DE PROYECTOS DE SERVICIO PÚBLICO"",""penalidades_acum"":0,""sanciones_tcp_acum"":0,""estado"":""ACTIVO"",""condicion"":""HABIDO""}",,,,,,,,
5245,LORETO,"6,132,617.02",12/12/2024,"{""ruc"":""20494686369"",""antiguedad_empresa"":7.0,""cmc"":122568885.39,""cantidad_rubros"":2.0,""actividad_principal"":""Principal - 4210 - CONSTRUCCIÓN DE CARRETERAS Y VÍAS DE FERROCARRIL"",""penalidades_acum"":0,""sanciones_tcp_acum"":3,""estado"":""ACTIVO"",""condicion"":""HABIDO""}","{""ruc"":""20529089571"",""antiguedad_empresa"":14.0,""cmc"":37793725.98,""cantidad_rubros"":3.0,""actividad_principal"":""Principal - 4100 - CONSTRUCCIÓN DE EDIFICIOS"",""penalidades_acum"":0,""sanciones_tcp_acum"":0,""estado"":""ACTIVO"",""condicion"":""HABIDO""}",,,,,,,
5246,LORETO,"26,875,820.24",12/12/2024,"{""ruc"":""20559937691"",""antiguedad_empresa"":10.0,""cmc"":100000.0,""cantidad_rubros"":3.0,""actividad_principal"":""Principal - 4390 - OTRAS ACTIVIDADES ESPECIALIZADAS DE CONSTRUCCIÓN"",""penalidades_acum"":0,""sanciones_tcp_acum"":0,""estado"":""ACTIVO"",""condicion"":""HABIDO""}","{""ruc"":""20493537742"",""antiguedad_empresa"":17.0,""cmc"":1098458521.47,""cantidad_rubros"":3.0,""actividad_principal"":""Principal - 4390 - OTRAS ACTIVIDADES ESPECIALIZADAS DE CONSTRUCCIÓN"",""penalidades_acum"":0,""sanciones_tcp_acum"":1,""estado"":""ACTIVO"",""condicion"":""HABIDO""}",,,,,,,
5247,LORETO,"18,026,614.00",11/12/2024,"{""ruc"":""20493747399"",""antiguedad_empresa"":16.0,""cmc"":100000.0,""cantidad_rubros"":2.0,""actividad_principal"":""Principal - 4100 - CONSTRUCCIÓN DE EDIFICIOS"",""penalidades_acum"":0,""sanciones_tcp_acum"":0,""estado"":""ACTIVO"",""condicion"":""HABIDO""}","{""ruc"":""20567140220"",""antiguedad_empresa"":11.0,""cmc"":1163624724.74,""cantidad_rubros"":3.0,""actividad_principal"":""Principal - 4220 - CONSTRUCCIÓN DE PROYECTOS DE SERVICIO PÚBLICO"",""penalidades_acum"":0,""sanciones_tcp_acum"":0,""estado"":""ACTIVO"",""condicion"":""HABIDO""}",,,,,,,
5248,LORETO,"27,238,762.74",04/12/2024,"{""ruc"":""20541261401"",""antiguedad_empresa"":7.0,""cmc"":833292484.74,""cantidad_rubros"":1.0,""actividad_principal"":""Principal - 4100 - CONSTRUCCIÓN DE EDIFICIOS"",""penalidades_acum"":0,""sanciones_tcp_acum"":0,""estado"":""ACTIVO"",""condicion"":""HABIDO""}","{""ruc"":""20528255982"",""antiguedad_empresa"":15.0,""cmc"":100000.0,""cantidad_rubros"":3.0,""actividad_principal"":""Principal - 4100 - CONSTRUCCIÓN DE EDIFICIOS"",""penalidades_acum"":0,""sanciones_tcp_acum"":0,""estado"":""ACTIVO"",""condicion"":""HABIDO""}",,,,,,,
5249,LORETO,"20,433,858.70",28/11/2024,"{""ruc"":""20493537742"",""antiguedad_empresa"":17.0,""cmc"":1098458521.47,""cantidad_rubros"":3.0,""actividad_principal"":""Principal - 4390 - OTRAS ACTIVIDADES ESPECIALIZADAS DE CONSTRUCCIÓN"",""penalidades_acum"":0,""sanciones_tcp_acum"":1,""estado"":""ACTIVO"",""condicion"":""HABIDO""}","{""ruc"":""20531396635"",""antiguedad_empresa"":21.0,""cmc"":100000.0,""cantidad_rubros"":3.0,""actividad_principal"":""Principal - 4100 - CONSTRUCCIÓN DE EDIFICIOS"",""penalidades_acum"":0,""sanciones_tcp_acum"":0,""estado"":""ACTIVO"",""condicion"":""HABIDO""}",,,,,,,
5250,LORETO,"12,457,589.99",27/11/2024,"{""ruc"":""20528149953"",""antiguedad_empresa"":16.0,""cmc"":57987242.46,""cantidad_rubros"":3.0,""actividad_principal"":""Principal - 4390 - OTRAS ACTIVIDADES ESPECIALIZADAS DE CONSTRUCCIÓN"",""penalidades_acum"":0,""sanciones_tcp_acum"":0,""estado"":""ACTIVO"",""condicion"":""HABIDO""}","{""ruc"":""20399273146"",""antiguedad_empresa"":26.0,""cmc"":100000.0,""cantidad_rubros"":3.0,""actividad_principal"":""Principal - 4390 - OTRAS ACTIVIDADES ESPECIALIZADAS DE CONSTRUCCIÓN"",""penalidades_acum"":0,""sanciones_tcp_acum"":0,""estado"":""BAJA DE OFICIO"",""condicion"":""HABIDO""}",,,,,,,
5251,LORETO,"45,677,395.00",21/11/2024,"{""ruc"":""20610618015"",""antiguedad_empresa"":1.0,""cmc"":100000.0,""cantidad_rubros"":2.0,""actividad_principal"":""Principal - 4663 - VENTA AL POR MAYOR DE MATERIALES DE CONSTRUCCIÓN, ARTÍCULOS DE FERRETERÍA Y EQUIPO Y MATERIALES DE FONTANERÍA Y CALEFACCIÓN"",""penalidades_acum"":0,""sanciones_tcp_acum"":0,""estado"":""ACTIVO"",""condicion"":""HABIDO""}","{""ruc"":""20451375548"",""antiguedad_empresa"":23.0,""cmc"":181002554.68,""cantidad_rubros"":2.0,""actividad_principal"":""Principal - 4100 - CONSTRUCCIÓN DE EDIFICIOS"",""penalidades_acum"":0,""sanciones_tcp_acum"":0,""estado"":""ACTIVO"",""condicion"":""HABIDO""}","{""ruc"":""20528181334"",""antiguedad_empresa"":15.0,""cmc"":156685356.99,""cantidad_rubros"":3.0,""actividad_principal"":""Principal - 4290 - CONSTRUCCIÓN DE OTRAS OBRAS DE INGENIERÍA CIVIL"",""penalidades_acum"":0,""sanciones_tcp_acum"":0,""estado"":""ACTIVO"",""condicion"":""HABIDO""}",,,,,,
5252,LORETO,"4,443,000.00",18/11/2024,"{""ruc"":""20601693659"",""antiguedad_empresa"":8.0,""cmc"":542866.76,""cantidad_rubros"":3.0,""actividad_principal"":""Principal - 7110 - ACTIVIDADES DE ARQUITECTURA E INGENIERÍA Y ACTIVIDADES CONEXAS DE CONSULTORÍA TÉCNICA"",""penalidades_acum"":0,""sanciones_tcp_acum"":0,""estado"":""ACTIVO"",""condicion"":""HABIDO""}","{""ruc"":""20528115897"",""antiguedad_empresa"":16.0,""cmc"":653125769.72,""cantidad_rubros"":3.0,""actividad_principal"":""Principal - 4220 - CONSTRUCCIÓN DE PROYECTOS DE SERVICIO PÚBLICO"",""penalidades_acum"":0,""sanciones_tcp_acum"":0,""estado"":""ACTIVO"",""condicion"":""HABIDO""}",,,,,,,
5253,LORETO,"31,250,000.00",12/11/2024,"{""ruc"":""20450402592"",""antiguedad_empresa"":15.0,""cmc"":100000.0,""cantidad_rubros"":3.0,""actividad_principal"":""Principal - 4100 - CONSTRUCCIÓN DE EDIFICIOS"",""penalidades_acum"":0,""sanciones_tcp_acum"":0,""estado"":""ACTIVO"",""condicion"":""HABIDO""}","{""ruc"":""20493537742"",""antiguedad_empresa"":17.0,""cmc"":1098458521.47,""cantidad_rubros"":3.0,""actividad_principal"":""Principal - 4390 - OTRAS ACTIVIDADES ESPECIALIZADAS DE CONSTRUCCIÓN"",""penalidades_acum"":0,""sanciones_tcp_acum"":1,""estado"":""ACTIVO"",""condicion"":""HABIDO""}",,,,,,,
5254,LORETO,"348,000.00",11/11/2024,"{""ruc"":""20493231236"",""antiguedad_empresa"":21.0,""cmc"":100000.0,""cantidad_rubros"":1.0,""actividad_principal"":""Principal - 4390 - OTRAS ACTIVIDADES ESPECIALIZADAS DE CONSTRUCCIÓN"",""penalidades_acum"":0,""sanciones_tcp_acum"":0,""estado"":""ACTIVO"",""condicion"":""HABIDO""}","{""ruc"":""20493589891"",""antiguedad_empresa"":5.0,""cmc"":100000.0,""cantidad_rubros"":3.0,""actividad_principal"":""Principal - 4100 - CONSTRUCCIÓN DE EDIFICIOS"",""penalidades_acum"":0,""sanciones_tcp_acum"":0,""estado"":""ACTIVO"",""condicion"":""HABIDO""}",,,,,,,
5255,LORETO,"1,985,617.23",05/11/2024,"{""ruc"":""20610436499"",""antiguedad_empresa"":1.0,""cmc"":100000.0,""cantidad_rubros"":3.0,""actividad_principal"":""Principal - 7110 - ACTIVIDADES DE ARQUITECTURA E INGENIERÍA Y ACTIVIDADES CONEXAS DE CONSULTORÍA TÉCNICA"",""penalidades_acum"":0,""sanciones_tcp_acum"":0,""estado"":""ACTIVO"",""condicion"":""HABIDO""}","{""ruc"":""20601324491"",""antiguedad_empresa"":1.0,""cmc"":17449611.71,""cantidad_rubros"":1.0,""actividad_principal"":""Principal - 4100 - CONSTRUCCIÓN DE EDIFICIOS"",""penalidades_acum"":0,""sanciones_tcp_acum"":1,""estado"":""ACTIVO"",""condicion"":""HABIDO""}",,,,,,,
5256,LORETO,"2,273,272.12",04/11/2024,"{""ruc"":""20528149953"",""antiguedad_empresa"":16.0,""cmc"":57987242.46,""cantidad_rubros"":3.0,""actividad_principal"":""Principal - 4390 - OTRAS ACTIVIDADES ESPECIALIZADAS DE CONSTRUCCIÓN"",""penalidades_acum"":0,""sanciones_tcp_acum"":0,""estado"":""ACTIVO"",""condicion"":""HABIDO""}","{""ruc"":""20601131367"",""antiguedad_empresa"":5.0,""cmc"":100000.0,""cantidad_rubros"":3.0,""actividad_principal"":""Principal - 4100 - CONSTRUCCIÓN DE EDIFICIOS"",""penalidades_acum"":0,""sanciones_tcp_acum"":0,""estado"":""ACTIVO"",""condicion"":""HABIDO""}",,,,,,,
5257,LORETO,"574,561.80",30/10/2024,"{""ruc"":""20602797016"",""antiguedad_empresa"":6.0,""cmc"":400000.0,""cantidad_rubros"":3.0,""actividad_principal"":""Principal - 4100 - CONSTRUCCIÓN DE EDIFICIOS"",""penalidades_acum"":0,""sanciones_tcp_acum"":0,""estado"":""ACTIVO"",""condicion"":""HABIDO""}","{""ruc"":""20612633917"",""antiguedad_empresa"":0.0,""cmc"":24195.18,""cantidad_rubros"":3.0,""actividad_principal"":""Principal - 4100 - CONSTRUCCIÓN DE EDIFICIOS"",""penalidades_acum"":0,""sanciones_tcp_acum"":0,""estado"":""ACTIVO"",""condicion"":""HABIDO""}",,,,,,,
5258,LORETO,"1,199,000.00",24/10/2024,"{""ruc"":""20393973669"",""antiguedad_empresa"":11.0,""cmc"":100000.0,""cantidad_rubros"":3.0,""actividad_principal"":""Principal - 4100 - CONSTRUCCIÓN DE EDIFICIOS"",""penalidades_acum"":0,""sanciones_tcp_acum"":0,""estado"":""ACTIVO"",""condicion"":""HABIDO""}","{""ruc"":""20600182693"",""antiguedad_empresa"":9.0,""cmc"":2163868.93,""cantidad_rubros"":3.0,""actividad_principal"":""Principal - 4100 - CONSTRUCCIÓN DE EDIFICIOS"",""penalidades_acum"":0,""sanciones_tcp_acum"":1,""estado"":""ACTIVO"",""condicion"":""HABIDO""}","{""ruc"":""20541653156"",""antiguedad_empresa"":12.0,""cmc"":38600390.99,""cantidad_rubros"":2.0,""actividad_principal"":""Principal - 4100 - CONSTRUCCIÓN DE EDIFICIOS"",""penalidades_acum"":0,""sanciones_tcp_acum"":0,""estado"":""ACTIVO"",""condicion"":""HABIDO""}",,,,,,
5259,LORETO,"1,258,000.01",23/10/2024,"{""ruc"":""20600182693"",""antiguedad_empresa"":9.0,""cmc"":2163868.93,""cantidad_rubros"":3.0,""actividad_principal"":""Principal - 4100 - CONSTRUCCIÓN DE EDIFICIOS"",""penalidades_acum"":0,""sanciones_tcp_acum"":1,""estado"":""ACTIVO"",""condicion"":""HABIDO""}","{""ruc"":""20541653156"",""antiguedad_empresa"":12.0,""cmc"":38600390.99,""cantidad_rubros"":2.0,""actividad_principal"":""Principal - 4100 - CONSTRUCCIÓN DE EDIFICIOS"",""penalidades_acum"":0,""sanciones_tcp_acum"":0,""estado"":""ACTIVO"",""condicion"":""HABIDO""}","{""ruc"":""20393973669"",""antiguedad_empresa"":11.0,""cmc"":100000.0,""cantidad_rubros"":3.0,""actividad_principal"":""Principal - 4100 - CONSTRUCCIÓN DE EDIFICIOS"",""penalidades_acum"":0,""sanciones_tcp_acum"":0,""estado"":""ACTIVO"",""condicion"":""HABIDO""}",,,,,,
5260,LORETO,"1,222,000.00",23/10/2024,"{""ruc"":""20600182693"",""antiguedad_empresa"":9.0,""cmc"":2163868.93,""cantidad_rubros"":3.0,""actividad_principal"":""Principal - 4100 - CONSTRUCCIÓN DE EDIFICIOS"",""penalidades_acum"":0,""sanciones_tcp_acum"":1,""estado"":""ACTIVO"",""condicion"":""HABIDO""}","{""ruc"":""20541653156"",""antiguedad_empresa"":12.0,""cmc"":38600390.99,""cantidad_rubros"":2.0,""actividad_principal"":""Principal - 4100 - CONSTRUCCIÓN DE EDIFICIOS"",""penalidades_acum"":0,""sanciones_tcp_acum"":0,""estado"":""ACTIVO"",""condicion"":""HABIDO""}","{""ruc"":""20393973669"",""antiguedad_empresa"":11.0,""cmc"":100000.0,""cantidad_rubros"":3.0,""actividad_principal"":""Principal - 4100 - CONSTRUCCIÓN DE EDIFICIOS"",""penalidades_acum"":0,""sanciones_tcp_acum"":0,""estado"":""ACTIVO"",""condicion"":""HABIDO""}",,,,,,
5261,LORETO,"1,210,000.00",22/10/2024,"{""ruc"":""20393725509"",""antiguedad_empresa"":13.0,""cmc"":100000.0,""cantidad_rubros"":3.0,""actividad_principal"":""Principal - 4100 - CONSTRUCCIÓN DE EDIFICIOS"",""penalidades_acum"":0,""sanciones_tcp_acum"":0,""estado"":""ACTIVO"",""condicion"":""HABIDO""}","{""ruc"":""20601911915"",""antiguedad_empresa"":7.0,""cmc"":100000.0,""cantidad_rubros"":3.0,""actividad_principal"":""Principal - 7020 - ACTIVIDADES DE CONSULTORÍA DE GESTIÓN"",""penalidades_acum"":0,""sanciones_tcp_acum"":0,""estado"":""SUSPENSION TEMPORAL"",""condicion"":""HABIDO""}","{""ruc"":""20541653156"",""antiguedad_empresa"":12.0,""cmc"":38600390.99,""cantidad_rubros"":2.0,""actividad_principal"":""Principal - 4100 - CONSTRUCCIÓN DE EDIFICIOS"",""penalidades_acum"":0,""sanciones_tcp_acum"":0,""estado"":""ACTIVO"",""condicion"":""HABIDO""}",,,,,,
5262,LORETO,"1,234,000.00",22/10/2024,"{""ruc"":""20601911915"",""antiguedad_empresa"":7.0,""cmc"":100000.0,""cantidad_rubros"":3.0,""actividad_principal"":""Principal - 7020 - ACTIVIDADES DE CONSULTORÍA DE GESTIÓN"",""penalidades_acum"":0,""sanciones_tcp_acum"":0,""estado"":""SUSPENSION TEMPORAL"",""condicion"":""HABIDO""}","{""ruc"":""20541653156"",""antiguedad_empresa"":12.0,""cmc"":38600390.99,""cantidad_rubros"":2.0,""actividad_principal"":""Principal - 4100 - CONSTRUCCIÓN DE EDIFICIOS"",""penalidades_acum"":0,""sanciones_tcp_acum"":0,""estado"":""ACTIVO"",""condicion"":""HABIDO""}","{""ruc"":""20393725509"",""antiguedad_empresa"":13.0,""cmc"":100000.0,""cantidad_rubros"":3.0,""actividad_principal"":""Principal - 4100 - CONSTRUCCIÓN DE EDIFICIOS"",""penalidades_acum"":0,""sanciones_tcp_acum"":0,""estado"":""ACTIVO"",""condicion"":""HABIDO""}",,,,,,
5263,LORETO,"6,321,896.75",03/10/2024,"{""ruc"":""20450296628"",""antiguedad_empresa"":16.0,""cmc"":500000.0,""cantidad_rubros"":3.0,""actividad_principal"":""Principal - 4100 - CONSTRUCCIÓN DE EDIFICIOS"",""penalidades_acum"":0,""sanciones_tcp_acum"":0,""estado"":""ACTIVO"",""condicion"":""NO HABIDO""}","{""ruc"":""20600002717"",""antiguedad_empresa"":9.0,""cmc"":45702373.57,""cantidad_rubros"":3.0,""actividad_principal"":""Principal - 7110 - ACTIVIDADES DE ARQUITECTURA E INGENIERÍA Y ACTIVIDADES CONEXAS DE CONSULTORÍA TÉCNICA"",""penalidades_acum"":0,""sanciones_tcp_acum"":0,""estado"":""ACTIVO"",""condicion"":""HABIDO""}",,,,,,,
5264,LORETO,"16,520,978.41",01/10/2024,"{""ruc"":""20393633990"",""antiguedad_empresa"":14.0,""cmc"":391155488.48,""cantidad_rubros"":2.0,""actividad_principal"":""Principal - 4100 - CONSTRUCCIÓN DE EDIFICIOS"",""penalidades_acum"":0,""sanciones_tcp_acum"":0,""estado"":""ACTIVO"",""condicion"":""HABIDO""}",,,,,,,,
5265,LORETO,"3,538,491.24",01/10/2024,"{""ruc"":""20608845934"",""antiguedad_empresa"":3.0,""cmc"":100000.0,""cantidad_rubros"":2.0,""actividad_principal"":""Principal - 4100 - CONSTRUCCIÓN DE EDIFICIOS"",""penalidades_acum"":0,""sanciones_tcp_acum"":0,""estado"":""ACTIVO"",""condicion"":""HABIDO""}","{""ruc"":""20493640322"",""antiguedad_empresa"":17.0,""cmc"":71693594.46,""cantidad_rubros"":1.0,""actividad_principal"":""Principal - 4390 - OTRAS ACTIVIDADES ESPECIALIZADAS DE CONSTRUCCIÓN"",""penalidades_acum"":0,""sanciones_tcp_acum"":0,""estado"":""ACTIVO"",""condicion"":""HABIDO""}",,,,,,,
5266,LORETO,"9,213,444.56",11/09/2024,"{""ruc"":""20493644824"",""antiguedad_empresa"":17.0,""cmc"":100000.0,""cantidad_rubros"":3.0,""actividad_principal"":""Principal - 7730 - ALQUILER Y ARRENDAMIENTO DE OTROS TIPOS DE MAQUINARIA, EQUIPO Y BIENES TANGIBLES"",""penalidades_acum"":0,""sanciones_tcp_acum"":1,""estado"":""ACTIVO"",""condicion"":""HABIDO""}","{""ruc"":""20103921288"",""antiguedad_empresa"":42.0,""cmc"":38153174.57,""cantidad_rubros"":3.0,""actividad_principal"":""Principal - 4100 - CONSTRUCCIÓN DE EDIFICIOS"",""penalidades_acum"":0,""sanciones_tcp_acum"":0,""estado"":""ACTIVO"",""condicion"":""HABIDO""}","{""ruc"":""20451375548"",""antiguedad_empresa"":23.0,""cmc"":181002554.68,""cantidad_rubros"":2.0,""actividad_principal"":""Principal - 4100 - CONSTRUCCIÓN DE EDIFICIOS"",""penalidades_acum"":0,""sanciones_tcp_acum"":0,""estado"":""ACTIVO"",""condicion"":""HABIDO""}",,,,,,
5267,LORETO,"5,686,694.11",10/09/2024,"{""ruc"":""20541112660"",""antiguedad_empresa"":13.0,""cmc"":100000.0,""cantidad_rubros"":3.0,""actividad_principal"":""Principal - 4290 - CONSTRUCCIÓN DE OTRAS OBRAS DE INGENIERÍA CIVIL"",""penalidades_acum"":0,""sanciones_tcp_acum"":0,""estado"":""ACTIVO"",""condicion"":""HABIDO""}","{""ruc"":""20528388869"",""antiguedad_empresa"":14.0,""cmc"":31769454.24,""cantidad_rubros"":3.0,""actividad_principal"":""Principal - 4100 - CONSTRUCCIÓN DE EDIFICIOS"",""penalidades_acum"":0,""sanciones_tcp_acum"":0,""estado"":""ACTIVO"",""condicion"":""HABIDO""}",,,,,,,
5268,LORETO,"13,871,067.28",20/08/2024,"{""ruc"":""20541243250"",""antiguedad_empresa"":12.0,""cmc"":16123667.22,""cantidad_rubros"":3.0,""actividad_principal"":""Principal - 4100 - CONSTRUCCIÓN DE EDIFICIOS"",""penalidades_acum"":0,""sanciones_tcp_acum"":0,""estado"":""ACTIVO"",""condicion"":""HABIDO""}","{""ruc"":""20528457691"",""antiguedad_empresa"":13.0,""cmc"":57808025.4,""cantidad_rubros"":3.0,""actividad_principal"":""Principal - 4100 - CONSTRUCCIÓN DE EDIFICIOS"",""penalidades_acum"":0,""sanciones_tcp_acum"":0,""estado"":""ACTIVO"",""condicion"":""HABIDO""}",,,,,,,
5269,LORETO,"5,707,460.00",17/07/2024,"{""ruc"":""20393706628"",""antiguedad_empresa"":13.0,""cmc"":173647364.84,""cantidad_rubros"":2.0,""actividad_principal"":""Principal - 4100 - CONSTRUCCIÓN DE EDIFICIOS"",""penalidades_acum"":0,""sanciones_tcp_acum"":1,""estado"":""ACTIVO"",""condicion"":""HABIDO""}",,,,,,,,
5270,LORETO,"4,321,288.39",27/06/2024,"{""ruc"":""20528457691"",""antiguedad_empresa"":13.0,""cmc"":57808025.4,""cantidad_rubros"":3.0,""actividad_principal"":""Principal - 4100 - CONSTRUCCIÓN DE EDIFICIOS"",""penalidades_acum"":0,""sanciones_tcp_acum"":0,""estado"":""ACTIVO"",""condicion"":""HABIDO""}","{""ruc"":""20493747399"",""antiguedad_empresa"":16.0,""cmc"":100000.0,""cantidad_rubros"":2.0,""actividad_principal"":""Principal - 4100 - CONSTRUCCIÓN DE EDIFICIOS"",""penalidades_acum"":0,""sanciones_tcp_acum"":0,""estado"":""ACTIVO"",""condicion"":""HABIDO""}",,,,,,,
5271,LORETO,"59,100,000.00",21/06/2024,"{""ruc"":""20528115897"",""antiguedad_empresa"":16.0,""cmc"":653125769.72,""cantidad_rubros"":3.0,""actividad_principal"":""Principal - 4220 - CONSTRUCCIÓN DE PROYECTOS DE SERVICIO PÚBLICO"",""penalidades_acum"":0,""sanciones_tcp_acum"":0,""estado"":""ACTIVO"",""condicion"":""HABIDO""}",,,,,,,,
5272,LORETO,"22,765,558.01",21/06/2024,"{""ruc"":""20393633990"",""antiguedad_empresa"":14.0,""cmc"":391155488.48,""cantidad_rubros"":2.0,""actividad_principal"":""Principal - 4100 - CONSTRUCCIÓN DE EDIFICIOS"",""penalidades_acum"":0,""sanciones_tcp_acum"":0,""estado"":""ACTIVO"",""condicion"":""HABIDO""}",,,,,,,,
5273,LORETO,"2,671,181.35",12/06/2024,"{""ruc"":""20601282063"",""antiguedad_empresa"":8.0,""cmc"":16174806.9,""cantidad_rubros"":3.0,""actividad_principal"":""Principal - 4220 - CONSTRUCCIÓN DE PROYECTOS DE SERVICIO PÚBLICO"",""penalidades_acum"":0,""sanciones_tcp_acum"":1,""estado"":""ACTIVO"",""condicion"":""HABIDO""}","{""ruc"":""20559937691"",""antiguedad_empresa"":10.0,""cmc"":100000.0,""cantidad_rubros"":3.0,""actividad_principal"":""Principal - 4390 - OTRAS ACTIVIDADES ESPECIALIZADAS DE CONSTRUCCIÓN"",""penalidades_acum"":0,""sanciones_tcp_acum"":0,""estado"":""ACTIVO"",""condicion"":""HABIDO""}",,,,,,,
5274,LORETO,"16,100,000.00",10/06/2024,"{""ruc"":""20531302321"",""antiguedad_empresa"":23.0,""cmc"":125205857.94,""cantidad_rubros"":2.0,""actividad_principal"":""Principal - 4100 - CONSTRUCCIÓN DE EDIFICIOS"",""penalidades_acum"":0,""sanciones_tcp_acum"":0,""estado"":""ACTIVO"",""condicion"":""HABIDO""}","{""ruc"":""20450402592"",""antiguedad_empresa"":15.0,""cmc"":100000.0,""cantidad_rubros"":3.0,""actividad_principal"":""Principal - 4100 - CONSTRUCCIÓN DE EDIFICIOS"",""penalidades_acum"":0,""sanciones_tcp_acum"":0,""estado"":""ACTIVO"",""condicion"":""HABIDO""}",,,,,,,
5275,LORETO,"14,450,000.00",30/05/2024,"{""ruc"":""20528115897"",""antiguedad_empresa"":16.0,""cmc"":653125769.72,""cantidad_rubros"":3.0,""actividad_principal"":""Principal - 4220 - CONSTRUCCIÓN DE PROYECTOS DE SERVICIO PÚBLICO"",""penalidades_acum"":0,""sanciones_tcp_acum"":0,""estado"":""ACTIVO"",""condicion"":""HABIDO""}",,,,,,,,
5276,LORETO,"814,903.92",27/05/2024,"{""ruc"":""20601944384"",""antiguedad_empresa"":7.0,""cmc"":100000.0,""cantidad_rubros"":3.0,""actividad_principal"":""Principal - 4663 - VENTA AL POR MAYOR DE MATERIALES DE CONSTRUCCIÓN, ARTÍCULOS DE FERRETERÍA Y EQUIPO Y MATERIALES DE FONTANERÍA Y CALEFACCIÓN"",""penalidades_acum"":0,""sanciones_tcp_acum"":0,""estado"":""ACTIVO"",""condicion"":""HABIDO""}","{""ruc"":""20541143549"",""antiguedad_empresa"":12.0,""cmc"":100000.0,""cantidad_rubros"":3.0,""actividad_principal"":""Principal - 4329 - OTRAS INSTALACIONES PARA OBRAS DE CONSTRUCCIÓN"",""penalidades_acum"":0,""sanciones_tcp_acum"":2,""estado"":""ACTIVO"",""condicion"":""HABIDO""}",,,,,,,
5277,LORETO,"36,003,076.50",21/05/2024,"{""ruc"":""20393633990"",""antiguedad_empresa"":14.0,""cmc"":391155488.48,""cantidad_rubros"":2.0,""actividad_principal"":""Principal - 4100 - CONSTRUCCIÓN DE EDIFICIOS"",""penalidades_acum"":0,""sanciones_tcp_acum"":0,""estado"":""ACTIVO"",""condicion"":""HABIDO""}",,,,,,,,
5278,LORETO,"240,784.68",14/05/2024,"{""ruc"":""20528457691"",""antiguedad_empresa"":13.0,""cmc"":57808025.4,""cantidad_rubros"":3.0,""actividad_principal"":""Principal - 4100 - CONSTRUCCIÓN DE EDIFICIOS"",""penalidades_acum"":0,""sanciones_tcp_acum"":0,""estado"":""ACTIVO"",""condicion"":""HABIDO""}",,,,,,,,
5279,LORETO,"715,000.00",26/04/2024,"{""ruc"":""20393973669"",""antiguedad_empresa"":11.0,""cmc"":100000.0,""cantidad_rubros"":3.0,""actividad_principal"":""Principal - 4100 - CONSTRUCCIÓN DE EDIFICIOS"",""penalidades_acum"":0,""sanciones_tcp_acum"":0,""estado"":""ACTIVO"",""condicion"":""HABIDO""}","{""ruc"":""20393877431"",""antiguedad_empresa"":5.0,""cmc"":4007646477.73,""cantidad_rubros"":3.0,""actividad_principal"":""Principal - 4100 - CONSTRUCCIÓN DE EDIFICIOS"",""penalidades_acum"":0,""sanciones_tcp_acum"":0,""estado"":""ACTIVO"",""condicion"":""HABIDO""}",,,,,,,
5280,LORETO,"630,000.00",26/04/2024,"{""ruc"":""20567287247"",""antiguedad_empresa"":10.0,""cmc"":12481467.31,""cantidad_rubros"":3.0,""actividad_principal"":""Principal - 7110 - ACTIVIDADES DE ARQUITECTURA E INGENIERÍA Y ACTIVIDADES CONEXAS DE CONSULTORÍA TÉCNICA"",""penalidades_acum"":0,""sanciones_tcp_acum"":0,""estado"":""ACTIVO"",""condicion"":""HABIDO""}","{""ruc"":""20393877431"",""antiguedad_empresa"":5.0,""cmc"":4007646477.73,""cantidad_rubros"":3.0,""actividad_principal"":""Principal - 4100 - CONSTRUCCIÓN DE EDIFICIOS"",""penalidades_acum"":0,""sanciones_tcp_acum"":0,""estado"":""ACTIVO"",""condicion"":""HABIDO""}",,,,,,,
5281,LORETO,"592,000.00",25/04/2024,"{""ruc"":""20393877431"",""antiguedad_empresa"":5.0,""cmc"":4007646477.73,""cantidad_rubros"":3.0,""actividad_principal"":""Principal - 4100 - CONSTRUCCIÓN DE EDIFICIOS"",""penalidades_acum"":0,""sanciones_tcp_acum"":0,""estado"":""ACTIVO"",""condicion"":""HABIDO""}","{""ruc"":""20567287247"",""antiguedad_empresa"":10.0,""cmc"":12481467.31,""cantidad_rubros"":3.0,""actividad_principal"":""Principal - 7110 - ACTIVIDADES DE ARQUITECTURA E INGENIERÍA Y ACTIVIDADES CONEXAS DE CONSULTORÍA TÉCNICA"",""penalidades_acum"":0,""sanciones_tcp_acum"":0,""estado"":""ACTIVO"",""condicion"":""HABIDO""}",,,,,,,
5282,LORETO,"42,980,332.86",19/04/2024,"{""ruc"":""20603476400"",""antiguedad_empresa"":6.0,""cmc"":470313192.14,""cantidad_rubros"":1.0,""actividad_principal"":""Principal - 7110 - ACTIVIDADES DE ARQUITECTURA E INGENIERÍA Y ACTIVIDADES CONEXAS DE CONSULTORÍA TÉCNICA"",""penalidades_acum"":0,""sanciones_tcp_acum"":1,""estado"":""ACTIVO"",""condicion"":""HABIDO""}","{""ruc"":""20523013603"",""antiguedad_empresa"":15.0,""cmc"":16748600.78,""cantidad_rubros"":3.0,""actividad_principal"":""Principal - 4100 - CONSTRUCCIÓN DE EDIFICIOS"",""penalidades_acum"":0,""sanciones_tcp_acum"":1,""estado"":""ACTIVO"",""condicion"":""HABIDO""}","{""ruc"":""20600409311"",""antiguedad_empresa"":9.0,""cmc"":604947673.52,""cantidad_rubros"":3.0,""actividad_principal"":""Principal - 4100 - CONSTRUCCIÓN DE EDIFICIOS"",""penalidades_acum"":0,""sanciones_tcp_acum"":0,""estado"":""ACTIVO"",""condicion"":""HABIDO""}",,,,,,
5283,LORETO,"10,478,074.94",17/04/2024,"{""ruc"":""20450905152"",""antiguedad_empresa"":25.0,""cmc"":2824986693.64,""cantidad_rubros"":3.0,""actividad_principal"":""Principal - 4390 - OTRAS ACTIVIDADES ESPECIALIZADAS DE CONSTRUCCIÓN"",""penalidades_acum"":0,""sanciones_tcp_acum"":2,""estado"":""ACTIVO"",""condicion"":""HABIDO""}","{""ruc"":""20493644824"",""antiguedad_empresa"":17.0,""cmc"":100000.0,""cantidad_rubros"":3.0,""actividad_principal"":""Principal - 7730 - ALQUILER Y ARRENDAMIENTO DE OTROS TIPOS DE MAQUINARIA, EQUIPO Y BIENES TANGIBLES"",""penalidades_acum"":0,""sanciones_tcp_acum"":1,""estado"":""ACTIVO"",""condicion"":""HABIDO""}","{""ruc"":""20567237061"",""antiguedad_empresa"":10.0,""cmc"":509283968.8,""cantidad_rubros"":2.0,""actividad_principal"":""Principal - 4100 - CONSTRUCCIÓN DE EDIFICIOS"",""penalidades_acum"":0,""sanciones_tcp_acum"":1,""estado"":""ACTIVO"",""condicion"":""HABIDO""}",,,,,,
5284,LORETO,"3,810,000.00",17/04/2024,"{""ruc"":""20601202574"",""antiguedad_empresa"":8.0,""cmc"":500000.0,""cantidad_rubros"":2.0,""actividad_principal"":""Principal - 4663 - VENTA AL POR MAYOR DE MATERIALES DE CONSTRUCCIÓN, ARTÍCULOS DE FERRETERÍA Y EQUIPO Y MATERIALES DE FONTANERÍA Y CALEFACCIÓN"",""penalidades_acum"":0,""sanciones_tcp_acum"":0,""estado"":""ACTIVO"",""condicion"":""HABIDO""}","{""ruc"":""20600523571"",""antiguedad_empresa"":9.0,""cmc"":100000.0,""cantidad_rubros"":3.0,""actividad_principal"":""Principal - 4100 - CONSTRUCCIÓN DE EDIFICIOS"",""penalidades_acum"":0,""sanciones_tcp_acum"":0,""estado"":""ACTIVO"",""condicion"":""HABIDO""}","{""ruc"":""20493748018"",""antiguedad_empresa"":16.0,""cmc"":101739812.12,""cantidad_rubros"":3.0,""actividad_principal"":""Principal - 4100 - CONSTRUCCIÓN DE EDIFICIOS"",""penalidades_acum"":0,""sanciones_tcp_acum"":0,""estado"":""ACTIVO"",""condicion"":""HABIDO""}",,,,,,
5285,LORETO,"1,776,911.56",16/04/2024,"{""ruc"":""20232650444"",""antiguedad_empresa"":29.0,""cmc"":100000.0,""cantidad_rubros"":3.0,""actividad_principal"":""Principal - 4100 - CONSTRUCCIÓN DE EDIFICIOS"",""penalidades_acum"":0,""sanciones_tcp_acum"":2,""estado"":""ACTIVO"",""condicion"":""HABIDO""}","{""ruc"":""20528476300"",""antiguedad_empresa"":13.0,""cmc"":400000.0,""cantidad_rubros"":3.0,""actividad_principal"":""Principal - 4220 - CONSTRUCCIÓN DE PROYECTOS DE SERVICIO PÚBLICO"",""penalidades_acum"":0,""sanciones_tcp_acum"":0,""estado"":""ACTIVO"",""condicion"":""HABIDO""}",,,,,,,
5286,LORETO,"2,420,500.00",19/03/2024,"{""ruc"":""20451375548"",""antiguedad_empresa"":23.0,""cmc"":181002554.68,""cantidad_rubros"":2.0,""actividad_principal"":""Principal - 4100 - CONSTRUCCIÓN DE EDIFICIOS"",""penalidades_acum"":0,""sanciones_tcp_acum"":0,""estado"":""ACTIVO"",""condicion"":""HABIDO""}","{""ruc"":""20493538633"",""antiguedad_empresa"":17.0,""cmc"":39073079.86,""cantidad_rubros"":3.0,""actividad_principal"":""Principal - 7730 - ALQUILER Y ARRENDAMIENTO DE OTROS TIPOS DE MAQUINARIA, EQUIPO Y BIENES TANGIBLES"",""penalidades_acum"":0,""sanciones_tcp_acum"":0,""estado"":""ACTIVO"",""condicion"":""HABIDO""}",,,,,,,
5287,LORETO,"22,079,443.18",07/03/2024,"{""ruc"":""20528115897"",""antiguedad_empresa"":16.0,""cmc"":653125769.72,""cantidad_rubros"":3.0,""actividad_principal"":""Principal - 4220 - CONSTRUCCIÓN DE PROYECTOS DE SERVICIO PÚBLICO"",""penalidades_acum"":0,""sanciones_tcp_acum"":0,""estado"":""ACTIVO"",""condicion"":""HABIDO""}","{""ruc"":""20572288901"",""antiguedad_empresa"":10.0,""cmc"":37640903.75,""cantidad_rubros"":3.0,""actividad_principal"":""Principal - 4210 - CONSTRUCCIÓN DE CARRETERAS Y VÍAS DE FERROCARRIL"",""penalidades_acum"":0,""sanciones_tcp_acum"":0,""estado"":""ACTIVO"",""condicion"":""HABIDO""}",,,,,,,
5288,LORETO,"5,533,223.10",05/03/2024,"{""ruc"":""20567237061"",""antiguedad_empresa"":10.0,""cmc"":509283968.8,""cantidad_rubros"":2.0,""actividad_principal"":""Principal - 4100 - CONSTRUCCIÓN DE EDIFICIOS"",""penalidades_acum"":0,""sanciones_tcp_acum"":1,""estado"":""ACTIVO"",""condicion"":""HABIDO""}","{""ruc"":""20494100429"",""antiguedad_empresa"":12.0,""cmc"":100000.0,""cantidad_rubros"":3.0,""actividad_principal"":""Principal - 4100 - CONSTRUCCIÓN DE EDIFICIOS"",""penalidades_acum"":0,""sanciones_tcp_acum"":0,""estado"":""ACTIVO"",""condicion"":""HABIDO""}",,,,,,,
5289,LORETO,"1,803,363.90",28/02/2024,"{""ruc"":""20450186440"",""antiguedad_empresa"":18.0,""cmc"":100000.0,""cantidad_rubros"":3.0,""actividad_principal"":""Principal - 4220 - CONSTRUCCIÓN DE PROYECTOS DE SERVICIO PÚBLICO"",""penalidades_acum"":0,""sanciones_tcp_acum"":0,""estado"":""ACTIVO"",""condicion"":""HABIDO""}","{""ruc"":""20542301172"",""antiguedad_empresa"":11.0,""cmc"":19394830.16,""cantidad_rubros"":3.0,""actividad_principal"":""Principal - 4923 - TRANSPORTE DE CARGA POR CARRETERA"",""penalidades_acum"":0,""sanciones_tcp_acum"":0,""estado"":""ACTIVO"",""condicion"":""HABIDO""}",,,,,,,
5290,LORETO,"500,678.30",16/02/2024,"{""ruc"":""20608845934"",""antiguedad_empresa"":3.0,""cmc"":100000.0,""cantidad_rubros"":2.0,""actividad_principal"":""Principal - 4100 - CONSTRUCCIÓN DE EDIFICIOS"",""penalidades_acum"":0,""sanciones_tcp_acum"":0,""estado"":""ACTIVO"",""condicion"":""HABIDO""}","{""ruc"":""20493640322"",""antiguedad_empresa"":17.0,""cmc"":71693594.46,""cantidad_rubros"":1.0,""actividad_principal"":""Principal - 4390 - OTRAS ACTIVIDADES ESPECIALIZADAS DE CONSTRUCCIÓN"",""penalidades_acum"":0,""sanciones_tcp_acum"":0,""estado"":""ACTIVO"",""condicion"":""HABIDO""}",,,,,,,
5291,LORETO,"33,473,128.61",08/02/2024,"{""ruc"":""20493874587"",""antiguedad_empresa"":14.0,""cmc"":100000.0,""cantidad_rubros"":2.0,""actividad_principal"":""Principal - 4290 - CONSTRUCCIÓN DE OTRAS OBRAS DE INGENIERÍA CIVIL"",""penalidades_acum"":0,""sanciones_tcp_acum"":0,""estado"":""ACTIVO"",""condicion"":""HABIDO""}","{""ruc"":""20393633990"",""antiguedad_empresa"":14.0,""cmc"":391155488.48,""cantidad_rubros"":2.0,""actividad_principal"":""Principal - 4100 - CONSTRUCCIÓN DE EDIFICIOS"",""penalidades_acum"":0,""sanciones_tcp_acum"":0,""estado"":""ACTIVO"",""condicion"":""HABIDO""}",,,,,,,
5320,MADRE DE DIOS,"26,714,389.19",18/10/2022,"{""ruc"":""20492123057"",""antiguedad_empresa"":14.0,""cmc"":100000.0,""cantidad_rubros"":3.0,""actividad_principal"":""Principal - 4100 - CONSTRUCCIÓN DE EDIFICIOS"",""penalidades_acum"":1,""sanciones_tcp_acum"":1,""estado"":""ACTIVO"",""condicion"":""HABIDO""}","{""ruc"":""20450252418"",""antiguedad_empresa"":15.0,""cmc"":100000.0,""cantidad_rubros"":3.0,""actividad_principal"":""Principal - 7110 - ACTIVIDADES DE ARQUITECTURA E INGENIERÍA Y ACTIVIDADES CONEXAS DE CONSULTORÍA TÉCNICA"",""penalidades_acum"":1,""sanciones_tcp_acum"":0,""estado"":""ACTIVO"",""condicion"":""HABIDO""}",,,,,,,
5321,MADRE DE DIOS,"1,080,000.00",07/09/2022,"{""ruc"":""20489627770"",""antiguedad_empresa"":14.0,""cmc"":100000.0,""cantidad_rubros"":3.0,""actividad_principal"":""Principal - 4663 - VENTA AL POR MAYOR DE MATERIALES DE CONSTRUCCIÓN, ARTÍCULOS DE FERRETERÍA Y EQUIPO Y MATERIALES DE FONTANERÍA Y CALEFACCIÓN"",""penalidades_acum"":0,""sanciones_tcp_acum"":8,""estado"":""SUSPENSION TEMPORAL"",""condicion"":""NO HABIDO""}","{""ruc"":""20606236892"",""antiguedad_empresa"":2.0,""cmc"":100000.0,""cantidad_rubros"":3.0,""actividad_principal"":""Principal - 7110 - ACTIVIDADES DE ARQUITECTURA E INGENIERÍA Y ACTIVIDADES CONEXAS DE CONSULTORÍA TÉCNICA"",""penalidades_acum"":0,""sanciones_tcp_acum"":0,""estado"":""ACTIVO"",""condicion"":""HABIDO""}",,,,,,,
5322,MADRE DE DIOS,"2,486,181.65",01/08/2022,"{""ruc"":""20450252418"",""antiguedad_empresa"":15.0,""cmc"":100000.0,""cantidad_rubros"":3.0,""actividad_principal"":""Principal - 7110 - ACTIVIDADES DE ARQUITECTURA E INGENIERÍA Y ACTIVIDADES CONEXAS DE CONSULTORÍA TÉCNICA"",""penalidades_acum"":1,""sanciones_tcp_acum"":0,""estado"":""ACTIVO"",""condicion"":""HABIDO""}",,,,,,,,
5323,MADRE DE DIOS,"3,244,402.67",18/05/2022,"{""ruc"":""20605665196"",""antiguedad_empresa"":2.0,""cmc"":100000.0,""cantidad_rubros"":3.0,""actividad_principal"":""Principal - 4100 - CONSTRUCCIÓN DE EDIFICIOS"",""penalidades_acum"":0,""sanciones_tcp_acum"":1,""estado"":""SUSPENSION TEMPORAL"",""condicion"":""HABIDO""}","{""ruc"":""20450299139"",""antiguedad_empresa"":14.0,""cmc"":158336017.8,""cantidad_rubros"":3.0,""actividad_principal"":""Principal - 4210 - CONSTRUCCIÓN DE CARRETERAS Y VÍAS DE FERROCARRIL"",""penalidades_acum"":0,""sanciones_tcp_acum"":1,""estado"":""ACTIVO"",""condicion"":""HABIDO""}",,,,,,,
5324,MADRE DE DIOS,"13,997,394.49",11/04/2022,"{""ruc"":""20450299139"",""antiguedad_empresa"":14.0,""cmc"":158336017.8,""cantidad_rubros"":3.0,""actividad_principal"":""Principal - 4210 - CONSTRUCCIÓN DE CARRETERAS Y VÍAS DE FERROCARRIL"",""penalidades_acum"":0,""sanciones_tcp_acum"":1,""estado"":""ACTIVO"",""condicion"":""HABIDO""}","{""ruc"":""20600421353"",""antiguedad_empresa"":2.0,""cmc"":100000.0,""cantidad_rubros"":1.0,""actividad_principal"":""Principal - 4100 - CONSTRUCCIÓN DE EDIFICIOS"",""penalidades_acum"":0,""sanciones_tcp_acum"":0,""estado"":""BAJA DE OFICIO"",""condicion"":""NO HABIDO""}",,,,,,,
5649,PASCO,"87,979,956.18",06/10/2021,"{""ruc"":""20486783606"",""antiguedad_empresa"":13.0,""cmc"":10599093.37,""cantidad_rubros"":3.0,""actividad_principal"":""Principal - 7110 - ACTIVIDADES DE ARQUITECTURA E INGENIERÍA Y ACTIVIDADES CONEXAS DE CONSULTORÍA TÉCNICA"",""penalidades_acum"":1,""sanciones_tcp_acum"":0,""estado"":""ACTIVO"",""condicion"":""HABIDO""}","{""ruc"":""20600977661"",""antiguedad_empresa"":5.0,""cmc"":20049599499.07,""cantidad_rubros"":3.0,""actividad_principal"":""Principal - 4210 - CONSTRUCCIÓN DE CARRETERAS Y VÍAS DE FERROCARRIL"",""penalidades_acum"":1,""sanciones_tcp_acum"":3,""estado"":""ACTIVO"",""condicion"":""HABIDO""}",,,,,,,
5650,PASCO,"7,570,346.90",25/06/2021,"{""ruc"":""20573212020"",""antiguedad_empresa"":7.0,""cmc"":100000.0,""cantidad_rubros"":3.0,""actividad_principal"":""Principal - 4100 - CONSTRUCCIÓN DE EDIFICIOS"",""penalidades_acum"":0,""sanciones_tcp_acum"":0,""estado"":""SUSPENSION TEMPORAL"",""condicion"":""HABIDO""}","{""ruc"":""20489682363"",""antiguedad_empresa"":13.0,""cmc"":100685241.75,""cantidad_rubros"":3.0,""actividad_principal"":""Principal - 4220 - CONSTRUCCIÓN DE PROYECTOS DE SERVICIO PÚBLICO"",""penalidades_acum"":0,""sanciones_tcp_acum"":0,""estado"":""ACTIVO"",""condicion"":""HABIDO""}","{""ruc"":""20600819331"",""antiguedad_empresa"":null,""cmc"":605044.64,""cantidad_rubros"":3.0,""actividad_principal"":""Principal - 4100 - CONSTRUCCIÓN DE EDIFICIOS"",""penalidades_acum"":0,""sanciones_tcp_acum"":0,""estado"":""ACTIVO"",""condicion"":""HABIDO""}",,,,,,
5651,PASCO,"27,059,460.57",18/06/2021,"{""ruc"":""20534029927"",""antiguedad_empresa"":3.0,""cmc"":100000.0,""cantidad_rubros"":1.0,""actividad_principal"":""Principal - 4100 - CONSTRUCCIÓN DE EDIFICIOS"",""penalidades_acum"":0,""sanciones_tcp_acum"":0,""estado"":""BAJA DE OFICIO"",""condicion"":""NO HABIDO""}","{""ruc"":""20456317376"",""antiguedad_empresa"":9.0,""cmc"":100000.0,""cantidad_rubros"":3.0,""actividad_principal"":""Principal - 4100 - CONSTRUCCIÓN DE EDIFICIOS"",""penalidades_acum"":1,""sanciones_tcp_acum"":4,""estado"":""ACTIVO"",""condicion"":""HABIDO""}","{""ruc"":""20344483702"",""antiguedad_empresa"":24.0,""cmc"":38602511.25,""cantidad_rubros"":3.0,""actividad_principal"":""Principal - 4290 - CONSTRUCCIÓN DE OTRAS OBRAS DE INGENIERÍA CIVIL"",""penalidades_acum"":0,""sanciones_tcp_acum"":1,""estado"":""ACTIVO"",""condicion"":""HABIDO""}",,,,,,
5652,PASCO,"494,524.21",12/05/2021,"{""ruc"":""20529230851"",""antiguedad_empresa"":10.0,""cmc"":100000.0,""cantidad_rubros"":2.0,""actividad_principal"":""Principal - 4923 - TRANSPORTE DE CARGA POR CARRETERA"",""penalidades_acum"":0,""sanciones_tcp_acum"":0,""estado"":""ACTIVO"",""condicion"":""HABIDO""}",,,,,,,,
5653,PASCO,"7,570,346.90",20/04/2021,"{""ruc"":""20600819331"",""antiguedad_empresa"":null,""cmc"":605044.64,""cantidad_rubros"":3.0,""actividad_principal"":""Principal - 4100 - CONSTRUCCIÓN DE EDIFICIOS"",""penalidades_acum"":0,""sanciones_tcp_acum"":0,""estado"":""ACTIVO"",""condicion"":""HABIDO""}","{""ruc"":""20489682363"",""antiguedad_empresa"":13.0,""cmc"":100685241.75,""cantidad_rubros"":3.0,""actividad_principal"":""Principal - 4220 - CONSTRUCCIÓN DE PROYECTOS DE SERVICIO PÚBLICO"",""penalidades_acum"":0,""sanciones_tcp_acum"":0,""estado"":""ACTIVO"",""condicion"":""HABIDO""}",,,,,,,
5654,PASCO,"1,543,636.52",17/02/2021,"{""ruc"":""20486867290"",""antiguedad_empresa"":null,""cmc"":6330195.33,""cantidad_rubros"":1.0,""actividad_principal"":""Principal - 4100 - CONSTRUCCIÓN DE EDIFICIOS"",""penalidades_acum"":0,""sanciones_tcp_acum"":0,""estado"":""ACTIVO"",""condicion"":""HABIDO""}","{""ruc"":""20600079787"",""antiguedad_empresa"":6.0,""cmc"":100000.0,""cantidad_rubros"":3.0,""actividad_principal"":""Principal - 4290 - CONSTRUCCIÓN DE OTRAS OBRAS DE INGENIERÍA CIVIL"",""penalidades_acum"":0,""sanciones_tcp_acum"":0,""estado"":""BAJA PROV. POR OFICIO"",""condicion"":""NO HABIDO""}",,,,,,,
5655,PASCO,"2,733,855.21",28/11/2022,"{""ruc"":""20533976540"",""antiguedad_empresa"":15.0,""cmc"":45895208.28,""cantidad_rubros"":2.0,""actividad_principal"":""Principal - 4100 - CONSTRUCCIÓN DE EDIFICIOS"",""penalidades_acum"":0,""sanciones_tcp_acum"":0,""estado"":""ACTIVO"",""condicion"":""HABIDO""}","{""ruc"":""20571244153"",""antiguedad_empresa"":10.0,""cmc"":100000.0,""cantidad_rubros"":3.0,""actividad_principal"":""Principal - 2593 - FABRICACIÓN DE ARTÍCULOS DE CUCHILLERÍA, HERRAMIENTAS DE MANO Y ARTÍCULOS DE FERRETERÍA"",""penalidades_acum"":0,""sanciones_tcp_acum"":0,""estado"":""ACTIVO"",""condicion"":""HABIDO""}",,,,,,,
5656,PASCO,"1,370,596.41",25/11/2022,"{""ruc"":""20528953086"",""antiguedad_empresa"":null,""cmc"":100000.0,""cantidad_rubros"":1.0,""actividad_principal"":""Principal - 4100 - CONSTRUCCIÓN DE EDIFICIOS"",""penalidades_acum"":0,""sanciones_tcp_acum"":0,""estado"":""ACTIVO"",""condicion"":""HABIDO""}","{""ruc"":""20571288363"",""antiguedad_empresa"":10.0,""cmc"":42311408.56,""cantidad_rubros"":3.0,""actividad_principal"":""Principal - 4100 - CONSTRUCCIÓN DE EDIFICIOS"",""penalidades_acum"":0,""sanciones_tcp_acum"":0,""estado"":""ACTIVO"",""condicion"":""HABIDO""}","{""ruc"":""20486834529"",""antiguedad_empresa"":14.0,""cmc"":100000.0,""cantidad_rubros"":3.0,""actividad_principal"":""Principal - 4100 - CONSTRUCCIÓN DE EDIFICIOS"",""penalidades_acum"":0,""sanciones_tcp_acum"":3,""estado"":""ACTIVO"",""condicion"":""HABIDO""}",,,,,,
5657,PASCO,"1,665,690.00",24/11/2022,"{""ruc"":""20528901361"",""antiguedad_empresa"":13.0,""cmc"":24348511.0,""cantidad_rubros"":2.0,""actividad_principal"":""Principal - 4210 - CONSTRUCCIÓN DE CARRETERAS Y VÍAS DE FERROCARRIL"",""penalidades_acum"":0,""sanciones_tcp_acum"":0,""estado"":""ACTIVO"",""condicion"":""HABIDO""}","{""ruc"":""20604694621"",""antiguedad_empresa"":3.0,""cmc"":100000.0,""cantidad_rubros"":3.0,""actividad_principal"":""Principal - 4210 - CONSTRUCCIÓN DE CARRETERAS Y VÍAS DE FERROCARRIL"",""penalidades_acum"":0,""sanciones_tcp_acum"":0,""estado"":""ACTIVO"",""condicion"":""HABIDO""}",,,,,,,
5658,PASCO,"757,788.51",23/11/2022,"{""ruc"":""20573098731"",""antiguedad_empresa"":9.0,""cmc"":11413179.26,""cantidad_rubros"":3.0,""actividad_principal"":""Principal - 4290 - CONSTRUCCIÓN DE OTRAS OBRAS DE INGENIERÍA CIVIL"",""penalidades_acum"":0,""sanciones_tcp_acum"":0,""estado"":""ACTIVO"",""condicion"":""HABIDO""}","{""ruc"":""20604520062"",""antiguedad_empresa"":3.0,""cmc"":100000.0,""cantidad_rubros"":2.0,""actividad_principal"":""Principal - 3600 - CAPTACIÓN, TRATAMIENTO Y DISTRIBUCIÓN DE AGUA"",""penalidades_acum"":0,""sanciones_tcp_acum"":0,""estado"":""BAJA DE OFICIO"",""condicion"":""HABIDO""}",,,,,,,
5659,PASCO,"3,340,106.29",18/11/2022,"{""ruc"":""20489430399"",""antiguedad_empresa"":16.0,""cmc"":100000.0,""cantidad_rubros"":3.0,""actividad_principal"":""Principal - 4390 - OTRAS ACTIVIDADES ESPECIALIZADAS DE CONSTRUCCIÓN"",""penalidades_acum"":0,""sanciones_tcp_acum"":0,""estado"":""ACTIVO"",""condicion"":""HABIDO""}","{""ruc"":""20606797533"",""antiguedad_empresa"":0.0,""cmc"":100000.0,""cantidad_rubros"":3.0,""actividad_principal"":""Principal - 4290 - CONSTRUCCIÓN DE OTRAS OBRAS DE INGENIERÍA CIVIL"",""penalidades_acum"":0,""sanciones_tcp_acum"":0,""estado"":""BAJA DE OFICIO"",""condicion"":""HABIDO""}",,,,,,,
5660,PASCO,"26,269,353.54",10/11/2022,"{""ruc"":""20489544998"",""antiguedad_empresa"":15.0,""cmc"":236719862.42,""cantidad_rubros"":3.0,""actividad_principal"":""Principal - 4210 - CONSTRUCCIÓN DE CARRETERAS Y VÍAS DE FERROCARRIL"",""penalidades_acum"":1,""sanciones_tcp_acum"":2,""estado"":""ACTIVO"",""condicion"":""HABIDO""}","{""ruc"":""20529186429"",""antiguedad_empresa"":11.0,""cmc"":8995109.49,""cantidad_rubros"":3.0,""actividad_principal"":""Principal - 7730 - ALQUILER Y ARRENDAMIENTO DE OTROS TIPOS DE MAQUINARIA, EQUIPO Y BIENES TANGIBLES"",""penalidades_acum"":0,""sanciones_tcp_acum"":1,""estado"":""ACTIVO"",""condicion"":""HABIDO""}",,,,,,,
5661,PASCO,"26,232,738.40",10/11/2022,"{""ruc"":""20514402346"",""antiguedad_empresa"":16.0,""cmc"":100000.0,""cantidad_rubros"":3.0,""actividad_principal"":""Principal - 6190 - OTRAS ACTIVIDADES DE TELECOMUNICACIONES"",""penalidades_acum"":0,""sanciones_tcp_acum"":0,""estado"":""ACTIVO"",""condicion"":""HABIDO""}","{""ruc"":""20529166151"",""antiguedad_empresa"":11.0,""cmc"":22753032.98,""cantidad_rubros"":3.0,""actividad_principal"":""Principal - 4290 - CONSTRUCCIÓN DE OTRAS OBRAS DE INGENIERÍA CIVIL"",""penalidades_acum"":0,""sanciones_tcp_acum"":0,""estado"":""ACTIVO"",""condicion"":""HABIDO""}","{""ruc"":""20528901361"",""antiguedad_empresa"":13.0,""cmc"":24348511.0,""cantidad_rubros"":2.0,""actividad_principal"":""Principal - 4210 - CONSTRUCCIÓN DE CARRETERAS Y VÍAS DE FERROCARRIL"",""penalidades_acum"":0,""sanciones_tcp_acum"":0,""estado"":""ACTIVO"",""condicion"":""HABIDO""}",,,,,,
5662,PASCO,"831,361.53",04/11/2022,"{""ruc"":""20489423775"",""antiguedad_empresa"":3.0,""cmc"":100000.0,""cantidad_rubros"":3.0,""actividad_principal"":""Principal - 4220 - CONSTRUCCIÓN DE PROYECTOS DE SERVICIO PÚBLICO"",""penalidades_acum"":0,""sanciones_tcp_acum"":0,""estado"":""ACTIVO"",""condicion"":""HABIDO""}",,,,,,,,
5663,PASCO,"2,622,253.38",28/10/2022,"{""ruc"":""20541541439"",""antiguedad_empresa"":11.0,""cmc"":100000.0,""cantidad_rubros"":2.0,""actividad_principal"":""Principal - 4100 - CONSTRUCCIÓN DE EDIFICIOS"",""penalidades_acum"":0,""sanciones_tcp_acum"":0,""estado"":""ACTIVO"",""condicion"":""HABIDO""}","{""ruc"":""20489522242"",""antiguedad_empresa"":15.0,""cmc"":100000.0,""cantidad_rubros"":3.0,""actividad_principal"":""Principal - 7020 - ACTIVIDADES DE CONSULTORÍA DE GESTIÓN"",""penalidades_acum"":0,""sanciones_tcp_acum"":0,""estado"":""ACTIVO"",""condicion"":""HABIDO""}",,,,,,,
5664,PASCO,"1,377,155.25",28/10/2022,"{""ruc"":""20529068655"",""antiguedad_empresa"":12.0,""cmc"":100000.0,""cantidad_rubros"":3.0,""actividad_principal"":""Principal - 7730 - ALQUILER Y ARRENDAMIENTO DE OTROS TIPOS DE MAQUINARIA, EQUIPO Y BIENES TANGIBLES"",""penalidades_acum"":0,""sanciones_tcp_acum"":0,""estado"":""ACTIVO"",""condicion"":""HABIDO""}","{""ruc"":""20609789621"",""antiguedad_empresa"":0.0,""cmc"":100000.0,""cantidad_rubros"":2.0,""actividad_principal"":""Principal - 4100 - CONSTRUCCIÓN DE EDIFICIOS"",""penalidades_acum"":0,""sanciones_tcp_acum"":0,""estado"":""ACTIVO"",""condicion"":""HABIDO""}",,,,,,,
5665,PASCO,"800,272.41",27/10/2022,"{""ruc"":""20489748054"",""antiguedad_empresa"":13.0,""cmc"":100000.0,""cantidad_rubros"":3.0,""actividad_principal"":""Principal - 4390 - OTRAS ACTIVIDADES ESPECIALIZADAS DE CONSTRUCCIÓN"",""penalidades_acum"":0,""sanciones_tcp_acum"":0,""estado"":""ACTIVO"",""condicion"":""HABIDO""}","{""ruc"":""20542471337"",""antiguedad_empresa"":10.0,""cmc"":500000.0,""cantidad_rubros"":3.0,""actividad_principal"":""Principal - 7110 - ACTIVIDADES DE ARQUITECTURA E INGENIERÍA Y ACTIVIDADES CONEXAS DE CONSULTORÍA TÉCNICA"",""penalidades_acum"":0,""sanciones_tcp_acum"":0,""estado"":""ACTIVO"",""condicion"":""HABIDO""}",,,,,,,
5666,PASCO,"682,009.66",26/10/2022,"{""ruc"":""20573098731"",""antiguedad_empresa"":9.0,""cmc"":11413179.26,""cantidad_rubros"":3.0,""actividad_principal"":""Principal - 4290 - CONSTRUCCIÓN DE OTRAS OBRAS DE INGENIERÍA CIVIL"",""penalidades_acum"":0,""sanciones_tcp_acum"":0,""estado"":""ACTIVO"",""condicion"":""HABIDO""}","{""ruc"":""20604520062"",""antiguedad_empresa"":3.0,""cmc"":100000.0,""cantidad_rubros"":2.0,""actividad_principal"":""Principal - 3600 - CAPTACIÓN, TRATAMIENTO Y DISTRIBUCIÓN DE AGUA"",""penalidades_acum"":0,""sanciones_tcp_acum"":0,""estado"":""BAJA DE OFICIO"",""condicion"":""HABIDO""}",,,,,,,
5667,PASCO,"3,656,048.53",24/10/2022,"{""ruc"":""20486975939"",""antiguedad_empresa"":14.0,""cmc"":125866033.84,""cantidad_rubros"":3.0,""actividad_principal"":""Principal - 4100 - CONSTRUCCIÓN DE EDIFICIOS"",""penalidades_acum"":0,""sanciones_tcp_acum"":0,""estado"":""ACTIVO"",""condicion"":""HABIDO""}",,,,,,,,
5668,PASCO,"1,501,112.74",12/10/2022,"{""ruc"":""20573098731"",""antiguedad_empresa"":9.0,""cmc"":11413179.26,""cantidad_rubros"":3.0,""actividad_principal"":""Principal - 4290 - CONSTRUCCIÓN DE OTRAS OBRAS DE INGENIERÍA CIVIL"",""penalidades_acum"":0,""sanciones_tcp_acum"":0,""estado"":""ACTIVO"",""condicion"":""HABIDO""}","{""ruc"":""20551950990"",""antiguedad_empresa"":7.0,""cmc"":100000.0,""cantidad_rubros"":3.0,""actividad_principal"":""Principal - 4663 - VENTA AL POR MAYOR DE MATERIALES DE CONSTRUCCIÓN, ARTÍCULOS DE FERRETERÍA Y EQUIPO Y MATERIALES DE FONTANERÍA Y CALEFACCIÓN"",""penalidades_acum"":0,""sanciones_tcp_acum"":0,""estado"":""ACTIVO"",""condicion"":""HABIDO""}",,,,,,,
5669,PASCO,"1,473,990.59",11/10/2022,"{""ruc"":""20547097069"",""antiguedad_empresa"":10.0,""cmc"":100000.0,""cantidad_rubros"":3.0,""actividad_principal"":""Principal - 4100 - CONSTRUCCIÓN DE EDIFICIOS"",""penalidades_acum"":1,""sanciones_tcp_acum"":1,""estado"":""ACTIVO"",""condicion"":""HABIDO""}","{""ruc"":""20608946889"",""antiguedad_empresa"":0.0,""cmc"":100000.0,""cantidad_rubros"":3.0,""actividad_principal"":""Principal - 4100 - CONSTRUCCIÓN DE EDIFICIOS"",""penalidades_acum"":0,""sanciones_tcp_acum"":0,""estado"":""ACTIVO"",""condicion"":""HABIDO""}",,,,,,,
5670,PASCO,"5,964,254.76",06/10/2022,"{""ruc"":""20541559214"",""antiguedad_empresa"":4.0,""cmc"":100000.0,""cantidad_rubros"":2.0,""actividad_principal"":""Principal - 4100 - CONSTRUCCIÓN DE EDIFICIOS"",""penalidades_acum"":0,""sanciones_tcp_acum"":0,""estado"":""ACTIVO"",""condicion"":""HABIDO""}","{""ruc"":""20569048916"",""antiguedad_empresa"":8.0,""cmc"":100000.0,""cantidad_rubros"":3.0,""actividad_principal"":""Principal - 4210 - CONSTRUCCIÓN DE CARRETERAS Y VÍAS DE FERROCARRIL"",""penalidades_acum"":0,""sanciones_tcp_acum"":1,""estado"":""ACTIVO"",""condicion"":""HABIDO""}","{""ruc"":""20604977411"",""antiguedad_empresa"":3.0,""cmc"":100000.0,""cantidad_rubros"":3.0,""actividad_principal"":""Principal - 4100 - CONSTRUCCIÓN DE EDIFICIOS"",""penalidades_acum"":0,""sanciones_tcp_acum"":0,""estado"":""BAJA DE OFICIO"",""condicion"":""HABIDO""}",,,,,,
5671,PASCO,"5,926,870.15",05/10/2022,"{""ruc"":""20517623394"",""antiguedad_empresa"":15.0,""cmc"":100000.0,""cantidad_rubros"":2.0,""actividad_principal"":""Principal - 7730 - ALQUILER Y ARRENDAMIENTO DE OTROS TIPOS DE MAQUINARIA, EQUIPO Y BIENES TANGIBLES"",""penalidades_acum"":0,""sanciones_tcp_acum"":3,""estado"":""ACTIVO"",""condicion"":""HABIDO""}","{""ruc"":""20486513137"",""antiguedad_empresa"":16.0,""cmc"":20711211.24,""cantidad_rubros"":3.0,""actividad_principal"":""Principal - 4100 - CONSTRUCCIÓN DE EDIFICIOS"",""penalidades_acum"":0,""sanciones_tcp_acum"":0,""estado"":""ACTIVO"",""condicion"":""HABIDO""}",,,,,,,
5672,PASCO,"4,254,745.73",05/10/2022,"{""ruc"":""20517623394"",""antiguedad_empresa"":15.0,""cmc"":100000.0,""cantidad_rubros"":2.0,""actividad_principal"":""Principal - 7730 - ALQUILER Y ARRENDAMIENTO DE OTROS TIPOS DE MAQUINARIA, EQUIPO Y BIENES TANGIBLES"",""penalidades_acum"":0,""sanciones_tcp_acum"":3,""estado"":""ACTIVO"",""condicion"":""HABIDO""}","{""ruc"":""20486513137"",""antiguedad_empresa"":16.0,""cmc"":20711211.24,""cantidad_rubros"":3.0,""actividad_principal"":""Principal - 4100 - CONSTRUCCIÓN DE EDIFICIOS"",""penalidades_acum"":0,""sanciones_tcp_acum"":0,""estado"":""ACTIVO"",""condicion"":""HABIDO""}",,,,,,,
5673,PASCO,"2,872,456.80",27/09/2022,"{""ruc"":""20489537274"",""antiguedad_empresa"":15.0,""cmc"":500000.0,""cantidad_rubros"":1.0,""actividad_principal"":""Principal - 4100 - CONSTRUCCIÓN DE EDIFICIOS"",""penalidades_acum"":0,""sanciones_tcp_acum"":0,""estado"":""ACTIVO"",""condicion"":""HABIDO""}","{""ruc"":""20529137720"",""antiguedad_empresa"":11.0,""cmc"":100000.0,""cantidad_rubros"":3.0,""actividad_principal"":""Principal - 4100 - CONSTRUCCIÓN DE EDIFICIOS"",""penalidades_acum"":0,""sanciones_tcp_acum"":0,""estado"":""ACTIVO"",""condicion"":""HABIDO""}",,,,,,,
5674,PASCO,"3,899,218.79",31/08/2022,"{""ruc"":""20529202998"",""antiguedad_empresa"":11.0,""cmc"":49791999.33,""cantidad_rubros"":3.0,""actividad_principal"":""Principal - 4210 - CONSTRUCCIÓN DE CARRETERAS Y VÍAS DE FERROCARRIL"",""penalidades_acum"":0,""sanciones_tcp_acum"":0,""estado"":""ACTIVO"",""condicion"":""HABIDO""}","{""ruc"":""20604063290"",""antiguedad_empresa"":3.0,""cmc"":1649680.89,""cantidad_rubros"":3.0,""actividad_principal"":""Principal - 4220 - CONSTRUCCIÓN DE PROYECTOS DE SERVICIO PÚBLICO"",""penalidades_acum"":0,""sanciones_tcp_acum"":0,""estado"":""ACTIVO"",""condicion"":""HABIDO""}",,,,,,,
5675,PASCO,"2,133,600.54",04/08/2022,"{""ruc"":""20529230851"",""antiguedad_empresa"":11.0,""cmc"":100000.0,""cantidad_rubros"":2.0,""actividad_principal"":""Principal - 4923 - TRANSPORTE DE CARGA POR CARRETERA"",""penalidades_acum"":0,""sanciones_tcp_acum"":0,""estado"":""ACTIVO"",""condicion"":""HABIDO""}","{""ruc"":""20528901361"",""antiguedad_empresa"":13.0,""cmc"":24348511.0,""cantidad_rubros"":2.0,""actividad_principal"":""Principal - 4210 - CONSTRUCCIÓN DE CARRETERAS Y VÍAS DE FERROCARRIL"",""penalidades_acum"":0,""sanciones_tcp_acum"":0,""estado"":""ACTIVO"",""condicion"":""HABIDO""}",,,,,,,
5676,PASCO,"2,877,771.63",22/07/2022,"{""ruc"":""20539807162"",""antiguedad_empresa"":10.0,""cmc"":500000.0,""cantidad_rubros"":3.0,""actividad_principal"":""Principal - 7730 - ALQUILER Y ARRENDAMIENTO DE OTROS TIPOS DE MAQUINARIA, EQUIPO Y BIENES TANGIBLES"",""penalidades_acum"":0,""sanciones_tcp_acum"":0,""estado"":""ACTIVO"",""condicion"":""HABIDO""}","{""ruc"":""20568894180"",""antiguedad_empresa"":5.0,""cmc"":100000.0,""cantidad_rubros"":3.0,""actividad_principal"":""Principal - 4210 - CONSTRUCCIÓN DE CARRETERAS Y VÍAS DE FERROCARRIL"",""penalidades_acum"":0,""sanciones_tcp_acum"":0,""estado"":""BAJA DE OFICIO"",""condicion"":""NO HABIDO""}",,,,,,,
5677,PASCO,"1,688,833.05",21/07/2022,"{""ruc"":""20600592786"",""antiguedad_empresa"":6.0,""cmc"":3589878.85,""cantidad_rubros"":3.0,""actividad_principal"":""Principal - 4100 - CONSTRUCCIÓN DE EDIFICIOS"",""penalidades_acum"":0,""sanciones_tcp_acum"":0,""estado"":""ACTIVO"",""condicion"":""HABIDO""}","{""ruc"":""20603194676"",""antiguedad_empresa"":4.0,""cmc"":526526944.78,""cantidad_rubros"":3.0,""actividad_principal"":""Principal - 4290 - CONSTRUCCIÓN DE OTRAS OBRAS DE INGENIERÍA CIVIL"",""penalidades_acum"":0,""sanciones_tcp_acum"":0,""estado"":""ACTIVO"",""condicion"":""HABIDO""}",,,,,,,
5678,PASCO,"4,064,331.12",20/07/2022,"{""ruc"":""20489739900"",""antiguedad_empresa"":13.0,""cmc"":500000.0,""cantidad_rubros"":3.0,""actividad_principal"":""Principal - 4100 - CONSTRUCCIÓN DE EDIFICIOS"",""penalidades_acum"":0,""sanciones_tcp_acum"":0,""estado"":""ACTIVO"",""condicion"":""HABIDO""}","{""ruc"":""20528917951"",""antiguedad_empresa"":13.0,""cmc"":100000.0,""cantidad_rubros"":3.0,""actividad_principal"":""Principal - 4100 - CONSTRUCCIÓN DE EDIFICIOS"",""penalidades_acum"":0,""sanciones_tcp_acum"":0,""estado"":""ACTIVO"",""condicion"":""HABIDO""}",,,,,,,
5679,PASCO,"2,040,678.54",13/07/2022,"{""ruc"":""20489739900"",""antiguedad_empresa"":13.0,""cmc"":500000.0,""cantidad_rubros"":3.0,""actividad_principal"":""Principal - 4100 - CONSTRUCCIÓN DE EDIFICIOS"",""penalidades_acum"":0,""sanciones_tcp_acum"":0,""estado"":""ACTIVO"",""condicion"":""HABIDO""}","{""ruc"":""20542577836"",""antiguedad_empresa"":10.0,""cmc"":100000.0,""cantidad_rubros"":3.0,""actividad_principal"":""Principal - 4100 - CONSTRUCCIÓN DE EDIFICIOS"",""penalidades_acum"":0,""sanciones_tcp_acum"":0,""estado"":""ACTIVO"",""condicion"":""HABIDO""}",,,,,,,
5680,PASCO,"2,194,661.17",13/07/2022,"{""ruc"":""20489585325"",""antiguedad_empresa"":15.0,""cmc"":1086877079.64,""cantidad_rubros"":3.0,""actividad_principal"":""Principal - 4210 - CONSTRUCCIÓN DE CARRETERAS Y VÍAS DE FERROCARRIL"",""penalidades_acum"":0,""sanciones_tcp_acum"":0,""estado"":""ACTIVO"",""condicion"":""HABIDO""}",,,,,,,,
5681,PASCO,"3,656,846.83",07/07/2022,"{""ruc"":""20450519783"",""antiguedad_empresa"":14.0,""cmc"":100000.0,""cantidad_rubros"":3.0,""actividad_principal"":""Principal - 2511 - FABRICACION DE PRODUCTOS METALICOS PARA USO ESTRUCTURAL"",""penalidades_acum"":0,""sanciones_tcp_acum"":3,""estado"":""ACTIVO"",""condicion"":""HABIDO""}","{""ruc"":""20571244153"",""antiguedad_empresa"":10.0,""cmc"":100000.0,""cantidad_rubros"":3.0,""actividad_principal"":""Principal - 2593 - FABRICACIÓN DE ARTÍCULOS DE CUCHILLERÍA, HERRAMIENTAS DE MANO Y ARTÍCULOS DE FERRETERÍA"",""penalidades_acum"":0,""sanciones_tcp_acum"":0,""estado"":""ACTIVO"",""condicion"":""HABIDO""}",,,,,,,
5682,PASCO,"3,001,084.67",07/07/2022,"{""ruc"":""20489536979"",""antiguedad_empresa"":15.0,""cmc"":99122010.24,""cantidad_rubros"":3.0,""actividad_principal"":""Principal - 7110 - ACTIVIDADES DE ARQUITECTURA E INGENIERÍA Y ACTIVIDADES CONEXAS DE CONSULTORÍA TÉCNICA"",""penalidades_acum"":2,""sanciones_tcp_acum"":0,""estado"":""ACTIVO"",""condicion"":""HABIDO""}","{""ruc"":""20528917951"",""antiguedad_empresa"":13.0,""cmc"":100000.0,""cantidad_rubros"":3.0,""actividad_principal"":""Principal - 4100 - CONSTRUCCIÓN DE EDIFICIOS"",""penalidades_acum"":0,""sanciones_tcp_acum"":0,""estado"":""ACTIVO"",""condicion"":""HABIDO""}",,,,,,,
5683,PASCO,"14,112,463.26",23/06/2022,"{""ruc"":""20604553947"",""antiguedad_empresa"":3.0,""cmc"":100000.0,""cantidad_rubros"":3.0,""actividad_principal"":""Principal - 4663 - VENTA AL POR MAYOR DE MATERIALES DE CONSTRUCCIÓN, ARTÍCULOS DE FERRETERÍA Y EQUIPO Y MATERIALES DE FONTANERÍA Y CALEFACCIÓN"",""penalidades_acum"":0,""sanciones_tcp_acum"":1,""estado"":""ACTIVO"",""condicion"":""HABIDO""}","{""ruc"":""20489537274"",""antiguedad_empresa"":15.0,""cmc"":500000.0,""cantidad_rubros"":1.0,""actividad_principal"":""Principal - 4100 - CONSTRUCCIÓN DE EDIFICIOS"",""penalidades_acum"":0,""sanciones_tcp_acum"":0,""estado"":""ACTIVO"",""condicion"":""HABIDO""}","{""ruc"":""20489739900"",""antiguedad_empresa"":13.0,""cmc"":500000.0,""cantidad_rubros"":3.0,""actividad_principal"":""Principal - 4100 - CONSTRUCCIÓN DE EDIFICIOS"",""penalidades_acum"":0,""sanciones_tcp_acum"":0,""estado"":""ACTIVO"",""condicion"":""HABIDO""}",,,,,,
5684,PASCO,"17,291,800.28",07/06/2022,"{""ruc"":""20568235810"",""antiguedad_empresa"":10.0,""cmc"":100000.0,""cantidad_rubros"":3.0,""actividad_principal"":""Principal - 4329 - OTRAS INSTALACIONES PARA OBRAS DE CONSTRUCCIÓN"",""penalidades_acum"":0,""sanciones_tcp_acum"":0,""estado"":""ACTIVO"",""condicion"":""HABIDO""}","{""ruc"":""20486960401"",""antiguedad_empresa"":14.0,""cmc"":294813583.41,""cantidad_rubros"":3.0,""actividad_principal"":""Principal - 4923 - TRANSPORTE DE CARGA POR CARRETERA"",""penalidades_acum"":4,""sanciones_tcp_acum"":1,""estado"":""ACTIVO"",""condicion"":""HABIDO""}",,,,,,,
5685,PASCO,"522,509.76",03/06/2022,"{""ruc"":""20529111259"",""antiguedad_empresa"":12.0,""cmc"":100000.0,""cantidad_rubros"":3.0,""actividad_principal"":""Principal - 4290 - CONSTRUCCIÓN DE OTRAS OBRAS DE INGENIERÍA CIVIL"",""penalidades_acum"":0,""sanciones_tcp_acum"":0,""estado"":""ACTIVO"",""condicion"":""HABIDO""}","{""ruc"":""20489536979"",""antiguedad_empresa"":15.0,""cmc"":99122010.24,""cantidad_rubros"":3.0,""actividad_principal"":""Principal - 7110 - ACTIVIDADES DE ARQUITECTURA E INGENIERÍA Y ACTIVIDADES CONEXAS DE CONSULTORÍA TÉCNICA"",""penalidades_acum"":2,""sanciones_tcp_acum"":0,""estado"":""ACTIVO"",""condicion"":""HABIDO""}",,,,,,,
5686,PASCO,"2,040,678.54",30/05/2022,"{""ruc"":""20489536979"",""antiguedad_empresa"":15.0,""cmc"":99122010.24,""cantidad_rubros"":3.0,""actividad_principal"":""Principal - 7110 - ACTIVIDADES DE ARQUITECTURA E INGENIERÍA Y ACTIVIDADES CONEXAS DE CONSULTORÍA TÉCNICA"",""penalidades_acum"":2,""sanciones_tcp_acum"":0,""estado"":""ACTIVO"",""condicion"":""HABIDO""}","{""ruc"":""20542577836"",""antiguedad_empresa"":10.0,""cmc"":100000.0,""cantidad_rubros"":3.0,""actividad_principal"":""Principal - 4100 - CONSTRUCCIÓN DE EDIFICIOS"",""penalidades_acum"":0,""sanciones_tcp_acum"":0,""estado"":""ACTIVO"",""condicion"":""HABIDO""}",,,,,,,
5687,PASCO,"1,770,325.28",25/05/2022,"{""ruc"":""20489544998"",""antiguedad_empresa"":15.0,""cmc"":236719862.42,""cantidad_rubros"":3.0,""actividad_principal"":""Principal - 4210 - CONSTRUCCIÓN DE CARRETERAS Y VÍAS DE FERROCARRIL"",""penalidades_acum"":1,""sanciones_tcp_acum"":2,""estado"":""ACTIVO"",""condicion"":""HABIDO""}","{""ruc"":""20542451735"",""antiguedad_empresa"":10.0,""cmc"":100000.0,""cantidad_rubros"":3.0,""actividad_principal"":""Principal - 4100 - CONSTRUCCIÓN DE EDIFICIOS"",""penalidades_acum"":0,""sanciones_tcp_acum"":0,""estado"":""ACTIVO"",""condicion"":""HABIDO""}",,,,,,,
5688,PASCO,"694,258.05",24/05/2022,"{""ruc"":""20487065502"",""antiguedad_empresa"":10.0,""cmc"":500000.0,""cantidad_rubros"":3.0,""actividad_principal"":""Principal - 4210 - CONSTRUCCIÓN DE CARRETERAS Y VÍAS DE FERROCARRIL"",""penalidades_acum"":0,""sanciones_tcp_acum"":0,""estado"":""ACTIVO"",""condicion"":""HABIDO""}","{""ruc"":""20486397714"",""antiguedad_empresa"":16.0,""cmc"":107056548.22,""cantidad_rubros"":3.0,""actividad_principal"":""Principal - 4100 - CONSTRUCCIÓN DE EDIFICIOS"",""penalidades_acum"":0,""sanciones_tcp_acum"":0,""estado"":""ACTIVO"",""condicion"":""HABIDO""}",,,,,,,
5689,PASCO,"2,200,404.22",19/05/2022,"{""ruc"":""20489537274"",""antiguedad_empresa"":15.0,""cmc"":500000.0,""cantidad_rubros"":1.0,""actividad_principal"":""Principal - 4100 - CONSTRUCCIÓN DE EDIFICIOS"",""penalidades_acum"":0,""sanciones_tcp_acum"":0,""estado"":""ACTIVO"",""condicion"":""HABIDO""}","{""ruc"":""20604441103"",""antiguedad_empresa"":3.0,""cmc"":9669942.7,""cantidad_rubros"":3.0,""actividad_principal"":""Principal - 4290 - CONSTRUCCIÓN DE OTRAS OBRAS DE INGENIERÍA CIVIL"",""penalidades_acum"":0,""sanciones_tcp_acum"":0,""estado"":""ACTIVO"",""condicion"":""HABIDO""}",,,,,,,
5690,PASCO,"20,377,545.67",28/01/2022,"{""ruc"":""20489466741"",""antiguedad_empresa"":16.0,""cmc"":20507403.53,""cantidad_rubros"":2.0,""actividad_principal"":""Principal - 4290 - CONSTRUCCIÓN DE OTRAS OBRAS DE INGENIERÍA CIVIL"",""penalidades_acum"":0,""sanciones_tcp_acum"":0,""estado"":""ACTIVO"",""condicion"":""HABIDO""}","{""ruc"":""20528924221"",""antiguedad_empresa"":13.0,""cmc"":212066720.22,""cantidad_rubros"":3.0,""actividad_principal"":""Principal - 4100 - CONSTRUCCIÓN DE EDIFICIOS"",""penalidades_acum"":0,""sanciones_tcp_acum"":1,""estado"":""ACTIVO"",""condicion"":""HABIDO""}",,,,,,,
5706,PASCO,"1,485,554.13",27/12/2024,"{""ruc"":""20573333081"",""antiguedad_empresa"":6.0,""cmc"":7066601.44,""cantidad_rubros"":3.0,""actividad_principal"":""Principal - 4210 - CONSTRUCCIÓN DE CARRETERAS Y VÍAS DE FERROCARRIL"",""penalidades_acum"":2,""sanciones_tcp_acum"":2,""estado"":""ACTIVO"",""condicion"":""HABIDO""}","{""ruc"":""20603919395"",""antiguedad_empresa"":6.0,""cmc"":185991.0,""cantidad_rubros"":3.0,""actividad_principal"":""Principal - 4210 - CONSTRUCCIÓN DE CARRETERAS Y VÍAS DE FERROCARRIL"",""penalidades_acum"":0,""sanciones_tcp_acum"":0,""estado"":""ACTIVO"",""condicion"":""HABIDO""}",,,,,,,
5707,PASCO,"14,032,438.44",27/12/2024,"{""ruc"":""20486845725"",""antiguedad_empresa"":16.0,""cmc"":100000.0,""cantidad_rubros"":3.0,""actividad_principal"":""Principal - 4100 - CONSTRUCCIÓN DE EDIFICIOS"",""penalidades_acum"":0,""sanciones_tcp_acum"":1,""estado"":""ACTIVO"",""condicion"":""HABIDO""}","{""ruc"":""20529068655"",""antiguedad_empresa"":14.0,""cmc"":100000.0,""cantidad_rubros"":3.0,""actividad_principal"":""Principal - 7730 - ALQUILER Y ARRENDAMIENTO DE OTROS TIPOS DE MAQUINARIA, EQUIPO Y BIENES TANGIBLES"",""penalidades_acum"":0,""sanciones_tcp_acum"":0,""estado"":""ACTIVO"",""condicion"":""HABIDO""}",,,,,,,
5708,PASCO,"6,573,767.86",27/12/2024,"{""ruc"":""20489747244"",""antiguedad_empresa"":15.0,""cmc"":100000.0,""cantidad_rubros"":3.0,""actividad_principal"":""Principal - 4100 - CONSTRUCCIÓN DE EDIFICIOS"",""penalidades_acum"":0,""sanciones_tcp_acum"":0,""estado"":""ACTIVO"",""condicion"":""HABIDO""}","{""ruc"":""20603013540"",""antiguedad_empresa"":6.0,""cmc"":88749065.9,""cantidad_rubros"":3.0,""actividad_principal"":""Principal - 4100 - CONSTRUCCIÓN DE EDIFICIOS"",""penalidades_acum"":0,""sanciones_tcp_acum"":0,""estado"":""ACTIVO"",""condicion"":""HABIDO""}","{""ruc"":""20604906475"",""antiguedad_empresa"":5.0,""cmc"":8882612.26,""cantidad_rubros"":3.0,""actividad_principal"":""Principal - 7730 - ALQUILER Y ARRENDAMIENTO DE OTROS TIPOS DE MAQUINARIA, EQUIPO Y BIENES TANGIBLES"",""penalidades_acum"":0,""sanciones_tcp_acum"":0,""estado"":""ACTIVO"",""condicion"":""HABIDO""}",,,,,,
5709,PASCO,"3,135,354.64",27/12/2024,"{""ruc"":""20573098731"",""antiguedad_empresa"":11.0,""cmc"":11413179.26,""cantidad_rubros"":3.0,""actividad_principal"":""Principal - 4290 - CONSTRUCCIÓN DE OTRAS OBRAS DE INGENIERÍA CIVIL"",""penalidades_acum"":0,""sanciones_tcp_acum"":0,""estado"":""ACTIVO"",""condicion"":""HABIDO""}","{""ruc"":""20613377205"",""antiguedad_empresa"":0.0,""cmc"":400000.0,""cantidad_rubros"":3.0,""actividad_principal"":""Principal - 4100 - CONSTRUCCIÓN DE EDIFICIOS"",""penalidades_acum"":0,""sanciones_tcp_acum"":0,""estado"":""ACTIVO"",""condicion"":""HABIDO""}",,,,,,,
5710,PASCO,"2,974,269.41",26/12/2024,"{""ruc"":""20446927753"",""antiguedad_empresa"":25.0,""cmc"":75450475.76,""cantidad_rubros"":3.0,""actividad_principal"":""Principal - 4100 - CONSTRUCCIÓN DE EDIFICIOS"",""penalidades_acum"":0,""sanciones_tcp_acum"":0,""estado"":""ACTIVO"",""condicion"":""HABIDO""}",,,,,,,,
5711,PASCO,"30,381,224.98",20/12/2024,"{""ruc"":""10324057035"",""antiguedad_empresa"":24.0,""cmc"":null,""cantidad_rubros"":2.0,""actividad_principal"":""Principal - 7110 - ACTIVIDADES DE ARQUITECTURA E INGENIERÍA Y ACTIVIDADES CONEXAS DE CONSULTORÍA TÉCNICA"",""penalidades_acum"":2,""sanciones_tcp_acum"":0,""estado"":""ACTIVO"",""condicion"":""HABIDO""}","{""ruc"":""20571395283"",""antiguedad_empresa"":12.0,""cmc"":60678436.15,""cantidad_rubros"":3.0,""actividad_principal"":""Principal - 4100 - CONSTRUCCIÓN DE EDIFICIOS"",""penalidades_acum"":0,""sanciones_tcp_acum"":0,""estado"":""ACTIVO"",""condicion"":""HABIDO""}",,,,,,,
5712,PASCO,"14,878,581.52",20/12/2024,"{""ruc"":""20407836872"",""antiguedad_empresa"":15.0,""cmc"":32190460.87,""cantidad_rubros"":3.0,""actividad_principal"":""Principal - 4210 - CONSTRUCCIÓN DE CARRETERAS Y VÍAS DE FERROCARRIL"",""penalidades_acum"":0,""sanciones_tcp_acum"":0,""estado"":""ACTIVO"",""condicion"":""HABIDO""}","{""ruc"":""20573225199"",""antiguedad_empresa"":5.0,""cmc"":350000.0,""cantidad_rubros"":3.0,""actividad_principal"":""Principal - 4100 - CONSTRUCCIÓN DE EDIFICIOS"",""penalidades_acum"":0,""sanciones_tcp_acum"":0,""estado"":""ACTIVO"",""condicion"":""HABIDO""}",,,,,,,
5713,PASCO,"11,999,999.20",19/12/2024,"{""ruc"":""20600967496"",""antiguedad_empresa"":8.0,""cmc"":14404574.1,""cantidad_rubros"":3.0,""actividad_principal"":""Principal - 4220 - CONSTRUCCIÓN DE PROYECTOS DE SERVICIO PÚBLICO"",""penalidades_acum"":0,""sanciones_tcp_acum"":0,""estado"":""ACTIVO"",""condicion"":""HABIDO""}","{""ruc"":""20603549261"",""antiguedad_empresa"":6.0,""cmc"":100000.0,""cantidad_rubros"":3.0,""actividad_principal"":""Principal - 4100 - CONSTRUCCIÓN DE EDIFICIOS"",""penalidades_acum"":0,""sanciones_tcp_acum"":0,""estado"":""ACTIVO"",""condicion"":""HABIDO""}","{""ruc"":""20446927753"",""antiguedad_empresa"":25.0,""cmc"":75450475.76,""cantidad_rubros"":3.0,""actividad_principal"":""Principal - 4100 - CONSTRUCCIÓN DE EDIFICIOS"",""penalidades_acum"":0,""sanciones_tcp_acum"":0,""estado"":""ACTIVO"",""condicion"":""HABIDO""}",,,,,,
5714,PASCO,"4,097,848.78",19/12/2024,"{""ruc"":""20529215038"",""antiguedad_empresa"":13.0,""cmc"":16122368.22,""cantidad_rubros"":3.0,""actividad_principal"":""Principal - 4100 - CONSTRUCCIÓN DE EDIFICIOS"",""penalidades_acum"":0,""sanciones_tcp_acum"":0,""estado"":""ACTIVO"",""condicion"":""HABIDO""}","{""ruc"":""20613220004"",""antiguedad_empresa"":0.0,""cmc"":100000.0,""cantidad_rubros"":2.0,""actividad_principal"":""Principal - 4100 - CONSTRUCCIÓN DE EDIFICIOS"",""penalidades_acum"":0,""sanciones_tcp_acum"":0,""estado"":""ACTIVO"",""condicion"":""HABIDO""}",,,,,,,
5715,PASCO,"14,491,721.72",17/12/2024,"{""ruc"":""20571395283"",""antiguedad_empresa"":12.0,""cmc"":60678436.15,""cantidad_rubros"":3.0,""actividad_principal"":""Principal - 4100 - CONSTRUCCIÓN DE EDIFICIOS"",""penalidades_acum"":0,""sanciones_tcp_acum"":0,""estado"":""ACTIVO"",""condicion"":""HABIDO""}","{""ruc"":""20603398573"",""antiguedad_empresa"":6.0,""cmc"":100000.0,""cantidad_rubros"":3.0,""actividad_principal"":""Principal - 4290 - CONSTRUCCIÓN DE OTRAS OBRAS DE INGENIERÍA CIVIL"",""penalidades_acum"":0,""sanciones_tcp_acum"":0,""estado"":""ACTIVO"",""condicion"":""HABIDO""}",,,,,,,
5716,PASCO,"13,537,398.28",13/12/2024,"{""ruc"":""20611372338"",""antiguedad_empresa"":1.0,""cmc"":100000.0,""cantidad_rubros"":3.0,""actividad_principal"":""Principal - 4100 - CONSTRUCCIÓN DE EDIFICIOS"",""penalidades_acum"":0,""sanciones_tcp_acum"":0,""estado"":""ACTIVO"",""condicion"":""HABIDO""}","{""ruc"":""20494951020"",""antiguedad_empresa"":14.0,""cmc"":100000.0,""cantidad_rubros"":3.0,""actividad_principal"":""Principal - 4100 - CONSTRUCCIÓN DE EDIFICIOS"",""penalidades_acum"":11,""sanciones_tcp_acum"":0,""estado"":""ACTIVO"",""condicion"":""HABIDO""}",,,,,,,
5717,PASCO,"15,262,141.86",03/12/2024,"{""ruc"":""10411982438"",""antiguedad_empresa"":16.0,""cmc"":null,""cantidad_rubros"":3.0,""actividad_principal"":""Principal - 7110 - ACTIVIDADES DE ARQUITECTURA E INGENIERÍA Y ACTIVIDADES CONEXAS DE CONSULTORÍA TÉCNICA"",""penalidades_acum"":1,""sanciones_tcp_acum"":0,""estado"":""ACTIVO"",""condicion"":""HABIDO""}","{""ruc"":""20529068655"",""antiguedad_empresa"":14.0,""cmc"":100000.0,""cantidad_rubros"":3.0,""actividad_principal"":""Principal - 7730 - ALQUILER Y ARRENDAMIENTO DE OTROS TIPOS DE MAQUINARIA, EQUIPO Y BIENES TANGIBLES"",""penalidades_acum"":0,""sanciones_tcp_acum"":0,""estado"":""ACTIVO"",""condicion"":""HABIDO""}","{""ruc"":""20529111259"",""antiguedad_empresa"":14.0,""cmc"":100000.0,""cantidad_rubros"":3.0,""actividad_principal"":""Principal - 4290 - CONSTRUCCIÓN DE OTRAS OBRAS DE INGENIERÍA CIVIL"",""penalidades_acum"":0,""sanciones_tcp_acum"":0,""estado"":""ACTIVO"",""condicion"":""HABIDO""}",,,,,,
5718,PASCO,"475,761,000.00",28/11/2024,"{""ruc"":""20600099541"",""antiguedad_empresa"":9.0,""cmc"":400000.0,""cantidad_rubros"":3.0,""actividad_principal"":""Principal - 4210 - CONSTRUCCIÓN DE CARRETERAS Y VÍAS DE FERROCARRIL"",""penalidades_acum"":0,""sanciones_tcp_acum"":0,""estado"":""ACTIVO"",""condicion"":""HABIDO""}","{""ruc"":""20602581234"",""antiguedad_empresa"":7.0,""cmc"":100000.0,""cantidad_rubros"":3.0,""actividad_principal"":""Principal - 4100 - CONSTRUCCIÓN DE EDIFICIOS"",""penalidades_acum"":0,""sanciones_tcp_acum"":0,""estado"":""ACTIVO"",""condicion"":""HABIDO""}","{""ruc"":""20605286306"",""antiguedad_empresa"":5.0,""cmc"":486989315.03,""cantidad_rubros"":1.0,""actividad_principal"":""Principal - 7110 - ACTIVIDADES DE ARQUITECTURA E INGENIERÍA Y ACTIVIDADES CONEXAS DE CONSULTORÍA TÉCNICA"",""penalidades_acum"":0,""sanciones_tcp_acum"":0,""estado"":""ACTIVO"",""condicion"":""HABIDO""}",,,,,,
5719,PASCO,"13,039,949.14",05/11/2024,"{""ruc"":""20489626706"",""antiguedad_empresa"":16.0,""cmc"":241904391.26,""cantidad_rubros"":3.0,""actividad_principal"":""Principal - 4290 - CONSTRUCCIÓN DE OTRAS OBRAS DE INGENIERÍA CIVIL"",""penalidades_acum"":0,""sanciones_tcp_acum"":2,""estado"":""ACTIVO"",""condicion"":""HABIDO""}","{""ruc"":""20529033274"",""antiguedad_empresa"":14.0,""cmc"":1131760623.51,""cantidad_rubros"":3.0,""actividad_principal"":""Principal - 4290 - CONSTRUCCIÓN DE OTRAS OBRAS DE INGENIERÍA CIVIL"",""penalidades_acum"":0,""sanciones_tcp_acum"":0,""estado"":""ACTIVO"",""condicion"":""HABIDO""}",,,,,,,
5720,PASCO,"61,586,496.22",04/11/2024,"{""ruc"":""20608077163"",""antiguedad_empresa"":3.0,""cmc"":4636396.79,""cantidad_rubros"":2.0,""actividad_principal"":""Principal - 7110 - ACTIVIDADES DE ARQUITECTURA E INGENIERÍA Y ACTIVIDADES CONEXAS DE CONSULTORÍA TÉCNICA"",""penalidades_acum"":0,""sanciones_tcp_acum"":0,""estado"":""ACTIVO"",""condicion"":""HABIDO""}","{""ruc"":""20601771641"",""antiguedad_empresa"":7.0,""cmc"":1369406455.98,""cantidad_rubros"":3.0,""actividad_principal"":""Principal - 4100 - CONSTRUCCIÓN DE EDIFICIOS"",""penalidades_acum"":0,""sanciones_tcp_acum"":0,""estado"":""ACTIVO"",""condicion"":""HABIDO""}",,,,,,,
5721,PASCO,"6,938,400.97",29/10/2024,"{""ruc"":""20506298301"",""antiguedad_empresa"":21.0,""cmc"":49297095.74,""cantidad_rubros"":3.0,""actividad_principal"":""Principal - 4100 - CONSTRUCCIÓN DE EDIFICIOS"",""penalidades_acum"":0,""sanciones_tcp_acum"":0,""estado"":""ACTIVO"",""condicion"":""HABIDO""}","{""ruc"":""20600119703"",""antiguedad_empresa"":9.0,""cmc"":4337442.64,""cantidad_rubros"":3.0,""actividad_principal"":""Principal - 4100 - CONSTRUCCIÓN DE EDIFICIOS"",""penalidades_acum"":0,""sanciones_tcp_acum"":0,""estado"":""ACTIVO"",""condicion"":""HABIDO""}",,,,,,,
5722,PASCO,"3,084,735.78",29/10/2024,"{""ruc"":""20529030330"",""antiguedad_empresa"":14.0,""cmc"":100000.0,""cantidad_rubros"":3.0,""actividad_principal"":""Principal - 4100 - CONSTRUCCIÓN DE EDIFICIOS"",""penalidades_acum"":0,""sanciones_tcp_acum"":1,""estado"":""ACTIVO"",""condicion"":""HABIDO""}","{""ruc"":""20528973516"",""antiguedad_empresa"":15.0,""cmc"":100000.0,""cantidad_rubros"":3.0,""actividad_principal"":""Principal - 4100 - CONSTRUCCIÓN DE EDIFICIOS"",""penalidades_acum"":0,""sanciones_tcp_acum"":0,""estado"":""ACTIVO"",""condicion"":""HABIDO""}",,,,,,,
5723,PASCO,"43,732,711.12",29/10/2024,"{""ruc"":""20601771641"",""antiguedad_empresa"":7.0,""cmc"":1369406455.98,""cantidad_rubros"":3.0,""actividad_principal"":""Principal - 4100 - CONSTRUCCIÓN DE EDIFICIOS"",""penalidades_acum"":0,""sanciones_tcp_acum"":0,""estado"":""ACTIVO"",""condicion"":""HABIDO""}","{""ruc"":""20608077163"",""antiguedad_empresa"":3.0,""cmc"":4636396.79,""cantidad_rubros"":2.0,""actividad_principal"":""Principal - 7110 - ACTIVIDADES DE ARQUITECTURA E INGENIERÍA Y ACTIVIDADES CONEXAS DE CONSULTORÍA TÉCNICA"",""penalidades_acum"":0,""sanciones_tcp_acum"":0,""estado"":""ACTIVO"",""condicion"":""HABIDO""}",,,,,,,
5724,PASCO,"19,573,864.36",29/10/2024,"{""ruc"":""20393675480"",""antiguedad_empresa"":13.0,""cmc"":104386132.84,""cantidad_rubros"":3.0,""actividad_principal"":""Principal - 4390 - OTRAS ACTIVIDADES ESPECIALIZADAS DE CONSTRUCCIÓN"",""penalidades_acum"":0,""sanciones_tcp_acum"":0,""estado"":""ACTIVO"",""condicion"":""HABIDO""}","{""ruc"":""20602486894"",""antiguedad_empresa"":6.0,""cmc"":400000.0,""cantidad_rubros"":3.0,""actividad_principal"":""Principal - 8129 - OTRAS ACTIVIDADES DE LIMPIEZA DE EDIFICIOS Y DE INSTALACIONES INDUSTRIALES"",""penalidades_acum"":0,""sanciones_tcp_acum"":0,""estado"":""ACTIVO"",""condicion"":""HABIDO""}",,,,,,,
5725,PASCO,"6,079,940.99",17/10/2024,"{""ruc"":""20489650674"",""antiguedad_empresa"":16.0,""cmc"":100000.0,""cantidad_rubros"":3.0,""actividad_principal"":""Principal - 4100 - CONSTRUCCIÓN DE EDIFICIOS"",""penalidades_acum"":0,""sanciones_tcp_acum"":1,""estado"":""ACTIVO"",""condicion"":""HABIDO""}","{""ruc"":""20489537436"",""antiguedad_empresa"":17.0,""cmc"":500000.0,""cantidad_rubros"":3.0,""actividad_principal"":""Principal - 4100 - CONSTRUCCIÓN DE EDIFICIOS"",""penalidades_acum"":0,""sanciones_tcp_acum"":0,""estado"":""ACTIVO"",""condicion"":""HABIDO""}",,,,,,,
5726,PASCO,"5,249,535.69",16/10/2024,"{""ruc"":""20489684145"",""antiguedad_empresa"":16.0,""cmc"":13828252.25,""cantidad_rubros"":3.0,""actividad_principal"":""Principal - 4100 - CONSTRUCCIÓN DE EDIFICIOS"",""penalidades_acum"":0,""sanciones_tcp_acum"":0,""estado"":""ACTIVO"",""condicion"":""HABIDO""}","{""ruc"":""20529215038"",""antiguedad_empresa"":13.0,""cmc"":16122368.22,""cantidad_rubros"":3.0,""actividad_principal"":""Principal - 4100 - CONSTRUCCIÓN DE EDIFICIOS"",""penalidades_acum"":0,""sanciones_tcp_acum"":0,""estado"":""ACTIVO"",""condicion"":""HABIDO""}",,,,,,,
5727,PASCO,"15,542,657.01",03/10/2024,"{""ruc"":""20407836872"",""antiguedad_empresa"":15.0,""cmc"":32190460.87,""cantidad_rubros"":3.0,""actividad_principal"":""Principal - 4210 - CONSTRUCCIÓN DE CARRETERAS Y VÍAS DE FERROCARRIL"",""penalidades_acum"":0,""sanciones_tcp_acum"":0,""estado"":""ACTIVO"",""condicion"":""HABIDO""}","{""ruc"":""20573225199"",""antiguedad_empresa"":5.0,""cmc"":350000.0,""cantidad_rubros"":3.0,""actividad_principal"":""Principal - 4100 - CONSTRUCCIÓN DE EDIFICIOS"",""penalidades_acum"":0,""sanciones_tcp_acum"":0,""estado"":""ACTIVO"",""condicion"":""HABIDO""}",,,,,,,
5728,PASCO,"13,048,000.00",01/10/2024,"{""ruc"":""20608077163"",""antiguedad_empresa"":3.0,""cmc"":4636396.79,""cantidad_rubros"":2.0,""actividad_principal"":""Principal - 7110 - ACTIVIDADES DE ARQUITECTURA E INGENIERÍA Y ACTIVIDADES CONEXAS DE CONSULTORÍA TÉCNICA"",""penalidades_acum"":0,""sanciones_tcp_acum"":0,""estado"":""ACTIVO"",""condicion"":""HABIDO""}","{""ruc"":""20529202998"",""antiguedad_empresa"":13.0,""cmc"":49791999.33,""cantidad_rubros"":3.0,""actividad_principal"":""Principal - 4210 - CONSTRUCCIÓN DE CARRETERAS Y VÍAS DE FERROCARRIL"",""penalidades_acum"":0,""sanciones_tcp_acum"":0,""estado"":""ACTIVO"",""condicion"":""HABIDO""}",,,,,,,
5729,PASCO,"5,176,505.49",26/09/2024,"{""ruc"":""20529068655"",""antiguedad_empresa"":14.0,""cmc"":100000.0,""cantidad_rubros"":3.0,""actividad_principal"":""Principal - 7730 - ALQUILER Y ARRENDAMIENTO DE OTROS TIPOS DE MAQUINARIA, EQUIPO Y BIENES TANGIBLES"",""penalidades_acum"":0,""sanciones_tcp_acum"":0,""estado"":""ACTIVO"",""condicion"":""HABIDO""}","{""ruc"":""20573338554"",""antiguedad_empresa"":10.0,""cmc"":500000.0,""cantidad_rubros"":3.0,""actividad_principal"":""Principal - 4100 - CONSTRUCCIÓN DE EDIFICIOS"",""penalidades_acum"":0,""sanciones_tcp_acum"":0,""estado"":""ACTIVO"",""condicion"":""HABIDO""}",,,,,,,
5730,PASCO,"2,718,147.42",10/09/2024,"{""ruc"":""20486975939"",""antiguedad_empresa"":16.0,""cmc"":125866033.84,""cantidad_rubros"":3.0,""actividad_principal"":""Principal - 4100 - CONSTRUCCIÓN DE EDIFICIOS"",""penalidades_acum"":0,""sanciones_tcp_acum"":0,""estado"":""ACTIVO"",""condicion"":""HABIDO""}","{""ruc"":""20573144946"",""antiguedad_empresa"":5.0,""cmc"":100000.0,""cantidad_rubros"":3.0,""actividad_principal"":""Principal - 7020 - ACTIVIDADES DE CONSULTORÍA DE GESTIÓN"",""penalidades_acum"":0,""sanciones_tcp_acum"":0,""estado"":""ACTIVO"",""condicion"":""HABIDO""}",,,,,,,
5731,PASCO,"12,818,000.00",03/09/2024,"{""ruc"":""20528932321"",""antiguedad_empresa"":15.0,""cmc"":502911822.28,""cantidad_rubros"":3.0,""actividad_principal"":""Principal - 4100 - CONSTRUCCIÓN DE EDIFICIOS"",""penalidades_acum"":0,""sanciones_tcp_acum"":0,""estado"":""ACTIVO"",""condicion"":""HABIDO""}","{""ruc"":""20602640079"",""antiguedad_empresa"":7.0,""cmc"":100000.0,""cantidad_rubros"":2.0,""actividad_principal"":""Principal - 4100 - CONSTRUCCIÓN DE EDIFICIOS"",""penalidades_acum"":0,""sanciones_tcp_acum"":1,""estado"":""ACTIVO"",""condicion"":""NO HABIDO""}",,,,,,,
5732,PASCO,"14,475,787.55",26/06/2024,"{""ruc"":""20573225199"",""antiguedad_empresa"":5.0,""cmc"":350000.0,""cantidad_rubros"":3.0,""actividad_principal"":""Principal - 4100 - CONSTRUCCIÓN DE EDIFICIOS"",""penalidades_acum"":0,""sanciones_tcp_acum"":0,""estado"":""ACTIVO"",""condicion"":""HABIDO""}","{""ruc"":""20407836872"",""antiguedad_empresa"":15.0,""cmc"":32190460.87,""cantidad_rubros"":3.0,""actividad_principal"":""Principal - 4210 - CONSTRUCCIÓN DE CARRETERAS Y VÍAS DE FERROCARRIL"",""penalidades_acum"":0,""sanciones_tcp_acum"":0,""estado"":""ACTIVO"",""condicion"":""HABIDO""}",,,,,,,
5733,PASCO,"4,590,925.82",26/06/2024,"{""ruc"":""20603641834"",""antiguedad_empresa"":6.0,""cmc"":7486369.34,""cantidad_rubros"":3.0,""actividad_principal"":""Principal - 7110 - ACTIVIDADES DE ARQUITECTURA E INGENIERÍA Y ACTIVIDADES CONEXAS DE CONSULTORÍA TÉCNICA"",""penalidades_acum"":0,""sanciones_tcp_acum"":0,""estado"":""ACTIVO"",""condicion"":""HABIDO""}","{""ruc"":""20568073658"",""antiguedad_empresa"":13.0,""cmc"":38039532.72,""cantidad_rubros"":3.0,""actividad_principal"":""Principal - 4210 - CONSTRUCCIÓN DE CARRETERAS Y VÍAS DE FERROCARRIL"",""penalidades_acum"":1,""sanciones_tcp_acum"":0,""estado"":""ACTIVO"",""condicion"":""HABIDO""}",,,,,,,
5734,PASCO,"2,505,525.33",23/05/2024,"{""ruc"":""20601277078"",""antiguedad_empresa"":8.0,""cmc"":100000.0,""cantidad_rubros"":3.0,""actividad_principal"":""Principal - 4100 - CONSTRUCCIÓN DE EDIFICIOS"",""penalidades_acum"":0,""sanciones_tcp_acum"":0,""estado"":""ACTIVO"",""condicion"":""HABIDO""}","{""ruc"":""20542489627"",""antiguedad_empresa"":12.0,""cmc"":100000.0,""cantidad_rubros"":3.0,""actividad_principal"":""Principal - 4100 - CONSTRUCCIÓN DE EDIFICIOS"",""penalidades_acum"":0,""sanciones_tcp_acum"":0,""estado"":""ACTIVO"",""condicion"":""HABIDO""}",,,,,,,
5735,PASCO,"5,007,277.15",22/05/2024,"{""ruc"":""20604695067"",""antiguedad_empresa"":5.0,""cmc"":100000.0,""cantidad_rubros"":3.0,""actividad_principal"":""Principal - 4210 - CONSTRUCCIÓN DE CARRETERAS Y VÍAS DE FERROCARRIL"",""penalidades_acum"":0,""sanciones_tcp_acum"":0,""estado"":""ACTIVO"",""condicion"":""HABIDO""}","{""ruc"":""20407836872"",""antiguedad_empresa"":15.0,""cmc"":32190460.87,""cantidad_rubros"":3.0,""actividad_principal"":""Principal - 4210 - CONSTRUCCIÓN DE CARRETERAS Y VÍAS DE FERROCARRIL"",""penalidades_acum"":0,""sanciones_tcp_acum"":0,""estado"":""ACTIVO"",""condicion"":""HABIDO""}",,,,,,,
5736,PASCO,"14,475,787.55",21/05/2024,"{""ruc"":""20573225199"",""antiguedad_empresa"":5.0,""cmc"":350000.0,""cantidad_rubros"":3.0,""actividad_principal"":""Principal - 4100 - CONSTRUCCIÓN DE EDIFICIOS"",""penalidades_acum"":0,""sanciones_tcp_acum"":0,""estado"":""ACTIVO"",""condicion"":""HABIDO""}","{""ruc"":""20407836872"",""antiguedad_empresa"":15.0,""cmc"":32190460.87,""cantidad_rubros"":3.0,""actividad_principal"":""Principal - 4210 - CONSTRUCCIÓN DE CARRETERAS Y VÍAS DE FERROCARRIL"",""penalidades_acum"":0,""sanciones_tcp_acum"":0,""estado"":""ACTIVO"",""condicion"":""HABIDO""}",,,,,,,
5737,PASCO,"2,594,012.27",07/05/2024,"{""ruc"":""20542350033"",""antiguedad_empresa"":7.0,""cmc"":203925490.74,""cantidad_rubros"":3.0,""actividad_principal"":""Principal - 4100 - CONSTRUCCIÓN DE EDIFICIOS"",""penalidades_acum"":0,""sanciones_tcp_acum"":1,""estado"":""ACTIVO"",""condicion"":""HABIDO""}","{""ruc"":""20600592786"",""antiguedad_empresa"":8.0,""cmc"":3589878.85,""cantidad_rubros"":3.0,""actividad_principal"":""Principal - 4100 - CONSTRUCCIÓN DE EDIFICIOS"",""penalidades_acum"":0,""sanciones_tcp_acum"":0,""estado"":""ACTIVO"",""condicion"":""HABIDO""}",,,,,,,
5738,PASCO,"1,242,212.86",06/05/2024,"{""ruc"":""20573066619"",""antiguedad_empresa"":11.0,""cmc"":100000.0,""cantidad_rubros"":3.0,""actividad_principal"":""Principal - 4100 - CONSTRUCCIÓN DE EDIFICIOS"",""penalidades_acum"":0,""sanciones_tcp_acum"":0,""estado"":""ACTIVO"",""condicion"":""HABIDO""}","{""ruc"":""20489594235"",""antiguedad_empresa"":17.0,""cmc"":19267945.29,""cantidad_rubros"":3.0,""actividad_principal"":""Principal - 4100 - CONSTRUCCIÓN DE EDIFICIOS"",""penalidades_acum"":0,""sanciones_tcp_acum"":0,""estado"":""ACTIVO"",""condicion"":""HABIDO""}",,,,,,,
5739,PASCO,"2,691,067.54",30/04/2024,"{""ruc"":""20528901361"",""antiguedad_empresa"":15.0,""cmc"":24348511.0,""cantidad_rubros"":2.0,""actividad_principal"":""Principal - 4210 - CONSTRUCCIÓN DE CARRETERAS Y VÍAS DE FERROCARRIL"",""penalidades_acum"":0,""sanciones_tcp_acum"":0,""estado"":""ACTIVO"",""condicion"":""HABIDO""}","{""ruc"":""20600630963"",""antiguedad_empresa"":9.0,""cmc"":762575.7,""cantidad_rubros"":3.0,""actividad_principal"":""Principal - 4210 - CONSTRUCCIÓN DE CARRETERAS Y VÍAS DE FERROCARRIL"",""penalidades_acum"":0,""sanciones_tcp_acum"":0,""estado"":""ACTIVO"",""condicion"":""HABIDO""}",,,,,,,
5740,PASCO,"9,115,485.50",17/04/2024,"{""ruc"":""10805536867"",""antiguedad_empresa"":22.0,""cmc"":500000.0,""cantidad_rubros"":3.0,""actividad_principal"":""Principal - 4290 - CONSTRUCCIÓN DE OTRAS OBRAS DE INGENIERÍA CIVIL"",""penalidades_acum"":1,""sanciones_tcp_acum"":0,""estado"":""ACTIVO"",""condicion"":""HABIDO""}","{""ruc"":""20605875778"",""antiguedad_empresa"":4.0,""cmc"":100000.0,""cantidad_rubros"":3.0,""actividad_principal"":""Principal - 4290 - CONSTRUCCIÓN DE OTRAS OBRAS DE INGENIERÍA CIVIL"",""penalidades_acum"":0,""sanciones_tcp_acum"":0,""estado"":""ACTIVO"",""condicion"":""HABIDO""}",,,,,,,
5741,PASCO,"2,698,763.65",02/04/2024,"{""ruc"":""20529066521"",""antiguedad_empresa"":14.0,""cmc"":120813293.51,""cantidad_rubros"":3.0,""actividad_principal"":""Principal - 4923 - TRANSPORTE DE CARGA POR CARRETERA"",""penalidades_acum"":0,""sanciones_tcp_acum"":0,""estado"":""ACTIVO"",""condicion"":""HABIDO""}","{""ruc"":""20600079493"",""antiguedad_empresa"":9.0,""cmc"":500000.0,""cantidad_rubros"":2.0,""actividad_principal"":""Principal - 4390 - OTRAS ACTIVIDADES ESPECIALIZADAS DE CONSTRUCCIÓN"",""penalidades_acum"":0,""sanciones_tcp_acum"":0,""estado"":""ACTIVO"",""condicion"":""HABIDO""}",,,,,,,
5742,PASCO,"471,388,207.42",22/03/2024,"{""ruc"":""99000035293"",""antiguedad_empresa"":null,""cmc"":100000.0,""cantidad_rubros"":null,""actividad_principal"":null,""penalidades_acum"":0,""sanciones_tcp_acum"":2,""estado"":null,""condicion"":null}","{""ruc"":""20495931472"",""antiguedad_empresa"":9.0,""cmc"":1530984924.84,""cantidad_rubros"":3.0,""actividad_principal"":""Principal - 4210 - CONSTRUCCIÓN DE CARRETERAS Y VÍAS DE FERROCARRIL"",""penalidades_acum"":0,""sanciones_tcp_acum"":0,""estado"":""ACTIVO"",""condicion"":""HABIDO""}",,,,,,,
6107,PIURA,"15,608,857.89",20/04/2022,"{""ruc"":""20530091075"",""antiguedad_empresa"":8.0,""cmc"":265868239.56,""cantidad_rubros"":3.0,""actividad_principal"":""Principal - 4210 - CONSTRUCCIÓN DE CARRETERAS Y VÍAS DE FERROCARRIL"",""penalidades_acum"":0,""sanciones_tcp_acum"":0,""estado"":""ACTIVO"",""condicion"":""HABIDO""}","{""ruc"":""20526146191"",""antiguedad_empresa"":12.0,""cmc"":200271819.7,""cantidad_rubros"":3.0,""actividad_principal"":""Principal - 4923 - TRANSPORTE DE CARGA POR CARRETERA"",""penalidades_acum"":0,""sanciones_tcp_acum"":0,""estado"":""ACTIVO"",""condicion"":""HABIDO""}",,,,,,,
6108,PIURA,"9,562,023.74",30/11/2021,"{""ruc"":""20477366172"",""antiguedad_empresa"":10.0,""cmc"":100000.0,""cantidad_rubros"":3.0,""actividad_principal"":""Principal - 4390 - OTRAS ACTIVIDADES ESPECIALIZADAS DE CONSTRUCCIÓN"",""penalidades_acum"":0,""sanciones_tcp_acum"":5,""estado"":""ACTIVO"",""condicion"":""HABIDO""}","{""ruc"":""20600625498"",""antiguedad_empresa"":6.0,""cmc"":100000.0,""cantidad_rubros"":3.0,""actividad_principal"":""Principal - 4100 - CONSTRUCCIÓN DE EDIFICIOS"",""penalidades_acum"":0,""sanciones_tcp_acum"":0,""estado"":""ACTIVO"",""condicion"":""HABIDO""}",,,,,,,
6109,PIURA,"2,323,340.01",12/11/2021,"{""ruc"":""20528964878"",""antiguedad_empresa"":12.0,""cmc"":100000.0,""cantidad_rubros"":1.0,""actividad_principal"":""Principal - 4100 - CONSTRUCCIÓN DE EDIFICIOS"",""penalidades_acum"":0,""sanciones_tcp_acum"":1,""estado"":""SUSPENSION TEMPORAL"",""condicion"":""HABIDO""}",,,,,,,,
6110,PIURA,"4,557,232.96",22/10/2021,"{""ruc"":""20530091075"",""antiguedad_empresa"":7.0,""cmc"":265868239.56,""cantidad_rubros"":3.0,""actividad_principal"":""Principal - 4210 - CONSTRUCCIÓN DE CARRETERAS Y VÍAS DE FERROCARRIL"",""penalidades_acum"":0,""sanciones_tcp_acum"":0,""estado"":""ACTIVO"",""condicion"":""HABIDO""}","{""ruc"":""20530035671"",""antiguedad_empresa"":8.0,""cmc"":100000.0,""cantidad_rubros"":3.0,""actividad_principal"":""Principal - 4923 - TRANSPORTE DE CARGA POR CARRETERA"",""penalidades_acum"":0,""sanciones_tcp_acum"":0,""estado"":""ACTIVO"",""condicion"":""HABIDO""}",,,,,,,
6111,PIURA,"17,034,789.85",05/10/2021,"{""ruc"":""20526146191"",""antiguedad_empresa"":11.0,""cmc"":200271819.7,""cantidad_rubros"":3.0,""actividad_principal"":""Principal - 4923 - TRANSPORTE DE CARGA POR CARRETERA"",""penalidades_acum"":0,""sanciones_tcp_acum"":0,""estado"":""ACTIVO"",""condicion"":""HABIDO""}","{""ruc"":""20483851171"",""antiguedad_empresa"":20.0,""cmc"":110724645.72,""cantidad_rubros"":3.0,""actividad_principal"":""Principal - 4923 - TRANSPORTE DE CARGA POR CARRETERA"",""penalidades_acum"":0,""sanciones_tcp_acum"":1,""estado"":""ACTIVO"",""condicion"":""HABIDO""}",,,,,,,
6112,PIURA,"5,475,419.26",10/09/2021,"{""ruc"":""20525491677"",""antiguedad_empresa"":14.0,""cmc"":467867912.05,""cantidad_rubros"":3.0,""actividad_principal"":""Principal - 4923 - TRANSPORTE DE CARGA POR CARRETERA"",""penalidades_acum"":0,""sanciones_tcp_acum"":0,""estado"":""ACTIVO"",""condicion"":""HABIDO""}",,,,,,,,
6113,PIURA,"47,683,933.54",18/06/2021,"{""ruc"":""20477150242"",""antiguedad_empresa"":10.0,""cmc"":582790972.77,""cantidad_rubros"":3.0,""actividad_principal"":""Principal - 4923 - TRANSPORTE DE CARGA POR CARRETERA"",""penalidades_acum"":0,""sanciones_tcp_acum"":1,""estado"":""ACTIVO"",""condicion"":""HABIDO""}","{""ruc"":""20275449751"",""antiguedad_empresa"":26.0,""cmc"":100000.0,""cantidad_rubros"":3.0,""actividad_principal"":""Principal - 4390 - OTRAS ACTIVIDADES ESPECIALIZADAS DE CONSTRUCCIÓN"",""penalidades_acum"":0,""sanciones_tcp_acum"":2,""estado"":""ACTIVO"",""condicion"":""HABIDO""}",,,,,,,
6114,PIURA,"2,557,092.26",17/06/2021,"{""ruc"":""20440577947"",""antiguedad_empresa"":22.0,""cmc"":62046615.05,""cantidad_rubros"":2.0,""actividad_principal"":""Principal - 4100 - CONSTRUCCIÓN DE EDIFICIOS"",""penalidades_acum"":0,""sanciones_tcp_acum"":0,""estado"":""ACTIVO"",""condicion"":""HABIDO""}","{""ruc"":""20483778075"",""antiguedad_empresa"":20.0,""cmc"":29908576.49,""cantidad_rubros"":3.0,""actividad_principal"":""Principal - 4100 - CONSTRUCCIÓN DE EDIFICIOS"",""penalidades_acum"":0,""sanciones_tcp_acum"":0,""estado"":""ACTIVO"",""condicion"":""HABIDO""}",,,,,,,
6115,PIURA,"1,596,955.08",04/05/2021,"{""ruc"":""20526331762"",""antiguedad_empresa"":10.0,""cmc"":127291608.72,""cantidad_rubros"":3.0,""actividad_principal"":""Principal - 4100 - CONSTRUCCIÓN DE EDIFICIOS"",""penalidades_acum"":0,""sanciones_tcp_acum"":1,""estado"":""ACTIVO"",""condicion"":""HABIDO""}","{""ruc"":""20525985751"",""antiguedad_empresa"":12.0,""cmc"":15700141.66,""cantidad_rubros"":3.0,""actividad_principal"":""Principal - 4100 - CONSTRUCCIÓN DE EDIFICIOS"",""penalidades_acum"":1,""sanciones_tcp_acum"":1,""estado"":""ACTIVO"",""condicion"":""HABIDO""}",,,,,,,
6116,PIURA,"497,597.52",04/05/2021,"{""ruc"":""20525985751"",""antiguedad_empresa"":12.0,""cmc"":15700141.66,""cantidad_rubros"":3.0,""actividad_principal"":""Principal - 4100 - CONSTRUCCIÓN DE EDIFICIOS"",""penalidades_acum"":1,""sanciones_tcp_acum"":1,""estado"":""ACTIVO"",""condicion"":""HABIDO""}",,,,,,,,
6117,PIURA,"3,075,134.74",19/03/2021,"{""ruc"":""20491656761"",""antiguedad_empresa"":11.0,""cmc"":154954475.34,""cantidad_rubros"":3.0,""actividad_principal"":""Principal - 4220 - CONSTRUCCIÓN DE PROYECTOS DE SERVICIO PÚBLICO"",""penalidades_acum"":0,""sanciones_tcp_acum"":0,""estado"":""ACTIVO"",""condicion"":""HABIDO""}",,,,,,,,
6118,PIURA,"50,298,232.54",19/02/2021,"{""ruc"":""20357499691"",""antiguedad_empresa"":24.0,""cmc"":161047323.14,""cantidad_rubros"":1.0,""actividad_principal"":""Principal - 4100 - CONSTRUCCIÓN DE EDIFICIOS"",""penalidades_acum"":0,""sanciones_tcp_acum"":0,""estado"":""ACTIVO"",""condicion"":""HABIDO""}",,,,,,,,
6119,PIURA,"39,564,528.71",20/01/2021,"{""ruc"":""20426128803"",""antiguedad_empresa"":22.0,""cmc"":400000.0,""cantidad_rubros"":3.0,""actividad_principal"":""Principal - 4100 - CONSTRUCCIÓN DE EDIFICIOS"",""penalidades_acum"":0,""sanciones_tcp_acum"":0,""estado"":""ACTIVO"",""condicion"":""HABIDO""}","{""ruc"":""20600456467"",""antiguedad_empresa"":6.0,""cmc"":100000.0,""cantidad_rubros"":3.0,""actividad_principal"":""Principal - 4290 - CONSTRUCCIÓN DE OTRAS OBRAS DE INGENIERÍA CIVIL"",""penalidades_acum"":0,""sanciones_tcp_acum"":1,""estado"":""BAJA DE OFICIO"",""condicion"":""HABIDO""}",,,,,,,
6120,PIURA,"7,943,129.47",27/12/2022,"{""ruc"":""20526331762"",""antiguedad_empresa"":11.0,""cmc"":127291608.72,""cantidad_rubros"":3.0,""actividad_principal"":""Principal - 4100 - CONSTRUCCIÓN DE EDIFICIOS"",""penalidades_acum"":0,""sanciones_tcp_acum"":1,""estado"":""ACTIVO"",""condicion"":""HABIDO""}","{""ruc"":""20526090111"",""antiguedad_empresa"":12.0,""cmc"":103666080.33,""cantidad_rubros"":3.0,""actividad_principal"":""Principal - 4100 - CONSTRUCCIÓN DE EDIFICIOS"",""penalidades_acum"":0,""sanciones_tcp_acum"":0,""estado"":""ACTIVO"",""condicion"":""HABIDO""}",,,,,,,
6121,PIURA,"145,038.29",04/11/2022,"{""ruc"":""20526323581"",""antiguedad_empresa"":11.0,""cmc"":66072191.47,""cantidad_rubros"":3.0,""actividad_principal"":""Principal - 4100 - CONSTRUCCIÓN DE EDIFICIOS"",""penalidades_acum"":0,""sanciones_tcp_acum"":1,""estado"":""ACTIVO"",""condicion"":""HABIDO""}","{""ruc"":""20530192262"",""antiguedad_empresa"":8.0,""cmc"":100000.0,""cantidad_rubros"":2.0,""actividad_principal"":""Principal - 7110 - ACTIVIDADES DE ARQUITECTURA E INGENIERÍA Y ACTIVIDADES CONEXAS DE CONSULTORÍA TÉCNICA"",""penalidades_acum"":0,""sanciones_tcp_acum"":1,""estado"":""BAJA DE OFICIO"",""condicion"":""HABIDO""}",,,,,,,
6122,PIURA,"85,328.10",04/11/2022,"{""ruc"":""20606584653"",""antiguedad_empresa"":2.0,""cmc"":100000.0,""cantidad_rubros"":3.0,""actividad_principal"":""Principal - 9609 - OTRAS ACTIVIDADES DE SERVICIOS PERSONALES N.C.P."",""penalidades_acum"":0,""sanciones_tcp_acum"":0,""estado"":""BAJA DEFINITIVA"",""condicion"":""HABIDO""}",,,,,,,,
6123,PIURA,"239,347.51",04/11/2022,"{""ruc"":""20484104302"",""antiguedad_empresa"":0.0,""cmc"":100000.0,""cantidad_rubros"":1.0,""actividad_principal"":""Principal - 4100 - CONSTRUCCIÓN DE EDIFICIOS"",""penalidades_acum"":0,""sanciones_tcp_acum"":0,""estado"":""BAJA DE OFICIO"",""condicion"":""HABIDO""}",,,,,,,,
6124,PIURA,"126,662.60",04/11/2022,"{""ruc"":""20605845101"",""antiguedad_empresa"":2.0,""cmc"":422605.57,""cantidad_rubros"":2.0,""actividad_principal"":""Principal - 4100 - CONSTRUCCIÓN DE EDIFICIOS"",""penalidades_acum"":0,""sanciones_tcp_acum"":0,""estado"":""ACTIVO"",""condicion"":""HABIDO""}",,,,,,,,
6125,PIURA,"217,493.50",04/11/2022,"{""ruc"":""20605845101"",""antiguedad_empresa"":2.0,""cmc"":422605.57,""cantidad_rubros"":2.0,""actividad_principal"":""Principal - 4100 - CONSTRUCCIÓN DE EDIFICIOS"",""penalidades_acum"":0,""sanciones_tcp_acum"":0,""estado"":""ACTIVO"",""condicion"":""HABIDO""}",,,,,,,,
6126,PIURA,"236,485.44",04/11/2022,"{""ruc"":""20399546487"",""antiguedad_empresa"":23.0,""cmc"":100000.0,""cantidad_rubros"":2.0,""actividad_principal"":""Principal - 4220 - CONSTRUCCIÓN DE PROYECTOS DE SERVICIO PÚBLICO"",""penalidades_acum"":0,""sanciones_tcp_acum"":0,""estado"":""ACTIVO"",""condicion"":""HABIDO""}",,,,,,,,
6127,PIURA,"26,588,165.46",03/11/2022,"{""ruc"":""20526090111"",""antiguedad_empresa"":12.0,""cmc"":103666080.33,""cantidad_rubros"":3.0,""actividad_principal"":""Principal - 4100 - CONSTRUCCIÓN DE EDIFICIOS"",""penalidades_acum"":0,""sanciones_tcp_acum"":0,""estado"":""ACTIVO"",""condicion"":""HABIDO""}","{""ruc"":""20525491677"",""antiguedad_empresa"":15.0,""cmc"":467867912.05,""cantidad_rubros"":3.0,""actividad_principal"":""Principal - 4923 - TRANSPORTE DE CARGA POR CARRETERA"",""penalidades_acum"":0,""sanciones_tcp_acum"":0,""estado"":""ACTIVO"",""condicion"":""HABIDO""}",,,,,,,
6128,PIURA,"5,451,607.53",21/10/2022,"{""ruc"":""20525975950"",""antiguedad_empresa"":13.0,""cmc"":100000.0,""cantidad_rubros"":2.0,""actividad_principal"":""Principal - 4390 - OTRAS ACTIVIDADES ESPECIALIZADAS DE CONSTRUCCIÓN"",""penalidades_acum"":0,""sanciones_tcp_acum"":0,""estado"":""ACTIVO"",""condicion"":""HABIDO""}","{""ruc"":""20602350364"",""antiguedad_empresa"":5.0,""cmc"":100000.0,""cantidad_rubros"":1.0,""actividad_principal"":""Principal - 4100 - CONSTRUCCIÓN DE EDIFICIOS"",""penalidades_acum"":0,""sanciones_tcp_acum"":0,""estado"":""ACTIVO"",""condicion"":""HABIDO""}",,,,,,,
6129,PIURA,"2,680,198.87",27/09/2022,"{""ruc"":""20525441220"",""antiguedad_empresa"":15.0,""cmc"":75961248.49,""cantidad_rubros"":3.0,""actividad_principal"":""Principal - 4220 - CONSTRUCCIÓN DE PROYECTOS DE SERVICIO PÚBLICO"",""penalidades_acum"":0,""sanciones_tcp_acum"":1,""estado"":""ACTIVO"",""condicion"":""HABIDO""}",,,,,,,,
6130,PIURA,"566,890.04",08/07/2022,"{""ruc"":""20530147127"",""antiguedad_empresa"":8.0,""cmc"":22781739.31,""cantidad_rubros"":3.0,""actividad_principal"":""Principal - 7020 - ACTIVIDADES DE CONSULTORÍA DE GESTIÓN"",""penalidades_acum"":0,""sanciones_tcp_acum"":1,""estado"":""ACTIVO"",""condicion"":""HABIDO""}","{""ruc"":""20602773133"",""antiguedad_empresa"":4.0,""cmc"":27130789.67,""cantidad_rubros"":3.0,""actividad_principal"":""Principal - 7110 - ACTIVIDADES DE ARQUITECTURA E INGENIERÍA Y ACTIVIDADES CONEXAS DE CONSULTORÍA TÉCNICA"",""penalidades_acum"":0,""sanciones_tcp_acum"":0,""estado"":""ACTIVO"",""condicion"":""HABIDO""}",,,,,,,
6131,PIURA,"9,131,235.70",07/07/2022,"{""ruc"":""20488077717"",""antiguedad_empresa"":10.0,""cmc"":43684645.74,""cantidad_rubros"":3.0,""actividad_principal"":""Principal - 4663 - VENTA AL POR MAYOR DE MATERIALES DE CONSTRUCCIÓN, ARTÍCULOS DE FERRETERÍA Y EQUIPO Y MATERIALES DE FONTANERÍA Y CALEFACCIÓN"",""penalidades_acum"":0,""sanciones_tcp_acum"":1,""estado"":""BAJA PROV. POR OFICIO"",""condicion"":""NO HALLADO""}","{""ruc"":""20606291729"",""antiguedad_empresa"":2.0,""cmc"":3483411.21,""cantidad_rubros"":3.0,""actividad_principal"":""Principal - 4290 - CONSTRUCCIÓN DE OTRAS OBRAS DE INGENIERÍA CIVIL"",""penalidades_acum"":0,""sanciones_tcp_acum"":0,""estado"":""ACTIVO"",""condicion"":""HABIDO""}",,,,,,,
6132,PIURA,"30,619,950.94",06/07/2022,"{""ruc"":""20357499691"",""antiguedad_empresa"":25.0,""cmc"":161047323.14,""cantidad_rubros"":1.0,""actividad_principal"":""Principal - 4100 - CONSTRUCCIÓN DE EDIFICIOS"",""penalidades_acum"":0,""sanciones_tcp_acum"":0,""estado"":""ACTIVO"",""condicion"":""HABIDO""}",,,,,,,,
6133,PIURA,"6,197,740.43",06/07/2022,"{""ruc"":""20102428197"",""antiguedad_empresa"":53.0,""cmc"":100000.0,""cantidad_rubros"":3.0,""actividad_principal"":""Principal - 4290 - CONSTRUCCIÓN DE OTRAS OBRAS DE INGENIERÍA CIVIL"",""penalidades_acum"":0,""sanciones_tcp_acum"":0,""estado"":""ACTIVO"",""condicion"":""HABIDO""}",,,,,,,,
6134,PIURA,"55,125,034.78",30/05/2022,"{""ruc"":""20353947614"",""antiguedad_empresa"":25.0,""cmc"":625108592.54,""cantidad_rubros"":1.0,""actividad_principal"":""Principal - 4100 - CONSTRUCCIÓN DE EDIFICIOS"",""penalidades_acum"":0,""sanciones_tcp_acum"":0,""estado"":""ACTIVO"",""condicion"":""HABIDO""}",,,,,,,,
6135,PIURA,"541,666.22",27/05/2022,"{""ruc"":""20525526721"",""antiguedad_empresa"":4.0,""cmc"":100000.0,""cantidad_rubros"":1.0,""actividad_principal"":""Principal - 4100 - CONSTRUCCIÓN DE EDIFICIOS"",""penalidades_acum"":0,""sanciones_tcp_acum"":1,""estado"":""SUSPENSION TEMPORAL"",""condicion"":""HABIDO""}",,,,,,,,
6136,PIURA,"33,812,421.49",11/05/2022,"{""ruc"":""20357499691"",""antiguedad_empresa"":25.0,""cmc"":161047323.14,""cantidad_rubros"":1.0,""actividad_principal"":""Principal - 4100 - CONSTRUCCIÓN DE EDIFICIOS"",""penalidades_acum"":0,""sanciones_tcp_acum"":0,""estado"":""ACTIVO"",""condicion"":""HABIDO""}",,,,,,,,
6137,PIURA,"9,167,314.93",19/04/2022,"{""ruc"":""20526146191"",""antiguedad_empresa"":12.0,""cmc"":200271819.7,""cantidad_rubros"":3.0,""actividad_principal"":""Principal - 4923 - TRANSPORTE DE CARGA POR CARRETERA"",""penalidades_acum"":0,""sanciones_tcp_acum"":0,""estado"":""ACTIVO"",""condicion"":""HABIDO""}","{""ruc"":""20525975950"",""antiguedad_empresa"":13.0,""cmc"":100000.0,""cantidad_rubros"":2.0,""actividad_principal"":""Principal - 4390 - OTRAS ACTIVIDADES ESPECIALIZADAS DE CONSTRUCCIÓN"",""penalidades_acum"":0,""sanciones_tcp_acum"":0,""estado"":""ACTIVO"",""condicion"":""HABIDO""}","{""ruc"":""20530091075"",""antiguedad_empresa"":8.0,""cmc"":265868239.56,""cantidad_rubros"":3.0,""actividad_principal"":""Principal - 4210 - CONSTRUCCIÓN DE CARRETERAS Y VÍAS DE FERROCARRIL"",""penalidades_acum"":0,""sanciones_tcp_acum"":0,""estado"":""ACTIVO"",""condicion"":""HABIDO""}",,,,,,
6138,PIURA,"4,715,182.94",01/04/2022,"{""ruc"":""20526331762"",""antiguedad_empresa"":11.0,""cmc"":127291608.72,""cantidad_rubros"":3.0,""actividad_principal"":""Principal - 4100 - CONSTRUCCIÓN DE EDIFICIOS"",""penalidades_acum"":0,""sanciones_tcp_acum"":1,""estado"":""ACTIVO"",""condicion"":""HABIDO""}",,,,,,,,
6139,PIURA,"601,835.08",17/03/2022,"{""ruc"":""20445667618"",""antiguedad_empresa"":15.0,""cmc"":83388968.26,""cantidad_rubros"":1.0,""actividad_principal"":""Principal - 4100 - CONSTRUCCIÓN DE EDIFICIOS"",""penalidades_acum"":0,""sanciones_tcp_acum"":0,""estado"":""ACTIVO"",""condicion"":""HABIDO""}","{""ruc"":""20605474960"",""antiguedad_empresa"":3.0,""cmc"":100000.0,""cantidad_rubros"":3.0,""actividad_principal"":""Principal - 8121 - LIMPIEZA GENERAL DE EDIFICIOS"",""penalidades_acum"":0,""sanciones_tcp_acum"":0,""estado"":""BAJA PROV. POR OFICIO"",""condicion"":""HABIDO""}",,,,,,,
6157,PIURA,"9,418,083.16",21/11/2024,"{""ruc"":""20605547436"",""antiguedad_empresa"":5.0,""cmc"":127151567.9,""cantidad_rubros"":1.0,""actividad_principal"":""Principal - 4100 - CONSTRUCCIÓN DE EDIFICIOS"",""penalidades_acum"":0,""sanciones_tcp_acum"":0,""estado"":""ACTIVO"",""condicion"":""HABIDO""}",,,,,,,,
6158,PIURA,"262,753,036.65",19/11/2024,"{""ruc"":""20600419839"",""antiguedad_empresa"":9.0,""cmc"":11031813750.8,""cantidad_rubros"":2.0,""actividad_principal"":""Principal - 7110 - ACTIVIDADES DE ARQUITECTURA E INGENIERÍA Y ACTIVIDADES CONEXAS DE CONSULTORÍA TÉCNICA"",""penalidades_acum"":0,""sanciones_tcp_acum"":0,""estado"":""ACTIVO"",""condicion"":""HABIDO""}",,,,,,,,
6159,PIURA,"39,874,154.15",04/11/2024,"{""ruc"":""20526201478"",""antiguedad_empresa"":11.0,""cmc"":109504054.35,""cantidad_rubros"":3.0,""actividad_principal"":""Principal - 4210 - CONSTRUCCIÓN DE CARRETERAS Y VÍAS DE FERROCARRIL"",""penalidades_acum"":0,""sanciones_tcp_acum"":0,""estado"":""ACTIVO"",""condicion"":""HABIDO""}","{""ruc"":""20526146191"",""antiguedad_empresa"":14.0,""cmc"":200271819.7,""cantidad_rubros"":3.0,""actividad_principal"":""Principal - 4923 - TRANSPORTE DE CARGA POR CARRETERA"",""penalidades_acum"":0,""sanciones_tcp_acum"":0,""estado"":""ACTIVO"",""condicion"":""HABIDO""}",,,,,,,
6160,PIURA,"10,956,396.85",25/10/2024,"{""ruc"":""20261295246"",""antiguedad_empresa"":29.0,""cmc"":400000.0,""cantidad_rubros"":3.0,""actividad_principal"":""Principal - 4100 - CONSTRUCCIÓN DE EDIFICIOS"",""penalidades_acum"":0,""sanciones_tcp_acum"":2,""estado"":""ACTIVO"",""condicion"":""HABIDO""}",,,,,,,,
6161,PIURA,"6,024,993.82",21/10/2024,"{""ruc"":""20605622080"",""antiguedad_empresa"":5.0,""cmc"":26812057.92,""cantidad_rubros"":3.0,""actividad_principal"":""Principal - 4100 - CONSTRUCCIÓN DE EDIFICIOS"",""penalidades_acum"":0,""sanciones_tcp_acum"":0,""estado"":""ACTIVO"",""condicion"":""HABIDO""}",,,,,,,,
6162,PIURA,"5,514,112.54",13/09/2024,"{""ruc"":""20600085841"",""antiguedad_empresa"":9.0,""cmc"":60103523.49,""cantidad_rubros"":3.0,""actividad_principal"":""Principal - 4100 - CONSTRUCCIÓN DE EDIFICIOS"",""penalidades_acum"":0,""sanciones_tcp_acum"":0,""estado"":""ACTIVO"",""condicion"":""HABIDO""}",,,,,,,,
6163,PIURA,"17,254,894.19",10/09/2024,"{""ruc"":""20526201478"",""antiguedad_empresa"":11.0,""cmc"":109504054.35,""cantidad_rubros"":3.0,""actividad_principal"":""Principal - 4210 - CONSTRUCCIÓN DE CARRETERAS Y VÍAS DE FERROCARRIL"",""penalidades_acum"":0,""sanciones_tcp_acum"":0,""estado"":""ACTIVO"",""condicion"":""HABIDO""}","{""ruc"":""20600085841"",""antiguedad_empresa"":9.0,""cmc"":60103523.49,""cantidad_rubros"":3.0,""actividad_principal"":""Principal - 4100 - CONSTRUCCIÓN DE EDIFICIOS"",""penalidades_acum"":0,""sanciones_tcp_acum"":0,""estado"":""ACTIVO"",""condicion"":""HABIDO""}",,,,,,,
6164,PIURA,"5,615,482.60",02/09/2024,"{""ruc"":""20339480932"",""antiguedad_empresa"":27.0,""cmc"":33815605.01,""cantidad_rubros"":2.0,""actividad_principal"":""Principal - 4390 - OTRAS ACTIVIDADES ESPECIALIZADAS DE CONSTRUCCIÓN"",""penalidades_acum"":0,""sanciones_tcp_acum"":0,""estado"":""ACTIVO"",""condicion"":""HABIDO""}","{""ruc"":""20525637639"",""antiguedad_empresa"":16.0,""cmc"":3546056.25,""cantidad_rubros"":3.0,""actividad_principal"":""Principal - 4100 - CONSTRUCCIÓN DE EDIFICIOS"",""penalidades_acum"":0,""sanciones_tcp_acum"":1,""estado"":""ACTIVO"",""condicion"":""HABIDO""}",,,,,,,
6165,PIURA,"84,591,320.20",28/08/2024,"{""ruc"":""20525491677"",""antiguedad_empresa"":17.0,""cmc"":467867912.05,""cantidad_rubros"":3.0,""actividad_principal"":""Principal - 4923 - TRANSPORTE DE CARGA POR CARRETERA"",""penalidades_acum"":0,""sanciones_tcp_acum"":0,""estado"":""ACTIVO"",""condicion"":""HABIDO""}","{""ruc"":""20526203501"",""antiguedad_empresa"":14.0,""cmc"":87656207.01,""cantidad_rubros"":3.0,""actividad_principal"":""Principal - 4390 - OTRAS ACTIVIDADES ESPECIALIZADAS DE CONSTRUCCIÓN"",""penalidades_acum"":0,""sanciones_tcp_acum"":0,""estado"":""ACTIVO"",""condicion"":""HABIDO""}","{""ruc"":""20526201478"",""antiguedad_empresa"":11.0,""cmc"":109504054.35,""cantidad_rubros"":3.0,""actividad_principal"":""Principal - 4210 - CONSTRUCCIÓN DE CARRETERAS Y VÍAS DE FERROCARRIL"",""penalidades_acum"":0,""sanciones_tcp_acum"":0,""estado"":""ACTIVO"",""condicion"":""HABIDO""}",,,,,,
6166,PIURA,"20,257,049.71",19/08/2024,"{""ruc"":""20530036481"",""antiguedad_empresa"":11.0,""cmc"":78297600.85,""cantidad_rubros"":3.0,""actividad_principal"":""Principal - 4100 - CONSTRUCCIÓN DE EDIFICIOS"",""penalidades_acum"":0,""sanciones_tcp_acum"":0,""estado"":""ACTIVO"",""condicion"":""HABIDO""}","{""ruc"":""10176407471"",""antiguedad_empresa"":25.0,""cmc"":111739078.45,""cantidad_rubros"":3.0,""actividad_principal"":""Principal - 4100 - CONSTRUCCIÓN DE EDIFICIOS"",""penalidades_acum"":0,""sanciones_tcp_acum"":0,""estado"":""ACTIVO"",""condicion"":""HABIDO""}",,,,,,,
6167,PIURA,"5,757,812.41",15/07/2024,"{""ruc"":""20530091075"",""antiguedad_empresa"":10.0,""cmc"":265868239.56,""cantidad_rubros"":3.0,""actividad_principal"":""Principal - 4210 - CONSTRUCCIÓN DE CARRETERAS Y VÍAS DE FERROCARRIL"",""penalidades_acum"":0,""sanciones_tcp_acum"":0,""estado"":""ACTIVO"",""condicion"":""HABIDO""}","{""ruc"":""20526652135"",""antiguedad_empresa"":12.0,""cmc"":18456915.88,""cantidad_rubros"":3.0,""actividad_principal"":""Principal - 4100 - CONSTRUCCIÓN DE EDIFICIOS"",""penalidades_acum"":0,""sanciones_tcp_acum"":1,""estado"":""ACTIVO"",""condicion"":""HABIDO""}",,,,,,,
6168,PIURA,"14,077,053.50",09/07/2024,"{""ruc"":""20154727826"",""antiguedad_empresa"":31.0,""cmc"":420347214.87,""cantidad_rubros"":3.0,""actividad_principal"":""Principal - 7110 - ACTIVIDADES DE ARQUITECTURA E INGENIERÍA Y ACTIVIDADES CONEXAS DE CONSULTORÍA TÉCNICA"",""penalidades_acum"":0,""sanciones_tcp_acum"":1,""estado"":""ACTIVO"",""condicion"":""HABIDO""}",,,,,,,,
6169,PIURA,"335,858,713.31",09/07/2024,"{""ruc"":""20526032854"",""antiguedad_empresa"":15.0,""cmc"":95551505.74,""cantidad_rubros"":3.0,""actividad_principal"":""Principal - 4923 - TRANSPORTE DE CARGA POR CARRETERA"",""penalidades_acum"":0,""sanciones_tcp_acum"":0,""estado"":""ACTIVO"",""condicion"":""HABIDO""}","{""ruc"":""20529940395"",""antiguedad_empresa"":11.0,""cmc"":86006224.63,""cantidad_rubros"":3.0,""actividad_principal"":""Principal - 4923 - TRANSPORTE DE CARGA POR CARRETERA"",""penalidades_acum"":0,""sanciones_tcp_acum"":0,""estado"":""ACTIVO"",""condicion"":""HABIDO""}","{""ruc"":""20533651918"",""antiguedad_empresa"":11.0,""cmc"":527316072.22,""cantidad_rubros"":3.0,""actividad_principal"":""Principal - 4100 - CONSTRUCCIÓN DE EDIFICIOS"",""penalidades_acum"":0,""sanciones_tcp_acum"":0,""estado"":""ACTIVO"",""condicion"":""HABIDO""}",,,,,,
6170,PIURA,"32,376,634.42",10/06/2024,"{""ruc"":""20526032854"",""antiguedad_empresa"":15.0,""cmc"":95551505.74,""cantidad_rubros"":3.0,""actividad_principal"":""Principal - 4923 - TRANSPORTE DE CARGA POR CARRETERA"",""penalidades_acum"":0,""sanciones_tcp_acum"":0,""estado"":""ACTIVO"",""condicion"":""HABIDO""}",,,,,,,,
6171,PIURA,"4,040,506.62",29/05/2024,"{""ruc"":""20605435077"",""antiguedad_empresa"":5.0,""cmc"":763868.1,""cantidad_rubros"":2.0,""actividad_principal"":""Principal - 4100 - CONSTRUCCIÓN DE EDIFICIOS"",""penalidades_acum"":0,""sanciones_tcp_acum"":0,""estado"":""ACTIVO"",""condicion"":""HABIDO""}","{""ruc"":""20530091075"",""antiguedad_empresa"":10.0,""cmc"":265868239.56,""cantidad_rubros"":3.0,""actividad_principal"":""Principal - 4210 - CONSTRUCCIÓN DE CARRETERAS Y VÍAS DE FERROCARRIL"",""penalidades_acum"":0,""sanciones_tcp_acum"":0,""estado"":""ACTIVO"",""condicion"":""HABIDO""}",,,,,,,
6172,PIURA,"2,837,811.00",29/05/2024,"{""ruc"":""20529966351"",""antiguedad_empresa"":11.0,""cmc"":4984433.32,""cantidad_rubros"":2.0,""actividad_principal"":""Principal - 45207 - CONSTRUCCION EDIFICIOS COMPLETOS."",""penalidades_acum"":0,""sanciones_tcp_acum"":0,""estado"":""ACTIVO"",""condicion"":""HABIDO""}","{""ruc"":""20480188404"",""antiguedad_empresa"":17.0,""cmc"":54400790.36,""cantidad_rubros"":3.0,""actividad_principal"":""Principal - 4100 - CONSTRUCCIÓN DE EDIFICIOS"",""penalidades_acum"":0,""sanciones_tcp_acum"":0,""estado"":""ACTIVO"",""condicion"":""HABIDO""}",,,,,,,
6173,PIURA,"286,708.21",12/04/2024,"{""ruc"":""20605622080"",""antiguedad_empresa"":5.0,""cmc"":26812057.92,""cantidad_rubros"":3.0,""actividad_principal"":""Principal - 4100 - CONSTRUCCIÓN DE EDIFICIOS"",""penalidades_acum"":0,""sanciones_tcp_acum"":0,""estado"":""ACTIVO"",""condicion"":""HABIDO""}",,,,,,,,
6174,PIURA,"2,855,232.52",19/03/2024,"{""ruc"":""20274419637"",""antiguedad_empresa"":29.0,""cmc"":118309035.08,""cantidad_rubros"":3.0,""actividad_principal"":""Principal - 4100 - CONSTRUCCIÓN DE EDIFICIOS"",""penalidades_acum"":0,""sanciones_tcp_acum"":0,""estado"":""ACTIVO"",""condicion"":""HABIDO""}","{""ruc"":""20608080784"",""antiguedad_empresa"":3.0,""cmc"":6929024.49,""cantidad_rubros"":3.0,""actividad_principal"":""Principal - 4100 - CONSTRUCCIÓN DE EDIFICIOS"",""penalidades_acum"":0,""sanciones_tcp_acum"":0,""estado"":""ACTIVO"",""condicion"":""HABIDO""}",,,,,,,
6175,PIURA,"6,739,437.93",06/03/2024,"{""ruc"":""20600480996"",""antiguedad_empresa"":5.0,""cmc"":100000.0,""cantidad_rubros"":3.0,""actividad_principal"":""Principal - 4100 - CONSTRUCCIÓN DE EDIFICIOS"",""penalidades_acum"":0,""sanciones_tcp_acum"":0,""estado"":""ACTIVO"",""condicion"":""HABIDO""}","{""ruc"":""20526657871"",""antiguedad_empresa"":12.0,""cmc"":23425196.93,""cantidad_rubros"":1.0,""actividad_principal"":""Principal - 4390 - OTRAS ACTIVIDADES ESPECIALIZADAS DE CONSTRUCCIÓN"",""penalidades_acum"":0,""sanciones_tcp_acum"":0,""estado"":""ACTIVO"",""condicion"":""HABIDO""}","{""ruc"":""20602951830"",""antiguedad_empresa"":6.0,""cmc"":15203509.0,""cantidad_rubros"":3.0,""actividad_principal"":""Principal - 4100 - CONSTRUCCIÓN DE EDIFICIOS"",""penalidades_acum"":0,""sanciones_tcp_acum"":0,""estado"":""ACTIVO"",""condicion"":""HABIDO""}",,,,,,
6176,PIURA,"10,925,739.63",01/03/2024,"{""ruc"":""20525822029"",""antiguedad_empresa"":15.0,""cmc"":47996025.57,""cantidad_rubros"":3.0,""actividad_principal"":""Principal - 4100 - CONSTRUCCIÓN DE EDIFICIOS"",""penalidades_acum"":0,""sanciones_tcp_acum"":0,""estado"":""ACTIVO"",""condicion"":""HABIDO""}",,,,,,,,
6196,PUNO,"7,652,879.09",30/11/2021,"{""ruc"":""20542703483"",""antiguedad_empresa"":7.0,""cmc"":100000.0,""cantidad_rubros"":3.0,""actividad_principal"":""Principal - 4290 - CONSTRUCCIÓN DE OTRAS OBRAS DE INGENIERÍA CIVIL"",""penalidades_acum"":0,""sanciones_tcp_acum"":1,""estado"":""ACTIVO"",""condicion"":""HABIDO""}","{""ruc"":""20448562396"",""antiguedad_empresa"":9.0,""cmc"":100000.0,""cantidad_rubros"":3.0,""actividad_principal"":""Principal - 4100 - CONSTRUCCIÓN DE EDIFICIOS"",""penalidades_acum"":3,""sanciones_tcp_acum"":0,""estado"":""ACTIVO"",""condicion"":""HABIDO""}",,,,,,,
6197,PUNO,"29,724,937.99",23/11/2021,"{""ruc"":""20447677831"",""antiguedad_empresa"":15.0,""cmc"":100000.0,""cantidad_rubros"":3.0,""actividad_principal"":""Principal - 7730 - ALQUILER Y ARRENDAMIENTO DE OTROS TIPOS DE MAQUINARIA, EQUIPO Y BIENES TANGIBLES"",""penalidades_acum"":0,""sanciones_tcp_acum"":1,""estado"":""ACTIVO"",""condicion"":""HABIDO""}","{""ruc"":""20448562396"",""antiguedad_empresa"":9.0,""cmc"":100000.0,""cantidad_rubros"":3.0,""actividad_principal"":""Principal - 4100 - CONSTRUCCIÓN DE EDIFICIOS"",""penalidades_acum"":3,""sanciones_tcp_acum"":0,""estado"":""ACTIVO"",""condicion"":""HABIDO""}",,,,,,,
6198,PUNO,"30,977,956.16",18/11/2021,"{""ruc"":""20486960401"",""antiguedad_empresa"":13.0,""cmc"":294813583.41,""cantidad_rubros"":3.0,""actividad_principal"":""Principal - 4923 - TRANSPORTE DE CARGA POR CARRETERA"",""penalidades_acum"":4,""sanciones_tcp_acum"":1,""estado"":""ACTIVO"",""condicion"":""HABIDO""}","{""ruc"":""20448497047"",""antiguedad_empresa"":9.0,""cmc"":25139072.82,""cantidad_rubros"":3.0,""actividad_principal"":""Principal - 4100 - CONSTRUCCIÓN DE EDIFICIOS"",""penalidades_acum"":2,""sanciones_tcp_acum"":0,""estado"":""ACTIVO"",""condicion"":""HABIDO""}",,,,,,,
6199,PUNO,"840,270.67",18/02/2021,"{""ruc"":""20448307523"",""antiguedad_empresa"":10.0,""cmc"":57504538.19,""cantidad_rubros"":3.0,""actividad_principal"":""Principal - 4100 - CONSTRUCCIÓN DE EDIFICIOS"",""penalidades_acum"":0,""sanciones_tcp_acum"":0,""estado"":""ACTIVO"",""condicion"":""HABIDO""}",,,,,,,,
6200,PUNO,"4,815,160.75",12/07/2022,"{""ruc"":""20232650444"",""antiguedad_empresa"":27.0,""cmc"":100000.0,""cantidad_rubros"":3.0,""actividad_principal"":""Principal - 4100 - CONSTRUCCIÓN DE EDIFICIOS"",""penalidades_acum"":0,""sanciones_tcp_acum"":2,""estado"":""ACTIVO"",""condicion"":""HABIDO""}","{""ruc"":""20448053599"",""antiguedad_empresa"":13.0,""cmc"":100000.0,""cantidad_rubros"":3.0,""actividad_principal"":""Principal - 7110 - ACTIVIDADES DE ARQUITECTURA E INGENIERÍA Y ACTIVIDADES CONEXAS DE CONSULTORÍA TÉCNICA"",""penalidades_acum"":0,""sanciones_tcp_acum"":3,""estado"":""SUSPENSION TEMPORAL"",""condicion"":""HABIDO""}",,,,,,,
6201,PUNO,"2,089,633.20",12/07/2022,"{""ruc"":""20447845211"",""antiguedad_empresa"":null,""cmc"":100000.0,""cantidad_rubros"":2.0,""actividad_principal"":""Principal - 4100 - CONSTRUCCIÓN DE EDIFICIOS"",""penalidades_acum"":0,""sanciones_tcp_acum"":0,""estado"":""ACTIVO"",""condicion"":""HABIDO""}","{""ruc"":""20448053599"",""antiguedad_empresa"":13.0,""cmc"":100000.0,""cantidad_rubros"":3.0,""actividad_principal"":""Principal - 7110 - ACTIVIDADES DE ARQUITECTURA E INGENIERÍA Y ACTIVIDADES CONEXAS DE CONSULTORÍA TÉCNICA"",""penalidades_acum"":0,""sanciones_tcp_acum"":3,""estado"":""SUSPENSION TEMPORAL"",""condicion"":""HABIDO""}",,,,,,,
6202,PUNO,"39,288,897.11",12/07/2022,"{""ruc"":""20384753125"",""antiguedad_empresa"":23.0,""cmc"":100000.0,""cantidad_rubros"":3.0,""actividad_principal"":""Principal - 4390 - OTRAS ACTIVIDADES ESPECIALIZADAS DE CONSTRUCCIÓN"",""penalidades_acum"":0,""sanciones_tcp_acum"":0,""estado"":""ACTIVO"",""condicion"":""HABIDO""}","{""ruc"":""20461112227"",""antiguedad_empresa"":22.0,""cmc"":103818565.5,""cantidad_rubros"":2.0,""actividad_principal"":""Principal - 4923 - TRANSPORTE DE CARGA POR CARRETERA"",""penalidades_acum"":0,""sanciones_tcp_acum"":2,""estado"":""BAJA DEFINITIVA"",""condicion"":""NO HABIDO""}",,,,,,,
6205,PUNO,"202,816,080.03",27/12/2024,"{""ruc"":""20602241671"",""antiguedad_empresa"":7.0,""cmc"":800510539.14,""cantidad_rubros"":3.0,""actividad_principal"":""Principal - 7110 - ACTIVIDADES DE ARQUITECTURA E INGENIERÍA Y ACTIVIDADES CONEXAS DE CONSULTORÍA TÉCNICA"",""penalidades_acum"":1,""sanciones_tcp_acum"":0,""estado"":""ACTIVO"",""condicion"":""HABIDO""}","{""ruc"":""20536612972"",""antiguedad_empresa"":13.0,""cmc"":819662336.32,""cantidad_rubros"":2.0,""actividad_principal"":""Principal - 4100 - CONSTRUCCIÓN DE EDIFICIOS"",""penalidades_acum"":0,""sanciones_tcp_acum"":1,""estado"":""ACTIVO"",""condicion"":""HABIDO""}",,,,,,,
6206,PUNO,"58,573,648.50",11/11/2024,"{""ruc"":""20518145763"",""antiguedad_empresa"":10.0,""cmc"":801089140.5,""cantidad_rubros"":3.0,""actividad_principal"":""Principal - 7110 - ACTIVIDADES DE ARQUITECTURA E INGENIERÍA Y ACTIVIDADES CONEXAS DE CONSULTORÍA TÉCNICA"",""penalidades_acum"":0,""sanciones_tcp_acum"":1,""estado"":""ACTIVO"",""condicion"":""HABIDO""}","{""ruc"":""20106758477"",""antiguedad_empresa"":33.0,""cmc"":100000.0,""cantidad_rubros"":1.0,""actividad_principal"":""Principal - 4100 - CONSTRUCCIÓN DE EDIFICIOS"",""penalidades_acum"":0,""sanciones_tcp_acum"":2,""estado"":""ACTIVO"",""condicion"":""HABIDO""}",,,,,,,
6375,SAN MARTIN,"445,646.59",30/12/2021,"{""ruc"":""20601456070"",""antiguedad_empresa"":5.0,""cmc"":400000.0,""cantidad_rubros"":3.0,""actividad_principal"":""Principal - 4923 - TRANSPORTE DE CARGA POR CARRETERA"",""penalidades_acum"":0,""sanciones_tcp_acum"":0,""estado"":""ACTIVO"",""condicion"":""HABIDO""}",,,,,,,,
6376,SAN MARTIN,"531,496.84",03/12/2021,"{""ruc"":""20600453565"",""antiguedad_empresa"":6.0,""cmc"":100000.0,""cantidad_rubros"":3.0,""actividad_principal"":""Principal - 4100 - CONSTRUCCIÓN DE EDIFICIOS"",""penalidades_acum"":0,""sanciones_tcp_acum"":0,""estado"":""ACTIVO"",""condicion"":""HABIDO""}","{""ruc"":""20603358504"",""antiguedad_empresa"":3.0,""cmc"":450000.0,""cantidad_rubros"":3.0,""actividad_principal"":""Principal - 7110 - ACTIVIDADES DE ARQUITECTURA E INGENIERÍA Y ACTIVIDADES CONEXAS DE CONSULTORÍA TÉCNICA"",""penalidades_acum"":0,""sanciones_tcp_acum"":0,""estado"":""ACTIVO"",""condicion"":""HABIDO""}",,,,,,,
6377,SAN MARTIN,"951,444.34",01/12/2021,"{""ruc"":""20489174023"",""antiguedad_empresa"":21.0,""cmc"":null,""cantidad_rubros"":1.0,""actividad_principal"":""Principal - 2394 - FABRICACIÓN DE CEMENTO, CAL Y YESO"",""penalidades_acum"":0,""sanciones_tcp_acum"":0,""estado"":""ACTIVO"",""condicion"":""HABIDO""}",,,,,,,,
6378,SAN MARTIN,"11,074,101.37",08/11/2021,"{""ruc"":""20542330512"",""antiguedad_empresa"":8.0,""cmc"":170635537.78,""cantidad_rubros"":3.0,""actividad_principal"":""Principal - 4100 - CONSTRUCCIÓN DE EDIFICIOS"",""penalidades_acum"":0,""sanciones_tcp_acum"":0,""estado"":""ACTIVO"",""condicion"":""HABIDO""}","{""ruc"":""20489747244"",""antiguedad_empresa"":12.0,""cmc"":100000.0,""cantidad_rubros"":3.0,""actividad_principal"":""Principal - 4100 - CONSTRUCCIÓN DE EDIFICIOS"",""penalidades_acum"":0,""sanciones_tcp_acum"":0,""estado"":""ACTIVO"",""condicion"":""HABIDO""}",,,,,,,
6379,SAN MARTIN,"2,885,088.66",27/10/2021,"{""ruc"":""20542374218"",""antiguedad_empresa"":8.0,""cmc"":100000.0,""cantidad_rubros"":3.0,""actividad_principal"":""Principal - 4663 - VENTA AL POR MAYOR DE MATERIALES DE CONSTRUCCIÓN, ARTÍCULOS DE FERRETERÍA Y EQUIPO Y MATERIALES DE FONTANERÍA Y CALEFACCIÓN"",""penalidades_acum"":0,""sanciones_tcp_acum"":0,""estado"":""SUSPENSION TEMPORAL"",""condicion"":""HABIDO""}",,,,,,,,
6380,SAN MARTIN,"29,970,588.57",14/10/2021,"{""ruc"":""20542374218"",""antiguedad_empresa"":8.0,""cmc"":100000.0,""cantidad_rubros"":3.0,""actividad_principal"":""Principal - 4663 - VENTA AL POR MAYOR DE MATERIALES DE CONSTRUCCIÓN, ARTÍCULOS DE FERRETERÍA Y EQUIPO Y MATERIALES DE FONTANERÍA Y CALEFACCIÓN"",""penalidades_acum"":0,""sanciones_tcp_acum"":0,""estado"":""SUSPENSION TEMPORAL"",""condicion"":""HABIDO""}","{""ruc"":""20450324184"",""antiguedad_empresa"":13.0,""cmc"":100000.0,""cantidad_rubros"":3.0,""actividad_principal"":""Principal - 4100 - CONSTRUCCIÓN DE EDIFICIOS"",""penalidades_acum"":0,""sanciones_tcp_acum"":0,""estado"":""ACTIVO"",""condicion"":""HABIDO""}",,,,,,,
6381,SAN MARTIN,"2,497,430.00",12/10/2021,"{""ruc"":""20477366172"",""antiguedad_empresa"":10.0,""cmc"":100000.0,""cantidad_rubros"":3.0,""actividad_principal"":""Principal - 4390 - OTRAS ACTIVIDADES ESPECIALIZADAS DE CONSTRUCCIÓN"",""penalidades_acum"":0,""sanciones_tcp_acum"":5,""estado"":""ACTIVO"",""condicion"":""HABIDO""}","{""ruc"":""20600179714"",""antiguedad_empresa"":6.0,""cmc"":100000.0,""cantidad_rubros"":2.0,""actividad_principal"":""Principal - 4100 - CONSTRUCCIÓN DE EDIFICIOS"",""penalidades_acum"":0,""sanciones_tcp_acum"":0,""estado"":""SUSPENSION TEMPORAL"",""condicion"":""HABIDO""}",,,,,,,
6382,SAN MARTIN,"406,274.97",07/10/2021,"{""ruc"":""20572218369"",""antiguedad_empresa"":null,""cmc"":100000.0,""cantidad_rubros"":1.0,""actividad_principal"":""Principal - 4390 - OTRAS ACTIVIDADES ESPECIALIZADAS DE CONSTRUCCIÓN"",""penalidades_acum"":0,""sanciones_tcp_acum"":0,""estado"":""ACTIVO"",""condicion"":""HABIDO""}","{""ruc"":""20572250505"",""antiguedad_empresa"":7.0,""cmc"":20651849.54,""cantidad_rubros"":3.0,""actividad_principal"":""Principal - 4100 - CONSTRUCCIÓN DE EDIFICIOS"",""penalidades_acum"":0,""sanciones_tcp_acum"":0,""estado"":""ACTIVO"",""condicion"":""HABIDO""}",,,,,,,
6383,SAN MARTIN,"493,000.00",18/05/2021,"{""ruc"":""20542312450"",""antiguedad_empresa"":8.0,""cmc"":500000.0,""cantidad_rubros"":3.0,""actividad_principal"":""Principal - 4100 - CONSTRUCCIÓN DE EDIFICIOS"",""penalidades_acum"":0,""sanciones_tcp_acum"":0,""estado"":""ACTIVO"",""condicion"":""HABIDO""}",,,,,,,,
6384,SAN MARTIN,"1,900,100.00",25/11/2022,"{""ruc"":""20450186440"",""antiguedad_empresa"":16.0,""cmc"":100000.0,""cantidad_rubros"":3.0,""actividad_principal"":""Principal - 4220 - CONSTRUCCIÓN DE PROYECTOS DE SERVICIO PÚBLICO"",""penalidades_acum"":0,""sanciones_tcp_acum"":0,""estado"":""ACTIVO"",""condicion"":""HABIDO""}","{""ruc"":""20450326713"",""antiguedad_empresa"":14.0,""cmc"":160346215.73,""cantidad_rubros"":3.0,""actividad_principal"":""Principal - 4100 - CONSTRUCCIÓN DE EDIFICIOS"",""penalidades_acum"":0,""sanciones_tcp_acum"":0,""estado"":""ACTIVO"",""condicion"":""HABIDO""}",,,,,,,
6385,SAN MARTIN,"1,028,900.00",26/10/2022,"{""ruc"":""20450326713"",""antiguedad_empresa"":14.0,""cmc"":160346215.73,""cantidad_rubros"":3.0,""actividad_principal"":""Principal - 4100 - CONSTRUCCIÓN DE EDIFICIOS"",""penalidades_acum"":0,""sanciones_tcp_acum"":0,""estado"":""ACTIVO"",""condicion"":""HABIDO""}",,,,,,,,
6386,SAN MARTIN,"221,419.04",21/09/2022,"{""ruc"":""20607046175"",""antiguedad_empresa"":2.0,""cmc"":400000.0,""cantidad_rubros"":3.0,""actividad_principal"":""Principal - 7110 - ACTIVIDADES DE ARQUITECTURA E INGENIERÍA Y ACTIVIDADES CONEXAS DE CONSULTORÍA TÉCNICA"",""penalidades_acum"":0,""sanciones_tcp_acum"":0,""estado"":""ACTIVO"",""condicion"":""HABIDO""}","{""ruc"":""20494015740"",""antiguedad_empresa"":11.0,""cmc"":1541633.48,""cantidad_rubros"":2.0,""actividad_principal"":""Principal - 4663 - VENTA AL POR MAYOR DE MATERIALES DE CONSTRUCCIÓN, ARTÍCULOS DE FERRETERÍA Y EQUIPO Y MATERIALES DE FONTANERÍA Y CALEFACCIÓN"",""penalidades_acum"":0,""sanciones_tcp_acum"":0,""estado"":""ACTIVO"",""condicion"":""HABIDO""}",,,,,,,
6387,SAN MARTIN,"393,032.33",21/09/2022,"{""ruc"":""20494015740"",""antiguedad_empresa"":11.0,""cmc"":1541633.48,""cantidad_rubros"":2.0,""actividad_principal"":""Principal - 4663 - VENTA AL POR MAYOR DE MATERIALES DE CONSTRUCCIÓN, ARTÍCULOS DE FERRETERÍA Y EQUIPO Y MATERIALES DE FONTANERÍA Y CALEFACCIÓN"",""penalidades_acum"":0,""sanciones_tcp_acum"":0,""estado"":""ACTIVO"",""condicion"":""HABIDO""}","{""ruc"":""20600505557"",""antiguedad_empresa"":6.0,""cmc"":100000.0,""cantidad_rubros"":3.0,""actividad_principal"":""Principal - 4100 - CONSTRUCCIÓN DE EDIFICIOS"",""penalidades_acum"":0,""sanciones_tcp_acum"":0,""estado"":""ACTIVO"",""condicion"":""HABIDO""}",,,,,,,
6388,SAN MARTIN,"256,500,000.00",20/09/2022,"{""ruc"":""20533651918"",""antiguedad_empresa"":9.0,""cmc"":527316072.22,""cantidad_rubros"":3.0,""actividad_principal"":""Principal - 4100 - CONSTRUCCIÓN DE EDIFICIOS"",""penalidades_acum"":0,""sanciones_tcp_acum"":0,""estado"":""ACTIVO"",""condicion"":""HABIDO""}","{""ruc"":""20450278051"",""antiguedad_empresa"":15.0,""cmc"":562761980.39,""cantidad_rubros"":3.0,""actividad_principal"":""Principal - 4100 - CONSTRUCCIÓN DE EDIFICIOS"",""penalidades_acum"":0,""sanciones_tcp_acum"":1,""estado"":""ACTIVO"",""condicion"":""HABIDO""}","{""ruc"":""20600683650"",""antiguedad_empresa"":7.0,""cmc"":2157432332.42,""cantidad_rubros"":3.0,""actividad_principal"":""Principal - 4100 - CONSTRUCCIÓN DE EDIFICIOS"",""penalidades_acum"":0,""sanciones_tcp_acum"":3,""estado"":""ACTIVO"",""condicion"":""HABIDO""}",,,,,,
6389,SAN MARTIN,"28,780,000.00",09/08/2022,"{""ruc"":""20450278051"",""antiguedad_empresa"":15.0,""cmc"":562761980.39,""cantidad_rubros"":3.0,""actividad_principal"":""Principal - 4100 - CONSTRUCCIÓN DE EDIFICIOS"",""penalidades_acum"":0,""sanciones_tcp_acum"":1,""estado"":""ACTIVO"",""condicion"":""HABIDO""}",,,,,,,,
6390,SAN MARTIN,"351,754.68",09/08/2022,"{""ruc"":""20542247453"",""antiguedad_empresa"":10.0,""cmc"":100000.0,""cantidad_rubros"":3.0,""actividad_principal"":""Principal - 4290 - CONSTRUCCIÓN DE OTRAS OBRAS DE INGENIERÍA CIVIL"",""penalidades_acum"":0,""sanciones_tcp_acum"":0,""estado"":""ACTIVO"",""condicion"":""HABIDO""}","{""ruc"":""20601638488"",""antiguedad_empresa"":6.0,""cmc"":100000.0,""cantidad_rubros"":3.0,""actividad_principal"":""Principal - 4100 - CONSTRUCCIÓN DE EDIFICIOS"",""penalidades_acum"":0,""sanciones_tcp_acum"":0,""estado"":""ACTIVO"",""condicion"":""HABIDO""}","{""ruc"":""20450119254"",""antiguedad_empresa"":16.0,""cmc"":51383862.66,""cantidad_rubros"":3.0,""actividad_principal"":""Principal - 4100 - CONSTRUCCIÓN DE EDIFICIOS"",""penalidades_acum"":2,""sanciones_tcp_acum"":0,""estado"":""ACTIVO"",""condicion"":""HABIDO""}",,,,,,
6391,SAN MARTIN,"184,767.99",01/07/2022,"{""ruc"":""20450299139"",""antiguedad_empresa"":14.0,""cmc"":158336017.8,""cantidad_rubros"":3.0,""actividad_principal"":""Principal - 4210 - CONSTRUCCIÓN DE CARRETERAS Y VÍAS DE FERROCARRIL"",""penalidades_acum"":0,""sanciones_tcp_acum"":1,""estado"":""ACTIVO"",""condicion"":""HABIDO""}",,,,,,,,
6392,SAN MARTIN,"31,427,173.70",21/06/2022,"{""ruc"":""20452477671"",""antiguedad_empresa"":19.0,""cmc"":201000296.36,""cantidad_rubros"":3.0,""actividad_principal"":""Principal - 4663 - VENTA AL POR MAYOR DE MATERIALES DE CONSTRUCCIÓN, ARTÍCULOS DE FERRETERÍA Y EQUIPO Y MATERIALES DE FONTANERÍA Y CALEFACCIÓN"",""penalidades_acum"":0,""sanciones_tcp_acum"":1,""estado"":""SUSPENSION TEMPORAL"",""condicion"":""NO HABIDO""}","{""ruc"":""20560034289"",""antiguedad_empresa"":8.0,""cmc"":500000.0,""cantidad_rubros"":3.0,""actividad_principal"":""Principal - 4100 - CONSTRUCCIÓN DE EDIFICIOS"",""penalidades_acum"":0,""sanciones_tcp_acum"":0,""estado"":""ACTIVO"",""condicion"":""HABIDO""}",,,,,,,
6393,SAN MARTIN,"35,760,000.00",21/06/2022,"{""ruc"":""20450312259"",""antiguedad_empresa"":14.0,""cmc"":210902791.96,""cantidad_rubros"":3.0,""actividad_principal"":""Principal - 4100 - CONSTRUCCIÓN DE EDIFICIOS"",""penalidades_acum"":0,""sanciones_tcp_acum"":0,""estado"":""ACTIVO"",""condicion"":""HABIDO""}",,,,,,,,
6394,SAN MARTIN,"464,999.58",16/06/2022,"{""ruc"":""20601456070"",""antiguedad_empresa"":6.0,""cmc"":400000.0,""cantidad_rubros"":3.0,""actividad_principal"":""Principal - 4923 - TRANSPORTE DE CARGA POR CARRETERA"",""penalidades_acum"":0,""sanciones_tcp_acum"":0,""estado"":""ACTIVO"",""condicion"":""HABIDO""}",,,,,,,,
6395,SAN MARTIN,"83,000.00",16/06/2022,"{""ruc"":""20542312450"",""antiguedad_empresa"":9.0,""cmc"":500000.0,""cantidad_rubros"":3.0,""actividad_principal"":""Principal - 4100 - CONSTRUCCIÓN DE EDIFICIOS"",""penalidades_acum"":0,""sanciones_tcp_acum"":0,""estado"":""ACTIVO"",""condicion"":""HABIDO""}",,,,,,,,
6396,SAN MARTIN,"211,147.89",06/06/2022,"{""ruc"":""20393885531"",""antiguedad_empresa"":9.0,""cmc"":100000.0,""cantidad_rubros"":3.0,""actividad_principal"":""Principal - 4100 - CONSTRUCCIÓN DE EDIFICIOS"",""penalidades_acum"":0,""sanciones_tcp_acum"":0,""estado"":""ACTIVO"",""condicion"":""HABIDO""}","{""ruc"":""20602206174"",""antiguedad_empresa"":5.0,""cmc"":100000.0,""cantidad_rubros"":3.0,""actividad_principal"":""Principal - 4100 - CONSTRUCCIÓN DE EDIFICIOS"",""penalidades_acum"":0,""sanciones_tcp_acum"":0,""estado"":""BAJA DE OFICIO"",""condicion"":""HABIDO""}",,,,,,,
6397,SAN MARTIN,"15,444,676.17",24/05/2022,"{""ruc"":""20493537742"",""antiguedad_empresa"":15.0,""cmc"":1098458521.47,""cantidad_rubros"":3.0,""actividad_principal"":""Principal - 4390 - OTRAS ACTIVIDADES ESPECIALIZADAS DE CONSTRUCCIÓN"",""penalidades_acum"":0,""sanciones_tcp_acum"":1,""estado"":""ACTIVO"",""condicion"":""HABIDO""}","{""ruc"":""20601123844"",""antiguedad_empresa"":6.0,""cmc"":19354350.4,""cantidad_rubros"":3.0,""actividad_principal"":""Principal - 4100 - CONSTRUCCIÓN DE EDIFICIOS"",""penalidades_acum"":0,""sanciones_tcp_acum"":0,""estado"":""ACTIVO"",""condicion"":""HABIDO""}","{""ruc"":""20528350462"",""antiguedad_empresa"":12.0,""cmc"":100000.0,""cantidad_rubros"":3.0,""actividad_principal"":""Principal - 4100 - CONSTRUCCIÓN DE EDIFICIOS"",""penalidades_acum"":0,""sanciones_tcp_acum"":1,""estado"":""ACTIVO"",""condicion"":""HABIDO""}",,,,,,
6398,SAN MARTIN,"231,000.00",18/05/2022,"{""ruc"":""20603282265"",""antiguedad_empresa"":4.0,""cmc"":100000.0,""cantidad_rubros"":3.0,""actividad_principal"":""Principal - 4100 - CONSTRUCCIÓN DE EDIFICIOS"",""penalidades_acum"":1,""sanciones_tcp_acum"":1,""estado"":""BAJA DE OFICIO"",""condicion"":""NO HABIDO""}",,,,,,,,
6399,SAN MARTIN,"14,119,507.98",17/05/2022,"{""ruc"":""20452477671"",""antiguedad_empresa"":19.0,""cmc"":201000296.36,""cantidad_rubros"":3.0,""actividad_principal"":""Principal - 4663 - VENTA AL POR MAYOR DE MATERIALES DE CONSTRUCCIÓN, ARTÍCULOS DE FERRETERÍA Y EQUIPO Y MATERIALES DE FONTANERÍA Y CALEFACCIÓN"",""penalidades_acum"":0,""sanciones_tcp_acum"":1,""estado"":""SUSPENSION TEMPORAL"",""condicion"":""NO HABIDO""}","{""ruc"":""20560034289"",""antiguedad_empresa"":8.0,""cmc"":500000.0,""cantidad_rubros"":3.0,""actividad_principal"":""Principal - 4100 - CONSTRUCCIÓN DE EDIFICIOS"",""penalidades_acum"":0,""sanciones_tcp_acum"":0,""estado"":""ACTIVO"",""condicion"":""HABIDO""}",,,,,,,
6400,SAN MARTIN,"938,547.01",28/04/2022,"{""ruc"":""20572185924"",""antiguedad_empresa"":8.0,""cmc"":21010434.06,""cantidad_rubros"":3.0,""actividad_principal"":""Principal - 4220 - CONSTRUCCIÓN DE PROYECTOS DE SERVICIO PÚBLICO"",""penalidades_acum"":0,""sanciones_tcp_acum"":0,""estado"":""ACTIVO"",""condicion"":""HABIDO""}","{""ruc"":""20604718598"",""antiguedad_empresa"":3.0,""cmc"":100000.0,""cantidad_rubros"":3.0,""actividad_principal"":""Principal - 4100 - CONSTRUCCIÓN DE EDIFICIOS"",""penalidades_acum"":0,""sanciones_tcp_acum"":0,""estado"":""ACTIVO"",""condicion"":""NO HABIDO""}",,,,,,,
6401,SAN MARTIN,"11,104,546.34",22/04/2022,"{""ruc"":""20450119254"",""antiguedad_empresa"":16.0,""cmc"":51383862.66,""cantidad_rubros"":3.0,""actividad_principal"":""Principal - 4100 - CONSTRUCCIÓN DE EDIFICIOS"",""penalidades_acum"":2,""sanciones_tcp_acum"":0,""estado"":""ACTIVO"",""condicion"":""HABIDO""}",,,,,,,,
6402,SAN MARTIN,"8,645,000.00",18/03/2022,"{""ruc"":""20450326713"",""antiguedad_empresa"":14.0,""cmc"":160346215.73,""cantidad_rubros"":3.0,""actividad_principal"":""Principal - 4100 - CONSTRUCCIÓN DE EDIFICIOS"",""penalidades_acum"":0,""sanciones_tcp_acum"":0,""estado"":""ACTIVO"",""condicion"":""HABIDO""}",,,,,,,,
6403,SAN MARTIN,"180,900.00",17/03/2022,"{""ruc"":""20393885531"",""antiguedad_empresa"":9.0,""cmc"":100000.0,""cantidad_rubros"":3.0,""actividad_principal"":""Principal - 4100 - CONSTRUCCIÓN DE EDIFICIOS"",""penalidades_acum"":0,""sanciones_tcp_acum"":0,""estado"":""ACTIVO"",""condicion"":""HABIDO""}","{""ruc"":""20494079713"",""antiguedad_empresa"":11.0,""cmc"":23043821.82,""cantidad_rubros"":3.0,""actividad_principal"":""Principal - 4100 - CONSTRUCCIÓN DE EDIFICIOS"",""penalidades_acum"":0,""sanciones_tcp_acum"":0,""estado"":""ACTIVO"",""condicion"":""HABIDO""}",,,,,,,
6404,SAN MARTIN,"3,545,230.97",17/03/2022,"{""ruc"":""20450312259"",""antiguedad_empresa"":14.0,""cmc"":210902791.96,""cantidad_rubros"":3.0,""actividad_principal"":""Principal - 4100 - CONSTRUCCIÓN DE EDIFICIOS"",""penalidades_acum"":0,""sanciones_tcp_acum"":0,""estado"":""ACTIVO"",""condicion"":""HABIDO""}","{""ruc"":""20601139457"",""antiguedad_empresa"":null,""cmc"":100000.0,""cantidad_rubros"":1.0,""actividad_principal"":""Principal - 4321 - INSTALACIONES ELÉCTRICAS"",""penalidades_acum"":0,""sanciones_tcp_acum"":0,""estado"":""SUSPENSION TEMPORAL"",""condicion"":""HABIDO""}",,,,,,,
6405,SAN MARTIN,"447,633.47",16/03/2022,"{""ruc"":""20531599404"",""antiguedad_empresa"":16.0,""cmc"":100000.0,""cantidad_rubros"":3.0,""actividad_principal"":""Principal - 4100 - CONSTRUCCIÓN DE EDIFICIOS"",""penalidades_acum"":0,""sanciones_tcp_acum"":0,""estado"":""ACTIVO"",""condicion"":""HABIDO""}",,,,,,,,
6406,SAN MARTIN,"7,625,076.49",04/02/2022,"{""ruc"":""20477150242"",""antiguedad_empresa"":11.0,""cmc"":582790972.77,""cantidad_rubros"":3.0,""actividad_principal"":""Principal - 4923 - TRANSPORTE DE CARGA POR CARRETERA"",""penalidades_acum"":0,""sanciones_tcp_acum"":1,""estado"":""ACTIVO"",""condicion"":""HABIDO""}",,,,,,,,
6407,SAN MARTIN,"12,150,000.00",04/02/2022,"{""ruc"":""20450278051"",""antiguedad_empresa"":15.0,""cmc"":562761980.39,""cantidad_rubros"":3.0,""actividad_principal"":""Principal - 4100 - CONSTRUCCIÓN DE EDIFICIOS"",""penalidades_acum"":0,""sanciones_tcp_acum"":1,""estado"":""ACTIVO"",""condicion"":""HABIDO""}","{""ruc"":""20493975421"",""antiguedad_empresa"":11.0,""cmc"":100000.0,""cantidad_rubros"":3.0,""actividad_principal"":""Principal - 4663 - VENTA AL POR MAYOR DE MATERIALES DE CONSTRUCCIÓN, ARTÍCULOS DE FERRETERÍA Y EQUIPO Y MATERIALES DE FONTANERÍA Y CALEFACCIÓN"",""penalidades_acum"":0,""sanciones_tcp_acum"":0,""estado"":""ACTIVO"",""condicion"":""HABIDO""}",,,,,,,
6408,SAN MARTIN,"11,980,000.00",03/02/2022,"{""ruc"":""20542330512"",""antiguedad_empresa"":9.0,""cmc"":170635537.78,""cantidad_rubros"":3.0,""actividad_principal"":""Principal - 4100 - CONSTRUCCIÓN DE EDIFICIOS"",""penalidades_acum"":0,""sanciones_tcp_acum"":0,""estado"":""ACTIVO"",""condicion"":""HABIDO""}","{""ruc"":""20450299139"",""antiguedad_empresa"":14.0,""cmc"":158336017.8,""cantidad_rubros"":3.0,""actividad_principal"":""Principal - 4210 - CONSTRUCCIÓN DE CARRETERAS Y VÍAS DE FERROCARRIL"",""penalidades_acum"":0,""sanciones_tcp_acum"":1,""estado"":""ACTIVO"",""condicion"":""HABIDO""}",,,,,,,
6409,SAN MARTIN,"7,400,242.13",03/02/2022,"{""ruc"":""20547581891"",""antiguedad_empresa"":10.0,""cmc"":100000.0,""cantidad_rubros"":3.0,""actividad_principal"":""Principal - 4100 - CONSTRUCCIÓN DE EDIFICIOS"",""penalidades_acum"":0,""sanciones_tcp_acum"":0,""estado"":""ACTIVO"",""condicion"":""HABIDO""}","{""ruc"":""20363610936"",""antiguedad_empresa"":25.0,""cmc"":450000.0,""cantidad_rubros"":3.0,""actividad_principal"":""Principal - 4220 - CONSTRUCCIÓN DE PROYECTOS DE SERVICIO PÚBLICO"",""penalidades_acum"":0,""sanciones_tcp_acum"":1,""estado"":""ACTIVO"",""condicion"":""HABIDO""}",,,,,,,
6410,SAN MARTIN,"245,630,000.00",26/01/2024,"{""ruc"":""20533651918"",""antiguedad_empresa"":11.0,""cmc"":527316072.22,""cantidad_rubros"":3.0,""actividad_principal"":""Principal - 4100 - CONSTRUCCIÓN DE EDIFICIOS"",""penalidades_acum"":0,""sanciones_tcp_acum"":0,""estado"":""ACTIVO"",""condicion"":""HABIDO""}","{""ruc"":""20450278051"",""antiguedad_empresa"":17.0,""cmc"":562761980.39,""cantidad_rubros"":3.0,""actividad_principal"":""Principal - 4100 - CONSTRUCCIÓN DE EDIFICIOS"",""penalidades_acum"":0,""sanciones_tcp_acum"":1,""estado"":""ACTIVO"",""condicion"":""HABIDO""}",,,,,,,
6420,SAN MARTIN,"5,680,210.36",03/12/2024,"{""ruc"":""20450151221"",""antiguedad_empresa"":18.0,""cmc"":100000.0,""cantidad_rubros"":3.0,""actividad_principal"":""Principal - 4100 - CONSTRUCCIÓN DE EDIFICIOS"",""penalidades_acum"":0,""sanciones_tcp_acum"":0,""estado"":""ACTIVO"",""condicion"":""HABIDO""}","{""ruc"":""20450299139"",""antiguedad_empresa"":16.0,""cmc"":158336017.8,""cantidad_rubros"":3.0,""actividad_principal"":""Principal - 4210 - CONSTRUCCIÓN DE CARRETERAS Y VÍAS DE FERROCARRIL"",""penalidades_acum"":0,""sanciones_tcp_acum"":1,""estado"":""ACTIVO"",""condicion"":""HABIDO""}",,,,,,,
6421,SAN MARTIN,"288,070.95",27/11/2024,"{""ruc"":""20572125191"",""antiguedad_empresa"":11.0,""cmc"":100000.0,""cantidad_rubros"":3.0,""actividad_principal"":""Principal - 4100 - CONSTRUCCIÓN DE EDIFICIOS"",""penalidades_acum"":0,""sanciones_tcp_acum"":0,""estado"":""ACTIVO"",""condicion"":""HABIDO""}","{""ruc"":""20601533171"",""antiguedad_empresa"":8.0,""cmc"":100000.0,""cantidad_rubros"":2.0,""actividad_principal"":""Principal - 4100 - CONSTRUCCIÓN DE EDIFICIOS"",""penalidades_acum"":0,""sanciones_tcp_acum"":0,""estado"":""ACTIVO"",""condicion"":""HABIDO""}",,,,,,,
6422,SAN MARTIN,"41,734,503.72",27/11/2024,"{""ruc"":""20493537742"",""antiguedad_empresa"":17.0,""cmc"":1098458521.47,""cantidad_rubros"":3.0,""actividad_principal"":""Principal - 4390 - OTRAS ACTIVIDADES ESPECIALIZADAS DE CONSTRUCCIÓN"",""penalidades_acum"":0,""sanciones_tcp_acum"":1,""estado"":""ACTIVO"",""condicion"":""HABIDO""}","{""ruc"":""20496054041"",""antiguedad_empresa"":12.0,""cmc"":14370365.64,""cantidad_rubros"":3.0,""actividad_principal"":""Principal - 4100 - CONSTRUCCIÓN DE EDIFICIOS"",""penalidades_acum"":0,""sanciones_tcp_acum"":0,""estado"":""ACTIVO"",""condicion"":""HABIDO""}","{""ruc"":""20529457554"",""antiguedad_empresa"":12.0,""cmc"":450000.0,""cantidad_rubros"":3.0,""actividad_principal"":""Principal - 4772 - VENTA AL POR MENOR DE PRODUCTOS FARMACÉUTICOS Y MÉDICOS, COSMÉTICOS Y ARTÍCULOS DE TOCADOR EN COMERCIOS ESPECIALIZADOS"",""penalidades_acum"":0,""sanciones_tcp_acum"":0,""estado"":""ACTIVO"",""condicion"":""HABIDO""}",,,,,,
6423,SAN MARTIN,"48,718,630.31",26/11/2024,"{""ruc"":""20560034289"",""antiguedad_empresa"":10.0,""cmc"":500000.0,""cantidad_rubros"":3.0,""actividad_principal"":""Principal - 4100 - CONSTRUCCIÓN DE EDIFICIOS"",""penalidades_acum"":0,""sanciones_tcp_acum"":0,""estado"":""ACTIVO"",""condicion"":""HABIDO""}","{""ruc"":""20604572968"",""antiguedad_empresa"":5.0,""cmc"":44185499.16,""cantidad_rubros"":3.0,""actividad_principal"":""Principal - 4220 - CONSTRUCCIÓN DE PROYECTOS DE SERVICIO PÚBLICO"",""penalidades_acum"":0,""sanciones_tcp_acum"":0,""estado"":""ACTIVO"",""condicion"":""HABIDO""}",,,,,,,
6424,SAN MARTIN,"47,000,000.00",26/11/2024,"{""ruc"":""20480403496"",""antiguedad_empresa"":16.0,""cmc"":168846560.66,""cantidad_rubros"":3.0,""actividad_principal"":""Principal - 4210 - CONSTRUCCIÓN DE CARRETERAS Y VÍAS DE FERROCARRIL"",""penalidades_acum"":0,""sanciones_tcp_acum"":0,""estado"":""ACTIVO"",""condicion"":""HABIDO""}","{""ruc"":""20542350033"",""antiguedad_empresa"":7.0,""cmc"":203925490.74,""cantidad_rubros"":3.0,""actividad_principal"":""Principal - 4100 - CONSTRUCCIÓN DE EDIFICIOS"",""penalidades_acum"":0,""sanciones_tcp_acum"":1,""estado"":""ACTIVO"",""condicion"":""HABIDO""}",,,,,,,
6425,SAN MARTIN,"18,546,011.31",25/11/2024,"{""ruc"":""20611692928"",""antiguedad_empresa"":1.0,""cmc"":765299.23,""cantidad_rubros"":3.0,""actividad_principal"":""Principal - 7110 - ACTIVIDADES DE ARQUITECTURA E INGENIERÍA Y ACTIVIDADES CONEXAS DE CONSULTORÍA TÉCNICA"",""penalidades_acum"":0,""sanciones_tcp_acum"":0,""estado"":""ACTIVO"",""condicion"":""HABIDO""}","{""ruc"":""20601290309"",""antiguedad_empresa"":8.0,""cmc"":500000.0,""cantidad_rubros"":3.0,""actividad_principal"":""Principal - 4290 - CONSTRUCCIÓN DE OTRAS OBRAS DE INGENIERÍA CIVIL"",""penalidades_acum"":0,""sanciones_tcp_acum"":0,""estado"":""ACTIVO"",""condicion"":""HABIDO""}","{""ruc"":""20480686692"",""antiguedad_empresa"":15.0,""cmc"":100000.0,""cantidad_rubros"":3.0,""actividad_principal"":""Principal - 4100 - CONSTRUCCIÓN DE EDIFICIOS"",""penalidades_acum"":2,""sanciones_tcp_acum"":2,""estado"":""ACTIVO"",""condicion"":""HABIDO""}",,,,,,
6426,SAN MARTIN,"2,329,900.36",20/11/2024,"{""ruc"":""20572224849"",""antiguedad_empresa"":10.0,""cmc"":100000.0,""cantidad_rubros"":3.0,""actividad_principal"":""Principal - 4100 - CONSTRUCCIÓN DE EDIFICIOS"",""penalidades_acum"":0,""sanciones_tcp_acum"":0,""estado"":""ACTIVO"",""condicion"":""HABIDO""}","{""ruc"":""20534016949"",""antiguedad_empresa"":17.0,""cmc"":30770280.07,""cantidad_rubros"":3.0,""actividad_principal"":""Principal - 4100 - CONSTRUCCIÓN DE EDIFICIOS"",""penalidades_acum"":1,""sanciones_tcp_acum"":1,""estado"":""ACTIVO"",""condicion"":""HABIDO""}",,,,,,,
6427,SAN MARTIN,"1,881,221.37",20/11/2024,"{""ruc"":""20600194861"",""antiguedad_empresa"":9.0,""cmc"":13274448.48,""cantidad_rubros"":3.0,""actividad_principal"":""Principal - 4100 - CONSTRUCCIÓN DE EDIFICIOS"",""penalidades_acum"":0,""sanciones_tcp_acum"":0,""estado"":""ACTIVO"",""condicion"":""HABIDO""}","{""ruc"":""20570866533"",""antiguedad_empresa"":10.0,""cmc"":13104828.0,""cantidad_rubros"":3.0,""actividad_principal"":""Principal - 7110 - ACTIVIDADES DE ARQUITECTURA E INGENIERÍA Y ACTIVIDADES CONEXAS DE CONSULTORÍA TÉCNICA"",""penalidades_acum"":1,""sanciones_tcp_acum"":1,""estado"":""ACTIVO"",""condicion"":""HABIDO""}",,,,,,,
6428,SAN MARTIN,"4,369,399.44",10/09/2024,"{""ruc"":""20493836651"",""antiguedad_empresa"":14.0,""cmc"":146216234.68,""cantidad_rubros"":3.0,""actividad_principal"":""Principal - 4923 - TRANSPORTE DE CARGA POR CARRETERA"",""penalidades_acum"":0,""sanciones_tcp_acum"":0,""estado"":""ACTIVO"",""condicion"":""HABIDO""}","{""ruc"":""20612984515"",""antiguedad_empresa"":0.0,""cmc"":100000.0,""cantidad_rubros"":1.0,""actividad_principal"":""Principal - 4100 - CONSTRUCCIÓN DE EDIFICIOS"",""penalidades_acum"":0,""sanciones_tcp_acum"":0,""estado"":""ACTIVO"",""condicion"":""HABIDO""}",,,,,,,
6429,SAN MARTIN,"6,553,996.35",05/09/2024,"{""ruc"":""20450186440"",""antiguedad_empresa"":18.0,""cmc"":100000.0,""cantidad_rubros"":3.0,""actividad_principal"":""Principal - 4220 - CONSTRUCCIÓN DE PROYECTOS DE SERVICIO PÚBLICO"",""penalidades_acum"":0,""sanciones_tcp_acum"":0,""estado"":""ACTIVO"",""condicion"":""HABIDO""}","{""ruc"":""20612988723"",""antiguedad_empresa"":0.0,""cmc"":0.0,""cantidad_rubros"":3.0,""actividad_principal"":""Principal - 4100 - CONSTRUCCIÓN DE EDIFICIOS"",""penalidades_acum"":0,""sanciones_tcp_acum"":1,""estado"":""ACTIVO"",""condicion"":""HABIDO""}",,,,,,,
6430,SAN MARTIN,"2,390,000.00",23/08/2024,"{""ruc"":""20602811914"",""antiguedad_empresa"":6.0,""cmc"":291203.97,""cantidad_rubros"":3.0,""actividad_principal"":""Principal - 4100 - CONSTRUCCIÓN DE EDIFICIOS"",""penalidades_acum"":0,""sanciones_tcp_acum"":0,""estado"":""ACTIVO"",""condicion"":""HABIDO""}","{""ruc"":""20600721179"",""antiguedad_empresa"":9.0,""cmc"":112959729.78,""cantidad_rubros"":3.0,""actividad_principal"":""Principal - 4100 - CONSTRUCCIÓN DE EDIFICIOS"",""penalidades_acum"":0,""sanciones_tcp_acum"":0,""estado"":""ACTIVO"",""condicion"":""HABIDO""}",,,,,,,
6431,SAN MARTIN,"218,000,000.00",05/08/2024,"{""ruc"":""20600683650"",""antiguedad_empresa"":9.0,""cmc"":2157432332.42,""cantidad_rubros"":3.0,""actividad_principal"":""Principal - 4100 - CONSTRUCCIÓN DE EDIFICIOS"",""penalidades_acum"":0,""sanciones_tcp_acum"":3,""estado"":""ACTIVO"",""condicion"":""HABIDO""}","{""ruc"":""20450278051"",""antiguedad_empresa"":17.0,""cmc"":562761980.39,""cantidad_rubros"":3.0,""actividad_principal"":""Principal - 4100 - CONSTRUCCIÓN DE EDIFICIOS"",""penalidades_acum"":0,""sanciones_tcp_acum"":1,""estado"":""ACTIVO"",""condicion"":""HABIDO""}",,,,,,,
6432,SAN MARTIN,"3,051,563.00",24/07/2024,"{""ruc"":""20609697238"",""antiguedad_empresa"":2.0,""cmc"":100000.0,""cantidad_rubros"":3.0,""actividad_principal"":""Principal - 4100 - CONSTRUCCIÓN DE EDIFICIOS"",""penalidades_acum"":0,""sanciones_tcp_acum"":0,""estado"":""ACTIVO"",""condicion"":""HABIDO""}","{""ruc"":""20450299139"",""antiguedad_empresa"":16.0,""cmc"":158336017.8,""cantidad_rubros"":3.0,""actividad_principal"":""Principal - 4210 - CONSTRUCCIÓN DE CARRETERAS Y VÍAS DE FERROCARRIL"",""penalidades_acum"":0,""sanciones_tcp_acum"":1,""estado"":""ACTIVO"",""condicion"":""HABIDO""}",,,,,,,
6433,SAN MARTIN,"741,255.82",22/07/2024,"{""ruc"":""20609836149"",""antiguedad_empresa"":2.0,""cmc"":100000.0,""cantidad_rubros"":3.0,""actividad_principal"":""Principal - 7110 - ACTIVIDADES DE ARQUITECTURA E INGENIERÍA Y ACTIVIDADES CONEXAS DE CONSULTORÍA TÉCNICA"",""penalidades_acum"":0,""sanciones_tcp_acum"":0,""estado"":""ACTIVO"",""condicion"":""HABIDO""}","{""ruc"":""20560168994"",""antiguedad_empresa"":10.0,""cmc"":39727024.78,""cantidad_rubros"":3.0,""actividad_principal"":""Principal - 4100 - CONSTRUCCIÓN DE EDIFICIOS"",""penalidades_acum"":0,""sanciones_tcp_acum"":0,""estado"":""ACTIVO"",""condicion"":""HABIDO""}",,,,,,,
6434,SAN MARTIN,"531,750.00",18/07/2024,"{""ruc"":""20572125191"",""antiguedad_empresa"":11.0,""cmc"":100000.0,""cantidad_rubros"":3.0,""actividad_principal"":""Principal - 4100 - CONSTRUCCIÓN DE EDIFICIOS"",""penalidades_acum"":0,""sanciones_tcp_acum"":0,""estado"":""ACTIVO"",""condicion"":""HABIDO""}","{""ruc"":""20450445305"",""antiguedad_empresa"":3.0,""cmc"":100000.0,""cantidad_rubros"":3.0,""actividad_principal"":""Principal - 4100 - CONSTRUCCIÓN DE EDIFICIOS"",""penalidades_acum"":0,""sanciones_tcp_acum"":0,""estado"":""ACTIVO"",""condicion"":""HABIDO""}",,,,,,,
6435,SAN MARTIN,"6,231,704.20",16/07/2024,"{""ruc"":""20494017521"",""antiguedad_empresa"":13.0,""cmc"":100000.0,""cantidad_rubros"":3.0,""actividad_principal"":""Principal - 4100 - CONSTRUCCIÓN DE EDIFICIOS"",""penalidades_acum"":0,""sanciones_tcp_acum"":1,""estado"":""ACTIVO"",""condicion"":""HABIDO""}","{""ruc"":""20450302377"",""antiguedad_empresa"":16.0,""cmc"":500000.0,""cantidad_rubros"":2.0,""actividad_principal"":""Principal - 4100 - CONSTRUCCIÓN DE EDIFICIOS"",""penalidades_acum"":0,""sanciones_tcp_acum"":0,""estado"":""ACTIVO"",""condicion"":""HABIDO""}","{""ruc"":""20612549258"",""antiguedad_empresa"":0.0,""cmc"":100000.0,""cantidad_rubros"":3.0,""actividad_principal"":""Principal - 4100 - CONSTRUCCIÓN DE EDIFICIOS"",""penalidades_acum"":0,""sanciones_tcp_acum"":0,""estado"":""SUSPENSION TEMPORAL"",""condicion"":""HABIDO""}",,,,,,
6436,SAN MARTIN,"660,900.00",12/07/2024,"{""ruc"":""20572125191"",""antiguedad_empresa"":11.0,""cmc"":100000.0,""cantidad_rubros"":3.0,""actividad_principal"":""Principal - 4100 - CONSTRUCCIÓN DE EDIFICIOS"",""penalidades_acum"":0,""sanciones_tcp_acum"":0,""estado"":""ACTIVO"",""condicion"":""HABIDO""}","{""ruc"":""20600194861"",""antiguedad_empresa"":9.0,""cmc"":13274448.48,""cantidad_rubros"":3.0,""actividad_principal"":""Principal - 4100 - CONSTRUCCIÓN DE EDIFICIOS"",""penalidades_acum"":0,""sanciones_tcp_acum"":0,""estado"":""ACTIVO"",""condicion"":""HABIDO""}",,,,,,,
6437,SAN MARTIN,"729,626.92",03/07/2024,"{""ruc"":""20480188404"",""antiguedad_empresa"":17.0,""cmc"":54400790.36,""cantidad_rubros"":3.0,""actividad_principal"":""Principal - 4100 - CONSTRUCCIÓN DE EDIFICIOS"",""penalidades_acum"":0,""sanciones_tcp_acum"":0,""estado"":""ACTIVO"",""condicion"":""HABIDO""}","{""ruc"":""20610467190"",""antiguedad_empresa"":1.0,""cmc"":152515.0,""cantidad_rubros"":3.0,""actividad_principal"":""Principal - 4100 - CONSTRUCCIÓN DE EDIFICIOS"",""penalidades_acum"":0,""sanciones_tcp_acum"":0,""estado"":""ACTIVO"",""condicion"":""HABIDO""}",,,,,,,
6438,SAN MARTIN,"729,626.92",05/06/2024,"{""ruc"":""20480188404"",""antiguedad_empresa"":17.0,""cmc"":54400790.36,""cantidad_rubros"":3.0,""actividad_principal"":""Principal - 4100 - CONSTRUCCIÓN DE EDIFICIOS"",""penalidades_acum"":0,""sanciones_tcp_acum"":0,""estado"":""ACTIVO"",""condicion"":""HABIDO""}","{""ruc"":""20610467190"",""antiguedad_empresa"":1.0,""cmc"":152515.0,""cantidad_rubros"":3.0,""actividad_principal"":""Principal - 4100 - CONSTRUCCIÓN DE EDIFICIOS"",""penalidades_acum"":0,""sanciones_tcp_acum"":0,""estado"":""ACTIVO"",""condicion"":""HABIDO""}",,,,,,,
6439,SAN MARTIN,"3,183,420.00",28/05/2024,"{""ruc"":""20572164331"",""antiguedad_empresa"":10.0,""cmc"":68002534.58,""cantidad_rubros"":3.0,""actividad_principal"":""Principal - 4210 - CONSTRUCCIÓN DE CARRETERAS Y VÍAS DE FERROCARRIL"",""penalidades_acum"":0,""sanciones_tcp_acum"":0,""estado"":""ACTIVO"",""condicion"":""HABIDO""}","{""ruc"":""20489532981"",""antiguedad_empresa"":17.0,""cmc"":100000.0,""cantidad_rubros"":3.0,""actividad_principal"":""Principal - 7110 - ACTIVIDADES DE ARQUITECTURA E INGENIERÍA Y ACTIVIDADES CONEXAS DE CONSULTORÍA TÉCNICA"",""penalidades_acum"":1,""sanciones_tcp_acum"":0,""estado"":""ACTIVO"",""condicion"":""HABIDO""}",,,,,,,
6440,SAN MARTIN,"2,800,000.00",18/04/2024,"{""ruc"":""20542350033"",""antiguedad_empresa"":7.0,""cmc"":203925490.74,""cantidad_rubros"":3.0,""actividad_principal"":""Principal - 4100 - CONSTRUCCIÓN DE EDIFICIOS"",""penalidades_acum"":0,""sanciones_tcp_acum"":1,""estado"":""ACTIVO"",""condicion"":""HABIDO""}","{""ruc"":""20493953614"",""antiguedad_empresa"":13.0,""cmc"":7890131.74,""cantidad_rubros"":3.0,""actividad_principal"":""Principal - 7730 - ALQUILER Y ARRENDAMIENTO DE OTROS TIPOS DE MAQUINARIA, EQUIPO Y BIENES TANGIBLES"",""penalidades_acum"":0,""sanciones_tcp_acum"":0,""estado"":""ACTIVO"",""condicion"":""HABIDO""}",,,,,,,
6441,SAN MARTIN,"810,696.58",17/04/2024,"{""ruc"":""20539158091"",""antiguedad_empresa"":11.0,""cmc"":638494158.78,""cantidad_rubros"":1.0,""actividad_principal"":""Principal - 4210 - CONSTRUCCIÓN DE CARRETERAS Y VÍAS DE FERROCARRIL"",""penalidades_acum"":0,""sanciones_tcp_acum"":1,""estado"":""ACTIVO"",""condicion"":""HABIDO""}","{""ruc"":""20601500214"",""antiguedad_empresa"":8.0,""cmc"":100000.0,""cantidad_rubros"":3.0,""actividad_principal"":""Principal - 4100 - CONSTRUCCIÓN DE EDIFICIOS"",""penalidades_acum"":0,""sanciones_tcp_acum"":0,""estado"":""ACTIVO"",""condicion"":""HABIDO""}",,,,,,,
6499,TACNA,"43,195,394.49",30/12/2021,"{""ruc"":""20456317376"",""antiguedad_empresa"":9.0,""cmc"":100000.0,""cantidad_rubros"":3.0,""actividad_principal"":""Principal - 4100 - CONSTRUCCIÓN DE EDIFICIOS"",""penalidades_acum"":1,""sanciones_tcp_acum"":4,""estado"":""ACTIVO"",""condicion"":""HABIDO""}","{""ruc"":""20513051833"",""antiguedad_empresa"":15.0,""cmc"":139684635.58,""cantidad_rubros"":3.0,""actividad_principal"":""Principal - 4100 - CONSTRUCCIÓN DE EDIFICIOS"",""penalidades_acum"":0,""sanciones_tcp_acum"":0,""estado"":""ACTIVO"",""condicion"":""HABIDO""}","{""ruc"":""20601898463"",""antiguedad_empresa"":4.0,""cmc"":64006721.3,""cantidad_rubros"":3.0,""actividad_principal"":""Principal - 4290 - CONSTRUCCIÓN DE OTRAS OBRAS DE INGENIERÍA CIVIL"",""penalidades_acum"":0,""sanciones_tcp_acum"":0,""estado"":""ACTIVO"",""condicion"":""HABIDO""}",,,,,,
6500,TACNA,"4,181,109.41",13/12/2021,"{""ruc"":""20533059890"",""antiguedad_empresa"":8.0,""cmc"":15330195.66,""cantidad_rubros"":3.0,""actividad_principal"":""Principal - 7110 - ACTIVIDADES DE ARQUITECTURA E INGENIERÍA Y ACTIVIDADES CONEXAS DE CONSULTORÍA TÉCNICA"",""penalidades_acum"":1,""sanciones_tcp_acum"":1,""estado"":""ACTIVO"",""condicion"":""HABIDO""}",,,,,,,,
6501,TACNA,"5,212,552.31",07/12/2021,"{""ruc"":""10004760617"",""antiguedad_empresa"":28.0,""cmc"":100000.0,""cantidad_rubros"":3.0,""actividad_principal"":""Principal - 4390 - OTRAS ACTIVIDADES ESPECIALIZADAS DE CONSTRUCCIÓN"",""penalidades_acum"":1,""sanciones_tcp_acum"":3,""estado"":""ACTIVO"",""condicion"":""HABIDO""}","{""ruc"":""20449384050"",""antiguedad_empresa"":8.0,""cmc"":100000.0,""cantidad_rubros"":2.0,""actividad_principal"":""Principal - 4100 - CONSTRUCCIÓN DE EDIFICIOS"",""penalidades_acum"":0,""sanciones_tcp_acum"":1,""estado"":""ACTIVO"",""condicion"":""HABIDO""}",,,,,,,
6502,TACNA,"5,277,151.40",30/11/2021,"{""ruc"":""20447647096"",""antiguedad_empresa"":15.0,""cmc"":186644598.75,""cantidad_rubros"":3.0,""actividad_principal"":""Principal - 4923 - TRANSPORTE DE CARGA POR CARRETERA"",""penalidades_acum"":0,""sanciones_tcp_acum"":1,""estado"":""ACTIVO"",""condicion"":""HABIDO""}",,,,,,,,
6503,TACNA,"12,809,124.34",05/11/2021,"{""ruc"":""20601016347"",""antiguedad_empresa"":5.0,""cmc"":60947215.0,""cantidad_rubros"":3.0,""actividad_principal"":""Principal - 4100 - CONSTRUCCIÓN DE EDIFICIOS"",""penalidades_acum"":0,""sanciones_tcp_acum"":1,""estado"":""ACTIVO"",""condicion"":""HABIDO""}","{""ruc"":""20119916705"",""antiguedad_empresa"":28.0,""cmc"":500000.0,""cantidad_rubros"":3.0,""actividad_principal"":""Principal - 4290 - CONSTRUCCIÓN DE OTRAS OBRAS DE INGENIERÍA CIVIL"",""penalidades_acum"":0,""sanciones_tcp_acum"":1,""estado"":""ACTIVO"",""condicion"":""HABIDO""}",,,,,,,
6504,TACNA,"1,193,333.81",20/10/2021,"{""ruc"":""10004760617"",""antiguedad_empresa"":28.0,""cmc"":100000.0,""cantidad_rubros"":3.0,""actividad_principal"":""Principal - 4390 - OTRAS ACTIVIDADES ESPECIALIZADAS DE CONSTRUCCIÓN"",""penalidades_acum"":1,""sanciones_tcp_acum"":3,""estado"":""ACTIVO"",""condicion"":""HABIDO""}","{""ruc"":""20533059890"",""antiguedad_empresa"":8.0,""cmc"":15330195.66,""cantidad_rubros"":3.0,""actividad_principal"":""Principal - 7110 - ACTIVIDADES DE ARQUITECTURA E INGENIERÍA Y ACTIVIDADES CONEXAS DE CONSULTORÍA TÉCNICA"",""penalidades_acum"":1,""sanciones_tcp_acum"":1,""estado"":""ACTIVO"",""condicion"":""HABIDO""}",,,,,,,
6505,TACNA,"4,181,109.41",11/10/2021,"{""ruc"":""20604357951"",""antiguedad_empresa"":2.0,""cmc"":100000.0,""cantidad_rubros"":3.0,""actividad_principal"":""Principal - 4100 - CONSTRUCCIÓN DE EDIFICIOS"",""penalidades_acum"":0,""sanciones_tcp_acum"":0,""estado"":""ACTIVO"",""condicion"":""HABIDO""}","{""ruc"":""20477530665"",""antiguedad_empresa"":10.0,""cmc"":100000.0,""cantidad_rubros"":3.0,""actividad_principal"":""Principal - 4100 - CONSTRUCCIÓN DE EDIFICIOS"",""penalidades_acum"":1,""sanciones_tcp_acum"":1,""estado"":""ACTIVO"",""condicion"":""NO HALLADO""}",,,,,,,
6506,TACNA,"1,978,650.49",27/09/2021,"{""ruc"":""20406330495"",""antiguedad_empresa"":18.0,""cmc"":100000.0,""cantidad_rubros"":3.0,""actividad_principal"":""Principal - 4100 - CONSTRUCCIÓN DE EDIFICIOS"",""penalidades_acum"":0,""sanciones_tcp_acum"":0,""estado"":""ACTIVO"",""condicion"":""HABIDO""}","{""ruc"":""20532656347"",""antiguedad_empresa"":10.0,""cmc"":100000.0,""cantidad_rubros"":3.0,""actividad_principal"":""Principal - 4100 - CONSTRUCCIÓN DE EDIFICIOS"",""penalidades_acum"":0,""sanciones_tcp_acum"":0,""estado"":""ACTIVO"",""condicion"":""HABIDO""}",,,,,,,
6507,TACNA,"18,886,728.86",23/09/2021,"{""ruc"":""20406330495"",""antiguedad_empresa"":18.0,""cmc"":100000.0,""cantidad_rubros"":3.0,""actividad_principal"":""Principal - 4100 - CONSTRUCCIÓN DE EDIFICIOS"",""penalidades_acum"":0,""sanciones_tcp_acum"":0,""estado"":""ACTIVO"",""condicion"":""HABIDO""}","{""ruc"":""20532656347"",""antiguedad_empresa"":10.0,""cmc"":100000.0,""cantidad_rubros"":3.0,""actividad_principal"":""Principal - 4100 - CONSTRUCCIÓN DE EDIFICIOS"",""penalidades_acum"":0,""sanciones_tcp_acum"":0,""estado"":""ACTIVO"",""condicion"":""HABIDO""}",,,,,,,
6508,TACNA,"7,105,489.65",06/09/2021,"{""ruc"":""20133176404"",""antiguedad_empresa"":29.0,""cmc"":353853660.15,""cantidad_rubros"":2.0,""actividad_principal"":""Principal - 4100 - CONSTRUCCIÓN DE EDIFICIOS"",""penalidades_acum"":0,""sanciones_tcp_acum"":0,""estado"":""ACTIVO"",""condicion"":""HABIDO""}","{""ruc"":""20519658501"",""antiguedad_empresa"":19.0,""cmc"":124261732.73,""cantidad_rubros"":3.0,""actividad_principal"":""Principal - 4220 - CONSTRUCCIÓN DE PROYECTOS DE SERVICIO PÚBLICO"",""penalidades_acum"":0,""sanciones_tcp_acum"":0,""estado"":""ACTIVO"",""condicion"":""HABIDO""}",,,,,,,
6509,TACNA,"29,244,810.20",03/09/2021,"{""ruc"":""20447647096"",""antiguedad_empresa"":15.0,""cmc"":186644598.75,""cantidad_rubros"":3.0,""actividad_principal"":""Principal - 4923 - TRANSPORTE DE CARGA POR CARRETERA"",""penalidades_acum"":0,""sanciones_tcp_acum"":1,""estado"":""ACTIVO"",""condicion"":""HABIDO""}","{""ruc"":""20521378531"",""antiguedad_empresa"":12.0,""cmc"":100000.0,""cantidad_rubros"":3.0,""actividad_principal"":""Principal - 4290 - CONSTRUCCIÓN DE OTRAS OBRAS DE INGENIERÍA CIVIL"",""penalidades_acum"":0,""sanciones_tcp_acum"":2,""estado"":""BAJA DE OFICIO"",""condicion"":""NO HABIDO""}",,,,,,,
6510,TACNA,"23,317,371.33",19/07/2021,"{""ruc"":""20456317376"",""antiguedad_empresa"":9.0,""cmc"":100000.0,""cantidad_rubros"":3.0,""actividad_principal"":""Principal - 4100 - CONSTRUCCIÓN DE EDIFICIOS"",""penalidades_acum"":1,""sanciones_tcp_acum"":4,""estado"":""ACTIVO"",""condicion"":""HABIDO""}","{""ruc"":""20601898463"",""antiguedad_empresa"":4.0,""cmc"":64006721.3,""cantidad_rubros"":3.0,""actividad_principal"":""Principal - 4290 - CONSTRUCCIÓN DE OTRAS OBRAS DE INGENIERÍA CIVIL"",""penalidades_acum"":0,""sanciones_tcp_acum"":0,""estado"":""ACTIVO"",""condicion"":""HABIDO""}",,,,,,,
6511,TACNA,"4,181,109.41",01/07/2021,"{""ruc"":""10004760617"",""antiguedad_empresa"":28.0,""cmc"":100000.0,""cantidad_rubros"":3.0,""actividad_principal"":""Principal - 4390 - OTRAS ACTIVIDADES ESPECIALIZADAS DE CONSTRUCCIÓN"",""penalidades_acum"":1,""sanciones_tcp_acum"":3,""estado"":""ACTIVO"",""condicion"":""HABIDO""}","{""ruc"":""20520021338"",""antiguedad_empresa"":15.0,""cmc"":11979811.64,""cantidad_rubros"":2.0,""actividad_principal"":""Principal - 4100 - CONSTRUCCIÓN DE EDIFICIOS"",""penalidades_acum"":0,""sanciones_tcp_acum"":1,""estado"":""ACTIVO"",""condicion"":""HABIDO""}",,,,,,,
6512,TACNA,"5,406,753.03",03/05/2021,"{""ruc"":""20601265002"",""antiguedad_empresa"":5.0,""cmc"":100000.0,""cantidad_rubros"":3.0,""actividad_principal"":""Principal - 4923 - TRANSPORTE DE CARGA POR CARRETERA"",""penalidades_acum"":0,""sanciones_tcp_acum"":0,""estado"":""ACTIVO"",""condicion"":""HABIDO""}","{""ruc"":""20532656347"",""antiguedad_empresa"":10.0,""cmc"":100000.0,""cantidad_rubros"":3.0,""actividad_principal"":""Principal - 4100 - CONSTRUCCIÓN DE EDIFICIOS"",""penalidades_acum"":0,""sanciones_tcp_acum"":0,""estado"":""ACTIVO"",""condicion"":""HABIDO""}",,,,,,,
6513,TACNA,"23,317,371.33",08/03/2021,"{""ruc"":""20456317376"",""antiguedad_empresa"":9.0,""cmc"":100000.0,""cantidad_rubros"":3.0,""actividad_principal"":""Principal - 4100 - CONSTRUCCIÓN DE EDIFICIOS"",""penalidades_acum"":1,""sanciones_tcp_acum"":4,""estado"":""ACTIVO"",""condicion"":""HABIDO""}","{""ruc"":""20601898463"",""antiguedad_empresa"":4.0,""cmc"":64006721.3,""cantidad_rubros"":3.0,""actividad_principal"":""Principal - 4290 - CONSTRUCCIÓN DE OTRAS OBRAS DE INGENIERÍA CIVIL"",""penalidades_acum"":0,""sanciones_tcp_acum"":0,""estado"":""ACTIVO"",""condicion"":""HABIDO""}",,,,,,,
6515,TACNA,"16,140,051.41",10/11/2022,"{""ruc"":""20447781655"",""antiguedad_empresa"":15.0,""cmc"":337896386.62,""cantidad_rubros"":3.0,""actividad_principal"":""Principal - 4100 - CONSTRUCCIÓN DE EDIFICIOS"",""penalidades_acum"":0,""sanciones_tcp_acum"":1,""estado"":""ACTIVO"",""condicion"":""HABIDO""}",,,,,,,,
6516,TACNA,"17,416,579.70",10/10/2022,"{""ruc"":""20218090550"",""antiguedad_empresa"":28.0,""cmc"":100000.0,""cantidad_rubros"":1.0,""actividad_principal"":""Principal - 4100 - CONSTRUCCIÓN DE EDIFICIOS"",""penalidades_acum"":0,""sanciones_tcp_acum"":0,""estado"":""ACTIVO"",""condicion"":""HABIDO""}","{""ruc"":""20600426975"",""antiguedad_empresa"":7.0,""cmc"":100000.0,""cantidad_rubros"":3.0,""actividad_principal"":""Principal - 4100 - CONSTRUCCIÓN DE EDIFICIOS"",""penalidades_acum"":0,""sanciones_tcp_acum"":2,""estado"":""ACTIVO"",""condicion"":""HABIDO""}",,,,,,,
6517,TACNA,"10,507,589.51",30/09/2022,"{""ruc"":""20447781655"",""antiguedad_empresa"":15.0,""cmc"":337896386.62,""cantidad_rubros"":3.0,""actividad_principal"":""Principal - 4100 - CONSTRUCCIÓN DE EDIFICIOS"",""penalidades_acum"":0,""sanciones_tcp_acum"":1,""estado"":""ACTIVO"",""condicion"":""HABIDO""}","{""ruc"":""20542703483"",""antiguedad_empresa"":8.0,""cmc"":100000.0,""cantidad_rubros"":3.0,""actividad_principal"":""Principal - 4290 - CONSTRUCCIÓN DE OTRAS OBRAS DE INGENIERÍA CIVIL"",""penalidades_acum"":0,""sanciones_tcp_acum"":1,""estado"":""ACTIVO"",""condicion"":""HABIDO""}",,,,,,,
6518,TACNA,"9,651,051.63",27/09/2022,"{""ruc"":""20532656347"",""antiguedad_empresa"":11.0,""cmc"":100000.0,""cantidad_rubros"":3.0,""actividad_principal"":""Principal - 4100 - CONSTRUCCIÓN DE EDIFICIOS"",""penalidades_acum"":0,""sanciones_tcp_acum"":0,""estado"":""ACTIVO"",""condicion"":""HABIDO""}","{""ruc"":""20406330495"",""antiguedad_empresa"":19.0,""cmc"":100000.0,""cantidad_rubros"":3.0,""actividad_principal"":""Principal - 4100 - CONSTRUCCIÓN DE EDIFICIOS"",""penalidades_acum"":0,""sanciones_tcp_acum"":0,""estado"":""ACTIVO"",""condicion"":""HABIDO""}",,,,,,,
6519,TACNA,"25,191,633.06",09/09/2022,"{""ruc"":""20218090550"",""antiguedad_empresa"":28.0,""cmc"":100000.0,""cantidad_rubros"":1.0,""actividad_principal"":""Principal - 4100 - CONSTRUCCIÓN DE EDIFICIOS"",""penalidades_acum"":0,""sanciones_tcp_acum"":0,""estado"":""ACTIVO"",""condicion"":""HABIDO""}","{""ruc"":""20600426975"",""antiguedad_empresa"":7.0,""cmc"":100000.0,""cantidad_rubros"":3.0,""actividad_principal"":""Principal - 4100 - CONSTRUCCIÓN DE EDIFICIOS"",""penalidades_acum"":0,""sanciones_tcp_acum"":2,""estado"":""ACTIVO"",""condicion"":""HABIDO""}",,,,,,,
6520,TACNA,"5,476,274.26",06/09/2022,"{""ruc"":""20232650444"",""antiguedad_empresa"":27.0,""cmc"":100000.0,""cantidad_rubros"":3.0,""actividad_principal"":""Principal - 4100 - CONSTRUCCIÓN DE EDIFICIOS"",""penalidades_acum"":0,""sanciones_tcp_acum"":2,""estado"":""ACTIVO"",""condicion"":""HABIDO""}",,,,,,,,
6521,TACNA,"823,939.11",16/08/2022,"{""ruc"":""20448245668"",""antiguedad_empresa"":12.0,""cmc"":100000.0,""cantidad_rubros"":3.0,""actividad_principal"":""Principal - 7730 - ALQUILER Y ARRENDAMIENTO DE OTROS TIPOS DE MAQUINARIA, EQUIPO Y BIENES TANGIBLES"",""penalidades_acum"":1,""sanciones_tcp_acum"":2,""estado"":""ACTIVO"",""condicion"":""NO HABIDO""}",,,,,,,,
6522,TACNA,"14,055,685.16",11/08/2022,"{""ruc"":""20601016347"",""antiguedad_empresa"":6.0,""cmc"":60947215.0,""cantidad_rubros"":3.0,""actividad_principal"":""Principal - 4100 - CONSTRUCCIÓN DE EDIFICIOS"",""penalidades_acum"":0,""sanciones_tcp_acum"":1,""estado"":""ACTIVO"",""condicion"":""HABIDO""}","{""ruc"":""20119916705"",""antiguedad_empresa"":29.0,""cmc"":500000.0,""cantidad_rubros"":3.0,""actividad_principal"":""Principal - 4290 - CONSTRUCCIÓN DE OTRAS OBRAS DE INGENIERÍA CIVIL"",""penalidades_acum"":0,""sanciones_tcp_acum"":1,""estado"":""ACTIVO"",""condicion"":""HABIDO""}",,,,,,,
6523,TACNA,"7,886,208.88",08/07/2022,"{""ruc"":""20601771641"",""antiguedad_empresa"":5.0,""cmc"":1369406455.98,""cantidad_rubros"":3.0,""actividad_principal"":""Principal - 4100 - CONSTRUCCIÓN DE EDIFICIOS"",""penalidades_acum"":0,""sanciones_tcp_acum"":0,""estado"":""ACTIVO"",""condicion"":""HABIDO""}",,,,,,,,
6524,TACNA,"9,651,051.63",08/07/2022,"{""ruc"":""20532656347"",""antiguedad_empresa"":11.0,""cmc"":100000.0,""cantidad_rubros"":3.0,""actividad_principal"":""Principal - 4100 - CONSTRUCCIÓN DE EDIFICIOS"",""penalidades_acum"":0,""sanciones_tcp_acum"":0,""estado"":""ACTIVO"",""condicion"":""HABIDO""}","{""ruc"":""20406330495"",""antiguedad_empresa"":19.0,""cmc"":100000.0,""cantidad_rubros"":3.0,""actividad_principal"":""Principal - 4100 - CONSTRUCCIÓN DE EDIFICIOS"",""penalidades_acum"":0,""sanciones_tcp_acum"":0,""estado"":""ACTIVO"",""condicion"":""HABIDO""}",,,,,,,
6525,TACNA,"9,546,473.29",12/05/2022,"{""ruc"":""20447647096"",""antiguedad_empresa"":16.0,""cmc"":186644598.75,""cantidad_rubros"":3.0,""actividad_principal"":""Principal - 4923 - TRANSPORTE DE CARGA POR CARRETERA"",""penalidades_acum"":0,""sanciones_tcp_acum"":1,""estado"":""ACTIVO"",""condicion"":""HABIDO""}",,,,,,,,
6526,TACNA,"9,212,061.03",12/04/2022,"{""ruc"":""20447647096"",""antiguedad_empresa"":16.0,""cmc"":186644598.75,""cantidad_rubros"":3.0,""actividad_principal"":""Principal - 4923 - TRANSPORTE DE CARGA POR CARRETERA"",""penalidades_acum"":0,""sanciones_tcp_acum"":1,""estado"":""ACTIVO"",""condicion"":""HABIDO""}","{""ruc"":""20363610936"",""antiguedad_empresa"":25.0,""cmc"":450000.0,""cantidad_rubros"":3.0,""actividad_principal"":""Principal - 4220 - CONSTRUCCIÓN DE PROYECTOS DE SERVICIO PÚBLICO"",""penalidades_acum"":0,""sanciones_tcp_acum"":1,""estado"":""ACTIVO"",""condicion"":""HABIDO""}",,,,,,,
6527,TACNA,"618,005.52",11/04/2022,"{""ruc"":""10004760617"",""antiguedad_empresa"":29.0,""cmc"":100000.0,""cantidad_rubros"":3.0,""actividad_principal"":""Principal - 4390 - OTRAS ACTIVIDADES ESPECIALIZADAS DE CONSTRUCCIÓN"",""penalidades_acum"":1,""sanciones_tcp_acum"":3,""estado"":""ACTIVO"",""condicion"":""HABIDO""}","{""ruc"":""20449384050"",""antiguedad_empresa"":9.0,""cmc"":100000.0,""cantidad_rubros"":2.0,""actividad_principal"":""Principal - 4100 - CONSTRUCCIÓN DE EDIFICIOS"",""penalidades_acum"":0,""sanciones_tcp_acum"":1,""estado"":""ACTIVO"",""condicion"":""HABIDO""}",,,,,,,
6528,TACNA,"15,264,947.34",17/03/2022,"{""ruc"":""20507991662"",""antiguedad_empresa"":2.0,""cmc"":47033522.59,""cantidad_rubros"":3.0,""actividad_principal"":""Principal - 4100 - CONSTRUCCIÓN DE EDIFICIOS"",""penalidades_acum"":0,""sanciones_tcp_acum"":0,""estado"":""ACTIVO"",""condicion"":""HABIDO""}","{""ruc"":""20565699955"",""antiguedad_empresa"":8.0,""cmc"":40724784.93,""cantidad_rubros"":1.0,""actividad_principal"":""Principal - 4100 - CONSTRUCCIÓN DE EDIFICIOS"",""penalidades_acum"":0,""sanciones_tcp_acum"":0,""estado"":""ACTIVO"",""condicion"":""HABIDO""}",,,,,,,
6529,TACNA,"923,439.35",07/03/2022,"{""ruc"":""20268887785"",""antiguedad_empresa"":27.0,""cmc"":400000.0,""cantidad_rubros"":1.0,""actividad_principal"":""Principal - 4290 - CONSTRUCCIÓN DE OTRAS OBRAS DE INGENIERÍA CIVIL"",""penalidades_acum"":0,""sanciones_tcp_acum"":1,""estado"":""ACTIVO"",""condicion"":""HABIDO""}",,,,,,,,
6530,TACNA,"2,607,272.86",23/02/2022,"{""ruc"":""20406330495"",""antiguedad_empresa"":19.0,""cmc"":100000.0,""cantidad_rubros"":3.0,""actividad_principal"":""Principal - 4100 - CONSTRUCCIÓN DE EDIFICIOS"",""penalidades_acum"":0,""sanciones_tcp_acum"":0,""estado"":""ACTIVO"",""condicion"":""HABIDO""}","{""ruc"":""20532656347"",""antiguedad_empresa"":11.0,""cmc"":100000.0,""cantidad_rubros"":3.0,""actividad_principal"":""Principal - 4100 - CONSTRUCCIÓN DE EDIFICIOS"",""penalidades_acum"":0,""sanciones_tcp_acum"":0,""estado"":""ACTIVO"",""condicion"":""HABIDO""}",,,,,,,
6537,TACNA,"41,494,583.48",27/09/2024,"{""ruc"":""20453991769"",""antiguedad_empresa"":19.0,""cmc"":38377398.72,""cantidad_rubros"":3.0,""actividad_principal"":""Principal - 4100 - CONSTRUCCIÓN DE EDIFICIOS"",""penalidades_acum"":0,""sanciones_tcp_acum"":0,""estado"":""ACTIVO"",""condicion"":""HABIDO""}","{""ruc"":""20519658501"",""antiguedad_empresa"":22.0,""cmc"":124261732.73,""cantidad_rubros"":3.0,""actividad_principal"":""Principal - 4220 - CONSTRUCCIÓN DE PROYECTOS DE SERVICIO PÚBLICO"",""penalidades_acum"":0,""sanciones_tcp_acum"":0,""estado"":""ACTIVO"",""condicion"":""HABIDO""}","{""ruc"":""20133176404"",""antiguedad_empresa"":32.0,""cmc"":353853660.15,""cantidad_rubros"":2.0,""actividad_principal"":""Principal - 4100 - CONSTRUCCIÓN DE EDIFICIOS"",""penalidades_acum"":0,""sanciones_tcp_acum"":0,""estado"":""ACTIVO"",""condicion"":""HABIDO""}",,,,,,
6538,TACNA,"24,598,737.93",27/09/2024,"{""ruc"":""20406330495"",""antiguedad_empresa"":21.0,""cmc"":100000.0,""cantidad_rubros"":3.0,""actividad_principal"":""Principal - 4100 - CONSTRUCCIÓN DE EDIFICIOS"",""penalidades_acum"":0,""sanciones_tcp_acum"":0,""estado"":""ACTIVO"",""condicion"":""HABIDO""}","{""ruc"":""20532656347"",""antiguedad_empresa"":13.0,""cmc"":100000.0,""cantidad_rubros"":3.0,""actividad_principal"":""Principal - 4100 - CONSTRUCCIÓN DE EDIFICIOS"",""penalidades_acum"":0,""sanciones_tcp_acum"":0,""estado"":""ACTIVO"",""condicion"":""HABIDO""}",,,,,,,
6539,TACNA,"23,218,615.82",17/09/2024,"{""ruc"":""20257427022"",""antiguedad_empresa"":30.0,""cmc"":45690781.99,""cantidad_rubros"":1.0,""actividad_principal"":""Principal - 7110 - ACTIVIDADES DE ARQUITECTURA E INGENIERÍA Y ACTIVIDADES CONEXAS DE CONSULTORÍA TÉCNICA"",""penalidades_acum"":0,""sanciones_tcp_acum"":0,""estado"":""ACTIVO"",""condicion"":""HABIDO""}","{""ruc"":""20563050684"",""antiguedad_empresa"":10.0,""cmc"":100000.0,""cantidad_rubros"":2.0,""actividad_principal"":""Principal - 4390 - OTRAS ACTIVIDADES ESPECIALIZADAS DE CONSTRUCCIÓN"",""penalidades_acum"":0,""sanciones_tcp_acum"":0,""estado"":""ACTIVO"",""condicion"":""HABIDO""}","{""ruc"":""20565699955"",""antiguedad_empresa"":10.0,""cmc"":40724784.93,""cantidad_rubros"":1.0,""actividad_principal"":""Principal - 4100 - CONSTRUCCIÓN DE EDIFICIOS"",""penalidades_acum"":0,""sanciones_tcp_acum"":0,""estado"":""ACTIVO"",""condicion"":""HABIDO""}",,,,,,
6540,TACNA,"3,232,080.58",21/08/2024,"{""ruc"":""20529202998"",""antiguedad_empresa"":13.0,""cmc"":49791999.33,""cantidad_rubros"":3.0,""actividad_principal"":""Principal - 4210 - CONSTRUCCIÓN DE CARRETERAS Y VÍAS DE FERROCARRIL"",""penalidades_acum"":0,""sanciones_tcp_acum"":0,""estado"":""ACTIVO"",""condicion"":""HABIDO""}","{""ruc"":""20608077163"",""antiguedad_empresa"":3.0,""cmc"":4636396.79,""cantidad_rubros"":2.0,""actividad_principal"":""Principal - 7110 - ACTIVIDADES DE ARQUITECTURA E INGENIERÍA Y ACTIVIDADES CONEXAS DE CONSULTORÍA TÉCNICA"",""penalidades_acum"":0,""sanciones_tcp_acum"":0,""estado"":""ACTIVO"",""condicion"":""HABIDO""}",,,,,,,
6541,TACNA,"9,666,614.10",15/08/2024,"{""ruc"":""20609409445"",""antiguedad_empresa"":2.0,""cmc"":100000.0,""cantidad_rubros"":2.0,""actividad_principal"":""Principal - 7110 - ACTIVIDADES DE ARQUITECTURA E INGENIERÍA Y ACTIVIDADES CONEXAS DE CONSULTORÍA TÉCNICA"",""penalidades_acum"":0,""sanciones_tcp_acum"":0,""estado"":""ACTIVO"",""condicion"":""HABIDO""}","{""ruc"":""20494637074"",""antiguedad_empresa"":15.0,""cmc"":555480151.85,""cantidad_rubros"":3.0,""actividad_principal"":""Principal - 4210 - CONSTRUCCIÓN DE CARRETERAS Y VÍAS DE FERROCARRIL"",""penalidades_acum"":1,""sanciones_tcp_acum"":3,""estado"":""ACTIVO"",""condicion"":""HABIDO""}",,,,,,,
6542,TACNA,"23,121,139.75",12/08/2024,"{""ruc"":""20533652213"",""antiguedad_empresa"":11.0,""cmc"":91303714.42,""cantidad_rubros"":3.0,""actividad_principal"":""Principal - 4210 - CONSTRUCCIÓN DE CARRETERAS Y VÍAS DE FERROCARRIL"",""penalidades_acum"":0,""sanciones_tcp_acum"":0,""estado"":""ACTIVO"",""condicion"":""HABIDO""}","{""ruc"":""20536907930"",""antiguedad_empresa"":14.0,""cmc"":43036688.34,""cantidad_rubros"":3.0,""actividad_principal"":""Principal - 4390 - OTRAS ACTIVIDADES ESPECIALIZADAS DE CONSTRUCCIÓN"",""penalidades_acum"":0,""sanciones_tcp_acum"":0,""estado"":""ACTIVO"",""condicion"":""HABIDO""}",,,,,,,
6543,TACNA,"19,125,495.94",18/06/2024,"{""ruc"":""20547282559"",""antiguedad_empresa"":12.0,""cmc"":135689244.58,""cantidad_rubros"":2.0,""actividad_principal"":""Principal - 4100 - CONSTRUCCIÓN DE EDIFICIOS"",""penalidades_acum"":0,""sanciones_tcp_acum"":0,""estado"":""ACTIVO"",""condicion"":""HABIDO""}",,,,,,,,
6544,TACNA,"4,047,487.82",06/06/2024,"{""ruc"":""20456323007"",""antiguedad_empresa"":12.0,""cmc"":160569756.78,""cantidad_rubros"":2.0,""actividad_principal"":""Principal - 4290 - CONSTRUCCIÓN DE OTRAS OBRAS DE INGENIERÍA CIVIL"",""penalidades_acum"":0,""sanciones_tcp_acum"":1,""estado"":""ACTIVO"",""condicion"":""HABIDO""}",,,,,,,,
6955,TUMBES,"1,364,902.54",02/12/2021,"{""ruc"":""20479087360"",""antiguedad_empresa"":12.0,""cmc"":100000.0,""cantidad_rubros"":3.0,""actividad_principal"":""Principal - 4100 - CONSTRUCCIÓN DE EDIFICIOS"",""penalidades_acum"":0,""sanciones_tcp_acum"":0,""estado"":""ACTIVO"",""condicion"":""HABIDO""}",,,,,,,,
6956,TUMBES,"5,886,429.66",09/11/2021,"{""ruc"":""20409461019"",""antiguedad_empresa"":8.0,""cmc"":6420043.08,""cantidad_rubros"":3.0,""actividad_principal"":""Principal - 8130 - ACTIVIDADES DE PAISAJISMO Y SERVICIOS DE MANTENIMIENTO CONEXOS"",""penalidades_acum"":0,""sanciones_tcp_acum"":0,""estado"":""ACTIVO"",""condicion"":""HABIDO""}","{""ruc"":""20525460950"",""antiguedad_empresa"":14.0,""cmc"":100000.0,""cantidad_rubros"":3.0,""actividad_principal"":""Principal - 4100 - CONSTRUCCIÓN DE EDIFICIOS"",""penalidades_acum"":0,""sanciones_tcp_acum"":1,""estado"":""BAJA DEFINITIVA"",""condicion"":""HABIDO""}",,,,,,,
6957,TUMBES,"3,870,148.12",08/06/2021,"{""ruc"":""20529698918"",""antiguedad_empresa"":8.0,""cmc"":100000.0,""cantidad_rubros"":3.0,""actividad_principal"":""Principal - 4100 - CONSTRUCCIÓN DE EDIFICIOS"",""penalidades_acum"":0,""sanciones_tcp_acum"":1,""estado"":""ACTIVO"",""condicion"":""HABIDO""}","{""ruc"":""20409211411"",""antiguedad_empresa"":13.0,""cmc"":100000.0,""cantidad_rubros"":3.0,""actividad_principal"":""Principal - 4290 - CONSTRUCCIÓN DE OTRAS OBRAS DE INGENIERÍA CIVIL"",""penalidades_acum"":0,""sanciones_tcp_acum"":0,""estado"":""ACTIVO"",""condicion"":""HABIDO""}","{""ruc"":""20600983025"",""antiguedad_empresa"":5.0,""cmc"":100000.0,""cantidad_rubros"":3.0,""actividad_principal"":""Principal - 4100 - CONSTRUCCIÓN DE EDIFICIOS"",""penalidades_acum"":0,""sanciones_tcp_acum"":0,""estado"":""BAJA DE OFICIO"",""condicion"":""HABIDO""}",,,,,,
6958,TUMBES,"5,830,702.47",04/06/2021,"{""ruc"":""20484206997"",""antiguedad_empresa"":17.0,""cmc"":173050007.85,""cantidad_rubros"":2.0,""actividad_principal"":""Principal - 4210 - CONSTRUCCIÓN DE CARRETERAS Y VÍAS DE FERROCARRIL"",""penalidades_acum"":0,""sanciones_tcp_acum"":0,""estado"":""ACTIVO"",""condicion"":""HABIDO""}",,,,,,,,
6959,TUMBES,"8,052,591.24",03/05/2021,"{""ruc"":""20488071603"",""antiguedad_empresa"":9.0,""cmc"":188581437.9,""cantidad_rubros"":3.0,""actividad_principal"":""Principal - 4100 - CONSTRUCCIÓN DE EDIFICIOS"",""penalidades_acum"":0,""sanciones_tcp_acum"":0,""estado"":""ACTIVO"",""condicion"":""HABIDO""}","{""ruc"":""20604329494"",""antiguedad_empresa"":2.0,""cmc"":100000.0,""cantidad_rubros"":2.0,""actividad_principal"":""Principal - 4210 - CONSTRUCCIÓN DE CARRETERAS Y VÍAS DE FERROCARRIL"",""penalidades_acum"":0,""sanciones_tcp_acum"":0,""estado"":""BAJA DE OFICIO"",""condicion"":""NO HABIDO""}",,,,,,,
6960,TUMBES,"677,293.14",29/12/2022,"{""ruc"":""20525413871"",""antiguedad_empresa"":16.0,""cmc"":65253488.02,""cantidad_rubros"":3.0,""actividad_principal"":""Principal - 3314 - REPARACIÓN DE EQUIPO ELÉCTRICO"",""penalidades_acum"":0,""sanciones_tcp_acum"":0,""estado"":""ACTIVO"",""condicion"":""HABIDO""}","{""ruc"":""20409473700"",""antiguedad_empresa"":8.0,""cmc"":100000.0,""cantidad_rubros"":3.0,""actividad_principal"":""Principal - 4290 - CONSTRUCCIÓN DE OTRAS OBRAS DE INGENIERÍA CIVIL"",""penalidades_acum"":0,""sanciones_tcp_acum"":0,""estado"":""ACTIVO"",""condicion"":""HABIDO""}",,,,,,,
6961,TUMBES,"16,291,508.33",22/12/2022,"{""ruc"":""20484206997"",""antiguedad_empresa"":18.0,""cmc"":173050007.85,""cantidad_rubros"":2.0,""actividad_principal"":""Principal - 4210 - CONSTRUCCIÓN DE CARRETERAS Y VÍAS DE FERROCARRIL"",""penalidades_acum"":0,""sanciones_tcp_acum"":0,""estado"":""ACTIVO"",""condicion"":""HABIDO""}","{""ruc"":""20525460950"",""antiguedad_empresa"":15.0,""cmc"":100000.0,""cantidad_rubros"":3.0,""actividad_principal"":""Principal - 4100 - CONSTRUCCIÓN DE EDIFICIOS"",""penalidades_acum"":0,""sanciones_tcp_acum"":1,""estado"":""BAJA DEFINITIVA"",""condicion"":""HABIDO""}",,,,,,,
6962,TUMBES,"3,962,774.79",14/12/2022,"{""ruc"":""20484033952"",""antiguedad_empresa"":19.0,""cmc"":100000.0,""cantidad_rubros"":3.0,""actividad_principal"":""Principal - 4100 - CONSTRUCCIÓN DE EDIFICIOS"",""penalidades_acum"":0,""sanciones_tcp_acum"":0,""estado"":""ACTIVO"",""condicion"":""HABIDO""}","{""ruc"":""20409487913"",""antiguedad_empresa"":8.0,""cmc"":4982935.61,""cantidad_rubros"":3.0,""actividad_principal"":""Principal - 4100 - CONSTRUCCIÓN DE EDIFICIOS"",""penalidades_acum"":0,""sanciones_tcp_acum"":0,""estado"":""ACTIVO"",""condicion"":""HABIDO""}",,,,,,,
6963,TUMBES,"189,284,105.82",13/12/2022,"{""ruc"":""20602371442"",""antiguedad_empresa"":5.0,""cmc"":100000.0,""cantidad_rubros"":3.0,""actividad_principal"":""Principal - 4100 - CONSTRUCCIÓN DE EDIFICIOS"",""penalidades_acum"":0,""sanciones_tcp_acum"":1,""estado"":""ACTIVO"",""condicion"":""HABIDO""}",,,,,,,,
6964,TUMBES,"9,809,282.54",07/11/2022,"{""ruc"":""20409278753"",""antiguedad_empresa"":11.0,""cmc"":500000.0,""cantidad_rubros"":3.0,""actividad_principal"":""Principal - 4100 - CONSTRUCCIÓN DE EDIFICIOS"",""penalidades_acum"":0,""sanciones_tcp_acum"":0,""estado"":""ACTIVO"",""condicion"":""HABIDO""}","{""ruc"":""20484033952"",""antiguedad_empresa"":19.0,""cmc"":100000.0,""cantidad_rubros"":3.0,""actividad_principal"":""Principal - 4100 - CONSTRUCCIÓN DE EDIFICIOS"",""penalidades_acum"":0,""sanciones_tcp_acum"":0,""estado"":""ACTIVO"",""condicion"":""HABIDO""}",,,,,,,
6965,TUMBES,"1,278,393.17",28/10/2022,"{""ruc"":""20600122526"",""antiguedad_empresa"":7.0,""cmc"":100000.0,""cantidad_rubros"":3.0,""actividad_principal"":""Principal - 4390 - OTRAS ACTIVIDADES ESPECIALIZADAS DE CONSTRUCCIÓN"",""penalidades_acum"":0,""sanciones_tcp_acum"":0,""estado"":""BAJA DE OFICIO"",""condicion"":""NO HABIDO""}","{""ruc"":""20484033952"",""antiguedad_empresa"":19.0,""cmc"":100000.0,""cantidad_rubros"":3.0,""actividad_principal"":""Principal - 4100 - CONSTRUCCIÓN DE EDIFICIOS"",""penalidades_acum"":0,""sanciones_tcp_acum"":0,""estado"":""ACTIVO"",""condicion"":""HABIDO""}",,,,,,,
6966,TUMBES,"2,137,696.93",28/10/2022,"{""ruc"":""20484033952"",""antiguedad_empresa"":19.0,""cmc"":100000.0,""cantidad_rubros"":3.0,""actividad_principal"":""Principal - 4100 - CONSTRUCCIÓN DE EDIFICIOS"",""penalidades_acum"":0,""sanciones_tcp_acum"":0,""estado"":""ACTIVO"",""condicion"":""HABIDO""}","{""ruc"":""20409285024"",""antiguedad_empresa"":12.0,""cmc"":1568789.71,""cantidad_rubros"":3.0,""actividad_principal"":""Principal - 4100 - CONSTRUCCIÓN DE EDIFICIOS"",""penalidades_acum"":0,""sanciones_tcp_acum"":0,""estado"":""ACTIVO"",""condicion"":""HABIDO""}",,,,,,,
6967,TUMBES,"19,304,965.30",26/10/2022,"{""ruc"":""20525460950"",""antiguedad_empresa"":15.0,""cmc"":100000.0,""cantidad_rubros"":3.0,""actividad_principal"":""Principal - 4100 - CONSTRUCCIÓN DE EDIFICIOS"",""penalidades_acum"":0,""sanciones_tcp_acum"":1,""estado"":""BAJA DEFINITIVA"",""condicion"":""HABIDO""}","{""ruc"":""20484206997"",""antiguedad_empresa"":18.0,""cmc"":173050007.85,""cantidad_rubros"":2.0,""actividad_principal"":""Principal - 4210 - CONSTRUCCIÓN DE CARRETERAS Y VÍAS DE FERROCARRIL"",""penalidades_acum"":0,""sanciones_tcp_acum"":0,""estado"":""ACTIVO"",""condicion"":""HABIDO""}",,,,,,,
6968,TUMBES,"423,006.07",21/10/2022,"{""ruc"":""20484033952"",""antiguedad_empresa"":19.0,""cmc"":100000.0,""cantidad_rubros"":3.0,""actividad_principal"":""Principal - 4100 - CONSTRUCCIÓN DE EDIFICIOS"",""penalidades_acum"":0,""sanciones_tcp_acum"":0,""estado"":""ACTIVO"",""condicion"":""HABIDO""}","{""ruc"":""20409401113"",""antiguedad_empresa"":7.0,""cmc"":500000.0,""cantidad_rubros"":3.0,""actividad_principal"":""Principal - 4100 - CONSTRUCCIÓN DE EDIFICIOS"",""penalidades_acum"":0,""sanciones_tcp_acum"":0,""estado"":""ACTIVO"",""condicion"":""HABIDO""}",,,,,,,
6969,TUMBES,"1,217,979.98",15/09/2022,"{""ruc"":""20484022675"",""antiguedad_empresa"":19.0,""cmc"":24761094.74,""cantidad_rubros"":1.0,""actividad_principal"":""Principal - 9609 - OTRAS ACTIVIDADES DE SERVICIOS PERSONALES N.C.P."",""penalidades_acum"":0,""sanciones_tcp_acum"":0,""estado"":""ACTIVO"",""condicion"":""HABIDO""}","{""ruc"":""20409366024"",""antiguedad_empresa"":10.0,""cmc"":100000.0,""cantidad_rubros"":3.0,""actividad_principal"":""Principal - 4290 - CONSTRUCCIÓN DE OTRAS OBRAS DE INGENIERÍA CIVIL"",""penalidades_acum"":0,""sanciones_tcp_acum"":0,""estado"":""ACTIVO"",""condicion"":""HABIDO""}",,,,,,,
6970,TUMBES,"1,547,940.65",14/09/2022,"{""ruc"":""20600588151"",""antiguedad_empresa"":0.0,""cmc"":100000.0,""cantidad_rubros"":3.0,""actividad_principal"":""Principal - 4210 - CONSTRUCCIÓN DE CARRETERAS Y VÍAS DE FERROCARRIL"",""penalidades_acum"":0,""sanciones_tcp_acum"":0,""estado"":""SUSPENSION TEMPORAL"",""condicion"":""HABIDO""}","{""ruc"":""20525413871"",""antiguedad_empresa"":16.0,""cmc"":65253488.02,""cantidad_rubros"":3.0,""actividad_principal"":""Principal - 3314 - REPARACIÓN DE EQUIPO ELÉCTRICO"",""penalidades_acum"":0,""sanciones_tcp_acum"":0,""estado"":""ACTIVO"",""condicion"":""HABIDO""}",,,,,,,
6971,TUMBES,"720,407.69",24/08/2022,"{""ruc"":""20409462091"",""antiguedad_empresa"":4.0,""cmc"":100000.0,""cantidad_rubros"":1.0,""actividad_principal"":""Principal - 4100 - CONSTRUCCIÓN DE EDIFICIOS"",""penalidades_acum"":0,""sanciones_tcp_acum"":0,""estado"":""ACTIVO"",""condicion"":""HABIDO""}","{""ruc"":""20409472991"",""antiguedad_empresa"":8.0,""cmc"":100000.0,""cantidad_rubros"":2.0,""actividad_principal"":""Principal - 3900 - ACTIVIDADES DE DESCONTAMINACIÓN Y OTROS SERVICIOS DE GESTIÓN DE DESECHOS"",""penalidades_acum"":0,""sanciones_tcp_acum"":0,""estado"":""BAJA DE OFICIO"",""condicion"":""HABIDO""}",,,,,,,
6972,TUMBES,"13,078,193.23",06/04/2022,"{""ruc"":""20481014612"",""antiguedad_empresa"":17.0,""cmc"":450000.0,""cantidad_rubros"":3.0,""actividad_principal"":""Principal - 4100 - CONSTRUCCIÓN DE EDIFICIOS"",""penalidades_acum"":0,""sanciones_tcp_acum"":1,""estado"":""ACTIVO"",""condicion"":""HABIDO""}","{""ruc"":""20477216952"",""antiguedad_empresa"":3.0,""cmc"":6853566.12,""cantidad_rubros"":3.0,""actividad_principal"":""Principal - 7110 - ACTIVIDADES DE ARQUITECTURA E INGENIERÍA Y ACTIVIDADES CONEXAS DE CONSULTORÍA TÉCNICA"",""penalidades_acum"":0,""sanciones_tcp_acum"":0,""estado"":""ACTIVO"",""condicion"":""HABIDO""}",,,,,,,
6973,TUMBES,"9,079,982.30",04/04/2022,"{""ruc"":""20483789867"",""antiguedad_empresa"":21.0,""cmc"":32768946.21,""cantidad_rubros"":2.0,""actividad_principal"":""Principal - 4100 - CONSTRUCCIÓN DE EDIFICIOS"",""penalidades_acum"":0,""sanciones_tcp_acum"":0,""estado"":""ACTIVO"",""condicion"":""HABIDO""}","{""ruc"":""20483981202"",""antiguedad_empresa"":20.0,""cmc"":108341074.28,""cantidad_rubros"":1.0,""actividad_principal"":""Principal - 4100 - CONSTRUCCIÓN DE EDIFICIOS"",""penalidades_acum"":0,""sanciones_tcp_acum"":0,""estado"":""ACTIVO"",""condicion"":""HABIDO""}",,,,,,,
6988,TUMBES,"846,211.67",05/12/2024,"{""ruc"":""20484228451"",""antiguedad_empresa"":20.0,""cmc"":14427256.36,""cantidad_rubros"":3.0,""actividad_principal"":""Principal - 4390 - OTRAS ACTIVIDADES ESPECIALIZADAS DE CONSTRUCCIÓN"",""penalidades_acum"":0,""sanciones_tcp_acum"":0,""estado"":""ACTIVO"",""condicion"":""HABIDO""}",,,,,,,,
6989,TUMBES,"2,160,312.77",02/12/2024,"{""ruc"":""20409339728"",""antiguedad_empresa"":8.0,""cmc"":985309.16,""cantidad_rubros"":3.0,""actividad_principal"":""Principal - 4290 - CONSTRUCCIÓN DE OTRAS OBRAS DE INGENIERÍA CIVIL"",""penalidades_acum"":0,""sanciones_tcp_acum"":0,""estado"":""ACTIVO"",""condicion"":""HABIDO""}","{""ruc"":""20409401113"",""antiguedad_empresa"":9.0,""cmc"":500000.0,""cantidad_rubros"":3.0,""actividad_principal"":""Principal - 4100 - CONSTRUCCIÓN DE EDIFICIOS"",""penalidades_acum"":0,""sanciones_tcp_acum"":0,""estado"":""ACTIVO"",""condicion"":""HABIDO""}",,,,,,,
6990,TUMBES,"940,235.18",01/10/2024,"{""ruc"":""20600381726"",""antiguedad_empresa"":9.0,""cmc"":10273375.32,""cantidad_rubros"":3.0,""actividad_principal"":""Principal - 4100 - CONSTRUCCIÓN DE EDIFICIOS"",""penalidades_acum"":0,""sanciones_tcp_acum"":0,""estado"":""ACTIVO"",""condicion"":""HABIDO""}","{""ruc"":""20529698918"",""antiguedad_empresa"":11.0,""cmc"":100000.0,""cantidad_rubros"":3.0,""actividad_principal"":""Principal - 4100 - CONSTRUCCIÓN DE EDIFICIOS"",""penalidades_acum"":0,""sanciones_tcp_acum"":1,""estado"":""ACTIVO"",""condicion"":""HABIDO""}",,,,,,,
6991,TUMBES,"1,755,765.44",27/09/2024,"{""ruc"":""20606891947"",""antiguedad_empresa"":4.0,""cmc"":12177513.0,""cantidad_rubros"":3.0,""actividad_principal"":""Principal - 4752 - VENTA AL POR MENOR DE ARTÍCULOS DE FERRETERÍA, PINTURAS Y PRODUCTOS DE VIDRIO EN COMERCIOS ESPECIALIZADOS"",""penalidades_acum"":0,""sanciones_tcp_acum"":0,""estado"":""ACTIVO"",""condicion"":""HABIDO""}","{""ruc"":""20409357203"",""antiguedad_empresa"":9.0,""cmc"":21186175.45,""cantidad_rubros"":3.0,""actividad_principal"":""Principal - 4923 - TRANSPORTE DE CARGA POR CARRETERA"",""penalidades_acum"":0,""sanciones_tcp_acum"":0,""estado"":""ACTIVO"",""condicion"":""HABIDO""}",,,,,,,
6992,TUMBES,"1,440,011.49",19/09/2024,"{""ruc"":""20409316868"",""antiguedad_empresa"":13.0,""cmc"":4461524.78,""cantidad_rubros"":3.0,""actividad_principal"":""Principal - 4290 - CONSTRUCCIÓN DE OTRAS OBRAS DE INGENIERÍA CIVIL"",""penalidades_acum"":0,""sanciones_tcp_acum"":0,""estado"":""ACTIVO"",""condicion"":""HABIDO""}","{""ruc"":""20600508653"",""antiguedad_empresa"":9.0,""cmc"":100000.0,""cantidad_rubros"":2.0,""actividad_principal"":""Principal - 4659 - VENTA AL POR MAYOR DE OTROS TIPOS DE MAQUINARIA Y EQUIPO"",""penalidades_acum"":0,""sanciones_tcp_acum"":0,""estado"":""ACTIVO"",""condicion"":""HABIDO""}",,,,,,,
6993,TUMBES,"2,160,312.77",18/09/2024,"{""ruc"":""20409339728"",""antiguedad_empresa"":8.0,""cmc"":985309.16,""cantidad_rubros"":3.0,""actividad_principal"":""Principal - 4290 - CONSTRUCCIÓN DE OTRAS OBRAS DE INGENIERÍA CIVIL"",""penalidades_acum"":0,""sanciones_tcp_acum"":0,""estado"":""ACTIVO"",""condicion"":""HABIDO""}","{""ruc"":""20409401113"",""antiguedad_empresa"":9.0,""cmc"":500000.0,""cantidad_rubros"":3.0,""actividad_principal"":""Principal - 4100 - CONSTRUCCIÓN DE EDIFICIOS"",""penalidades_acum"":0,""sanciones_tcp_acum"":0,""estado"":""ACTIVO"",""condicion"":""HABIDO""}",,,,,,,
6994,TUMBES,"896,582.27",17/05/2024,"{""ruc"":""20602429670"",""antiguedad_empresa"":7.0,""cmc"":355349495.52,""cantidad_rubros"":3.0,""actividad_principal"":""Principal - 4100 - CONSTRUCCIÓN DE EDIFICIOS"",""penalidades_acum"":0,""sanciones_tcp_acum"":0,""estado"":""ACTIVO"",""condicion"":""HABIDO""}",,,,,,,,
6995,TUMBES,"4,493,021.12",08/05/2024,"{""ruc"":""20600475496"",""antiguedad_empresa"":9.0,""cmc"":100000.0,""cantidad_rubros"":2.0,""actividad_principal"":""Principal - 4100 - CONSTRUCCIÓN DE EDIFICIOS"",""penalidades_acum"":0,""sanciones_tcp_acum"":0,""estado"":""ACTIVO"",""condicion"":""HABIDO""}","{""ruc"":""20525954529"",""antiguedad_empresa"":15.0,""cmc"":635776120.86,""cantidad_rubros"":3.0,""actividad_principal"":""Principal - 4100 - CONSTRUCCIÓN DE EDIFICIOS"",""penalidades_acum"":0,""sanciones_tcp_acum"":0,""estado"":""ACTIVO"",""condicion"":""HABIDO""}",,,,,,,
6996,TUMBES,"1,480,000.00",26/04/2024,"{""ruc"":""20409487913"",""antiguedad_empresa"":10.0,""cmc"":4982935.61,""cantidad_rubros"":3.0,""actividad_principal"":""Principal - 4100 - CONSTRUCCIÓN DE EDIFICIOS"",""penalidades_acum"":0,""sanciones_tcp_acum"":0,""estado"":""ACTIVO"",""condicion"":""HABIDO""}",,,,,,,,
6997,TUMBES,"1,976,788.16",26/04/2024,"{""ruc"":""20565699955"",""antiguedad_empresa"":10.0,""cmc"":40724784.93,""cantidad_rubros"":1.0,""actividad_principal"":""Principal - 4100 - CONSTRUCCIÓN DE EDIFICIOS"",""penalidades_acum"":0,""sanciones_tcp_acum"":0,""estado"":""ACTIVO"",""condicion"":""HABIDO""}","{""ruc"":""20553546266"",""antiguedad_empresa"":11.0,""cmc"":19134459.59,""cantidad_rubros"":2.0,""actividad_principal"":""Principal - 4390 - OTRAS ACTIVIDADES ESPECIALIZADAS DE CONSTRUCCIÓN"",""penalidades_acum"":0,""sanciones_tcp_acum"":0,""estado"":""ACTIVO"",""condicion"":""HABIDO""}",,,,,,,
6998,TUMBES,"321,900.00",18/04/2024,"{""ruc"":""20409481125"",""antiguedad_empresa"":10.0,""cmc"":100000.0,""cantidad_rubros"":1.0,""actividad_principal"":""Principal - 4210 - CONSTRUCCIÓN DE CARRETERAS Y VÍAS DE FERROCARRIL"",""penalidades_acum"":0,""sanciones_tcp_acum"":0,""estado"":""ACTIVO"",""condicion"":""HABIDO""}",,,,,,,,
6999,TUMBES,"157,541.47",11/04/2024,"{""ruc"":""20610312251"",""antiguedad_empresa"":2.0,""cmc"":100000.0,""cantidad_rubros"":2.0,""actividad_principal"":""Principal - 4100 - CONSTRUCCIÓN DE EDIFICIOS"",""penalidades_acum"":0,""sanciones_tcp_acum"":0,""estado"":""ACTIVO"",""condicion"":""HABIDO""}",,,,,,,,
7000,TUMBES,"37,099,285.97",10/04/2024,"{""ruc"":""20610504486"",""antiguedad_empresa"":1.0,""cmc"":500000.0,""cantidad_rubros"":3.0,""actividad_principal"":""Principal - 4100 - CONSTRUCCIÓN DE EDIFICIOS"",""penalidades_acum"":0,""sanciones_tcp_acum"":0,""estado"":""ACTIVO"",""condicion"":""HABIDO""}","{""ruc"":""20483981202"",""antiguedad_empresa"":22.0,""cmc"":108341074.28,""cantidad_rubros"":1.0,""actividad_principal"":""Principal - 4100 - CONSTRUCCIÓN DE EDIFICIOS"",""penalidades_acum"":0,""sanciones_tcp_acum"":0,""estado"":""ACTIVO"",""condicion"":""HABIDO""}",,,,,,,
7001,TUMBES,"1,263,352.97",25/03/2024,"{""ruc"":""20609370743"",""antiguedad_empresa"":2.0,""cmc"":100000.0,""cantidad_rubros"":3.0,""actividad_principal"":""Principal - 4100 - CONSTRUCCIÓN DE EDIFICIOS"",""penalidades_acum"":0,""sanciones_tcp_acum"":0,""estado"":""ACTIVO"",""condicion"":""HABIDO""}","{""ruc"":""20526688679"",""antiguedad_empresa"":12.0,""cmc"":7074872.32,""cantidad_rubros"":2.0,""actividad_principal"":""Principal - 4290 - CONSTRUCCIÓN DE OTRAS OBRAS DE INGENIERÍA CIVIL"",""penalidades_acum"":0,""sanciones_tcp_acum"":0,""estado"":""ACTIVO"",""condicion"":""HABIDO""}",,,,,,,
7312,UCAYALI,"655,136.08",01/12/2021,"{""ruc"":""20393242532"",""antiguedad_empresa"":2.0,""cmc"":18738141.88,""cantidad_rubros"":2.0,""actividad_principal"":""Principal - 4100 - CONSTRUCCIÓN DE EDIFICIOS"",""penalidades_acum"":0,""sanciones_tcp_acum"":0,""estado"":""ACTIVO"",""condicion"":""HABIDO""}","{""ruc"":""20393665506"",""antiguedad_empresa"":10.0,""cmc"":77652398.3,""cantidad_rubros"":3.0,""actividad_principal"":""Principal - 4390 - OTRAS ACTIVIDADES ESPECIALIZADAS DE CONSTRUCCIÓN"",""penalidades_acum"":1,""sanciones_tcp_acum"":0,""estado"":""ACTIVO"",""condicion"":""HABIDO""}",,,,,,,
7313,UCAYALI,"1,894,001.89",16/11/2021,"{""ruc"":""20541706454"",""antiguedad_empresa"":9.0,""cmc"":45545770.24,""cantidad_rubros"":3.0,""actividad_principal"":""Principal - 4663 - VENTA AL POR MAYOR DE MATERIALES DE CONSTRUCCIÓN, ARTÍCULOS DE FERRETERÍA Y EQUIPO Y MATERIALES DE FONTANERÍA Y CALEFACCIÓN"",""penalidades_acum"":0,""sanciones_tcp_acum"":0,""estado"":""ACTIVO"",""condicion"":""HABIDO""}","{""ruc"":""20607266175"",""antiguedad_empresa"":1.0,""cmc"":1427109.64,""cantidad_rubros"":3.0,""actividad_principal"":""Principal - 4100 - CONSTRUCCIÓN DE EDIFICIOS"",""penalidades_acum"":0,""sanciones_tcp_acum"":0,""estado"":""ACTIVO"",""condicion"":""HABIDO""}",,,,,,,
7314,UCAYALI,"6,639,587.90",25/10/2021,"{""ruc"":""20393877431"",""antiguedad_empresa"":2.0,""cmc"":4007646477.73,""cantidad_rubros"":3.0,""actividad_principal"":""Principal - 4100 - CONSTRUCCIÓN DE EDIFICIOS"",""penalidades_acum"":0,""sanciones_tcp_acum"":0,""estado"":""ACTIVO"",""condicion"":""HABIDO""}","{""ruc"":""20393758423"",""antiguedad_empresa"":9.0,""cmc"":100000.0,""cantidad_rubros"":3.0,""actividad_principal"":""Principal - 4100 - CONSTRUCCIÓN DE EDIFICIOS"",""penalidades_acum"":0,""sanciones_tcp_acum"":0,""estado"":""ACTIVO"",""condicion"":""HABIDO""}","{""ruc"":""20493477405"",""antiguedad_empresa"":15.0,""cmc"":100000.0,""cantidad_rubros"":3.0,""actividad_principal"":""Principal - 4100 - CONSTRUCCIÓN DE EDIFICIOS"",""penalidades_acum"":0,""sanciones_tcp_acum"":0,""estado"":""ACTIVO"",""condicion"":""HABIDO""}",,,,,,
7315,UCAYALI,"13,141,086.14",18/10/2021,"{""ruc"":""20393877431"",""antiguedad_empresa"":2.0,""cmc"":4007646477.73,""cantidad_rubros"":3.0,""actividad_principal"":""Principal - 4100 - CONSTRUCCIÓN DE EDIFICIOS"",""penalidades_acum"":0,""sanciones_tcp_acum"":0,""estado"":""ACTIVO"",""condicion"":""HABIDO""}","{""ruc"":""20393758423"",""antiguedad_empresa"":9.0,""cmc"":100000.0,""cantidad_rubros"":3.0,""actividad_principal"":""Principal - 4100 - CONSTRUCCIÓN DE EDIFICIOS"",""penalidades_acum"":0,""sanciones_tcp_acum"":0,""estado"":""ACTIVO"",""condicion"":""HABIDO""}","{""ruc"":""20567223605"",""antiguedad_empresa"":7.0,""cmc"":74556280.54,""cantidad_rubros"":3.0,""actividad_principal"":""Principal - 4390 - OTRAS ACTIVIDADES ESPECIALIZADAS DE CONSTRUCCIÓN"",""penalidades_acum"":0,""sanciones_tcp_acum"":1,""estado"":""ACTIVO"",""condicion"":""HABIDO""}",,,,,,
7316,UCAYALI,"2,036,667.33",15/10/2021,"{""ruc"":""20393345188"",""antiguedad_empresa"":14.0,""cmc"":33919263.6,""cantidad_rubros"":3.0,""actividad_principal"":""Principal - 4390 - OTRAS ACTIVIDADES ESPECIALIZADAS DE CONSTRUCCIÓN"",""penalidades_acum"":1,""sanciones_tcp_acum"":0,""estado"":""ACTIVO"",""condicion"":""HABIDO""}","{""ruc"":""20393352800"",""antiguedad_empresa"":14.0,""cmc"":15373126.92,""cantidad_rubros"":3.0,""actividad_principal"":""Principal - 4100 - CONSTRUCCIÓN DE EDIFICIOS"",""penalidades_acum"":0,""sanciones_tcp_acum"":0,""estado"":""ACTIVO"",""condicion"":""HABIDO""}","{""ruc"":""20603607610"",""antiguedad_empresa"":3.0,""cmc"":100000.0,""cantidad_rubros"":3.0,""actividad_principal"":""Principal - 4100 - CONSTRUCCIÓN DE EDIFICIOS"",""penalidades_acum"":0,""sanciones_tcp_acum"":0,""estado"":""BAJA DE OFICIO"",""condicion"":""PENDIENTE""}",,,,,,
7317,UCAYALI,"16,807,045.61",17/03/2021,"{""ruc"":""20501522601"",""antiguedad_empresa"":20.0,""cmc"":33928271.73,""cantidad_rubros"":3.0,""actividad_principal"":""Principal - 4923 - TRANSPORTE DE CARGA POR CARRETERA"",""penalidades_acum"":0,""sanciones_tcp_acum"":1,""estado"":""ACTIVO"",""condicion"":""HABIDO""}","{""ruc"":""20352428648"",""antiguedad_empresa"":20.0,""cmc"":424371520.95,""cantidad_rubros"":3.0,""actividad_principal"":""Principal - 4100 - CONSTRUCCIÓN DE EDIFICIOS"",""penalidades_acum"":0,""sanciones_tcp_acum"":2,""estado"":""ACTIVO"",""condicion"":""HABIDO""}",,,,,,,
7318,UCAYALI,"13,213,107.62",15/11/2022,"{""ruc"":""20393281279"",""antiguedad_empresa"":16.0,""cmc"":65104449.14,""cantidad_rubros"":1.0,""actividad_principal"":""Principal - 4100 - CONSTRUCCIÓN DE EDIFICIOS"",""penalidades_acum"":0,""sanciones_tcp_acum"":1,""estado"":""ACTIVO"",""condicion"":""HABIDO""}","{""ruc"":""20601888361"",""antiguedad_empresa"":5.0,""cmc"":29829936.27,""cantidad_rubros"":1.0,""actividad_principal"":""Principal - 4100 - CONSTRUCCIÓN DE EDIFICIOS"",""penalidades_acum"":1,""sanciones_tcp_acum"":1,""estado"":""ACTIVO"",""condicion"":""HABIDO""}",,,,,,,
7319,UCAYALI,"5,282,829.89",27/10/2022,"{""ruc"":""20393336863"",""antiguedad_empresa"":15.0,""cmc"":32918265.58,""cantidad_rubros"":3.0,""actividad_principal"":""Principal - 4100 - CONSTRUCCIÓN DE EDIFICIOS"",""penalidades_acum"":0,""sanciones_tcp_acum"":0,""estado"":""ACTIVO"",""condicion"":""HABIDO""}","{""ruc"":""20393418321"",""antiguedad_empresa"":14.0,""cmc"":123727596.21,""cantidad_rubros"":3.0,""actividad_principal"":""Principal - 4220 - CONSTRUCCIÓN DE PROYECTOS DE SERVICIO PÚBLICO"",""penalidades_acum"":0,""sanciones_tcp_acum"":0,""estado"":""ACTIVO"",""condicion"":""HABIDO""}",,,,,,,
7320,UCAYALI,"1,739,840.72",05/10/2022,"{""ruc"":""20542049228"",""antiguedad_empresa"":10.0,""cmc"":100000.0,""cantidad_rubros"":3.0,""actividad_principal"":""Principal - 4100 - CONSTRUCCIÓN DE EDIFICIOS"",""penalidades_acum"":0,""sanciones_tcp_acum"":1,""estado"":""ACTIVO"",""condicion"":""HABIDO""}","{""ruc"":""20393667894"",""antiguedad_empresa"":11.0,""cmc"":32380654.84,""cantidad_rubros"":3.0,""actividad_principal"":""Principal - 7730 - ALQUILER Y ARRENDAMIENTO DE OTROS TIPOS DE MAQUINARIA, EQUIPO Y BIENES TANGIBLES"",""penalidades_acum"":0,""sanciones_tcp_acum"":1,""estado"":""ACTIVO"",""condicion"":""HABIDO""}",,,,,,,
7321,UCAYALI,"4,830,000.00",26/09/2022,"{""ruc"":""20393523973"",""antiguedad_empresa"":11.0,""cmc"":15676580.0,""cantidad_rubros"":3.0,""actividad_principal"":""Principal - 4923 - TRANSPORTE DE CARGA POR CARRETERA"",""penalidades_acum"":0,""sanciones_tcp_acum"":0,""estado"":""ACTIVO"",""condicion"":""HABIDO""}","{""ruc"":""20351699621"",""antiguedad_empresa"":23.0,""cmc"":100000.0,""cantidad_rubros"":3.0,""actividad_principal"":""Principal - 4100 - CONSTRUCCIÓN DE EDIFICIOS"",""penalidades_acum"":0,""sanciones_tcp_acum"":0,""estado"":""ACTIVO"",""condicion"":""HABIDO""}",,,,,,,
7322,UCAYALI,"2,553,161.36",20/09/2022,"{""ruc"":""20352127109"",""antiguedad_empresa"":null,""cmc"":100000.0,""cantidad_rubros"":2.0,""actividad_principal"":""Principal - 4923 - TRANSPORTE DE CARGA POR CARRETERA"",""penalidades_acum"":0,""sanciones_tcp_acum"":0,""estado"":""ACTIVO"",""condicion"":""PENDIENTE""}","{""ruc"":""20393313146"",""antiguedad_empresa"":15.0,""cmc"":100000.0,""cantidad_rubros"":3.0,""actividad_principal"":""Principal - 4390 - OTRAS ACTIVIDADES ESPECIALIZADAS DE CONSTRUCCIÓN"",""penalidades_acum"":0,""sanciones_tcp_acum"":0,""estado"":""ACTIVO"",""condicion"":""HABIDO""}",,,,,,,
7323,UCAYALI,"28,636,385.87",05/08/2022,"{""ruc"":""20352428648"",""antiguedad_empresa"":21.0,""cmc"":424371520.95,""cantidad_rubros"":3.0,""actividad_principal"":""Principal - 4100 - CONSTRUCCIÓN DE EDIFICIOS"",""penalidades_acum"":0,""sanciones_tcp_acum"":2,""estado"":""ACTIVO"",""condicion"":""HABIDO""}","{""ruc"":""20501522601"",""antiguedad_empresa"":21.0,""cmc"":33928271.73,""cantidad_rubros"":3.0,""actividad_principal"":""Principal - 4923 - TRANSPORTE DE CARGA POR CARRETERA"",""penalidades_acum"":0,""sanciones_tcp_acum"":1,""estado"":""ACTIVO"",""condicion"":""HABIDO""}",,,,,,,
7324,UCAYALI,"13,089,720.87",12/07/2022,"{""ruc"":""20393340208"",""antiguedad_empresa"":15.0,""cmc"":6041337.41,""cantidad_rubros"":2.0,""actividad_principal"":""Principal - 4100 - CONSTRUCCIÓN DE EDIFICIOS"",""penalidades_acum"":0,""sanciones_tcp_acum"":0,""estado"":""ACTIVO"",""condicion"":""HABIDO""}","{""ruc"":""20393281279"",""antiguedad_empresa"":16.0,""cmc"":65104449.14,""cantidad_rubros"":1.0,""actividad_principal"":""Principal - 4100 - CONSTRUCCIÓN DE EDIFICIOS"",""penalidades_acum"":0,""sanciones_tcp_acum"":1,""estado"":""ACTIVO"",""condicion"":""HABIDO""}",,,,,,,
7325,UCAYALI,"4,505,598.55",29/03/2022,"{""ruc"":""20523013603"",""antiguedad_empresa"":13.0,""cmc"":16748600.78,""cantidad_rubros"":3.0,""actividad_principal"":""Principal - 4100 - CONSTRUCCIÓN DE EDIFICIOS"",""penalidades_acum"":0,""sanciones_tcp_acum"":1,""estado"":""ACTIVO"",""condicion"":""HABIDO""}","{""ruc"":""20378395152"",""antiguedad_empresa"":25.0,""cmc"":132443737.81,""cantidad_rubros"":3.0,""actividad_principal"":""Principal - 4100 - CONSTRUCCIÓN DE EDIFICIOS"",""penalidades_acum"":0,""sanciones_tcp_acum"":0,""estado"":""ACTIVO"",""condicion"":""HABIDO""}",,,,,,,
7326,UCAYALI,"7,148,398.68",15/02/2024,"{""ruc"":""20393675480"",""antiguedad_empresa"":13.0,""cmc"":104386132.84,""cantidad_rubros"":3.0,""actividad_principal"":""Principal - 4390 - OTRAS ACTIVIDADES ESPECIALIZADAS DE CONSTRUCCIÓN"",""penalidades_acum"":0,""sanciones_tcp_acum"":0,""estado"":""ACTIVO"",""condicion"":""HABIDO""}",,,,,,,,
7344,UCAYALI,"46,700,848.73",11/12/2024,"{""ruc"":""20491656761"",""antiguedad_empresa"":14.0,""cmc"":154954475.34,""cantidad_rubros"":3.0,""actividad_principal"":""Principal - 4220 - CONSTRUCCIÓN DE PROYECTOS DE SERVICIO PÚBLICO"",""penalidades_acum"":0,""sanciones_tcp_acum"":0,""estado"":""ACTIVO"",""condicion"":""HABIDO""}","{""ruc"":""20491560496"",""antiguedad_empresa"":15.0,""cmc"":173715252.66,""cantidad_rubros"":3.0,""actividad_principal"":""Principal - 4220 - CONSTRUCCIÓN DE PROYECTOS DE SERVICIO PÚBLICO"",""penalidades_acum"":0,""sanciones_tcp_acum"":0,""estado"":""ACTIVO"",""condicion"":""HABIDO""}",,,,,,,
7345,UCAYALI,"16,391,471.80",14/11/2024,"{""ruc"":""20393281279"",""antiguedad_empresa"":18.0,""cmc"":65104449.14,""cantidad_rubros"":1.0,""actividad_principal"":""Principal - 4100 - CONSTRUCCIÓN DE EDIFICIOS"",""penalidades_acum"":0,""sanciones_tcp_acum"":1,""estado"":""ACTIVO"",""condicion"":""HABIDO""}","{""ruc"":""20601888361"",""antiguedad_empresa"":7.0,""cmc"":29829936.27,""cantidad_rubros"":1.0,""actividad_principal"":""Principal - 4100 - CONSTRUCCIÓN DE EDIFICIOS"",""penalidades_acum"":1,""sanciones_tcp_acum"":1,""estado"":""ACTIVO"",""condicion"":""HABIDO""}",,,,,,,
7346,UCAYALI,"1,607,886.66",10/09/2024,"{""ruc"":""20571266122"",""antiguedad_empresa"":5.0,""cmc"":100000.0,""cantidad_rubros"":3.0,""actividad_principal"":""Principal - 4210 - CONSTRUCCIÓN DE CARRETERAS Y VÍAS DE FERROCARRIL"",""penalidades_acum"":0,""sanciones_tcp_acum"":1,""estado"":""ACTIVO"",""condicion"":""HABIDO""}","{""ruc"":""20534013923"",""antiguedad_empresa"":17.0,""cmc"":50302567.76,""cantidad_rubros"":2.0,""actividad_principal"":""Principal - 7110 - ACTIVIDADES DE ARQUITECTURA E INGENIERÍA Y ACTIVIDADES CONEXAS DE CONSULTORÍA TÉCNICA"",""penalidades_acum"":0,""sanciones_tcp_acum"":0,""estado"":""ACTIVO"",""condicion"":""HABIDO""}",,,,,,,
7347,UCAYALI,"17,021,131.49",06/09/2024,"{""ruc"":""20393675480"",""antiguedad_empresa"":13.0,""cmc"":104386132.84,""cantidad_rubros"":3.0,""actividad_principal"":""Principal - 4390 - OTRAS ACTIVIDADES ESPECIALIZADAS DE CONSTRUCCIÓN"",""penalidades_acum"":0,""sanciones_tcp_acum"":0,""estado"":""ACTIVO"",""condicion"":""HABIDO""}","{""ruc"":""20393801370"",""antiguedad_empresa"":12.0,""cmc"":400000.0,""cantidad_rubros"":3.0,""actividad_principal"":""Principal - 4210 - CONSTRUCCIÓN DE CARRETERAS Y VÍAS DE FERROCARRIL"",""penalidades_acum"":0,""sanciones_tcp_acum"":0,""estado"":""ACTIVO"",""condicion"":""HABIDO""}",,,,,,,
7348,UCAYALI,"1,381,990.18",05/08/2024,"{""ruc"":""20393945886"",""antiguedad_empresa"":11.0,""cmc"":8073542.37,""cantidad_rubros"":3.0,""actividad_principal"":""Principal - 4663 - VENTA AL POR MAYOR DE MATERIALES DE CONSTRUCCIÓN, ARTÍCULOS DE FERRETERÍA Y EQUIPO Y MATERIALES DE FONTANERÍA Y CALEFACCIÓN"",""penalidades_acum"":0,""sanciones_tcp_acum"":0,""estado"":""ACTIVO"",""condicion"":""HABIDO""}","{""ruc"":""20604031509"",""antiguedad_empresa"":5.0,""cmc"":500000.0,""cantidad_rubros"":3.0,""actividad_principal"":""Principal - 4210 - CONSTRUCCIÓN DE CARRETERAS Y VÍAS DE FERROCARRIL"",""penalidades_acum"":0,""sanciones_tcp_acum"":0,""estado"":""ACTIVO"",""condicion"":""HABIDO""}",,,,,,,
7349,UCAYALI,"17,389,375.43",19/07/2024,"{""ruc"":""20393151812"",""antiguedad_empresa"":20.0,""cmc"":26688669.07,""cantidad_rubros"":3.0,""actividad_principal"":""Principal - 4100 - CONSTRUCCIÓN DE EDIFICIOS"",""penalidades_acum"":0,""sanciones_tcp_acum"":0,""estado"":""ACTIVO"",""condicion"":""HABIDO""}","{""ruc"":""20393665506"",""antiguedad_empresa"":13.0,""cmc"":77652398.3,""cantidad_rubros"":3.0,""actividad_principal"":""Principal - 4390 - OTRAS ACTIVIDADES ESPECIALIZADAS DE CONSTRUCCIÓN"",""penalidades_acum"":1,""sanciones_tcp_acum"":0,""estado"":""ACTIVO"",""condicion"":""HABIDO""}",,,,,,,
7350,UCAYALI,"48,500,000.00",06/06/2024,"{""ruc"":""20601202574"",""antiguedad_empresa"":8.0,""cmc"":500000.0,""cantidad_rubros"":2.0,""actividad_principal"":""Principal - 4663 - VENTA AL POR MAYOR DE MATERIALES DE CONSTRUCCIÓN, ARTÍCULOS DE FERRETERÍA Y EQUIPO Y MATERIALES DE FONTANERÍA Y CALEFACCIÓN"",""penalidades_acum"":0,""sanciones_tcp_acum"":0,""estado"":""ACTIVO"",""condicion"":""HABIDO""}","{""ruc"":""20567140220"",""antiguedad_empresa"":11.0,""cmc"":1163624724.74,""cantidad_rubros"":3.0,""actividad_principal"":""Principal - 4220 - CONSTRUCCIÓN DE PROYECTOS DE SERVICIO PÚBLICO"",""penalidades_acum"":0,""sanciones_tcp_acum"":0,""estado"":""ACTIVO"",""condicion"":""HABIDO""}",,,,,,,
7351,UCAYALI,"10,880,966.12",05/06/2024,"{""ruc"":""20393418321"",""antiguedad_empresa"":16.0,""cmc"":123727596.21,""cantidad_rubros"":3.0,""actividad_principal"":""Principal - 4220 - CONSTRUCCIÓN DE PROYECTOS DE SERVICIO PÚBLICO"",""penalidades_acum"":0,""sanciones_tcp_acum"":0,""estado"":""ACTIVO"",""condicion"":""HABIDO""}","{""ruc"":""20393469669"",""antiguedad_empresa"":16.0,""cmc"":7124936.24,""cantidad_rubros"":3.0,""actividad_principal"":""Principal - 4100 - CONSTRUCCIÓN DE EDIFICIOS"",""penalidades_acum"":0,""sanciones_tcp_acum"":0,""estado"":""ACTIVO"",""condicion"":""HABIDO""}",,,,,,,
7352,UCAYALI,"7,283,824.70",25/04/2024,"{""ruc"":""20533652213"",""antiguedad_empresa"":11.0,""cmc"":91303714.42,""cantidad_rubros"":3.0,""actividad_principal"":""Principal - 4210 - CONSTRUCCIÓN DE CARRETERAS Y VÍAS DE FERROCARRIL"",""penalidades_acum"":0,""sanciones_tcp_acum"":0,""estado"":""ACTIVO"",""condicion"":""HABIDO""}","{""ruc"":""20393987538"",""antiguedad_empresa"":10.0,""cmc"":15072604.4,""cantidad_rubros"":3.0,""actividad_principal"":""Principal - 4100 - CONSTRUCCIÓN DE EDIFICIOS"",""penalidades_acum"":0,""sanciones_tcp_acum"":0,""estado"":""ACTIVO"",""condicion"":""HABIDO""}",,,,,,,
7353,UCAYALI,"481,617.95",18/03/2024,"{""ruc"":""20393513587"",""antiguedad_empresa"":15.0,""cmc"":100000.0,""cantidad_rubros"":3.0,""actividad_principal"":""Principal - 4100 - CONSTRUCCIÓN DE EDIFICIOS"",""penalidades_acum"":0,""sanciones_tcp_acum"":0,""estado"":""SUSPENSION TEMPORAL"",""condicion"":""HABIDO""}","{""ruc"":""20602237282"",""antiguedad_empresa"":7.0,""cmc"":100000.0,""cantidad_rubros"":3.0,""actividad_principal"":""Principal - 4210 - CONSTRUCCIÓN DE CARRETERAS Y VÍAS DE FERROCARRIL"",""penalidades_acum"":0,""sanciones_tcp_acum"":0,""estado"":""ACTIVO"",""condicion"":""HABIDO""}",,,,,,,
