ruc,razon_social,nombre_comercial,anio,gore,fecha_inscripcion,fecha_inicio_actividades,anio_inicio_actividades,antiguedad_empresa,inicio_posterior_contratacion,primer_anio_contratacion,experiencia_contratacion,n_contratos,n_gores_anio,cmc,n_contratos_cmc_evaluables,n_supera_cmc,prop_supera_cmc,tipo_contribuyente,estado,condicion,fecha_baja,domicilio,actividad_principal,cantidad_rubros,actividades_economicas,sanciones_tcp_acum,penalidades_acum,inhabilitacion_judicial,inhabilitacion_administrativa,fecha_consulta_sunat,sunat_ok,tiene_info_sunat,tiene_info_proveedores_estado,puntaje_inco,rango_inco
20136318323,SERVICIOS TECNICOS COMERCIALES SA,SERTECO S.A.,2021,AMAZONAS,13/05/1993,10/03/1982,1982.0,39.0,0,2014,7,1,1,10650000.0,1,0.0,0.0,SOCIEDAD ANONIMA,ACTIVO,HABIDO,,LIMA/LIMA/MAGDALENA DEL MAR,Principal - 7110 - ACTIVIDADES DE ARQUITECTURA E INGENIERÍA Y ACTIVIDADES CONEXAS DE CONSULTORÍA TÉCNICA,3.0,"Principal - 7110 - ACTIVIDADES DE ARQUITECTURA E INGENIERÍA Y ACTIVIDADES CONEXAS DE CONSULTORÍA TÉCNICA | Secundaria 1 - 4663 - VENTA AL POR MAYOR DE MATERIALES DE CONSTRUCCIÓN, ARTÍCULOS DE FERRETERÍA Y EQUIPO Y MATERIALES DE FONTANERÍA Y CALEFACCIÓN | Secundaria 2 - 4690 - VENTA AL POR MAYOR NO ESPECIALIZADA",1,0,0,0,23/09/2026 22:08,1,1,1,68.3,Alto
20450157008,INSTALACIONES ELECTROMECANICAS Y CIVILES INTELSA E.I.R.L.,-,2021,AMAZONAS,18/07/2006,18/07/2006,2006.0,15.0,0,2017,4,1,2,100000.0,1,1.0,1.0,EMPRESA INDIVIDUAL DE RESP. LTDA,BAJA PROV. POR OFICIO,HABIDO,30/06/2026,SAN MARTIN/SAN MARTIN/TARAPOTO,Principal - 4100 - CONSTRUCCIÓN DE EDIFICIOS,3.0,Principal - 4100 - CONSTRUCCIÓN DE EDIFICIOS | Secundaria 1 - 7020 - ACTIVIDADES DE CONSULTORÍA DE GESTIÓN | Secundaria 2 - 7110 - ACTIVIDADES DE ARQUITECTURA E INGENIERÍA Y ACTIVIDADES CONEXAS DE CONSULTORÍA TÉCNICA,2,0,0,0,23/09/2026 22:19,1,1,1,68.3,Alto
20450326713,ENGINEERING BUILD S.A.C,EBUSAC,2021,AMAZONAS,10/05/2008,09/05/2008,2008.0,13.0,0,2010,11,3,1,160346215.73,3,0.0,0.0,SOCIEDAD ANONIMA CERRADA,ACTIVO,HABIDO,,SAN MARTIN/MOYOBAMBA/MOYOBAMBA,Principal - 4100 - CONSTRUCCIÓN DE EDIFICIOS,3.0,Principal - 4100 - CONSTRUCCIÓN DE EDIFICIOS | Secundaria 1 - 4923 - TRANSPORTE DE CARGA POR CARRETERA | Secundaria 2 - 7110 - ACTIVIDADES DE ARQUITECTURA E INGENIERÍA Y ACTIVIDADES CONEXAS DE CONSULTORÍA TÉCNICA,0,0,0,0,23/09/2026 22:19,1,1,1,68.3,Alto
20477530665,ODISEA PERUS S.A.C.,-,2021,AMAZONAS,15/12/2011,15/12/2011,2011.0,10.0,0,2014,7,1,2,100000.0,1,1.0,1.0,SOCIEDAD ANONIMA CERRADA,ACTIVO,NO HALLADO,,LIMA/LIMA/LIMA,Principal - 4100 - CONSTRUCCIÓN DE EDIFICIOS,3.0,"Principal - 4100 - CONSTRUCCIÓN DE EDIFICIOS | Secundaria 1 - 4210 - CONSTRUCCIÓN DE CARRETERAS Y VÍAS DE FERROCARRIL | Secundaria 2 - 7730 - ALQUILER Y ARRENDAMIENTO DE OTROS TIPOS DE MAQUINARIA, EQUIPO Y BIENES TANGIBLES",1,1,0,0,23/09/2026 22:22,1,1,1,68.3,Alto
20479683728,V&H CONTRATISTAS GENERALES EIRL,V&H CONTRATISTAS GRLES EIRL,2021,AMAZONAS,01/12/2003,01/03/2004,2004.0,17.0,0,2011,10,1,1,237708822.96,1,0.0,0.0,EMPRESA INDIVIDUAL DE RESP. LTDA,ACTIVO,HABIDO,,AMAZONAS/CHACHAPOYAS/CHACHAPOYAS,Principal - 4923 - TRANSPORTE DE CARGA POR CARRETERA,3.0,"Principal - 4923 - TRANSPORTE DE CARGA POR CARRETERA | Secundaria 1 - 4220 - CONSTRUCCIÓN DE PROYECTOS DE SERVICIO PÚBLICO | Secundaria 2 - 7730 - ALQUILER Y ARRENDAMIENTO DE OTROS TIPOS DE MAQUINARIA, EQUIPO Y BIENES TANGIBLES",0,0,0,0,23/09/2026 22:22,1,1,1,68.3,Alto
20479790303,COSACH S.R.L.,COSACH,2021,AMAZONAS,07/10/2004,02/11/2004,2004.0,17.0,0,2011,10,1,1,4237251.2,1,0.0,0.0,SOC.COM.RESPONS. LTDA,ACTIVO,HABIDO,,AMAZONAS/CHACHAPOYAS/CHACHAPOYAS,"Principal - 4663 - VENTA AL POR MAYOR DE MATERIALES DE CONSTRUCCIÓN, ARTÍCULOS DE FERRETERÍA Y EQUIPO Y MATERIALES DE FONTANERÍA Y CALEFACCIÓN",3.0,"Principal - 4663 - VENTA AL POR MAYOR DE MATERIALES DE CONSTRUCCIÓN, ARTÍCULOS DE FERRETERÍA Y EQUIPO Y MATERIALES DE FONTANERÍA Y CALEFACCIÓN | Secundaria 1 - 4290 - CONSTRUCCIÓN DE OTRAS OBRAS DE INGENIERÍA CIVIL | Secundaria 2 - 7730 - ALQUILER Y ARRENDAMIENTO DE OTROS TIPOS DE MAQUINARIA, EQUIPO Y BIENES TANGIBLES",0,0,0,0,23/09/2026 22:22,1,1,1,68.3,Alto
20480427913,MR VILLAGE S.A.C.,-,2021,AMAZONAS,22/07/2008,22/07/2008,2008.0,13.0,0,2012,9,1,1,108198774.23,1,0.0,0.0,SOCIEDAD ANONIMA CERRADA,ACTIVO,HABIDO,,AMAZONAS/CHACHAPOYAS/CHACHAPOYAS,Principal - 4390 - OTRAS ACTIVIDADES ESPECIALIZADAS DE CONSTRUCCIÓN,3.0,Principal - 4390 - OTRAS ACTIVIDADES ESPECIALIZADAS DE CONSTRUCCIÓN | Secundaria 1 - 7110 - ACTIVIDADES DE ARQUITECTURA E INGENIERÍA Y ACTIVIDADES CONEXAS DE CONSULTORÍA TÉCNICA | Secundaria 2 - 3311 - REPARACIÓN DE PRODUCTOS ELABORADOS DE METAL,0,0,0,0,23/09/2026 22:23,1,1,1,68.3,Alto
20480774397,2SFD CONSULTORES & CONSTRUCTORES S.R.L.,-,2021,AMAZONAS,08/01/2010,01/01/2010,2010.0,11.0,0,2012,9,1,1,100000.0,1,1.0,1.0,SOC.COM.RESPONS. LTDA,ACTIVO,HABIDO,,LIMA/LIMA/SANTIAGO DE SURCO,Principal - 4210 - CONSTRUCCIÓN DE CARRETERAS Y VÍAS DE FERROCARRIL,3.0,Principal - 4210 - CONSTRUCCIÓN DE CARRETERAS Y VÍAS DE FERROCARRIL | Secundaria 1 - 4390 - OTRAS ACTIVIDADES ESPECIALIZADAS DE CONSTRUCCIÓN | Secundaria 2 - 7410 - ACTIVIDADES ESPECIALIZADAS DE DISEÑO,2,0,0,0,23/09/2026 22:23,1,1,1,68.3,Alto
20480791305,CONSTRUCTORA DURANGO E.I.R.L.,-,2021,AMAZONAS,02/02/2010,01/02/2010,2010.0,11.0,0,2011,10,2,1,93620835.38,2,0.0,0.0,EMPRESA INDIVIDUAL DE RESP. LTDA,ACTIVO,HABIDO,,AMAZONAS/CHACHAPOYAS/CHACHAPOYAS,Principal - 4100 - CONSTRUCCIÓN DE EDIFICIOS,3.0,Principal - 4100 - CONSTRUCCIÓN DE EDIFICIOS | Secundaria 1 - 4923 - TRANSPORTE DE CARGA POR CARRETERA | Secundaria 2 - 4922 - OTRAS ACTIVIDADES DE TRANSPORTE POR VÍA TERRESTRE,1,0,0,0,23/09/2026 22:23,1,1,1,68.3,Alto
20480836252,E & R2 CONTRATISTAS GENERALES S.A.C.,-,2021,AMAZONAS,05/04/2010,01/04/2010,2010.0,11.0,0,2012,9,3,1,258350662.01,3,0.0,0.0,SOCIEDAD ANONIMA CERRADA,ACTIVO,HABIDO,,AMAZONAS/CHACHAPOYAS/CHACHAPOYAS,Principal - 4100 - CONSTRUCCIÓN DE EDIFICIOS,3.0,"Principal - 4100 - CONSTRUCCIÓN DE EDIFICIOS | Secundaria 1 - 4663 - VENTA AL POR MAYOR DE MATERIALES DE CONSTRUCCIÓN, ARTÍCULOS DE FERRETERÍA Y EQUIPO Y MATERIALES DE FONTANERÍA Y CALEFACCIÓN | Secundaria 2 - 7730 - ALQUILER Y ARRENDAMIENTO DE OTROS TIPOS DE MAQUINARIA, EQUIPO Y BIENES TANGIBLES",0,0,0,0,23/09/2026 22:23,1,1,1,68.3,Alto
20487499685,TUESTA CONSULTORES Y EJECUTORES E.I.R.L,-,2021,AMAZONAS,18/11/2010,01/11/2010,2010.0,11.0,0,2011,10,2,2,314873350.68,2,0.0,0.0,EMPRESA INDIVIDUAL DE RESP. LTDA,ACTIVO,HABIDO,,AMAZONAS/CHACHAPOYAS/CHACHAPOYAS,Principal - 7110 - ACTIVIDADES DE ARQUITECTURA E INGENIERÍA Y ACTIVIDADES CONEXAS DE CONSULTORÍA TÉCNICA,3.0,Principal - 7110 - ACTIVIDADES DE ARQUITECTURA E INGENIERÍA Y ACTIVIDADES CONEXAS DE CONSULTORÍA TÉCNICA | Secundaria 1 - 4100 - CONSTRUCCIÓN DE EDIFICIOS | Secundaria 2 - 4290 - CONSTRUCCIÓN DE OTRAS OBRAS DE INGENIERÍA CIVIL,0,0,0,0,23/09/2026 22:29,1,1,1,68.3,Alto
20487611191,SUPERVISION Y CONSTRUCCIONES SOPLA BACALLA INGENIEROS E.I.R.L,SB INGENIEROS EIRL,2021,AMAZONAS,10/03/2011,01/03/2011,2011.0,10.0,0,2012,9,1,1,200000.0,1,1.0,1.0,EMPRESA INDIVIDUAL DE RESP. LTDA,ACTIVO,HABIDO,,AMAZONAS/CHACHAPOYAS/CHACHAPOYAS,Principal - 7110 - ACTIVIDADES DE ARQUITECTURA E INGENIERÍA Y ACTIVIDADES CONEXAS DE CONSULTORÍA TÉCNICA,3.0,"Principal - 7110 - ACTIVIDADES DE ARQUITECTURA E INGENIERÍA Y ACTIVIDADES CONEXAS DE CONSULTORÍA TÉCNICA | Secundaria 1 - 4923 - TRANSPORTE DE CARGA POR CARRETERA | Secundaria 2 - 7730 - ALQUILER Y ARRENDAMIENTO DE OTROS TIPOS DE MAQUINARIA, EQUIPO Y BIENES TANGIBLES",2,0,0,0,23/09/2026 22:29,1,1,1,68.3,Alto
20487909336,"""ELDAAH CONSTRUCTORES SOCIEDAD COMERCIAL DE RESPONSABILIDAD LIMITADA""",ELDAAH CONSTRUCTORES S.R.L.,2021,AMAZONAS,06/02/2012,01/03/2012,2012.0,9.0,0,2021,0,1,1,100000.0,1,1.0,1.0,SOC.COM.RESPONS. LTDA,BAJA DE OFICIO,HABIDO,30/01/2026,AMAZONAS/UTCUBAMBA/BAGUA GRANDE,Principal - 7110 - ACTIVIDADES DE ARQUITECTURA E INGENIERÍA Y ACTIVIDADES CONEXAS DE CONSULTORÍA TÉCNICA,3.0,"Principal - 7110 - ACTIVIDADES DE ARQUITECTURA E INGENIERÍA Y ACTIVIDADES CONEXAS DE CONSULTORÍA TÉCNICA | Secundaria 1 - 4100 - CONSTRUCCIÓN DE EDIFICIOS | Secundaria 2 - 7730 - ALQUILER Y ARRENDAMIENTO DE OTROS TIPOS DE MAQUINARIA, EQUIPO Y BIENES TANGIBLES",0,0,0,0,23/09/2026 22:29,1,1,1,68.3,Alto
20494079713,GREPCO S.A.C.,GREPCO SAC,2021,AMAZONAS,17/11/2011,17/11/2011,2011.0,10.0,0,2013,8,1,1,23043821.82,1,0.0,0.0,SOCIEDAD ANONIMA CERRADA,ACTIVO,HABIDO,,SAN MARTIN/LAMAS/LAMAS,Principal - 4100 - CONSTRUCCIÓN DE EDIFICIOS,3.0,"Principal - 4100 - CONSTRUCCIÓN DE EDIFICIOS | Secundaria 1 - 7730 - ALQUILER Y ARRENDAMIENTO DE OTROS TIPOS DE MAQUINARIA, EQUIPO Y BIENES TANGIBLES | Secundaria 2 - 4659 - VENTA AL POR MAYOR DE OTROS TIPOS DE MAQUINARIA Y EQUIPO",0,0,0,0,23/09/2026 22:34,1,1,1,68.3,Alto
20534166240,SCORPION CONTRATISTAS GENERALES S.A.C.,-,2021,AMAZONAS,26/06/2019,01/07/2019,2019.0,2.0,0,2020,1,1,2,37096894.14,1,0.0,0.0,SOCIEDAD ANONIMA CERRADA,ACTIVO,HABIDO,,LIMA/LIMA/LOS OLIVOS,Principal - 4210 - CONSTRUCCIÓN DE CARRETERAS Y VÍAS DE FERROCARRIL,3.0,"Principal - 4210 - CONSTRUCCIÓN DE CARRETERAS Y VÍAS DE FERROCARRIL | Secundaria 1 - 4663 - VENTA AL POR MAYOR DE MATERIALES DE CONSTRUCCIÓN, ARTÍCULOS DE FERRETERÍA Y EQUIPO Y MATERIALES DE FONTANERÍA Y CALEFACCIÓN | Secundaria 2 - 7730 - ALQUILER Y ARRENDAMIENTO DE OTROS TIPOS DE MAQUINARIA, EQUIPO Y BIENES TANGIBLES",0,0,0,0,23/09/2026 22:50,1,1,1,68.3,Alto
20539016629,CONSULTORES Y EJECUTORES NIMAOS E.I.R.L.,-,2021,AMAZONAS,07/01/2013,01/01/2013,2013.0,8.0,0,2021,0,1,1,100000.0,1,1.0,1.0,EMPRESA INDIVIDUAL DE RESP. LTDA,BAJA DE OFICIO,HABIDO,31/01/2025,AMAZONAS/CHACHAPOYAS/CHACHAPOYAS,Principal - 4390 - OTRAS ACTIVIDADES ESPECIALIZADAS DE CONSTRUCCIÓN,3.0,Principal - 4390 - OTRAS ACTIVIDADES ESPECIALIZADAS DE CONSTRUCCIÓN | Secundaria 1 - 7110 - ACTIVIDADES DE ARQUITECTURA E INGENIERÍA Y ACTIVIDADES CONEXAS DE CONSULTORÍA TÉCNICA | Secundaria 2 - 4719 - OTRAS ACTIVIDADES DE VENTA AL POR MENOR EN COMERCIOS NO ESPECIALIZADOS,0,0,0,0,23/09/2026 22:52,1,1,1,68.3,Alto
20539201281,INVERSIONES MS & TR S.A.C.,-,2021,AMAZONAS,15/07/2013,01/07/2013,2013.0,8.0,0,2021,0,3,1,8528093.19,3,0.0,0.0,SOCIEDAD ANONIMA CERRADA,ACTIVO,HABIDO,,AMAZONAS/CHACHAPOYAS/CHACHAPOYAS,Principal - 45207 - CONSTRUCCION EDIFICIOS COMPLETOS.,1.0,Principal - 45207 - CONSTRUCCION EDIFICIOS COMPLETOS.,0,0,0,0,23/09/2026 22:52,1,1,1,68.3,Alto
20539273605,R&J EJECUTORES S.A.C.,-,2021,AMAZONAS,10/10/2013,01/10/2013,2013.0,8.0,0,2014,7,2,1,1204487.48,2,0.0,0.0,SOCIEDAD ANONIMA CERRADA,ACTIVO,HABIDO,,AMAZONAS/CHACHAPOYAS/CHACHAPOYAS,Principal - 4390 - OTRAS ACTIVIDADES ESPECIALIZADAS DE CONSTRUCCIÓN,3.0,"Principal - 4390 - OTRAS ACTIVIDADES ESPECIALIZADAS DE CONSTRUCCIÓN | Secundaria 1 - 3100 - FABRICACIÓN DE MUEBLES | Secundaria 2 - 4759 - VENTA AL POR MENOR DE APARATOS ELÉCTRICOS DE USO DOMÉSTICO, MUEBLES, EQU. DE ILUMINACIÓN Y OTROS ENSERES EN COM. ESPECIALIZADOS",0,0,0,0,23/09/2026 22:52,1,1,1,68.3,Alto
20542271834,H & H CONSTRUCTORES E.I.R.L.,-,2021,AMAZONAS,08/01/2013,08/01/2013,2013.0,8.0,0,2021,0,1,1,100000.0,1,1.0,1.0,EMPRESA INDIVIDUAL DE RESP. LTDA,ACTIVO,HABIDO,,SAN MARTIN/MOYOBAMBA/MOYOBAMBA,Principal - 4100 - CONSTRUCCIÓN DE EDIFICIOS,3.0,Principal - 4100 - CONSTRUCCIÓN DE EDIFICIOS | Secundaria 1 - 4659 - VENTA AL POR MAYOR DE OTROS TIPOS DE MAQUINARIA Y EQUIPO | Secundaria 2 - 4649 - VENTA AL POR MAYOR DE OTROS ENSERES DOMÉSTICOS,0,0,0,0,23/09/2026 22:55,1,1,1,68.3,Alto
20542312450,PRINCOR S.A.C.,-,2021,AMAZONAS,11/04/2013,11/04/2013,2013.0,8.0,0,2013,8,1,2,500000.0,1,1.0,1.0,SOCIEDAD ANONIMA CERRADA,ACTIVO,HABIDO,,SAN MARTIN/EL DORADO/SAN JOSE DE SISA,Principal - 4100 - CONSTRUCCIÓN DE EDIFICIOS,3.0,"Principal - 4100 - CONSTRUCCIÓN DE EDIFICIOS | Secundaria 1 - 7730 - ALQUILER Y ARRENDAMIENTO DE OTROS TIPOS DE MAQUINARIA, EQUIPO Y BIENES TANGIBLES | Secundaria 2 - 4922 - OTRAS ACTIVIDADES DE TRANSPORTE POR VÍA TERRESTRE",0,0,0,0,23/09/2026 22:55,1,1,1,68.3,Alto
20561152005,INTED PERU EIRL,INTED PERU,2021,AMAZONAS,22/01/2014,01/01/2014,2014.0,7.0,0,2019,2,2,1,144908275.23,2,0.0,0.0,EMPRESA INDIVIDUAL DE RESP. LTDA,ACTIVO,HABIDO,,AMAZONAS/CHACHAPOYAS/CHACHAPOYAS,Principal - 4290 - CONSTRUCCIÓN DE OTRAS OBRAS DE INGENIERÍA CIVIL,3.0,Principal - 4290 - CONSTRUCCIÓN DE OTRAS OBRAS DE INGENIERÍA CIVIL | Secundaria 1 - 7710 - ALQUILER Y ARRENDAMIENTO DE VEHÍCULOS AUTOMOTORES | Secundaria 2 - 7110 - ACTIVIDADES DE ARQUITECTURA E INGENIERÍA Y ACTIVIDADES CONEXAS DE CONSULTORÍA TÉCNICA,0,0,0,0,23/09/2026 22:58,1,1,1,68.3,Alto
20600147600,ALKALA INGENIERIA Y CONSTRUCCION E.I.R.L.,-,2021,AMAZONAS,17/02/2015,01/03/2015,2015.0,6.0,0,2021,0,1,1,14589703.92,1,0.0,0.0,EMPRESA INDIVIDUAL DE RESP. LTDA,ACTIVO,HABIDO,,AMAZONAS/CHACHAPOYAS/CHACHAPOYAS,Principal - 4290 - CONSTRUCCIÓN DE OTRAS OBRAS DE INGENIERÍA CIVIL,3.0,"Principal - 4290 - CONSTRUCCIÓN DE OTRAS OBRAS DE INGENIERÍA CIVIL | Secundaria 1 - 4663 - VENTA AL POR MAYOR DE MATERIALES DE CONSTRUCCIÓN, ARTÍCULOS DE FERRETERÍA Y EQUIPO Y MATERIALES DE FONTANERÍA Y CALEFACCIÓN | Secundaria 2 - 7730 - ALQUILER Y ARRENDAMIENTO DE OTROS TIPOS DE MAQUINARIA, EQUIPO Y BIENES TANGIBLES",0,0,0,0,23/09/2026 23:06,1,1,1,68.3,Alto
20600542525,S&S CONSULTORES Y EJECUTORES E.I.R.L.,-,2021,AMAZONAS,21/07/2015,01/07/2015,2015.0,6.0,0,2021,0,1,1,78606950.0,1,0.0,0.0,EMPRESA INDIVIDUAL DE RESP. LTDA,ACTIVO,HABIDO,,AMAZONAS/CHACHAPOYAS/CHACHAPOYAS,"Principal - 7730 - ALQUILER Y ARRENDAMIENTO DE OTROS TIPOS DE MAQUINARIA, EQUIPO Y BIENES TANGIBLES",3.0,"Principal - 7730 - ALQUILER Y ARRENDAMIENTO DE OTROS TIPOS DE MAQUINARIA, EQUIPO Y BIENES TANGIBLES | Secundaria 1 - 4290 - CONSTRUCCIÓN DE OTRAS OBRAS DE INGENIERÍA CIVIL | Secundaria 2 - 4923 - TRANSPORTE DE CARGA POR CARRETERA",0,0,0,0,23/09/2026 23:09,1,1,1,68.3,Alto
20600798937,GRAVITY INGENIERIA + CONSTRUCCION S.A.C.,-,2021,AMAZONAS,10/11/2015,01/12/2015,2015.0,6.0,0,2018,3,1,1,6139353.32,1,1.0,1.0,SOCIEDAD ANONIMA CERRADA,ACTIVO,HABIDO,,CAJAMARCA/CELENDIN/CELENDIN,Principal - 4100 - CONSTRUCCIÓN DE EDIFICIOS,3.0,"Principal - 4100 - CONSTRUCCIÓN DE EDIFICIOS | Secundaria 1 - 4663 - VENTA AL POR MAYOR DE MATERIALES DE CONSTRUCCIÓN, ARTÍCULOS DE FERRETERÍA Y EQUIPO Y MATERIALES DE FONTANERÍA Y CALEFACCIÓN | Secundaria 2 - 4220 - CONSTRUCCIÓN DE PROYECTOS DE SERVICIO PÚBLICO",0,0,0,0,23/09/2026 23:11,1,1,1,68.3,Alto
20602698409,CONSTRUCTORA A & G GROUP S.A.C.,A&G GROUP SAC,2021,AMAZONAS,11/12/2017,01/12/2017,2017.0,4.0,0,2021,0,1,1,6168049.53,1,0.0,0.0,SOCIEDAD ANONIMA CERRADA,ACTIVO,HABIDO,,LAMBAYEQUE/CHICLAYO/CHICLAYO,Principal - 4100 - CONSTRUCCIÓN DE EDIFICIOS,3.0,Principal - 4100 - CONSTRUCCIÓN DE EDIFICIOS | Secundaria 1 - 4210 - CONSTRUCCIÓN DE CARRETERAS Y VÍAS DE FERROCARRIL | Secundaria 2 - 7710 - ALQUILER Y ARRENDAMIENTO DE VEHÍCULOS AUTOMOTORES,0,0,0,0,23/09/2026 23:17,1,1,1,68.3,Alto
20604115923,YERIK CONTRATISTAS GENERALES S.R.L.,-,2021,AMAZONAS,28/01/2019,01/02/2019,2019.0,2.0,0,2019,2,1,1,553851.15,1,1.0,1.0,SOC.COM.RESPONS. LTDA,ACTIVO,HABIDO,,AMAZONAS/BAGUA/BAGUA,"Principal - 4752 - VENTA AL POR MENOR DE ARTÍCULOS DE FERRETERÍA, PINTURAS Y PRODUCTOS DE VIDRIO EN COMERCIOS ESPECIALIZADOS",3.0,"Principal - 4752 - VENTA AL POR MENOR DE ARTÍCULOS DE FERRETERÍA, PINTURAS Y PRODUCTOS DE VIDRIO EN COMERCIOS ESPECIALIZADOS | Secundaria 1 - 4100 - CONSTRUCCIÓN DE EDIFICIOS | Secundaria 2 - 4321 - INSTALACIONES ELÉCTRICAS",0,0,0,0,23/09/2026 23:20,1,1,1,68.3,Alto
20604451648,CONSULTORA Y CONSTRUCTORA JUANITA JRV S.A.C.,-,2021,AMAZONAS,26/03/2019,01/03/2019,2019.0,2.0,0,2021,0,1,1,83723910.0,1,0.0,0.0,SOCIEDAD ANONIMA CERRADA,ACTIVO,HABIDO,,CAJAMARCA/JAEN/JAEN,Principal - 7110 - ACTIVIDADES DE ARQUITECTURA E INGENIERÍA Y ACTIVIDADES CONEXAS DE CONSULTORÍA TÉCNICA,3.0,Principal - 7110 - ACTIVIDADES DE ARQUITECTURA E INGENIERÍA Y ACTIVIDADES CONEXAS DE CONSULTORÍA TÉCNICA | Secundaria 1 - 4100 - CONSTRUCCIÓN DE EDIFICIOS | Secundaria 2 - 4923 - TRANSPORTE DE CARGA POR CARRETERA,1,0,0,0,23/09/2026 23:21,1,1,1,68.3,Alto
20604775010,GRUPO AT & T CONSTRUCTOR E INMOBILIARIA E.I.R.L.,-,2021,AMAZONAS,28/05/2019,01/06/2019,2019.0,2.0,0,2021,0,1,1,3021219.48,1,0.0,0.0,EMPRESA INDIVIDUAL DE RESP. LTDA,ACTIVO,HABIDO,,AMAZONAS/CHACHAPOYAS/CHACHAPOYAS,Principal - 4923 - TRANSPORTE DE CARGA POR CARRETERA,3.0,"Principal - 4923 - TRANSPORTE DE CARGA POR CARRETERA | Secundaria 1 - 4752 - VENTA AL POR MENOR DE ARTÍCULOS DE FERRETERÍA, PINTURAS Y PRODUCTOS DE VIDRIO EN COMERCIOS ESPECIALIZADOS | Secundaria 2 - 7730 - ALQUILER Y ARRENDAMIENTO DE OTROS TIPOS DE MAQUINARIA, EQUIPO Y BIENES TANGIBLES",0,0,0,0,23/09/2026 23:22,1,1,1,68.3,Alto
20126533447,CONSTRUCTORA QR S.A.,-,2021,ANCASH,30/04/1993,30/04/1993,1993.0,28.0,0,2010,11,1,1,50553803.04,1,0.0,0.0,SOCIEDAD ANONIMA,ACTIVO,HABIDO,,LIMA/LIMA/SAN JUAN DE MIRAFLORES,Principal - 4390 - OTRAS ACTIVIDADES ESPECIALIZADAS DE CONSTRUCCIÓN,1.0,Principal - 4390 - OTRAS ACTIVIDADES ESPECIALIZADAS DE CONSTRUCCIÓN,0,0,0,0,23/09/2026 22:08,1,1,1,88.9,Muy alto
20260236611,NISSOL S.A.C.,-,2021,ANCASH,07/12/1994,01/12/1994,1994.0,27.0,0,2013,8,1,1,100000.0,1,1.0,1.0,SOCIEDAD ANONIMA CERRADA,ACTIVO,NO HABIDO,,ANCASH/HUARAZ/HUARAZ,"Principal - 7730 - ALQUILER Y ARRENDAMIENTO DE OTROS TIPOS DE MAQUINARIA, EQUIPO Y BIENES TANGIBLES",3.0,"Principal - 7730 - ALQUILER Y ARRENDAMIENTO DE OTROS TIPOS DE MAQUINARIA, EQUIPO Y BIENES TANGIBLES | Secundaria 1 - 4390 - OTRAS ACTIVIDADES ESPECIALIZADAS DE CONSTRUCCIÓN | Secundaria 2 - 4321 - INSTALACIONES ELÉCTRICAS",1,0,0,0,23/09/2026 22:09,1,1,1,88.9,Muy alto
20407893248,CONSTRUCTORA ROKE E.I.R.L.,ROKE,2021,ANCASH,30/03/2009,01/04/2009,2009.0,12.0,0,2010,11,1,1,115731526.48,1,0.0,0.0,EMPRESA INDIVIDUAL DE RESP. LTDA,ACTIVO,HABIDO,,ANCASH/HUARAZ/INDEPENDENCIA,Principal - 4210 - CONSTRUCCIÓN DE CARRETERAS Y VÍAS DE FERROCARRIL,3.0,Principal - 4210 - CONSTRUCCIÓN DE CARRETERAS Y VÍAS DE FERROCARRIL | Secundaria 1 - 4649 - VENTA AL POR MAYOR DE OTROS ENSERES DOMÉSTICOS | Secundaria 2 - 4220 - CONSTRUCCIÓN DE PROYECTOS DE SERVICIO PÚBLICO,0,0,0,0,23/09/2026 22:14,1,1,1,88.9,Muy alto
20407909268,EMPRESA MULTISERVICIOS 'H Y L' S.R.L.,-,2021,ANCASH,23/04/2009,23/04/2009,2009.0,12.0,0,2021,0,1,1,100000.0,1,1.0,1.0,SOC.COM.RESPONS. LTDA,ACTIVO,HABIDO,,ANCASH/HUARAZ/HUARAZ,Principal - 4290 - CONSTRUCCIÓN DE OTRAS OBRAS DE INGENIERÍA CIVIL,3.0,Principal - 4290 - CONSTRUCCIÓN DE OTRAS OBRAS DE INGENIERÍA CIVIL | Secundaria 1 - 1610 - ASERRADO Y ACEPILLADURA DE MADERA | Secundaria 2 - 4923 - TRANSPORTE DE CARGA POR CARRETERA,0,0,0,0,23/09/2026 22:15,1,1,1,88.9,Muy alto
20408018804,ALFET CONTRATISTAS GENERALES S.A.C.,-,2021,ANCASH,16/11/2009,16/11/2009,2009.0,12.0,0,2012,9,3,1,2040996911.1,3,0.0,0.0,SOCIEDAD ANONIMA CERRADA,ACTIVO,HABIDO,,ANCASH/HUARAZ/INDEPENDENCIA,Principal - 4290 - CONSTRUCCIÓN DE OTRAS OBRAS DE INGENIERÍA CIVIL,3.0,Principal - 4290 - CONSTRUCCIÓN DE OTRAS OBRAS DE INGENIERÍA CIVIL | Secundaria 1 - 4923 - TRANSPORTE DE CARGA POR CARRETERA | Secundaria 2 - 7110 - ACTIVIDADES DE ARQUITECTURA E INGENIERÍA Y ACTIVIDADES CONEXAS DE CONSULTORÍA TÉCNICA,0,0,0,0,23/09/2026 22:15,1,1,1,88.9,Muy alto
20408114943,GLOBALCON CONSTRUCTORES Y CONSULTORES S.R.L.,-,2021,ANCASH,28/05/2010,01/06/2010,2010.0,11.0,0,2012,9,1,1,33738908.68,1,0.0,0.0,SOC.COM.RESPONS. LTDA,ACTIVO,HABIDO,,LIMA/LIMA/LA VICTORIA,Principal - 4210 - CONSTRUCCIÓN DE CARRETERAS Y VÍAS DE FERROCARRIL,3.0,"Principal - 4210 - CONSTRUCCIÓN DE CARRETERAS Y VÍAS DE FERROCARRIL | Secundaria 1 - 7110 - ACTIVIDADES DE ARQUITECTURA E INGENIERÍA Y ACTIVIDADES CONEXAS DE CONSULTORÍA TÉCNICA | Secundaria 2 - 4663 - VENTA AL POR MAYOR DE MATERIALES DE CONSTRUCCIÓN, ARTÍCULOS DE FERRETERÍA Y EQUIPO Y MATERIALES DE FONTANERÍA Y CALEFACCIÓN",1,0,0,0,23/09/2026 22:15,1,1,1,88.9,Muy alto
20445575411,OB INGENIEROS CONTRATISTAS S.R.L.,OBICON S.R.L.,2021,ANCASH,25/01/2007,01/02/2007,2007.0,14.0,0,2011,10,2,1,320171616.58,2,0.0,0.0,SOC.COM.RESPONS. LTDA,ACTIVO,HABIDO,,LIMA/LIMA/PUEBLO LIBRE (MAGDALENA VIEJA,Principal - 4100 - CONSTRUCCIÓN DE EDIFICIOS,3.0,Principal - 4100 - CONSTRUCCIÓN DE EDIFICIOS | Secundaria 1 - 4210 - CONSTRUCCIÓN DE CARRETERAS Y VÍAS DE FERROCARRIL | Secundaria 2 - 4390 - OTRAS ACTIVIDADES ESPECIALIZADAS DE CONSTRUCCIÓN,0,0,0,0,23/09/2026 22:17,1,1,1,88.9,Muy alto
20445582973,CONSTRUCTORA ATLANTA E.I.R.L.,-,2021,ANCASH,21/02/2007,01/02/2007,2007.0,14.0,0,2017,4,1,1,52742250.47,1,0.0,0.0,EMPRESA INDIVIDUAL DE RESP. LTDA,ACTIVO,HABIDO,,ANCASH/SANTA/NUEVO CHIMBOTE,Principal - 4390 - OTRAS ACTIVIDADES ESPECIALIZADAS DE CONSTRUCCIÓN,2.0,"Principal - 4390 - OTRAS ACTIVIDADES ESPECIALIZADAS DE CONSTRUCCIÓN | Secundaria 1 - 4663 - VENTA AL POR MAYOR DE MATERIALES DE CONSTRUCCIÓN, ARTÍCULOS DE FERRETERÍA Y EQUIPO Y MATERIALES DE FONTANERÍA Y CALEFACCIÓN",0,0,0,0,23/09/2026 22:17,1,1,1,88.9,Muy alto
20445667618,INGENIERIA Y CONSTRUCCION ORVAL PERU S.R.L.,-,2021,ANCASH,22/11/2007,01/11/2007,2007.0,14.0,0,2017,4,1,1,83388968.26,1,0.0,0.0,SOC.COM.RESPONS. LTDA,ACTIVO,HABIDO,,LIMA/LIMA/LIMA,Principal - 4100 - CONSTRUCCIÓN DE EDIFICIOS,1.0,Principal - 4100 - CONSTRUCCIÓN DE EDIFICIOS,0,0,0,0,23/09/2026 22:17,1,1,1,88.9,Muy alto
20450157008,INSTALACIONES ELECTROMECANICAS Y CIVILES INTELSA E.I.R.L.,-,2021,ANCASH,18/07/2006,18/07/2006,2006.0,15.0,0,2017,4,1,2,100000.0,1,1.0,1.0,EMPRESA INDIVIDUAL DE RESP. LTDA,BAJA PROV. POR OFICIO,HABIDO,30/06/2026,SAN MARTIN/SAN MARTIN/TARAPOTO,Principal - 4100 - CONSTRUCCIÓN DE EDIFICIOS,3.0,Principal - 4100 - CONSTRUCCIÓN DE EDIFICIOS | Secundaria 1 - 7020 - ACTIVIDADES DE CONSULTORÍA DE GESTIÓN | Secundaria 2 - 7110 - ACTIVIDADES DE ARQUITECTURA E INGENIERÍA Y ACTIVIDADES CONEXAS DE CONSULTORÍA TÉCNICA,2,0,0,0,23/09/2026 22:19,1,1,1,88.9,Muy alto
20453649840,MACSELL CONTRATISTAS GENERALES SRL,-,2021,ANCASH,30/01/2001,01/02/2001,2001.0,20.0,0,2017,4,1,2,205040003.77,1,0.0,0.0,SOC.COM.RESPONS. LTDA,ACTIVO,HABIDO,,CAJAMARCA/CAJAMARCA/LOS BAÑOS DEL INCA,Principal - 4210 - CONSTRUCCIÓN DE CARRETERAS Y VÍAS DE FERROCARRIL,3.0,Principal - 4210 - CONSTRUCCIÓN DE CARRETERAS Y VÍAS DE FERROCARRIL | Secundaria 1 - 4100 - CONSTRUCCIÓN DE EDIFICIOS | Secundaria 2 - 8130 - ACTIVIDADES DE PAISAJISMO Y SERVICIOS DE MANTENIMIENTO CONEXOS,2,0,0,0,23/09/2026 22:21,1,1,1,88.9,Muy alto
20461192077,VIALUSA S.A.C,VIALUSA S.A.C,2021,ANCASH,27/01/2000,26/01/2000,2000.0,21.0,0,2011,10,1,1,36750971.57,1,0.0,0.0,SOCIEDAD ANONIMA CERRADA,ACTIVO,HABIDO,,LIMA/LIMA/COMAS,Principal - 7110 - ACTIVIDADES DE ARQUITECTURA E INGENIERÍA Y ACTIVIDADES CONEXAS DE CONSULTORÍA TÉCNICA,2.0,Principal - 7110 - ACTIVIDADES DE ARQUITECTURA E INGENIERÍA Y ACTIVIDADES CONEXAS DE CONSULTORÍA TÉCNICA | Secundaria 1 - 4923 - TRANSPORTE DE CARGA POR CARRETERA,0,0,0,0,23/09/2026 22:21,1,1,1,88.9,Muy alto
20486290910,ESPINOZA CONTRATISTAS GENERALES SOCIEDAD ANONIMA,ESCOGESA S.A.,2021,ANCASH,14/01/2008,14/01/2008,2008.0,13.0,0,2014,7,2,1,100000.0,2,2.0,1.0,SOCIEDAD ANONIMA,ACTIVO,HABIDO,,HUANCAVELICA/HUANCAVELICA/ASCENSION,Principal - 4100 - CONSTRUCCIÓN DE EDIFICIOS,3.0,"Principal - 4100 - CONSTRUCCIÓN DE EDIFICIOS | Secundaria 1 - 4923 - TRANSPORTE DE CARGA POR CARRETERA | Secundaria 2 - 7730 - ALQUILER Y ARRENDAMIENTO DE OTROS TIPOS DE MAQUINARIA, EQUIPO Y BIENES TANGIBLES",2,0,0,0,23/09/2026 22:27,1,1,1,88.9,Muy alto
20486419971,BRYNAJOM S.R.L.,-,2021,ANCASH,20/03/2006,14/03/2006,2006.0,15.0,0,2012,9,2,1,100000.0,2,2.0,1.0,SOC.COM.RESPONS. LTDA,ACTIVO,HABIDO,,LIMA/LIMA/SAN ISIDRO,Principal - 4100 - CONSTRUCCIÓN DE EDIFICIOS,3.0,"Principal - 4100 - CONSTRUCCIÓN DE EDIFICIOS | Secundaria 1 - 7730 - ALQUILER Y ARRENDAMIENTO DE OTROS TIPOS DE MAQUINARIA, EQUIPO Y BIENES TANGIBLES | Secundaria 2 - 0729 - EXTRACCIÓN DE OTROS MINERALES METALÍFEROS NO FERROSOS",0,0,0,0,23/09/2026 22:27,1,1,1,88.9,Muy alto
20487110141,ICYCON-PERUANA EMPRESA INDIVIDUAL DE RESPONSABILIDAD LIMITADA,ICYCON-PERUANA E.I.R.L.,2021,ANCASH,07/07/2009,13/07/2009,2009.0,12.0,0,2014,7,1,1,400000.0,1,1.0,1.0,EMPRESA INDIVIDUAL DE RESP. LTDA,ACTIVO,HABIDO,,HUANCAVELICA/HUANCAVELICA/HUANCAVELICA,Principal - 4100 - CONSTRUCCIÓN DE EDIFICIOS,3.0,"Principal - 4100 - CONSTRUCCIÓN DE EDIFICIOS | Secundaria 1 - 4923 - TRANSPORTE DE CARGA POR CARRETERA | Secundaria 2 - 7730 - ALQUILER Y ARRENDAMIENTO DE OTROS TIPOS DE MAQUINARIA, EQUIPO Y BIENES TANGIBLES",2,0,0,0,23/09/2026 22:28,1,1,1,88.9,Muy alto
20488351398,VIMCE S.R.L.,EMP. CONST.VIMCE S.R.L.,2021,ANCASH,22/05/2000,01/06/2000,2000.0,21.0,0,2005,16,3,1,70079760.7,3,0.0,0.0,SOC.COM.RESPONS. LTDA,ACTIVO,HABIDO,,ANCASH/HUARAZ/HUARAZ,Principal - 4290 - CONSTRUCCIÓN DE OTRAS OBRAS DE INGENIERÍA CIVIL,3.0,Principal - 4290 - CONSTRUCCIÓN DE OTRAS OBRAS DE INGENIERÍA CIVIL | Secundaria 1 - 7710 - ALQUILER Y ARRENDAMIENTO DE VEHÍCULOS AUTOMOTORES | Secundaria 2 - 4923 - TRANSPORTE DE CARGA POR CARRETERA,0,0,0,0,23/09/2026 22:30,1,1,1,88.9,Muy alto
20488415973,RILMAR Y & L S.R.L.,-,2021,ANCASH,11/07/2025,11/07/2025,2025.0,,1,2015,6,1,1,100000.0,1,1.0,1.0,SOC.COM.RESPONS. LTDA,BAJA DE OFICIO,HABIDO,29/05/2026,ANCASH/HUARAZ/INDEPENDENCIA,Principal - 7110 - ACTIVIDADES DE ARQUITECTURA E INGENIERÍA Y ACTIVIDADES CONEXAS DE CONSULTORÍA TÉCNICA,3.0,"Principal - 7110 - ACTIVIDADES DE ARQUITECTURA E INGENIERÍA Y ACTIVIDADES CONEXAS DE CONSULTORÍA TÉCNICA | Secundaria 1 - 4290 - CONSTRUCCIÓN DE OTRAS OBRAS DE INGENIERÍA CIVIL | Secundaria 2 - 4663 - VENTA AL POR MAYOR DE MATERIALES DE CONSTRUCCIÓN, ARTÍCULOS DE FERRETERÍA Y EQUIPO Y MATERIALES DE FONTANERÍA Y CALEFACCIÓN",0,0,0,0,23/09/2026 22:30,1,1,1,88.9,Muy alto
20529066521,RONY DIAZ CONTRATISTAS EMPRESA INDIVIDUAL DE RESPONSABILIDAD LIMITADA,-,2021,ANCASH,02/06/2010,02/06/2010,2010.0,11.0,0,2014,7,1,2,120813293.51,1,0.0,0.0,EMPRESA INDIVIDUAL DE RESP. LTDA,ACTIVO,HABIDO,,LIMA/LIMA/BREÑA,Principal - 4923 - TRANSPORTE DE CARGA POR CARRETERA,3.0,Principal - 4923 - TRANSPORTE DE CARGA POR CARRETERA | Secundaria 1 - 4100 - CONSTRUCCIÓN DE EDIFICIOS | Secundaria 2 - 4210 - CONSTRUCCIÓN DE CARRETERAS Y VÍAS DE FERROCARRIL,0,0,0,0,23/09/2026 22:44,1,1,1,88.9,Muy alto
20530585078,MEGA CONSTRUCCION Y SUPERVISION S.R.L.,MEGACONS S.R.L.,2021,ANCASH,23/07/2001,23/07/2001,2001.0,20.0,0,2021,0,1,1,100000.0,1,1.0,1.0,SOC.COM.RESPONS. LTDA,ACTIVO,HABIDO,,ANCASH/HUARAZ/INDEPENDENCIA,Principal - 4210 - CONSTRUCCIÓN DE CARRETERAS Y VÍAS DE FERROCARRIL,3.0,"Principal - 4210 - CONSTRUCCIÓN DE CARRETERAS Y VÍAS DE FERROCARRIL | Secundaria 1 - 2395 - FABRICACIÓN DE ARTÍCULOS DE HORMIGÓN, CEMENTO Y YESO | Secundaria 2 - 6110 - ACTIVIDADES DE TELECOMUNICACIONES ALÁMBRICAS",0,1,0,0,23/09/2026 22:46,1,1,1,88.9,Muy alto
20530592520,"""OC&T"" OBRAS CIVILES Y TELECOMUNICACIONES SRL",OC&T S.R.L.,2021,ANCASH,24/08/2001,01/09/2001,2001.0,20.0,0,2005,16,1,1,100000.0,1,1.0,1.0,SOC.COM.RESPONS. LTDA,ACTIVO,HABIDO,,ANCASH/HUARAZ/HUARAZ,Principal - 4210 - CONSTRUCCIÓN DE CARRETERAS Y VÍAS DE FERROCARRIL,3.0,"Principal - 4210 - CONSTRUCCIÓN DE CARRETERAS Y VÍAS DE FERROCARRIL | Secundaria 1 - 7730 - ALQUILER Y ARRENDAMIENTO DE OTROS TIPOS DE MAQUINARIA, EQUIPO Y BIENES TANGIBLES | Secundaria 2 - 4663 - VENTA AL POR MAYOR DE MATERIALES DE CONSTRUCCIÓN, ARTÍCULOS DE FERRETERÍA Y EQUIPO Y MATERIALES DE FONTANERÍA Y CALEFACCIÓN",1,0,0,0,23/09/2026 22:46,1,1,1,88.9,Muy alto
20530706398,EMPRESA CONSULTORA Y CONSTRUCTORA ECCSAM S.R.L.,ECCSAM S.R.L.,2021,ANCASH,05/03/2003,05/03/2003,2003.0,18.0,0,2012,9,1,1,100000.0,1,1.0,1.0,SOC.COM.RESPONS. LTDA,ACTIVO,HABIDO,,ANCASH/HUARAZ/INDEPENDENCIA,Principal - 4100 - CONSTRUCCIÓN DE EDIFICIOS,2.0,Principal - 4100 - CONSTRUCCIÓN DE EDIFICIOS | Secundaria 1 - 7110 - ACTIVIDADES DE ARQUITECTURA E INGENIERÍA Y ACTIVIDADES CONEXAS DE CONSULTORÍA TÉCNICA,0,0,0,0,23/09/2026 22:46,1,1,1,88.9,Muy alto
20530933882,CONSTRUCTORA Y COMERCIALIZADORA SANTIAGO ANTUNEZ DE MAYOLO S.R.L. COSAM S.R.L.,COSAM S.R.L.,2021,ANCASH,18/11/2005,18/11/2005,2005.0,16.0,0,2010,11,1,1,100000.0,1,1.0,1.0,SOC.COM.RESPONS. LTDA,ACTIVO,HABIDO,,ANCASH/HUARAZ/HUARAZ,Principal - 4220 - CONSTRUCCIÓN DE PROYECTOS DE SERVICIO PÚBLICO,3.0,"Principal - 4220 - CONSTRUCCIÓN DE PROYECTOS DE SERVICIO PÚBLICO | Secundaria 1 - 7730 - ALQUILER Y ARRENDAMIENTO DE OTROS TIPOS DE MAQUINARIA, EQUIPO Y BIENES TANGIBLES | Secundaria 2 - 8620 - ACTIVIDADES DE MÉDICOS Y ODONTÓLOGOS",0,0,0,0,23/09/2026 22:46,1,1,1,88.9,Muy alto
20530990681,COPICSA SRL,-,2021,ANCASH,13/06/2006,13/06/2006,2006.0,15.0,0,2010,11,1,1,100000.0,1,1.0,1.0,SOC.COM.RESPONS. LTDA,ACTIVO,HABIDO,,ANCASH/HUARAZ/HUARAZ,Principal - 4923 - TRANSPORTE DE CARGA POR CARRETERA,3.0,"Principal - 4923 - TRANSPORTE DE CARGA POR CARRETERA | Secundaria 1 - 4100 - CONSTRUCCIÓN DE EDIFICIOS | Secundaria 2 - 7730 - ALQUILER Y ARRENDAMIENTO DE OTROS TIPOS DE MAQUINARIA, EQUIPO Y BIENES TANGIBLES",0,0,0,0,23/09/2026 22:46,1,1,1,88.9,Muy alto
20531000316,MULTISERVICIOS CAFRAMIA E.I.R.L.,-,2021,ANCASH,24/10/2025,24/10/2025,2025.0,,1,2012,9,1,1,100000.0,1,1.0,1.0,EMPRESA INDIVIDUAL DE RESP. LTDA,ACTIVO,HABIDO,,ANCASH/ANTONIO RAYMONDI/MIRGAS,Principal - 4100 - CONSTRUCCIÓN DE EDIFICIOS,3.0,"Principal - 4100 - CONSTRUCCIÓN DE EDIFICIOS | Secundaria 1 - 7730 - ALQUILER Y ARRENDAMIENTO DE OTROS TIPOS DE MAQUINARIA, EQUIPO Y BIENES TANGIBLES | Secundaria 2 - 0810 - EXTRACCIÓN DE PIEDRA, ARENA Y ARCILLA",0,0,0,0,23/09/2026 22:46,1,1,1,88.9,Muy alto
20531065019,PALMA INGENIERIA-CONTRATISTAS GENERALES E.I.R.L.,PALMA ICG EIRL.,2021,ANCASH,25/01/2007,10/03/2007,2007.0,14.0,0,2012,9,2,1,100000.0,2,2.0,1.0,EMPRESA INDIVIDUAL DE RESP. LTDA,ACTIVO,HABIDO,,LIMA/LIMA/JESUS MARIA,"Principal - 4663 - VENTA AL POR MAYOR DE MATERIALES DE CONSTRUCCIÓN, ARTÍCULOS DE FERRETERÍA Y EQUIPO Y MATERIALES DE FONTANERÍA Y CALEFACCIÓN",3.0,"Principal - 4663 - VENTA AL POR MAYOR DE MATERIALES DE CONSTRUCCIÓN, ARTÍCULOS DE FERRETERÍA Y EQUIPO Y MATERIALES DE FONTANERÍA Y CALEFACCIÓN | Secundaria 1 - 4220 - CONSTRUCCIÓN DE PROYECTOS DE SERVICIO PÚBLICO | Secundaria 2 - 7710 - ALQUILER Y ARRENDAMIENTO DE VEHÍCULOS AUTOMOTORES",0,0,0,0,23/09/2026 22:47,1,1,1,88.9,Muy alto
20531084072,AFENA CONTRATISTAS GENERALES E.I.R.L.,-,2021,ANCASH,22/02/2007,01/03/2007,2007.0,14.0,0,2016,5,3,1,547926820.4,3,0.0,0.0,EMPRESA INDIVIDUAL DE RESP. LTDA,ACTIVO,HABIDO,,LIMA/LIMA/LA MOLINA,Principal - 7110 - ACTIVIDADES DE ARQUITECTURA E INGENIERÍA Y ACTIVIDADES CONEXAS DE CONSULTORÍA TÉCNICA,3.0,Principal - 7110 - ACTIVIDADES DE ARQUITECTURA E INGENIERÍA Y ACTIVIDADES CONEXAS DE CONSULTORÍA TÉCNICA | Secundaria 1 - 4100 - CONSTRUCCIÓN DE EDIFICIOS | Secundaria 2 - 4210 - CONSTRUCCIÓN DE CARRETERAS Y VÍAS DE FERROCARRIL,0,0,0,0,23/09/2026 22:47,1,1,1,88.9,Muy alto
20531820542,ARDU INGENIEROS S.A.C.,-,2021,ANCASH,21/06/2010,01/07/2010,2010.0,11.0,0,2021,0,1,1,100000.0,1,1.0,1.0,SOCIEDAD ANONIMA CERRADA,ACTIVO,HABIDO,,ANCASH/SANTA/NUEVO CHIMBOTE,Principal - 4100 - CONSTRUCCIÓN DE EDIFICIOS,2.0,Principal - 4100 - CONSTRUCCIÓN DE EDIFICIOS | Secundaria 1 - 4100 - CONSTRUCCIÓN DE EDIFICIOS,0,0,0,0,23/09/2026 22:47,1,1,1,88.9,Muy alto
20531884435,BROLEYVA CONTRATISTAS GENERALES S.A.C.,-,2021,ANCASH,06/06/2018,06/06/2018,2018.0,3.0,0,2021,0,1,1,100000.0,1,1.0,1.0,SOCIEDAD ANONIMA CERRADA,ACTIVO,HABIDO,,LIMA/LIMA/SAN JUAN DE LURIGANCHO,Principal - 7110 - ACTIVIDADES DE ARQUITECTURA E INGENIERÍA Y ACTIVIDADES CONEXAS DE CONSULTORÍA TÉCNICA,3.0,"Principal - 7110 - ACTIVIDADES DE ARQUITECTURA E INGENIERÍA Y ACTIVIDADES CONEXAS DE CONSULTORÍA TÉCNICA | Secundaria 1 - 4530 - VENTA DE PARTES, PIEZAS Y ACCESORIOS PARA VEHÍCULOS AUTOMOTORES | Secundaria 2 - 8413 - REGULACIÓN Y FACILITACIÓN DE LA ACTIVIDAD ECONÓMICA",0,0,0,0,23/09/2026 22:47,1,1,1,88.9,Muy alto
20533086510,BASSCON CONSTRUCTORES SOCIEDAD ANONIMA CERRADA - BASSCON CONSTRUCTORES S.A.C.,GRUPO BASSCON,2021,ANCASH,08/05/2013,08/05/2013,2013.0,8.0,0,2017,4,1,1,100000.0,1,1.0,1.0,SOCIEDAD ANONIMA CERRADA,ACTIVO,HABIDO,,TACNA/TACNA/CIUDAD NUEVA,Principal - 4290 - CONSTRUCCIÓN DE OTRAS OBRAS DE INGENIERÍA CIVIL,3.0,Principal - 4290 - CONSTRUCCIÓN DE OTRAS OBRAS DE INGENIERÍA CIVIL | Secundaria 1 - 4210 - CONSTRUCCIÓN DE CARRETERAS Y VÍAS DE FERROCARRIL | Secundaria 2 - 4100 - CONSTRUCCIÓN DE EDIFICIOS,0,0,0,0,23/09/2026 22:48,1,1,1,88.9,Muy alto
20533631305,AG GIALSA S.A.C.,-,2021,ANCASH,13/03/2013,13/03/2013,2013.0,8.0,0,2015,6,2,1,100000.0,2,2.0,1.0,SOCIEDAD ANONIMA CERRADA,ACTIVO,HABIDO,,ANCASH/HUARI/SAN MARCOS,Principal - 4100 - CONSTRUCCIÓN DE EDIFICIOS,3.0,Principal - 4100 - CONSTRUCCIÓN DE EDIFICIOS | Secundaria 1 - 7710 - ALQUILER Y ARRENDAMIENTO DE VEHÍCULOS AUTOMOTORES | Secundaria 2 - 7912 - ACTIVIDADES DE OPERADORES TURÍSTICOS,0,0,0,0,23/09/2026 22:48,1,1,1,88.9,Muy alto
20533652213,NEFI CONSTRUCCIONES E.I.R.L.,-,2021,ANCASH,29/04/2013,01/05/2013,2013.0,8.0,0,2021,0,1,1,91303714.42,1,0.0,0.0,EMPRESA INDIVIDUAL DE RESP. LTDA,ACTIVO,HABIDO,,ANCASH/HUARAZ/INDEPENDENCIA,Principal - 4210 - CONSTRUCCIÓN DE CARRETERAS Y VÍAS DE FERROCARRIL,3.0,Principal - 4210 - CONSTRUCCIÓN DE CARRETERAS Y VÍAS DE FERROCARRIL | Secundaria 1 - 4923 - TRANSPORTE DE CARGA POR CARRETERA | Secundaria 2 - 7110 - ACTIVIDADES DE ARQUITECTURA E INGENIERÍA Y ACTIVIDADES CONEXAS DE CONSULTORÍA TÉCNICA,0,0,0,0,23/09/2026 22:48,1,1,1,88.9,Muy alto
20533729615,CORPORACION JUPROG S.R.L.,-,2021,ANCASH,25/11/2013,01/12/2013,2013.0,8.0,0,2021,0,1,1,5101364.06,1,0.0,0.0,SOC.COM.RESPONS. LTDA,ACTIVO,HABIDO,,ANCASH/HUARI/SAN MARCOS,Principal - 4922 - OTRAS ACTIVIDADES DE TRANSPORTE POR VÍA TERRESTRE,3.0,Principal - 4922 - OTRAS ACTIVIDADES DE TRANSPORTE POR VÍA TERRESTRE | Secundaria 1 - 7110 - ACTIVIDADES DE ARQUITECTURA E INGENIERÍA Y ACTIVIDADES CONEXAS DE CONSULTORÍA TÉCNICA | Secundaria 2 - 4100 - CONSTRUCCIÓN DE EDIFICIOS,0,0,0,0,23/09/2026 22:49,1,1,1,88.9,Muy alto
20533751386,EW SOLUCIONES EN INGENIERIA E.I.R.L.,-,2021,ANCASH,05/02/2014,05/02/2014,2014.0,7.0,0,2021,0,1,1,100000.0,1,1.0,1.0,EMPRESA INDIVIDUAL DE RESP. LTDA,ACTIVO,HABIDO,,ANCASH/HUARAZ/INDEPENDENCIA,Principal - 7110 - ACTIVIDADES DE ARQUITECTURA E INGENIERÍA Y ACTIVIDADES CONEXAS DE CONSULTORÍA TÉCNICA,3.0,Principal - 7110 - ACTIVIDADES DE ARQUITECTURA E INGENIERÍA Y ACTIVIDADES CONEXAS DE CONSULTORÍA TÉCNICA | Secundaria 1 - 6202 - CONSULTORÍA DE INFORMÁTICA Y GESTIÓN DE INSTALACIONES INFORMÁTICAS | Secundaria 2 - 4520 - MANTENIMIENTO Y REPARACIÓN DE VEHÍCULOS AUTOMOTORES,0,0,0,0,23/09/2026 22:49,1,1,1,88.9,Muy alto
20533786333,EMPRESA CONSTRUCTORA Y CONSULTORA A&C SOCIEDAD ANONIMA CERRADA.,-,2021,ANCASH,15/05/2014,01/06/2014,2014.0,7.0,0,2021,0,1,1,100000.0,1,1.0,1.0,SOCIEDAD ANONIMA CERRADA,ACTIVO,HABIDO,,ANCASH/HUARAZ/INDEPENDENCIA,"Principal - 4663 - VENTA AL POR MAYOR DE MATERIALES DE CONSTRUCCIÓN, ARTÍCULOS DE FERRETERÍA Y EQUIPO Y MATERIALES DE FONTANERÍA Y CALEFACCIÓN",3.0,"Principal - 4663 - VENTA AL POR MAYOR DE MATERIALES DE CONSTRUCCIÓN, ARTÍCULOS DE FERRETERÍA Y EQUIPO Y MATERIALES DE FONTANERÍA Y CALEFACCIÓN | Secundaria 1 - 4390 - OTRAS ACTIVIDADES ESPECIALIZADAS DE CONSTRUCCIÓN | Secundaria 2 - 0810 - EXTRACCIÓN DE PIEDRA, ARENA Y ARCILLA",0,0,0,0,23/09/2026 22:49,1,1,1,88.9,Muy alto
20533788891,ALLI ALLPA INGENIERIA S.R.L.,-,2021,ANCASH,22/05/2014,22/05/2014,2014.0,7.0,0,2017,4,1,1,46369352.6,1,0.0,0.0,SOC.COM.RESPONS. LTDA,ACTIVO,HABIDO,,ANCASH/HUARAZ/INDEPENDENCIA,Principal - 4100 - CONSTRUCCIÓN DE EDIFICIOS,3.0,"Principal - 4100 - CONSTRUCCIÓN DE EDIFICIOS | Secundaria 1 - 4663 - VENTA AL POR MAYOR DE MATERIALES DE CONSTRUCCIÓN, ARTÍCULOS DE FERRETERÍA Y EQUIPO Y MATERIALES DE FONTANERÍA Y CALEFACCIÓN | Secundaria 2 - 4390 - OTRAS ACTIVIDADES ESPECIALIZADAS DE CONSTRUCCIÓN",0,0,0,0,23/09/2026 22:49,1,1,1,88.9,Muy alto
20534013923,CORPORACION ARIES MINERIA Y CONSTRUCCION S.A.C.,CAMYC S.A.C.,2021,ANCASH,12/11/2007,12/11/2007,2007.0,14.0,0,2012,9,1,1,50302567.76,1,0.0,0.0,SOCIEDAD ANONIMA CERRADA,ACTIVO,HABIDO,,ANCASH/HUARAZ/HUARAZ,Principal - 7110 - ACTIVIDADES DE ARQUITECTURA E INGENIERÍA Y ACTIVIDADES CONEXAS DE CONSULTORÍA TÉCNICA,2.0,Principal - 7110 - ACTIVIDADES DE ARQUITECTURA E INGENIERÍA Y ACTIVIDADES CONEXAS DE CONSULTORÍA TÉCNICA | Secundaria 1 - 4100 - CONSTRUCCIÓN DE EDIFICIOS,0,0,0,0,23/09/2026 22:49,1,1,1,88.9,Muy alto
20534027126,AMD INGENIEROS S.A.C.,-,2021,ANCASH,30/11/2007,01/12/2007,2007.0,14.0,0,2021,0,1,1,8056987.8,1,0.0,0.0,SOCIEDAD ANONIMA CERRADA,ACTIVO,HABIDO,,LIMA/LIMA/SAN JUAN DE LURIGANCHO,Principal - 4390 - OTRAS ACTIVIDADES ESPECIALIZADAS DE CONSTRUCCIÓN,3.0,Principal - 4390 - OTRAS ACTIVIDADES ESPECIALIZADAS DE CONSTRUCCIÓN | Secundaria 1 - 7110 - ACTIVIDADES DE ARQUITECTURA E INGENIERÍA Y ACTIVIDADES CONEXAS DE CONSULTORÍA TÉCNICA | Secundaria 2 - 2599 - FABRICACIÓN DE OTROS PRODUCTOS ELABORADOS DE METAL N.C.P.,0,0,0,0,23/09/2026 22:50,1,1,1,88.9,Muy alto
20534158069,EMPRESA CONSTRUCTORA NUEVA VICTORIA S.R.L.,-,2021,ANCASH,26/05/2008,01/07/2008,2008.0,13.0,0,2016,5,2,1,100000.0,2,2.0,1.0,SOC.COM.RESPONS. LTDA,ACTIVO,HABIDO,,LIMA/LIMA/LOS OLIVOS,Principal - 4290 - CONSTRUCCIÓN DE OTRAS OBRAS DE INGENIERÍA CIVIL,3.0,"Principal - 4290 - CONSTRUCCIÓN DE OTRAS OBRAS DE INGENIERÍA CIVIL | Secundaria 1 - 4923 - TRANSPORTE DE CARGA POR CARRETERA | Secundaria 2 - 7730 - ALQUILER Y ARRENDAMIENTO DE OTROS TIPOS DE MAQUINARIA, EQUIPO Y BIENES TANGIBLES",0,0,0,0,23/09/2026 22:50,1,1,1,88.9,Muy alto
20534166240,SCORPION CONTRATISTAS GENERALES S.A.C.,-,2021,ANCASH,26/06/2019,01/07/2019,2019.0,2.0,0,2020,1,1,2,37096894.14,1,0.0,0.0,SOCIEDAD ANONIMA CERRADA,ACTIVO,HABIDO,,LIMA/LIMA/LOS OLIVOS,Principal - 4210 - CONSTRUCCIÓN DE CARRETERAS Y VÍAS DE FERROCARRIL,3.0,"Principal - 4210 - CONSTRUCCIÓN DE CARRETERAS Y VÍAS DE FERROCARRIL | Secundaria 1 - 4663 - VENTA AL POR MAYOR DE MATERIALES DE CONSTRUCCIÓN, ARTÍCULOS DE FERRETERÍA Y EQUIPO Y MATERIALES DE FONTANERÍA Y CALEFACCIÓN | Secundaria 2 - 7730 - ALQUILER Y ARRENDAMIENTO DE OTROS TIPOS DE MAQUINARIA, EQUIPO Y BIENES TANGIBLES",0,0,0,0,23/09/2026 22:50,1,1,1,88.9,Muy alto
20534171910,CONSORCIO CORAMI E.I.R.L.,-,2021,ANCASH,13/06/2008,13/06/2008,2008.0,13.0,0,2014,7,1,1,100000.0,1,1.0,1.0,EMPRESA INDIVIDUAL DE RESP. LTDA,ACTIVO,HABIDO,,ANCASH/HUARAZ/HUARAZ,Principal - 4100 - CONSTRUCCIÓN DE EDIFICIOS,3.0,"Principal - 4100 - CONSTRUCCIÓN DE EDIFICIOS | Secundaria 1 - 4923 - TRANSPORTE DE CARGA POR CARRETERA | Secundaria 2 - 4663 - VENTA AL POR MAYOR DE MATERIALES DE CONSTRUCCIÓN, ARTÍCULOS DE FERRETERÍA Y EQUIPO Y MATERIALES DE FONTANERÍA Y CALEFACCIÓN",0,0,0,0,23/09/2026 22:50,1,1,1,88.9,Muy alto
20534197986,CONSTRUCTORA & FERRETERIA WW E.I.R.L.,-,2021,ANCASH,26/07/2008,01/08/2008,2008.0,13.0,0,2021,0,1,1,261390982.44,1,0.0,0.0,EMPRESA INDIVIDUAL DE RESP. LTDA,ACTIVO,HABIDO,,ANCASH/HUARI/SAN MARCOS,"Principal - 4663 - VENTA AL POR MAYOR DE MATERIALES DE CONSTRUCCIÓN, ARTÍCULOS DE FERRETERÍA Y EQUIPO Y MATERIALES DE FONTANERÍA Y CALEFACCIÓN",3.0,"Principal - 4663 - VENTA AL POR MAYOR DE MATERIALES DE CONSTRUCCIÓN, ARTÍCULOS DE FERRETERÍA Y EQUIPO Y MATERIALES DE FONTANERÍA Y CALEFACCIÓN | Secundaria 1 - 4100 - CONSTRUCCIÓN DE EDIFICIOS | Secundaria 2 - 4923 - TRANSPORTE DE CARGA POR CARRETERA",0,0,0,0,23/09/2026 22:50,1,1,1,88.9,Muy alto
20541445553,GRUPO INGENIERIA J&C SOCIEDAD ANONIMA CERRADA- GRUPO INGENIERIA J&C S.A.C.,-,2021,ANCASH,24/12/2010,24/12/2010,2010.0,11.0,0,2021,0,1,1,350000.0,1,1.0,1.0,SOCIEDAD ANONIMA CERRADA,ACTIVO,HABIDO,,JUNIN/HUANCAYO/HUANCAYO,Principal - 7110 - ACTIVIDADES DE ARQUITECTURA E INGENIERÍA Y ACTIVIDADES CONEXAS DE CONSULTORÍA TÉCNICA,3.0,"Principal - 7110 - ACTIVIDADES DE ARQUITECTURA E INGENIERÍA Y ACTIVIDADES CONEXAS DE CONSULTORÍA TÉCNICA | Secundaria 1 - 4100 - CONSTRUCCIÓN DE EDIFICIOS | Secundaria 2 - 7730 - ALQUILER Y ARRENDAMIENTO DE OTROS TIPOS DE MAQUINARIA, EQUIPO Y BIENES TANGIBLES",0,0,0,0,23/09/2026 22:53,1,1,1,88.9,Muy alto
20541706454,GRUPO D & E INGENIERIA Y CONSTRUCCION S.R.L.,-,2021,ANCASH,13/07/2012,01/07/2012,2012.0,9.0,0,2019,2,2,2,45545770.24,2,0.0,0.0,SOC.COM.RESPONS. LTDA,ACTIVO,HABIDO,,LIMA/LIMA/JESUS MARIA,"Principal - 4663 - VENTA AL POR MAYOR DE MATERIALES DE CONSTRUCCIÓN, ARTÍCULOS DE FERRETERÍA Y EQUIPO Y MATERIALES DE FONTANERÍA Y CALEFACCIÓN",3.0,"Principal - 4663 - VENTA AL POR MAYOR DE MATERIALES DE CONSTRUCCIÓN, ARTÍCULOS DE FERRETERÍA Y EQUIPO Y MATERIALES DE FONTANERÍA Y CALEFACCIÓN | Secundaria 1 - 4100 - CONSTRUCCIÓN DE EDIFICIOS | Secundaria 2 - 4220 - CONSTRUCCIÓN DE PROYECTOS DE SERVICIO PÚBLICO",0,0,0,0,23/09/2026 22:54,1,1,1,88.9,Muy alto
20542030802,MACOS CONSTRUCTORA Y CONSULTORA S.A.C.,-,2021,ANCASH,22/10/2010,22/10/2010,2010.0,11.0,0,2011,10,1,1,100000.0,1,1.0,1.0,SOCIEDAD ANONIMA CERRADA,BAJA DE OFICIO,HABIDO,31/10/2025,ANCASH/HUARAZ/INDEPENDENCIA,Principal - 4100 - CONSTRUCCIÓN DE EDIFICIOS,3.0,"Principal - 4100 - CONSTRUCCIÓN DE EDIFICIOS | Secundaria 1 - 4719 - OTRAS ACTIVIDADES DE VENTA AL POR MENOR EN COMERCIOS NO ESPECIALIZADOS | Secundaria 2 - 4663 - VENTA AL POR MAYOR DE MATERIALES DE CONSTRUCCIÓN, ARTÍCULOS DE FERRETERÍA Y EQUIPO Y MATERIALES DE FONTANERÍA Y CALEFACCIÓN",0,0,0,0,23/09/2026 22:54,1,1,1,88.9,Muy alto
20542040786,TFD CORPORATION S.R.L.,-,2021,ANCASH,11/11/2010,11/11/2010,2010.0,11.0,0,2021,0,1,1,100000.0,1,1.0,1.0,SOC.COM.RESPONS. LTDA,SUSPENSION TEMPORAL,NO HABIDO,,ANCASH/HUARAZ/INDEPENDENCIA,"Principal - 7730 - ALQUILER Y ARRENDAMIENTO DE OTROS TIPOS DE MAQUINARIA, EQUIPO Y BIENES TANGIBLES",2.0,"Principal - 7730 - ALQUILER Y ARRENDAMIENTO DE OTROS TIPOS DE MAQUINARIA, EQUIPO Y BIENES TANGIBLES | Secundaria 1 - 4781 - VENTA AL POR MENOR DE ALIMENTOS, BEBIDAS Y TABACO EN PUESTOS DE VENTA Y MERCADOS",0,0,0,0,23/09/2026 22:54,1,1,1,88.9,Muy alto
20542049228,CORPORATION OF DEVELOPMENT AND TECHNOLOGY S.A.C. - CODETECH S.A.C.,CODETECH S.A.C.,2021,ANCASH,25/11/2010,08/01/2012,2012.0,9.0,0,2017,4,1,1,100000.0,1,1.0,1.0,SOCIEDAD ANONIMA CERRADA,ACTIVO,HABIDO,,ANCASH/HUARAZ/INDEPENDENCIA,Principal - 4100 - CONSTRUCCIÓN DE EDIFICIOS,3.0,"Principal - 4100 - CONSTRUCCIÓN DE EDIFICIOS | Secundaria 1 - 7020 - ACTIVIDADES DE CONSULTORÍA DE GESTIÓN | Secundaria 2 - 4752 - VENTA AL POR MENOR DE ARTÍCULOS DE FERRETERÍA, PINTURAS Y PRODUCTOS DE VIDRIO EN COMERCIOS ESPECIALIZADOS",1,0,0,0,23/09/2026 22:54,1,1,1,88.9,Muy alto
20542132982,ARGUS COMPANY E.I.R.L.,--,2021,ANCASH,24/02/2011,01/03/2011,2011.0,10.0,0,2019,2,1,1,100000.0,1,1.0,1.0,EMPRESA INDIVIDUAL DE RESP. LTDA,BAJA DE OFICIO,HABIDO,31/10/2024,ANCASH/HUARAZ/INDEPENDENCIA,"Principal - 4663 - VENTA AL POR MAYOR DE MATERIALES DE CONSTRUCCIÓN, ARTÍCULOS DE FERRETERÍA Y EQUIPO Y MATERIALES DE FONTANERÍA Y CALEFACCIÓN",3.0,"Principal - 4663 - VENTA AL POR MAYOR DE MATERIALES DE CONSTRUCCIÓN, ARTÍCULOS DE FERRETERÍA Y EQUIPO Y MATERIALES DE FONTANERÍA Y CALEFACCIÓN | Secundaria 1 - 7110 - ACTIVIDADES DE ARQUITECTURA E INGENIERÍA Y ACTIVIDADES CONEXAS DE CONSULTORÍA TÉCNICA | Secundaria 2 - 4390 - OTRAS ACTIVIDADES ESPECIALIZADAS DE CONSTRUCCIÓN",0,0,0,0,23/09/2026 22:54,1,1,1,88.9,Muy alto
20542141116,CONSORCIO INTEGRAL E & S E.I.R.L.,-,2021,ANCASH,03/03/2011,03/03/2011,2011.0,10.0,0,2020,1,1,1,100000.0,1,1.0,1.0,EMPRESA INDIVIDUAL DE RESP. LTDA,ACTIVO,HABIDO,,ANCASH/HUARAZ/HUARAZ,Principal - 4100 - CONSTRUCCIÓN DE EDIFICIOS,3.0,"Principal - 4100 - CONSTRUCCIÓN DE EDIFICIOS | Secundaria 1 - 4663 - VENTA AL POR MAYOR DE MATERIALES DE CONSTRUCCIÓN, ARTÍCULOS DE FERRETERÍA Y EQUIPO Y MATERIALES DE FONTANERÍA Y CALEFACCIÓN | Secundaria 2 - 4661 - VENTA AL POR MAYOR DE COMBUSTIBLES SÓLIDOS, LÍQUIDOS Y GASEOSOS Y PRODUCTOS CONEXOS",0,0,0,0,23/09/2026 22:54,1,1,1,88.9,Muy alto
20542191059,DAMBEZ COMPANY E.I.R.L.,-,2021,ANCASH,07/05/2011,17/12/2011,2011.0,10.0,0,2020,1,5,2,163445326.5,5,0.0,0.0,EMPRESA INDIVIDUAL DE RESP. LTDA,ACTIVO,HABIDO,,ANCASH/HUARAZ/INDEPENDENCIA,Principal - 4290 - CONSTRUCCIÓN DE OTRAS OBRAS DE INGENIERÍA CIVIL,3.0,Principal - 4290 - CONSTRUCCIÓN DE OTRAS OBRAS DE INGENIERÍA CIVIL | Secundaria 1 - 4220 - CONSTRUCCIÓN DE PROYECTOS DE SERVICIO PÚBLICO | Secundaria 2 - 7110 - ACTIVIDADES DE ARQUITECTURA E INGENIERÍA Y ACTIVIDADES CONEXAS DE CONSULTORÍA TÉCNICA,0,1,0,0,23/09/2026 22:55,1,1,1,88.9,Muy alto
20542438984,CASTILLO DORADO S.A.C.,-,2021,ANCASH,21/12/2011,01/03/2012,2012.0,9.0,0,2013,8,1,1,100000.0,1,1.0,1.0,SOCIEDAD ANONIMA CERRADA,ACTIVO,HABIDO,,LIMA/LIMA/SAN BORJA,Principal - 6810 - ACTIVIDADES INMOBILIARIAS REALIZADAS CON BIENES PROPIOS O ARRENDADOS,3.0,"Principal - 6810 - ACTIVIDADES INMOBILIARIAS REALIZADAS CON BIENES PROPIOS O ARRENDADOS | Secundaria 1 - 4100 - CONSTRUCCIÓN DE EDIFICIOS | Secundaria 2 - 4663 - VENTA AL POR MAYOR DE MATERIALES DE CONSTRUCCIÓN, ARTÍCULOS DE FERRETERÍA Y EQUIPO Y MATERIALES DE FONTANERÍA Y CALEFACCIÓN",0,0,0,0,23/09/2026 22:55,1,1,1,88.9,Muy alto
20544063392,PMV S.A.C.,-,2021,ANCASH,05/07/2011,05/07/2011,2011.0,10.0,0,2021,0,1,1,100000.0,1,1.0,1.0,SOCIEDAD ANONIMA CERRADA,ACTIVO,HABIDO,,ANCASH/HUARI/CHAVIN DE HUANTAR,Principal - 4100 - CONSTRUCCIÓN DE EDIFICIOS,3.0,"Principal - 4100 - CONSTRUCCIÓN DE EDIFICIOS | Secundaria 1 - 4663 - VENTA AL POR MAYOR DE MATERIALES DE CONSTRUCCIÓN, ARTÍCULOS DE FERRETERÍA Y EQUIPO Y MATERIALES DE FONTANERÍA Y CALEFACCIÓN | Secundaria 2 - 4761 - VENTA AL POR MENOR DE LIBROS, PERIÓDICOS Y ARTÍCULOS DE PAPELERÍA EN COMERCIOS ESPECIALIZADOS",1,0,0,0,23/09/2026 22:56,1,1,1,88.9,Muy alto
20549761608,B & B GENERAL CONTRACTORS S.A.C.,-,2021,ANCASH,26/09/2012,01/10/2012,2012.0,9.0,0,2018,3,1,1,100000.0,1,1.0,1.0,SOCIEDAD ANONIMA CERRADA,BAJA DE OFICIO,HABIDO,30/04/2026,LIMA/LIMA/CARABAYLLO,Principal - 4100 - CONSTRUCCIÓN DE EDIFICIOS,3.0,Principal - 4100 - CONSTRUCCIÓN DE EDIFICIOS | Secundaria 1 - 7110 - ACTIVIDADES DE ARQUITECTURA E INGENIERÍA Y ACTIVIDADES CONEXAS DE CONSULTORÍA TÉCNICA | Secundaria 2 - 4390 - OTRAS ACTIVIDADES ESPECIALIZADAS DE CONSTRUCCIÓN,0,0,0,0,23/09/2026 22:57,1,1,1,88.9,Muy alto
20569181756,CONSTRUCTORA DIJEMACO S.A.C.,-,2021,ANCASH,04/09/2013,01/09/2013,2013.0,8.0,0,2015,6,1,1,64444778.98,1,0.0,0.0,SOCIEDAD ANONIMA CERRADA,ACTIVO,HABIDO,,ANCASH/SANTA/CHIMBOTE,"Principal - 4663 - VENTA AL POR MAYOR DE MATERIALES DE CONSTRUCCIÓN, ARTÍCULOS DE FERRETERÍA Y EQUIPO Y MATERIALES DE FONTANERÍA Y CALEFACCIÓN",2.0,"Principal - 4663 - VENTA AL POR MAYOR DE MATERIALES DE CONSTRUCCIÓN, ARTÍCULOS DE FERRETERÍA Y EQUIPO Y MATERIALES DE FONTANERÍA Y CALEFACCIÓN | Secundaria 2 - 7730 - ALQUILER Y ARRENDAMIENTO DE OTROS TIPOS DE MAQUINARIA, EQUIPO Y BIENES TANGIBLES",0,0,0,0,23/09/2026 23:01,1,1,1,88.9,Muy alto
20571135885,YAEV E.I.R.L.,-,2021,ANCASH,09/07/2011,09/07/2011,2011.0,10.0,0,2021,0,4,1,202433902.0,4,0.0,0.0,EMPRESA INDIVIDUAL DE RESP. LTDA,ACTIVO,HABIDO,,LIMA/LIMA/SANTIAGO DE SURCO,Principal - 4100 - CONSTRUCCIÓN DE EDIFICIOS,3.0,"Principal - 4100 - CONSTRUCCIÓN DE EDIFICIOS | Secundaria 1 - 7110 - ACTIVIDADES DE ARQUITECTURA E INGENIERÍA Y ACTIVIDADES CONEXAS DE CONSULTORÍA TÉCNICA | Secundaria 2 - 7730 - ALQUILER Y ARRENDAMIENTO DE OTROS TIPOS DE MAQUINARIA, EQUIPO Y BIENES TANGIBLES",1,0,0,0,23/09/2026 23:02,1,1,1,88.9,Muy alto
20571184151,CONTRATISTAS GENERALES WINDSOR S.R.L.,-,2021,ANCASH,05/10/2011,01/12/2011,2011.0,10.0,0,2019,2,2,1,500000.0,2,2.0,1.0,SOC.COM.RESPONS. LTDA,ACTIVO,HABIDO,,LIMA/LIMA/SAN ISIDRO,Principal - 7110 - ACTIVIDADES DE ARQUITECTURA E INGENIERÍA Y ACTIVIDADES CONEXAS DE CONSULTORÍA TÉCNICA,3.0,"Principal - 7110 - ACTIVIDADES DE ARQUITECTURA E INGENIERÍA Y ACTIVIDADES CONEXAS DE CONSULTORÍA TÉCNICA | Secundaria 1 - 4799 - OTRAS ACTIVIDADES DE VENTA AL POR MENOR NO REALIZADAS EN COMERCIOS, PUESTOS DE VENTA O MERCADOS | Secundaria 2 - 4210 - CONSTRUCCIÓN DE CARRETERAS Y VÍAS DE FERROCARRIL",0,0,0,0,23/09/2026 23:02,1,1,1,88.9,Muy alto
20571238269,GOLDTIME INGENIEROS E.I.R.L.,-,2021,ANCASH,14/01/2012,01/02/2012,2012.0,9.0,0,2021,0,1,1,100000.0,1,1.0,1.0,EMPRESA INDIVIDUAL DE RESP. LTDA,ACTIVO,NO HABIDO,,ANCASH/HUARAZ/HUARAZ,Principal - 4100 - CONSTRUCCIÓN DE EDIFICIOS,3.0,"Principal - 4100 - CONSTRUCCIÓN DE EDIFICIOS | Secundaria 1 - 7110 - ACTIVIDADES DE ARQUITECTURA E INGENIERÍA Y ACTIVIDADES CONEXAS DE CONSULTORÍA TÉCNICA | Secundaria 2 - 7730 - ALQUILER Y ARRENDAMIENTO DE OTROS TIPOS DE MAQUINARIA, EQUIPO Y BIENES TANGIBLES",1,0,0,0,23/09/2026 23:02,1,1,1,88.9,Muy alto
20571250552,MULTISERVICIOS SHAYWA S.R.L.,-,2021,ANCASH,21/08/2019,21/08/2019,2019.0,2.0,0,2021,0,1,1,100000.0,1,1.0,1.0,SOC.COM.RESPONS. LTDA,ACTIVO,HABIDO,,ANCASH/HUARAZ/INDEPENDENCIA,"Principal - 4663 - VENTA AL POR MAYOR DE MATERIALES DE CONSTRUCCIÓN, ARTÍCULOS DE FERRETERÍA Y EQUIPO Y MATERIALES DE FONTANERÍA Y CALEFACCIÓN",3.0,"Principal - 4663 - VENTA AL POR MAYOR DE MATERIALES DE CONSTRUCCIÓN, ARTÍCULOS DE FERRETERÍA Y EQUIPO Y MATERIALES DE FONTANERÍA Y CALEFACCIÓN | Secundaria 1 - 4290 - CONSTRUCCIÓN DE OTRAS OBRAS DE INGENIERÍA CIVIL | Secundaria 2 - 4659 - VENTA AL POR MAYOR DE OTROS TIPOS DE MAQUINARIA Y EQUIPO",0,0,0,0,23/09/2026 23:02,1,1,1,88.9,Muy alto
20571288363,CONSULTORES & EJECUTORES DAED S.A.C.,DAED S.A.C.,2021,ANCASH,23/03/2012,23/03/2012,2012.0,9.0,0,2021,0,1,1,42311408.56,1,0.0,0.0,SOCIEDAD ANONIMA CERRADA,ACTIVO,HABIDO,,ANCASH/HUARAZ/HUARAZ,Principal - 4100 - CONSTRUCCIÓN DE EDIFICIOS,3.0,"Principal - 4100 - CONSTRUCCIÓN DE EDIFICIOS | Secundaria 1 - 4663 - VENTA AL POR MAYOR DE MATERIALES DE CONSTRUCCIÓN, ARTÍCULOS DE FERRETERÍA Y EQUIPO Y MATERIALES DE FONTANERÍA Y CALEFACCIÓN | Secundaria 2 - 4922 - OTRAS ACTIVIDADES DE TRANSPORTE POR VÍA TERRESTRE",0,0,0,0,23/09/2026 23:02,1,1,1,88.9,Muy alto
20571309891,CONSTRUCTORA FORTALEZA TLF E.I.R.L.,-,2021,ANCASH,11/05/2017,12/05/2017,2017.0,4.0,0,2017,4,1,1,100000.0,1,1.0,1.0,EMPRESA INDIVIDUAL DE RESP. LTDA,ACTIVO,HABIDO,,ANCASH/HUARAZ/HUARAZ,Principal - 4100 - CONSTRUCCIÓN DE EDIFICIOS,3.0,"Principal - 4100 - CONSTRUCCIÓN DE EDIFICIOS | Secundaria 1 - 7730 - ALQUILER Y ARRENDAMIENTO DE OTROS TIPOS DE MAQUINARIA, EQUIPO Y BIENES TANGIBLES | Secundaria 2 - 7110 - ACTIVIDADES DE ARQUITECTURA E INGENIERÍA Y ACTIVIDADES CONEXAS DE CONSULTORÍA TÉCNICA",0,0,0,0,23/09/2026 23:02,1,1,1,88.9,Muy alto
20571395283,INVERSIONES EVZA S.R.L.,-,2021,ANCASH,11/09/2012,01/10/2012,2012.0,9.0,0,2013,8,4,1,60678436.15,4,0.0,0.0,SOC.COM.RESPONS. LTDA,ACTIVO,HABIDO,,HUANUCO/HUANUCO/HUANUCO,Principal - 4100 - CONSTRUCCIÓN DE EDIFICIOS,3.0,"Principal - 4100 - CONSTRUCCIÓN DE EDIFICIOS | Secundaria 1 - 4663 - VENTA AL POR MAYOR DE MATERIALES DE CONSTRUCCIÓN, ARTÍCULOS DE FERRETERÍA Y EQUIPO Y MATERIALES DE FONTANERÍA Y CALEFACCIÓN | Secundaria 2 - 4923 - TRANSPORTE DE CARGA POR CARRETERA",0,0,0,0,23/09/2026 23:02,1,1,1,88.9,Muy alto
20571395364,CINVEC S.A.C.,LABORATORIO GEOSCINVEC,2021,ANCASH,11/09/2012,01/10/2012,2012.0,9.0,0,2017,4,2,1,100000.0,2,2.0,1.0,SOCIEDAD ANONIMA CERRADA,ACTIVO,HABIDO,,ANCASH/HUARAZ/INDEPENDENCIA,Principal - 4100 - CONSTRUCCIÓN DE EDIFICIOS,3.0,"Principal - 4100 - CONSTRUCCIÓN DE EDIFICIOS | Secundaria 1 - 4663 - VENTA AL POR MAYOR DE MATERIALES DE CONSTRUCCIÓN, ARTÍCULOS DE FERRETERÍA Y EQUIPO Y MATERIALES DE FONTANERÍA Y CALEFACCIÓN | Secundaria 2 - 7110 - ACTIVIDADES DE ARQUITECTURA E INGENIERÍA Y ACTIVIDADES CONEXAS DE CONSULTORÍA TÉCNICA",0,0,0,0,23/09/2026 23:02,1,1,1,88.9,Muy alto
20600403207,DADEMA CONSTRUCTORA S.A.C.,-,2021,ANCASH,26/05/2015,01/06/2015,2015.0,6.0,0,2021,0,1,1,100000.0,1,1.0,1.0,SOCIEDAD ANONIMA CERRADA,ACTIVO,HABIDO,,ANCASH/HUARAZ/INDEPENDENCIA,Principal - 4923 - TRANSPORTE DE CARGA POR CARRETERA,3.0,"Principal - 4923 - TRANSPORTE DE CARGA POR CARRETERA | Secundaria 1 - 4100 - CONSTRUCCIÓN DE EDIFICIOS | Secundaria 2 - 4663 - VENTA AL POR MAYOR DE MATERIALES DE CONSTRUCCIÓN, ARTÍCULOS DE FERRETERÍA Y EQUIPO Y MATERIALES DE FONTANERÍA Y CALEFACCIÓN",0,0,0,0,23/09/2026 23:08,1,1,1,88.9,Muy alto
20600683650,CORPORACION DIAMANTE JUBERS S.A.C.,-,2021,ANCASH,21/09/2015,21/09/2015,2015.0,6.0,0,2019,2,2,2,2157432332.42,2,0.0,0.0,SOCIEDAD ANONIMA CERRADA,ACTIVO,HABIDO,,LIMA/LIMA/LINCE,Principal - 4100 - CONSTRUCCIÓN DE EDIFICIOS,3.0,"Principal - 4100 - CONSTRUCCIÓN DE EDIFICIOS | Secundaria 1 - 4663 - VENTA AL POR MAYOR DE MATERIALES DE CONSTRUCCIÓN, ARTÍCULOS DE FERRETERÍA Y EQUIPO Y MATERIALES DE FONTANERÍA Y CALEFACCIÓN | Secundaria 2 - 7730 - ALQUILER Y ARRENDAMIENTO DE OTROS TIPOS DE MAQUINARIA, EQUIPO Y BIENES TANGIBLES",3,0,0,0,23/09/2026 23:10,1,1,1,88.9,Muy alto
20600770226,CONSTRUCTORA BAYLON E.I.R.L.,-,2021,ANCASH,29/10/2015,01/11/2015,2015.0,6.0,0,2017,4,1,1,100000.0,1,1.0,1.0,EMPRESA INDIVIDUAL DE RESP. LTDA,BAJA DE OFICIO,HABIDO,30/06/2026,ANCASH/HUARI/HUACCHIS,"Principal - 7730 - ALQUILER Y ARRENDAMIENTO DE OTROS TIPOS DE MAQUINARIA, EQUIPO Y BIENES TANGIBLES",3.0,"Principal - 7730 - ALQUILER Y ARRENDAMIENTO DE OTROS TIPOS DE MAQUINARIA, EQUIPO Y BIENES TANGIBLES | Secundaria 1 - 4100 - CONSTRUCCIÓN DE EDIFICIOS | Secundaria 2 - 4663 - VENTA AL POR MAYOR DE MATERIALES DE CONSTRUCCIÓN, ARTÍCULOS DE FERRETERÍA Y EQUIPO Y MATERIALES DE FONTANERÍA Y CALEFACCIÓN",0,0,0,0,23/09/2026 23:10,1,1,1,88.9,Muy alto
20601052980,PETROSERVICIOS & CONSTRUCTORA RAMIREZ S.R.L.,-,2021,ANCASH,02/03/2016,01/05/2016,2016.0,5.0,0,2021,0,1,1,100000.0,1,1.0,1.0,SOC.COM.RESPONS. LTDA,ACTIVO,HABIDO,,ANCASH/CARHUAZ/YUNGAR,Principal - 4730 - VENTA AL POR MENOR DE COMBUSTIBLES PARA VEHÍCULOS AUTOMOTORES EN COMERCIOS ESPECIALIZADOS,3.0,"Principal - 4730 - VENTA AL POR MENOR DE COMBUSTIBLES PARA VEHÍCULOS AUTOMOTORES EN COMERCIOS ESPECIALIZADOS | Secundaria 1 - 7730 - ALQUILER Y ARRENDAMIENTO DE OTROS TIPOS DE MAQUINARIA, EQUIPO Y BIENES TANGIBLES | Secundaria 2 - 4752 - VENTA AL POR MENOR DE ARTÍCULOS DE FERRETERÍA, PINTURAS Y PRODUCTOS DE VIDRIO EN COMERCIOS ESPECIALIZADOS",0,0,0,0,23/09/2026 23:11,1,1,1,88.9,Muy alto
20601175411,CRASSUS CONTRATISTAS S.A.C.,-,2021,ANCASH,22/04/2016,22/04/2016,2016.0,5.0,0,2021,0,1,1,100000.0,1,1.0,1.0,SOCIEDAD ANONIMA CERRADA,BAJA DE OFICIO,HABIDO,30/01/2026,LA LIBERTAD/TRUJILLO/MOCHE,Principal - 4100 - CONSTRUCCIÓN DE EDIFICIOS,2.0,"Principal - 4100 - CONSTRUCCIÓN DE EDIFICIOS | Secundaria 1 - 4663 - VENTA AL POR MAYOR DE MATERIALES DE CONSTRUCCIÓN, ARTÍCULOS DE FERRETERÍA Y EQUIPO Y MATERIALES DE FONTANERÍA Y CALEFACCIÓN",2,0,0,0,23/09/2026 23:12,1,1,1,88.9,Muy alto
20601568561,ECCARE S.A.C.,-,2021,ANCASH,11/10/2016,11/10/2016,2016.0,5.0,0,2018,3,1,1,10484446.96,1,0.0,0.0,SOCIEDAD ANONIMA CERRADA,ACTIVO,HABIDO,,ANCASH/HUARAZ/INDEPENDENCIA,Principal - 4100 - CONSTRUCCIÓN DE EDIFICIOS,3.0,Principal - 4100 - CONSTRUCCIÓN DE EDIFICIOS | Secundaria 1 - 7710 - ALQUILER Y ARRENDAMIENTO DE VEHÍCULOS AUTOMOTORES | Secundaria 2 - 4649 - VENTA AL POR MAYOR DE OTROS ENSERES DOMÉSTICOS,0,0,0,0,23/09/2026 23:14,1,1,1,88.9,Muy alto
20602541216,F & R CONSULTORES Y EJECUTORES E.I.R.L.,-,2021,ANCASH,14/10/2017,14/10/2017,2017.0,4.0,0,2021,0,1,1,100000.0,1,1.0,1.0,EMPRESA INDIVIDUAL DE RESP. LTDA,ACTIVO,HABIDO,,SAN MARTIN/SAN MARTIN/TARAPOTO,Principal - 4321 - INSTALACIONES ELÉCTRICAS,3.0,"Principal - 4321 - INSTALACIONES ELÉCTRICAS | Secundaria 1 - 4220 - CONSTRUCCIÓN DE PROYECTOS DE SERVICIO PÚBLICO | Secundaria 2 - 4752 - VENTA AL POR MENOR DE ARTÍCULOS DE FERRETERÍA, PINTURAS Y PRODUCTOS DE VIDRIO EN COMERCIOS ESPECIALIZADOS",0,0,0,0,23/09/2026 23:17,1,1,1,88.9,Muy alto
20603092440,NEGOCIOS PARIS SAINT E.I.R.L.,-,2021,ANCASH,12/04/2018,12/04/2018,2018.0,3.0,0,2021,0,1,1,24687085.2,1,0.0,0.0,EMPRESA INDIVIDUAL DE RESP. LTDA,ACTIVO,HABIDO,,ANCASH/HUARAZ/INDEPENDENCIA,"Principal - 4652 - VENTA AL POR MAYOR DE EQUIPO, PARTES Y PIEZAS ELECTRÓNICOS Y DE TELECOMUNICACIONES",3.0,"Principal - 4652 - VENTA AL POR MAYOR DE EQUIPO, PARTES Y PIEZAS ELECTRÓNICOS Y DE TELECOMUNICACIONES | Secundaria 1 - 7730 - ALQUILER Y ARRENDAMIENTO DE OTROS TIPOS DE MAQUINARIA, EQUIPO Y BIENES TANGIBLES | Secundaria 2 - 4100 - CONSTRUCCIÓN DE EDIFICIOS",0,0,0,0,23/09/2026 23:18,1,1,1,88.9,Muy alto
20603321309,MABER CONSTRUCCIONES SOCIEDAD ANONIMA CERRADA,-,2021,ANCASH,22/06/2018,01/07/2018,2018.0,3.0,0,2018,3,1,1,22828820.72,1,0.0,0.0,SOCIEDAD ANONIMA CERRADA,ACTIVO,HABIDO,,LIMA/LIMA/SAN JUAN DE LURIGANCHO,Principal - 4100 - CONSTRUCCIÓN DE EDIFICIOS,1.0,Principal - 4100 - CONSTRUCCIÓN DE EDIFICIOS,0,0,0,0,23/09/2026 23:19,1,1,1,88.9,Muy alto
20604232610,CORPORACION AKYLES E.I.R.L.,-,2021,ANCASH,20/01/2026,20/01/2026,2026.0,,1,2021,0,1,1,100000.0,1,1.0,1.0,EMPRESA INDIVIDUAL DE RESP. LTDA,ACTIVO,HABIDO,,ANCASH/HUARAZ/INDEPENDENCIA,Principal - 4100 - CONSTRUCCIÓN DE EDIFICIOS,1.0,Principal - 4100 - CONSTRUCCIÓN DE EDIFICIOS,0,0,0,0,23/09/2026 23:20,1,1,1,88.9,Muy alto
20605871420,LORENS CONSTRUCTOR E.I.R.L.,-,2021,ANCASH,06/02/2020,06/02/2020,2020.0,1.0,0,2021,0,1,1,100000.0,1,1.0,1.0,EMPRESA INDIVIDUAL DE RESP. LTDA,SUSPENSION TEMPORAL,HABIDO,,ANCASH/HUARI/SAN MARCOS,Principal - 8423 - ACTIVIDADES DE MANTENIMIENTO DEL ORDEN PÚBLICO Y DE SEGURIDAD,3.0,Principal - 8423 - ACTIVIDADES DE MANTENIMIENTO DEL ORDEN PÚBLICO Y DE SEGURIDAD | Secundaria 1 - 4100 - CONSTRUCCIÓN DE EDIFICIOS | Secundaria 2 - 4220 - CONSTRUCCIÓN DE PROYECTOS DE SERVICIO PÚBLICO,0,0,0,0,23/09/2026 23:24,1,1,1,88.9,Muy alto
20605992146,INVERSIONES KENDER S.R.L.,-,2021,ANCASH,03/03/2020,03/03/2020,2020.0,1.0,0,2021,0,1,1,100000.0,1,1.0,1.0,SOC.COM.RESPONS. LTDA,BAJA PROV. POR OFICIO,NO HALLADO,31/07/2026,ANCASH/HUARAZ/HUARAZ,Principal - 4290 - CONSTRUCCIÓN DE OTRAS OBRAS DE INGENIERÍA CIVIL,3.0,"Principal - 4290 - CONSTRUCCIÓN DE OTRAS OBRAS DE INGENIERÍA CIVIL | Secundaria 1 - 4663 - VENTA AL POR MAYOR DE MATERIALES DE CONSTRUCCIÓN, ARTÍCULOS DE FERRETERÍA Y EQUIPO Y MATERIALES DE FONTANERÍA Y CALEFACCIÓN | Secundaria 2 - 4923 - TRANSPORTE DE CARGA POR CARRETERA",0,0,0,0,23/09/2026 23:24,1,1,1,88.9,Muy alto
20606854081,GRUPO LOS VELOCES DE LA CONSTRUCCION E.I.R.L.,GRUPO LOS VELOCES,2021,ANCASH,09/11/2020,01/12/2020,2020.0,1.0,0,2021,0,1,1,330975.88,1,1.0,1.0,EMPRESA INDIVIDUAL DE RESP. LTDA,ACTIVO,HABIDO,,ANCASH/HUARAZ/HUARAZ,Principal - 4100 - CONSTRUCCIÓN DE EDIFICIOS,3.0,"Principal - 4100 - CONSTRUCCIÓN DE EDIFICIOS | Secundaria 1 - 4752 - VENTA AL POR MENOR DE ARTÍCULOS DE FERRETERÍA, PINTURAS Y PRODUCTOS DE VIDRIO EN COMERCIOS ESPECIALIZADOS | Secundaria 2 - 9609 - OTRAS ACTIVIDADES DE SERVICIOS PERSONALES N.C.P.",0,0,0,0,23/09/2026 23:25,1,1,1,88.9,Muy alto
20608456857,CONSTRUCTORA E INMOBILIARIA RAZON S.A.C.,-,2021,ANCASH,08/09/2021,27/09/2021,2021.0,0.0,0,2021,0,1,1,100000.0,1,1.0,1.0,SOCIEDAD ANONIMA CERRADA,SUSPENSION TEMPORAL,HABIDO,,LIMA/LIMA/LIMA,Principal - 4100 - CONSTRUCCIÓN DE EDIFICIOS,1.0,Principal - 4100 - CONSTRUCCIÓN DE EDIFICIOS,0,0,0,0,23/09/2026 23:27,1,1,1,88.9,Muy alto
20608495267,EMPRESA CONSTRUCTORA CHAUCAYAN S.A.C.,EMPRESA CONSTRUCTORA CHAUCAYAN,2021,ANCASH,17/09/2021,29/09/2021,2021.0,0.0,0,2021,0,1,1,100000.0,1,1.0,1.0,SOCIEDAD ANONIMA CERRADA,ACTIVO,HABIDO,,ANCASH/CARHUAZ/CARHUAZ,Principal - 4290 - CONSTRUCCIÓN DE OTRAS OBRAS DE INGENIERÍA CIVIL,3.0,"Principal - 4290 - CONSTRUCCIÓN DE OTRAS OBRAS DE INGENIERÍA CIVIL | Secundaria 1 - 4663 - VENTA AL POR MAYOR DE MATERIALES DE CONSTRUCCIÓN, ARTÍCULOS DE FERRETERÍA Y EQUIPO Y MATERIALES DE FONTANERÍA Y CALEFACCIÓN | Secundaria 2 - 4741 - VENTA AL POR MENOR DE ORDENADORES, EQUIPO PERIFÉRICO, PROGRAMA DE INFORM. Y EQU. DE TELEC. EN COMERCIOS ESPECIALIZADOS",0,0,0,0,23/09/2026 23:27,1,1,1,88.9,Muy alto
20608705334,SERVICIOS GENERALES Y CONSULTORIA MUSIAK S.A.C.,-,2021,ANCASH,04/03/2025,04/03/2025,2025.0,,1,2021,0,1,1,100000.0,1,1.0,1.0,SOCIEDAD ANONIMA CERRADA,ACTIVO,NO HABIDO,,ANCASH/HUARAZ/HUARAZ,Principal - 4290 - CONSTRUCCIÓN DE OTRAS OBRAS DE INGENIERÍA CIVIL,2.0,Principal - 4290 - CONSTRUCCIÓN DE OTRAS OBRAS DE INGENIERÍA CIVIL | Secundaria 1 - 0729 - EXTRACCIÓN DE OTROS MINERALES METALÍFEROS NO FERROSOS,2,0,0,0,23/09/2026 23:27,1,1,1,88.9,Muy alto
20527479704,DKM E.I.R.L.,-,2021,APURIMAC,06/04/2005,11/04/2005,2005.0,16.0,0,2008,13,1,2,1079351415.78,1,0.0,0.0,EMPRESA INDIVIDUAL DE RESP. LTDA,ACTIVO,HABIDO,,APURIMAC/ABANCAY/ABANCAY,Principal - 4100 - CONSTRUCCIÓN DE EDIFICIOS,2.0,"Principal - 4100 - CONSTRUCCIÓN DE EDIFICIOS | Secundaria 1 - 4663 - VENTA AL POR MAYOR DE MATERIALES DE CONSTRUCCIÓN, ARTÍCULOS DE FERRETERÍA Y EQUIPO Y MATERIALES DE FONTANERÍA Y CALEFACCIÓN",1,0,0,0,23/09/2026 22:42,1,1,1,79.5,Muy alto
20527760071,ANKA E.I.R.L,ANKA E.I.R.L,2021,APURIMAC,25/10/2006,25/10/2006,2006.0,15.0,0,2008,13,1,1,500000.0,1,1.0,1.0,EMPRESA INDIVIDUAL DE RESP. LTDA,ACTIVO,HABIDO,,APURIMAC/ABANCAY/ABANCAY,Principal - 4100 - CONSTRUCCIÓN DE EDIFICIOS,3.0,"Principal - 4100 - CONSTRUCCIÓN DE EDIFICIOS | Secundaria 1 - 4663 - VENTA AL POR MAYOR DE MATERIALES DE CONSTRUCCIÓN, ARTÍCULOS DE FERRETERÍA Y EQUIPO Y MATERIALES DE FONTANERÍA Y CALEFACCIÓN | Secundaria 2 - 4923 - TRANSPORTE DE CARGA POR CARRETERA",0,1,0,0,23/09/2026 22:42,1,1,1,79.5,Muy alto
20264545812,SEVILLA RODRIGUEZ SRL,-,2021,AREQUIPA,20/03/1995,16/02/1995,1995.0,26.0,0,2005,16,1,1,400000.0,1,1.0,1.0,SOC.COM.RESPONS. LTDA,ACTIVO,HABIDO,,LIMA/LIMA/SANTIAGO DE SURCO,Principal - 4390 - OTRAS ACTIVIDADES ESPECIALIZADAS DE CONSTRUCCIÓN,3.0,Principal - 4390 - OTRAS ACTIVIDADES ESPECIALIZADAS DE CONSTRUCCIÓN | Secundaria 1 - 4100 - CONSTRUCCIÓN DE EDIFICIOS | Secundaria 2 - 4210 - CONSTRUCCIÓN DE CARRETERAS Y VÍAS DE FERROCARRIL,0,0,0,0,23/09/2026 22:09,1,1,1,94.1,Muy alto
20344483702,ARGOS ASOCIADOS S.A,-,2021,AREQUIPA,04/04/1997,04/04/1997,1997.0,24.0,0,2009,12,1,2,38602511.25,1,0.0,0.0,SOCIEDAD IRREGULAR,ACTIVO,HABIDO,,CUSCO/CUSCO/WANCHAQ,Principal - 4290 - CONSTRUCCIÓN DE OTRAS OBRAS DE INGENIERÍA CIVIL,3.0,"Principal - 4290 - CONSTRUCCIÓN DE OTRAS OBRAS DE INGENIERÍA CIVIL | Secundaria 1 - 4923 - TRANSPORTE DE CARGA POR CARRETERA | Secundaria 2 - 7730 - ALQUILER Y ARRENDAMIENTO DE OTROS TIPOS DE MAQUINARIA, EQUIPO Y BIENES TANGIBLES",1,0,0,0,23/09/2026 22:10,1,1,1,94.1,Muy alto
20456323007,E & F TRANSMAQ S.A.C.,-,2021,AREQUIPA,16/01/2012,27/06/2012,2012.0,9.0,0,2020,1,1,1,160569756.78,1,0.0,0.0,SOCIEDAD ANONIMA CERRADA,ACTIVO,HABIDO,,AREQUIPA/AREQUIPA/PAUCARPATA,Principal - 4290 - CONSTRUCCIÓN DE OTRAS OBRAS DE INGENIERÍA CIVIL,2.0,"Principal - 4290 - CONSTRUCCIÓN DE OTRAS OBRAS DE INGENIERÍA CIVIL | Secundaria 1 - 2395 - FABRICACIÓN DE ARTÍCULOS DE HORMIGÓN, CEMENTO Y YESO",1,0,0,0,23/09/2026 22:21,1,1,1,94.1,Muy alto
20534029927,CORPORACION ZABDY PERU S.A.C.,-,2021,AREQUIPA,14/05/2018,01/06/2018,2018.0,3.0,0,2009,12,1,2,100000.0,1,1.0,1.0,SOCIEDAD ANONIMA CERRADA,BAJA DE OFICIO,NO HABIDO,31/01/2025,AREQUIPA/AREQUIPA/CAYMA,Principal - 4100 - CONSTRUCCIÓN DE EDIFICIOS,1.0,Principal - 4100 - CONSTRUCCIÓN DE EDIFICIOS,0,0,0,0,23/09/2026 22:50,1,1,1,94.1,Muy alto
20563373009,ERALMA CONSTRUCTORA SOCIEDAD ANONIMA CERRADA EN LIQUIDACION - ERALMA CONSTRUCTORA S.A.C. EN LIQUIDAC,-,2021,AREQUIPA,22/07/2014,22/07/2014,2014.0,7.0,0,2015,6,1,1,100000.0,1,1.0,1.0,SOCIEDAD ANONIMA CERRADA,ACTIVO,HABIDO,,LIMA/LIMA/BARRANCO,Principal - 4390 - OTRAS ACTIVIDADES ESPECIALIZADAS DE CONSTRUCCIÓN,1.0,Principal - 4390 - OTRAS ACTIVIDADES ESPECIALIZADAS DE CONSTRUCCIÓN,1,0,0,0,23/09/2026 22:58,1,1,1,94.1,Muy alto
20600929438,CONSTRUYENDO INFRAESTRUCTURA S.A.C.,-,2021,AREQUIPA,30/04/2025,12/01/2016,2016.0,5.0,0,2021,0,1,1,100000.0,1,1.0,1.0,SOCIEDAD ANONIMA CERRADA,BAJA PROV. POR OFICIO,NO HABIDO,30/06/2026,LIMA/LIMA/CHORRILLOS,Principal - 4210 - CONSTRUCCIÓN DE CARRETERAS Y VÍAS DE FERROCARRIL,3.0,"Principal - 4210 - CONSTRUCCIÓN DE CARRETERAS Y VÍAS DE FERROCARRIL | Secundaria 1 - 4290 - CONSTRUCCIÓN DE OTRAS OBRAS DE INGENIERÍA CIVIL | Secundaria 2 - 7730 - ALQUILER Y ARRENDAMIENTO DE OTROS TIPOS DE MAQUINARIA, EQUIPO Y BIENES TANGIBLES",8,0,0,0,23/09/2026 23:11,1,1,1,94.1,Muy alto
20601116082,"CHINA RAILWAY N° 10 ENGINEERING GROUP CO., LTD SUCURSAL DEL PERU",-,2021,AREQUIPA,30/03/2016,30/03/2016,2016.0,5.0,0,2018,3,1,1,1976877939.32,1,0.0,0.0,SUCURSALES O AG. DE EMP. EXTRANJ.,ACTIVO,HABIDO,,LIMA/LIMA/SAN ISIDRO,Principal - 4290 - CONSTRUCCIÓN DE OTRAS OBRAS DE INGENIERÍA CIVIL,3.0,Principal - 4290 - CONSTRUCCIÓN DE OTRAS OBRAS DE INGENIERÍA CIVIL | Secundaria 1 - 0990 - ACTIVIDADES DE APOYO PARA OTRAS ACTIVIDADES DE EXPLOTACIÓN DE MINAS Y CANTERAS | Secundaria 2 - 4923 - TRANSPORTE DE CARGA POR CARRETERA,3,1,0,0,23/09/2026 23:12,1,1,1,94.1,Muy alto
20218090550,CORPORACION EJECUTORA DE OBRAS S.A.C.,CEDOSAC,2021,AYACUCHO,13/04/1994,12/04/1994,1994.0,27.0,0,2007,14,1,1,100000.0,1,1.0,1.0,SOCIEDAD ANONIMA CERRADA,ACTIVO,HABIDO,,LIMA/LIMA/MIRAFLORES,Principal - 4100 - CONSTRUCCIÓN DE EDIFICIOS,1.0,Principal - 4100 - CONSTRUCCIÓN DE EDIFICIOS,0,0,0,0,23/09/2026 22:09,1,1,1,85.2,Muy alto
20407412592,CONSTRUCTORA NEPAL S.A.C. CONSULTORES Y CONTRATISTAS GENERALES,CONSTRUCTORA NEPAL SAC,2021,AYACUCHO,16/04/1999,16/04/1999,1999.0,22.0,0,2006,15,1,2,122807577.22,1,0.0,0.0,SOCIEDAD ANONIMA,ACTIVO,HABIDO,,AYACUCHO/HUAMANGA/AYACUCHO,Principal - 4100 - CONSTRUCCIÓN DE EDIFICIOS,3.0,Principal - 4100 - CONSTRUCCIÓN DE EDIFICIOS | Secundaria 1 - 4210 - CONSTRUCCIÓN DE CARRETERAS Y VÍAS DE FERROCARRIL | Secundaria 2 - 4923 - TRANSPORTE DE CARGA POR CARRETERA,0,0,0,0,23/09/2026 22:14,1,1,1,85.2,Muy alto
20476423539,ALIANZA CONSTRUCTORA DE OBRAS S.A.C,ACOSAC,2021,AYACUCHO,17/10/2000,17/10/2000,2000.0,21.0,0,2007,14,1,1,15386548.23,1,1.0,1.0,SOCIEDAD ANONIMA CERRADA,ACTIVO,HABIDO,,LIMA/LIMA/LURIN,Principal - 4390 - OTRAS ACTIVIDADES ESPECIALIZADAS DE CONSTRUCCIÓN,1.0,Principal - 4390 - OTRAS ACTIVIDADES ESPECIALIZADAS DE CONSTRUCCIÓN,0,0,0,0,23/09/2026 22:21,1,1,1,85.2,Muy alto
20494485118,"EMPRESA MINERA,CONTRATISTAS Y CONSULTORES TERRA E.I.R.L.",TERRA E.I.R.L.,2021,AYACUCHO,28/04/2008,28/04/2008,2008.0,13.0,0,2021,0,1,1,500000.0,1,1.0,1.0,EMPRESA INDIVIDUAL DE RESP. LTDA,ACTIVO,HABIDO,,LIMA/LIMA/LA VICTORIA,Principal - 4210 - CONSTRUCCIÓN DE CARRETERAS Y VÍAS DE FERROCARRIL,3.0,"Principal - 4210 - CONSTRUCCIÓN DE CARRETERAS Y VÍAS DE FERROCARRIL | Secundaria 1 - 4923 - TRANSPORTE DE CARGA POR CARRETERA | Secundaria 2 - 7730 - ALQUILER Y ARRENDAMIENTO DE OTROS TIPOS DE MAQUINARIA, EQUIPO Y BIENES TANGIBLES",0,0,0,0,23/09/2026 22:35,1,1,1,85.2,Muy alto
20453627951,CONSTRUCTORA E & A S.R.L.,-,2021,CAJAMARCA,07/12/2000,07/12/2000,2000.0,21.0,0,2009,12,1,1,500000.0,1,1.0,1.0,SOC.COM.RESPONS. LTDA,ACTIVO,HABIDO,,CAJAMARCA/CAJAMARCA/CAJAMARCA,Principal - 4100 - CONSTRUCCIÓN DE EDIFICIOS,1.0,Principal - 4100 - CONSTRUCCIÓN DE EDIFICIOS,2,0,0,0,23/09/2026 22:21,1,1,1,65.9,Alto
20481813841,CAPULI CONTRATISTAS GENERALES S.A.C.,-,2021,CAJAMARCA,14/03/2008,14/03/2008,2008.0,13.0,0,2021,0,1,3,100000.0,1,1.0,1.0,SOCIEDAD ANONIMA CERRADA,BAJA DE OFICIO,HABIDO,30/04/2026,LA LIBERTAD/SANCHEZ CARRION/HUAMACHUCO,Principal - 4220 - CONSTRUCCIÓN DE PROYECTOS DE SERVICIO PÚBLICO,3.0,"Principal - 4220 - CONSTRUCCIÓN DE PROYECTOS DE SERVICIO PÚBLICO | Secundaria 1 - 4100 - CONSTRUCCIÓN DE EDIFICIOS | Secundaria 2 - 7730 - ALQUILER Y ARRENDAMIENTO DE OTROS TIPOS DE MAQUINARIA, EQUIPO Y BIENES TANGIBLES",1,1,0,0,23/09/2026 22:24,1,1,1,65.9,Alto
20495656234,CONSTRUCTORA VARGAS EIRL,-,2021,CAJAMARCA,03/02/2005,03/02/2005,2005.0,16.0,0,2011,10,1,1,208641312.38,1,0.0,0.0,EMPRESA INDIVIDUAL DE RESP. LTDA,ACTIVO,HABIDO,,CAJAMARCA/CAJAMARCA/CAJAMARCA,Principal - 4100 - CONSTRUCCIÓN DE EDIFICIOS,3.0,Principal - 4100 - CONSTRUCCIÓN DE EDIFICIOS | Secundaria 1 - 7710 - ALQUILER Y ARRENDAMIENTO DE VEHÍCULOS AUTOMOTORES | Secundaria 2 - 5221 - ACTIVIDADES DE SERVICIOS VINCULADAS AL TRANSPORTE TERRESTRE,2,0,0,0,23/09/2026 22:36,1,1,1,65.9,Alto
20495865747,SERVICIOS GENERALES JUVASA E.I.R.L.,-,2021,CAJAMARCA,05/01/2007,01/02/2007,2007.0,14.0,0,2018,3,2,2,156949011.83,2,0.0,0.0,EMPRESA INDIVIDUAL DE RESP. LTDA,ACTIVO,HABIDO,,CAJAMARCA/CAJAMARCA/CAJAMARCA,Principal - 4100 - CONSTRUCCIÓN DE EDIFICIOS,3.0,"Principal - 4100 - CONSTRUCCIÓN DE EDIFICIOS | Secundaria 1 - 4663 - VENTA AL POR MAYOR DE MATERIALES DE CONSTRUCCIÓN, ARTÍCULOS DE FERRETERÍA Y EQUIPO Y MATERIALES DE FONTANERÍA Y CALEFACCIÓN | Secundaria 2 - 0990 - ACTIVIDADES DE APOYO PARA OTRAS ACTIVIDADES DE EXPLOTACIÓN DE MINAS Y CANTERAS",0,0,0,0,23/09/2026 22:36,1,1,1,65.9,Alto
20496021038,COCAN CONTRATISTAS GENERALES SRL,-,2021,CAJAMARCA,12/02/2008,12/02/2008,2008.0,13.0,0,2014,7,1,1,55319830.33,1,0.0,0.0,SOC.COM.RESPONS. LTDA,ACTIVO,HABIDO,,CAJAMARCA/CAJAMARCA/CAJAMARCA,Principal - 4290 - CONSTRUCCIÓN DE OTRAS OBRAS DE INGENIERÍA CIVIL,2.0,Principal - 4290 - CONSTRUCCIÓN DE OTRAS OBRAS DE INGENIERÍA CIVIL | Secundaria 1 - 7710 - ALQUILER Y ARRENDAMIENTO DE VEHÍCULOS AUTOMOTORES,0,0,0,0,23/09/2026 22:36,1,1,1,65.9,Alto
20496159811,QIAN BEI S.R.L.,-,2021,CAJAMARCA,10/01/2009,10/01/2009,2009.0,12.0,0,2015,6,2,1,82525702.98,2,0.0,0.0,SOC.COM.RESPONS. LTDA,ACTIVO,HABIDO,,CAJAMARCA/CAJAMARCA/CAJAMARCA,Principal - 4100 - CONSTRUCCIÓN DE EDIFICIOS,3.0,"Principal - 4100 - CONSTRUCCIÓN DE EDIFICIOS | Secundaria 1 - 7490 - OTRAS ACTIVIDADES PROFESIONALES, CIENTÍFICAS Y TÉCNICAS N.C.P. | Secundaria 2 - 2511 - FABRICACION DE PRODUCTOS METALICOS PARA USO ESTRUCTURAL",0,0,0,0,23/09/2026 22:37,1,1,1,65.9,Alto
20529467606,CORPORACION VILLANUEVA CABALLERO S.A.,COVICSA,2021,CAJAMARCA,10/02/2012,01/02/2012,2012.0,9.0,0,2015,6,2,1,100000.0,2,2.0,1.0,SOC.COM.RESPONS. LTDA,ACTIVO,HABIDO,,CAJAMARCA/CAJAMARCA/CAJAMARCA,Principal - 4100 - CONSTRUCCIÓN DE EDIFICIOS,2.0,Principal - 4100 - CONSTRUCCIÓN DE EDIFICIOS | Secundaria 1 - 7710 - ALQUILER Y ARRENDAMIENTO DE VEHÍCULOS AUTOMOTORES,0,0,0,0,23/09/2026 22:45,1,1,1,65.9,Alto
20601473454,A Y F CONSTRUCTORES S.A.C.,-,2021,CAJAMARCA,02/09/2016,01/09/2016,2016.0,5.0,0,2021,0,1,1,13161836.2,1,0.0,0.0,SOCIEDAD ANONIMA CERRADA,ACTIVO,HABIDO,,CAJAMARCA/CAJAMARCA/LOS BAÑOS DEL INCA,Principal - 4923 - TRANSPORTE DE CARGA POR CARRETERA,3.0,"Principal - 4923 - TRANSPORTE DE CARGA POR CARRETERA | Secundaria 1 - 7110 - ACTIVIDADES DE ARQUITECTURA E INGENIERÍA Y ACTIVIDADES CONEXAS DE CONSULTORÍA TÉCNICA | Secundaria 2 - 7730 - ALQUILER Y ARRENDAMIENTO DE OTROS TIPOS DE MAQUINARIA, EQUIPO Y BIENES TANGIBLES",0,0,0,0,23/09/2026 23:13,1,1,1,65.9,Alto
20261295246,FM CONTRATISTAS GENERALES S.R.L.,-,2021,CALLAO,06/01/1995,14/01/1995,1995.0,26.0,0,2012,9,1,1,400000.0,1,1.0,1.0,SOC.COM.RESPONS. LTDA,ACTIVO,HABIDO,,LIMA/LIMA/LOS OLIVOS,Principal - 4100 - CONSTRUCCIÓN DE EDIFICIOS,3.0,Principal - 4100 - CONSTRUCCIÓN DE EDIFICIOS | Secundaria 1 - 4390 - OTRAS ACTIVIDADES ESPECIALIZADAS DE CONSTRUCCIÓN | Secundaria 2 - 4210 - CONSTRUCCIÓN DE CARRETERAS Y VÍAS DE FERROCARRIL,2,0,0,0,23/09/2026 22:09,1,1,1,86.1,Muy alto
20296637697,BIDDLE INC S.A.C.,BIDDLE INC,2021,CALLAO,22/10/1998,22/10/1998,1998.0,23.0,0,2021,0,1,1,100000.0,1,1.0,1.0,SOCIEDAD ANONIMA CERRADA,ACTIVO,HABIDO,,LIMA/LIMA/SAN ISIDRO,Principal - 4923 - TRANSPORTE DE CARGA POR CARRETERA,3.0,Principal - 4923 - TRANSPORTE DE CARGA POR CARRETERA | Secundaria 1 - 4290 - CONSTRUCCIÓN DE OTRAS OBRAS DE INGENIERÍA CIVIL | Secundaria 2 - 3821 - TRATAMIENTO Y ELIMINACIÓN DE DESECHOS NO PELIGROSOS,1,0,0,0,23/09/2026 22:10,1,1,1,86.1,Muy alto
20335343701,ENRIQUEZ SOCIEDAD ANONIMA CERRADA ENRIQUEZ S.A.C.,-,2021,CALLAO,28/10/1996,28/10/1996,1996.0,25.0,0,2014,7,1,1,100000.0,1,1.0,1.0,SOCIEDAD ANONIMA CERRADA,ACTIVO,HABIDO,,ANCASH/MARISCAL LUZURIAGA/CASCA,Principal - 7110 - ACTIVIDADES DE ARQUITECTURA E INGENIERÍA Y ACTIVIDADES CONEXAS DE CONSULTORÍA TÉCNICA,3.0,"Principal - 7110 - ACTIVIDADES DE ARQUITECTURA E INGENIERÍA Y ACTIVIDADES CONEXAS DE CONSULTORÍA TÉCNICA | Secundaria 1 - 7730 - ALQUILER Y ARRENDAMIENTO DE OTROS TIPOS DE MAQUINARIA, EQUIPO Y BIENES TANGIBLES | Secundaria 2 - 4663 - VENTA AL POR MAYOR DE MATERIALES DE CONSTRUCCIÓN, ARTÍCULOS DE FERRETERÍA Y EQUIPO Y MATERIALES DE FONTANERÍA Y CALEFACCIÓN",0,0,0,0,23/09/2026 22:10,1,1,1,86.1,Muy alto
20489539137,MICSA SOCIEDAD ANONIMA CERRADA,-,2021,CALLAO,02/04/2011,02/04/2011,2011.0,10.0,0,2012,9,1,1,100000.0,1,1.0,1.0,SOCIEDAD ANONIMA CERRADA,ACTIVO,HABIDO,,LIMA/LIMA/SAN JUAN DE LURIGANCHO,Principal - 4100 - CONSTRUCCIÓN DE EDIFICIOS,3.0,"Principal - 4100 - CONSTRUCCIÓN DE EDIFICIOS | Secundaria 1 - 3100 - FABRICACIÓN DE MUEBLES | Secundaria 2 - 7730 - ALQUILER Y ARRENDAMIENTO DE OTROS TIPOS DE MAQUINARIA, EQUIPO Y BIENES TANGIBLES",0,0,0,0,23/09/2026 22:31,1,1,1,86.1,Muy alto
20489665604,H& G ZAFIRO SOCIEDAD ANONIMA CERRADA,H & G ZAFIRO S.A.C.,2021,CALLAO,10/06/2008,10/06/2008,2008.0,13.0,0,2010,11,1,1,13412170.14,1,0.0,0.0,SOCIEDAD ANONIMA CERRADA,ACTIVO,HABIDO,,PASCO/PASCO/YANACANCHA,Principal - 4390 - OTRAS ACTIVIDADES ESPECIALIZADAS DE CONSTRUCCIÓN,3.0,Principal - 4390 - OTRAS ACTIVIDADES ESPECIALIZADAS DE CONSTRUCCIÓN | Secundaria 1 - 7020 - ACTIVIDADES DE CONSULTORÍA DE GESTIÓN | Secundaria 2 - 7110 - ACTIVIDADES DE ARQUITECTURA E INGENIERÍA Y ACTIVIDADES CONEXAS DE CONSULTORÍA TÉCNICA,0,0,0,0,23/09/2026 22:31,1,1,1,86.1,Muy alto
20493043073,SIADEC INGENIEROS S.A.C.,-,2021,CALLAO,04/07/2008,04/07/2008,2008.0,13.0,0,2012,9,2,1,100527121.87,2,0.0,0.0,SOCIEDAD ANONIMA CERRADA,ACTIVO,HABIDO,,LIMA/LIMA/VILLA MARIA DEL TRIUNFO,Principal - 4100 - CONSTRUCCIÓN DE EDIFICIOS,3.0,Principal - 4100 - CONSTRUCCIÓN DE EDIFICIOS | Secundaria 1 - 4290 - CONSTRUCCIÓN DE OTRAS OBRAS DE INGENIERÍA CIVIL | Secundaria 2 - 4210 - CONSTRUCCIÓN DE CARRETERAS Y VÍAS DE FERROCARRIL,0,0,0,0,23/09/2026 22:33,1,1,1,86.1,Muy alto
20506003351,MEJESA S.R.L.,-,2021,CALLAO,19/02/2003,19/02/2003,2003.0,18.0,0,2006,15,1,1,2980477487.02,1,0.0,0.0,SOC.COM.RESPONS. LTDA,ACTIVO,HABIDO,,LIMA/LIMA/LOS OLIVOS,Principal - 4100 - CONSTRUCCIÓN DE EDIFICIOS,3.0,Principal - 4100 - CONSTRUCCIÓN DE EDIFICIOS | Secundaria 1 - 4210 - CONSTRUCCIÓN DE CARRETERAS Y VÍAS DE FERROCARRIL | Secundaria 2 - 4312 - PREPARACIÓN DEL TERRENO,5,4,0,0,23/09/2026 22:37,1,1,1,86.1,Muy alto
20507503889,SERVIDESA PROYECTOS Y SERVICIOS S.A.C.,-,2021,CALLAO,20/02/2012,20/02/2012,2012.0,9.0,0,2021,0,1,1,100000.0,1,1.0,1.0,SOCIEDAD ANONIMA CERRADA,ACTIVO,HABIDO,,LIMA/LIMA/LA MOLINA,Principal - 4290 - CONSTRUCCIÓN DE OTRAS OBRAS DE INGENIERÍA CIVIL,3.0,"Principal - 4290 - CONSTRUCCIÓN DE OTRAS OBRAS DE INGENIERÍA CIVIL | Secundaria 1 - 1811 - IMPRESIÓN | Secundaria 2 - 4641 - VENTA AL POR MAYOR DE PRODUCTOS TEXTILES, PRENDAS DE VESTIR Y CALZADO",1,0,0,0,23/09/2026 22:38,1,1,1,86.1,Muy alto
20513051833,3G CONSTRUCTORA S.A.C.,-,2021,CALLAO,29/04/2006,15/05/2006,2006.0,15.0,0,2011,10,1,2,139684635.58,1,0.0,0.0,SOCIEDAD ANONIMA CERRADA,ACTIVO,HABIDO,,PROV. CONST. DEL CALLAO/PROV. CONST. DEL CALLAO/CALLAO,Principal - 4100 - CONSTRUCCIÓN DE EDIFICIOS,3.0,"Principal - 4100 - CONSTRUCCIÓN DE EDIFICIOS | Secundaria 1 - 8020 - ACTIVIDADES DE SERVICIOS DE SISTEMAS DE SEGURIDAD | Secundaria 2 - 4663 - VENTA AL POR MAYOR DE MATERIALES DE CONSTRUCCIÓN, ARTÍCULOS DE FERRETERÍA Y EQUIPO Y MATERIALES DE FONTANERÍA Y CALEFACCIÓN",0,0,0,0,23/09/2026 22:38,1,1,1,86.1,Muy alto
20521401703,V Y C SERVICIOS GENERALES S.A.C.,-,2021,CALLAO,24/03/2009,01/04/2009,2009.0,12.0,0,2020,1,1,1,100000.0,1,1.0,1.0,SOCIEDAD ANONIMA CERRADA,ACTIVO,HABIDO,,LIMA/LIMA/COMAS,Principal - 4100 - CONSTRUCCIÓN DE EDIFICIOS,2.0,"Principal - 4100 - CONSTRUCCIÓN DE EDIFICIOS | Secundaria 1 - 4663 - VENTA AL POR MAYOR DE MATERIALES DE CONSTRUCCIÓN, ARTÍCULOS DE FERRETERÍA Y EQUIPO Y MATERIALES DE FONTANERÍA Y CALEFACCIÓN",1,0,0,0,23/09/2026 22:40,1,1,1,86.1,Muy alto
20525089917,CONTRATACIONES LUCEMAR E.I.R.L.,-,2021,CALLAO,09/03/2010,15/03/2010,2010.0,11.0,0,2020,1,1,1,11573594.67,1,0.0,0.0,EMPRESA INDIVIDUAL DE RESP. LTDA,ACTIVO,HABIDO,,LIMA/LIMA/CARABAYLLO,Principal - 4923 - TRANSPORTE DE CARGA POR CARRETERA,3.0,Principal - 4923 - TRANSPORTE DE CARGA POR CARRETERA | Secundaria 1 - 7710 - ALQUILER Y ARRENDAMIENTO DE VEHÍCULOS AUTOMOTORES | Secundaria 2 - 4100 - CONSTRUCCIÓN DE EDIFICIOS,0,0,0,0,23/09/2026 22:40,1,1,1,86.1,Muy alto
20534004185,HCSA S.R.L.,HUACHECSA,2021,CALLAO,23/10/2007,01/11/2007,2007.0,14.0,0,2015,6,1,1,20819743.74,1,0.0,0.0,SOC.COM.RESPONS. LTDA,ACTIVO,HABIDO,,ANCASH/HUARI/CHAVIN DE HUANTAR,Principal - 4100 - CONSTRUCCIÓN DE EDIFICIOS,3.0,"Principal - 4100 - CONSTRUCCIÓN DE EDIFICIOS | Secundaria 1 - 7730 - ALQUILER Y ARRENDAMIENTO DE OTROS TIPOS DE MAQUINARIA, EQUIPO Y BIENES TANGIBLES | Secundaria 2 - 4663 - VENTA AL POR MAYOR DE MATERIALES DE CONSTRUCCIÓN, ARTÍCULOS DE FERRETERÍA Y EQUIPO Y MATERIALES DE FONTANERÍA Y CALEFACCIÓN",0,0,0,0,23/09/2026 22:49,1,1,1,86.1,Muy alto
20543060918,INVERSIONES CAMHARO S.A.C.,-,2021,CALLAO,12/04/2011,12/04/2011,2011.0,10.0,0,2019,2,2,1,100000.0,2,2.0,1.0,SOCIEDAD ANONIMA CERRADA,ACTIVO,HABIDO,,LIMA/LIMA/LOS OLIVOS,Principal - 4330 - TERMINACIÓN Y ACABADO DE EDIFICIOS,3.0,Principal - 4330 - TERMINACIÓN Y ACABADO DE EDIFICIOS | Secundaria 1 - 9609 - OTRAS ACTIVIDADES DE SERVICIOS PERSONALES N.C.P. | Secundaria 2 - 4290 - CONSTRUCCIÓN DE OTRAS OBRAS DE INGENIERÍA CIVIL,3,0,0,0,23/09/2026 22:56,1,1,1,86.1,Muy alto
20546240852,EMPRESA SUVAR SOCIEDAD ANONIMA CERRADA - EMP. SUVAR S.A.C.,-,2021,CALLAO,30/12/2011,30/12/2011,2011.0,10.0,0,2017,4,1,1,16494491.7,1,0.0,0.0,SOCIEDAD ANONIMA CERRADA,ACTIVO,HABIDO,,LIMA/LIMA/PUENTE PIEDRA,Principal - 4210 - CONSTRUCCIÓN DE CARRETERAS Y VÍAS DE FERROCARRIL,3.0,Principal - 4210 - CONSTRUCCIÓN DE CARRETERAS Y VÍAS DE FERROCARRIL | Secundaria 1 - 4290 - CONSTRUCCIÓN DE OTRAS OBRAS DE INGENIERÍA CIVIL | Secundaria 2 - 4220 - CONSTRUCCIÓN DE PROYECTOS DE SERVICIO PÚBLICO,0,0,0,0,23/09/2026 22:56,1,1,1,86.1,Muy alto
20547896026,CONSTRUCTORA CONSARQ S.A.C. CONSARQ S.A.C.,-,2021,CALLAO,08/05/2012,21/05/2012,2012.0,9.0,0,2021,0,1,1,10696836.34,1,0.0,0.0,SOCIEDAD ANONIMA CERRADA,ACTIVO,HABIDO,,PROV. CONST. DEL CALLAO/PROV. CONST. DEL CALLAO/CALLAO,Principal - 4390 - OTRAS ACTIVIDADES ESPECIALIZADAS DE CONSTRUCCIÓN,3.0,"Principal - 4390 - OTRAS ACTIVIDADES ESPECIALIZADAS DE CONSTRUCCIÓN | Secundaria 1 - 7730 - ALQUILER Y ARRENDAMIENTO DE OTROS TIPOS DE MAQUINARIA, EQUIPO Y BIENES TANGIBLES | Secundaria 2 - 4663 - VENTA AL POR MAYOR DE MATERIALES DE CONSTRUCCIÓN, ARTÍCULOS DE FERRETERÍA Y EQUIPO Y MATERIALES DE FONTANERÍA Y CALEFACCIÓN",0,0,0,0,23/09/2026 22:57,1,1,1,86.1,Muy alto
20601500648,CRANT INGENIEROS S.A.C.-CRANT S.A.C.,-,2021,CALLAO,13/09/2016,13/09/2016,2016.0,5.0,0,2021,0,1,1,5577471.97,1,0.0,0.0,SOCIEDAD ANONIMA CERRADA,ACTIVO,HABIDO,,LIMA/LIMA/COMAS,Principal - 4100 - CONSTRUCCIÓN DE EDIFICIOS,2.0,Principal - 4100 - CONSTRUCCIÓN DE EDIFICIOS | Secundaria 1 - 9609 - OTRAS ACTIVIDADES DE SERVICIOS PERSONALES N.C.P.,0,0,0,0,23/09/2026 23:13,1,1,1,86.1,Muy alto
20602979173,"SINOHYDRO CORPORATION LIMITED, SUCURSAL DEL PERU",SINOHYDRO CORPORATION LIMITED,2021,CALLAO,07/03/2018,07/03/2018,2018.0,3.0,0,2018,3,1,2,400000.0,1,1.0,1.0,SUCURSALES O AG. DE EMP. EXTRANJ.,ACTIVO,HABIDO,,LIMA/LIMA/MAGDALENA DEL MAR,Principal - 4100 - CONSTRUCCIÓN DE EDIFICIOS,2.0,Principal - 4100 - CONSTRUCCIÓN DE EDIFICIOS | Secundaria 1 - 4210 - CONSTRUCCIÓN DE CARRETERAS Y VÍAS DE FERROCARRIL,0,0,0,0,23/09/2026 23:18,1,1,1,86.1,Muy alto
20524375631,CONTRATISTAS Y SERVICIOS GENERALES G Y Z SOCIEDAD ANONIMA CERRADA EN LIQUIDACION,-,2021,CUSCO,30/12/2009,30/12/2009,2009.0,12.0,0,2021,0,1,1,100000.0,1,1.0,1.0,SOCIEDAD ANONIMA CERRADA,ACTIVO,HABIDO,,LIMA/LIMA/BARRANCO,Principal - 4100 - CONSTRUCCIÓN DE EDIFICIOS,3.0,"Principal - 4100 - CONSTRUCCIÓN DE EDIFICIOS | Secundaria 1 - 4923 - TRANSPORTE DE CARGA POR CARRETERA | Secundaria 2 - 7730 - ALQUILER Y ARRENDAMIENTO DE OTROS TIPOS DE MAQUINARIA, EQUIPO Y BIENES TANGIBLES",1,0,0,0,23/09/2026 22:40,1,1,1,71.5,Alto
20527109362,CORPORACION KAYSER SOCIEDAD ANONIMA CERRADA,KAYSER S.A.C.,2021,CUSCO,15/10/2002,15/10/2002,2002.0,19.0,0,2017,4,1,1,100000.0,1,1.0,1.0,SOCIEDAD ANONIMA CERRADA,BAJA PROV. POR OFICIO,NO HABIDO,30/06/2026,LIMA/LIMA/SANTIAGO DE SURCO,Principal - 4100 - CONSTRUCCIÓN DE EDIFICIOS,3.0,Principal - 4100 - CONSTRUCCIÓN DE EDIFICIOS | Secundaria 1 - 7110 - ACTIVIDADES DE ARQUITECTURA E INGENIERÍA Y ACTIVIDADES CONEXAS DE CONSULTORÍA TÉCNICA | Secundaria 2 - 4773 - VENTA AL POR MENOR DE OTROS PRODUCTOS NUEVOS EN COMERCIOS ESPECIALIZADOS,0,0,0,0,23/09/2026 22:42,1,1,1,71.5,Alto
20527942773,INVERSIONES AGUILAR CALLE EMPRESA INDIVIDUAL DE RESPONSABILIDAD LIMITADA,INVAC EIRL.,2021,CUSCO,10/08/2007,10/08/2007,2007.0,14.0,0,2016,5,1,1,100000.0,1,1.0,1.0,EMPRESA INDIVIDUAL DE RESP. LTDA,ACTIVO,HABIDO,,LIMA/LIMA/JESUS MARIA,Principal - 6202 - CONSULTORÍA DE INFORMÁTICA Y GESTIÓN DE INSTALACIONES INFORMÁTICAS,3.0,Principal - 6202 - CONSULTORÍA DE INFORMÁTICA Y GESTIÓN DE INSTALACIONES INFORMÁTICAS | Secundaria 1 - 4100 - CONSTRUCCIÓN DE EDIFICIOS | Secundaria 2 - 4290 - CONSTRUCCIÓN DE OTRAS OBRAS DE INGENIERÍA CIVIL,1,0,0,0,23/09/2026 22:42,1,1,1,71.5,Alto
20528003401,LOS DELFINES CONTRATISTAS GENERALES EMPRESA INDIVIDUAL DE RESPONSABILIDAD LIMITADA,-,2021,CUSCO,15/09/2016,01/01/2016,2016.0,5.0,0,2020,1,1,1,100000.0,1,1.0,1.0,EMPRESA INDIVIDUAL DE RESP. LTDA,ACTIVO,HABIDO,,APURIMAC/ABANCAY/ABANCAY,Principal - 4290 - CONSTRUCCIÓN DE OTRAS OBRAS DE INGENIERÍA CIVIL,3.0,"Principal - 4290 - CONSTRUCCIÓN DE OTRAS OBRAS DE INGENIERÍA CIVIL | Secundaria 1 - 4210 - CONSTRUCCIÓN DE CARRETERAS Y VÍAS DE FERROCARRIL | Secundaria 2 - 4663 - VENTA AL POR MAYOR DE MATERIALES DE CONSTRUCCIÓN, ARTÍCULOS DE FERRETERÍA Y EQUIPO Y MATERIALES DE FONTANERÍA Y CALEFACCIÓN",1,0,0,0,23/09/2026 22:42,1,1,1,71.5,Alto
20547097069,M & S PROYECTS S.A.C.,-,2021,CUSCO,06/03/2012,06/03/2012,2012.0,9.0,0,2020,1,1,2,100000.0,1,1.0,1.0,SOCIEDAD ANONIMA CERRADA,ACTIVO,HABIDO,,LIMA/LIMA/MIRAFLORES,Principal - 4100 - CONSTRUCCIÓN DE EDIFICIOS,3.0,Principal - 4100 - CONSTRUCCIÓN DE EDIFICIOS | Secundaria 1 - 4210 - CONSTRUCCIÓN DE CARRETERAS Y VÍAS DE FERROCARRIL | Secundaria 2 - 3312 - REPARACIÓN DE MAQUINARIA,1,1,0,0,23/09/2026 22:56,1,1,1,71.5,Alto
10206701248,LINO FRANCIA CLODOMIRO RENE,-,2021,HUANCAVELICA,23/07/2020,01/01/2020,2020.0,1.0,0,2021,0,1,1,100000.0,1,1.0,1.0,PERSONA NATURAL CON NEGOCIO,BAJA DE OFICIO,NO HABIDO,31/10/2024,ANCASH/SANTA/CHIMBOTE,Principal - 7110 - ACTIVIDADES DE ARQUITECTURA E INGENIERÍA Y ACTIVIDADES CONEXAS DE CONSULTORÍA TÉCNICA,2.0,Principal - 7110 - ACTIVIDADES DE ARQUITECTURA E INGENIERÍA Y ACTIVIDADES CONEXAS DE CONSULTORÍA TÉCNICA | Secundaria 1 - 4210 - CONSTRUCCIÓN DE CARRETERAS Y VÍAS DE FERROCARRIL,1,0,0,0,23/09/2026 22:06,1,1,1,78.8,Muy alto
10295928234,ANCHAYHUA ESPINOZA JAVIER,-,2021,HUANCAVELICA,08/06/2001,08/06/2001,2001.0,20.0,0,2021,0,1,1,100000.0,1,1.0,1.0,PERSONA NATURAL CON NEGOCIO,ACTIVO,HABIDO,,AYACUCHO/HUAMANGA/AYACUCHO,Principal - 7110 - ACTIVIDADES DE ARQUITECTURA E INGENIERÍA Y ACTIVIDADES CONEXAS DE CONSULTORÍA TÉCNICA,3.0,"Principal - 7110 - ACTIVIDADES DE ARQUITECTURA E INGENIERÍA Y ACTIVIDADES CONEXAS DE CONSULTORÍA TÉCNICA | Secundaria 1 - 4100 - CONSTRUCCIÓN DE EDIFICIOS | Secundaria 2 - 4663 - VENTA AL POR MAYOR DE MATERIALES DE CONSTRUCCIÓN, ARTÍCULOS DE FERRETERÍA Y EQUIPO Y MATERIALES DE FONTANERÍA Y CALEFACCIÓN",0,0,0,0,23/09/2026 22:06,1,1,1,78.8,Muy alto
10410713506,GARAGONDO BALBOA HERNAN,HG CONTRATISTAS,2021,HUANCAVELICA,18/05/2006,18/05/2006,2006.0,15.0,0,2008,13,1,1,24630818.36,1,0.0,0.0,PERSONA NATURAL CON NEGOCIO,ACTIVO,HABIDO,,AYACUCHO/HUAMANGA/AYACUCHO,Principal - 4923 - TRANSPORTE DE CARGA POR CARRETERA,3.0,Principal - 4923 - TRANSPORTE DE CARGA POR CARRETERA | Secundaria 1 - 4210 - CONSTRUCCIÓN DE CARRETERAS Y VÍAS DE FERROCARRIL | Secundaria 2 - 5221 - ACTIVIDADES DE SERVICIOS VINCULADAS AL TRANSPORTE TERRESTRE,0,9,0,0,23/09/2026 22:07,1,1,1,78.8,Muy alto
20451961196,CRISANTE EIRL,-,2021,HUANCAVELICA,07/08/2000,07/08/2000,2000.0,21.0,0,2010,11,1,1,41132110.28,1,0.0,0.0,EMPRESA INDIVIDUAL DE RESP. LTDA,ACTIVO,HABIDO,,LIMA/LIMA/BREÑA,Principal - 4100 - CONSTRUCCIÓN DE EDIFICIOS,3.0,"Principal - 4100 - CONSTRUCCIÓN DE EDIFICIOS | Secundaria 1 - 7110 - ACTIVIDADES DE ARQUITECTURA E INGENIERÍA Y ACTIVIDADES CONEXAS DE CONSULTORÍA TÉCNICA | Secundaria 2 - 4663 - VENTA AL POR MAYOR DE MATERIALES DE CONSTRUCCIÓN, ARTÍCULOS DE FERRETERÍA Y EQUIPO Y MATERIALES DE FONTANERÍA Y CALEFACCIÓN",0,0,0,0,23/09/2026 22:20,1,1,1,78.8,Muy alto
20452840775,CHV INGENIEROS CONTRATISTAS GENERALES S.A.C.,CHV INGENIEROS SAC,2021,HUANCAVELICA,19/10/2006,19/10/2006,2006.0,15.0,0,2010,11,1,1,100000.0,1,1.0,1.0,SOCIEDAD ANONIMA CERRADA,ACTIVO,HABIDO,,LIMA/LIMA/MAGDALENA DEL MAR,Principal - 4100 - CONSTRUCCIÓN DE EDIFICIOS,3.0,"Principal - 4100 - CONSTRUCCIÓN DE EDIFICIOS | Secundaria 1 - 4923 - TRANSPORTE DE CARGA POR CARRETERA | Secundaria 2 - 7730 - ALQUILER Y ARRENDAMIENTO DE OTROS TIPOS DE MAQUINARIA, EQUIPO Y BIENES TANGIBLES",1,1,0,0,23/09/2026 22:20,1,1,1,78.8,Muy alto
20486136830,INATEC S.A.C.,INATEC SAC,2021,HUANCAVELICA,19/12/2003,19/12/2003,2003.0,18.0,0,2009,12,1,1,68330909.59,1,0.0,0.0,SOCIEDAD ANONIMA CERRADA,ACTIVO,HABIDO,,HUANCAVELICA/HUANCAVELICA/HUANCAVELICA,"Principal - 2395 - FABRICACIÓN DE ARTÍCULOS DE HORMIGÓN, CEMENTO Y YESO",3.0,"Principal - 2395 - FABRICACIÓN DE ARTÍCULOS DE HORMIGÓN, CEMENTO Y YESO | Secundaria 1 - 4100 - CONSTRUCCIÓN DE EDIFICIOS | Secundaria 2 - 4923 - TRANSPORTE DE CARGA POR CARRETERA",0,1,0,0,23/09/2026 22:26,1,1,1,78.8,Muy alto
20486404273,GIR INGENIERIA Y CONSTRUCCION CONTRATISTAS GENERALES S.A.C.,-,2021,HUANCAVELICA,14/02/2006,09/05/2006,2006.0,15.0,0,2013,8,2,1,100000.0,2,2.0,1.0,SOCIEDAD ANONIMA CERRADA,ACTIVO,HABIDO,,LIMA/LIMA/ATE,Principal - 4923 - TRANSPORTE DE CARGA POR CARRETERA,3.0,"Principal - 4923 - TRANSPORTE DE CARGA POR CARRETERA | Secundaria 1 - 2395 - FABRICACIÓN DE ARTÍCULOS DE HORMIGÓN, CEMENTO Y YESO | Secundaria 2 - 4210 - CONSTRUCCIÓN DE CARRETERAS Y VÍAS DE FERROCARRIL",1,7,0,0,23/09/2026 22:27,1,1,1,78.8,Muy alto
20486974886,YANG CONTRATISTAS E.I.R.L.,-,2021,HUANCAVELICA,29/12/2008,01/01/2009,2009.0,12.0,0,2018,3,1,1,100000.0,1,1.0,1.0,EMPRESA INDIVIDUAL DE RESP. LTDA,ACTIVO,HABIDO,,HUANCAVELICA/HUANCAVELICA/ASCENSION,Principal - 4290 - CONSTRUCCIÓN DE OTRAS OBRAS DE INGENIERÍA CIVIL,3.0,Principal - 4290 - CONSTRUCCIÓN DE OTRAS OBRAS DE INGENIERÍA CIVIL | Secundaria 1 - 7110 - ACTIVIDADES DE ARQUITECTURA E INGENIERÍA Y ACTIVIDADES CONEXAS DE CONSULTORÍA TÉCNICA | Secundaria 2 - 7710 - ALQUILER Y ARRENDAMIENTO DE VEHÍCULOS AUTOMOTORES,0,0,0,0,23/09/2026 22:28,1,1,1,78.8,Muy alto
20487064522,CORPORACION SANTA BARBARA SOCIEDAD ANONIMA CERRADA,-,2021,HUANCAVELICA,12/11/2019,12/11/2019,2019.0,2.0,0,2021,0,1,1,18493455.49,1,0.0,0.0,SOCIEDAD ANONIMA CERRADA,ACTIVO,HABIDO,,JUNIN/HUANCAYO/CHILCA,Principal - 4290 - CONSTRUCCIÓN DE OTRAS OBRAS DE INGENIERÍA CIVIL,3.0,"Principal - 4290 - CONSTRUCCIÓN DE OTRAS OBRAS DE INGENIERÍA CIVIL | Secundaria 1 - 4210 - CONSTRUCCIÓN DE CARRETERAS Y VÍAS DE FERROCARRIL | Secundaria 2 - 4663 - VENTA AL POR MAYOR DE MATERIALES DE CONSTRUCCIÓN, ARTÍCULOS DE FERRETERÍA Y EQUIPO Y MATERIALES DE FONTANERÍA Y CALEFACCIÓN",0,0,0,0,23/09/2026 22:28,1,1,1,78.8,Muy alto
20494341973,C&C RABATE S.R.L.,-,2021,HUANCAVELICA,27/08/2007,01/10/2007,2007.0,14.0,0,2010,11,1,1,100000.0,1,1.0,1.0,SOC.COM.RESPONS. LTDA,ACTIVO,HABIDO,,AYACUCHO/HUAMANGA/AYACUCHO,Principal - 4100 - CONSTRUCCIÓN DE EDIFICIOS,3.0,Principal - 4100 - CONSTRUCCIÓN DE EDIFICIOS | Secundaria 1 - 4210 - CONSTRUCCIÓN DE CARRETERAS Y VÍAS DE FERROCARRIL | Secundaria 2 - 4220 - CONSTRUCCIÓN DE PROYECTOS DE SERVICIO PÚBLICO,1,4,0,0,23/09/2026 22:34,1,1,1,78.8,Muy alto
20494665876,J & R CONSTRUCCIONES SOCIEDAD ANONIMA CERRADA,J & R CONSTRUCCIONES SAC,2021,HUANCAVELICA,10/12/2010,10/12/2010,2010.0,11.0,0,2018,3,1,1,100000.0,1,1.0,1.0,SOCIEDAD ANONIMA CERRADA,ACTIVO,HABIDO,,ICA/CHINCHA/PUEBLO NUEVO,Principal - 4100 - CONSTRUCCIÓN DE EDIFICIOS,3.0,"Principal - 4100 - CONSTRUCCIÓN DE EDIFICIOS | Secundaria 1 - 4923 - TRANSPORTE DE CARGA POR CARRETERA | Secundaria 2 - 7730 - ALQUILER Y ARRENDAMIENTO DE OTROS TIPOS DE MAQUINARIA, EQUIPO Y BIENES TANGIBLES",0,1,0,0,23/09/2026 22:35,1,1,1,78.8,Muy alto
20494947774,MIFER OBRAS CIVILES EN GENERAL E.I.R.L.,-,2021,HUANCAVELICA,15/04/2010,15/04/2010,2010.0,11.0,0,2010,11,1,1,100000.0,1,1.0,1.0,EMPRESA INDIVIDUAL DE RESP. LTDA,ACTIVO,HABIDO,,AYACUCHO/HUAMANGA/AYACUCHO,Principal - 4923 - TRANSPORTE DE CARGA POR CARRETERA,3.0,Principal - 4923 - TRANSPORTE DE CARGA POR CARRETERA | Secundaria 1 - 7110 - ACTIVIDADES DE ARQUITECTURA E INGENIERÍA Y ACTIVIDADES CONEXAS DE CONSULTORÍA TÉCNICA | Secundaria 2 - 4210 - CONSTRUCCIÓN DE CARRETERAS Y VÍAS DE FERROCARRIL,0,3,0,0,23/09/2026 22:35,1,1,1,78.8,Muy alto
20494951020,"ASESORIA, DISEÑO Y CONSTRUCCION CONTRATISTAS GENERALES SOCIEDAD ANONIMA CERRADA",ADC S.A.C.,2021,HUANCAVELICA,21/04/2010,21/04/2010,2010.0,11.0,0,2012,9,2,1,100000.0,2,2.0,1.0,SOCIEDAD ANONIMA CERRADA,ACTIVO,HABIDO,,ICA/ICA/ICA,Principal - 4100 - CONSTRUCCIÓN DE EDIFICIOS,3.0,"Principal - 4100 - CONSTRUCCIÓN DE EDIFICIOS | Secundaria 1 - 4210 - CONSTRUCCIÓN DE CARRETERAS Y VÍAS DE FERROCARRIL | Secundaria 2 - 7730 - ALQUILER Y ARRENDAMIENTO DE OTROS TIPOS DE MAQUINARIA, EQUIPO Y BIENES TANGIBLES",0,11,0,0,23/09/2026 22:35,1,1,1,78.8,Muy alto
20503865549,SPINE CENTER E.I.R.L.,SPINE CENTER E.I.R.L.,2021,HUANCAVELICA,25/02/2002,25/02/2002,2002.0,19.0,0,2021,0,1,1,100000.0,1,1.0,1.0,EMPRESA INDIVIDUAL DE RESP. LTDA,ACTIVO,HABIDO,,LIMA/LIMA/SAN MIGUEL,Principal - 8710 - ACTIVIDADES DE ATENCIÓN DE ENFERMERÍA EN INSTITUCIONES,2.0,Principal - 8710 - ACTIVIDADES DE ATENCIÓN DE ENFERMERÍA EN INSTITUCIONES | Secundaria 1 - 4690 - VENTA AL POR MAYOR NO ESPECIALIZADA,0,4,0,0,23/09/2026 22:37,1,1,1,78.8,Muy alto
20520970704,SPINE CONSTRUCTORA & INMOBILIARIA S.A.C.,-,2021,HUANCAVELICA,12/02/2009,16/02/2009,2009.0,12.0,0,2011,10,1,1,100000.0,1,1.0,1.0,SOCIEDAD ANONIMA CERRADA,ACTIVO,HABIDO,,LIMA/LIMA/SAN ISIDRO,Principal - 4330 - TERMINACIÓN Y ACABADO DE EDIFICIOS,3.0,Principal - 4330 - TERMINACIÓN Y ACABADO DE EDIFICIOS | Secundaria 1 - 4390 - OTRAS ACTIVIDADES ESPECIALIZADAS DE CONSTRUCCIÓN | Secundaria 2 - 7110 - ACTIVIDADES DE ARQUITECTURA E INGENIERÍA Y ACTIVIDADES CONEXAS DE CONSULTORÍA TÉCNICA,0,4,0,0,23/09/2026 22:39,1,1,1,78.8,Muy alto
20568355041,CONTRATISTAS GENERALES CORNALINA E.I.R.L.,-,2021,HUANCAVELICA,28/05/2012,01/06/2012,2012.0,9.0,0,2019,2,1,1,45798430.88,1,0.0,0.0,EMPRESA INDIVIDUAL DE RESP. LTDA,ACTIVO,HABIDO,,JUNIN/HUANCAYO/HUANCAYO,Principal - 4290 - CONSTRUCCIÓN DE OTRAS OBRAS DE INGENIERÍA CIVIL,3.0,"Principal - 4290 - CONSTRUCCIÓN DE OTRAS OBRAS DE INGENIERÍA CIVIL | Secundaria 1 - 7730 - ALQUILER Y ARRENDAMIENTO DE OTROS TIPOS DE MAQUINARIA, EQUIPO Y BIENES TANGIBLES | Secundaria 2 - 4923 - TRANSPORTE DE CARGA POR CARRETERA",0,9,0,0,23/09/2026 23:00,1,1,1,78.8,Muy alto
20600180771,RBC CONSULTORES Y CONTRATISTAS S.A.C.,-,2021,HUANCAVELICA,02/03/2015,22/05/2015,2015.0,6.0,0,2018,3,1,1,38280289.29,1,0.0,0.0,SOCIEDAD ANONIMA CERRADA,ACTIVO,HABIDO,,LIMA/LIMA/SANTA ANITA,Principal - 4210 - CONSTRUCCIÓN DE CARRETERAS Y VÍAS DE FERROCARRIL,3.0,"Principal - 4210 - CONSTRUCCIÓN DE CARRETERAS Y VÍAS DE FERROCARRIL | Secundaria 1 - 4923 - TRANSPORTE DE CARGA POR CARRETERA | Secundaria 2 - 7730 - ALQUILER Y ARRENDAMIENTO DE OTROS TIPOS DE MAQUINARIA, EQUIPO Y BIENES TANGIBLES",0,16,0,0,23/09/2026 23:07,1,1,1,78.8,Muy alto
20600601891,LABORATORIO DE SUELOS CONCRETO Y ASFALTO GEO S.A.C.,-,2021,HUANCAVELICA,14/10/2024,14/10/2024,2024.0,,1,2017,4,1,1,100000.0,1,1.0,1.0,SOCIEDAD ANONIMA CERRADA,ACTIVO,HABIDO,,HUANCAVELICA/HUANCAVELICA/HUANCAVELICA,Principal - 7110 - ACTIVIDADES DE ARQUITECTURA E INGENIERÍA Y ACTIVIDADES CONEXAS DE CONSULTORÍA TÉCNICA,2.0,Principal - 7110 - ACTIVIDADES DE ARQUITECTURA E INGENIERÍA Y ACTIVIDADES CONEXAS DE CONSULTORÍA TÉCNICA | Secundaria 1 - 7020 - ACTIVIDADES DE CONSULTORÍA DE GESTIÓN,0,0,0,0,23/09/2026 23:10,1,1,1,78.8,Muy alto
20600661966,ACTIVIDAD DE CONSTRUCCIÓN LOGÍSTICA Y SERVICIOS SOCIEDAD ANÓNIMA CERRADA,-,2021,HUANCAVELICA,11/09/2015,11/09/2015,2015.0,6.0,0,2021,0,1,1,10882138.2,1,0.0,0.0,SOCIEDAD ANONIMA CERRADA,BAJA PROV. POR OFICIO,HABIDO,30/06/2026,JUNIN/HUANCAYO/HUANCAYO,Principal - 4100 - CONSTRUCCIÓN DE EDIFICIOS,3.0,Principal - 4100 - CONSTRUCCIÓN DE EDIFICIOS | Secundaria 1 - 4290 - CONSTRUCCIÓN DE OTRAS OBRAS DE INGENIERÍA CIVIL | Secundaria 2 - 4923 - TRANSPORTE DE CARGA POR CARRETERA,0,1,0,0,23/09/2026 23:10,1,1,1,78.8,Muy alto
20600977661,"CHINA RAILWAY TUNNEL GROUP CO., LTD SUCURSAL DEL PERU",-,2021,HUANCAVELICA,01/02/2016,01/02/2016,2016.0,5.0,0,2021,0,1,2,20049599499.07,1,0.0,0.0,SUCURSALES O AG. DE EMP. EXTRANJ.,ACTIVO,HABIDO,,LIMA/LIMA/SAN ISIDRO,Principal - 4210 - CONSTRUCCIÓN DE CARRETERAS Y VÍAS DE FERROCARRIL,3.0,"Principal - 4210 - CONSTRUCCIÓN DE CARRETERAS Y VÍAS DE FERROCARRIL | Secundaria 1 - 4923 - TRANSPORTE DE CARGA POR CARRETERA | Secundaria 2 - 7730 - ALQUILER Y ARRENDAMIENTO DE OTROS TIPOS DE MAQUINARIA, EQUIPO Y BIENES TANGIBLES",3,1,0,0,23/09/2026 23:11,1,1,1,78.8,Muy alto
20601480493,EJECUTORES Y CONSULTORES GUIZA S.A.C.,-,2021,HUANCAVELICA,08/06/2019,08/06/2019,2019.0,2.0,0,2021,0,1,1,100000.0,1,1.0,1.0,SOCIEDAD ANONIMA CERRADA,BAJA DE OFICIO,HABIDO,31/10/2024,JUNIN/HUANCAYO/HUANCAYO,Principal - 4649 - VENTA AL POR MAYOR DE OTROS ENSERES DOMÉSTICOS,3.0,"Principal - 4649 - VENTA AL POR MAYOR DE OTROS ENSERES DOMÉSTICOS | Secundaria 1 - 4773 - VENTA AL POR MENOR DE OTROS PRODUCTOS NUEVOS EN COMERCIOS ESPECIALIZADOS | Secundaria 2 - 4630 - VENTA AL POR MAYOR DE ALIMENTOS, BEBIDAS Y TABACO",0,0,0,0,23/09/2026 23:13,1,1,1,78.8,Muy alto
20601714966,GROUP AVEP S.A.C.,-,2021,HUANCAVELICA,07/12/2016,07/12/2016,2016.0,5.0,0,2018,3,1,1,744668025.98,1,0.0,0.0,SOCIEDAD ANONIMA CERRADA,ACTIVO,HABIDO,,LIMA/LIMA/SANTA ANITA,"Principal - 4663 - VENTA AL POR MAYOR DE MATERIALES DE CONSTRUCCIÓN, ARTÍCULOS DE FERRETERÍA Y EQUIPO Y MATERIALES DE FONTANERÍA Y CALEFACCIÓN",3.0,"Principal - 4663 - VENTA AL POR MAYOR DE MATERIALES DE CONSTRUCCIÓN, ARTÍCULOS DE FERRETERÍA Y EQUIPO Y MATERIALES DE FONTANERÍA Y CALEFACCIÓN | Secundaria 1 - 4100 - CONSTRUCCIÓN DE EDIFICIOS | Secundaria 2 - 7110 - ACTIVIDADES DE ARQUITECTURA E INGENIERÍA Y ACTIVIDADES CONEXAS DE CONSULTORÍA TÉCNICA",0,0,0,0,23/09/2026 23:14,1,1,1,78.8,Muy alto
20604269009,CHINA CIVIL ENGINEERING CONSTRUCTION CORPORATION SUCURSAL DEL PERU,CCECC,2021,HUANCAVELICA,23/02/2019,23/02/2019,2019.0,2.0,0,2021,0,1,2,16042757513.74,1,0.0,0.0,SUCURSALES O AG. DE EMP. EXTRANJ.,ACTIVO,HABIDO,,LIMA/LIMA/SAN ISIDRO,Principal - 4210 - CONSTRUCCIÓN DE CARRETERAS Y VÍAS DE FERROCARRIL,3.0,Principal - 4210 - CONSTRUCCIÓN DE CARRETERAS Y VÍAS DE FERROCARRIL | Secundaria 1 - 4290 - CONSTRUCCIÓN DE OTRAS OBRAS DE INGENIERÍA CIVIL | Secundaria 2 - 9609 - OTRAS ACTIVIDADES DE SERVICIOS PERSONALES N.C.P.,3,5,0,0,23/09/2026 23:20,1,1,1,78.8,Muy alto
20604315582,GRUPO JOBEKA SOCIEDAD ANÓNIMA CERRADA - GRUPO JOBEKA S.A.C.,-,2021,HUANCAVELICA,04/03/2019,04/03/2019,2019.0,2.0,0,2021,0,1,1,2707996.74,1,0.0,0.0,SOCIEDAD ANONIMA CERRADA,ACTIVO,HABIDO,,HUANCAVELICA/ANGARAES/LIRCAY,Principal - 4100 - CONSTRUCCIÓN DE EDIFICIOS,3.0,Principal - 4100 - CONSTRUCCIÓN DE EDIFICIOS | Secundaria 1 - 4210 - CONSTRUCCIÓN DE CARRETERAS Y VÍAS DE FERROCARRIL | Secundaria 2 - 7110 - ACTIVIDADES DE ARQUITECTURA E INGENIERÍA Y ACTIVIDADES CONEXAS DE CONSULTORÍA TÉCNICA,0,0,0,0,23/09/2026 23:21,1,1,1,78.8,Muy alto
20605034684,ZHEJIANG FIRST HYDRO & POWER CONSTRUCTION GROUP COMPANY LIMITED SUCURSAL DEL PERU,ZHEJIANG FIRST HYDRO,2021,HUANCAVELICA,23/07/2019,23/07/2019,2019.0,2.0,0,2021,0,1,1,1615405828.45,1,0.0,0.0,SUCURSALES O AG. DE EMP. EXTRANJ.,ACTIVO,HABIDO,,LIMA/LIMA/MIRAFLORES,Principal - 4100 - CONSTRUCCIÓN DE EDIFICIOS,3.0,Principal - 4100 - CONSTRUCCIÓN DE EDIFICIOS | Secundaria 1 - 4290 - CONSTRUCCIÓN DE OTRAS OBRAS DE INGENIERÍA CIVIL | Secundaria 2 - 4210 - CONSTRUCCIÓN DE CARRETERAS Y VÍAS DE FERROCARRIL,0,2,0,0,23/09/2026 23:22,1,1,1,78.8,Muy alto
20605487051,INIP INGENIERIA INTEGRACION DE PROYECTOS S.A.C.,-,2021,HUANCAVELICA,07/11/2019,07/11/2019,2019.0,2.0,0,2021,0,1,1,500000.0,1,1.0,1.0,SOCIEDAD ANONIMA CERRADA,SUSPENSION TEMPORAL,HABIDO,,LIMA/LIMA/SAN ISIDRO,Principal - 4100 - CONSTRUCCIÓN DE EDIFICIOS,3.0,"Principal - 4100 - CONSTRUCCIÓN DE EDIFICIOS | Secundaria 1 - 7730 - ALQUILER Y ARRENDAMIENTO DE OTROS TIPOS DE MAQUINARIA, EQUIPO Y BIENES TANGIBLES | Secundaria 2 - 4663 - VENTA AL POR MAYOR DE MATERIALES DE CONSTRUCCIÓN, ARTÍCULOS DE FERRETERÍA Y EQUIPO Y MATERIALES DE FONTANERÍA Y CALEFACCIÓN",5,5,0,0,23/09/2026 23:23,1,1,1,78.8,Muy alto
99000030216,,,2021,HUANCAVELICA,,,,,0,2021,0,1,1,,0,,,,,,,,,,,0,3,0,0,,0,1,1,78.8,Muy alto
20393151812,CALYPSO CONTRATISTAS GENERALES S.A.C.,-,2021,HUANUCO,18/06/2004,18/06/2004,2004.0,17.0,0,2005,16,1,1,26688669.07,1,0.0,0.0,SOCIEDAD ANONIMA CERRADA,ACTIVO,HABIDO,,UCAYALI/CORONEL PORTILLO/YARINACOCHA,Principal - 4100 - CONSTRUCCIÓN DE EDIFICIOS,3.0,"Principal - 4100 - CONSTRUCCIÓN DE EDIFICIOS | Secundaria 1 - 4663 - VENTA AL POR MAYOR DE MATERIALES DE CONSTRUCCIÓN, ARTÍCULOS DE FERRETERÍA Y EQUIPO Y MATERIALES DE FONTANERÍA Y CALEFACCIÓN | Secundaria 2 - 7730 - ALQUILER Y ARRENDAMIENTO DE OTROS TIPOS DE MAQUINARIA, EQUIPO Y BIENES TANGIBLES",0,0,0,0,23/09/2026 22:12,1,1,1,76.6,Muy alto
20489536979,CONSTRUCTORA Y CONSULTORA 'FISA' SOCIEDAD ANONIMA CERRADA,-,2021,HUANUCO,08/05/2007,05/07/2007,2007.0,14.0,0,2013,8,1,1,99122010.24,1,0.0,0.0,SOCIEDAD ANONIMA CERRADA,ACTIVO,HABIDO,,HUANUCO/HUANUCO/AMARILIS,Principal - 7110 - ACTIVIDADES DE ARQUITECTURA E INGENIERÍA Y ACTIVIDADES CONEXAS DE CONSULTORÍA TÉCNICA,3.0,Principal - 7110 - ACTIVIDADES DE ARQUITECTURA E INGENIERÍA Y ACTIVIDADES CONEXAS DE CONSULTORÍA TÉCNICA | Secundaria 1 - 4923 - TRANSPORTE DE CARGA POR CARRETERA | Secundaria 2 - 4210 - CONSTRUCCIÓN DE CARRETERAS Y VÍAS DE FERROCARRIL,0,2,0,0,23/09/2026 22:31,1,1,1,76.6,Muy alto
20492255981,PATBEZA S.A.C.,-,2021,HUANUCO,28/08/2008,13/11/2008,2008.0,13.0,0,2012,9,1,1,100000.0,1,1.0,1.0,SOCIEDAD ANONIMA CERRADA,BAJA DE OFICIO,HABIDO,31/01/2025,LIMA/LIMA/SANTIAGO DE SURCO,Principal - 4100 - CONSTRUCCIÓN DE EDIFICIOS,3.0,Principal - 4100 - CONSTRUCCIÓN DE EDIFICIOS | Secundaria 1 - 4290 - CONSTRUCCIÓN DE OTRAS OBRAS DE INGENIERÍA CIVIL | Secundaria 2 - 8299 - OTRAS ACTIVIDADES DE SERVICIOS DE APOYO A LAS EMPRESAS N.C.P.,0,0,0,0,23/09/2026 22:33,1,1,1,76.6,Muy alto
20516615088,OXIGAS CONTRATISTAS GENERALES S.R.L.,-,2021,HUANUCO,30/07/2007,01/08/2007,2007.0,14.0,0,2021,0,1,1,15805408.58,1,0.0,0.0,SOC.COM.RESPONS. LTDA,ACTIVO,HABIDO,,LIMA/LIMA/VILLA EL SALVADOR,Principal - 7110 - ACTIVIDADES DE ARQUITECTURA E INGENIERÍA Y ACTIVIDADES CONEXAS DE CONSULTORÍA TÉCNICA,3.0,Principal - 7110 - ACTIVIDADES DE ARQUITECTURA E INGENIERÍA Y ACTIVIDADES CONEXAS DE CONSULTORÍA TÉCNICA | Secundaria 1 - 7020 - ACTIVIDADES DE CONSULTORÍA DE GESTIÓN | Secundaria 2 - 4329 - OTRAS INSTALACIONES PARA OBRAS DE CONSTRUCCIÓN,0,0,0,0,23/09/2026 22:39,1,1,1,76.6,Muy alto
20542191059,DAMBEZ COMPANY E.I.R.L.,-,2021,HUANUCO,07/05/2011,17/12/2011,2011.0,10.0,0,2020,1,2,2,163445326.5,2,0.0,0.0,EMPRESA INDIVIDUAL DE RESP. LTDA,ACTIVO,HABIDO,,ANCASH/HUARAZ/INDEPENDENCIA,Principal - 4290 - CONSTRUCCIÓN DE OTRAS OBRAS DE INGENIERÍA CIVIL,3.0,Principal - 4290 - CONSTRUCCIÓN DE OTRAS OBRAS DE INGENIERÍA CIVIL | Secundaria 1 - 4220 - CONSTRUCCIÓN DE PROYECTOS DE SERVICIO PÚBLICO | Secundaria 2 - 7110 - ACTIVIDADES DE ARQUITECTURA E INGENIERÍA Y ACTIVIDADES CONEXAS DE CONSULTORÍA TÉCNICA,0,1,0,0,23/09/2026 22:55,1,1,1,76.6,Muy alto
20547097069,M & S PROYECTS S.A.C.,-,2021,HUANUCO,06/03/2012,06/03/2012,2012.0,9.0,0,2020,1,1,2,100000.0,1,1.0,1.0,SOCIEDAD ANONIMA CERRADA,ACTIVO,HABIDO,,LIMA/LIMA/MIRAFLORES,Principal - 4100 - CONSTRUCCIÓN DE EDIFICIOS,3.0,Principal - 4100 - CONSTRUCCIÓN DE EDIFICIOS | Secundaria 1 - 4210 - CONSTRUCCIÓN DE CARRETERAS Y VÍAS DE FERROCARRIL | Secundaria 2 - 3312 - REPARACIÓN DE MAQUINARIA,1,1,0,0,23/09/2026 22:56,1,1,1,76.6,Muy alto
20600106351,INVERSIONES Y SERVICIOS GENERALES ROALEN EMPRESA INDIVIDUAL DE RESPONSABILIDAD LIMITADA,-,2021,HUANUCO,03/02/2015,03/02/2015,2015.0,6.0,0,2021,0,1,1,100000.0,1,1.0,1.0,EMPRESA INDIVIDUAL DE RESP. LTDA,ACTIVO,HABIDO,,HUANUCO/HUANUCO/HUANUCO,Principal - 4100 - CONSTRUCCIÓN DE EDIFICIOS,3.0,"Principal - 4100 - CONSTRUCCIÓN DE EDIFICIOS | Secundaria 1 - 7110 - ACTIVIDADES DE ARQUITECTURA E INGENIERÍA Y ACTIVIDADES CONEXAS DE CONSULTORÍA TÉCNICA | Secundaria 2 - 4641 - VENTA AL POR MAYOR DE PRODUCTOS TEXTILES, PRENDAS DE VESTIR Y CALZADO",0,0,0,0,23/09/2026 23:06,1,1,1,76.6,Muy alto
20601263158,RIVER PLAZA CONTRATISTAS S.A.C.,-,2021,HUANUCO,31/05/2016,01/06/2016,2016.0,5.0,0,2021,0,1,1,100000.0,1,1.0,1.0,SOCIEDAD ANONIMA CERRADA,ACTIVO,HABIDO,,LIMA/LIMA/MAGDALENA DEL MAR,Principal - 4923 - TRANSPORTE DE CARGA POR CARRETERA,3.0,"Principal - 4923 - TRANSPORTE DE CARGA POR CARRETERA | Secundaria 1 - 4663 - VENTA AL POR MAYOR DE MATERIALES DE CONSTRUCCIÓN, ARTÍCULOS DE FERRETERÍA Y EQUIPO Y MATERIALES DE FONTANERÍA Y CALEFACCIÓN | Secundaria 2 - 4290 - CONSTRUCCIÓN DE OTRAS OBRAS DE INGENIERÍA CIVIL",0,0,0,0,23/09/2026 23:12,1,1,1,76.6,Muy alto
20602631258,CONSTRUCTORA KIMLOPJAS S.A.C.,-,2021,HUANUCO,15/11/2017,28/05/2014,2014.0,7.0,0,2020,1,1,1,100000.0,1,1.0,1.0,SOCIEDAD ANONIMA CERRADA,BAJA DE OFICIO,HABIDO,30/04/2026,HUANUCO/HUANUCO/AMARILIS,Principal - 4100 - CONSTRUCCIÓN DE EDIFICIOS,3.0,"Principal - 4100 - CONSTRUCCIÓN DE EDIFICIOS | Secundaria 1 - 4752 - VENTA AL POR MENOR DE ARTÍCULOS DE FERRETERÍA, PINTURAS Y PRODUCTOS DE VIDRIO EN COMERCIOS ESPECIALIZADOS | Secundaria 2 - 4663 - VENTA AL POR MAYOR DE MATERIALES DE CONSTRUCCIÓN, ARTÍCULOS DE FERRETERÍA Y EQUIPO Y MATERIALES DE FONTANERÍA Y CALEFACCIÓN",0,0,0,0,23/09/2026 23:17,1,1,1,76.6,Muy alto
20604540764,CONSTRUCTORA JB CONTRATA E.I.R.L.,CONSTRUCTORA JB EIRL.,2021,HUANUCO,10/04/2019,10/04/2019,2019.0,2.0,0,2021,0,1,1,100000.0,1,1.0,1.0,EMPRESA INDIVIDUAL DE RESP. LTDA,SUSPENSION TEMPORAL,HABIDO,,HUANUCO/HUANUCO/HUANUCO,Principal - 4210 - CONSTRUCCIÓN DE CARRETERAS Y VÍAS DE FERROCARRIL,3.0,"Principal - 4210 - CONSTRUCCIÓN DE CARRETERAS Y VÍAS DE FERROCARRIL | Secundaria 1 - 4663 - VENTA AL POR MAYOR DE MATERIALES DE CONSTRUCCIÓN, ARTÍCULOS DE FERRETERÍA Y EQUIPO Y MATERIALES DE FONTANERÍA Y CALEFACCIÓN | Secundaria 2 - 7110 - ACTIVIDADES DE ARQUITECTURA E INGENIERÍA Y ACTIVIDADES CONEXAS DE CONSULTORÍA TÉCNICA",0,0,0,0,23/09/2026 23:21,1,1,1,76.6,Muy alto
20606474254,CONSULTORA & CONSTRUCTORA KIYOVAN EMPRESA INDIVIDUAL DE RESPONSABILIDAD LIMITADA,CONS. & CONST. KIYOVAN,2021,HUANUCO,08/09/2020,01/03/2021,2021.0,0.0,0,2021,0,1,1,100000.0,1,1.0,1.0,EMPRESA INDIVIDUAL DE RESP. LTDA,BAJA DE OFICIO,HABIDO,30/06/2025,HUANUCO/HUANUCO/HUANUCO,Principal - 4100 - CONSTRUCCIÓN DE EDIFICIOS,3.0,Principal - 4100 - CONSTRUCCIÓN DE EDIFICIOS | Secundaria 1 - 7110 - ACTIVIDADES DE ARQUITECTURA E INGENIERÍA Y ACTIVIDADES CONEXAS DE CONSULTORÍA TÉCNICA | Secundaria 2 - 8129 - OTRAS ACTIVIDADES DE LIMPIEZA DE EDIFICIOS Y DE INSTALACIONES INDUSTRIALES,0,0,0,0,23/09/2026 23:25,1,1,1,76.6,Muy alto
20367759551,CONSTRUCCIONES Y MAQUINARIAS DEL SUR SAC,COMASUR SAC,2021,ICA,10/03/1998,10/03/1998,1998.0,23.0,0,2008,13,1,1,435480381.62,1,0.0,0.0,SOCIEDAD ANONIMA CERRADA,ACTIVO,HABIDO,,LIMA/LIMA/CHORRILLOS,Principal - 4210 - CONSTRUCCIÓN DE CARRETERAS Y VÍAS DE FERROCARRIL,3.0,"Principal - 4210 - CONSTRUCCIÓN DE CARRETERAS Y VÍAS DE FERROCARRIL | Secundaria 1 - 4923 - TRANSPORTE DE CARGA POR CARRETERA | Secundaria 2 - 7730 - ALQUILER Y ARRENDAMIENTO DE OTROS TIPOS DE MAQUINARIA, EQUIPO Y BIENES TANGIBLES",2,0,0,0,23/09/2026 22:11,1,1,1,53.7,Mediano alto
20452468418,PROYECTOS ASESORAMIENTO Y CONSTRUCCION INGENIEROS S.A.C.,-,2021,ICA,08/08/2003,08/08/2003,2003.0,18.0,0,2009,12,1,1,16729173.02,1,0.0,0.0,SOCIEDAD ANONIMA CERRADA,ACTIVO,HABIDO,,ICA/ICA/ICA,Principal - 4100 - CONSTRUCCIÓN DE EDIFICIOS,3.0,Principal - 4100 - CONSTRUCCIÓN DE EDIFICIOS | Secundaria 1 - 7110 - ACTIVIDADES DE ARQUITECTURA E INGENIERÍA Y ACTIVIDADES CONEXAS DE CONSULTORÍA TÉCNICA | Secundaria 2 - 4923 - TRANSPORTE DE CARGA POR CARRETERA,0,0,0,0,23/09/2026 22:20,1,1,1,53.7,Mediano alto
20508326433,CONSTRUCTORA & CONTRATISTAS GENERALES SUSAN E.I.R.L.,-,2021,ICA,03/02/2005,03/02/2005,2005.0,16.0,0,2021,0,1,1,100998325.06,1,0.0,0.0,EMPRESA INDIVIDUAL DE RESP. LTDA,ACTIVO,HABIDO,,LIMA/LIMA/SANTIAGO DE SURCO,Principal - 4290 - CONSTRUCCIÓN DE OTRAS OBRAS DE INGENIERÍA CIVIL,3.0,Principal - 4290 - CONSTRUCCIÓN DE OTRAS OBRAS DE INGENIERÍA CIVIL | Secundaria 1 - 4923 - TRANSPORTE DE CARGA POR CARRETERA | Secundaria 2 - 2399 - FABRICACIÓN DE OTROS PRODUCTOS MINERALES NO METÁLICOS N.C.P.,0,0,0,0,23/09/2026 22:38,1,1,1,53.7,Mediano alto
20527267511,DAKAP EIRL,-,2021,ICA,24/10/2003,24/10/2003,2003.0,18.0,0,2013,8,1,1,1087462439.94,1,0.0,0.0,EMPRESA INDIVIDUAL DE RESP. LTDA,ACTIVO,HABIDO,,APURIMAC/ABANCAY/ABANCAY,Principal - 4100 - CONSTRUCCIÓN DE EDIFICIOS,3.0,"Principal - 4100 - CONSTRUCCIÓN DE EDIFICIOS | Secundaria 1 - 4923 - TRANSPORTE DE CARGA POR CARRETERA | Secundaria 2 - 7730 - ALQUILER Y ARRENDAMIENTO DE OTROS TIPOS DE MAQUINARIA, EQUIPO Y BIENES TANGIBLES",0,0,0,0,23/09/2026 22:42,1,1,1,53.7,Mediano alto
20527479704,DKM E.I.R.L.,-,2021,ICA,06/04/2005,11/04/2005,2005.0,16.0,0,2008,13,2,2,1079351415.78,2,0.0,0.0,EMPRESA INDIVIDUAL DE RESP. LTDA,ACTIVO,HABIDO,,APURIMAC/ABANCAY/ABANCAY,Principal - 4100 - CONSTRUCCIÓN DE EDIFICIOS,2.0,"Principal - 4100 - CONSTRUCCIÓN DE EDIFICIOS | Secundaria 1 - 4663 - VENTA AL POR MAYOR DE MATERIALES DE CONSTRUCCIÓN, ARTÍCULOS DE FERRETERÍA Y EQUIPO Y MATERIALES DE FONTANERÍA Y CALEFACCIÓN",1,0,0,0,23/09/2026 22:42,1,1,1,53.7,Mediano alto
20232650444,FALCON CONSULTORES Y CONSTRUCTORES SRLTD,FALCON GROUP,2021,JUNIN,04/04/1995,17/03/1995,1995.0,26.0,0,2012,9,1,1,100000.0,1,1.0,1.0,SOC.COM.RESPONS. LTDA,ACTIVO,HABIDO,,PROV. CONST. DEL CALLAO/PROV. CONST. DEL CALLAO/VENTANILLA,Principal - 4100 - CONSTRUCCIÓN DE EDIFICIOS,3.0,Principal - 4100 - CONSTRUCCIÓN DE EDIFICIOS | Secundaria 1 - 7020 - ACTIVIDADES DE CONSULTORÍA DE GESTIÓN | Secundaria 2 - 7110 - ACTIVIDADES DE ARQUITECTURA E INGENIERÍA Y ACTIVIDADES CONEXAS DE CONSULTORÍA TÉCNICA,2,0,0,0,23/09/2026 22:09,1,1,1,82.4,Muy alto
20377890117,KISWAR CONTRATISTAS GENERALES SOCIEDAD ANONIMA CERRADA-KICGSAC,KICGSAC,2021,JUNIN,14/10/1997,14/10/1997,1997.0,24.0,0,2021,0,1,1,4886064.71,1,1.0,1.0,SOCIEDAD ANONIMA CERRADA,ACTIVO,HABIDO,,LIMA/LIMA/LINCE,Principal - 4100 - CONSTRUCCIÓN DE EDIFICIOS,1.0,Principal - 4100 - CONSTRUCCIÓN DE EDIFICIOS,0,0,0,0,23/09/2026 22:11,1,1,1,82.4,Muy alto
20407412592,CONSTRUCTORA NEPAL S.A.C. CONSULTORES Y CONTRATISTAS GENERALES,CONSTRUCTORA NEPAL SAC,2021,JUNIN,16/04/1999,16/04/1999,1999.0,22.0,0,2006,15,1,2,122807577.22,1,0.0,0.0,SOCIEDAD ANONIMA,ACTIVO,HABIDO,,AYACUCHO/HUAMANGA/AYACUCHO,Principal - 4100 - CONSTRUCCIÓN DE EDIFICIOS,3.0,Principal - 4100 - CONSTRUCCIÓN DE EDIFICIOS | Secundaria 1 - 4210 - CONSTRUCCIÓN DE CARRETERAS Y VÍAS DE FERROCARRIL | Secundaria 2 - 4923 - TRANSPORTE DE CARGA POR CARRETERA,0,0,0,0,23/09/2026 22:14,1,1,1,82.4,Muy alto
20438494171,CONSTRUCTORA MUNDO S.R.L.,-,2021,JUNIN,18/01/2001,18/01/2001,2001.0,20.0,0,2021,0,1,1,199598303.08,1,0.0,0.0,SOC.COM.RESPONS. LTDA,ACTIVO,HABIDO,,LAMBAYEQUE/CHICLAYO/JOSE LEONARDO ORTIZ,Principal - 4100 - CONSTRUCCIÓN DE EDIFICIOS,1.0,Principal - 4100 - CONSTRUCCIÓN DE EDIFICIOS,0,0,0,0,23/09/2026 22:16,1,1,1,82.4,Muy alto
20444927098,OSPINA S.A.C,OSPINA S.A.C.,2021,JUNIN,18/10/2000,20/10/2000,2000.0,21.0,0,2021,0,1,1,10808422.2,1,1.0,1.0,SOCIEDAD ANONIMA,ACTIVO,HABIDO,,LIMA/LIMA/LA MOLINA,Principal - 4100 - CONSTRUCCIÓN DE EDIFICIOS,3.0,Principal - 4100 - CONSTRUCCIÓN DE EDIFICIOS | Secundaria 1 - 2599 - FABRICACIÓN DE OTROS PRODUCTOS ELABORADOS DE METAL N.C.P. | Secundaria 2 - 4290 - CONSTRUCCIÓN DE OTRAS OBRAS DE INGENIERÍA CIVIL,1,0,0,0,23/09/2026 22:17,1,1,1,82.4,Muy alto
20461112227,GRUPO EMPRESARIAL DE LOGISTICA INTEGRAL SOCIEDAD ANONIMA CERRADA - GELI S.A.C.,CSSI SAC,2021,JUNIN,19/07/2007,01/02/2000,2000.0,21.0,0,2010,11,1,1,103818565.5,1,0.0,0.0,SOCIEDAD ANONIMA CERRADA,BAJA DEFINITIVA,NO HABIDO,01/03/2024,LIMA/LIMA/LA VICTORIA,Principal - 4923 - TRANSPORTE DE CARGA POR CARRETERA,2.0,"Principal - 4923 - TRANSPORTE DE CARGA POR CARRETERA | Secundaria 2 - 4663 - VENTA AL POR MAYOR DE MATERIALES DE CONSTRUCCIÓN, ARTÍCULOS DE FERRETERÍA Y EQUIPO Y MATERIALES DE FONTANERÍA Y CALEFACCIÓN",2,0,0,0,23/09/2026 22:21,1,1,1,82.4,Muy alto
20486573113,CONSORCIO REBOLLAR S.R.L.,-,2021,JUNIN,19/02/2007,19/02/2007,2007.0,14.0,0,2014,7,1,1,100000.0,1,1.0,1.0,SOC.COM.RESPONS. LTDA,ACTIVO,HABIDO,,JUNIN/HUANCAYO/EL TAMBO,Principal - 4100 - CONSTRUCCIÓN DE EDIFICIOS,3.0,Principal - 4100 - CONSTRUCCIÓN DE EDIFICIOS | Secundaria 1 - 4210 - CONSTRUCCIÓN DE CARRETERAS Y VÍAS DE FERROCARRIL | Secundaria 2 - 4290 - CONSTRUCCIÓN DE OTRAS OBRAS DE INGENIERÍA CIVIL,2,0,0,0,23/09/2026 22:27,1,1,1,82.4,Muy alto
20486693283,CONTRATISTAS GENERALES & INVERSIONES MERCURIO SOCIEDAD ANONIMA,COGIMSA,2021,JUNIN,13/09/2007,01/10/2007,2007.0,14.0,0,2021,0,1,1,100000.0,1,1.0,1.0,SOCIEDAD ANONIMA,ACTIVO,HABIDO,,LIMA/LIMA/ATE,Principal - 7110 - ACTIVIDADES DE ARQUITECTURA E INGENIERÍA Y ACTIVIDADES CONEXAS DE CONSULTORÍA TÉCNICA,3.0,"Principal - 7110 - ACTIVIDADES DE ARQUITECTURA E INGENIERÍA Y ACTIVIDADES CONEXAS DE CONSULTORÍA TÉCNICA | Secundaria 1 - 2395 - FABRICACIÓN DE ARTÍCULOS DE HORMIGÓN, CEMENTO Y YESO | Secundaria 2 - 4100 - CONSTRUCCIÓN DE EDIFICIOS",1,0,0,0,23/09/2026 22:27,1,1,1,82.4,Muy alto
20486887568,W & M CONSTRUCTORES SOCIEDAD ANONIMA CERRADA,W & M CONSTRUCTORES S.A.C.,2021,JUNIN,07/08/2008,07/08/2008,2008.0,13.0,0,2012,9,1,1,100000.0,1,1.0,1.0,SOCIEDAD ANONIMA CERRADA,ACTIVO,HABIDO,,LIMA/LIMA/CHORRILLOS,Principal - 4290 - CONSTRUCCIÓN DE OTRAS OBRAS DE INGENIERÍA CIVIL,3.0,"Principal - 4290 - CONSTRUCCIÓN DE OTRAS OBRAS DE INGENIERÍA CIVIL | Secundaria 1 - 4663 - VENTA AL POR MAYOR DE MATERIALES DE CONSTRUCCIÓN, ARTÍCULOS DE FERRETERÍA Y EQUIPO Y MATERIALES DE FONTANERÍA Y CALEFACCIÓN | Secundaria 2 - 7730 - ALQUILER Y ARRENDAMIENTO DE OTROS TIPOS DE MAQUINARIA, EQUIPO Y BIENES TANGIBLES",1,0,0,0,23/09/2026 22:28,1,1,1,82.4,Muy alto
20486960401,CORPORACION DOMINUS SOCIEDAD ANONIMA CERRADA,CORPORACION DOMINUS SAC,2021,JUNIN,03/12/2008,03/12/2008,2008.0,13.0,0,2012,9,1,2,294813583.41,1,0.0,0.0,SOCIEDAD ANONIMA CERRADA,ACTIVO,HABIDO,,LIMA/LIMA/SAN ISIDRO,Principal - 4923 - TRANSPORTE DE CARGA POR CARRETERA,3.0,Principal - 4923 - TRANSPORTE DE CARGA POR CARRETERA | Secundaria 1 - 7110 - ACTIVIDADES DE ARQUITECTURA E INGENIERÍA Y ACTIVIDADES CONEXAS DE CONSULTORÍA TÉCNICA | Secundaria 2 - 4210 - CONSTRUCCIÓN DE CARRETERAS Y VÍAS DE FERROCARRIL,1,4,0,0,23/09/2026 22:28,1,1,1,82.4,Muy alto
20487499685,TUESTA CONSULTORES Y EJECUTORES E.I.R.L,-,2021,JUNIN,18/11/2010,01/11/2010,2010.0,11.0,0,2011,10,1,2,314873350.68,1,0.0,0.0,EMPRESA INDIVIDUAL DE RESP. LTDA,ACTIVO,HABIDO,,AMAZONAS/CHACHAPOYAS/CHACHAPOYAS,Principal - 7110 - ACTIVIDADES DE ARQUITECTURA E INGENIERÍA Y ACTIVIDADES CONEXAS DE CONSULTORÍA TÉCNICA,3.0,Principal - 7110 - ACTIVIDADES DE ARQUITECTURA E INGENIERÍA Y ACTIVIDADES CONEXAS DE CONSULTORÍA TÉCNICA | Secundaria 1 - 4100 - CONSTRUCCIÓN DE EDIFICIOS | Secundaria 2 - 4290 - CONSTRUCCIÓN DE OTRAS OBRAS DE INGENIERÍA CIVIL,0,0,0,0,23/09/2026 22:29,1,1,1,82.4,Muy alto
20487950301,"""CALOF CONSTRUCCIONES S.R.L.""",-,2021,JUNIN,20/03/2012,01/03/2012,2012.0,9.0,0,2021,0,1,2,49463909.73,1,1.0,1.0,SOC.COM.RESPONS. LTDA,ACTIVO,NO HALLADO,,AMAZONAS/UTCUBAMBA/BAGUA GRANDE,Principal - 4100 - CONSTRUCCIÓN DE EDIFICIOS,3.0,Principal - 4100 - CONSTRUCCIÓN DE EDIFICIOS | Secundaria 1 - 7110 - ACTIVIDADES DE ARQUITECTURA E INGENIERÍA Y ACTIVIDADES CONEXAS DE CONSULTORÍA TÉCNICA | Secundaria 2 - 4210 - CONSTRUCCIÓN DE CARRETERAS Y VÍAS DE FERROCARRIL,0,0,0,0,23/09/2026 22:29,1,1,1,82.4,Muy alto
20494854172,VIAS INGENIERIA Y CONSTRUCCION S.R.L. VICON S.R.L.,VIAS INGEN. Y CONTRUC. S.R.L.,2021,JUNIN,07/12/2009,07/12/2009,2009.0,12.0,0,2010,11,3,1,112856013.38,3,0.0,0.0,SOC.COM.RESPONS. LTDA,ACTIVO,HABIDO,,LIMA/LIMA/LIMA,Principal - 4290 - CONSTRUCCIÓN DE OTRAS OBRAS DE INGENIERÍA CIVIL,3.0,Principal - 4290 - CONSTRUCCIÓN DE OTRAS OBRAS DE INGENIERÍA CIVIL | Secundaria 1 - 4923 - TRANSPORTE DE CARGA POR CARRETERA | Secundaria 2 - 7710 - ALQUILER Y ARRENDAMIENTO DE VEHÍCULOS AUTOMOTORES,0,1,0,0,23/09/2026 22:35,1,1,1,82.4,Muy alto
20495042333,DLTA INGENIEROS CONSULTORES CONTRATISTAS S.R.L.,-,2021,JUNIN,02/09/2010,02/09/2010,2010.0,11.0,0,2018,3,1,1,85672831.46,1,0.0,0.0,SOC.COM.RESPONS. LTDA,ACTIVO,HABIDO,,AYACUCHO/HUAMANGA/AYACUCHO,Principal - 4100 - CONSTRUCCIÓN DE EDIFICIOS,3.0,"Principal - 4100 - CONSTRUCCIÓN DE EDIFICIOS | Secundaria 1 - 4923 - TRANSPORTE DE CARGA POR CARRETERA | Secundaria 2 - 7730 - ALQUILER Y ARRENDAMIENTO DE OTROS TIPOS DE MAQUINARIA, EQUIPO Y BIENES TANGIBLES",1,1,0,0,23/09/2026 22:36,1,1,1,82.4,Muy alto
20514402346,THRADEX & TELECOM S.A.C.,-,2021,JUNIN,06/11/2006,06/11/2006,2006.0,15.0,0,2021,0,1,1,100000.0,1,1.0,1.0,SOCIEDAD ANONIMA CERRADA,ACTIVO,HABIDO,,LIMA/LIMA/MIRAFLORES,Principal - 6190 - OTRAS ACTIVIDADES DE TELECOMUNICACIONES,3.0,"Principal - 6190 - OTRAS ACTIVIDADES DE TELECOMUNICACIONES | Secundaria 1 - 4390 - OTRAS ACTIVIDADES ESPECIALIZADAS DE CONSTRUCCIÓN | Secundaria 2 - 7730 - ALQUILER Y ARRENDAMIENTO DE OTROS TIPOS DE MAQUINARIA, EQUIPO Y BIENES TANGIBLES",0,0,0,0,23/09/2026 22:38,1,1,1,82.4,Muy alto
20523070071,SHYRLE Y MUQUI CONSTRUCTORES S.A.C. - SHYRMUQUICSAC,-,2021,JUNIN,31/08/2009,31/08/2009,2009.0,12.0,0,2013,8,1,1,14589158.88,1,0.0,0.0,SOCIEDAD ANONIMA CERRADA,ACTIVO,HABIDO,,PROV. CONST. DEL CALLAO/PROV. CONST. DEL CALLAO/VENTANILLA,Principal - 4100 - CONSTRUCCIÓN DE EDIFICIOS,3.0,"Principal - 4100 - CONSTRUCCIÓN DE EDIFICIOS | Secundaria 1 - 7020 - ACTIVIDADES DE CONSULTORÍA DE GESTIÓN | Secundaria 2 - 7490 - OTRAS ACTIVIDADES PROFESIONALES, CIENTÍFICAS Y TÉCNICAS N.C.P.",0,0,0,0,23/09/2026 22:40,1,1,1,82.4,Muy alto
20528901361,JD LATIN COMPANY SOCIEDAD ANONIMA CERRADA,""" LATIN COMPANY "" S.A.C.",2021,JUNIN,24/02/2009,01/03/2009,2009.0,12.0,0,2021,0,1,1,24348511.0,1,0.0,0.0,SOCIEDAD ANONIMA CERRADA,ACTIVO,HABIDO,,LIMA/LIMA/SAN MIGUEL,Principal - 4210 - CONSTRUCCIÓN DE CARRETERAS Y VÍAS DE FERROCARRIL,2.0,Principal - 4210 - CONSTRUCCIÓN DE CARRETERAS Y VÍAS DE FERROCARRIL | Secundaria 1 - 4100 - CONSTRUCCIÓN DE EDIFICIOS,0,0,0,0,23/09/2026 22:43,1,1,1,82.4,Muy alto
20529166151,MINGECON PERU EMPRESA INDIVIDUAL DE RESPONSABILIDAD LIMITADA,-,2021,JUNIN,15/02/2011,01/04/2011,2011.0,10.0,0,2019,2,1,1,22753032.98,1,0.0,0.0,EMPRESA INDIVIDUAL DE RESP. LTDA,ACTIVO,HABIDO,,PASCO/PASCO/CHAUPIMARCA,Principal - 4290 - CONSTRUCCIÓN DE OTRAS OBRAS DE INGENIERÍA CIVIL,3.0,Principal - 4290 - CONSTRUCCIÓN DE OTRAS OBRAS DE INGENIERÍA CIVIL | Secundaria 1 - 7710 - ALQUILER Y ARRENDAMIENTO DE VEHÍCULOS AUTOMOTORES | Secundaria 2 - 4923 - TRANSPORTE DE CARGA POR CARRETERA,0,0,0,0,23/09/2026 22:44,1,1,1,82.4,Muy alto
20541462644,YURAQYAKU J & M S.A.C.,-,2021,JUNIN,14/01/2011,14/01/2011,2011.0,10.0,0,2011,10,1,1,100000.0,1,1.0,1.0,SOCIEDAD ANONIMA CERRADA,ACTIVO,HABIDO,,LIMA/LIMA/CHORRILLOS,Principal - 4100 - CONSTRUCCIÓN DE EDIFICIOS,3.0,Principal - 4100 - CONSTRUCCIÓN DE EDIFICIOS | Secundaria 1 - 7110 - ACTIVIDADES DE ARQUITECTURA E INGENIERÍA Y ACTIVIDADES CONEXAS DE CONSULTORÍA TÉCNICA | Secundaria 2 - 4210 - CONSTRUCCIÓN DE CARRETERAS Y VÍAS DE FERROCARRIL,1,0,0,0,23/09/2026 22:53,1,1,1,82.4,Muy alto
20568071876,JUCABA SOCIEDAD ANONIMA CERRADA,-,2021,JUNIN,27/07/2011,15/08/2011,2011.0,10.0,0,2021,0,1,1,100000.0,1,1.0,1.0,SOCIEDAD ANONIMA CERRADA,ACTIVO,HABIDO,,JUNIN/SATIPO/RIO NEGRO,"Principal - 4663 - VENTA AL POR MAYOR DE MATERIALES DE CONSTRUCCIÓN, ARTÍCULOS DE FERRETERÍA Y EQUIPO Y MATERIALES DE FONTANERÍA Y CALEFACCIÓN",3.0,"Principal - 4663 - VENTA AL POR MAYOR DE MATERIALES DE CONSTRUCCIÓN, ARTÍCULOS DE FERRETERÍA Y EQUIPO Y MATERIALES DE FONTANERÍA Y CALEFACCIÓN | Secundaria 1 - 4100 - CONSTRUCCIÓN DE EDIFICIOS | Secundaria 2 - 7110 - ACTIVIDADES DE ARQUITECTURA E INGENIERÍA Y ACTIVIDADES CONEXAS DE CONSULTORÍA TÉCNICA",0,0,0,0,23/09/2026 22:59,1,1,1,82.4,Muy alto
20568112220,OMBE'S CONSTRUCTORES S.R.L.,-,2021,JUNIN,28/04/2017,01/06/2017,2017.0,4.0,0,2019,2,1,1,100000.0,1,1.0,1.0,SOC.COM.RESPONS. LTDA,ACTIVO,NO HABIDO,,JUNIN/HUANCAYO/HUANCAYO,Principal - 4100 - CONSTRUCCIÓN DE EDIFICIOS,3.0,"Principal - 4100 - CONSTRUCCIÓN DE EDIFICIOS | Secundaria 1 - 2395 - FABRICACIÓN DE ARTÍCULOS DE HORMIGÓN, CEMENTO Y YESO | Secundaria 2 - 4752 - VENTA AL POR MENOR DE ARTÍCULOS DE FERRETERÍA, PINTURAS Y PRODUCTOS DE VIDRIO EN COMERCIOS ESPECIALIZADOS",2,1,0,0,23/09/2026 22:59,1,1,1,82.4,Muy alto
20568223307,CORAL ING'S ASOCIADOS CONTRATISTAS S.A.C.,-,2021,JUNIN,26/01/2012,01/02/2012,2012.0,9.0,0,2012,9,1,1,25421340.3,1,0.0,0.0,SOCIEDAD ANONIMA CERRADA,ACTIVO,HABIDO,,JUNIN/HUANCAYO/HUANCAYO,Principal - 4100 - CONSTRUCCIÓN DE EDIFICIOS,3.0,"Principal - 4100 - CONSTRUCCIÓN DE EDIFICIOS | Secundaria 1 - 7110 - ACTIVIDADES DE ARQUITECTURA E INGENIERÍA Y ACTIVIDADES CONEXAS DE CONSULTORÍA TÉCNICA | Secundaria 2 - 7730 - ALQUILER Y ARRENDAMIENTO DE OTROS TIPOS DE MAQUINARIA, EQUIPO Y BIENES TANGIBLES",0,0,0,0,23/09/2026 23:00,1,1,1,82.4,Muy alto
20568437528,CONSTRUCTORA Y CONSULTORA HNOS. GUTARRA ALARCON S.A.C.,-,2021,JUNIN,27/08/2012,01/09/2012,2012.0,9.0,0,2021,0,1,1,100000.0,1,1.0,1.0,SOCIEDAD ANONIMA CERRADA,ACTIVO,HABIDO,,LIMA/LIMA/ATE,Principal - 7110 - ACTIVIDADES DE ARQUITECTURA E INGENIERÍA Y ACTIVIDADES CONEXAS DE CONSULTORÍA TÉCNICA,3.0,"Principal - 7110 - ACTIVIDADES DE ARQUITECTURA E INGENIERÍA Y ACTIVIDADES CONEXAS DE CONSULTORÍA TÉCNICA | Secundaria 1 - 7730 - ALQUILER Y ARRENDAMIENTO DE OTROS TIPOS DE MAQUINARIA, EQUIPO Y BIENES TANGIBLES | Secundaria 2 - 4100 - CONSTRUCCIÓN DE EDIFICIOS",1,0,0,0,23/09/2026 23:00,1,1,1,82.4,Muy alto
20568535376,R&E CONTRATISTAS SOCIEDAD ANONIMA CERRADA,-,2021,JUNIN,05/12/2012,05/12/2012,2012.0,9.0,0,2021,0,1,1,6389102.29,1,0.0,0.0,SOCIEDAD ANONIMA CERRADA,ACTIVO,HABIDO,,LIMA/LIMA/SANTA ANITA,Principal - 4210 - CONSTRUCCIÓN DE CARRETERAS Y VÍAS DE FERROCARRIL,3.0,Principal - 4210 - CONSTRUCCIÓN DE CARRETERAS Y VÍAS DE FERROCARRIL | Secundaria 1 - 4620 - VENTA AL POR MAYOR DE MATERIAS PRIMAS AGROPECUARIAS Y ANIMALES VIVOS | Secundaria 2 - 7110 - ACTIVIDADES DE ARQUITECTURA E INGENIERÍA Y ACTIVIDADES CONEXAS DE CONSULTORÍA TÉCNICA,0,0,0,0,23/09/2026 23:00,1,1,1,82.4,Muy alto
20568838352,JC&R CONTRATISTAS GENERALES S.A.C.,-,2021,JUNIN,14/10/2013,14/10/2013,2013.0,8.0,0,2019,2,1,1,7610997.96,1,0.0,0.0,SOCIEDAD ANONIMA CERRADA,ACTIVO,HABIDO,,JUNIN/SATIPO/SATIPO,Principal - 4100 - CONSTRUCCIÓN DE EDIFICIOS,3.0,Principal - 4100 - CONSTRUCCIÓN DE EDIFICIOS | Secundaria 1 - 7110 - ACTIVIDADES DE ARQUITECTURA E INGENIERÍA Y ACTIVIDADES CONEXAS DE CONSULTORÍA TÉCNICA | Secundaria 2 - 4659 - VENTA AL POR MAYOR DE OTROS TIPOS DE MAQUINARIA Y EQUIPO,0,0,0,0,23/09/2026 23:01,1,1,1,82.4,Muy alto
20568992351,G & M ARKHOS S.A.C.,-,2021,JUNIN,16/02/2016,16/02/2016,2016.0,5.0,0,2021,0,1,1,100000.0,1,1.0,1.0,SOCIEDAD ANONIMA CERRADA,ACTIVO,HABIDO,,LIMA/LIMA/SAN ISIDRO,Principal - 4100 - CONSTRUCCIÓN DE EDIFICIOS,3.0,"Principal - 4100 - CONSTRUCCIÓN DE EDIFICIOS | Secundaria 1 - 4210 - CONSTRUCCIÓN DE CARRETERAS Y VÍAS DE FERROCARRIL | Secundaria 2 - 7730 - ALQUILER Y ARRENDAMIENTO DE OTROS TIPOS DE MAQUINARIA, EQUIPO Y BIENES TANGIBLES",0,0,0,0,23/09/2026 23:01,1,1,1,82.4,Muy alto
20574732400,CONSTRUCTORA E INMOBILIARIOS SAN FELIPE S.A.C.,-,2021,JUNIN,07/05/2014,07/05/2014,2014.0,7.0,0,2021,0,1,1,25676250.72,1,0.0,0.0,SOCIEDAD ANONIMA CERRADA,ACTIVO,HABIDO,,AYACUCHO/HUAMANGA/AYACUCHO,Principal - 4100 - CONSTRUCCIÓN DE EDIFICIOS,3.0,"Principal - 4100 - CONSTRUCCIÓN DE EDIFICIOS | Secundaria 1 - 4923 - TRANSPORTE DE CARGA POR CARRETERA | Secundaria 2 - 7730 - ALQUILER Y ARRENDAMIENTO DE OTROS TIPOS DE MAQUINARIA, EQUIPO Y BIENES TANGIBLES",0,0,0,0,23/09/2026 23:04,1,1,1,82.4,Muy alto
20600683650,CORPORACION DIAMANTE JUBERS S.A.C.,-,2021,JUNIN,21/09/2015,21/09/2015,2015.0,6.0,0,2019,2,1,2,2157432332.42,1,0.0,0.0,SOCIEDAD ANONIMA CERRADA,ACTIVO,HABIDO,,LIMA/LIMA/LINCE,Principal - 4100 - CONSTRUCCIÓN DE EDIFICIOS,3.0,"Principal - 4100 - CONSTRUCCIÓN DE EDIFICIOS | Secundaria 1 - 4663 - VENTA AL POR MAYOR DE MATERIALES DE CONSTRUCCIÓN, ARTÍCULOS DE FERRETERÍA Y EQUIPO Y MATERIALES DE FONTANERÍA Y CALEFACCIÓN | Secundaria 2 - 7730 - ALQUILER Y ARRENDAMIENTO DE OTROS TIPOS DE MAQUINARIA, EQUIPO Y BIENES TANGIBLES",3,0,0,0,23/09/2026 23:10,1,1,1,82.4,Muy alto
20602262201,"""CORPORACIÓN TROMMEL INGENIERIA CONSULTORIA CONSTRUCCION S.A.C""",-,2021,JUNIN,31/07/2026,01/08/2026,2026.0,,1,2021,0,1,1,100000.0,1,1.0,1.0,SOCIEDAD ANONIMA CERRADA,ACTIVO,HABIDO,,AYACUCHO/HUAMANGA/AYACUCHO,Principal - 7110 - ACTIVIDADES DE ARQUITECTURA E INGENIERÍA Y ACTIVIDADES CONEXAS DE CONSULTORÍA TÉCNICA,1.0,Principal - 7110 - ACTIVIDADES DE ARQUITECTURA E INGENIERÍA Y ACTIVIDADES CONEXAS DE CONSULTORÍA TÉCNICA,0,0,0,0,23/09/2026 23:16,1,1,1,82.4,Muy alto
20602979173,"SINOHYDRO CORPORATION LIMITED, SUCURSAL DEL PERU",SINOHYDRO CORPORATION LIMITED,2021,JUNIN,07/03/2018,07/03/2018,2018.0,3.0,0,2018,3,2,2,400000.0,2,2.0,1.0,SUCURSALES O AG. DE EMP. EXTRANJ.,ACTIVO,HABIDO,,LIMA/LIMA/MAGDALENA DEL MAR,Principal - 4100 - CONSTRUCCIÓN DE EDIFICIOS,2.0,Principal - 4100 - CONSTRUCCIÓN DE EDIFICIOS | Secundaria 1 - 4210 - CONSTRUCCIÓN DE CARRETERAS Y VÍAS DE FERROCARRIL,0,0,0,0,23/09/2026 23:18,1,1,1,82.4,Muy alto
20604269009,CHINA CIVIL ENGINEERING CONSTRUCTION CORPORATION SUCURSAL DEL PERU,CCECC,2021,JUNIN,23/02/2019,23/02/2019,2019.0,2.0,0,2021,0,1,2,16042757513.74,1,0.0,0.0,SUCURSALES O AG. DE EMP. EXTRANJ.,ACTIVO,HABIDO,,LIMA/LIMA/SAN ISIDRO,Principal - 4210 - CONSTRUCCIÓN DE CARRETERAS Y VÍAS DE FERROCARRIL,3.0,Principal - 4210 - CONSTRUCCIÓN DE CARRETERAS Y VÍAS DE FERROCARRIL | Secundaria 1 - 4290 - CONSTRUCCIÓN DE OTRAS OBRAS DE INGENIERÍA CIVIL | Secundaria 2 - 9609 - OTRAS ACTIVIDADES DE SERVICIOS PERSONALES N.C.P.,3,5,0,0,23/09/2026 23:20,1,1,1,82.4,Muy alto
20604384002,INGENIEROS JM.PP CONSTRUCTORA S.A.C.,-,2021,JUNIN,14/03/2019,14/03/2019,2019.0,2.0,0,2021,0,1,1,8689104.61,1,0.0,0.0,SOCIEDAD ANONIMA CERRADA,ACTIVO,HABIDO,,LIMA/HUAROCHIRI/SAN ANTONIO,Principal - 4210 - CONSTRUCCIÓN DE CARRETERAS Y VÍAS DE FERROCARRIL,3.0,Principal - 4210 - CONSTRUCCIÓN DE CARRETERAS Y VÍAS DE FERROCARRIL | Secundaria 1 - 7110 - ACTIVIDADES DE ARQUITECTURA E INGENIERÍA Y ACTIVIDADES CONEXAS DE CONSULTORÍA TÉCNICA | Secundaria 2 - 4923 - TRANSPORTE DE CARGA POR CARRETERA,0,0,0,0,23/09/2026 23:21,1,1,1,82.4,Muy alto
10266854892,LLANOS CALUA LUIS EDILBERTO,-,2021,LA LIBERTAD,06/10/1994,25/10/1994,1994.0,27.0,0,2008,13,1,1,76413273.71,1,0.0,0.0,PERSONA NATURAL CON NEGOCIO,ACTIVO,HABIDO,,CAJAMARCA/CAJAMARCA/LOS BAÑOS DEL INCA,Principal - 7110 - ACTIVIDADES DE ARQUITECTURA E INGENIERÍA Y ACTIVIDADES CONEXAS DE CONSULTORÍA TÉCNICA,2.0,"Principal - 7110 - ACTIVIDADES DE ARQUITECTURA E INGENIERÍA Y ACTIVIDADES CONEXAS DE CONSULTORÍA TÉCNICA | Secundaria 1 - 7730 - ALQUILER Y ARRENDAMIENTO DE OTROS TIPOS DE MAQUINARIA, EQUIPO Y BIENES TANGIBLES",2,0,0,0,23/09/2026 22:06,1,1,1,82.0,Muy alto
20121907608,CONSTRUCTORA MENDEZ S R LTDA,CONSTRUMEN S.R.L,2021,LA LIBERTAD,30/04/1993,30/12/1991,1991.0,30.0,0,2010,11,1,1,100000.0,1,1.0,1.0,SOC.COM.RESPONS. LTDA,ACTIVO,HABIDO,,LIMA/LIMA/LIMA,Principal - 4390 - OTRAS ACTIVIDADES ESPECIALIZADAS DE CONSTRUCCIÓN,3.0,Principal - 4390 - OTRAS ACTIVIDADES ESPECIALIZADAS DE CONSTRUCCIÓN | Secundaria 1 - 4923 - TRANSPORTE DE CARGA POR CARRETERA | Secundaria 2 - 5223 - ACTIVIDADES DE SERVICIOS VINCULADAS AL TRANSPORTE AÉREO,1,0,0,0,23/09/2026 22:08,1,1,1,82.0,Muy alto
20134483611,CONSTRUCTORA GOMEZ S.R.L.,CONSTRUCTORA GOMEZ S.R.L.,2021,LA LIBERTAD,08/05/1993,04/01/1993,1993.0,28.0,0,2020,1,1,1,100000.0,1,1.0,1.0,SOC.COM.RESPONS. LTDA,ACTIVO,HABIDO,,AYACUCHO/HUAMANGA/ANDRES AVELINO CACERES,Principal - 4390 - OTRAS ACTIVIDADES ESPECIALIZADAS DE CONSTRUCCIÓN,2.0,"Principal - 4390 - OTRAS ACTIVIDADES ESPECIALIZADAS DE CONSTRUCCIÓN | Secundaria 1 - 7730 - ALQUILER Y ARRENDAMIENTO DE OTROS TIPOS DE MAQUINARIA, EQUIPO Y BIENES TANGIBLES",0,0,0,0,23/09/2026 22:08,1,1,1,82.0,Muy alto
20453649840,MACSELL CONTRATISTAS GENERALES SRL,-,2021,LA LIBERTAD,30/01/2001,01/02/2001,2001.0,20.0,0,2017,4,1,2,205040003.77,1,0.0,0.0,SOC.COM.RESPONS. LTDA,ACTIVO,HABIDO,,CAJAMARCA/CAJAMARCA/LOS BAÑOS DEL INCA,Principal - 4210 - CONSTRUCCIÓN DE CARRETERAS Y VÍAS DE FERROCARRIL,3.0,Principal - 4210 - CONSTRUCCIÓN DE CARRETERAS Y VÍAS DE FERROCARRIL | Secundaria 1 - 4100 - CONSTRUCCIÓN DE EDIFICIOS | Secundaria 2 - 8130 - ACTIVIDADES DE PAISAJISMO Y SERVICIOS DE MANTENIMIENTO CONEXOS,2,0,0,0,23/09/2026 22:21,1,1,1,82.0,Muy alto
20477150242,CONSTRUCCIONES & SERVICIOS DIEGUITO S.A.C.,-,2021,LA LIBERTAD,02/02/2011,02/02/2011,2011.0,10.0,0,2016,5,1,2,582790972.77,1,0.0,0.0,SOCIEDAD ANONIMA CERRADA,ACTIVO,HABIDO,,LA LIBERTAD/TRUJILLO/MOCHE,Principal - 4923 - TRANSPORTE DE CARGA POR CARRETERA,3.0,"Principal - 4923 - TRANSPORTE DE CARGA POR CARRETERA | Secundaria 1 - 4220 - CONSTRUCCIÓN DE PROYECTOS DE SERVICIO PÚBLICO | Secundaria 2 - 7730 - ALQUILER Y ARRENDAMIENTO DE OTROS TIPOS DE MAQUINARIA, EQUIPO Y BIENES TANGIBLES",1,0,0,0,23/09/2026 22:21,1,1,1,82.0,Muy alto
20477458883,CONSTRUCTORA PARAMAX S.A.C.,-,2021,LA LIBERTAD,19/10/2011,19/10/2011,2011.0,10.0,0,2012,9,1,1,66120130.55,1,0.0,0.0,SOCIEDAD ANONIMA CERRADA,ACTIVO,HABIDO,,LIMA/LIMA/SAN JUAN DE LURIGANCHO,Principal - 4290 - CONSTRUCCIÓN DE OTRAS OBRAS DE INGENIERÍA CIVIL,3.0,Principal - 4290 - CONSTRUCCIÓN DE OTRAS OBRAS DE INGENIERÍA CIVIL | Secundaria 1 - 7110 - ACTIVIDADES DE ARQUITECTURA E INGENIERÍA Y ACTIVIDADES CONEXAS DE CONSULTORÍA TÉCNICA | Secundaria 2 - 4390 - OTRAS ACTIVIDADES ESPECIALIZADAS DE CONSTRUCCIÓN,0,0,0,0,23/09/2026 22:22,1,1,1,82.0,Muy alto
20477460357,ORFAM CONTRATISTAS GENERALES S.A.C.,-,2021,LA LIBERTAD,19/10/2011,19/10/2011,2011.0,10.0,0,2021,0,1,1,100000.0,1,1.0,1.0,SOCIEDAD ANONIMA CERRADA,ACTIVO,NO HABIDO,,LA LIBERTAD/ASCOPE/CHICAMA,Principal - 4100 - CONSTRUCCIÓN DE EDIFICIOS,3.0,"Principal - 4100 - CONSTRUCCIÓN DE EDIFICIOS | Secundaria 1 - 4663 - VENTA AL POR MAYOR DE MATERIALES DE CONSTRUCCIÓN, ARTÍCULOS DE FERRETERÍA Y EQUIPO Y MATERIALES DE FONTANERÍA Y CALEFACCIÓN | Secundaria 2 - 4799 - OTRAS ACTIVIDADES DE VENTA AL POR MENOR NO REALIZADAS EN COMERCIOS, PUESTOS DE VENTA O MERCADOS",0,0,0,0,23/09/2026 22:22,1,1,1,82.0,Muy alto
20477617434,HSJ TRANSVIA S.A.C.,-,2021,LA LIBERTAD,27/02/2012,27/02/2012,2012.0,9.0,0,2018,3,1,1,613612.3,1,1.0,1.0,SOCIEDAD ANONIMA CERRADA,ACTIVO,HABIDO,,LIMA/LIMA/LIMA,Principal - 4923 - TRANSPORTE DE CARGA POR CARRETERA,3.0,Principal - 4923 - TRANSPORTE DE CARGA POR CARRETERA | Secundaria 1 - 7110 - ACTIVIDADES DE ARQUITECTURA E INGENIERÍA Y ACTIVIDADES CONEXAS DE CONSULTORÍA TÉCNICA | Secundaria 2 - 4100 - CONSTRUCCIÓN DE EDIFICIOS,1,0,0,0,23/09/2026 22:22,1,1,1,82.0,Muy alto
20481813841,CAPULI CONTRATISTAS GENERALES S.A.C.,-,2021,LA LIBERTAD,14/03/2008,14/03/2008,2008.0,13.0,0,2021,0,1,3,100000.0,1,1.0,1.0,SOCIEDAD ANONIMA CERRADA,BAJA DE OFICIO,HABIDO,30/04/2026,LA LIBERTAD/SANCHEZ CARRION/HUAMACHUCO,Principal - 4220 - CONSTRUCCIÓN DE PROYECTOS DE SERVICIO PÚBLICO,3.0,"Principal - 4220 - CONSTRUCCIÓN DE PROYECTOS DE SERVICIO PÚBLICO | Secundaria 1 - 4100 - CONSTRUCCIÓN DE EDIFICIOS | Secundaria 2 - 7730 - ALQUILER Y ARRENDAMIENTO DE OTROS TIPOS DE MAQUINARIA, EQUIPO Y BIENES TANGIBLES",1,1,0,0,23/09/2026 22:24,1,1,1,82.0,Muy alto
20482206574,INVERSIONES VISTA ALEGRE E.I.R.L.,-,2021,LA LIBERTAD,11/05/2009,11/05/2009,2009.0,12.0,0,2021,0,1,1,100000.0,1,1.0,1.0,EMPRESA INDIVIDUAL DE RESP. LTDA,SUSPENSION TEMPORAL,HABIDO,,LA LIBERTAD/CHEPEN/CHEPEN,Principal - 4100 - CONSTRUCCIÓN DE EDIFICIOS,3.0,"Principal - 4100 - CONSTRUCCIÓN DE EDIFICIOS | Secundaria 1 - 7710 - ALQUILER Y ARRENDAMIENTO DE VEHÍCULOS AUTOMOTORES | Secundaria 2 - 4663 - VENTA AL POR MAYOR DE MATERIALES DE CONSTRUCCIÓN, ARTÍCULOS DE FERRETERÍA Y EQUIPO Y MATERIALES DE FONTANERÍA Y CALEFACCIÓN",0,0,0,0,23/09/2026 22:25,1,1,1,82.0,Muy alto
20489304687,CISMINIG DIAZ INGENIEROS S.C.R.L.,-,2021,LA LIBERTAD,11/05/2012,11/05/2012,2012.0,9.0,0,2021,0,1,2,100000.0,1,1.0,1.0,SOC.COM.RESPONS. LTDA,ACTIVO,NO HABIDO,,LIMA/LIMA/BREÑA,Principal - 4100 - CONSTRUCCIÓN DE EDIFICIOS,3.0,"Principal - 4100 - CONSTRUCCIÓN DE EDIFICIOS | Secundaria 1 - 4663 - VENTA AL POR MAYOR DE MATERIALES DE CONSTRUCCIÓN, ARTÍCULOS DE FERRETERÍA Y EQUIPO Y MATERIALES DE FONTANERÍA Y CALEFACCIÓN | Secundaria 2 - 4210 - CONSTRUCCIÓN DE CARRETERAS Y VÍAS DE FERROCARRIL",0,0,0,0,23/09/2026 22:30,1,1,1,82.0,Muy alto
20495865747,SERVICIOS GENERALES JUVASA E.I.R.L.,-,2021,LA LIBERTAD,05/01/2007,01/02/2007,2007.0,14.0,0,2018,3,1,2,156949011.83,1,0.0,0.0,EMPRESA INDIVIDUAL DE RESP. LTDA,ACTIVO,HABIDO,,CAJAMARCA/CAJAMARCA/CAJAMARCA,Principal - 4100 - CONSTRUCCIÓN DE EDIFICIOS,3.0,"Principal - 4100 - CONSTRUCCIÓN DE EDIFICIOS | Secundaria 1 - 4663 - VENTA AL POR MAYOR DE MATERIALES DE CONSTRUCCIÓN, ARTÍCULOS DE FERRETERÍA Y EQUIPO Y MATERIALES DE FONTANERÍA Y CALEFACCIÓN | Secundaria 2 - 0990 - ACTIVIDADES DE APOYO PARA OTRAS ACTIVIDADES DE EXPLOTACIÓN DE MINAS Y CANTERAS",0,0,0,0,23/09/2026 22:36,1,1,1,82.0,Muy alto
20495934498,LAS PALMAS CONTRATISTAS GENERALES S.R.L.,-,2021,LA LIBERTAD,09/06/2007,01/06/2007,2007.0,14.0,0,2021,0,1,1,958873887.42,1,0.0,0.0,SOC.COM.RESPONS. LTDA,ACTIVO,HABIDO,,CAJAMARCA/CHOTA/CHOTA,Principal - 7110 - ACTIVIDADES DE ARQUITECTURA E INGENIERÍA Y ACTIVIDADES CONEXAS DE CONSULTORÍA TÉCNICA,3.0,Principal - 7110 - ACTIVIDADES DE ARQUITECTURA E INGENIERÍA Y ACTIVIDADES CONEXAS DE CONSULTORÍA TÉCNICA | Secundaria 1 - 4923 - TRANSPORTE DE CARGA POR CARRETERA | Secundaria 2 - 4100 - CONSTRUCCIÓN DE EDIFICIOS,0,0,0,0,23/09/2026 22:36,1,1,1,82.0,Muy alto
20501430669,GRUPO INMOBILIARIO VENTURO S.A.C.,GRINVESAC,2021,LA LIBERTAD,04/07/2003,09/06/2003,2003.0,18.0,0,2019,2,2,1,100000.0,2,2.0,1.0,SOCIEDAD ANONIMA CERRADA,ACTIVO,HABIDO,,LIMA/LIMA/SANTIAGO DE SURCO,Principal - 4390 - OTRAS ACTIVIDADES ESPECIALIZADAS DE CONSTRUCCIÓN,2.0,Principal - 4390 - OTRAS ACTIVIDADES ESPECIALIZADAS DE CONSTRUCCIÓN | Secundaria 1 - 7710 - ALQUILER Y ARRENDAMIENTO DE VEHÍCULOS AUTOMOTORES,1,0,0,0,23/09/2026 22:37,1,1,1,82.0,Muy alto
20504553516,CONSTRUCTORA JHEMSA INGENIEROS S.A.C.,-,2021,LA LIBERTAD,18/08/2004,01/09/2004,2004.0,17.0,0,2020,1,1,1,100000.0,1,1.0,1.0,SOCIEDAD ANONIMA CERRADA,ACTIVO,HABIDO,,LIMA/LIMA/ATE,Principal - 4390 - OTRAS ACTIVIDADES ESPECIALIZADAS DE CONSTRUCCIÓN,3.0,Principal - 4390 - OTRAS ACTIVIDADES ESPECIALIZADAS DE CONSTRUCCIÓN | Secundaria 1 - 4100 - CONSTRUCCIÓN DE EDIFICIOS | Secundaria 2 - 4210 - CONSTRUCCIÓN DE CARRETERAS Y VÍAS DE FERROCARRIL,3,0,0,0,23/09/2026 22:37,1,1,1,82.0,Muy alto
20529440074,CONSTRUCTORA FERRETERA JEHOVA ES MI PASTOR E.I.R.L.,-,2021,LA LIBERTAD,02/06/2018,01/06/2018,2018.0,3.0,0,2021,0,1,1,8040894.66,1,0.0,0.0,EMPRESA INDIVIDUAL DE RESP. LTDA,ACTIVO,HABIDO,,CAJAMARCA/CAJAMARCA/LLACANORA,Principal - 4100 - CONSTRUCCIÓN DE EDIFICIOS,1.0,Principal - 4100 - CONSTRUCCIÓN DE EDIFICIOS,0,0,0,0,23/09/2026 22:45,1,1,1,82.0,Muy alto
20529656751,CONSTRUNORT CAJAMARCA S.R.L.,CONSTRUNORTCAJAMARCA,2021,LA LIBERTAD,01/02/2013,01/02/2013,2013.0,8.0,0,2021,0,2,1,253207203.78,2,0.0,0.0,SOC.COM.RESPONS. LTDA,ACTIVO,HABIDO,,LIMA/LIMA/LA VICTORIA,Principal - 4100 - CONSTRUCCIÓN DE EDIFICIOS,3.0,"Principal - 4100 - CONSTRUCCIÓN DE EDIFICIOS | Secundaria 1 - 4923 - TRANSPORTE DE CARGA POR CARRETERA | Secundaria 2 - 4752 - VENTA AL POR MENOR DE ARTÍCULOS DE FERRETERÍA, PINTURAS Y PRODUCTOS DE VIDRIO EN COMERCIOS ESPECIALIZADOS",0,0,0,0,23/09/2026 22:45,1,1,1,82.0,Muy alto
20529688017,LUAL CONSTRUCCIONES S.A.C. - LUALCO S.A.C.,-,2021,LA LIBERTAD,18/03/2013,01/03/2013,2013.0,8.0,0,2016,5,1,1,100000.0,1,1.0,1.0,SOCIEDAD ANONIMA CERRADA,ACTIVO,HABIDO,,CAJAMARCA/CAJAMARCA/LOS BAÑOS DEL INCA,Principal - 4923 - TRANSPORTE DE CARGA POR CARRETERA,3.0,"Principal - 4923 - TRANSPORTE DE CARGA POR CARRETERA | Secundaria 1 - 4100 - CONSTRUCCIÓN DE EDIFICIOS | Secundaria 2 - 7730 - ALQUILER Y ARRENDAMIENTO DE OTROS TIPOS DE MAQUINARIA, EQUIPO Y BIENES TANGIBLES",1,0,0,0,23/09/2026 22:45,1,1,1,82.0,Muy alto
20531750749,CONTRATISTAS GENERALES ASOCIADOS GM S.A.C.,GM S.A.C,2021,LA LIBERTAD,28/12/2009,01/01/2010,2010.0,11.0,0,2021,0,1,1,98471418.24,1,0.0,0.0,SOCIEDAD ANONIMA CERRADA,ACTIVO,HABIDO,,LIMA/LIMA/JESUS MARIA,Principal - 4290 - CONSTRUCCIÓN DE OTRAS OBRAS DE INGENIERÍA CIVIL,3.0,Principal - 4290 - CONSTRUCCIÓN DE OTRAS OBRAS DE INGENIERÍA CIVIL | Secundaria 1 - 4923 - TRANSPORTE DE CARGA POR CARRETERA | Secundaria 2 - 7710 - ALQUILER Y ARRENDAMIENTO DE VEHÍCULOS AUTOMOTORES,0,0,0,0,23/09/2026 22:47,1,1,1,82.0,Muy alto
20539094930,INGENIEROS & ASOCIADOS SC SOCIEDAD COMERCIAL DE RESPONSABILIDAD LIMITADA,-,2021,LA LIBERTAD,22/03/2013,01/03/2013,2013.0,8.0,0,2020,1,4,1,30922459.87,4,0.0,0.0,SOC.COM.RESPONS. LTDA,ACTIVO,HABIDO,,LA LIBERTAD/TRUJILLO/HUANCHACO,Principal - 4390 - OTRAS ACTIVIDADES ESPECIALIZADAS DE CONSTRUCCIÓN,3.0,"Principal - 4390 - OTRAS ACTIVIDADES ESPECIALIZADAS DE CONSTRUCCIÓN | Secundaria 1 - 4922 - OTRAS ACTIVIDADES DE TRANSPORTE POR VÍA TERRESTRE | Secundaria 2 - 4663 - VENTA AL POR MAYOR DE MATERIALES DE CONSTRUCCIÓN, ARTÍCULOS DE FERRETERÍA Y EQUIPO Y MATERIALES DE FONTANERÍA Y CALEFACCIÓN",0,0,0,0,23/09/2026 22:52,1,1,1,82.0,Muy alto
20544771478,LCL CONTRATISTAS S.A.C.,-,2021,LA LIBERTAD,05/09/2011,05/09/2011,2011.0,10.0,0,2017,4,2,1,18936000.46,2,0.0,0.0,SOCIEDAD ANONIMA CERRADA,ACTIVO,HABIDO,,LA LIBERTAD/TRUJILLO/TRUJILLO,Principal - 4100 - CONSTRUCCIÓN DE EDIFICIOS,2.0,"Principal - 4100 - CONSTRUCCIÓN DE EDIFICIOS | Secundaria 1 - 7730 - ALQUILER Y ARRENDAMIENTO DE OTROS TIPOS DE MAQUINARIA, EQUIPO Y BIENES TANGIBLES",0,0,0,0,23/09/2026 22:56,1,1,1,82.0,Muy alto
20559687643,SOLUCIONES CAÑAREJO S.A.C.,-,2021,LA LIBERTAD,18/09/2013,18/09/2013,2013.0,8.0,0,2021,0,1,1,100000.0,1,1.0,1.0,SOCIEDAD ANONIMA CERRADA,SUSPENSION TEMPORAL,HABIDO,,LA LIBERTAD/TRUJILLO/TRUJILLO,Principal - 4100 - CONSTRUCCIÓN DE EDIFICIOS,3.0,"Principal - 4100 - CONSTRUCCIÓN DE EDIFICIOS | Secundaria 1 - 2511 - FABRICACION DE PRODUCTOS METALICOS PARA USO ESTRUCTURAL | Secundaria 2 - 4741 - VENTA AL POR MENOR DE ORDENADORES, EQUIPO PERIFÉRICO, PROGRAMA DE INFORM. Y EQU. DE TELEC. EN COMERCIOS ESPECIALIZADOS",0,0,0,0,23/09/2026 22:58,1,1,1,82.0,Muy alto
20603089619,HIDROVIAS PERU S.A.,-,2021,LA LIBERTAD,11/02/2025,11/04/2018,2018.0,3.0,0,2021,0,1,1,100000.0,1,1.0,1.0,SOCIEDAD ANONIMA,ACTIVO,NO HABIDO,,LA LIBERTAD/TRUJILLO/TRUJILLO,Principal - 4210 - CONSTRUCCIÓN DE CARRETERAS Y VÍAS DE FERROCARRIL,3.0,"Principal - 4210 - CONSTRUCCIÓN DE CARRETERAS Y VÍAS DE FERROCARRIL | Secundaria 1 - 4100 - CONSTRUCCIÓN DE EDIFICIOS | Secundaria 2 - 7730 - ALQUILER Y ARRENDAMIENTO DE OTROS TIPOS DE MAQUINARIA, EQUIPO Y BIENES TANGIBLES",1,0,0,0,23/09/2026 23:18,1,1,1,82.0,Muy alto
20603716176,VIAS & OBRAS CONSTRUCTORES E.I.R.L.,-,2021,LA LIBERTAD,19/10/2018,19/10/2018,2018.0,3.0,0,2021,0,1,1,27020603.56,1,0.0,0.0,EMPRESA INDIVIDUAL DE RESP. LTDA,ACTIVO,HABIDO,,LIMA/LIMA/CHORRILLOS,Principal - 4923 - TRANSPORTE DE CARGA POR CARRETERA,2.0,Principal - 4923 - TRANSPORTE DE CARGA POR CARRETERA | Secundaria 1 - 4100 - CONSTRUCCIÓN DE EDIFICIOS,0,0,0,0,23/09/2026 23:20,1,1,1,82.0,Muy alto
20606525690,FERRETERIA Y CONSTRUCCIONES GAEL & WW S.R.L.,-,2021,LA LIBERTAD,16/09/2020,01/09/2020,2020.0,1.0,0,2021,0,1,1,374000.9,1,1.0,1.0,SOC.COM.RESPONS. LTDA,ACTIVO,HABIDO,,LA LIBERTAD/TRUJILLO/TRUJILLO,Principal - 7110 - ACTIVIDADES DE ARQUITECTURA E INGENIERÍA Y ACTIVIDADES CONEXAS DE CONSULTORÍA TÉCNICA,3.0,"Principal - 7110 - ACTIVIDADES DE ARQUITECTURA E INGENIERÍA Y ACTIVIDADES CONEXAS DE CONSULTORÍA TÉCNICA | Secundaria 1 - 4100 - CONSTRUCCIÓN DE EDIFICIOS | Secundaria 2 - 4752 - VENTA AL POR MENOR DE ARTÍCULOS DE FERRETERÍA, PINTURAS Y PRODUCTOS DE VIDRIO EN COMERCIOS ESPECIALIZADOS",0,0,0,0,23/09/2026 23:25,1,1,1,82.0,Muy alto
99000028271,,,2021,LA LIBERTAD,,,,,0,2021,0,1,1,100000.0,1,1.0,1.0,,,,,,,,,1,0,0,0,,0,1,1,82.0,Muy alto
20348938704,SECURGRAMA S.R.L.,-,2021,LAMBAYEQUE,24/02/2010,09/06/1997,1997.0,24.0,0,2017,4,1,1,100000.0,1,1.0,1.0,SOC.COM.RESPONS. LTDA,ACTIVO,HABIDO,,AMAZONAS/BAGUA/BAGUA,Principal - 4100 - CONSTRUCCIÓN DE EDIFICIOS,3.0,"Principal - 4100 - CONSTRUCCIÓN DE EDIFICIOS | Secundaria 1 - 4923 - TRANSPORTE DE CARGA POR CARRETERA | Secundaria 2 - 7730 - ALQUILER Y ARRENDAMIENTO DE OTROS TIPOS DE MAQUINARIA, EQUIPO Y BIENES TANGIBLES",3,0,0,0,23/09/2026 22:10,1,1,1,71.2,Alto
20353947614,INGENIERIA CIVIL MONTAJES S.A.,-,2021,LAMBAYEQUE,14/11/1997,14/11/1997,1997.0,24.0,0,2010,11,2,1,625108592.54,2,0.0,0.0,SOCIEDAD ANONIMA,ACTIVO,HABIDO,,LAMBAYEQUE/CHICLAYO/CHICLAYO,Principal - 4100 - CONSTRUCCIÓN DE EDIFICIOS,1.0,Principal - 4100 - CONSTRUCCIÓN DE EDIFICIOS,0,0,0,0,23/09/2026 22:11,1,1,1,71.2,Alto
20409234462,HL CONSTRUCTORES EMPRESA INDIVIDUAL DE RESPONSABILIDAD LIMITADA - HL CONSTRUCTORES E.I.R.L.,HL CONSTRUCTORES E.I.R.L,2021,LAMBAYEQUE,24/02/2017,01/03/2017,2017.0,4.0,0,2021,0,1,1,100000.0,1,1.0,1.0,EMPRESA INDIVIDUAL DE RESP. LTDA,ACTIVO,NO HALLADO,,CAJAMARCA/HUALGAYOC/BAMBAMARCA,Principal - 4100 - CONSTRUCCIÓN DE EDIFICIOS,3.0,"Principal - 4100 - CONSTRUCCIÓN DE EDIFICIOS | Secundaria 1 - 7730 - ALQUILER Y ARRENDAMIENTO DE OTROS TIPOS DE MAQUINARIA, EQUIPO Y BIENES TANGIBLES | Secundaria 2 - 7110 - ACTIVIDADES DE ARQUITECTURA E INGENIERÍA Y ACTIVIDADES CONEXAS DE CONSULTORÍA TÉCNICA",1,0,0,0,23/09/2026 22:15,1,1,1,71.2,Alto
20479892998,INGENIEROS CONSTRUCTORES Y ELECTROMECANICOS SAC,INGEL SAC,2021,LAMBAYEQUE,01/08/2005,01/08/2005,2005.0,16.0,0,2021,0,1,1,24750239.66,1,0.0,0.0,SOCIEDAD ANONIMA CERRADA,ACTIVO,HABIDO,,LAMBAYEQUE/CHICLAYO/CHICLAYO,Principal - 7110 - ACTIVIDADES DE ARQUITECTURA E INGENIERÍA Y ACTIVIDADES CONEXAS DE CONSULTORÍA TÉCNICA,3.0,Principal - 7110 - ACTIVIDADES DE ARQUITECTURA E INGENIERÍA Y ACTIVIDADES CONEXAS DE CONSULTORÍA TÉCNICA | Secundaria 1 - 7210 - INVESTIGACIONES Y DESARROLLO EXPERIMENTAL EN EL CAMPO DE LAS CIENCIAS NATURALES Y LA INGENIERÍA | Secundaria 2 - 7710 - ALQUILER Y ARRENDAMIENTO DE VEHÍCULOS AUTOMOTORES,0,0,0,0,23/09/2026 22:22,1,1,1,71.2,Alto
20480403496,BETA KONCRET SAC.,BEKSAC,2021,LAMBAYEQUE,11/06/2008,01/06/2008,2008.0,13.0,0,2011,10,1,1,168846560.66,1,0.0,0.0,SOCIEDAD ANONIMA CERRADA,ACTIVO,HABIDO,,LIMA/LIMA/SAN ISIDRO,Principal - 4210 - CONSTRUCCIÓN DE CARRETERAS Y VÍAS DE FERROCARRIL,3.0,"Principal - 4210 - CONSTRUCCIÓN DE CARRETERAS Y VÍAS DE FERROCARRIL | Secundaria 1 - 4390 - OTRAS ACTIVIDADES ESPECIALIZADAS DE CONSTRUCCIÓN | Secundaria 2 - 7730 - ALQUILER Y ARRENDAMIENTO DE OTROS TIPOS DE MAQUINARIA, EQUIPO Y BIENES TANGIBLES",0,0,0,0,23/09/2026 22:23,1,1,1,71.2,Alto
20480686692,FLOGAING CONTRATISTAS GENERALES S.A.C.,-,2021,LAMBAYEQUE,31/08/2009,01/09/2009,2009.0,12.0,0,2017,4,1,1,100000.0,1,1.0,1.0,SOCIEDAD ANONIMA CERRADA,ACTIVO,HABIDO,,AMAZONAS/CONDORCANQUI/NIEVA,Principal - 4100 - CONSTRUCCIÓN DE EDIFICIOS,3.0,"Principal - 4100 - CONSTRUCCIÓN DE EDIFICIOS | Secundaria 1 - 4210 - CONSTRUCCIÓN DE CARRETERAS Y VÍAS DE FERROCARRIL | Secundaria 2 - 4663 - VENTA AL POR MAYOR DE MATERIALES DE CONSTRUCCIÓN, ARTÍCULOS DE FERRETERÍA Y EQUIPO Y MATERIALES DE FONTANERÍA Y CALEFACCIÓN",2,2,0,0,23/09/2026 22:23,1,1,1,71.2,Alto
20481813841,CAPULI CONTRATISTAS GENERALES S.A.C.,-,2021,LAMBAYEQUE,14/03/2008,14/03/2008,2008.0,13.0,0,2021,0,1,3,100000.0,1,1.0,1.0,SOCIEDAD ANONIMA CERRADA,BAJA DE OFICIO,HABIDO,30/04/2026,LA LIBERTAD/SANCHEZ CARRION/HUAMACHUCO,Principal - 4220 - CONSTRUCCIÓN DE PROYECTOS DE SERVICIO PÚBLICO,3.0,"Principal - 4220 - CONSTRUCCIÓN DE PROYECTOS DE SERVICIO PÚBLICO | Secundaria 1 - 4100 - CONSTRUCCIÓN DE EDIFICIOS | Secundaria 2 - 7730 - ALQUILER Y ARRENDAMIENTO DE OTROS TIPOS DE MAQUINARIA, EQUIPO Y BIENES TANGIBLES",1,1,0,0,23/09/2026 22:24,1,1,1,71.2,Alto
20487913791,TECHQUK S.A.C.,TECHQUK S.A.C.,2021,LAMBAYEQUE,09/02/2012,01/02/2012,2012.0,9.0,0,2021,0,1,1,167767514.62,1,0.0,0.0,SOCIEDAD ANONIMA CERRADA,ACTIVO,HABIDO,,LAMBAYEQUE/CHICLAYO/CHICLAYO,"Principal - 4741 - VENTA AL POR MENOR DE ORDENADORES, EQUIPO PERIFÉRICO, PROGRAMA DE INFORM. Y EQU. DE TELEC. EN COMERCIOS ESPECIALIZADOS",3.0,"Principal - 4741 - VENTA AL POR MENOR DE ORDENADORES, EQUIPO PERIFÉRICO, PROGRAMA DE INFORM. Y EQU. DE TELEC. EN COMERCIOS ESPECIALIZADOS | Secundaria 1 - 6190 - OTRAS ACTIVIDADES DE TELECOMUNICACIONES | Secundaria 2 - 4100 - CONSTRUCCIÓN DE EDIFICIOS",0,0,0,0,23/09/2026 22:29,1,1,1,71.2,Alto
20487950301,"""CALOF CONSTRUCCIONES S.R.L.""",-,2021,LAMBAYEQUE,20/03/2012,01/03/2012,2012.0,9.0,0,2021,0,2,2,49463909.73,2,0.0,0.0,SOC.COM.RESPONS. LTDA,ACTIVO,NO HALLADO,,AMAZONAS/UTCUBAMBA/BAGUA GRANDE,Principal - 4100 - CONSTRUCCIÓN DE EDIFICIOS,3.0,Principal - 4100 - CONSTRUCCIÓN DE EDIFICIOS | Secundaria 1 - 7110 - ACTIVIDADES DE ARQUITECTURA E INGENIERÍA Y ACTIVIDADES CONEXAS DE CONSULTORÍA TÉCNICA | Secundaria 2 - 4210 - CONSTRUCCIÓN DE CARRETERAS Y VÍAS DE FERROCARRIL,0,0,0,0,23/09/2026 22:29,1,1,1,71.2,Alto
20505655215,SAN CARLOS CONTRATISTAS GENERALES S.R.L,-,2021,LAMBAYEQUE,19/12/2002,01/01/2003,2003.0,18.0,0,2010,11,1,1,133428688.48,1,0.0,0.0,SOC.COM.RESPONS. LTDA,ACTIVO,HABIDO,,LIMA/LIMA/CARABAYLLO,Principal - 4100 - CONSTRUCCIÓN DE EDIFICIOS,2.0,"Principal - 4100 - CONSTRUCCIÓN DE EDIFICIOS | Secundaria 2 - 7730 - ALQUILER Y ARRENDAMIENTO DE OTROS TIPOS DE MAQUINARIA, EQUIPO Y BIENES TANGIBLES",0,0,0,0,23/09/2026 22:37,1,1,1,71.2,Alto
20526193513,CONSTRUCCIONES FLOR DE MARIA E.I.R.L.,-,2021,LAMBAYEQUE,10/04/2013,10/04/2013,2013.0,8.0,0,2021,0,1,1,100000.0,1,1.0,1.0,EMPRESA INDIVIDUAL DE RESP. LTDA,BAJA DE OFICIO,HABIDO,13/08/2026,PIURA/SULLANA/SULLANA,Principal - 4210 - CONSTRUCCIÓN DE CARRETERAS Y VÍAS DE FERROCARRIL,3.0,"Principal - 4210 - CONSTRUCCIÓN DE CARRETERAS Y VÍAS DE FERROCARRIL | Secundaria 1 - 7730 - ALQUILER Y ARRENDAMIENTO DE OTROS TIPOS DE MAQUINARIA, EQUIPO Y BIENES TANGIBLES | Secundaria 2 - 3600 - CAPTACIÓN, TRATAMIENTO Y DISTRIBUCIÓN DE AGUA",2,0,0,0,23/09/2026 22:41,1,1,1,71.2,Alto
20545316561,TACTICAL IT S.A.C.,-,2021,LAMBAYEQUE,17/10/2011,17/10/2011,2011.0,10.0,0,2017,4,1,1,348011907.8,1,0.0,0.0,SOCIEDAD ANONIMA CERRADA,ACTIVO,HABIDO,,LIMA/LIMA/SANTIAGO DE SURCO,Principal - 6190 - OTRAS ACTIVIDADES DE TELECOMUNICACIONES,3.0,Principal - 6190 - OTRAS ACTIVIDADES DE TELECOMUNICACIONES | Secundaria 1 - 4220 - CONSTRUCCIÓN DE PROYECTOS DE SERVICIO PÚBLICO | Secundaria 2 - 4690 - VENTA AL POR MAYOR NO ESPECIALIZADA,0,0,0,0,23/09/2026 22:56,1,1,1,71.2,Alto
20561274968,JF & JIM INGENIEROS SAC,-,2021,LAMBAYEQUE,06/06/2014,01/06/2014,2014.0,7.0,0,2021,0,1,1,11293925.56,1,0.0,0.0,SOCIEDAD ANONIMA CERRADA,ACTIVO,HABIDO,,LAMBAYEQUE/LAMBAYEQUE/LAMBAYEQUE,Principal - 4100 - CONSTRUCCIÓN DE EDIFICIOS,2.0,Principal - 4100 - CONSTRUCCIÓN DE EDIFICIOS | Secundaria 1 - 7110 - ACTIVIDADES DE ARQUITECTURA E INGENIERÍA Y ACTIVIDADES CONEXAS DE CONSULTORÍA TÉCNICA,1,0,0,0,23/09/2026 22:58,1,1,1,71.2,Alto
20568161786,CONTRATISTAS GENERALES KER EMPRESA INDIVIDUAL DE RESPONSABILIDAD LIMITADA - CONGEKER E.I.R.L.,-,2021,LAMBAYEQUE,15/11/2011,16/11/2011,2011.0,10.0,0,2020,1,1,1,123963796.08,1,0.0,0.0,EMPRESA INDIVIDUAL DE RESP. LTDA,ACTIVO,HABIDO,,LIMA/LIMA/VILLA EL SALVADOR,Principal - 4390 - OTRAS ACTIVIDADES ESPECIALIZADAS DE CONSTRUCCIÓN,3.0,"Principal - 4390 - OTRAS ACTIVIDADES ESPECIALIZADAS DE CONSTRUCCIÓN | Secundaria 1 - 4663 - VENTA AL POR MAYOR DE MATERIALES DE CONSTRUCCIÓN, ARTÍCULOS DE FERRETERÍA Y EQUIPO Y MATERIALES DE FONTANERÍA Y CALEFACCIÓN | Secundaria 2 - 7730 - ALQUILER Y ARRENDAMIENTO DE OTROS TIPOS DE MAQUINARIA, EQUIPO Y BIENES TANGIBLES",0,0,0,0,23/09/2026 22:59,1,1,1,71.2,Alto
20602235352,BAU ANDINA SOCIEDAD COMERCIAL DE RESPONSABILIDAD LIMITADA,-,2021,LAMBAYEQUE,22/06/2017,01/07/2017,2017.0,4.0,0,2021,0,1,1,100000.0,1,1.0,1.0,SOC.COM.RESPONS. LTDA,BAJA DE OFICIO,HABIDO,29/04/2024,LAMBAYEQUE/CHICLAYO/CHICLAYO,Principal - 4390 - OTRAS ACTIVIDADES ESPECIALIZADAS DE CONSTRUCCIÓN,3.0,Principal - 4390 - OTRAS ACTIVIDADES ESPECIALIZADAS DE CONSTRUCCIÓN | Secundaria 1 - 4290 - CONSTRUCCIÓN DE OTRAS OBRAS DE INGENIERÍA CIVIL | Secundaria 2 - 7110 - ACTIVIDADES DE ARQUITECTURA E INGENIERÍA Y ACTIVIDADES CONEXAS DE CONSULTORÍA TÉCNICA,1,0,0,0,23/09/2026 23:16,1,1,1,71.2,Alto
20602922368,IKON PERU S.A.C.,-,2021,LAMBAYEQUE,19/02/2018,01/02/2018,2018.0,3.0,0,2021,0,1,1,1297932.79,1,0.0,0.0,SOCIEDAD ANONIMA CERRADA,ACTIVO,HABIDO,,LAMBAYEQUE/LAMBAYEQUE/LAMBAYEQUE,"Principal - 4663 - VENTA AL POR MAYOR DE MATERIALES DE CONSTRUCCIÓN, ARTÍCULOS DE FERRETERÍA Y EQUIPO Y MATERIALES DE FONTANERÍA Y CALEFACCIÓN",3.0,"Principal - 4663 - VENTA AL POR MAYOR DE MATERIALES DE CONSTRUCCIÓN, ARTÍCULOS DE FERRETERÍA Y EQUIPO Y MATERIALES DE FONTANERÍA Y CALEFACCIÓN | Secundaria 1 - 4220 - CONSTRUCCIÓN DE PROYECTOS DE SERVICIO PÚBLICO | Secundaria 2 - 4652 - VENTA AL POR MAYOR DE EQUIPO, PARTES Y PIEZAS ELECTRÓNICOS Y DE TELECOMUNICACIONES",0,0,0,0,23/09/2026 23:18,1,1,1,71.2,Alto
20231662244,GROUP CASUARINAS J & D S.R.L.,-,2021,LIMA,11/07/2018,12/07/2018,2018.0,3.0,0,2021,0,1,1,37524620.67,1,0.0,0.0,SOC.COM.RESPONS. LTDA,ACTIVO,HABIDO,,ANCASH/SANTA/NUEVO CHIMBOTE,Principal - 4100 - CONSTRUCCIÓN DE EDIFICIOS,3.0,"Principal - 4100 - CONSTRUCCIÓN DE EDIFICIOS | Secundaria 1 - 4210 - CONSTRUCCIÓN DE CARRETERAS Y VÍAS DE FERROCARRIL | Secundaria 2 - 7730 - ALQUILER Y ARRENDAMIENTO DE OTROS TIPOS DE MAQUINARIA, EQUIPO Y BIENES TANGIBLES",0,0,0,0,23/09/2026 22:09,1,1,1,81.9,Muy alto
20407917104,CORPORATION TEKNY & RAN EIRL,-,2021,LIMA,22/10/2014,01/03/2014,2014.0,7.0,0,2020,1,2,1,100000.0,2,2.0,1.0,EMPRESA INDIVIDUAL DE RESP. LTDA,BAJA PROV. POR OFICIO,NO HABIDO,30/06/2026,LIMA/LIMA/SAN JUAN DE LURIGANCHO,Principal - 4923 - TRANSPORTE DE CARGA POR CARRETERA,3.0,"Principal - 4923 - TRANSPORTE DE CARGA POR CARRETERA | Secundaria 1 - 7730 - ALQUILER Y ARRENDAMIENTO DE OTROS TIPOS DE MAQUINARIA, EQUIPO Y BIENES TANGIBLES | Secundaria 2 - 4100 - CONSTRUCCIÓN DE EDIFICIOS",0,0,0,0,23/09/2026 22:15,1,1,1,81.9,Muy alto
20408135517,EMPRESA J & F E.I.R.L.,-,2021,LIMA,12/07/2010,12/07/2010,2010.0,11.0,0,2021,0,1,1,80636042.45,1,0.0,0.0,EMPRESA INDIVIDUAL DE RESP. LTDA,ACTIVO,HABIDO,,ANCASH/HUARI/HUARI,Principal - 4100 - CONSTRUCCIÓN DE EDIFICIOS,3.0,Principal - 4100 - CONSTRUCCIÓN DE EDIFICIOS | Secundaria 1 - 4290 - CONSTRUCCIÓN DE OTRAS OBRAS DE INGENIERÍA CIVIL | Secundaria 2 - 1811 - IMPRESIÓN,0,0,0,0,23/09/2026 22:15,1,1,1,81.9,Muy alto
20445200019,CONSAGA INGENIEROS CONTRATISTAS GENERALES S.R.L.,-,2021,LIMA,14/02/2001,01/02/2001,2001.0,20.0,0,2014,7,1,1,219897733.07,1,0.0,0.0,SOC.COM.RESPONS. LTDA,ACTIVO,HABIDO,,LIMA/LIMA/RIMAC,Principal - 4100 - CONSTRUCCIÓN DE EDIFICIOS,3.0,"Principal - 4100 - CONSTRUCCIÓN DE EDIFICIOS | Secundaria 1 - 4210 - CONSTRUCCIÓN DE CARRETERAS Y VÍAS DE FERROCARRIL | Secundaria 2 - 4741 - VENTA AL POR MENOR DE ORDENADORES, EQUIPO PERIFÉRICO, PROGRAMA DE INFORM. Y EQU. DE TELEC. EN COMERCIOS ESPECIALIZADOS",0,0,0,0,23/09/2026 22:17,1,1,1,81.9,Muy alto
20494682703,CH INGENIEROS S.A.C.,-,2021,LIMA,17/03/2009,10/06/2009,2009.0,12.0,0,2013,8,1,1,100000.0,1,1.0,1.0,SOCIEDAD ANONIMA CERRADA,ACTIVO,HABIDO,,ICA/CHINCHA/PUEBLO NUEVO,Principal - 4100 - CONSTRUCCIÓN DE EDIFICIOS,3.0,"Principal - 4100 - CONSTRUCCIÓN DE EDIFICIOS | Secundaria 1 - 7730 - ALQUILER Y ARRENDAMIENTO DE OTROS TIPOS DE MAQUINARIA, EQUIPO Y BIENES TANGIBLES | Secundaria 2 - 6810 - ACTIVIDADES INMOBILIARIAS REALIZADAS CON BIENES PROPIOS O ARRENDADOS",1,0,0,0,23/09/2026 22:35,1,1,1,81.9,Muy alto
20523386469,ALTAVISTA INVERSIONES GLOBALES SOCIEDAD ANONIMA CERRADA - AIG S.A.C.,-,2021,LIMA,29/09/2009,01/10/2009,2009.0,12.0,0,2018,3,1,1,161957529.86,1,0.0,0.0,SOCIEDAD ANONIMA CERRADA,ACTIVO,HABIDO,,LIMA/LIMA/MIRAFLORES,Principal - 4100 - CONSTRUCCIÓN DE EDIFICIOS,3.0,"Principal - 4100 - CONSTRUCCIÓN DE EDIFICIOS | Secundaria 1 - 4290 - CONSTRUCCIÓN DE OTRAS OBRAS DE INGENIERÍA CIVIL | Secundaria 2 - 7730 - ALQUILER Y ARRENDAMIENTO DE OTROS TIPOS DE MAQUINARIA, EQUIPO Y BIENES TANGIBLES",0,1,0,0,23/09/2026 22:40,1,1,1,81.9,Muy alto
20532064768,MULTISERVICIOS DEL NORTE PERU S.A.C.,-,2021,LIMA,16/09/2011,01/02/2012,2012.0,9.0,0,2021,0,1,1,100000.0,1,1.0,1.0,SOCIEDAD ANONIMA CERRADA,ACTIVO,HABIDO,,ANCASH/SANTA/CHIMBOTE,Principal - 4100 - CONSTRUCCIÓN DE EDIFICIOS,3.0,"Principal - 4100 - CONSTRUCCIÓN DE EDIFICIOS | Secundaria 1 - 4220 - CONSTRUCCIÓN DE PROYECTOS DE SERVICIO PÚBLICO | Secundaria 2 - 4741 - VENTA AL POR MENOR DE ORDENADORES, EQUIPO PERIFÉRICO, PROGRAMA DE INFORM. Y EQU. DE TELEC. EN COMERCIOS ESPECIALIZADOS",0,0,0,0,23/09/2026 22:48,1,1,1,81.9,Muy alto
20533990615,ALPHA CONSTRUCTORES S.A.C.,-,2021,LIMA,27/09/2007,26/05/2008,2008.0,13.0,0,2012,9,1,1,3935506.4,1,0.0,0.0,SOCIEDAD ANONIMA CERRADA,ACTIVO,HABIDO,,LIMA/LIMA/LA VICTORIA,Principal - 4390 - OTRAS ACTIVIDADES ESPECIALIZADAS DE CONSTRUCCIÓN,3.0,Principal - 4390 - OTRAS ACTIVIDADES ESPECIALIZADAS DE CONSTRUCCIÓN | Secundaria 1 - 7110 - ACTIVIDADES DE ARQUITECTURA E INGENIERÍA Y ACTIVIDADES CONEXAS DE CONSULTORÍA TÉCNICA | Secundaria 2 - 5629 - OTRAS ACTIVIDADES DE SERVICIO DE COMIDAS,0,0,0,0,23/09/2026 22:49,1,1,1,81.9,Muy alto
20534094079,EMPRESA CONSTRUCTORA ANDINA S.R.L.,-,2021,LIMA,28/02/2008,01/03/2008,2008.0,13.0,0,2017,4,1,1,100000.0,1,1.0,1.0,SOC.COM.RESPONS. LTDA,BAJA DE OFICIO,HABIDO,31/07/2025,LIMA/LIMA/ANCON,Principal - 4100 - CONSTRUCCIÓN DE EDIFICIOS,3.0,"Principal - 4100 - CONSTRUCCIÓN DE EDIFICIOS | Secundaria 1 - 4663 - VENTA AL POR MAYOR DE MATERIALES DE CONSTRUCCIÓN, ARTÍCULOS DE FERRETERÍA Y EQUIPO Y MATERIALES DE FONTANERÍA Y CALEFACCIÓN | Secundaria 2 - 4659 - VENTA AL POR MAYOR DE OTROS TIPOS DE MAQUINARIA Y EQUIPO",0,0,0,0,23/09/2026 22:50,1,1,1,81.9,Muy alto
20541653156,CORPORACION ANDINA YIRET E.I.R.L.,-,2021,LIMA,16/03/2012,01/05/2012,2012.0,9.0,0,2017,4,1,1,38600390.99,1,0.0,0.0,EMPRESA INDIVIDUAL DE RESP. LTDA,ACTIVO,HABIDO,,LIMA/LIMA/SAN JUAN DE MIRAFLORES,Principal - 4100 - CONSTRUCCIÓN DE EDIFICIOS,2.0,Principal - 4100 - CONSTRUCCIÓN DE EDIFICIOS | Secundaria 1 - 4390 - OTRAS ACTIVIDADES ESPECIALIZADAS DE CONSTRUCCIÓN,0,0,0,0,23/09/2026 22:54,1,1,1,81.9,Muy alto
20600386981,CONSTRUCCIONES GARSU E.I.R.L.,-,2021,LIMA,20/05/2015,20/05/2015,2015.0,6.0,0,2021,0,1,1,100000.0,1,1.0,1.0,EMPRESA INDIVIDUAL DE RESP. LTDA,ACTIVO,HABIDO,,LIMA/BARRANCA/SUPE,Principal - 4100 - CONSTRUCCIÓN DE EDIFICIOS,3.0,"Principal - 4100 - CONSTRUCCIÓN DE EDIFICIOS | Secundaria 1 - 8110 - ACTIVIDADES COMBINADAS DE APOYO A INSTALACIONES | Secundaria 2 - 4752 - VENTA AL POR MENOR DE ARTÍCULOS DE FERRETERÍA, PINTURAS Y PRODUCTOS DE VIDRIO EN COMERCIOS ESPECIALIZADOS",0,0,0,0,23/09/2026 23:08,1,1,1,81.9,Muy alto
20600721179,CORPORACION ALJAR SAC,-,2021,LIMA,07/10/2015,01/10/2015,2015.0,6.0,0,2021,0,2,1,112959729.78,2,0.0,0.0,SOCIEDAD ANONIMA CERRADA,ACTIVO,HABIDO,,LAMBAYEQUE/CHICLAYO/CHICLAYO,Principal - 4100 - CONSTRUCCIÓN DE EDIFICIOS,3.0,"Principal - 4100 - CONSTRUCCIÓN DE EDIFICIOS | Secundaria 1 - 4330 - TERMINACIÓN Y ACABADO DE EDIFICIOS | Secundaria 2 - 7730 - ALQUILER Y ARRENDAMIENTO DE OTROS TIPOS DE MAQUINARIA, EQUIPO Y BIENES TANGIBLES",0,0,0,0,23/09/2026 23:10,1,1,1,81.9,Muy alto
20602076882,FRANCIS CONTRATISTAS GENERALES S.A.C.,-,2021,LIMA,26/04/2017,26/04/2017,2017.0,4.0,0,2021,0,2,1,100000.0,2,2.0,1.0,SOCIEDAD ANONIMA CERRADA,ACTIVO,HABIDO,,LIMA/HUAURA/HUACHO,Principal - 4100 - CONSTRUCCIÓN DE EDIFICIOS,3.0,"Principal - 4100 - CONSTRUCCIÓN DE EDIFICIOS | Secundaria 1 - 4663 - VENTA AL POR MAYOR DE MATERIALES DE CONSTRUCCIÓN, ARTÍCULOS DE FERRETERÍA Y EQUIPO Y MATERIALES DE FONTANERÍA Y CALEFACCIÓN | Secundaria 2 - 8110 - ACTIVIDADES COMBINADAS DE APOYO A INSTALACIONES",0,0,0,0,23/09/2026 23:15,1,1,1,81.9,Muy alto
20603550677,VCP CONSULTORES Y EJECUTORES S.A.C.,-,2021,LIMA,29/08/2018,29/08/2018,2018.0,3.0,0,2021,0,2,1,151126543.87,2,0.0,0.0,SOCIEDAD ANONIMA CERRADA,ACTIVO,HABIDO,,LIMA/LIMA/SAN MARTIN DE PORRES,Principal - 4210 - CONSTRUCCIÓN DE CARRETERAS Y VÍAS DE FERROCARRIL,3.0,"Principal - 4210 - CONSTRUCCIÓN DE CARRETERAS Y VÍAS DE FERROCARRIL | Secundaria 1 - 7710 - ALQUILER Y ARRENDAMIENTO DE VEHÍCULOS AUTOMOTORES | Secundaria 2 - 4663 - VENTA AL POR MAYOR DE MATERIALES DE CONSTRUCCIÓN, ARTÍCULOS DE FERRETERÍA Y EQUIPO Y MATERIALES DE FONTANERÍA Y CALEFACCIÓN",0,0,0,0,23/09/2026 23:19,1,1,1,81.9,Muy alto
20607462403,INVERSIONES DORATTA S.A.C,DORATTA S.A.C,2021,LIMA,12/02/2021,28/02/2021,2021.0,0.0,0,2021,0,1,1,400000.0,1,1.0,1.0,SOCIEDAD ANONIMA CERRADA,ACTIVO,HABIDO,,LIMA/LIMA/ATE,Principal - 4100 - CONSTRUCCIÓN DE EDIFICIOS,3.0,"Principal - 4100 - CONSTRUCCIÓN DE EDIFICIOS | Secundaria 1 - 4659 - VENTA AL POR MAYOR DE OTROS TIPOS DE MAQUINARIA Y EQUIPO | Secundaria 2 - 7730 - ALQUILER Y ARRENDAMIENTO DE OTROS TIPOS DE MAQUINARIA, EQUIPO Y BIENES TANGIBLES",0,0,0,0,23/09/2026 23:26,1,1,1,81.9,Muy alto
10053878488,CELIS SALINAS JOSE RICARDO,-,2021,LORETO,15/07/2006,15/07/2006,2006.0,15.0,0,2012,9,1,1,100000.0,1,1.0,1.0,PERSONA NATURAL CON NEGOCIO,ACTIVO,HABIDO,,LORETO/ALTO AMAZONAS/YURIMAGUAS,Principal - 4390 - OTRAS ACTIVIDADES ESPECIALIZADAS DE CONSTRUCCIÓN,3.0,Principal - 4390 - OTRAS ACTIVIDADES ESPECIALIZADAS DE CONSTRUCCIÓN | Secundaria 1 - 7110 - ACTIVIDADES DE ARQUITECTURA E INGENIERÍA Y ACTIVIDADES CONEXAS DE CONSULTORÍA TÉCNICA | Secundaria 2 - 4210 - CONSTRUCCIÓN DE CARRETERAS Y VÍAS DE FERROCARRIL,1,0,0,0,23/09/2026 22:05,1,1,1,89.8,Muy alto
20393358247,ARQUITECTOS & INGENIEROS SERVICIOS GENERALES EMPRESA INDIVIDUAL DE RESPONSABILIDAD LIMITADA,ARQUINSEG E.I.R.L.,2021,LORETO,02/08/2024,02/08/2024,2024.0,,1,2021,0,1,1,100000.0,1,1.0,1.0,EMPRESA INDIVIDUAL DE RESP. LTDA,BAJA DE OFICIO,HABIDO,31/03/2026,UCAYALI/CORONEL PORTILLO/CALLERIA,Principal - 4100 - CONSTRUCCIÓN DE EDIFICIOS,1.0,Principal - 4100 - CONSTRUCCIÓN DE EDIFICIOS,0,0,0,0,23/09/2026 22:12,1,1,1,89.8,Muy alto
20393584336,INVERSIONES Y SERVICIOS SEGBAR S.R.L.,-,2021,LORETO,29/03/2010,29/03/2010,2010.0,11.0,0,2014,7,1,1,113841994.84,1,0.0,0.0,SOC.COM.RESPONS. LTDA,ACTIVO,HABIDO,,UCAYALI/CORONEL PORTILLO/CALLERIA,Principal - 4100 - CONSTRUCCIÓN DE EDIFICIOS,3.0,Principal - 4100 - CONSTRUCCIÓN DE EDIFICIOS | Secundaria 1 - 4220 - CONSTRUCCIÓN DE PROYECTOS DE SERVICIO PÚBLICO | Secundaria 2 - 9609 - OTRAS ACTIVIDADES DE SERVICIOS PERSONALES N.C.P.,0,0,0,0,23/09/2026 22:12,1,1,1,89.8,Muy alto
20393633990,CONSTRUCTORA PREIMAQ S.A.C.,-,2021,LORETO,22/10/2010,01/11/2010,2010.0,11.0,0,2013,8,2,1,391155488.48,2,0.0,0.0,SOCIEDAD ANONIMA CERRADA,ACTIVO,HABIDO,,LORETO/MAYNAS/PUNCHANA,Principal - 4100 - CONSTRUCCIÓN DE EDIFICIOS,2.0,Principal - 4100 - CONSTRUCCIÓN DE EDIFICIOS | Secundaria 1 - 4923 - TRANSPORTE DE CARGA POR CARRETERA,0,0,0,0,23/09/2026 22:13,1,1,1,89.8,Muy alto
20450256243,PROYECTOS Y EDIFICACIONES DE LA SELVA S.A.C.,PROEDISEL S.A.C.,2021,LORETO,05/09/2007,06/09/2007,2007.0,14.0,0,2013,8,1,1,100000.0,1,1.0,1.0,SOCIEDAD ANONIMA CERRADA,BAJA DE OFICIO,HABIDO,31/10/2024,SAN MARTIN/SAN MARTIN/TARAPOTO,Principal - 7110 - ACTIVIDADES DE ARQUITECTURA E INGENIERÍA Y ACTIVIDADES CONEXAS DE CONSULTORÍA TÉCNICA,2.0,Principal - 7110 - ACTIVIDADES DE ARQUITECTURA E INGENIERÍA Y ACTIVIDADES CONEXAS DE CONSULTORÍA TÉCNICA | Secundaria 1 - 4390 - OTRAS ACTIVIDADES ESPECIALIZADAS DE CONSTRUCCIÓN,2,1,0,0,23/09/2026 22:19,1,1,1,89.8,Muy alto
20451375548,CONSTRUCTORA YAVARI S.R.L.,-,2021,LORETO,17/04/2001,17/04/2001,2001.0,20.0,0,2005,16,2,1,181002554.68,2,0.0,0.0,SOC.COM.RESPONS. LTDA,ACTIVO,HABIDO,,LORETO/MAYNAS/IQUITOS,Principal - 4100 - CONSTRUCCIÓN DE EDIFICIOS,2.0,Principal - 4100 - CONSTRUCCIÓN DE EDIFICIOS | Secundaria 2 - 4210 - CONSTRUCCIÓN DE CARRETERAS Y VÍAS DE FERROCARRIL,0,0,0,0,23/09/2026 22:20,1,1,1,89.8,Muy alto
20489304687,CISMINIG DIAZ INGENIEROS S.C.R.L.,-,2021,LORETO,11/05/2012,11/05/2012,2012.0,9.0,0,2021,0,1,2,100000.0,1,1.0,1.0,SOC.COM.RESPONS. LTDA,ACTIVO,NO HABIDO,,LIMA/LIMA/BREÑA,Principal - 4100 - CONSTRUCCIÓN DE EDIFICIOS,3.0,"Principal - 4100 - CONSTRUCCIÓN DE EDIFICIOS | Secundaria 1 - 4663 - VENTA AL POR MAYOR DE MATERIALES DE CONSTRUCCIÓN, ARTÍCULOS DE FERRETERÍA Y EQUIPO Y MATERIALES DE FONTANERÍA Y CALEFACCIÓN | Secundaria 2 - 4210 - CONSTRUCCIÓN DE CARRETERAS Y VÍAS DE FERROCARRIL",0,0,0,0,23/09/2026 22:30,1,1,1,89.8,Muy alto
20489627770,MATERIALES HERRAMIENTAS Y CONSTRUCCIONES S.A.C.,MATHEC SAC,2021,LORETO,28/02/2008,28/02/2008,2008.0,13.0,0,2012,9,1,1,100000.0,1,1.0,1.0,SOCIEDAD ANONIMA CERRADA,SUSPENSION TEMPORAL,NO HABIDO,,SAN MARTIN/SAN MARTIN/TARAPOTO,"Principal - 4663 - VENTA AL POR MAYOR DE MATERIALES DE CONSTRUCCIÓN, ARTÍCULOS DE FERRETERÍA Y EQUIPO Y MATERIALES DE FONTANERÍA Y CALEFACCIÓN",3.0,"Principal - 4663 - VENTA AL POR MAYOR DE MATERIALES DE CONSTRUCCIÓN, ARTÍCULOS DE FERRETERÍA Y EQUIPO Y MATERIALES DE FONTANERÍA Y CALEFACCIÓN | Secundaria 1 - 7730 - ALQUILER Y ARRENDAMIENTO DE OTROS TIPOS DE MAQUINARIA, EQUIPO Y BIENES TANGIBLES | Secundaria 2 - 4100 - CONSTRUCCIÓN DE EDIFICIOS",8,0,0,0,23/09/2026 22:31,1,1,1,89.8,Muy alto
20493606736,MAJORNI CONTRATISTAS Y CONSULTORES SRL,-,2021,LORETO,04/07/2007,04/07/2007,2007.0,14.0,0,2013,8,1,1,100000.0,1,1.0,1.0,SOC.COM.RESPONS. LTDA,ACTIVO,HABIDO,,LORETO/MAYNAS/BELEN,Principal - 4390 - OTRAS ACTIVIDADES ESPECIALIZADAS DE CONSTRUCCIÓN,1.0,Principal - 4390 - OTRAS ACTIVIDADES ESPECIALIZADAS DE CONSTRUCCIÓN,0,0,0,0,23/09/2026 22:33,1,1,1,89.8,Muy alto
20493748018,SERVICIOS Y CONSTRUCCIONES DIAZ EIRL,SERVICON DIAZ EIRL,2021,LORETO,02/04/2008,02/04/2008,2008.0,13.0,0,2019,2,1,1,101739812.12,1,0.0,0.0,EMPRESA INDIVIDUAL DE RESP. LTDA,ACTIVO,HABIDO,,LORETO/MAYNAS/SAN JUAN BAUTISTA,Principal - 4100 - CONSTRUCCIÓN DE EDIFICIOS,3.0,"Principal - 4100 - CONSTRUCCIÓN DE EDIFICIOS | Secundaria 1 - 4663 - VENTA AL POR MAYOR DE MATERIALES DE CONSTRUCCIÓN, ARTÍCULOS DE FERRETERÍA Y EQUIPO Y MATERIALES DE FONTANERÍA Y CALEFACCIÓN | Secundaria 2 - 7730 - ALQUILER Y ARRENDAMIENTO DE OTROS TIPOS DE MAQUINARIA, EQUIPO Y BIENES TANGIBLES",0,0,0,0,23/09/2026 22:34,1,1,1,89.8,Muy alto
20493874587,MACO CONSTRUCTORES S.A.C.,-,2021,LORETO,01/07/2010,01/07/2010,2010.0,11.0,0,2013,8,2,1,100000.0,2,2.0,1.0,SOCIEDAD ANONIMA CERRADA,ACTIVO,HABIDO,,LORETO/ALTO AMAZONAS/YURIMAGUAS,Principal - 4290 - CONSTRUCCIÓN DE OTRAS OBRAS DE INGENIERÍA CIVIL,2.0,"Principal - 4290 - CONSTRUCCIÓN DE OTRAS OBRAS DE INGENIERÍA CIVIL | Secundaria 1 - 7730 - ALQUILER Y ARRENDAMIENTO DE OTROS TIPOS DE MAQUINARIA, EQUIPO Y BIENES TANGIBLES",0,0,0,0,23/09/2026 22:34,1,1,1,89.8,Muy alto
20528115897,CABALLERO CONTRATISTAS GENERALES E.I.R.L.,CABALLERO CONTRATISTAS GENERAL,2021,LORETO,01/09/2008,01/09/2008,2008.0,13.0,0,2012,9,2,1,653125769.72,2,0.0,0.0,EMPRESA INDIVIDUAL DE RESP. LTDA,ACTIVO,HABIDO,,LORETO/DATEM DEL MARAÑON/MANSERICHE,Principal - 4220 - CONSTRUCCIÓN DE PROYECTOS DE SERVICIO PÚBLICO,3.0,"Principal - 4220 - CONSTRUCCIÓN DE PROYECTOS DE SERVICIO PÚBLICO | Secundaria 1 - 7730 - ALQUILER Y ARRENDAMIENTO DE OTROS TIPOS DE MAQUINARIA, EQUIPO Y BIENES TANGIBLES | Secundaria 2 - 4663 - VENTA AL POR MAYOR DE MATERIALES DE CONSTRUCCIÓN, ARTÍCULOS DE FERRETERÍA Y EQUIPO Y MATERIALES DE FONTANERÍA Y CALEFACCIÓN",0,0,0,0,23/09/2026 22:42,1,1,1,89.8,Muy alto
20528181334,CPM INGENIERIA & CONSTRUCCION S.A.C,-,2021,LORETO,19/03/2009,19/03/2009,2009.0,12.0,0,2020,1,1,1,156685356.99,1,0.0,0.0,SOCIEDAD ANONIMA CERRADA,ACTIVO,HABIDO,,LORETO/MAYNAS/IQUITOS,Principal - 4290 - CONSTRUCCIÓN DE OTRAS OBRAS DE INGENIERÍA CIVIL,3.0,"Principal - 4290 - CONSTRUCCIÓN DE OTRAS OBRAS DE INGENIERÍA CIVIL | Secundaria 1 - 7110 - ACTIVIDADES DE ARQUITECTURA E INGENIERÍA Y ACTIVIDADES CONEXAS DE CONSULTORÍA TÉCNICA | Secundaria 2 - 4663 - VENTA AL POR MAYOR DE MATERIALES DE CONSTRUCCIÓN, ARTÍCULOS DE FERRETERÍA Y EQUIPO Y MATERIALES DE FONTANERÍA Y CALEFACCIÓN",0,0,0,0,23/09/2026 22:43,1,1,1,89.8,Muy alto
20528255982,ACES SOCIEDAD COMERCIAL DE RESPONSABILIDAD LIMITADA,ACES S.R.L.,2021,LORETO,28/09/2009,28/09/2009,2009.0,12.0,0,2016,5,2,1,100000.0,2,2.0,1.0,SOC.COM.RESPONS. LTDA,ACTIVO,HABIDO,,LORETO/MAYNAS/PUNCHANA,Principal - 4100 - CONSTRUCCIÓN DE EDIFICIOS,3.0,Principal - 4100 - CONSTRUCCIÓN DE EDIFICIOS | Secundaria 1 - 6810 - ACTIVIDADES INMOBILIARIAS REALIZADAS CON BIENES PROPIOS O ARRENDADOS | Secundaria 2 - 5510 - ACTIVIDADES DE ALOJAMIENTO PARA ESTANCIAS CORTAS,0,0,0,0,23/09/2026 22:43,1,1,1,89.8,Muy alto
20528428755,CONTRATISTAS GENERALES MARTIN E.I.R.L.,-,2021,LORETO,18/03/2011,18/03/2011,2011.0,10.0,0,2021,0,1,1,100000.0,1,1.0,1.0,EMPRESA INDIVIDUAL DE RESP. LTDA,ACTIVO,HABIDO,,LORETO/MAYNAS/SAN JUAN BAUTISTA,Principal - 3312 - REPARACIÓN DE MAQUINARIA,3.0,Principal - 3312 - REPARACIÓN DE MAQUINARIA | Secundaria 1 - 3313 - REPARACIÓN DE EQUIPO ELECTRÓNICO Y ÓPTICO | Secundaria 2 - 8550 - ACTIVIDADES DE APOYO A LA ENSEÑANZA,0,0,0,0,23/09/2026 22:43,1,1,1,89.8,Muy alto
20529066521,RONY DIAZ CONTRATISTAS EMPRESA INDIVIDUAL DE RESPONSABILIDAD LIMITADA,-,2021,LORETO,02/06/2010,02/06/2010,2010.0,11.0,0,2014,7,1,2,120813293.51,1,0.0,0.0,EMPRESA INDIVIDUAL DE RESP. LTDA,ACTIVO,HABIDO,,LIMA/LIMA/BREÑA,Principal - 4923 - TRANSPORTE DE CARGA POR CARRETERA,3.0,Principal - 4923 - TRANSPORTE DE CARGA POR CARRETERA | Secundaria 1 - 4100 - CONSTRUCCIÓN DE EDIFICIOS | Secundaria 2 - 4210 - CONSTRUCCIÓN DE CARRETERAS Y VÍAS DE FERROCARRIL,0,0,0,0,23/09/2026 22:44,1,1,1,89.8,Muy alto
20531396635,CONSTRUCTORA B&V S.R.L.,-,2021,LORETO,04/04/2003,04/04/2003,2003.0,18.0,0,2005,16,1,1,100000.0,1,1.0,1.0,SOC.COM.RESPONS. LTDA,ACTIVO,HABIDO,,LORETO/ALTO AMAZONAS/YURIMAGUAS,Principal - 4100 - CONSTRUCCIÓN DE EDIFICIOS,3.0,"Principal - 4100 - CONSTRUCCIÓN DE EDIFICIOS | Secundaria 1 - 4663 - VENTA AL POR MAYOR DE MATERIALES DE CONSTRUCCIÓN, ARTÍCULOS DE FERRETERÍA Y EQUIPO Y MATERIALES DE FONTANERÍA Y CALEFACCIÓN | Secundaria 2 - 3314 - REPARACIÓN DE EQUIPO ELÉCTRICO",0,0,0,0,23/09/2026 22:47,1,1,1,89.8,Muy alto
20541181556,CONSTRUCTORA R & A INGENIEROS S.A.C.,CONSTRUCTORA R & A,2021,LORETO,06/06/2012,06/06/2012,2012.0,9.0,0,2019,2,2,1,24757992.4,2,0.0,0.0,SOCIEDAD ANONIMA CERRADA,ACTIVO,HABIDO,,LORETO/MAYNAS/IQUITOS,Principal - 4100 - CONSTRUCCIÓN DE EDIFICIOS,3.0,"Principal - 4100 - CONSTRUCCIÓN DE EDIFICIOS | Secundaria 1 - 4663 - VENTA AL POR MAYOR DE MATERIALES DE CONSTRUCCIÓN, ARTÍCULOS DE FERRETERÍA Y EQUIPO Y MATERIALES DE FONTANERÍA Y CALEFACCIÓN | Secundaria 2 - 7110 - ACTIVIDADES DE ARQUITECTURA E INGENIERÍA Y ACTIVIDADES CONEXAS DE CONSULTORÍA TÉCNICA",0,0,0,0,23/09/2026 22:53,1,1,1,89.8,Muy alto
20542531097,CEACATRU E.I.R.L.,-,2021,LORETO,11/06/2012,11/06/2012,2012.0,9.0,0,2016,5,1,1,532881551.96,1,0.0,0.0,EMPRESA INDIVIDUAL DE RESP. LTDA,ACTIVO,HABIDO,,HUANUCO/HUANUCO/HUANUCO,Principal - 4100 - CONSTRUCCIÓN DE EDIFICIOS,3.0,"Principal - 4100 - CONSTRUCCIÓN DE EDIFICIOS | Secundaria 1 - 4210 - CONSTRUCCIÓN DE CARRETERAS Y VÍAS DE FERROCARRIL | Secundaria 2 - 7730 - ALQUILER Y ARRENDAMIENTO DE OTROS TIPOS DE MAQUINARIA, EQUIPO Y BIENES TANGIBLES",0,0,0,0,23/09/2026 22:56,1,1,1,89.8,Muy alto
20567140220,JVC CONSULTORES Y EJECUTORES E.I.R.L.,-,2021,LORETO,25/09/2013,25/09/2013,2013.0,8.0,0,2019,2,2,1,1163624724.74,2,0.0,0.0,EMPRESA INDIVIDUAL DE RESP. LTDA,ACTIVO,HABIDO,,LORETO/MAYNAS/IQUITOS,Principal - 4220 - CONSTRUCCIÓN DE PROYECTOS DE SERVICIO PÚBLICO,3.0,"Principal - 4220 - CONSTRUCCIÓN DE PROYECTOS DE SERVICIO PÚBLICO | Secundaria 1 - 7120 - ENSAYOS Y ANÁLISIS TÉCNICOS | Secundaria 2 - 7730 - ALQUILER Y ARRENDAMIENTO DE OTROS TIPOS DE MAQUINARIA, EQUIPO Y BIENES TANGIBLES",0,0,0,0,23/09/2026 22:59,1,1,1,89.8,Muy alto
20600114965,TUCUNARE ORIENTE SOCIEDAD ANONIMA CERRADA - TUCUNARE ORIENTE S.A.C.,-,2021,LORETO,05/02/2015,01/03/2015,2015.0,6.0,0,2021,0,1,1,100000.0,1,1.0,1.0,SOCIEDAD ANONIMA CERRADA,ACTIVO,HABIDO,,LORETO/MAYNAS/PUNCHANA,Principal - 7110 - ACTIVIDADES DE ARQUITECTURA E INGENIERÍA Y ACTIVIDADES CONEXAS DE CONSULTORÍA TÉCNICA,3.0,"Principal - 7110 - ACTIVIDADES DE ARQUITECTURA E INGENIERÍA Y ACTIVIDADES CONEXAS DE CONSULTORÍA TÉCNICA | Secundaria 1 - 7730 - ALQUILER Y ARRENDAMIENTO DE OTROS TIPOS DE MAQUINARIA, EQUIPO Y BIENES TANGIBLES | Secundaria 2 - 4520 - MANTENIMIENTO Y REPARACIÓN DE VEHÍCULOS AUTOMOTORES",1,0,0,0,23/09/2026 23:06,1,1,1,89.8,Muy alto
20600898800,CONSTRUCCIONES Y ALQUILER DE MAQUINARIAS S.A.C,COALMAQ,2021,LORETO,28/12/2015,28/12/2015,2015.0,6.0,0,2021,0,1,1,100000.0,1,1.0,1.0,SOCIEDAD ANONIMA CERRADA,ACTIVO,HABIDO,,LORETO/ALTO AMAZONAS/YURIMAGUAS,Principal - 4923 - TRANSPORTE DE CARGA POR CARRETERA,3.0,"Principal - 4923 - TRANSPORTE DE CARGA POR CARRETERA | Secundaria 1 - 4210 - CONSTRUCCIÓN DE CARRETERAS Y VÍAS DE FERROCARRIL | Secundaria 2 - 7730 - ALQUILER Y ARRENDAMIENTO DE OTROS TIPOS DE MAQUINARIA, EQUIPO Y BIENES TANGIBLES",0,0,0,0,23/09/2026 23:11,1,1,1,89.8,Muy alto
20601202574,JADE VARGAS CONTRATISTAS E.I.R.L.,-,2021,LORETO,05/05/2016,05/05/2016,2016.0,5.0,0,2021,0,1,1,500000.0,1,1.0,1.0,EMPRESA INDIVIDUAL DE RESP. LTDA,ACTIVO,HABIDO,,LORETO/MAYNAS/IQUITOS,"Principal - 4663 - VENTA AL POR MAYOR DE MATERIALES DE CONSTRUCCIÓN, ARTÍCULOS DE FERRETERÍA Y EQUIPO Y MATERIALES DE FONTANERÍA Y CALEFACCIÓN",2.0,"Principal - 4663 - VENTA AL POR MAYOR DE MATERIALES DE CONSTRUCCIÓN, ARTÍCULOS DE FERRETERÍA Y EQUIPO Y MATERIALES DE FONTANERÍA Y CALEFACCIÓN | Secundaria 1 - 4100 - CONSTRUCCIÓN DE EDIFICIOS",0,0,0,0,23/09/2026 23:12,1,1,1,89.8,Muy alto
20602078788,C & E INGENIERIA E.I.R.L.,-,2021,LORETO,27/04/2017,27/04/2017,2017.0,4.0,0,2021,0,1,1,100000.0,1,1.0,1.0,EMPRESA INDIVIDUAL DE RESP. LTDA,ACTIVO,HABIDO,,LORETO/MAYNAS/IQUITOS,Principal - 7110 - ACTIVIDADES DE ARQUITECTURA E INGENIERÍA Y ACTIVIDADES CONEXAS DE CONSULTORÍA TÉCNICA,1.0,Principal - 7110 - ACTIVIDADES DE ARQUITECTURA E INGENIERÍA Y ACTIVIDADES CONEXAS DE CONSULTORÍA TÉCNICA,0,0,0,0,23/09/2026 23:15,1,1,1,89.8,Muy alto
20344483702,ARGOS ASOCIADOS S.A,-,2021,PASCO,04/04/1997,04/04/1997,1997.0,24.0,0,2009,12,1,2,38602511.25,1,0.0,0.0,SOCIEDAD IRREGULAR,ACTIVO,HABIDO,,CUSCO/CUSCO/WANCHAQ,Principal - 4290 - CONSTRUCCIÓN DE OTRAS OBRAS DE INGENIERÍA CIVIL,3.0,"Principal - 4290 - CONSTRUCCIÓN DE OTRAS OBRAS DE INGENIERÍA CIVIL | Secundaria 1 - 4923 - TRANSPORTE DE CARGA POR CARRETERA | Secundaria 2 - 7730 - ALQUILER Y ARRENDAMIENTO DE OTROS TIPOS DE MAQUINARIA, EQUIPO Y BIENES TANGIBLES",1,0,0,0,23/09/2026 22:10,1,1,1,73.6,Alto
20456317376,MAFER CONSTRUCCIONES Y ACABADOS E.I.R.L.,-,2021,PASCO,10/01/2012,10/01/2012,2012.0,9.0,0,2019,2,1,2,100000.0,1,1.0,1.0,EMPRESA INDIVIDUAL DE RESP. LTDA,ACTIVO,HABIDO,,AREQUIPA/AREQUIPA/CERRO COLORADO,Principal - 4100 - CONSTRUCCIÓN DE EDIFICIOS,3.0,"Principal - 4100 - CONSTRUCCIÓN DE EDIFICIOS | Secundaria 1 - 7730 - ALQUILER Y ARRENDAMIENTO DE OTROS TIPOS DE MAQUINARIA, EQUIPO Y BIENES TANGIBLES | Secundaria 2 - 4663 - VENTA AL POR MAYOR DE MATERIALES DE CONSTRUCCIÓN, ARTÍCULOS DE FERRETERÍA Y EQUIPO Y MATERIALES DE FONTANERÍA Y CALEFACCIÓN",4,1,0,0,23/09/2026 22:21,1,1,1,73.6,Alto
20486783606,CONSTRUCCION - CONSULTORIA H & AR CONTRATISTAS GENERALES SOCIEDAD ANONIMA CERRADA,-,2021,PASCO,23/02/2008,19/02/2008,2008.0,13.0,0,2015,6,1,1,10599093.37,1,1.0,1.0,SOCIEDAD ANONIMA CERRADA,ACTIVO,HABIDO,,JUNIN/HUANCAYO/HUANCAYO,Principal - 7110 - ACTIVIDADES DE ARQUITECTURA E INGENIERÍA Y ACTIVIDADES CONEXAS DE CONSULTORÍA TÉCNICA,3.0,Principal - 7110 - ACTIVIDADES DE ARQUITECTURA E INGENIERÍA Y ACTIVIDADES CONEXAS DE CONSULTORÍA TÉCNICA | Secundaria 1 - 4100 - CONSTRUCCIÓN DE EDIFICIOS | Secundaria 2 - 5610 - ACTIVIDADES DE RESTAURANTES Y DE SERVICIO MÓVIL DE COMIDAS,0,1,0,0,23/09/2026 22:27,1,1,1,73.6,Alto
20486867290,CONSTRUCTORA Y CONSULTORA SEÑOR DE MURUHUAY S.A.C.,-,2021,PASCO,27/06/2025,27/06/2025,2025.0,,1,2021,0,1,1,6330195.33,1,0.0,0.0,SOCIEDAD ANONIMA CERRADA,ACTIVO,HABIDO,,JUNIN/YAULI/LA OROYA,Principal - 4100 - CONSTRUCCIÓN DE EDIFICIOS,1.0,Principal - 4100 - CONSTRUCCIÓN DE EDIFICIOS,0,0,0,0,23/09/2026 22:28,1,1,1,73.6,Alto
20489682363,JHIRE CONSULTORES EJECUTORES Y SERVICIOS EN GENERAL SOCIEDAD ANONIMA CERRADA,-,2021,PASCO,25/07/2008,01/08/2008,2008.0,13.0,0,2011,10,2,1,100685241.75,2,0.0,0.0,SOCIEDAD ANONIMA CERRADA,ACTIVO,HABIDO,,LIMA/LIMA/BREÑA,Principal - 4220 - CONSTRUCCIÓN DE PROYECTOS DE SERVICIO PÚBLICO,3.0,Principal - 4220 - CONSTRUCCIÓN DE PROYECTOS DE SERVICIO PÚBLICO | Secundaria 1 - 2511 - FABRICACION DE PRODUCTOS METALICOS PARA USO ESTRUCTURAL | Secundaria 2 - 6209 - OTRAS ACTIVIDADES DE TECNOLOGÍA DE LA INFORMACIÓN Y DE SERVICIOS INFORMÁTICOS,0,0,0,0,23/09/2026 22:32,1,1,1,73.6,Alto
20529230851,EMPRESA CONSTRUCTORA Y MINERIA LIMOVIC SOCIEDAD ANONIMA CERRADA,LIMOVIC S.A.C.,2021,PASCO,26/05/2011,25/05/2011,2011.0,10.0,0,2020,1,1,1,100000.0,1,1.0,1.0,SOCIEDAD ANONIMA CERRADA,ACTIVO,HABIDO,,PASCO/PASCO/CHAUPIMARCA,Principal - 4923 - TRANSPORTE DE CARGA POR CARRETERA,2.0,Principal - 4923 - TRANSPORTE DE CARGA POR CARRETERA | Secundaria 1 - 4290 - CONSTRUCCIÓN DE OTRAS OBRAS DE INGENIERÍA CIVIL,0,0,0,0,23/09/2026 22:45,1,1,1,73.6,Alto
20534029927,CORPORACION ZABDY PERU S.A.C.,-,2021,PASCO,14/05/2018,01/06/2018,2018.0,3.0,0,2009,12,1,2,100000.0,1,1.0,1.0,SOCIEDAD ANONIMA CERRADA,BAJA DE OFICIO,NO HABIDO,31/01/2025,AREQUIPA/AREQUIPA/CAYMA,Principal - 4100 - CONSTRUCCIÓN DE EDIFICIOS,1.0,Principal - 4100 - CONSTRUCCIÓN DE EDIFICIOS,0,0,0,0,23/09/2026 22:50,1,1,1,73.6,Alto
20573212020,ACEMZA INGENIERIA Y CONSTRUCCION SOCIEDAD COMERCIAL DE RESPONSABILIDAD LIMITADA,-,2021,PASCO,30/01/2014,01/02/2014,2014.0,7.0,0,2021,0,1,1,100000.0,1,1.0,1.0,SOC.COM.RESPONS. LTDA,SUSPENSION TEMPORAL,HABIDO,,PASCO/PASCO/CHAUPIMARCA,Principal - 4100 - CONSTRUCCIÓN DE EDIFICIOS,3.0,Principal - 4100 - CONSTRUCCIÓN DE EDIFICIOS | Secundaria 1 - 7110 - ACTIVIDADES DE ARQUITECTURA E INGENIERÍA Y ACTIVIDADES CONEXAS DE CONSULTORÍA TÉCNICA | Secundaria 2 - 7020 - ACTIVIDADES DE CONSULTORÍA DE GESTIÓN,0,0,0,0,23/09/2026 23:04,1,1,1,73.6,Alto
20600079787,A & D CELESTE CONTRATISTAS GENERALES EMPRESA INDIVIDUAL DE RESPONSABILIDAD LIMITADA,-,2021,PASCO,23/01/2015,23/01/2015,2015.0,6.0,0,2020,1,1,1,100000.0,1,1.0,1.0,EMPRESA INDIVIDUAL DE RESP. LTDA,BAJA PROV. POR OFICIO,NO HABIDO,30/06/2026,PASCO/OXAPAMPA/PALCAZU,Principal - 4290 - CONSTRUCCIÓN DE OTRAS OBRAS DE INGENIERÍA CIVIL,3.0,"Principal - 4290 - CONSTRUCCIÓN DE OTRAS OBRAS DE INGENIERÍA CIVIL | Secundaria 1 - 7110 - ACTIVIDADES DE ARQUITECTURA E INGENIERÍA Y ACTIVIDADES CONEXAS DE CONSULTORÍA TÉCNICA | Secundaria 2 - 7730 - ALQUILER Y ARRENDAMIENTO DE OTROS TIPOS DE MAQUINARIA, EQUIPO Y BIENES TANGIBLES",0,0,0,0,23/09/2026 23:05,1,1,1,73.6,Alto
20600819331,CONSULTORES Y EJECUTORES EMACIR EMPRESA INDIVIDUAL DE RESPONSABILIDAD LIMITADA,-,2021,PASCO,04/04/2025,04/04/2025,2025.0,,1,2021,0,2,1,605044.64,2,2.0,1.0,EMPRESA INDIVIDUAL DE RESP. LTDA,ACTIVO,HABIDO,,LIMA/LIMA/CHORRILLOS,Principal - 4100 - CONSTRUCCIÓN DE EDIFICIOS,3.0,"Principal - 4100 - CONSTRUCCIÓN DE EDIFICIOS | Secundaria 1 - 2511 - FABRICACION DE PRODUCTOS METALICOS PARA USO ESTRUCTURAL | Secundaria 2 - 4663 - VENTA AL POR MAYOR DE MATERIALES DE CONSTRUCCIÓN, ARTÍCULOS DE FERRETERÍA Y EQUIPO Y MATERIALES DE FONTANERÍA Y CALEFACCIÓN",0,0,0,0,23/09/2026 23:11,1,1,1,73.6,Alto
20600977661,"CHINA RAILWAY TUNNEL GROUP CO., LTD SUCURSAL DEL PERU",-,2021,PASCO,01/02/2016,01/02/2016,2016.0,5.0,0,2021,0,1,2,20049599499.07,1,0.0,0.0,SUCURSALES O AG. DE EMP. EXTRANJ.,ACTIVO,HABIDO,,LIMA/LIMA/SAN ISIDRO,Principal - 4210 - CONSTRUCCIÓN DE CARRETERAS Y VÍAS DE FERROCARRIL,3.0,"Principal - 4210 - CONSTRUCCIÓN DE CARRETERAS Y VÍAS DE FERROCARRIL | Secundaria 1 - 4923 - TRANSPORTE DE CARGA POR CARRETERA | Secundaria 2 - 7730 - ALQUILER Y ARRENDAMIENTO DE OTROS TIPOS DE MAQUINARIA, EQUIPO Y BIENES TANGIBLES",3,1,0,0,23/09/2026 23:11,1,1,1,73.6,Alto
20275449751,EDICAS S.A.C. CONTRATISTAS GENERALES,EDICAS S. A.C,2021,PIURA,23/10/1995,23/10/1995,1995.0,26.0,0,2006,15,1,1,100000.0,1,1.0,1.0,SOCIEDAD ANONIMA CERRADA,ACTIVO,HABIDO,,LIMA/LIMA/MIRAFLORES,Principal - 4390 - OTRAS ACTIVIDADES ESPECIALIZADAS DE CONSTRUCCIÓN,3.0,"Principal - 4390 - OTRAS ACTIVIDADES ESPECIALIZADAS DE CONSTRUCCIÓN | Secundaria 1 - 4923 - TRANSPORTE DE CARGA POR CARRETERA | Secundaria 2 - 7730 - ALQUILER Y ARRENDAMIENTO DE OTROS TIPOS DE MAQUINARIA, EQUIPO Y BIENES TANGIBLES",2,0,0,0,23/09/2026 22:10,1,1,1,89.5,Muy alto
20357499691,PRONTE INGENIEROS SOCIEDAD ANONIMA CERRADA - PRONTE S.A.C.,PROYECTOS DEL NORTE,2021,PIURA,23/06/1997,23/06/1997,1997.0,24.0,0,2010,11,1,1,161047323.14,1,0.0,0.0,SOCIEDAD ANONIMA CERRADA,ACTIVO,HABIDO,,PIURA/PIURA/PIURA,Principal - 4100 - CONSTRUCCIÓN DE EDIFICIOS,1.0,Principal - 4100 - CONSTRUCCIÓN DE EDIFICIOS,0,0,0,0,23/09/2026 22:11,1,1,1,89.5,Muy alto
20426128803,MASEDI CONTRATISTAS GENERALES SOCIEDAD ANOMIMA CERRADA,MASEDI S.A.C.,2021,PIURA,05/05/1999,26/04/1999,1999.0,22.0,0,2008,13,1,1,400000.0,1,1.0,1.0,SOCIEDAD ANONIMA,ACTIVO,HABIDO,,LIMA/LIMA/SURQUILLO,Principal - 4100 - CONSTRUCCIÓN DE EDIFICIOS,3.0,"Principal - 4100 - CONSTRUCCIÓN DE EDIFICIOS | Secundaria 1 - 4663 - VENTA AL POR MAYOR DE MATERIALES DE CONSTRUCCIÓN, ARTÍCULOS DE FERRETERÍA Y EQUIPO Y MATERIALES DE FONTANERÍA Y CALEFACCIÓN | Secundaria 2 - 7730 - ALQUILER Y ARRENDAMIENTO DE OTROS TIPOS DE MAQUINARIA, EQUIPO Y BIENES TANGIBLES",0,0,0,0,23/09/2026 22:16,1,1,1,89.5,Muy alto
20440577947,INDUSTRIA COMERCIO Y SERVICIOS SRL,INCOSER S.R.L,2021,PIURA,07/04/1999,07/04/1999,1999.0,22.0,0,2021,0,1,1,62046615.05,1,0.0,0.0,SOC.COM.RESPONS. LTDA,ACTIVO,HABIDO,,PIURA/PIURA/PIURA,Principal - 4100 - CONSTRUCCIÓN DE EDIFICIOS,2.0,Principal - 4100 - CONSTRUCCIÓN DE EDIFICIOS | Secundaria 1 - 4719 - OTRAS ACTIVIDADES DE VENTA AL POR MENOR EN COMERCIOS NO ESPECIALIZADOS,0,0,0,0,23/09/2026 22:17,1,1,1,89.5,Muy alto
20477150242,CONSTRUCCIONES & SERVICIOS DIEGUITO S.A.C.,-,2021,PIURA,02/02/2011,02/02/2011,2011.0,10.0,0,2016,5,1,2,582790972.77,1,0.0,0.0,SOCIEDAD ANONIMA CERRADA,ACTIVO,HABIDO,,LA LIBERTAD/TRUJILLO/MOCHE,Principal - 4923 - TRANSPORTE DE CARGA POR CARRETERA,3.0,"Principal - 4923 - TRANSPORTE DE CARGA POR CARRETERA | Secundaria 1 - 4220 - CONSTRUCCIÓN DE PROYECTOS DE SERVICIO PÚBLICO | Secundaria 2 - 7730 - ALQUILER Y ARRENDAMIENTO DE OTROS TIPOS DE MAQUINARIA, EQUIPO Y BIENES TANGIBLES",1,0,0,0,23/09/2026 22:21,1,1,1,89.5,Muy alto
20477366172,LENUS S.A.C.,-,2021,PIURA,04/08/2011,01/12/2011,2011.0,10.0,0,2017,4,1,2,100000.0,1,1.0,1.0,SOCIEDAD ANONIMA CERRADA,ACTIVO,HABIDO,,CAJAMARCA/SANTA CRUZ/SANTA CRUZ,Principal - 4390 - OTRAS ACTIVIDADES ESPECIALIZADAS DE CONSTRUCCIÓN,3.0,"Principal - 4390 - OTRAS ACTIVIDADES ESPECIALIZADAS DE CONSTRUCCIÓN | Secundaria 1 - 3600 - CAPTACIÓN, TRATAMIENTO Y DISTRIBUCIÓN DE AGUA | Secundaria 2 - 7730 - ALQUILER Y ARRENDAMIENTO DE OTROS TIPOS DE MAQUINARIA, EQUIPO Y BIENES TANGIBLES",5,0,0,0,23/09/2026 22:22,1,1,1,89.5,Muy alto
20483778075,MATSER E.I.R.L,MATSER E.I.R.L,2021,PIURA,20/02/2001,20/02/2001,2001.0,20.0,0,2010,11,1,1,29908576.49,1,0.0,0.0,EMPRESA INDIVIDUAL DE RESP. LTDA,ACTIVO,HABIDO,,PIURA/PIURA/PIURA,Principal - 4100 - CONSTRUCCIÓN DE EDIFICIOS,3.0,"Principal - 4100 - CONSTRUCCIÓN DE EDIFICIOS | Secundaria 1 - 4663 - VENTA AL POR MAYOR DE MATERIALES DE CONSTRUCCIÓN, ARTÍCULOS DE FERRETERÍA Y EQUIPO Y MATERIALES DE FONTANERÍA Y CALEFACCIÓN | Secundaria 2 - 7490 - OTRAS ACTIVIDADES PROFESIONALES, CIENTÍFICAS Y TÉCNICAS N.C.P.",0,0,0,0,23/09/2026 22:25,1,1,1,89.5,Muy alto
20483851171,SERVICIOS GENERALES VIVIANA E.I.R.L.,-,2021,PIURA,31/10/2001,05/11/2001,2001.0,20.0,0,2012,9,1,1,110724645.72,1,0.0,0.0,EMPRESA INDIVIDUAL DE RESP. LTDA,ACTIVO,HABIDO,,LIMA/LIMA/LIMA,Principal - 4923 - TRANSPORTE DE CARGA POR CARRETERA,3.0,"Principal - 4923 - TRANSPORTE DE CARGA POR CARRETERA | Secundaria 1 - 7730 - ALQUILER Y ARRENDAMIENTO DE OTROS TIPOS DE MAQUINARIA, EQUIPO Y BIENES TANGIBLES | Secundaria 2 - 4100 - CONSTRUCCIÓN DE EDIFICIOS",1,0,0,0,23/09/2026 22:26,1,1,1,89.5,Muy alto
20491656761,FEDECO CONTRATISTAS GENERALES SOCIEDAD ANÓNIMA CERRADA,FEDECO SAC,2021,PIURA,03/02/2010,01/02/2010,2010.0,11.0,0,2015,6,1,1,154954475.34,1,0.0,0.0,SOCIEDAD ANONIMA CERRADA,ACTIVO,HABIDO,,CAJAMARCA/CHOTA/CHOTA,Principal - 4220 - CONSTRUCCIÓN DE PROYECTOS DE SERVICIO PÚBLICO,3.0,"Principal - 4220 - CONSTRUCCIÓN DE PROYECTOS DE SERVICIO PÚBLICO | Secundaria 1 - 4923 - TRANSPORTE DE CARGA POR CARRETERA | Secundaria 2 - 4663 - VENTA AL POR MAYOR DE MATERIALES DE CONSTRUCCIÓN, ARTÍCULOS DE FERRETERÍA Y EQUIPO Y MATERIALES DE FONTANERÍA Y CALEFACCIÓN",0,0,0,0,23/09/2026 22:33,1,1,1,89.5,Muy alto
20525491677,CONSTRUCTORA SAN SEBASTIAN PIURA SOCIEDAD ANONIMA CERRADA - CONSTRUCTORA SAN SEBASTIAN PIURA S.A.C.,-,2021,PIURA,11/04/2007,11/04/2007,2007.0,14.0,0,2010,11,1,1,467867912.05,1,0.0,0.0,SOCIEDAD ANONIMA CERRADA,ACTIVO,HABIDO,,LIMA/LIMA/SAN MARTIN DE PORRES,Principal - 4923 - TRANSPORTE DE CARGA POR CARRETERA,3.0,"Principal - 4923 - TRANSPORTE DE CARGA POR CARRETERA | Secundaria 1 - 4100 - CONSTRUCCIÓN DE EDIFICIOS | Secundaria 2 - 4663 - VENTA AL POR MAYOR DE MATERIALES DE CONSTRUCCIÓN, ARTÍCULOS DE FERRETERÍA Y EQUIPO Y MATERIALES DE FONTANERÍA Y CALEFACCIÓN",0,0,0,0,23/09/2026 22:40,1,1,1,89.5,Muy alto
20525985751,JOANSERO CONSTRUYE PAIS E.I.R.L.,-,2021,PIURA,21/09/2009,01/10/2009,2009.0,12.0,0,2021,0,2,1,15700141.66,2,0.0,0.0,EMPRESA INDIVIDUAL DE RESP. LTDA,ACTIVO,HABIDO,,PIURA/SULLANA/BELLAVISTA,Principal - 4100 - CONSTRUCCIÓN DE EDIFICIOS,3.0,"Principal - 4100 - CONSTRUCCIÓN DE EDIFICIOS | Secundaria 1 - 7110 - ACTIVIDADES DE ARQUITECTURA E INGENIERÍA Y ACTIVIDADES CONEXAS DE CONSULTORÍA TÉCNICA | Secundaria 2 - 4752 - VENTA AL POR MENOR DE ARTÍCULOS DE FERRETERÍA, PINTURAS Y PRODUCTOS DE VIDRIO EN COMERCIOS ESPECIALIZADOS",1,1,0,0,23/09/2026 22:41,1,1,1,89.5,Muy alto
20526146191,EXAMOVA MAQUINARIAS Y SERVICIOS E.I.R.L.,-,2021,PIURA,14/06/2010,14/06/2010,2010.0,11.0,0,2021,0,1,1,200271819.7,1,0.0,0.0,EMPRESA INDIVIDUAL DE RESP. LTDA,ACTIVO,HABIDO,,LIMA/LIMA/MAGDALENA DEL MAR,Principal - 4923 - TRANSPORTE DE CARGA POR CARRETERA,3.0,"Principal - 4923 - TRANSPORTE DE CARGA POR CARRETERA | Secundaria 1 - 4290 - CONSTRUCCIÓN DE OTRAS OBRAS DE INGENIERÍA CIVIL | Secundaria 2 - 7730 - ALQUILER Y ARRENDAMIENTO DE OTROS TIPOS DE MAQUINARIA, EQUIPO Y BIENES TANGIBLES",0,0,0,0,23/09/2026 22:41,1,1,1,89.5,Muy alto
20526331762,MENBER INGENIERIA CONSTRUCCION Y SERVICIOS S.R.L.,-,2021,PIURA,05/03/2011,05/03/2011,2011.0,10.0,0,2019,2,1,1,127291608.72,1,0.0,0.0,SOC.COM.RESPONS. LTDA,ACTIVO,HABIDO,,LIMA/LIMA/LA VICTORIA,Principal - 4100 - CONSTRUCCIÓN DE EDIFICIOS,3.0,"Principal - 4100 - CONSTRUCCIÓN DE EDIFICIOS | Secundaria 1 - 4663 - VENTA AL POR MAYOR DE MATERIALES DE CONSTRUCCIÓN, ARTÍCULOS DE FERRETERÍA Y EQUIPO Y MATERIALES DE FONTANERÍA Y CALEFACCIÓN | Secundaria 2 - 4321 - INSTALACIONES ELÉCTRICAS",1,0,0,0,23/09/2026 22:42,1,1,1,89.5,Muy alto
20528964878,COSIHMA SOCIEDAD COMERCIAL DE RESPONSABILIDAD LIMITADA,-,2021,PIURA,17/08/2009,17/08/2009,2009.0,12.0,0,2013,8,1,1,100000.0,1,1.0,1.0,SOC.COM.RESPONS. LTDA,SUSPENSION TEMPORAL,HABIDO,,UCAYALI/CORONEL PORTILLO/YARINACOCHA,Principal - 4100 - CONSTRUCCIÓN DE EDIFICIOS,1.0,Principal - 4100 - CONSTRUCCIÓN DE EDIFICIOS,1,0,0,0,23/09/2026 22:44,1,1,1,89.5,Muy alto
20530035671,NEGOCIOS GENERALES PACO EMPRESA INDIVIDUAL DE RESPONSABILIDAD LIMITADA,-,2021,PIURA,25/09/2013,01/10/2013,2013.0,8.0,0,2019,2,1,1,100000.0,1,1.0,1.0,EMPRESA INDIVIDUAL DE RESP. LTDA,ACTIVO,HABIDO,,PIURA/PIURA/LA UNION,Principal - 4923 - TRANSPORTE DE CARGA POR CARRETERA,3.0,"Principal - 4923 - TRANSPORTE DE CARGA POR CARRETERA | Secundaria 1 - 4290 - CONSTRUCCIÓN DE OTRAS OBRAS DE INGENIERÍA CIVIL | Secundaria 2 - 4663 - VENTA AL POR MAYOR DE MATERIALES DE CONSTRUCCIÓN, ARTÍCULOS DE FERRETERÍA Y EQUIPO Y MATERIALES DE FONTANERÍA Y CALEFACCIÓN",0,0,0,0,23/09/2026 22:46,1,1,1,89.5,Muy alto
20530091075,HTYV CORPORACION EMPRESARIAL S.A.C.,-,2021,PIURA,13/12/2013,01/04/2014,2014.0,7.0,0,2021,0,1,1,265868239.56,1,0.0,0.0,SOCIEDAD ANONIMA CERRADA,ACTIVO,HABIDO,,PIURA/PIURA/VEINTISEIS DE OCTUBRE,Principal - 4210 - CONSTRUCCIÓN DE CARRETERAS Y VÍAS DE FERROCARRIL,3.0,"Principal - 4210 - CONSTRUCCIÓN DE CARRETERAS Y VÍAS DE FERROCARRIL | Secundaria 1 - 4290 - CONSTRUCCIÓN DE OTRAS OBRAS DE INGENIERÍA CIVIL | Secundaria 2 - 4663 - VENTA AL POR MAYOR DE MATERIALES DE CONSTRUCCIÓN, ARTÍCULOS DE FERRETERÍA Y EQUIPO Y MATERIALES DE FONTANERÍA Y CALEFACCIÓN",0,0,0,0,23/09/2026 22:46,1,1,1,89.5,Muy alto
20600456467,MNDC CONSTRUCTORES Y LOGISTICA S.A.C.,-,2021,PIURA,15/06/2015,15/06/2015,2015.0,6.0,0,2021,0,1,1,100000.0,1,1.0,1.0,SOCIEDAD ANONIMA CERRADA,BAJA DE OFICIO,HABIDO,31/10/2024,LIMA/LIMA/SANTIAGO DE SURCO,Principal - 4290 - CONSTRUCCIÓN DE OTRAS OBRAS DE INGENIERÍA CIVIL,3.0,"Principal - 4290 - CONSTRUCCIÓN DE OTRAS OBRAS DE INGENIERÍA CIVIL | Secundaria 1 - 4649 - VENTA AL POR MAYOR DE OTROS ENSERES DOMÉSTICOS | Secundaria 2 - 4752 - VENTA AL POR MENOR DE ARTÍCULOS DE FERRETERÍA, PINTURAS Y PRODUCTOS DE VIDRIO EN COMERCIOS ESPECIALIZADOS",1,0,0,0,23/09/2026 23:09,1,1,1,89.5,Muy alto
20600625498,INGENIEROS Y SERVICIOS EMPRESARIALES JC HNOS E.I.R.L,-,2021,PIURA,28/08/2015,01/08/2015,2015.0,6.0,0,2021,0,1,1,100000.0,1,1.0,1.0,EMPRESA INDIVIDUAL DE RESP. LTDA,ACTIVO,HABIDO,,LAMBAYEQUE/CHICLAYO/LA VICTORIA,Principal - 4100 - CONSTRUCCIÓN DE EDIFICIOS,3.0,Principal - 4100 - CONSTRUCCIÓN DE EDIFICIOS | Secundaria 1 - 7110 - ACTIVIDADES DE ARQUITECTURA E INGENIERÍA Y ACTIVIDADES CONEXAS DE CONSULTORÍA TÉCNICA | Secundaria 2 - 4210 - CONSTRUCCIÓN DE CARRETERAS Y VÍAS DE FERROCARRIL,0,0,0,0,23/09/2026 23:10,1,1,1,89.5,Muy alto
20447677831,MAVIL CONTRATISTAS GENERALES EMPRESA INDIVIDUAL DE RESPONSABILIDAD LIMITADA,MAVIL CONTRATISTAS GRALES EIRL,2021,PUNO,18/08/2006,18/08/2006,2006.0,15.0,0,2020,1,1,1,100000.0,1,1.0,1.0,EMPRESA INDIVIDUAL DE RESP. LTDA,ACTIVO,HABIDO,,PUNO/SAN ROMAN/JULIACA,"Principal - 7730 - ALQUILER Y ARRENDAMIENTO DE OTROS TIPOS DE MAQUINARIA, EQUIPO Y BIENES TANGIBLES",3.0,"Principal - 7730 - ALQUILER Y ARRENDAMIENTO DE OTROS TIPOS DE MAQUINARIA, EQUIPO Y BIENES TANGIBLES | Secundaria 1 - 4220 - CONSTRUCCIÓN DE PROYECTOS DE SERVICIO PÚBLICO | Secundaria 2 - 4923 - TRANSPORTE DE CARGA POR CARRETERA",1,0,0,0,23/09/2026 22:18,1,1,1,85.8,Muy alto
20448307523,Z & Z INGENIEROS SOCIEDAD COMERCIAL DE RESPONSABILIDAD LIMITADA,Z & Z INGENIEROS S.R.L.,2021,PUNO,02/04/2011,02/04/2011,2011.0,10.0,0,2021,0,1,1,57504538.19,1,0.0,0.0,SOC.COM.RESPONS. LTDA,ACTIVO,HABIDO,,PUNO/PUNO/PUNO,Principal - 4100 - CONSTRUCCIÓN DE EDIFICIOS,3.0,Principal - 4100 - CONSTRUCCIÓN DE EDIFICIOS | Secundaria 1 - 7110 - ACTIVIDADES DE ARQUITECTURA E INGENIERÍA Y ACTIVIDADES CONEXAS DE CONSULTORÍA TÉCNICA | Secundaria 2 - 7710 - ALQUILER Y ARRENDAMIENTO DE VEHÍCULOS AUTOMOTORES,0,0,0,0,23/09/2026 22:18,1,1,1,85.8,Muy alto
20448497047,COMERCIALIZADORA & CONSTRUCTORA ACEROS SOCIEDAD ANONIMA CERRADA,-,2021,PUNO,18/04/2012,18/04/2012,2012.0,9.0,0,2021,0,1,1,25139072.82,1,1.0,1.0,SOCIEDAD ANONIMA CERRADA,ACTIVO,HABIDO,,PUNO/CHUCUITO/DESAGUADERO,Principal - 4100 - CONSTRUCCIÓN DE EDIFICIOS,3.0,"Principal - 4100 - CONSTRUCCIÓN DE EDIFICIOS | Secundaria 1 - 4663 - VENTA AL POR MAYOR DE MATERIALES DE CONSTRUCCIÓN, ARTÍCULOS DE FERRETERÍA Y EQUIPO Y MATERIALES DE FONTANERÍA Y CALEFACCIÓN | Secundaria 2 - 8129 - OTRAS ACTIVIDADES DE LIMPIEZA DE EDIFICIOS Y DE INSTALACIONES INDUSTRIALES",0,2,0,0,23/09/2026 22:18,1,1,1,85.8,Muy alto
20448562396,LCCONST E.I.R.L.,-,2021,PUNO,04/07/2012,01/09/2012,2012.0,9.0,0,2019,2,2,1,100000.0,2,2.0,1.0,EMPRESA INDIVIDUAL DE RESP. LTDA,ACTIVO,HABIDO,,PUNO/SAN ROMAN/JULIACA,Principal - 4100 - CONSTRUCCIÓN DE EDIFICIOS,3.0,"Principal - 4100 - CONSTRUCCIÓN DE EDIFICIOS | Secundaria 1 - 7730 - ALQUILER Y ARRENDAMIENTO DE OTROS TIPOS DE MAQUINARIA, EQUIPO Y BIENES TANGIBLES | Secundaria 2 - 5221 - ACTIVIDADES DE SERVICIOS VINCULADAS AL TRANSPORTE TERRESTRE",0,3,0,0,23/09/2026 22:18,1,1,1,85.8,Muy alto
20486960401,CORPORACION DOMINUS SOCIEDAD ANONIMA CERRADA,CORPORACION DOMINUS SAC,2021,PUNO,03/12/2008,03/12/2008,2008.0,13.0,0,2012,9,1,2,294813583.41,1,0.0,0.0,SOCIEDAD ANONIMA CERRADA,ACTIVO,HABIDO,,LIMA/LIMA/SAN ISIDRO,Principal - 4923 - TRANSPORTE DE CARGA POR CARRETERA,3.0,Principal - 4923 - TRANSPORTE DE CARGA POR CARRETERA | Secundaria 1 - 7110 - ACTIVIDADES DE ARQUITECTURA E INGENIERÍA Y ACTIVIDADES CONEXAS DE CONSULTORÍA TÉCNICA | Secundaria 2 - 4210 - CONSTRUCCIÓN DE CARRETERAS Y VÍAS DE FERROCARRIL,1,4,0,0,23/09/2026 22:28,1,1,1,85.8,Muy alto
20542703483,INCOGAR GRUPO CONSTRUCTOR SOCIEDAD ANONIMA CERRADA,-,2021,PUNO,15/08/2014,15/08/2014,2014.0,7.0,0,2021,0,1,1,100000.0,1,1.0,1.0,SOCIEDAD ANONIMA CERRADA,ACTIVO,HABIDO,,AREQUIPA/AREQUIPA/PAUCARPATA,Principal - 4290 - CONSTRUCCIÓN DE OTRAS OBRAS DE INGENIERÍA CIVIL,3.0,"Principal - 4290 - CONSTRUCCIÓN DE OTRAS OBRAS DE INGENIERÍA CIVIL | Secundaria 1 - 7730 - ALQUILER Y ARRENDAMIENTO DE OTROS TIPOS DE MAQUINARIA, EQUIPO Y BIENES TANGIBLES | Secundaria 2 - 7110 - ACTIVIDADES DE ARQUITECTURA E INGENIERÍA Y ACTIVIDADES CONEXAS DE CONSULTORÍA TÉCNICA",1,0,0,0,23/09/2026 22:56,1,1,1,85.8,Muy alto
20450324184,CONSTRUCTORA PEREZ & PEREZ SAC,-,2021,SAN MARTIN,30/04/2008,01/05/2008,2008.0,13.0,0,2019,2,1,1,100000.0,1,1.0,1.0,SOCIEDAD ANONIMA CERRADA,ACTIVO,HABIDO,,SAN MARTIN/MOYOBAMBA/MOYOBAMBA,Principal - 4100 - CONSTRUCCIÓN DE EDIFICIOS,3.0,"Principal - 4100 - CONSTRUCCIÓN DE EDIFICIOS | Secundaria 1 - 4923 - TRANSPORTE DE CARGA POR CARRETERA | Secundaria 2 - 4663 - VENTA AL POR MAYOR DE MATERIALES DE CONSTRUCCIÓN, ARTÍCULOS DE FERRETERÍA Y EQUIPO Y MATERIALES DE FONTANERÍA Y CALEFACCIÓN",0,0,0,0,23/09/2026 22:19,1,1,1,61.1,Alto
20477366172,LENUS S.A.C.,-,2021,SAN MARTIN,04/08/2011,01/12/2011,2011.0,10.0,0,2017,4,1,2,100000.0,1,1.0,1.0,SOCIEDAD ANONIMA CERRADA,ACTIVO,HABIDO,,CAJAMARCA/SANTA CRUZ/SANTA CRUZ,Principal - 4390 - OTRAS ACTIVIDADES ESPECIALIZADAS DE CONSTRUCCIÓN,3.0,"Principal - 4390 - OTRAS ACTIVIDADES ESPECIALIZADAS DE CONSTRUCCIÓN | Secundaria 1 - 3600 - CAPTACIÓN, TRATAMIENTO Y DISTRIBUCIÓN DE AGUA | Secundaria 2 - 7730 - ALQUILER Y ARRENDAMIENTO DE OTROS TIPOS DE MAQUINARIA, EQUIPO Y BIENES TANGIBLES",5,0,0,0,23/09/2026 22:22,1,1,1,61.1,Alto
20489174023,CEMENTOS SELVA S.A.C.,-,2021,SAN MARTIN,02/05/2000,02/05/2000,2000.0,21.0,0,2021,0,1,1,,0,,,SOCIEDAD ANONIMA CERRADA,ACTIVO,HABIDO,,SAN MARTIN/RIOJA/ELIAS SOPLIN VARGAS,"Principal - 2394 - FABRICACIÓN DE CEMENTO, CAL Y YESO",1.0,"Principal - 2394 - FABRICACIÓN DE CEMENTO, CAL Y YESO",0,0,0,0,23/09/2026 22:30,1,1,1,61.1,Alto
20489747244,CORPORACIÓN LUSAC E.I.R.L.,-,2021,SAN MARTIN,12/02/2009,12/02/2009,2009.0,12.0,0,2010,11,1,1,100000.0,1,1.0,1.0,EMPRESA INDIVIDUAL DE RESP. LTDA,ACTIVO,HABIDO,,HUANUCO/HUANUCO/AMARILIS,Principal - 4100 - CONSTRUCCIÓN DE EDIFICIOS,3.0,"Principal - 4100 - CONSTRUCCIÓN DE EDIFICIOS | Secundaria 1 - 4659 - VENTA AL POR MAYOR DE OTROS TIPOS DE MAQUINARIA Y EQUIPO | Secundaria 2 - 7730 - ALQUILER Y ARRENDAMIENTO DE OTROS TIPOS DE MAQUINARIA, EQUIPO Y BIENES TANGIBLES",0,0,0,0,23/09/2026 22:32,1,1,1,61.1,Alto
20542312450,PRINCOR S.A.C.,-,2021,SAN MARTIN,11/04/2013,11/04/2013,2013.0,8.0,0,2013,8,1,2,500000.0,1,0.0,0.0,SOCIEDAD ANONIMA CERRADA,ACTIVO,HABIDO,,SAN MARTIN/EL DORADO/SAN JOSE DE SISA,Principal - 4100 - CONSTRUCCIÓN DE EDIFICIOS,3.0,"Principal - 4100 - CONSTRUCCIÓN DE EDIFICIOS | Secundaria 1 - 7730 - ALQUILER Y ARRENDAMIENTO DE OTROS TIPOS DE MAQUINARIA, EQUIPO Y BIENES TANGIBLES | Secundaria 2 - 4922 - OTRAS ACTIVIDADES DE TRANSPORTE POR VÍA TERRESTRE",0,0,0,0,23/09/2026 22:55,1,1,1,61.1,Alto
20542330512,ST VICTORIA SOCIEDAD ANONIMA CERRADA,ST VICTORIA SAC,2021,SAN MARTIN,27/05/2013,27/05/2013,2013.0,8.0,0,2021,0,1,1,170635537.78,1,0.0,0.0,SOCIEDAD ANONIMA CERRADA,ACTIVO,HABIDO,,SAN MARTIN/SAN MARTIN/TARAPOTO,Principal - 4100 - CONSTRUCCIÓN DE EDIFICIOS,3.0,Principal - 4100 - CONSTRUCCIÓN DE EDIFICIOS | Secundaria 1 - 4923 - TRANSPORTE DE CARGA POR CARRETERA | Secundaria 2 - 4210 - CONSTRUCCIÓN DE CARRETERAS Y VÍAS DE FERROCARRIL,0,0,0,0,23/09/2026 22:55,1,1,1,61.1,Alto
20542374218,ESCSA CONTRATISTAS GENERALES E.I.R.L.,-,2021,SAN MARTIN,31/08/2013,02/09/2013,2013.0,8.0,0,2020,1,2,1,100000.0,2,2.0,1.0,EMPRESA INDIVIDUAL DE RESP. LTDA,SUSPENSION TEMPORAL,HABIDO,,SAN MARTIN/MARISCAL CACERES/JUANJUI,"Principal - 4663 - VENTA AL POR MAYOR DE MATERIALES DE CONSTRUCCIÓN, ARTÍCULOS DE FERRETERÍA Y EQUIPO Y MATERIALES DE FONTANERÍA Y CALEFACCIÓN",3.0,"Principal - 4663 - VENTA AL POR MAYOR DE MATERIALES DE CONSTRUCCIÓN, ARTÍCULOS DE FERRETERÍA Y EQUIPO Y MATERIALES DE FONTANERÍA Y CALEFACCIÓN | Secundaria 1 - 4100 - CONSTRUCCIÓN DE EDIFICIOS | Secundaria 2 - 7730 - ALQUILER Y ARRENDAMIENTO DE OTROS TIPOS DE MAQUINARIA, EQUIPO Y BIENES TANGIBLES",0,0,0,0,23/09/2026 22:55,1,1,1,61.1,Alto
20572218369,CONSTRUCTORA GLOBAL SELVA E.I.R.L.,-,2021,SAN MARTIN,17/07/2025,01/06/2024,2024.0,,1,2021,0,1,1,100000.0,1,1.0,1.0,EMPRESA INDIVIDUAL DE RESP. LTDA,ACTIVO,HABIDO,,SAN MARTIN/MOYOBAMBA/MOYOBAMBA,Principal - 4390 - OTRAS ACTIVIDADES ESPECIALIZADAS DE CONSTRUCCIÓN,1.0,Principal - 4390 - OTRAS ACTIVIDADES ESPECIALIZADAS DE CONSTRUCCIÓN,0,0,0,0,23/09/2026 23:03,1,1,1,61.1,Alto
20572250505,MURCIA INGENIEROS SOCIEDAD ANÓNIMA CERRADA,MURCIA INGENIEROS,2021,SAN MARTIN,11/09/2014,01/12/2014,2014.0,7.0,0,2021,0,1,1,20651849.54,1,0.0,0.0,SOCIEDAD ANONIMA CERRADA,ACTIVO,HABIDO,,SAN MARTIN/MOYOBAMBA/SORITOR,Principal - 4100 - CONSTRUCCIÓN DE EDIFICIOS,3.0,"Principal - 4100 - CONSTRUCCIÓN DE EDIFICIOS | Secundaria 1 - 4663 - VENTA AL POR MAYOR DE MATERIALES DE CONSTRUCCIÓN, ARTÍCULOS DE FERRETERÍA Y EQUIPO Y MATERIALES DE FONTANERÍA Y CALEFACCIÓN | Secundaria 2 - 7730 - ALQUILER Y ARRENDAMIENTO DE OTROS TIPOS DE MAQUINARIA, EQUIPO Y BIENES TANGIBLES",0,0,0,0,23/09/2026 23:03,1,1,1,61.1,Alto
20600179714,SLAR CONSULTORES Y EJECUTORES E.I.R.L.,-,2021,SAN MARTIN,28/02/2015,02/03/2015,2015.0,6.0,0,2018,3,1,1,100000.0,1,1.0,1.0,EMPRESA INDIVIDUAL DE RESP. LTDA,SUSPENSION TEMPORAL,HABIDO,,SAN MARTIN/MOYOBAMBA/MOYOBAMBA,Principal - 4100 - CONSTRUCCIÓN DE EDIFICIOS,2.0,"Principal - 4100 - CONSTRUCCIÓN DE EDIFICIOS | Secundaria 1 - 4663 - VENTA AL POR MAYOR DE MATERIALES DE CONSTRUCCIÓN, ARTÍCULOS DE FERRETERÍA Y EQUIPO Y MATERIALES DE FONTANERÍA Y CALEFACCIÓN",0,0,0,0,23/09/2026 23:07,1,1,1,61.1,Alto
20600453565,CISCO IMPORT S.A.C.,-,2021,SAN MARTIN,13/06/2015,01/07/2015,2015.0,6.0,0,2021,0,1,1,100000.0,1,1.0,1.0,SOCIEDAD ANONIMA CERRADA,ACTIVO,HABIDO,,SAN MARTIN/SAN MARTIN/MORALES,Principal - 4100 - CONSTRUCCIÓN DE EDIFICIOS,3.0,"Principal - 4100 - CONSTRUCCIÓN DE EDIFICIOS | Secundaria 1 - 9609 - OTRAS ACTIVIDADES DE SERVICIOS PERSONALES N.C.P. | Secundaria 2 - 7730 - ALQUILER Y ARRENDAMIENTO DE OTROS TIPOS DE MAQUINARIA, EQUIPO Y BIENES TANGIBLES",0,0,0,0,23/09/2026 23:09,1,1,1,61.1,Alto
20601456070,PLATINO CONSTRUCTORES EMPRESA INDIVIDUAL DE RESPONSABILIDAD LIMITADA,-,2021,SAN MARTIN,25/08/2016,25/08/2016,2016.0,5.0,0,2021,0,1,1,400000.0,1,1.0,1.0,EMPRESA INDIVIDUAL DE RESP. LTDA,ACTIVO,HABIDO,,SAN MARTIN/SAN MARTIN/TARAPOTO,Principal - 4923 - TRANSPORTE DE CARGA POR CARRETERA,3.0,"Principal - 4923 - TRANSPORTE DE CARGA POR CARRETERA | Secundaria 1 - 7730 - ALQUILER Y ARRENDAMIENTO DE OTROS TIPOS DE MAQUINARIA, EQUIPO Y BIENES TANGIBLES | Secundaria 2 - 4100 - CONSTRUCCIÓN DE EDIFICIOS",0,0,0,0,23/09/2026 23:13,1,1,1,61.1,Alto
20603358504,HAC CONTRATISTAS GENERALES S.A.C.,-,2021,SAN MARTIN,05/07/2018,05/07/2018,2018.0,3.0,0,2021,0,1,1,450000.0,1,1.0,1.0,SOCIEDAD ANONIMA CERRADA,ACTIVO,HABIDO,,SAN MARTIN/SAN MARTIN/TARAPOTO,Principal - 7110 - ACTIVIDADES DE ARQUITECTURA E INGENIERÍA Y ACTIVIDADES CONEXAS DE CONSULTORÍA TÉCNICA,3.0,"Principal - 7110 - ACTIVIDADES DE ARQUITECTURA E INGENIERÍA Y ACTIVIDADES CONEXAS DE CONSULTORÍA TÉCNICA | Secundaria 1 - 4321 - INSTALACIONES ELÉCTRICAS | Secundaria 2 - 4663 - VENTA AL POR MAYOR DE MATERIALES DE CONSTRUCCIÓN, ARTÍCULOS DE FERRETERÍA Y EQUIPO Y MATERIALES DE FONTANERÍA Y CALEFACCIÓN",0,0,0,0,23/09/2026 23:19,1,1,1,61.1,Alto
10004760617,DEL CASTILLO PAREDES ALBERTO ENRIQUE,DEL CASTILLO PAREDES ENRIQUE,2021,TACNA,29/04/1993,15/06/1993,1993.0,28.0,0,2007,14,3,1,100000.0,3,3.0,1.0,PERSONA NATURAL CON NEGOCIO,ACTIVO,HABIDO,,TACNA/TACNA/TACNA,Principal - 4390 - OTRAS ACTIVIDADES ESPECIALIZADAS DE CONSTRUCCIÓN,3.0,"Principal - 4390 - OTRAS ACTIVIDADES ESPECIALIZADAS DE CONSTRUCCIÓN | Secundaria 1 - 4923 - TRANSPORTE DE CARGA POR CARRETERA | Secundaria 2 - 4711 - VENTA AL POR MENOR EN COMERCIOS NO ESPECIALIZADOS CON PREDOMINIO DE LA VENTA DE ALIMENTOS, BEBIDAS O TABACO",3,1,0,0,23/09/2026 22:05,1,1,1,93.9,Muy alto
20119916705,IMELEC S.R.L.,IMELEC S.R.L.,2021,TACNA,06/02/1995,12/03/1993,1993.0,28.0,0,2018,3,1,1,500000.0,1,1.0,1.0,SOC.COM.RESPONS. LTDA,ACTIVO,HABIDO,,AREQUIPA/AREQUIPA/AREQUIPA,Principal - 4290 - CONSTRUCCIÓN DE OTRAS OBRAS DE INGENIERÍA CIVIL,3.0,"Principal - 4290 - CONSTRUCCIÓN DE OTRAS OBRAS DE INGENIERÍA CIVIL | Secundaria 1 - 7730 - ALQUILER Y ARRENDAMIENTO DE OTROS TIPOS DE MAQUINARIA, EQUIPO Y BIENES TANGIBLES | Secundaria 2 - 4663 - VENTA AL POR MAYOR DE MATERIALES DE CONSTRUCCIÓN, ARTÍCULOS DE FERRETERÍA Y EQUIPO Y MATERIALES DE FONTANERÍA Y CALEFACCIÓN",1,0,0,0,23/09/2026 22:08,1,1,1,93.9,Muy alto
20133176404,JAST S.A.C.,-,2021,TACNA,06/05/1993,04/11/1992,1992.0,29.0,0,2016,5,1,1,353853660.15,1,0.0,0.0,SOCIEDAD ANONIMA CERRADA,ACTIVO,HABIDO,,AREQUIPA/AREQUIPA/AREQUIPA,Principal - 4100 - CONSTRUCCIÓN DE EDIFICIOS,2.0,"Principal - 4100 - CONSTRUCCIÓN DE EDIFICIOS | Secundaria 2 - 7730 - ALQUILER Y ARRENDAMIENTO DE OTROS TIPOS DE MAQUINARIA, EQUIPO Y BIENES TANGIBLES",0,0,0,0,23/09/2026 22:08,1,1,1,93.9,Muy alto
20406330495,NAZRA CONSTRUCTORES S.R.L.,-,2021,TACNA,04/02/2003,04/02/2003,2003.0,18.0,0,2021,0,2,1,100000.0,2,2.0,1.0,SOC.COM.RESPONS. LTDA,ACTIVO,HABIDO,,LIMA/LIMA/SAN JUAN DE MIRAFLORES,Principal - 4100 - CONSTRUCCIÓN DE EDIFICIOS,3.0,"Principal - 4100 - CONSTRUCCIÓN DE EDIFICIOS | Secundaria 1 - 7730 - ALQUILER Y ARRENDAMIENTO DE OTROS TIPOS DE MAQUINARIA, EQUIPO Y BIENES TANGIBLES | Secundaria 2 - 4651 - VENTA AL POR MAYOR DE ORDENADORES, EQUIPO PERIFÉRICO Y PROGRAMAS DE INFORMÁTICA",0,0,0,0,23/09/2026 22:14,1,1,1,93.9,Muy alto
20447647096,CONSTRUCTORA SURUPANA S.A.C.,-,2021,TACNA,11/04/2006,01/05/2006,2006.0,15.0,0,2017,4,2,1,186644598.75,2,0.0,0.0,SOCIEDAD ANONIMA CERRADA,ACTIVO,HABIDO,,PUNO/SAN ROMAN/JULIACA,Principal - 4923 - TRANSPORTE DE CARGA POR CARRETERA,3.0,"Principal - 4923 - TRANSPORTE DE CARGA POR CARRETERA | Secundaria 1 - 7730 - ALQUILER Y ARRENDAMIENTO DE OTROS TIPOS DE MAQUINARIA, EQUIPO Y BIENES TANGIBLES | Secundaria 2 - 4100 - CONSTRUCCIÓN DE EDIFICIOS",1,0,0,0,23/09/2026 22:17,1,1,1,93.9,Muy alto
20449384050,ENRIQUE DEL CASTILLO SOCIEDAD COMERCIAL DE RESPONSABILIDAD LIMITADA - EDELCA S.R.L.,-,2021,TACNA,10/06/2013,10/06/2013,2013.0,8.0,0,2017,4,1,1,100000.0,1,1.0,1.0,SOC.COM.RESPONS. LTDA,ACTIVO,HABIDO,,LIMA/LIMA/SAN BORJA,Principal - 4100 - CONSTRUCCIÓN DE EDIFICIOS,2.0,"Principal - 4100 - CONSTRUCCIÓN DE EDIFICIOS | Secundaria 1 - 4663 - VENTA AL POR MAYOR DE MATERIALES DE CONSTRUCCIÓN, ARTÍCULOS DE FERRETERÍA Y EQUIPO Y MATERIALES DE FONTANERÍA Y CALEFACCIÓN",1,0,0,0,23/09/2026 22:18,1,1,1,93.9,Muy alto
20456317376,MAFER CONSTRUCCIONES Y ACABADOS E.I.R.L.,-,2021,TACNA,10/01/2012,10/01/2012,2012.0,9.0,0,2019,2,3,2,100000.0,3,3.0,1.0,EMPRESA INDIVIDUAL DE RESP. LTDA,ACTIVO,HABIDO,,AREQUIPA/AREQUIPA/CERRO COLORADO,Principal - 4100 - CONSTRUCCIÓN DE EDIFICIOS,3.0,"Principal - 4100 - CONSTRUCCIÓN DE EDIFICIOS | Secundaria 1 - 7730 - ALQUILER Y ARRENDAMIENTO DE OTROS TIPOS DE MAQUINARIA, EQUIPO Y BIENES TANGIBLES | Secundaria 2 - 4663 - VENTA AL POR MAYOR DE MATERIALES DE CONSTRUCCIÓN, ARTÍCULOS DE FERRETERÍA Y EQUIPO Y MATERIALES DE FONTANERÍA Y CALEFACCIÓN",4,1,0,0,23/09/2026 22:21,1,1,1,93.9,Muy alto
20477530665,ODISEA PERUS S.A.C.,-,2021,TACNA,15/12/2011,15/12/2011,2011.0,10.0,0,2014,7,1,2,100000.0,1,1.0,1.0,SOCIEDAD ANONIMA CERRADA,ACTIVO,NO HALLADO,,LIMA/LIMA/LIMA,Principal - 4100 - CONSTRUCCIÓN DE EDIFICIOS,3.0,"Principal - 4100 - CONSTRUCCIÓN DE EDIFICIOS | Secundaria 1 - 4210 - CONSTRUCCIÓN DE CARRETERAS Y VÍAS DE FERROCARRIL | Secundaria 2 - 7730 - ALQUILER Y ARRENDAMIENTO DE OTROS TIPOS DE MAQUINARIA, EQUIPO Y BIENES TANGIBLES",1,1,0,0,23/09/2026 22:22,1,1,1,93.9,Muy alto
20513051833,3G CONSTRUCTORA S.A.C.,-,2021,TACNA,29/04/2006,15/05/2006,2006.0,15.0,0,2011,10,1,2,139684635.58,1,0.0,0.0,SOCIEDAD ANONIMA CERRADA,ACTIVO,HABIDO,,PROV. CONST. DEL CALLAO/PROV. CONST. DEL CALLAO/CALLAO,Principal - 4100 - CONSTRUCCIÓN DE EDIFICIOS,3.0,"Principal - 4100 - CONSTRUCCIÓN DE EDIFICIOS | Secundaria 1 - 8020 - ACTIVIDADES DE SERVICIOS DE SISTEMAS DE SEGURIDAD | Secundaria 2 - 4663 - VENTA AL POR MAYOR DE MATERIALES DE CONSTRUCCIÓN, ARTÍCULOS DE FERRETERÍA Y EQUIPO Y MATERIALES DE FONTANERÍA Y CALEFACCIÓN",0,0,0,0,23/09/2026 22:38,1,1,1,93.9,Muy alto
20519658501,INGENIERIA EN CONSTRUCCION DE OBRAS SOCIEDAD ANONIMA CERRADA,ICOSAC,2021,TACNA,15/01/2002,15/01/2002,2002.0,19.0,0,2008,13,1,1,124261732.73,1,0.0,0.0,SOCIEDAD ANONIMA,ACTIVO,HABIDO,,TACNA/TACNA/CRL. GREG. ALBARRACIN LANCHIP,Principal - 4220 - CONSTRUCCIÓN DE PROYECTOS DE SERVICIO PÚBLICO,3.0,"Principal - 4220 - CONSTRUCCIÓN DE PROYECTOS DE SERVICIO PÚBLICO | Secundaria 1 - 7730 - ALQUILER Y ARRENDAMIENTO DE OTROS TIPOS DE MAQUINARIA, EQUIPO Y BIENES TANGIBLES | Secundaria 2 - 4390 - OTRAS ACTIVIDADES ESPECIALIZADAS DE CONSTRUCCIÓN",0,0,0,0,23/09/2026 22:39,1,1,1,93.9,Muy alto
20520021338,CONSTRUCCIONES CAPANIQUE SOCIEDAD COMERCIAL DE RESPONSABILIDAD LIMITADA,CONSTRUCCIONES CAPANIQUE SRL,2021,TACNA,16/02/2006,16/02/2006,2006.0,15.0,0,2017,4,1,1,11979811.64,1,0.0,0.0,SOC.COM.RESPONS. LTDA,ACTIVO,HABIDO,,TACNA/TACNA/POCOLLAY,Principal - 4100 - CONSTRUCCIÓN DE EDIFICIOS,2.0,Principal - 4100 - CONSTRUCCIÓN DE EDIFICIOS | Secundaria 1 - 4923 - TRANSPORTE DE CARGA POR CARRETERA,1,0,0,0,23/09/2026 22:39,1,1,1,93.9,Muy alto
20521378531,AMERICAN CONTRATISTAS GENERALES S.A.C.,-,2021,TACNA,23/03/2009,23/03/2009,2009.0,12.0,0,2011,10,1,1,100000.0,1,1.0,1.0,SOCIEDAD ANONIMA CERRADA,BAJA DE OFICIO,NO HABIDO,31/01/2025,LIMA/LIMA/MIRAFLORES,Principal - 4290 - CONSTRUCCIÓN DE OTRAS OBRAS DE INGENIERÍA CIVIL,3.0,"Principal - 4290 - CONSTRUCCIÓN DE OTRAS OBRAS DE INGENIERÍA CIVIL | Secundaria 1 - 2395 - FABRICACIÓN DE ARTÍCULOS DE HORMIGÓN, CEMENTO Y YESO | Secundaria 2 - 4663 - VENTA AL POR MAYOR DE MATERIALES DE CONSTRUCCIÓN, ARTÍCULOS DE FERRETERÍA Y EQUIPO Y MATERIALES DE FONTANERÍA Y CALEFACCIÓN",2,0,0,0,23/09/2026 22:39,1,1,1,93.9,Muy alto
20532656347,OCRAM_29 GEIN SOCIEDAD COMERCIAL DE RESPONSABILIDAD LIMITADA,OCRAM_29 GEIN S.R.L,2021,TACNA,10/02/2011,14/02/2011,2011.0,10.0,0,2018,3,3,1,100000.0,3,3.0,1.0,SOC.COM.RESPONS. LTDA,ACTIVO,HABIDO,,LIMA/LIMA/MIRAFLORES,Principal - 4100 - CONSTRUCCIÓN DE EDIFICIOS,3.0,"Principal - 4100 - CONSTRUCCIÓN DE EDIFICIOS | Secundaria 1 - 4923 - TRANSPORTE DE CARGA POR CARRETERA | Secundaria 2 - 7730 - ALQUILER Y ARRENDAMIENTO DE OTROS TIPOS DE MAQUINARIA, EQUIPO Y BIENES TANGIBLES",0,0,0,0,23/09/2026 22:48,1,1,1,93.9,Muy alto
20533059890,A Y M CONSTRUCTORA SOL SOCIEDAD ANONIMA CERRADA - A Y M CONSTRUCTORA SOL S.A.C.,-,2021,TACNA,12/03/2013,20/03/2013,2013.0,8.0,0,2016,5,2,1,15330195.66,2,0.0,0.0,SOCIEDAD ANONIMA CERRADA,ACTIVO,HABIDO,,TACNA/TACNA/CRL. GREG. ALBARRACIN LANCHIP,Principal - 7110 - ACTIVIDADES DE ARQUITECTURA E INGENIERÍA Y ACTIVIDADES CONEXAS DE CONSULTORÍA TÉCNICA,3.0,Principal - 7110 - ACTIVIDADES DE ARQUITECTURA E INGENIERÍA Y ACTIVIDADES CONEXAS DE CONSULTORÍA TÉCNICA | Secundaria 1 - 4923 - TRANSPORTE DE CARGA POR CARRETERA | Secundaria 2 - 7710 - ALQUILER Y ARRENDAMIENTO DE VEHÍCULOS AUTOMOTORES,1,1,0,0,23/09/2026 22:48,1,1,1,93.9,Muy alto
20601016347,ALTICA CONSTRUCCIONES S.R.L.,-,2021,TACNA,17/02/2016,17/02/2016,2016.0,5.0,0,2016,5,1,1,60947215.0,1,0.0,0.0,SOC.COM.RESPONS. LTDA,ACTIVO,HABIDO,,TACNA/TACNA/POCOLLAY,Principal - 4100 - CONSTRUCCIÓN DE EDIFICIOS,3.0,"Principal - 4100 - CONSTRUCCIÓN DE EDIFICIOS | Secundaria 1 - 4210 - CONSTRUCCIÓN DE CARRETERAS Y VÍAS DE FERROCARRIL | Secundaria 2 - 7730 - ALQUILER Y ARRENDAMIENTO DE OTROS TIPOS DE MAQUINARIA, EQUIPO Y BIENES TANGIBLES",1,0,0,0,23/09/2026 23:11,1,1,1,93.9,Muy alto
20601265002,NEYZEL CONTRATISTAS S.A.C.,-,2021,TACNA,31/05/2016,01/06/2016,2016.0,5.0,0,2018,3,1,1,100000.0,1,1.0,1.0,SOCIEDAD ANONIMA CERRADA,ACTIVO,HABIDO,,LIMA/LIMA/SAN JUAN DE MIRAFLORES,Principal - 4923 - TRANSPORTE DE CARGA POR CARRETERA,3.0,"Principal - 4923 - TRANSPORTE DE CARGA POR CARRETERA | Secundaria 1 - 7730 - ALQUILER Y ARRENDAMIENTO DE OTROS TIPOS DE MAQUINARIA, EQUIPO Y BIENES TANGIBLES | Secundaria 2 - 4100 - CONSTRUCCIÓN DE EDIFICIOS",0,0,0,0,23/09/2026 23:12,1,1,1,93.9,Muy alto
20601898463,SOIL & GEOTECNIA INGENIEROS E.I.R.L.,-,2021,TACNA,21/02/2017,21/02/2017,2017.0,4.0,0,2021,0,3,1,64006721.3,3,0.0,0.0,EMPRESA INDIVIDUAL DE RESP. LTDA,ACTIVO,HABIDO,,AREQUIPA/AREQUIPA/CERRO COLORADO,Principal - 4290 - CONSTRUCCIÓN DE OTRAS OBRAS DE INGENIERÍA CIVIL,3.0,"Principal - 4290 - CONSTRUCCIÓN DE OTRAS OBRAS DE INGENIERÍA CIVIL | Secundaria 1 - 7730 - ALQUILER Y ARRENDAMIENTO DE OTROS TIPOS DE MAQUINARIA, EQUIPO Y BIENES TANGIBLES | Secundaria 2 - 4923 - TRANSPORTE DE CARGA POR CARRETERA",0,0,0,0,23/09/2026 23:15,1,1,1,93.9,Muy alto
20604357951,FAPECONS INGENIERIA Y CONSTRUCCION E.I.R.L.,-,2021,TACNA,11/03/2019,11/03/2019,2019.0,2.0,0,2021,0,1,1,100000.0,1,1.0,1.0,EMPRESA INDIVIDUAL DE RESP. LTDA,ACTIVO,HABIDO,,AREQUIPA/AREQUIPA/CAYMA,Principal - 4100 - CONSTRUCCIÓN DE EDIFICIOS,3.0,"Principal - 4100 - CONSTRUCCIÓN DE EDIFICIOS | Secundaria 1 - 7730 - ALQUILER Y ARRENDAMIENTO DE OTROS TIPOS DE MAQUINARIA, EQUIPO Y BIENES TANGIBLES | Secundaria 2 - 4923 - TRANSPORTE DE CARGA POR CARRETERA",0,0,0,0,23/09/2026 23:21,1,1,1,93.9,Muy alto
20409211411,J & J ALEMAN CONSTRUCTORES SOCIEDAD COMERCIAL DE RESPONSABILIDAD LIMITADA,-,2021,TUMBES,30/04/2008,30/04/2008,2008.0,13.0,0,2016,5,1,1,100000.0,1,1.0,1.0,SOC.COM.RESPONS. LTDA,ACTIVO,HABIDO,,TUMBES/TUMBES/TUMBES,Principal - 4290 - CONSTRUCCIÓN DE OTRAS OBRAS DE INGENIERÍA CIVIL,3.0,"Principal - 4290 - CONSTRUCCIÓN DE OTRAS OBRAS DE INGENIERÍA CIVIL | Secundaria 1 - 8423 - ACTIVIDADES DE MANTENIMIENTO DEL ORDEN PÚBLICO Y DE SEGURIDAD | Secundaria 2 - 7730 - ALQUILER Y ARRENDAMIENTO DE OTROS TIPOS DE MAQUINARIA, EQUIPO Y BIENES TANGIBLES",0,0,0,0,23/09/2026 22:15,1,1,1,77.5,Muy alto
20409461019,IMPORT & EXPORT CONSTRUCCIONES Y EDIFICACIONES SALEM S.R.L.,SALEM SRL,2021,TUMBES,28/10/2013,28/10/2013,2013.0,8.0,0,2015,6,1,1,6420043.08,1,0.0,0.0,SOC.COM.RESPONS. LTDA,ACTIVO,HABIDO,,TUMBES/TUMBES/TUMBES,Principal - 8130 - ACTIVIDADES DE PAISAJISMO Y SERVICIOS DE MANTENIMIENTO CONEXOS,3.0,Principal - 8130 - ACTIVIDADES DE PAISAJISMO Y SERVICIOS DE MANTENIMIENTO CONEXOS | Secundaria 1 - 4100 - CONSTRUCCIÓN DE EDIFICIOS | Secundaria 2 - 7110 - ACTIVIDADES DE ARQUITECTURA E INGENIERÍA Y ACTIVIDADES CONEXAS DE CONSULTORÍA TÉCNICA,0,0,0,0,23/09/2026 22:16,1,1,1,77.5,Muy alto
20479087360,YMABE CONTRATISTAS GENERALES S.A.C,-,2021,TUMBES,17/12/2008,05/01/2009,2009.0,12.0,0,2018,3,1,1,100000.0,1,1.0,1.0,SOCIEDAD ANONIMA CERRADA,ACTIVO,HABIDO,,LIMA/LIMA/SANTIAGO DE SURCO,Principal - 4100 - CONSTRUCCIÓN DE EDIFICIOS,3.0,"Principal - 4100 - CONSTRUCCIÓN DE EDIFICIOS | Secundaria 1 - 4663 - VENTA AL POR MAYOR DE MATERIALES DE CONSTRUCCIÓN, ARTÍCULOS DE FERRETERÍA Y EQUIPO Y MATERIALES DE FONTANERÍA Y CALEFACCIÓN | Secundaria 2 - 7730 - ALQUILER Y ARRENDAMIENTO DE OTROS TIPOS DE MAQUINARIA, EQUIPO Y BIENES TANGIBLES",0,0,0,0,23/09/2026 22:22,1,1,1,77.5,Muy alto
20484206997,CONSTRUCTORA JORDAN SRL,-,2021,TUMBES,07/07/2004,07/07/2004,2004.0,17.0,0,2006,15,1,1,173050007.85,1,0.0,0.0,SOC.COM.RESPONS. LTDA,ACTIVO,HABIDO,,TUMBES/TUMBES/TUMBES,Principal - 4210 - CONSTRUCCIÓN DE CARRETERAS Y VÍAS DE FERROCARRIL,2.0,Principal - 4210 - CONSTRUCCIÓN DE CARRETERAS Y VÍAS DE FERROCARRIL | Secundaria 1 - 4390 - OTRAS ACTIVIDADES ESPECIALIZADAS DE CONSTRUCCIÓN,0,0,0,0,23/09/2026 22:26,1,1,1,77.5,Muy alto
20488071603,KIBE CONSTRUCCIONES GENERALES SAC,KIBECO,2021,TUMBES,18/07/2012,01/07/2012,2012.0,9.0,0,2017,4,1,1,188581437.9,1,0.0,0.0,SOCIEDAD ANONIMA CERRADA,ACTIVO,HABIDO,,LIMA/LIMA/JESUS MARIA,Principal - 4100 - CONSTRUCCIÓN DE EDIFICIOS,3.0,Principal - 4100 - CONSTRUCCIÓN DE EDIFICIOS | Secundaria 1 - 4290 - CONSTRUCCIÓN DE OTRAS OBRAS DE INGENIERÍA CIVIL | Secundaria 2 - 4923 - TRANSPORTE DE CARGA POR CARRETERA,0,0,0,0,23/09/2026 22:29,1,1,1,77.5,Muy alto
20525460950,SHEKINARAFA S.R.L. EN LIQUIDACION,-,2021,TUMBES,20/02/2007,22/02/2007,2007.0,14.0,0,2009,12,1,1,100000.0,1,1.0,1.0,SOC.COM.RESPONS. LTDA,BAJA DEFINITIVA,HABIDO,30/06/2026,TUMBES/TUMBES/TUMBES,Principal - 4100 - CONSTRUCCIÓN DE EDIFICIOS,3.0,"Principal - 4100 - CONSTRUCCIÓN DE EDIFICIOS | Secundaria 1 - 9609 - OTRAS ACTIVIDADES DE SERVICIOS PERSONALES N.C.P. | Secundaria 2 - 4752 - VENTA AL POR MENOR DE ARTÍCULOS DE FERRETERÍA, PINTURAS Y PRODUCTOS DE VIDRIO EN COMERCIOS ESPECIALIZADOS",1,0,0,0,23/09/2026 22:40,1,1,1,77.5,Muy alto
20529698918,GRUCONS J & M CONTRATISTAS GENERALES S.A.C.,-,2021,TUMBES,02/04/2013,01/04/2013,2013.0,8.0,0,2015,6,1,1,100000.0,1,1.0,1.0,SOCIEDAD ANONIMA CERRADA,ACTIVO,HABIDO,,CAJAMARCA/SAN MIGUEL/SAN MIGUEL,Principal - 4100 - CONSTRUCCIÓN DE EDIFICIOS,3.0,"Principal - 4100 - CONSTRUCCIÓN DE EDIFICIOS | Secundaria 1 - 4752 - VENTA AL POR MENOR DE ARTÍCULOS DE FERRETERÍA, PINTURAS Y PRODUCTOS DE VIDRIO EN COMERCIOS ESPECIALIZADOS | Secundaria 2 - 4210 - CONSTRUCCIÓN DE CARRETERAS Y VÍAS DE FERROCARRIL",1,0,0,0,23/09/2026 22:45,1,1,1,77.5,Muy alto
20600983025,INGENIERIA E INVERSIONES DEL NORTE E.I.R.L.,-,2021,TUMBES,03/02/2016,03/02/2016,2016.0,5.0,0,2021,0,1,1,100000.0,1,1.0,1.0,EMPRESA INDIVIDUAL DE RESP. LTDA,BAJA DE OFICIO,HABIDO,31/01/2025,TUMBES/TUMBES/TUMBES,Principal - 4100 - CONSTRUCCIÓN DE EDIFICIOS,3.0,Principal - 4100 - CONSTRUCCIÓN DE EDIFICIOS | Secundaria 1 - 1622 - FABRICACIÓN DE PARTES Y PIEZAS DE CARPINTERÍA PARA EDIFICIOS Y CONSTRUCCIONES | Secundaria 2 - 3100 - FABRICACIÓN DE MUEBLES,0,0,0,0,23/09/2026 23:11,1,1,1,77.5,Muy alto
20604329494,PARACAS LOGISTICA & CONSTRUCCION S.A.C.,PARACAS SAC,2021,TUMBES,05/03/2019,05/03/2019,2019.0,2.0,0,2021,0,1,1,100000.0,1,1.0,1.0,SOCIEDAD ANONIMA CERRADA,BAJA DE OFICIO,NO HABIDO,30/06/2025,TUMBES/TUMBES/LA CRUZ,Principal - 4210 - CONSTRUCCIÓN DE CARRETERAS Y VÍAS DE FERROCARRIL,2.0,Principal - 4210 - CONSTRUCCIÓN DE CARRETERAS Y VÍAS DE FERROCARRIL | Secundaria 1 - 4100 - CONSTRUCCIÓN DE EDIFICIOS,0,0,0,0,23/09/2026 23:21,1,1,1,77.5,Muy alto
20352428648,J.P.C. INGENIEROS S.A.C.,J.P.C. INGENIEROS SAC,2021,UCAYALI,27/04/2001,27/04/2001,2001.0,20.0,0,2005,16,1,1,424371520.95,1,0.0,0.0,SOCIEDAD ANONIMA CERRADA,ACTIVO,HABIDO,,UCAYALI/CORONEL PORTILLO/CALLERIA,Principal - 4100 - CONSTRUCCIÓN DE EDIFICIOS,3.0,"Principal - 4100 - CONSTRUCCIÓN DE EDIFICIOS | Secundaria 1 - 4210 - CONSTRUCCIÓN DE CARRETERAS Y VÍAS DE FERROCARRIL | Secundaria 2 - 7730 - ALQUILER Y ARRENDAMIENTO DE OTROS TIPOS DE MAQUINARIA, EQUIPO Y BIENES TANGIBLES",2,0,0,0,23/09/2026 22:11,1,1,1,78.4,Muy alto
20393242532,CONSTRUCTORA AMANCAY E.I.R.L.,-,2021,UCAYALI,09/12/2019,01/11/2019,2019.0,2.0,0,2008,13,1,1,18738141.88,1,0.0,0.0,EMPRESA INDIVIDUAL DE RESP. LTDA,ACTIVO,HABIDO,,UCAYALI/CORONEL PORTILLO/CALLERIA,Principal - 4100 - CONSTRUCCIÓN DE EDIFICIOS,2.0,Principal - 4100 - CONSTRUCCIÓN DE EDIFICIOS | Secundaria 1 - 7110 - ACTIVIDADES DE ARQUITECTURA E INGENIERÍA Y ACTIVIDADES CONEXAS DE CONSULTORÍA TÉCNICA,0,0,0,0,23/09/2026 22:12,1,1,1,78.4,Muy alto
20393345188,VIRGEN DE SUYAPA CONTRATISTAS GENERALES E.I.R.L.,-,2021,UCAYALI,19/04/2007,19/04/2007,2007.0,14.0,0,2009,12,1,1,33919263.6,1,0.0,0.0,EMPRESA INDIVIDUAL DE RESP. LTDA,ACTIVO,HABIDO,,UCAYALI/CORONEL PORTILLO/YARINACOCHA,Principal - 4390 - OTRAS ACTIVIDADES ESPECIALIZADAS DE CONSTRUCCIÓN,3.0,"Principal - 4390 - OTRAS ACTIVIDADES ESPECIALIZADAS DE CONSTRUCCIÓN | Secundaria 1 - 7110 - ACTIVIDADES DE ARQUITECTURA E INGENIERÍA Y ACTIVIDADES CONEXAS DE CONSULTORÍA TÉCNICA | Secundaria 2 - 7730 - ALQUILER Y ARRENDAMIENTO DE OTROS TIPOS DE MAQUINARIA, EQUIPO Y BIENES TANGIBLES",0,1,0,0,23/09/2026 22:12,1,1,1,78.4,Muy alto
20393352800,MACRONEGOCIO'S E.I.R.L.,-,2021,UCAYALI,31/05/2007,01/06/2007,2007.0,14.0,0,2021,0,1,1,15373126.92,1,0.0,0.0,EMPRESA INDIVIDUAL DE RESP. LTDA,ACTIVO,HABIDO,,UCAYALI/CORONEL PORTILLO/CALLERIA,Principal - 4100 - CONSTRUCCIÓN DE EDIFICIOS,3.0,"Principal - 4100 - CONSTRUCCIÓN DE EDIFICIOS | Secundaria 1 - 4663 - VENTA AL POR MAYOR DE MATERIALES DE CONSTRUCCIÓN, ARTÍCULOS DE FERRETERÍA Y EQUIPO Y MATERIALES DE FONTANERÍA Y CALEFACCIÓN | Secundaria 2 - 7730 - ALQUILER Y ARRENDAMIENTO DE OTROS TIPOS DE MAQUINARIA, EQUIPO Y BIENES TANGIBLES",0,0,0,0,23/09/2026 22:12,1,1,1,78.4,Muy alto
20393665506,DISEÑO Y CONSTRUCCIONES ARGOS EIRL,-,2021,UCAYALI,22/02/2011,22/02/2011,2011.0,10.0,0,2014,7,1,1,77652398.3,1,0.0,0.0,EMPRESA INDIVIDUAL DE RESP. LTDA,ACTIVO,HABIDO,,UCAYALI/CORONEL PORTILLO/YARINACOCHA,Principal - 4390 - OTRAS ACTIVIDADES ESPECIALIZADAS DE CONSTRUCCIÓN,3.0,"Principal - 4390 - OTRAS ACTIVIDADES ESPECIALIZADAS DE CONSTRUCCIÓN | Secundaria 1 - 7730 - ALQUILER Y ARRENDAMIENTO DE OTROS TIPOS DE MAQUINARIA, EQUIPO Y BIENES TANGIBLES | Secundaria 2 - 4663 - VENTA AL POR MAYOR DE MATERIALES DE CONSTRUCCIÓN, ARTÍCULOS DE FERRETERÍA Y EQUIPO Y MATERIALES DE FONTANERÍA Y CALEFACCIÓN",0,1,0,0,23/09/2026 22:13,1,1,1,78.4,Muy alto
20393758423,VICDA E.I.R.L.,-,2021,UCAYALI,06/01/2012,06/01/2012,2012.0,9.0,0,2016,5,2,1,100000.0,2,2.0,1.0,EMPRESA INDIVIDUAL DE RESP. LTDA,ACTIVO,HABIDO,,UCAYALI/CORONEL PORTILLO/CALLERIA,Principal - 4100 - CONSTRUCCIÓN DE EDIFICIOS,3.0,"Principal - 4100 - CONSTRUCCIÓN DE EDIFICIOS | Secundaria 1 - 4923 - TRANSPORTE DE CARGA POR CARRETERA | Secundaria 2 - 4663 - VENTA AL POR MAYOR DE MATERIALES DE CONSTRUCCIÓN, ARTÍCULOS DE FERRETERÍA Y EQUIPO Y MATERIALES DE FONTANERÍA Y CALEFACCIÓN",0,0,0,0,23/09/2026 22:13,1,1,1,78.4,Muy alto
20393877431,ESTORAQUE E.I.R.L.,-,2021,UCAYALI,09/08/2019,09/08/2019,2019.0,2.0,0,2019,2,2,1,4007646477.73,2,0.0,0.0,EMPRESA INDIVIDUAL DE RESP. LTDA,ACTIVO,HABIDO,,LORETO/MAYNAS/IQUITOS,Principal - 4100 - CONSTRUCCIÓN DE EDIFICIOS,3.0,"Principal - 4100 - CONSTRUCCIÓN DE EDIFICIOS | Secundaria 1 - 7730 - ALQUILER Y ARRENDAMIENTO DE OTROS TIPOS DE MAQUINARIA, EQUIPO Y BIENES TANGIBLES | Secundaria 2 - 1410 - FABRICACIÓN DE PRENDAS DE VESTIR, EXCEPTO PRENDAS DE PIEL",0,0,0,0,23/09/2026 22:13,1,1,1,78.4,Muy alto
20493477405,INVERSIONES JAGOC E.I.R.L.,-,2021,UCAYALI,08/05/2006,08/05/2006,2006.0,15.0,0,2020,1,1,1,100000.0,1,1.0,1.0,EMPRESA INDIVIDUAL DE RESP. LTDA,ACTIVO,HABIDO,,LORETO/MAYNAS/IQUITOS,Principal - 4100 - CONSTRUCCIÓN DE EDIFICIOS,3.0,"Principal - 4100 - CONSTRUCCIÓN DE EDIFICIOS | Secundaria 1 - 4630 - VENTA AL POR MAYOR DE ALIMENTOS, BEBIDAS Y TABACO | Secundaria 2 - 5221 - ACTIVIDADES DE SERVICIOS VINCULADAS AL TRANSPORTE TERRESTRE",0,0,0,0,23/09/2026 22:33,1,1,1,78.4,Muy alto
20501522601,CORPORACION TAF & B S.A.C.,TAF & B S.A.C.,2021,UCAYALI,18/01/2001,15/03/2001,2001.0,20.0,0,2009,12,1,1,33928271.73,1,0.0,0.0,SOCIEDAD ANONIMA CERRADA,ACTIVO,HABIDO,,UCAYALI/CORONEL PORTILLO/YARINACOCHA,Principal - 4923 - TRANSPORTE DE CARGA POR CARRETERA,3.0,Principal - 4923 - TRANSPORTE DE CARGA POR CARRETERA | Secundaria 1 - 4100 - CONSTRUCCIÓN DE EDIFICIOS | Secundaria 2 - 4220 - CONSTRUCCIÓN DE PROYECTOS DE SERVICIO PÚBLICO,1,0,0,0,23/09/2026 22:37,1,1,1,78.4,Muy alto
20541706454,GRUPO D & E INGENIERIA Y CONSTRUCCION S.R.L.,-,2021,UCAYALI,13/07/2012,01/07/2012,2012.0,9.0,0,2019,2,1,2,45545770.24,1,0.0,0.0,SOC.COM.RESPONS. LTDA,ACTIVO,HABIDO,,LIMA/LIMA/JESUS MARIA,"Principal - 4663 - VENTA AL POR MAYOR DE MATERIALES DE CONSTRUCCIÓN, ARTÍCULOS DE FERRETERÍA Y EQUIPO Y MATERIALES DE FONTANERÍA Y CALEFACCIÓN",3.0,"Principal - 4663 - VENTA AL POR MAYOR DE MATERIALES DE CONSTRUCCIÓN, ARTÍCULOS DE FERRETERÍA Y EQUIPO Y MATERIALES DE FONTANERÍA Y CALEFACCIÓN | Secundaria 1 - 4100 - CONSTRUCCIÓN DE EDIFICIOS | Secundaria 2 - 4220 - CONSTRUCCIÓN DE PROYECTOS DE SERVICIO PÚBLICO",0,0,0,0,23/09/2026 22:54,1,1,1,78.4,Muy alto
20567223605,CONSTRUCKDERT S.A.C.,-,2021,UCAYALI,13/05/2014,13/05/2014,2014.0,7.0,0,2017,4,1,1,74556280.54,1,0.0,0.0,SOC.COM.RESPONS. LTDA,ACTIVO,HABIDO,,LORETO/MAYNAS/IQUITOS,Principal - 4390 - OTRAS ACTIVIDADES ESPECIALIZADAS DE CONSTRUCCIÓN,3.0,"Principal - 4390 - OTRAS ACTIVIDADES ESPECIALIZADAS DE CONSTRUCCIÓN | Secundaria 1 - 5022 - TRANSPORTE DE CARGA POR VÍAS DE NAVEGACIÓN INTERIORES | Secundaria 2 - 7730 - ALQUILER Y ARRENDAMIENTO DE OTROS TIPOS DE MAQUINARIA, EQUIPO Y BIENES TANGIBLES",1,0,0,0,23/09/2026 22:59,1,1,1,78.4,Muy alto
20603607610,CARPOR INVERSIONES E.I.R.L.,-,2021,UCAYALI,18/09/2018,18/09/2018,2018.0,3.0,0,2020,1,1,1,100000.0,1,1.0,1.0,EMPRESA INDIVIDUAL DE RESP. LTDA,BAJA DE OFICIO,PENDIENTE,29/05/2026,UCAYALI/CORONEL PORTILLO/YARINACOCHA,Principal - 4100 - CONSTRUCCIÓN DE EDIFICIOS,3.0,Principal - 4100 - CONSTRUCCIÓN DE EDIFICIOS | Secundaria 1 - 7110 - ACTIVIDADES DE ARQUITECTURA E INGENIERÍA Y ACTIVIDADES CONEXAS DE CONSULTORÍA TÉCNICA | Secundaria 2 - 4659 - VENTA AL POR MAYOR DE OTROS TIPOS DE MAQUINARIA Y EQUIPO,0,0,0,0,23/09/2026 23:19,1,1,1,78.4,Muy alto
20607266175,CONSTRUCTORA CIENFUEGOS E.I.R.L.,-,2021,UCAYALI,18/01/2021,22/01/2020,2020.0,1.0,0,2021,0,1,1,1427109.64,1,1.0,1.0,EMPRESA INDIVIDUAL DE RESP. LTDA,ACTIVO,HABIDO,,UCAYALI/CORONEL PORTILLO/YARINACOCHA,Principal - 4100 - CONSTRUCCIÓN DE EDIFICIOS,3.0,Principal - 4100 - CONSTRUCCIÓN DE EDIFICIOS | Secundaria 1 - 4290 - CONSTRUCCIÓN DE OTRAS OBRAS DE INGENIERÍA CIVIL | Secundaria 2 - 7110 - ACTIVIDADES DE ARQUITECTURA E INGENIERÍA Y ACTIVIDADES CONEXAS DE CONSULTORÍA TÉCNICA,0,0,0,0,23/09/2026 23:26,1,1,1,78.4,Muy alto
20450186440,CONSTRUCTORA Y REPRESENTACIONES CERRO VERDE S.A.C.,-,2022,AMAZONAS,24/11/2006,24/11/2006,2006.0,16.0,0,2008,14,1,2,100000.0,1,1.0,1.0,SOCIEDAD ANONIMA CERRADA,ACTIVO,HABIDO,,SAN MARTIN/SAN MARTIN/TARAPOTO,Principal - 4220 - CONSTRUCCIÓN DE PROYECTOS DE SERVICIO PÚBLICO,3.0,"Principal - 4220 - CONSTRUCCIÓN DE PROYECTOS DE SERVICIO PÚBLICO | Secundaria 1 - 4663 - VENTA AL POR MAYOR DE MATERIALES DE CONSTRUCCIÓN, ARTÍCULOS DE FERRETERÍA Y EQUIPO Y MATERIALES DE FONTANERÍA Y CALEFACCIÓN | Secundaria 2 - 4390 - OTRAS ACTIVIDADES ESPECIALIZADAS DE CONSTRUCCIÓN",0,0,0,0,23/09/2026 22:19,1,1,1,67.2,Alto
20450326713,ENGINEERING BUILD S.A.C,EBUSAC,2022,AMAZONAS,10/05/2008,09/05/2008,2008.0,14.0,0,2010,12,2,2,160346215.73,2,0.0,0.0,SOCIEDAD ANONIMA CERRADA,ACTIVO,HABIDO,,SAN MARTIN/MOYOBAMBA/MOYOBAMBA,Principal - 4100 - CONSTRUCCIÓN DE EDIFICIOS,3.0,Principal - 4100 - CONSTRUCCIÓN DE EDIFICIOS | Secundaria 1 - 4923 - TRANSPORTE DE CARGA POR CARRETERA | Secundaria 2 - 7110 - ACTIVIDADES DE ARQUITECTURA E INGENIERÍA Y ACTIVIDADES CONEXAS DE CONSULTORÍA TÉCNICA,0,0,0,0,23/09/2026 22:19,1,1,1,67.2,Alto
20479764728,ARQUIPROYECT SRL,ARQUIPROYECT SRL,2022,AMAZONAS,16/07/2004,01/06/2005,2005.0,17.0,0,2019,3,3,1,13343741.95,3,0.0,0.0,SOC.COM.RESPONS. LTDA,ACTIVO,HABIDO,,AMAZONAS/CHACHAPOYAS/CHACHAPOYAS,Principal - 4100 - CONSTRUCCIÓN DE EDIFICIOS,3.0,Principal - 4100 - CONSTRUCCIÓN DE EDIFICIOS | Secundaria 1 - 4210 - CONSTRUCCIÓN DE CARRETERAS Y VÍAS DE FERROCARRIL | Secundaria 2 - 4923 - TRANSPORTE DE CARGA POR CARRETERA,1,0,0,0,23/09/2026 22:22,1,1,1,67.2,Alto
20479790303,COSACH S.R.L.,COSACH,2022,AMAZONAS,07/10/2004,02/11/2004,2004.0,18.0,0,2011,11,1,1,4237251.2,1,0.0,0.0,SOC.COM.RESPONS. LTDA,ACTIVO,HABIDO,,AMAZONAS/CHACHAPOYAS/CHACHAPOYAS,"Principal - 4663 - VENTA AL POR MAYOR DE MATERIALES DE CONSTRUCCIÓN, ARTÍCULOS DE FERRETERÍA Y EQUIPO Y MATERIALES DE FONTANERÍA Y CALEFACCIÓN",3.0,"Principal - 4663 - VENTA AL POR MAYOR DE MATERIALES DE CONSTRUCCIÓN, ARTÍCULOS DE FERRETERÍA Y EQUIPO Y MATERIALES DE FONTANERÍA Y CALEFACCIÓN | Secundaria 1 - 4290 - CONSTRUCCIÓN DE OTRAS OBRAS DE INGENIERÍA CIVIL | Secundaria 2 - 7730 - ALQUILER Y ARRENDAMIENTO DE OTROS TIPOS DE MAQUINARIA, EQUIPO Y BIENES TANGIBLES",0,0,0,0,23/09/2026 22:22,1,1,1,67.2,Alto
20480134142,"""PROYECTOS SERVICIOS Y CONSTRUCCIONES PACÍFICO"" E.I.R.L.",PROSERCON PACIFICO EIRL,2022,AMAZONAS,02/03/2007,01/03/2007,2007.0,15.0,0,2013,9,1,1,8292773.77,1,0.0,0.0,EMPRESA INDIVIDUAL DE RESP. LTDA,ACTIVO,HABIDO,,AMAZONAS/CHACHAPOYAS/CHACHAPOYAS,"Principal - 7730 - ALQUILER Y ARRENDAMIENTO DE OTROS TIPOS DE MAQUINARIA, EQUIPO Y BIENES TANGIBLES",3.0,"Principal - 7730 - ALQUILER Y ARRENDAMIENTO DE OTROS TIPOS DE MAQUINARIA, EQUIPO Y BIENES TANGIBLES | Secundaria 1 - 4220 - CONSTRUCCIÓN DE PROYECTOS DE SERVICIO PÚBLICO | Secundaria 2 - 4663 - VENTA AL POR MAYOR DE MATERIALES DE CONSTRUCCIÓN, ARTÍCULOS DE FERRETERÍA Y EQUIPO Y MATERIALES DE FONTANERÍA Y CALEFACCIÓN",0,0,0,0,23/09/2026 22:23,1,1,1,67.2,Alto
20480188404,MAS CAMUS INGENIEROS E.I.R.L.,-,2022,AMAZONAS,18/06/2007,01/06/2007,2007.0,15.0,0,2011,11,1,1,54400790.36,1,0.0,0.0,EMPRESA INDIVIDUAL DE RESP. LTDA,ACTIVO,HABIDO,,AMAZONAS/CHACHAPOYAS/CHACHAPOYAS,Principal - 4100 - CONSTRUCCIÓN DE EDIFICIOS,3.0,Principal - 4100 - CONSTRUCCIÓN DE EDIFICIOS | Secundaria 1 - 4210 - CONSTRUCCIÓN DE CARRETERAS Y VÍAS DE FERROCARRIL | Secundaria 2 - 7110 - ACTIVIDADES DE ARQUITECTURA E INGENIERÍA Y ACTIVIDADES CONEXAS DE CONSULTORÍA TÉCNICA,0,0,0,0,23/09/2026 22:23,1,1,1,67.2,Alto
20480391200,INCOFER CONTRATISTA GENERALES EMPRESA INDIVIDUAL DE RESPONSABILIDAD LIMITADA,-,2022,AMAZONAS,23/05/2008,01/05/2008,2008.0,14.0,0,2015,7,1,1,500000.0,1,1.0,1.0,EMPRESA INDIVIDUAL DE RESP. LTDA,ACTIVO,HABIDO,,PROV. CONST. DEL CALLAO/PROV. CONST. DEL CALLAO/CALLAO,Principal - 4100 - CONSTRUCCIÓN DE EDIFICIOS,3.0,"Principal - 4100 - CONSTRUCCIÓN DE EDIFICIOS | Secundaria 1 - 4923 - TRANSPORTE DE CARGA POR CARRETERA | Secundaria 2 - 4663 - VENTA AL POR MAYOR DE MATERIALES DE CONSTRUCCIÓN, ARTÍCULOS DE FERRETERÍA Y EQUIPO Y MATERIALES DE FONTANERÍA Y CALEFACCIÓN",0,0,0,0,23/09/2026 22:23,1,1,1,67.2,Alto
20480427913,MR VILLAGE S.A.C.,-,2022,AMAZONAS,22/07/2008,22/07/2008,2008.0,14.0,0,2012,10,1,1,108198774.23,1,0.0,0.0,SOCIEDAD ANONIMA CERRADA,ACTIVO,HABIDO,,AMAZONAS/CHACHAPOYAS/CHACHAPOYAS,Principal - 4390 - OTRAS ACTIVIDADES ESPECIALIZADAS DE CONSTRUCCIÓN,3.0,Principal - 4390 - OTRAS ACTIVIDADES ESPECIALIZADAS DE CONSTRUCCIÓN | Secundaria 1 - 7110 - ACTIVIDADES DE ARQUITECTURA E INGENIERÍA Y ACTIVIDADES CONEXAS DE CONSULTORÍA TÉCNICA | Secundaria 2 - 3311 - REPARACIÓN DE PRODUCTOS ELABORADOS DE METAL,0,0,0,0,23/09/2026 22:23,1,1,1,67.2,Alto
20480811934,CONDORCANQUI CONTRATISTA GENERALES E.I.R.L.,-,2022,AMAZONAS,03/03/2010,01/03/2010,2010.0,12.0,0,2022,0,1,1,27060898.62,1,0.0,0.0,EMPRESA INDIVIDUAL DE RESP. LTDA,ACTIVO,HABIDO,,AMAZONAS/UTCUBAMBA/BAGUA GRANDE,Principal - 4100 - CONSTRUCCIÓN DE EDIFICIOS,3.0,"Principal - 4100 - CONSTRUCCIÓN DE EDIFICIOS | Secundaria 1 - 4663 - VENTA AL POR MAYOR DE MATERIALES DE CONSTRUCCIÓN, ARTÍCULOS DE FERRETERÍA Y EQUIPO Y MATERIALES DE FONTANERÍA Y CALEFACCIÓN | Secundaria 2 - 4923 - TRANSPORTE DE CARGA POR CARRETERA",0,0,0,0,23/09/2026 22:23,1,1,1,67.2,Alto
20487419754,CONSTRUCTORA Y CONSULTORA G&G SOCIEDAD COMERCIAL DE RESPONSABILIDAD LIMITADA,-,2022,AMAZONAS,09/08/2010,01/08/2010,2010.0,12.0,0,2018,4,1,1,100000.0,1,1.0,1.0,SOC.COM.RESPONS. LTDA,ACTIVO,HABIDO,,AMAZONAS/BAGUA/BAGUA,Principal - 4390 - OTRAS ACTIVIDADES ESPECIALIZADAS DE CONSTRUCCIÓN,3.0,Principal - 4390 - OTRAS ACTIVIDADES ESPECIALIZADAS DE CONSTRUCCIÓN | Secundaria 1 - 4923 - TRANSPORTE DE CARGA POR CARRETERA | Secundaria 2 - 7110 - ACTIVIDADES DE ARQUITECTURA E INGENIERÍA Y ACTIVIDADES CONEXAS DE CONSULTORÍA TÉCNICA,0,3,0,0,23/09/2026 22:29,1,1,1,67.2,Alto
20487499685,TUESTA CONSULTORES Y EJECUTORES E.I.R.L,-,2022,AMAZONAS,18/11/2010,01/11/2010,2010.0,12.0,0,2011,11,1,1,314873350.68,1,0.0,0.0,EMPRESA INDIVIDUAL DE RESP. LTDA,ACTIVO,HABIDO,,AMAZONAS/CHACHAPOYAS/CHACHAPOYAS,Principal - 7110 - ACTIVIDADES DE ARQUITECTURA E INGENIERÍA Y ACTIVIDADES CONEXAS DE CONSULTORÍA TÉCNICA,3.0,Principal - 7110 - ACTIVIDADES DE ARQUITECTURA E INGENIERÍA Y ACTIVIDADES CONEXAS DE CONSULTORÍA TÉCNICA | Secundaria 1 - 4100 - CONSTRUCCIÓN DE EDIFICIOS | Secundaria 2 - 4290 - CONSTRUCCIÓN DE OTRAS OBRAS DE INGENIERÍA CIVIL,0,0,0,0,23/09/2026 22:29,1,1,1,67.2,Alto
20487818535,CONSTRUCTORA & CONSULTORIA LIDER S.R.L.,-,2022,AMAZONAS,04/11/2011,01/11/2011,2011.0,11.0,0,2022,0,1,1,100000.0,1,1.0,1.0,SOC.COM.RESPONS. LTDA,ACTIVO,HABIDO,,CAJAMARCA/JAEN/JAEN,Principal - 4390 - OTRAS ACTIVIDADES ESPECIALIZADAS DE CONSTRUCCIÓN,1.0,Principal - 4390 - OTRAS ACTIVIDADES ESPECIALIZADAS DE CONSTRUCCIÓN,1,0,0,0,23/09/2026 22:29,1,1,1,67.2,Alto
20487980634,ENDICON CONTRATISTAS & CONSULTORES E.I.R.L.,-,2022,AMAZONAS,25/02/2025,01/02/2025,2025.0,,1,2022,0,1,1,100000.0,1,1.0,1.0,EMPRESA INDIVIDUAL DE RESP. LTDA,BAJA DE OFICIO,HABIDO,31/07/2026,CAJAMARCA/JAEN/JAEN,Principal - 4100 - CONSTRUCCIÓN DE EDIFICIOS,1.0,Principal - 4100 - CONSTRUCCIÓN DE EDIFICIOS,0,0,0,0,23/09/2026 22:29,1,1,1,67.2,Alto
20495136231,INVERSIONES MEDINA CONSTRUCTORA Y CONSULTORA S.A.C.,INVERMED Y J S.A.C.,2022,AMAZONAS,03/01/2011,03/01/2011,2011.0,11.0,0,2012,10,1,1,291261304.3,1,0.0,0.0,SOCIEDAD ANONIMA CERRADA,ACTIVO,HABIDO,,AYACUCHO/HUAMANGA/JESUS NAZARENO,Principal - 4100 - CONSTRUCCIÓN DE EDIFICIOS,3.0,"Principal - 4100 - CONSTRUCCIÓN DE EDIFICIOS | Secundaria 1 - 7730 - ALQUILER Y ARRENDAMIENTO DE OTROS TIPOS DE MAQUINARIA, EQUIPO Y BIENES TANGIBLES | Secundaria 2 - 4663 - VENTA AL POR MAYOR DE MATERIALES DE CONSTRUCCIÓN, ARTÍCULOS DE FERRETERÍA Y EQUIPO Y MATERIALES DE FONTANERÍA Y CALEFACCIÓN",0,0,0,0,23/09/2026 22:36,1,1,1,67.2,Alto
20528217461,CONSTRUCTORA CYC S.A.C.,-,2022,AMAZONAS,17/06/2009,17/06/2009,2009.0,13.0,0,2010,12,1,1,100000.0,1,1.0,1.0,SOCIEDAD ANONIMA CERRADA,ACTIVO,HABIDO,,LORETO/MAYNAS/BELEN,Principal - 4290 - CONSTRUCCIÓN DE OTRAS OBRAS DE INGENIERÍA CIVIL,1.0,Principal - 4290 - CONSTRUCCIÓN DE OTRAS OBRAS DE INGENIERÍA CIVIL,0,0,0,0,23/09/2026 22:43,1,1,1,67.2,Alto
20572141986,MARCO SORIA PROYECTOS Y CONSTRUCCIONES E.I.R.L.,-,2022,AMAZONAS,25/01/2014,25/01/2014,2014.0,8.0,0,2015,7,1,1,16899910.49,1,0.0,0.0,EMPRESA INDIVIDUAL DE RESP. LTDA,ACTIVO,HABIDO,,SAN MARTIN/SAN MARTIN/TARAPOTO,Principal - 4100 - CONSTRUCCIÓN DE EDIFICIOS,3.0,"Principal - 4100 - CONSTRUCCIÓN DE EDIFICIOS | Secundaria 1 - 7110 - ACTIVIDADES DE ARQUITECTURA E INGENIERÍA Y ACTIVIDADES CONEXAS DE CONSULTORÍA TÉCNICA | Secundaria 2 - 7730 - ALQUILER Y ARRENDAMIENTO DE OTROS TIPOS DE MAQUINARIA, EQUIPO Y BIENES TANGIBLES",0,0,0,0,23/09/2026 23:03,1,1,1,67.2,Alto
20600504500,CONSTRUCTORA & ESTUDIO INARCONST S.A.C.,-,2022,AMAZONAS,06/07/2015,01/07/2015,2015.0,7.0,0,2020,2,1,1,100000.0,1,1.0,1.0,SOCIEDAD ANONIMA CERRADA,ACTIVO,HABIDO,,AMAZONAS/BONGARA/JUMBILLA,Principal - 4100 - CONSTRUCCIÓN DE EDIFICIOS,3.0,"Principal - 4100 - CONSTRUCCIÓN DE EDIFICIOS | Secundaria 1 - 7730 - ALQUILER Y ARRENDAMIENTO DE OTROS TIPOS DE MAQUINARIA, EQUIPO Y BIENES TANGIBLES | Secundaria 2 - 4923 - TRANSPORTE DE CARGA POR CARRETERA",0,0,0,0,23/09/2026 23:09,1,1,1,67.2,Alto
20600542525,S&S CONSULTORES Y EJECUTORES E.I.R.L.,-,2022,AMAZONAS,21/07/2015,01/07/2015,2015.0,7.0,0,2021,1,1,1,78606950.0,1,0.0,0.0,EMPRESA INDIVIDUAL DE RESP. LTDA,ACTIVO,HABIDO,,AMAZONAS/CHACHAPOYAS/CHACHAPOYAS,"Principal - 7730 - ALQUILER Y ARRENDAMIENTO DE OTROS TIPOS DE MAQUINARIA, EQUIPO Y BIENES TANGIBLES",3.0,"Principal - 7730 - ALQUILER Y ARRENDAMIENTO DE OTROS TIPOS DE MAQUINARIA, EQUIPO Y BIENES TANGIBLES | Secundaria 1 - 4290 - CONSTRUCCIÓN DE OTRAS OBRAS DE INGENIERÍA CIVIL | Secundaria 2 - 4923 - TRANSPORTE DE CARGA POR CARRETERA",0,0,0,0,23/09/2026 23:09,1,1,1,67.2,Alto
20601832811,MR INGENIERIA Y CONSTRUCCIONES E.I.R.L.,-,2022,AMAZONAS,26/01/2017,01/02/2017,2017.0,5.0,0,2022,0,1,1,100000.0,1,1.0,1.0,EMPRESA INDIVIDUAL DE RESP. LTDA,ACTIVO,HABIDO,,AMAZONAS/CHACHAPOYAS/CHACHAPOYAS,Principal - 4100 - CONSTRUCCIÓN DE EDIFICIOS,3.0,Principal - 4100 - CONSTRUCCIÓN DE EDIFICIOS | Secundaria 1 - 7110 - ACTIVIDADES DE ARQUITECTURA E INGENIERÍA Y ACTIVIDADES CONEXAS DE CONSULTORÍA TÉCNICA | Secundaria 2 - 4923 - TRANSPORTE DE CARGA POR CARRETERA,1,0,0,0,23/09/2026 23:15,1,1,1,67.2,Alto
20602979173,"SINOHYDRO CORPORATION LIMITED, SUCURSAL DEL PERU",SINOHYDRO CORPORATION LIMITED,2022,AMAZONAS,07/03/2018,07/03/2018,2018.0,4.0,0,2018,4,2,1,400000.0,2,2.0,1.0,SUCURSALES O AG. DE EMP. EXTRANJ.,ACTIVO,HABIDO,,LIMA/LIMA/MAGDALENA DEL MAR,Principal - 4100 - CONSTRUCCIÓN DE EDIFICIOS,2.0,Principal - 4100 - CONSTRUCCIÓN DE EDIFICIOS | Secundaria 1 - 4210 - CONSTRUCCIÓN DE CARRETERAS Y VÍAS DE FERROCARRIL,0,0,0,0,23/09/2026 23:18,1,1,1,67.2,Alto
20605899227,COORPORACION INTIYACU E.I.R.L.,-,2022,AMAZONAS,12/02/2020,12/02/2020,2020.0,2.0,0,2022,0,1,1,100000.0,1,1.0,1.0,EMPRESA INDIVIDUAL DE RESP. LTDA,ACTIVO,HABIDO,,SAN MARTIN/BELLAVISTA/BELLAVISTA,Principal - 4290 - CONSTRUCCIÓN DE OTRAS OBRAS DE INGENIERÍA CIVIL,3.0,"Principal - 4290 - CONSTRUCCIÓN DE OTRAS OBRAS DE INGENIERÍA CIVIL | Secundaria 1 - 7730 - ALQUILER Y ARRENDAMIENTO DE OTROS TIPOS DE MAQUINARIA, EQUIPO Y BIENES TANGIBLES | Secundaria 2 - 7110 - ACTIVIDADES DE ARQUITECTURA E INGENIERÍA Y ACTIVIDADES CONEXAS DE CONSULTORÍA TÉCNICA",1,0,0,0,23/09/2026 23:24,1,1,1,67.2,Alto
20608056026,NEGOCIOS Y CONSTRUCCIONES VALENTINO S.A.C.,-,2022,AMAZONAS,03/06/2021,08/06/2021,2021.0,1.0,0,2022,0,1,1,100000.0,1,1.0,1.0,SOCIEDAD ANONIMA CERRADA,ACTIVO,HABIDO,,AMAZONAS/CHACHAPOYAS/CHACHAPOYAS,Principal - 7110 - ACTIVIDADES DE ARQUITECTURA E INGENIERÍA Y ACTIVIDADES CONEXAS DE CONSULTORÍA TÉCNICA,3.0,"Principal - 7110 - ACTIVIDADES DE ARQUITECTURA E INGENIERÍA Y ACTIVIDADES CONEXAS DE CONSULTORÍA TÉCNICA | Secundaria 1 - 7730 - ALQUILER Y ARRENDAMIENTO DE OTROS TIPOS DE MAQUINARIA, EQUIPO Y BIENES TANGIBLES | Secundaria 2 - 4663 - VENTA AL POR MAYOR DE MATERIALES DE CONSTRUCCIÓN, ARTÍCULOS DE FERRETERÍA Y EQUIPO Y MATERIALES DE FONTANERÍA Y CALEFACCIÓN",0,0,0,0,23/09/2026 23:26,1,1,1,67.2,Alto
20608518763,GROUP CONSTRUCTORES T & T PERÚ S.A.C.,-,2022,AMAZONAS,23/09/2021,23/09/2021,2021.0,1.0,0,2022,0,1,1,100000.0,1,1.0,1.0,SOCIEDAD ANONIMA CERRADA,ACTIVO,HABIDO,,SAN MARTIN/RIOJA/NUEVA CAJAMARCA,Principal - 7110 - ACTIVIDADES DE ARQUITECTURA E INGENIERÍA Y ACTIVIDADES CONEXAS DE CONSULTORÍA TÉCNICA,3.0,"Principal - 7110 - ACTIVIDADES DE ARQUITECTURA E INGENIERÍA Y ACTIVIDADES CONEXAS DE CONSULTORÍA TÉCNICA | Secundaria 1 - 4290 - CONSTRUCCIÓN DE OTRAS OBRAS DE INGENIERÍA CIVIL | Secundaria 2 - 7730 - ALQUILER Y ARRENDAMIENTO DE OTROS TIPOS DE MAQUINARIA, EQUIPO Y BIENES TANGIBLES",0,0,0,0,23/09/2026 23:27,1,1,1,67.2,Alto
10166241141,CUBAS RUIZ JORGE NAPOLEON,-,2022,ANCASH,15/10/1993,27/05/1993,1993.0,29.0,0,2013,9,1,1,100000.0,1,1.0,1.0,PERSONA NATURAL CON NEGOCIO,ACTIVO,HABIDO,,LAMBAYEQUE/CHICLAYO/CHICLAYO,Principal - 7110 - ACTIVIDADES DE ARQUITECTURA E INGENIERÍA Y ACTIVIDADES CONEXAS DE CONSULTORÍA TÉCNICA,1.0,Principal - 7110 - ACTIVIDADES DE ARQUITECTURA E INGENIERÍA Y ACTIVIDADES CONEXAS DE CONSULTORÍA TÉCNICA,1,0,0,0,23/09/2026 22:06,1,1,1,84.1,Muy alto
20107211480,SERVICIO PERUANO DE INGENIERIA DE PETROLEO DEL ORIENTE S.A.,SEPIPSA DEL ORIENTE,2022,ANCASH,21/04/1993,29/01/1971,1971.0,51.0,0,2008,14,1,1,64536932.23,1,0.0,0.0,SOCIEDAD ANONIMA,ACTIVO,HABIDO,,LIMA/LIMA/MIRAFLORES,Principal - 4290 - CONSTRUCCIÓN DE OTRAS OBRAS DE INGENIERÍA CIVIL,2.0,Principal - 4290 - CONSTRUCCIÓN DE OTRAS OBRAS DE INGENIERÍA CIVIL | Secundaria 1 - 6910 - ACTIVIDADES JURÍDICAS,1,1,0,0,23/09/2026 22:08,1,1,1,84.1,Muy alto
20136318323,SERVICIOS TECNICOS COMERCIALES SA,SERTECO S.A.,2022,ANCASH,13/05/1993,10/03/1982,1982.0,40.0,0,2014,8,1,1,10650000.0,1,0.0,0.0,SOCIEDAD ANONIMA,ACTIVO,HABIDO,,LIMA/LIMA/MAGDALENA DEL MAR,Principal - 7110 - ACTIVIDADES DE ARQUITECTURA E INGENIERÍA Y ACTIVIDADES CONEXAS DE CONSULTORÍA TÉCNICA,3.0,"Principal - 7110 - ACTIVIDADES DE ARQUITECTURA E INGENIERÍA Y ACTIVIDADES CONEXAS DE CONSULTORÍA TÉCNICA | Secundaria 1 - 4663 - VENTA AL POR MAYOR DE MATERIALES DE CONSTRUCCIÓN, ARTÍCULOS DE FERRETERÍA Y EQUIPO Y MATERIALES DE FONTANERÍA Y CALEFACCIÓN | Secundaria 2 - 4690 - VENTA AL POR MAYOR NO ESPECIALIZADA",1,0,0,0,23/09/2026 22:08,1,1,1,84.1,Muy alto
20144691173,CONSTRUCTORA VANESSA ORIETTA SRL,CONSTRUCTORA VANESSA ORIETTA,2022,ANCASH,29/06/1993,20/05/1993,1993.0,29.0,0,2006,16,1,3,60000000.0,1,0.0,0.0,SOC.COM.RESPONS. LTDA,ACTIVO,HABIDO,,LIMA/LIMA/SAN ISIDRO,Principal - 4390 - OTRAS ACTIVIDADES ESPECIALIZADAS DE CONSTRUCCIÓN,2.0,"Principal - 4390 - OTRAS ACTIVIDADES ESPECIALIZADAS DE CONSTRUCCIÓN | Secundaria 2 - 4663 - VENTA AL POR MAYOR DE MATERIALES DE CONSTRUCCIÓN, ARTÍCULOS DE FERRETERÍA Y EQUIPO Y MATERIALES DE FONTANERÍA Y CALEFACCIÓN",0,0,0,0,23/09/2026 22:08,1,1,1,84.1,Muy alto
20260236611,NISSOL S.A.C.,-,2022,ANCASH,07/12/1994,01/12/1994,1994.0,28.0,0,2013,9,4,1,100000.0,4,4.0,1.0,SOCIEDAD ANONIMA CERRADA,ACTIVO,NO HABIDO,,ANCASH/HUARAZ/HUARAZ,"Principal - 7730 - ALQUILER Y ARRENDAMIENTO DE OTROS TIPOS DE MAQUINARIA, EQUIPO Y BIENES TANGIBLES",3.0,"Principal - 7730 - ALQUILER Y ARRENDAMIENTO DE OTROS TIPOS DE MAQUINARIA, EQUIPO Y BIENES TANGIBLES | Secundaria 1 - 4390 - OTRAS ACTIVIDADES ESPECIALIZADAS DE CONSTRUCCIÓN | Secundaria 2 - 4321 - INSTALACIONES ELÉCTRICAS",1,0,0,0,23/09/2026 22:09,1,1,1,84.1,Muy alto
20274419637,JCA CONTRATISTAS GENERALES SRL,-,2022,ANCASH,01/06/1995,01/06/1995,1995.0,27.0,0,2009,13,1,1,118309035.08,1,0.0,0.0,SOC.COM.RESPONS. LTDA,ACTIVO,HABIDO,,LA LIBERTAD/TRUJILLO/TRUJILLO,Principal - 4100 - CONSTRUCCIÓN DE EDIFICIOS,3.0,Principal - 4100 - CONSTRUCCIÓN DE EDIFICIOS | Secundaria 1 - 4923 - TRANSPORTE DE CARGA POR CARRETERA | Secundaria 2 - 7710 - ALQUILER Y ARRENDAMIENTO DE VEHÍCULOS AUTOMOTORES,0,0,0,0,23/09/2026 22:10,1,1,1,84.1,Muy alto
20319536699,DESARROLLO CON ING CONTRATISTAS GRLES SA,DISA CONTRATISTAS GENERALES S.,2022,ANCASH,07/06/1996,07/06/1996,1996.0,26.0,0,2006,16,1,1,500000.0,1,1.0,1.0,SOCIEDAD ANONIMA,ACTIVO,HABIDO,,JUNIN/HUANCAYO/HUANCAYO,Principal - 7110 - ACTIVIDADES DE ARQUITECTURA E INGENIERÍA Y ACTIVIDADES CONEXAS DE CONSULTORÍA TÉCNICA,2.0,Principal - 7110 - ACTIVIDADES DE ARQUITECTURA E INGENIERÍA Y ACTIVIDADES CONEXAS DE CONSULTORÍA TÉCNICA | Secundaria 1 - 4100 - CONSTRUCCIÓN DE EDIFICIOS,0,0,0,0,23/09/2026 22:10,1,1,1,84.1,Muy alto
20323041092,CONSTRUCTORA JC Y RF S.R.L.,JC Y RF S.R.L.,2022,ANCASH,19/07/1996,30/05/1996,1996.0,26.0,0,2010,12,5,1,83863140.46,5,0.0,0.0,SOC.COM.RESPONS. LTDA,ACTIVO,HABIDO,,ANCASH/HUARAZ/HUARAZ,Principal - 4100 - CONSTRUCCIÓN DE EDIFICIOS,3.0,"Principal - 4100 - CONSTRUCCIÓN DE EDIFICIOS | Secundaria 1 - 7730 - ALQUILER Y ARRENDAMIENTO DE OTROS TIPOS DE MAQUINARIA, EQUIPO Y BIENES TANGIBLES | Secundaria 2 - 4923 - TRANSPORTE DE CARGA POR CARRETERA",0,0,0,0,23/09/2026 22:10,1,1,1,84.1,Muy alto
20339480932,KRANFORT CONTRATISTAS GENERALES S.A.,-,2022,ANCASH,14/01/1997,14/01/1997,1997.0,25.0,0,2005,17,2,1,33815605.01,2,0.0,0.0,SOCIEDAD ANONIMA,ACTIVO,HABIDO,,LIMA/LIMA/SAN MARTIN DE PORRES,Principal - 4390 - OTRAS ACTIVIDADES ESPECIALIZADAS DE CONSTRUCCIÓN,2.0,Principal - 4390 - OTRAS ACTIVIDADES ESPECIALIZADAS DE CONSTRUCCIÓN | Secundaria 1 - 6120 - ACTIVIDADES DE TELECOMUNICACIONES INALÁMBRICAS,0,0,0,0,23/09/2026 22:10,1,1,1,84.1,Muy alto
20407011920,C.R.CONTRATISTAS S.A.,CRCONSA,2022,ANCASH,20/01/1998,19/01/1998,1998.0,24.0,0,2007,15,1,1,100000.0,1,1.0,1.0,SOCIEDAD ANONIMA,ACTIVO,HABIDO,,ANCASH/HUARAZ/HUARAZ,Principal - 4100 - CONSTRUCCIÓN DE EDIFICIOS,3.0,Principal - 4100 - CONSTRUCCIÓN DE EDIFICIOS | Secundaria 1 - 4290 - CONSTRUCCIÓN DE OTRAS OBRAS DE INGENIERÍA CIVIL | Secundaria 2 - 3900 - ACTIVIDADES DE DESCONTAMINACIÓN Y OTROS SERVICIOS DE GESTIÓN DE DESECHOS,0,0,0,0,23/09/2026 22:14,1,1,1,84.1,Muy alto
20407769407,"""C & M CONTRATISTAS"" SOCIEDAD ANONIMA CERRADA",C & M CONTRATISTAS S.A.C.,2022,ANCASH,01/09/2008,01/09/2008,2008.0,14.0,0,2011,11,1,1,500000.0,1,1.0,1.0,SOCIEDAD ANONIMA CERRADA,ACTIVO,HABIDO,,ANCASH/HUARAZ/INDEPENDENCIA,Principal - 4100 - CONSTRUCCIÓN DE EDIFICIOS,3.0,"Principal - 4100 - CONSTRUCCIÓN DE EDIFICIOS | Secundaria 1 - 4923 - TRANSPORTE DE CARGA POR CARRETERA | Secundaria 2 - 7730 - ALQUILER Y ARRENDAMIENTO DE OTROS TIPOS DE MAQUINARIA, EQUIPO Y BIENES TANGIBLES",0,0,0,0,23/09/2026 22:14,1,1,1,84.1,Muy alto
20407851677,CORPORACION HARED S.A.C.,-,2022,ANCASH,28/01/2009,28/01/2009,2009.0,13.0,0,2017,5,1,1,57093910.3,1,0.0,0.0,SOCIEDAD ANONIMA CERRADA,BAJA PROV. POR OFICIO,HABIDO,31/08/2026,ANCASH/HUARAZ/HUARAZ,"Principal - 4322 - INSTALACIONES DE FONTANERÍA, CALEFACCIÓN Y AIRE ACONDICIONADO",3.0,"Principal - 4322 - INSTALACIONES DE FONTANERÍA, CALEFACCIÓN Y AIRE ACONDICIONADO | Secundaria 1 - 4741 - VENTA AL POR MENOR DE ORDENADORES, EQUIPO PERIFÉRICO, PROGRAMA DE INFORM. Y EQU. DE TELEC. EN COMERCIOS ESPECIALIZADOS | Secundaria 2 - 4610 - VENTA AL POR MAYOR A CAMBIO DE UNA RETRIBUCIÓN O POR CONTRATA",1,0,0,0,23/09/2026 22:14,1,1,1,84.1,Muy alto
20407863250,CORPORACION INTERNACIONAL GRUPO ANTONIO S.A.C.,-,2022,ANCASH,14/02/2009,14/02/2009,2009.0,13.0,0,2018,4,4,1,2010086573.36,4,0.0,0.0,SOCIEDAD ANONIMA CERRADA,ACTIVO,HABIDO,,LIMA/LIMA/LINCE,Principal - 4100 - CONSTRUCCIÓN DE EDIFICIOS,3.0,"Principal - 4100 - CONSTRUCCIÓN DE EDIFICIOS | Secundaria 1 - 4210 - CONSTRUCCIÓN DE CARRETERAS Y VÍAS DE FERROCARRIL | Secundaria 2 - 7730 - ALQUILER Y ARRENDAMIENTO DE OTROS TIPOS DE MAQUINARIA, EQUIPO Y BIENES TANGIBLES",0,0,0,0,23/09/2026 22:14,1,1,1,84.1,Muy alto
20407871279,CONSTRUCTORA & CONSULTORIA OROS PERU S.R.L.,-,2022,ANCASH,26/02/2009,01/03/2009,2009.0,13.0,0,2022,0,1,1,100000.0,1,1.0,1.0,SOC.COM.RESPONS. LTDA,ACTIVO,HABIDO,,ANCASH/HUARAZ/HUARAZ,Principal - 4390 - OTRAS ACTIVIDADES ESPECIALIZADAS DE CONSTRUCCIÓN,3.0,"Principal - 4390 - OTRAS ACTIVIDADES ESPECIALIZADAS DE CONSTRUCCIÓN | Secundaria 1 - 7110 - ACTIVIDADES DE ARQUITECTURA E INGENIERÍA Y ACTIVIDADES CONEXAS DE CONSULTORÍA TÉCNICA | Secundaria 2 - 4663 - VENTA AL POR MAYOR DE MATERIALES DE CONSTRUCCIÓN, ARTÍCULOS DE FERRETERÍA Y EQUIPO Y MATERIALES DE FONTANERÍA Y CALEFACCIÓN",0,0,0,0,23/09/2026 22:14,1,1,1,84.1,Muy alto
20407978588,GRUPO ROJAS SOCIEDAD ANONIMA CERRADA,-,2022,ANCASH,21/08/2009,01/09/2009,2009.0,13.0,0,2017,5,1,1,500000.0,1,1.0,1.0,SOCIEDAD ANONIMA CERRADA,ACTIVO,PENDIENTE,,ANCASH/HUARAZ/HUARAZ,Principal - 7110 - ACTIVIDADES DE ARQUITECTURA E INGENIERÍA Y ACTIVIDADES CONEXAS DE CONSULTORÍA TÉCNICA,3.0,"Principal - 7110 - ACTIVIDADES DE ARQUITECTURA E INGENIERÍA Y ACTIVIDADES CONEXAS DE CONSULTORÍA TÉCNICA | Secundaria 1 - 4220 - CONSTRUCCIÓN DE PROYECTOS DE SERVICIO PÚBLICO | Secundaria 2 - 4663 - VENTA AL POR MAYOR DE MATERIALES DE CONSTRUCCIÓN, ARTÍCULOS DE FERRETERÍA Y EQUIPO Y MATERIALES DE FONTANERÍA Y CALEFACCIÓN",0,0,0,0,23/09/2026 22:15,1,1,1,84.1,Muy alto
20408010498,MUSAG CONSTRUCTORES S.A.C.,-,2022,ANCASH,30/10/2009,01/11/2009,2009.0,13.0,0,2022,0,1,1,6889204.0,1,0.0,0.0,SOCIEDAD ANONIMA CERRADA,ACTIVO,HABIDO,,ANCASH/HUARAZ/INDEPENDENCIA,Principal - 4290 - CONSTRUCCIÓN DE OTRAS OBRAS DE INGENIERÍA CIVIL,3.0,Principal - 4290 - CONSTRUCCIÓN DE OTRAS OBRAS DE INGENIERÍA CIVIL | Secundaria 1 - 7110 - ACTIVIDADES DE ARQUITECTURA E INGENIERÍA Y ACTIVIDADES CONEXAS DE CONSULTORÍA TÉCNICA | Secundaria 2 - 4390 - OTRAS ACTIVIDADES ESPECIALIZADAS DE CONSTRUCCIÓN,0,0,0,0,23/09/2026 22:15,1,1,1,84.1,Muy alto
20408018804,ALFET CONTRATISTAS GENERALES S.A.C.,-,2022,ANCASH,16/11/2009,16/11/2009,2009.0,13.0,0,2012,10,2,1,2040996911.1,2,0.0,0.0,SOCIEDAD ANONIMA CERRADA,ACTIVO,HABIDO,,ANCASH/HUARAZ/INDEPENDENCIA,Principal - 4290 - CONSTRUCCIÓN DE OTRAS OBRAS DE INGENIERÍA CIVIL,3.0,Principal - 4290 - CONSTRUCCIÓN DE OTRAS OBRAS DE INGENIERÍA CIVIL | Secundaria 1 - 4923 - TRANSPORTE DE CARGA POR CARRETERA | Secundaria 2 - 7110 - ACTIVIDADES DE ARQUITECTURA E INGENIERÍA Y ACTIVIDADES CONEXAS DE CONSULTORÍA TÉCNICA,0,0,0,0,23/09/2026 22:15,1,1,1,84.1,Muy alto
20408061726,EMPRESA CONSTRUCTORA JR E.I.R.L.,-,2022,ANCASH,19/06/2012,19/06/2012,2012.0,10.0,0,2022,0,1,1,100000.0,1,1.0,1.0,EMPRESA INDIVIDUAL DE RESP. LTDA,ACTIVO,HABIDO,,ANCASH/POMABAMBA/POMABAMBA,Principal - 4390 - OTRAS ACTIVIDADES ESPECIALIZADAS DE CONSTRUCCIÓN,3.0,Principal - 4390 - OTRAS ACTIVIDADES ESPECIALIZADAS DE CONSTRUCCIÓN | Secundaria 1 - 7110 - ACTIVIDADES DE ARQUITECTURA E INGENIERÍA Y ACTIVIDADES CONEXAS DE CONSULTORÍA TÉCNICA | Secundaria 2 - 8423 - ACTIVIDADES DE MANTENIMIENTO DEL ORDEN PÚBLICO Y DE SEGURIDAD,0,0,0,0,23/09/2026 22:15,1,1,1,84.1,Muy alto
20408130396,ECOISSA CONTRATISTAS GENERALES S.A.C.,-,2022,ANCASH,01/07/2010,01/07/2010,2010.0,12.0,0,2022,0,1,1,9325160.74,1,0.0,0.0,SOCIEDAD ANONIMA CERRADA,ACTIVO,HABIDO,,ANCASH/HUARAZ/INDEPENDENCIA,Principal - 4290 - CONSTRUCCIÓN DE OTRAS OBRAS DE INGENIERÍA CIVIL,3.0,"Principal - 4290 - CONSTRUCCIÓN DE OTRAS OBRAS DE INGENIERÍA CIVIL | Secundaria 1 - 4752 - VENTA AL POR MENOR DE ARTÍCULOS DE FERRETERÍA, PINTURAS Y PRODUCTOS DE VIDRIO EN COMERCIOS ESPECIALIZADOS | Secundaria 2 - 4923 - TRANSPORTE DE CARGA POR CARRETERA",0,0,0,0,23/09/2026 22:15,1,1,1,84.1,Muy alto
20408135517,EMPRESA J & F E.I.R.L.,-,2022,ANCASH,12/07/2010,12/07/2010,2010.0,12.0,0,2021,1,1,1,80636042.45,1,0.0,0.0,EMPRESA INDIVIDUAL DE RESP. LTDA,ACTIVO,HABIDO,,ANCASH/HUARI/HUARI,Principal - 4100 - CONSTRUCCIÓN DE EDIFICIOS,3.0,Principal - 4100 - CONSTRUCCIÓN DE EDIFICIOS | Secundaria 1 - 4290 - CONSTRUCCIÓN DE OTRAS OBRAS DE INGENIERÍA CIVIL | Secundaria 2 - 1811 - IMPRESIÓN,0,0,0,0,23/09/2026 22:15,1,1,1,84.1,Muy alto
20445685438,CONSTRUCTORA FUTURA S.A.C.,-,2022,ANCASH,16/01/2008,01/01/2008,2008.0,14.0,0,2022,0,1,1,100000.0,1,1.0,1.0,SOCIEDAD ANONIMA CERRADA,ACTIVO,NO HABIDO,,ANCASH/SANTA/CHIMBOTE,Principal - 4100 - CONSTRUCCIÓN DE EDIFICIOS,3.0,Principal - 4100 - CONSTRUCCIÓN DE EDIFICIOS | Secundaria 1 - 8121 - LIMPIEZA GENERAL DE EDIFICIOS | Secundaria 2 - 7830 - OTRAS ACTIVIDADES DE DOTACIÓN DE RECURSOS HUMANOS,0,0,0,0,23/09/2026 22:17,1,1,1,84.1,Muy alto
20445700178,GEOCONS CONSULTORIA Y CONSTRUCCION S.A.C.,-,2022,ANCASH,12/06/2012,01/06/2012,2012.0,10.0,0,2017,5,1,1,19546964.6,1,0.0,0.0,SOCIEDAD ANONIMA CERRADA,ACTIVO,HABIDO,,LIMA/LIMA/COMAS,Principal - 4100 - CONSTRUCCIÓN DE EDIFICIOS,1.0,Principal - 4100 - CONSTRUCCIÓN DE EDIFICIOS,1,0,0,0,23/09/2026 22:17,1,1,1,84.1,Muy alto
20445710211,INVERSIONES Y SERVICIOS CHIMBOTE S.A.C.,-,2022,ANCASH,06/07/2016,06/07/2016,2016.0,6.0,0,2022,0,1,1,100000.0,1,1.0,1.0,SOCIEDAD ANONIMA CERRADA,ACTIVO,HABIDO,,LIMA/LIMA/SURQUILLO,Principal - 4100 - CONSTRUCCIÓN DE EDIFICIOS,3.0,"Principal - 4100 - CONSTRUCCIÓN DE EDIFICIOS | Secundaria 1 - 4530 - VENTA DE PARTES, PIEZAS Y ACCESORIOS PARA VEHÍCULOS AUTOMOTORES | Secundaria 2 - 4620 - VENTA AL POR MAYOR DE MATERIAS PRIMAS AGROPECUARIAS Y ANIMALES VIVOS",0,0,0,0,23/09/2026 22:17,1,1,1,84.1,Muy alto
20461192077,VIALUSA S.A.C,VIALUSA S.A.C,2022,ANCASH,27/01/2000,26/01/2000,2000.0,22.0,0,2011,11,2,1,36750971.57,2,0.0,0.0,SOCIEDAD ANONIMA CERRADA,ACTIVO,HABIDO,,LIMA/LIMA/COMAS,Principal - 7110 - ACTIVIDADES DE ARQUITECTURA E INGENIERÍA Y ACTIVIDADES CONEXAS DE CONSULTORÍA TÉCNICA,2.0,Principal - 7110 - ACTIVIDADES DE ARQUITECTURA E INGENIERÍA Y ACTIVIDADES CONEXAS DE CONSULTORÍA TÉCNICA | Secundaria 1 - 4923 - TRANSPORTE DE CARGA POR CARRETERA,0,0,0,0,23/09/2026 22:21,1,1,1,84.1,Muy alto
20477160710,LANVAS PERU S.A.C.,-,2022,ANCASH,09/02/2011,09/02/2011,2011.0,11.0,0,2015,7,2,1,100000.0,2,2.0,1.0,SOCIEDAD ANONIMA CERRADA,ACTIVO,HABIDO,,LIMA/LIMA/PUEBLO LIBRE (MAGDALENA VIEJA,Principal - 4100 - CONSTRUCCIÓN DE EDIFICIOS,3.0,Principal - 4100 - CONSTRUCCIÓN DE EDIFICIOS | Secundaria 1 - 4390 - OTRAS ACTIVIDADES ESPECIALIZADAS DE CONSTRUCCIÓN | Secundaria 2 - 4321 - INSTALACIONES ELÉCTRICAS,1,0,0,0,23/09/2026 22:21,1,1,1,84.1,Muy alto
20477886095,CONSTRUCTORA LATINA ESTUDIOS Y PROYECTOS SAC,-,2022,ANCASH,08/11/2008,10/11/2008,2008.0,14.0,0,2008,14,1,1,100000.0,1,1.0,1.0,SOCIEDAD ANONIMA CERRADA,ACTIVO,HABIDO,,LIMA/LIMA/PUENTE PIEDRA,Principal - 4220 - CONSTRUCCIÓN DE PROYECTOS DE SERVICIO PÚBLICO,3.0,"Principal - 4220 - CONSTRUCCIÓN DE PROYECTOS DE SERVICIO PÚBLICO | Secundaria 1 - 4210 - CONSTRUCCIÓN DE CARRETERAS Y VÍAS DE FERROCARRIL | Secundaria 2 - 7730 - ALQUILER Y ARRENDAMIENTO DE OTROS TIPOS DE MAQUINARIA, EQUIPO Y BIENES TANGIBLES",1,0,0,0,23/09/2026 22:22,1,1,1,84.1,Muy alto
20478157976,GRUPO H Y S S.R.L.,-,2022,ANCASH,04/12/2008,04/12/2008,2008.0,14.0,0,2019,3,1,1,99558877.45,1,0.0,0.0,SOC.COM.RESPONS. LTDA,ACTIVO,HABIDO,,LIMA/LIMA/SANTIAGO DE SURCO,Principal - 4390 - OTRAS ACTIVIDADES ESPECIALIZADAS DE CONSTRUCCIÓN,3.0,"Principal - 4390 - OTRAS ACTIVIDADES ESPECIALIZADAS DE CONSTRUCCIÓN | Secundaria 1 - 4663 - VENTA AL POR MAYOR DE MATERIALES DE CONSTRUCCIÓN, ARTÍCULOS DE FERRETERÍA Y EQUIPO Y MATERIALES DE FONTANERÍA Y CALEFACCIÓN | Secundaria 2 - 4210 - CONSTRUCCIÓN DE CARRETERAS Y VÍAS DE FERROCARRIL",0,0,0,0,23/09/2026 22:22,1,1,1,84.1,Muy alto
20481520585,DAYRO CONTRATISTAS GENERALES S.R.L.,-,2022,ANCASH,07/03/2007,07/03/2007,2007.0,15.0,0,2012,10,1,1,100000.0,1,1.0,1.0,SOC.COM.RESPONS. LTDA,ACTIVO,HABIDO,,LA LIBERTAD/TRUJILLO/TRUJILLO,Principal - 7110 - ACTIVIDADES DE ARQUITECTURA E INGENIERÍA Y ACTIVIDADES CONEXAS DE CONSULTORÍA TÉCNICA,3.0,Principal - 7110 - ACTIVIDADES DE ARQUITECTURA E INGENIERÍA Y ACTIVIDADES CONEXAS DE CONSULTORÍA TÉCNICA | Secundaria 1 - 4220 - CONSTRUCCIÓN DE PROYECTOS DE SERVICIO PÚBLICO | Secundaria 2 - 4329 - OTRAS INSTALACIONES PARA OBRAS DE CONSTRUCCIÓN,1,0,0,0,23/09/2026 22:24,1,1,1,84.1,Muy alto
20481605491,INGENIEROS CONTRATISTAS DE PAVIMENTOS SAC,INCOP S.A.C.,2022,ANCASH,28/06/2007,28/06/2007,2007.0,15.0,0,2017,5,1,1,78571143.05,1,0.0,0.0,SOCIEDAD ANONIMA CERRADA,ACTIVO,HABIDO,,LA LIBERTAD/TRUJILLO/VICTOR LARCO HERRERA,"Principal - 7730 - ALQUILER Y ARRENDAMIENTO DE OTROS TIPOS DE MAQUINARIA, EQUIPO Y BIENES TANGIBLES",3.0,"Principal - 7730 - ALQUILER Y ARRENDAMIENTO DE OTROS TIPOS DE MAQUINARIA, EQUIPO Y BIENES TANGIBLES | Secundaria 1 - 4210 - CONSTRUCCIÓN DE CARRETERAS Y VÍAS DE FERROCARRIL | Secundaria 2 - 4100 - CONSTRUCCIÓN DE EDIFICIOS",0,0,0,0,23/09/2026 22:24,1,1,1,84.1,Muy alto
20486290910,ESPINOZA CONTRATISTAS GENERALES SOCIEDAD ANONIMA,ESCOGESA S.A.,2022,ANCASH,14/01/2008,14/01/2008,2008.0,14.0,0,2014,8,1,1,100000.0,1,1.0,1.0,SOCIEDAD ANONIMA,ACTIVO,HABIDO,,HUANCAVELICA/HUANCAVELICA/ASCENSION,Principal - 4100 - CONSTRUCCIÓN DE EDIFICIOS,3.0,"Principal - 4100 - CONSTRUCCIÓN DE EDIFICIOS | Secundaria 1 - 4923 - TRANSPORTE DE CARGA POR CARRETERA | Secundaria 2 - 7730 - ALQUILER Y ARRENDAMIENTO DE OTROS TIPOS DE MAQUINARIA, EQUIPO Y BIENES TANGIBLES",2,0,0,0,23/09/2026 22:27,1,1,1,84.1,Muy alto
20486397714,LEPUS GROUP SOCIEDAD ANONIMA,LEPUS GROUP S.A.,2022,ANCASH,31/01/2006,01/02/2006,2006.0,16.0,0,2012,10,1,2,107056548.22,1,0.0,0.0,SOCIEDAD ANONIMA,ACTIVO,HABIDO,,JUNIN/HUANCAYO/EL TAMBO,Principal - 4100 - CONSTRUCCIÓN DE EDIFICIOS,3.0,"Principal - 4100 - CONSTRUCCIÓN DE EDIFICIOS | Secundaria 1 - 7110 - ACTIVIDADES DE ARQUITECTURA E INGENIERÍA Y ACTIVIDADES CONEXAS DE CONSULTORÍA TÉCNICA | Secundaria 2 - 7730 - ALQUILER Y ARRENDAMIENTO DE OTROS TIPOS DE MAQUINARIA, EQUIPO Y BIENES TANGIBLES",0,0,0,0,23/09/2026 22:27,1,1,1,84.1,Muy alto
20486960401,CORPORACION DOMINUS SOCIEDAD ANONIMA CERRADA,CORPORACION DOMINUS SAC,2022,ANCASH,03/12/2008,03/12/2008,2008.0,14.0,0,2012,10,1,4,294813583.41,1,0.0,0.0,SOCIEDAD ANONIMA CERRADA,ACTIVO,HABIDO,,LIMA/LIMA/SAN ISIDRO,Principal - 4923 - TRANSPORTE DE CARGA POR CARRETERA,3.0,Principal - 4923 - TRANSPORTE DE CARGA POR CARRETERA | Secundaria 1 - 7110 - ACTIVIDADES DE ARQUITECTURA E INGENIERÍA Y ACTIVIDADES CONEXAS DE CONSULTORÍA TÉCNICA | Secundaria 2 - 4210 - CONSTRUCCIÓN DE CARRETERAS Y VÍAS DE FERROCARRIL,1,4,0,0,23/09/2026 22:28,1,1,1,84.1,Muy alto
20487110141,ICYCON-PERUANA EMPRESA INDIVIDUAL DE RESPONSABILIDAD LIMITADA,ICYCON-PERUANA E.I.R.L.,2022,ANCASH,07/07/2009,13/07/2009,2009.0,13.0,0,2014,8,1,1,400000.0,1,1.0,1.0,EMPRESA INDIVIDUAL DE RESP. LTDA,ACTIVO,HABIDO,,HUANCAVELICA/HUANCAVELICA/HUANCAVELICA,Principal - 4100 - CONSTRUCCIÓN DE EDIFICIOS,3.0,"Principal - 4100 - CONSTRUCCIÓN DE EDIFICIOS | Secundaria 1 - 4923 - TRANSPORTE DE CARGA POR CARRETERA | Secundaria 2 - 7730 - ALQUILER Y ARRENDAMIENTO DE OTROS TIPOS DE MAQUINARIA, EQUIPO Y BIENES TANGIBLES",2,0,0,0,23/09/2026 22:28,1,1,1,84.1,Muy alto
20488252578,JDC INGENIEROS CONTRATISTAS E.I.R.L.,JDC ING. CONTRATISTAS EIRL.,2022,ANCASH,21/03/2000,01/04/2000,2000.0,22.0,0,2019,3,1,1,100000.0,1,1.0,1.0,EMPRESA INDIVIDUAL DE RESP. LTDA,ACTIVO,HABIDO,,LIMA/BARRANCA/BARRANCA,Principal - 4210 - CONSTRUCCIÓN DE CARRETERAS Y VÍAS DE FERROCARRIL,3.0,Principal - 4210 - CONSTRUCCIÓN DE CARRETERAS Y VÍAS DE FERROCARRIL | Secundaria 1 - 7110 - ACTIVIDADES DE ARQUITECTURA E INGENIERÍA Y ACTIVIDADES CONEXAS DE CONSULTORÍA TÉCNICA | Secundaria 2 - 4719 - OTRAS ACTIVIDADES DE VENTA AL POR MENOR EN COMERCIOS NO ESPECIALIZADOS,0,0,0,0,23/09/2026 22:30,1,1,1,84.1,Muy alto
20488351398,VIMCE S.R.L.,EMP. CONST.VIMCE S.R.L.,2022,ANCASH,22/05/2000,01/06/2000,2000.0,22.0,0,2005,17,1,1,70079760.7,1,0.0,0.0,SOC.COM.RESPONS. LTDA,ACTIVO,HABIDO,,ANCASH/HUARAZ/HUARAZ,Principal - 4290 - CONSTRUCCIÓN DE OTRAS OBRAS DE INGENIERÍA CIVIL,3.0,Principal - 4290 - CONSTRUCCIÓN DE OTRAS OBRAS DE INGENIERÍA CIVIL | Secundaria 1 - 7710 - ALQUILER Y ARRENDAMIENTO DE VEHÍCULOS AUTOMOTORES | Secundaria 2 - 4923 - TRANSPORTE DE CARGA POR CARRETERA,0,0,0,0,23/09/2026 22:30,1,1,1,84.1,Muy alto
20489585325,CONSTRUCTORA Y MULTISERVICIOS VALCER SOCIEDAD ANONIMA CERRADA,C & M VALCER S.A.C.,2022,ANCASH,27/10/2007,27/10/2007,2007.0,15.0,0,2017,5,1,2,1086877079.64,1,0.0,0.0,SOCIEDAD ANONIMA CERRADA,ACTIVO,HABIDO,,LIMA/LIMA/SAN ISIDRO,Principal - 4210 - CONSTRUCCIÓN DE CARRETERAS Y VÍAS DE FERROCARRIL,3.0,"Principal - 4210 - CONSTRUCCIÓN DE CARRETERAS Y VÍAS DE FERROCARRIL | Secundaria 1 - 4390 - OTRAS ACTIVIDADES ESPECIALIZADAS DE CONSTRUCCIÓN | Secundaria 2 - 4663 - VENTA AL POR MAYOR DE MATERIALES DE CONSTRUCCIÓN, ARTÍCULOS DE FERRETERÍA Y EQUIPO Y MATERIALES DE FONTANERÍA Y CALEFACCIÓN",0,0,0,0,23/09/2026 22:31,1,1,1,84.1,Muy alto
20504220461,INVERSIONES LUCIANO'S CONTRATISTAS GENERALES S.A.C.,INVERSIONES LUCONG S.A.C.,2022,ANCASH,25/04/2002,02/05/2002,2002.0,20.0,0,2022,0,1,1,100000.0,1,1.0,1.0,SOCIEDAD ANONIMA CERRADA,ACTIVO,HABIDO,,LIMA/LIMA/COMAS,Principal - 4100 - CONSTRUCCIÓN DE EDIFICIOS,2.0,Principal - 4100 - CONSTRUCCIÓN DE EDIFICIOS | Secundaria 1 - 7110 - ACTIVIDADES DE ARQUITECTURA E INGENIERÍA Y ACTIVIDADES CONEXAS DE CONSULTORÍA TÉCNICA,0,0,0,0,23/09/2026 22:37,1,1,1,84.1,Muy alto
20506003351,MEJESA S.R.L.,-,2022,ANCASH,19/02/2003,19/02/2003,2003.0,19.0,0,2006,16,1,2,2980477487.02,1,0.0,0.0,SOC.COM.RESPONS. LTDA,ACTIVO,HABIDO,,LIMA/LIMA/LOS OLIVOS,Principal - 4100 - CONSTRUCCIÓN DE EDIFICIOS,3.0,Principal - 4100 - CONSTRUCCIÓN DE EDIFICIOS | Secundaria 1 - 4210 - CONSTRUCCIÓN DE CARRETERAS Y VÍAS DE FERROCARRIL | Secundaria 2 - 4312 - PREPARACIÓN DEL TERRENO,5,4,0,0,23/09/2026 22:37,1,1,1,84.1,Muy alto
20507991662,MVR INGENIERIA Y CONSTRUCCION S.A.C.,-,2022,ANCASH,30/01/2020,01/02/2020,2020.0,2.0,0,2009,13,1,2,47033522.59,1,0.0,0.0,SOCIEDAD ANONIMA CERRADA,ACTIVO,HABIDO,,LIMA/LIMA/SAN LUIS,Principal - 4100 - CONSTRUCCIÓN DE EDIFICIOS,3.0,"Principal - 4100 - CONSTRUCCIÓN DE EDIFICIOS | Secundaria 1 - 7730 - ALQUILER Y ARRENDAMIENTO DE OTROS TIPOS DE MAQUINARIA, EQUIPO Y BIENES TANGIBLES | Secundaria 2 - 4210 - CONSTRUCCIÓN DE CARRETERAS Y VÍAS DE FERROCARRIL",0,0,0,0,23/09/2026 22:38,1,1,1,84.1,Muy alto
20516256096,OBRAS Y SERVICIOS GENERALES SOCIEDAD ANONIMA CERRADA - OSERGEN SAC,OSERGEN SAC,2022,ANCASH,14/06/2007,16/08/2007,2007.0,15.0,0,2022,0,1,1,2541679.2,1,1.0,1.0,SOCIEDAD ANONIMA CERRADA,ACTIVO,HABIDO,,LIMA/LIMA/PUENTE PIEDRA,Principal - 4390 - OTRAS ACTIVIDADES ESPECIALIZADAS DE CONSTRUCCIÓN,2.0,"Principal - 4390 - OTRAS ACTIVIDADES ESPECIALIZADAS DE CONSTRUCCIÓN | Secundaria 1 - 7730 - ALQUILER Y ARRENDAMIENTO DE OTROS TIPOS DE MAQUINARIA, EQUIPO Y BIENES TANGIBLES",0,0,0,0,23/09/2026 22:39,1,1,1,84.1,Muy alto
20516419572,CONTRATISTAS GENERALES A&L SAN PABLO S.A.C.,-,2022,ANCASH,05/07/2007,05/07/2007,2007.0,15.0,0,2007,15,1,1,96360383.45,1,0.0,0.0,SOCIEDAD ANONIMA CERRADA,ACTIVO,HABIDO,,LIMA/LIMA/SANTA ROSA,Principal - 4100 - CONSTRUCCIÓN DE EDIFICIOS,3.0,Principal - 4100 - CONSTRUCCIÓN DE EDIFICIOS | Secundaria 1 - 4210 - CONSTRUCCIÓN DE CARRETERAS Y VÍAS DE FERROCARRIL | Secundaria 2 - 4923 - TRANSPORTE DE CARGA POR CARRETERA,0,0,0,0,23/09/2026 22:39,1,1,1,84.1,Muy alto
20523814363,ROAGA CONSTRUCCIONES OBRAS Y SERVICIOS S.A.C.,-,2022,ANCASH,06/11/2009,01/01/2010,2010.0,12.0,0,2022,0,1,1,2532686.36,1,0.0,0.0,SOCIEDAD ANONIMA CERRADA,ACTIVO,HABIDO,,ANCASH/POMABAMBA/POMABAMBA,Principal - 4290 - CONSTRUCCIÓN DE OTRAS OBRAS DE INGENIERÍA CIVIL,3.0,"Principal - 4290 - CONSTRUCCIÓN DE OTRAS OBRAS DE INGENIERÍA CIVIL | Secundaria 1 - 4100 - CONSTRUCCIÓN DE EDIFICIOS | Secundaria 2 - 7730 - ALQUILER Y ARRENDAMIENTO DE OTROS TIPOS DE MAQUINARIA, EQUIPO Y BIENES TANGIBLES",0,0,0,0,23/09/2026 22:40,1,1,1,84.1,Muy alto
20528901361,JD LATIN COMPANY SOCIEDAD ANONIMA CERRADA,""" LATIN COMPANY "" S.A.C.",2022,ANCASH,24/02/2009,01/03/2009,2009.0,13.0,0,2021,1,1,2,24348511.0,1,0.0,0.0,SOCIEDAD ANONIMA CERRADA,ACTIVO,HABIDO,,LIMA/LIMA/SAN MIGUEL,Principal - 4210 - CONSTRUCCIÓN DE CARRETERAS Y VÍAS DE FERROCARRIL,2.0,Principal - 4210 - CONSTRUCCIÓN DE CARRETERAS Y VÍAS DE FERROCARRIL | Secundaria 1 - 4100 - CONSTRUCCIÓN DE EDIFICIOS,0,0,0,0,23/09/2026 22:43,1,1,1,84.1,Muy alto
20530592520,"""OC&T"" OBRAS CIVILES Y TELECOMUNICACIONES SRL",OC&T S.R.L.,2022,ANCASH,24/08/2001,01/09/2001,2001.0,21.0,0,2005,17,5,1,100000.0,5,5.0,1.0,SOC.COM.RESPONS. LTDA,ACTIVO,HABIDO,,ANCASH/HUARAZ/HUARAZ,Principal - 4210 - CONSTRUCCIÓN DE CARRETERAS Y VÍAS DE FERROCARRIL,3.0,"Principal - 4210 - CONSTRUCCIÓN DE CARRETERAS Y VÍAS DE FERROCARRIL | Secundaria 1 - 7730 - ALQUILER Y ARRENDAMIENTO DE OTROS TIPOS DE MAQUINARIA, EQUIPO Y BIENES TANGIBLES | Secundaria 2 - 4663 - VENTA AL POR MAYOR DE MATERIALES DE CONSTRUCCIÓN, ARTÍCULOS DE FERRETERÍA Y EQUIPO Y MATERIALES DE FONTANERÍA Y CALEFACCIÓN",1,0,0,0,23/09/2026 22:46,1,1,1,84.1,Muy alto
20530706398,EMPRESA CONSULTORA Y CONSTRUCTORA ECCSAM S.R.L.,ECCSAM S.R.L.,2022,ANCASH,05/03/2003,05/03/2003,2003.0,19.0,0,2012,10,3,1,100000.0,3,3.0,1.0,SOC.COM.RESPONS. LTDA,ACTIVO,HABIDO,,ANCASH/HUARAZ/INDEPENDENCIA,Principal - 4100 - CONSTRUCCIÓN DE EDIFICIOS,2.0,Principal - 4100 - CONSTRUCCIÓN DE EDIFICIOS | Secundaria 1 - 7110 - ACTIVIDADES DE ARQUITECTURA E INGENIERÍA Y ACTIVIDADES CONEXAS DE CONSULTORÍA TÉCNICA,0,0,0,0,23/09/2026 22:46,1,1,1,84.1,Muy alto
20530862764,CONSTRUCTORA WATTSON S.R.L. - WATTSON S.R.L.,WATTSON S.R.L.,2022,ANCASH,12/06/2007,12/06/2007,2007.0,15.0,0,2010,12,2,1,90978391.7,2,0.0,0.0,SOC.COM.RESPONS. LTDA,ACTIVO,HABIDO,,LIMA/LIMA/JESUS MARIA,Principal - 4100 - CONSTRUCCIÓN DE EDIFICIOS,3.0,Principal - 4100 - CONSTRUCCIÓN DE EDIFICIOS | Secundaria 1 - 7710 - ALQUILER Y ARRENDAMIENTO DE VEHÍCULOS AUTOMOTORES | Secundaria 2 - 4923 - TRANSPORTE DE CARGA POR CARRETERA,0,0,0,0,23/09/2026 22:46,1,1,1,84.1,Muy alto
20530933882,CONSTRUCTORA Y COMERCIALIZADORA SANTIAGO ANTUNEZ DE MAYOLO S.R.L. COSAM S.R.L.,COSAM S.R.L.,2022,ANCASH,18/11/2005,18/11/2005,2005.0,17.0,0,2010,12,2,1,100000.0,2,2.0,1.0,SOC.COM.RESPONS. LTDA,ACTIVO,HABIDO,,ANCASH/HUARAZ/HUARAZ,Principal - 4220 - CONSTRUCCIÓN DE PROYECTOS DE SERVICIO PÚBLICO,3.0,"Principal - 4220 - CONSTRUCCIÓN DE PROYECTOS DE SERVICIO PÚBLICO | Secundaria 1 - 7730 - ALQUILER Y ARRENDAMIENTO DE OTROS TIPOS DE MAQUINARIA, EQUIPO Y BIENES TANGIBLES | Secundaria 2 - 8620 - ACTIVIDADES DE MÉDICOS Y ODONTÓLOGOS",0,0,0,0,23/09/2026 22:46,1,1,1,84.1,Muy alto
20530990681,COPICSA SRL,-,2022,ANCASH,13/06/2006,13/06/2006,2006.0,16.0,0,2010,12,1,1,100000.0,1,1.0,1.0,SOC.COM.RESPONS. LTDA,ACTIVO,HABIDO,,ANCASH/HUARAZ/HUARAZ,Principal - 4923 - TRANSPORTE DE CARGA POR CARRETERA,3.0,"Principal - 4923 - TRANSPORTE DE CARGA POR CARRETERA | Secundaria 1 - 4100 - CONSTRUCCIÓN DE EDIFICIOS | Secundaria 2 - 7730 - ALQUILER Y ARRENDAMIENTO DE OTROS TIPOS DE MAQUINARIA, EQUIPO Y BIENES TANGIBLES",0,0,0,0,23/09/2026 22:46,1,1,1,84.1,Muy alto
20531055722,EMPRESA CONSTRUCTORA GM E.I.R.L.,-,2022,ANCASH,10/01/2007,05/05/2007,2007.0,15.0,0,2022,0,1,2,3245405.6,1,0.0,0.0,EMPRESA INDIVIDUAL DE RESP. LTDA,ACTIVO,HABIDO,,ANCASH/HUARAZ/OLLEROS,Principal - 4100 - CONSTRUCCIÓN DE EDIFICIOS,3.0,"Principal - 4100 - CONSTRUCCIÓN DE EDIFICIOS | Secundaria 1 - 4663 - VENTA AL POR MAYOR DE MATERIALES DE CONSTRUCCIÓN, ARTÍCULOS DE FERRETERÍA Y EQUIPO Y MATERIALES DE FONTANERÍA Y CALEFACCIÓN | Secundaria 2 - 4653 - VENTA AL POR MAYOR DE MAQUINARIA, EQUIPO Y MATERIALES AGROPECUARIOS",1,0,0,0,23/09/2026 22:46,1,1,1,84.1,Muy alto
20531064047,CTI CORPORACION E INGENIERIA S.A.C. - CTI CORIN S.A.C.,-,2022,ANCASH,24/01/2007,24/01/2007,2007.0,15.0,0,2009,13,1,1,52208835.0,1,0.0,0.0,SOCIEDAD ANONIMA CERRADA,ACTIVO,HABIDO,,ANCASH/HUARAZ/INDEPENDENCIA,Principal - 4100 - CONSTRUCCIÓN DE EDIFICIOS,3.0,"Principal - 4100 - CONSTRUCCIÓN DE EDIFICIOS | Secundaria 1 - 4923 - TRANSPORTE DE CARGA POR CARRETERA | Secundaria 2 - 7730 - ALQUILER Y ARRENDAMIENTO DE OTROS TIPOS DE MAQUINARIA, EQUIPO Y BIENES TANGIBLES",0,0,0,0,23/09/2026 22:47,1,1,1,84.1,Muy alto
20531065019,PALMA INGENIERIA-CONTRATISTAS GENERALES E.I.R.L.,PALMA ICG EIRL.,2022,ANCASH,25/01/2007,10/03/2007,2007.0,15.0,0,2012,10,1,1,100000.0,1,1.0,1.0,EMPRESA INDIVIDUAL DE RESP. LTDA,ACTIVO,HABIDO,,LIMA/LIMA/JESUS MARIA,"Principal - 4663 - VENTA AL POR MAYOR DE MATERIALES DE CONSTRUCCIÓN, ARTÍCULOS DE FERRETERÍA Y EQUIPO Y MATERIALES DE FONTANERÍA Y CALEFACCIÓN",3.0,"Principal - 4663 - VENTA AL POR MAYOR DE MATERIALES DE CONSTRUCCIÓN, ARTÍCULOS DE FERRETERÍA Y EQUIPO Y MATERIALES DE FONTANERÍA Y CALEFACCIÓN | Secundaria 1 - 4220 - CONSTRUCCIÓN DE PROYECTOS DE SERVICIO PÚBLICO | Secundaria 2 - 7710 - ALQUILER Y ARRENDAMIENTO DE VEHÍCULOS AUTOMOTORES",0,0,0,0,23/09/2026 22:47,1,1,1,84.1,Muy alto
20531750749,CONTRATISTAS GENERALES ASOCIADOS GM S.A.C.,GM S.A.C,2022,ANCASH,28/12/2009,01/01/2010,2010.0,12.0,0,2021,1,1,1,98471418.24,1,0.0,0.0,SOCIEDAD ANONIMA CERRADA,ACTIVO,HABIDO,,LIMA/LIMA/JESUS MARIA,Principal - 4290 - CONSTRUCCIÓN DE OTRAS OBRAS DE INGENIERÍA CIVIL,3.0,Principal - 4290 - CONSTRUCCIÓN DE OTRAS OBRAS DE INGENIERÍA CIVIL | Secundaria 1 - 4923 - TRANSPORTE DE CARGA POR CARRETERA | Secundaria 2 - 7710 - ALQUILER Y ARRENDAMIENTO DE VEHÍCULOS AUTOMOTORES,0,0,0,0,23/09/2026 22:47,1,1,1,84.1,Muy alto
20531820542,ARDU INGENIEROS S.A.C.,-,2022,ANCASH,21/06/2010,01/07/2010,2010.0,12.0,0,2021,1,1,1,100000.0,1,1.0,1.0,SOCIEDAD ANONIMA CERRADA,ACTIVO,HABIDO,,ANCASH/SANTA/NUEVO CHIMBOTE,Principal - 4100 - CONSTRUCCIÓN DE EDIFICIOS,2.0,Principal - 4100 - CONSTRUCCIÓN DE EDIFICIOS | Secundaria 1 - 4100 - CONSTRUCCIÓN DE EDIFICIOS,0,0,0,0,23/09/2026 22:47,1,1,1,84.1,Muy alto
20531866453,CONSTRUCTORA COMERCIALIZADORA Y SERVICIOS GENERALES WENDY S.R.L.,-,2022,ANCASH,18/10/2010,01/10/2010,2010.0,12.0,0,2022,0,1,1,7756160.08,1,0.0,0.0,SOC.COM.RESPONS. LTDA,ACTIVO,HABIDO,,ANCASH/SANTA/CHIMBOTE,"Principal - 4663 - VENTA AL POR MAYOR DE MATERIALES DE CONSTRUCCIÓN, ARTÍCULOS DE FERRETERÍA Y EQUIPO Y MATERIALES DE FONTANERÍA Y CALEFACCIÓN",2.0,"Principal - 4663 - VENTA AL POR MAYOR DE MATERIALES DE CONSTRUCCIÓN, ARTÍCULOS DE FERRETERÍA Y EQUIPO Y MATERIALES DE FONTANERÍA Y CALEFACCIÓN | Secundaria 1 - 4923 - TRANSPORTE DE CARGA POR CARRETERA",0,0,0,0,23/09/2026 22:47,1,1,1,84.1,Muy alto
20531897413,CEMDESA S.R.L.,-,2022,ANCASH,14/12/2010,01/01/2011,2011.0,11.0,0,2017,5,1,1,3865214.82,1,1.0,1.0,SOC.COM.RESPONS. LTDA,ACTIVO,HABIDO,,LIMA/LIMA/SAN ISIDRO,Principal - 4390 - OTRAS ACTIVIDADES ESPECIALIZADAS DE CONSTRUCCIÓN,3.0,Principal - 4390 - OTRAS ACTIVIDADES ESPECIALIZADAS DE CONSTRUCCIÓN | Secundaria 1 - 4773 - VENTA AL POR MENOR DE OTROS PRODUCTOS NUEVOS EN COMERCIOS ESPECIALIZADOS | Secundaria 2 - 7110 - ACTIVIDADES DE ARQUITECTURA E INGENIERÍA Y ACTIVIDADES CONEXAS DE CONSULTORÍA TÉCNICA,0,0,0,0,23/09/2026 22:48,1,1,1,84.1,Muy alto
20531927851,CONTRATISTAS & CONSULTORES STEZAMI E.I.R.L.,-,2022,ANCASH,05/11/2020,06/11/2020,2020.0,2.0,0,2022,0,1,1,500000.0,1,1.0,1.0,EMPRESA INDIVIDUAL DE RESP. LTDA,ACTIVO,HABIDO,,ANCASH/SANTA/NUEVO CHIMBOTE,Principal - 4100 - CONSTRUCCIÓN DE EDIFICIOS,3.0,"Principal - 4100 - CONSTRUCCIÓN DE EDIFICIOS | Secundaria 1 - 7710 - ALQUILER Y ARRENDAMIENTO DE VEHÍCULOS AUTOMOTORES | Secundaria 2 - 7730 - ALQUILER Y ARRENDAMIENTO DE OTROS TIPOS DE MAQUINARIA, EQUIPO Y BIENES TANGIBLES",0,0,0,0,23/09/2026 22:48,1,1,1,84.1,Muy alto
20532002819,INVERSIONES Y SERVICIOS BUGATTI S.A.C.,-,2022,ANCASH,13/05/2011,01/05/2011,2011.0,11.0,0,2022,0,2,2,74909103.61,2,0.0,0.0,SOCIEDAD ANONIMA CERRADA,ACTIVO,HABIDO,,LIMA/LIMA/SAN ISIDRO,Principal - 4100 - CONSTRUCCIÓN DE EDIFICIOS,3.0,"Principal - 4100 - CONSTRUCCIÓN DE EDIFICIOS | Secundaria 1 - 7730 - ALQUILER Y ARRENDAMIENTO DE OTROS TIPOS DE MAQUINARIA, EQUIPO Y BIENES TANGIBLES | Secundaria 2 - 4663 - VENTA AL POR MAYOR DE MATERIALES DE CONSTRUCCIÓN, ARTÍCULOS DE FERRETERÍA Y EQUIPO Y MATERIALES DE FONTANERÍA Y CALEFACCIÓN",0,0,0,0,23/09/2026 22:48,1,1,1,84.1,Muy alto
20532033293,GAREST CONTRATISTAS GENERALES S.A.C.,GAREST S.A.C.,2022,ANCASH,13/07/2011,01/07/2011,2011.0,11.0,0,2022,0,1,1,100000.0,1,1.0,1.0,SOCIEDAD ANONIMA CERRADA,ACTIVO,HABIDO,,LIMA/LIMA/SAN MARTIN DE PORRES,Principal - 4390 - OTRAS ACTIVIDADES ESPECIALIZADAS DE CONSTRUCCIÓN,3.0,"Principal - 4390 - OTRAS ACTIVIDADES ESPECIALIZADAS DE CONSTRUCCIÓN | Secundaria 1 - 7730 - ALQUILER Y ARRENDAMIENTO DE OTROS TIPOS DE MAQUINARIA, EQUIPO Y BIENES TANGIBLES | Secundaria 2 - 5224 - MANIPULACIÓN DE LA CARGA",0,0,0,0,23/09/2026 22:48,1,1,1,84.1,Muy alto
20533621768,HTC CONTRATISTAS S.R.L.,-,2022,ANCASH,19/02/2013,01/03/2013,2013.0,9.0,0,2022,0,1,1,500000.0,1,1.0,1.0,SOC.COM.RESPONS. LTDA,ACTIVO,HABIDO,,ANCASH/HUARAZ/INDEPENDENCIA,Principal - 4100 - CONSTRUCCIÓN DE EDIFICIOS,3.0,Principal - 4100 - CONSTRUCCIÓN DE EDIFICIOS | Secundaria 1 - 7110 - ACTIVIDADES DE ARQUITECTURA E INGENIERÍA Y ACTIVIDADES CONEXAS DE CONSULTORÍA TÉCNICA | Secundaria 2 - 7710 - ALQUILER Y ARRENDAMIENTO DE VEHÍCULOS AUTOMOTORES,0,0,0,0,23/09/2026 22:48,1,1,1,84.1,Muy alto
20533675183,INVERSIONES DOMINGUEZ & FALCON E.I.R.L.,-,2022,ANCASH,02/07/2013,03/07/2013,2013.0,9.0,0,2022,0,1,1,100000.0,1,1.0,1.0,EMPRESA INDIVIDUAL DE RESP. LTDA,ACTIVO,HABIDO,,ANCASH/HUARAZ/HUARAZ,Principal - 4210 - CONSTRUCCIÓN DE CARRETERAS Y VÍAS DE FERROCARRIL,3.0,"Principal - 4210 - CONSTRUCCIÓN DE CARRETERAS Y VÍAS DE FERROCARRIL | Secundaria 1 - 4100 - CONSTRUCCIÓN DE EDIFICIOS | Secundaria 2 - 4663 - VENTA AL POR MAYOR DE MATERIALES DE CONSTRUCCIÓN, ARTÍCULOS DE FERRETERÍA Y EQUIPO Y MATERIALES DE FONTANERÍA Y CALEFACCIÓN",0,0,0,0,23/09/2026 22:48,1,1,1,84.1,Muy alto
20533693327,CORPORACION KAMIL S.R.L.,-,2022,ANCASH,13/03/2025,13/03/2025,2025.0,,1,2022,0,1,1,100000.0,1,1.0,1.0,SOC.COM.RESPONS. LTDA,BAJA DE OFICIO,NO HABIDO,30/01/2026,ANCASH/HUARAZ/HUARAZ,"Principal - 4663 - VENTA AL POR MAYOR DE MATERIALES DE CONSTRUCCIÓN, ARTÍCULOS DE FERRETERÍA Y EQUIPO Y MATERIALES DE FONTANERÍA Y CALEFACCIÓN",1.0,"Principal - 4663 - VENTA AL POR MAYOR DE MATERIALES DE CONSTRUCCIÓN, ARTÍCULOS DE FERRETERÍA Y EQUIPO Y MATERIALES DE FONTANERÍA Y CALEFACCIÓN",0,0,0,0,23/09/2026 22:49,1,1,1,84.1,Muy alto
20533729615,CORPORACION JUPROG S.R.L.,-,2022,ANCASH,25/11/2013,01/12/2013,2013.0,9.0,0,2021,1,1,1,5101364.06,1,0.0,0.0,SOC.COM.RESPONS. LTDA,ACTIVO,HABIDO,,ANCASH/HUARI/SAN MARCOS,Principal - 4922 - OTRAS ACTIVIDADES DE TRANSPORTE POR VÍA TERRESTRE,3.0,Principal - 4922 - OTRAS ACTIVIDADES DE TRANSPORTE POR VÍA TERRESTRE | Secundaria 1 - 7110 - ACTIVIDADES DE ARQUITECTURA E INGENIERÍA Y ACTIVIDADES CONEXAS DE CONSULTORÍA TÉCNICA | Secundaria 2 - 4100 - CONSTRUCCIÓN DE EDIFICIOS,0,0,0,0,23/09/2026 22:49,1,1,1,84.1,Muy alto
20533744509,F & C HNS S.A.C.,-,2022,ANCASH,17/01/2014,01/03/2014,2014.0,8.0,0,2017,5,2,1,100000.0,2,2.0,1.0,SOCIEDAD ANONIMA CERRADA,ACTIVO,HABIDO,,ANCASH/HUARAZ/INDEPENDENCIA,Principal - 4100 - CONSTRUCCIÓN DE EDIFICIOS,3.0,Principal - 4100 - CONSTRUCCIÓN DE EDIFICIOS | Secundaria 1 - 4290 - CONSTRUCCIÓN DE OTRAS OBRAS DE INGENIERÍA CIVIL | Secundaria 2 - 4922 - OTRAS ACTIVIDADES DE TRANSPORTE POR VÍA TERRESTRE,0,0,0,0,23/09/2026 22:49,1,1,1,84.1,Muy alto
20533751386,EW SOLUCIONES EN INGENIERIA E.I.R.L.,-,2022,ANCASH,05/02/2014,05/02/2014,2014.0,8.0,0,2021,1,1,1,100000.0,1,1.0,1.0,EMPRESA INDIVIDUAL DE RESP. LTDA,ACTIVO,HABIDO,,ANCASH/HUARAZ/INDEPENDENCIA,Principal - 7110 - ACTIVIDADES DE ARQUITECTURA E INGENIERÍA Y ACTIVIDADES CONEXAS DE CONSULTORÍA TÉCNICA,3.0,Principal - 7110 - ACTIVIDADES DE ARQUITECTURA E INGENIERÍA Y ACTIVIDADES CONEXAS DE CONSULTORÍA TÉCNICA | Secundaria 1 - 6202 - CONSULTORÍA DE INFORMÁTICA Y GESTIÓN DE INSTALACIONES INFORMÁTICAS | Secundaria 2 - 4520 - MANTENIMIENTO Y REPARACIÓN DE VEHÍCULOS AUTOMOTORES,0,0,0,0,23/09/2026 22:49,1,1,1,84.1,Muy alto
20533788891,ALLI ALLPA INGENIERIA S.R.L.,-,2022,ANCASH,22/05/2014,22/05/2014,2014.0,8.0,0,2017,5,1,1,46369352.6,1,0.0,0.0,SOC.COM.RESPONS. LTDA,ACTIVO,HABIDO,,ANCASH/HUARAZ/INDEPENDENCIA,Principal - 4100 - CONSTRUCCIÓN DE EDIFICIOS,3.0,"Principal - 4100 - CONSTRUCCIÓN DE EDIFICIOS | Secundaria 1 - 4663 - VENTA AL POR MAYOR DE MATERIALES DE CONSTRUCCIÓN, ARTÍCULOS DE FERRETERÍA Y EQUIPO Y MATERIALES DE FONTANERÍA Y CALEFACCIÓN | Secundaria 2 - 4390 - OTRAS ACTIVIDADES ESPECIALIZADAS DE CONSTRUCCIÓN",0,0,0,0,23/09/2026 22:49,1,1,1,84.1,Muy alto
20533974415,CORPORACION PERUINSA S.A.C.,-,2022,ANCASH,27/08/2007,01/10/2007,2007.0,15.0,0,2009,13,2,1,49440000.0,2,0.0,0.0,SOCIEDAD ANONIMA CERRADA,ACTIVO,HABIDO,,LIMA/LIMA/SAN ISIDRO,Principal - 4100 - CONSTRUCCIÓN DE EDIFICIOS,3.0,"Principal - 4100 - CONSTRUCCIÓN DE EDIFICIOS | Secundaria 1 - 4663 - VENTA AL POR MAYOR DE MATERIALES DE CONSTRUCCIÓN, ARTÍCULOS DE FERRETERÍA Y EQUIPO Y MATERIALES DE FONTANERÍA Y CALEFACCIÓN | Secundaria 2 - 5221 - ACTIVIDADES DE SERVICIOS VINCULADAS AL TRANSPORTE TERRESTRE",0,0,0,0,23/09/2026 22:49,1,1,1,84.1,Muy alto
20534010151,MARQUEZZAR S.R.L.,-,2022,ANCASH,03/03/2017,03/03/2017,2017.0,5.0,0,2019,3,1,1,100000.0,1,1.0,1.0,SOC.COM.RESPONS. LTDA,BAJA DE OFICIO,NO HABIDO,29/08/2024,ANCASH/HUARAZ/HUARAZ,Principal - 4100 - CONSTRUCCIÓN DE EDIFICIOS,3.0,"Principal - 4100 - CONSTRUCCIÓN DE EDIFICIOS | Secundaria 1 - 7730 - ALQUILER Y ARRENDAMIENTO DE OTROS TIPOS DE MAQUINARIA, EQUIPO Y BIENES TANGIBLES | Secundaria 2 - 4663 - VENTA AL POR MAYOR DE MATERIALES DE CONSTRUCCIÓN, ARTÍCULOS DE FERRETERÍA Y EQUIPO Y MATERIALES DE FONTANERÍA Y CALEFACCIÓN",1,0,0,0,23/09/2026 22:49,1,1,1,84.1,Muy alto
20534013923,CORPORACION ARIES MINERIA Y CONSTRUCCION S.A.C.,CAMYC S.A.C.,2022,ANCASH,12/11/2007,12/11/2007,2007.0,15.0,0,2012,10,2,1,50302567.76,2,0.0,0.0,SOCIEDAD ANONIMA CERRADA,ACTIVO,HABIDO,,ANCASH/HUARAZ/HUARAZ,Principal - 7110 - ACTIVIDADES DE ARQUITECTURA E INGENIERÍA Y ACTIVIDADES CONEXAS DE CONSULTORÍA TÉCNICA,2.0,Principal - 7110 - ACTIVIDADES DE ARQUITECTURA E INGENIERÍA Y ACTIVIDADES CONEXAS DE CONSULTORÍA TÉCNICA | Secundaria 1 - 4100 - CONSTRUCCIÓN DE EDIFICIOS,0,0,0,0,23/09/2026 22:49,1,1,1,84.1,Muy alto
20534016949,W & W CONSTRUCTORES S.A.C.,-,2022,ANCASH,15/11/2007,01/12/2007,2007.0,15.0,0,2022,0,1,1,30770280.07,1,0.0,0.0,SOCIEDAD ANONIMA CERRADA,ACTIVO,HABIDO,,LIMA/LIMA/MIRAFLORES,Principal - 4100 - CONSTRUCCIÓN DE EDIFICIOS,3.0,"Principal - 4100 - CONSTRUCCIÓN DE EDIFICIOS | Secundaria 1 - 8130 - ACTIVIDADES DE PAISAJISMO Y SERVICIOS DE MANTENIMIENTO CONEXOS | Secundaria 2 - 4663 - VENTA AL POR MAYOR DE MATERIALES DE CONSTRUCCIÓN, ARTÍCULOS DE FERRETERÍA Y EQUIPO Y MATERIALES DE FONTANERÍA Y CALEFACCIÓN",1,1,0,0,23/09/2026 22:49,1,1,1,84.1,Muy alto
20534022914,HD INGENIEROS CONTRATISTAS GENERALES S.A.C.,-,2022,ANCASH,26/11/2007,28/03/2008,2008.0,14.0,0,2022,0,1,1,100000.0,1,1.0,1.0,SOCIEDAD ANONIMA CERRADA,ACTIVO,HABIDO,,ANCASH/HUARAZ/HUARAZ,Principal - 4100 - CONSTRUCCIÓN DE EDIFICIOS,3.0,"Principal - 4100 - CONSTRUCCIÓN DE EDIFICIOS | Secundaria 1 - 7110 - ACTIVIDADES DE ARQUITECTURA E INGENIERÍA Y ACTIVIDADES CONEXAS DE CONSULTORÍA TÉCNICA | Secundaria 2 - 0810 - EXTRACCIÓN DE PIEDRA, ARENA Y ARCILLA",0,0,0,0,23/09/2026 22:50,1,1,1,84.1,Muy alto
20534027126,AMD INGENIEROS S.A.C.,-,2022,ANCASH,30/11/2007,01/12/2007,2007.0,15.0,0,2021,1,1,1,8056987.8,1,0.0,0.0,SOCIEDAD ANONIMA CERRADA,ACTIVO,HABIDO,,LIMA/LIMA/SAN JUAN DE LURIGANCHO,Principal - 4390 - OTRAS ACTIVIDADES ESPECIALIZADAS DE CONSTRUCCIÓN,3.0,Principal - 4390 - OTRAS ACTIVIDADES ESPECIALIZADAS DE CONSTRUCCIÓN | Secundaria 1 - 7110 - ACTIVIDADES DE ARQUITECTURA E INGENIERÍA Y ACTIVIDADES CONEXAS DE CONSULTORÍA TÉCNICA | Secundaria 2 - 2599 - FABRICACIÓN DE OTROS PRODUCTOS ELABORADOS DE METAL N.C.P.,0,0,0,0,23/09/2026 22:50,1,1,1,84.1,Muy alto
20534040068,CONSULTORES Y CONSTRUCTORA MARKA JIRKA E.I.R.L.,-,2022,ANCASH,26/12/2007,01/01/2008,2008.0,14.0,0,2022,0,1,1,100000.0,1,1.0,1.0,EMPRESA INDIVIDUAL DE RESP. LTDA,ACTIVO,HABIDO,,ANCASH/HUARI/HUARI,Principal - 7110 - ACTIVIDADES DE ARQUITECTURA E INGENIERÍA Y ACTIVIDADES CONEXAS DE CONSULTORÍA TÉCNICA,3.0,"Principal - 7110 - ACTIVIDADES DE ARQUITECTURA E INGENIERÍA Y ACTIVIDADES CONEXAS DE CONSULTORÍA TÉCNICA | Secundaria 1 - 4390 - OTRAS ACTIVIDADES ESPECIALIZADAS DE CONSTRUCCIÓN | Secundaria 2 - 4663 - VENTA AL POR MAYOR DE MATERIALES DE CONSTRUCCIÓN, ARTÍCULOS DE FERRETERÍA Y EQUIPO Y MATERIALES DE FONTANERÍA Y CALEFACCIÓN",1,0,0,0,23/09/2026 22:50,1,1,1,84.1,Muy alto
20534098732,DESARROLLO DE INGENIERIA Y CONSTRUCCION S.R.L.,DIC S.R.L.,2022,ANCASH,04/03/2008,04/03/2008,2008.0,14.0,0,2011,11,1,1,300000.0,1,1.0,1.0,SOC.COM.RESPONS. LTDA,ACTIVO,HABIDO,,ANCASH/HUARAZ/INDEPENDENCIA,"Principal - 7730 - ALQUILER Y ARRENDAMIENTO DE OTROS TIPOS DE MAQUINARIA, EQUIPO Y BIENES TANGIBLES",3.0,"Principal - 7730 - ALQUILER Y ARRENDAMIENTO DE OTROS TIPOS DE MAQUINARIA, EQUIPO Y BIENES TANGIBLES | Secundaria 1 - 4923 - TRANSPORTE DE CARGA POR CARRETERA | Secundaria 2 - 4520 - MANTENIMIENTO Y REPARACIÓN DE VEHÍCULOS AUTOMOTORES",0,0,0,0,23/09/2026 22:50,1,1,1,84.1,Muy alto
20534121734,CONSTRUCTORA Y CONSULTORA A & F INGENIERIA S.R.L.,-,2022,ANCASH,04/04/2008,04/04/2008,2008.0,14.0,0,2013,9,1,1,50365987.24,1,0.0,0.0,SOC.COM.RESPONS. LTDA,ACTIVO,HABIDO,,LIMA/LIMA/LOS OLIVOS,Principal - 4100 - CONSTRUCCIÓN DE EDIFICIOS,3.0,Principal - 4100 - CONSTRUCCIÓN DE EDIFICIOS | Secundaria 1 - 4220 - CONSTRUCCIÓN DE PROYECTOS DE SERVICIO PÚBLICO | Secundaria 2 - 7710 - ALQUILER Y ARRENDAMIENTO DE VEHÍCULOS AUTOMOTORES,0,0,0,0,23/09/2026 22:50,1,1,1,84.1,Muy alto
20534145757,CONSTRUCTORA MULTISERVICIOS J & N S.R.L.,-,2022,ANCASH,18/03/2026,18/03/2026,2026.0,,1,2022,0,1,1,100000.0,1,1.0,1.0,SOC.COM.RESPONS. LTDA,ACTIVO,HABIDO,,ANCASH/HUARI/UCO,Principal - 4100 - CONSTRUCCIÓN DE EDIFICIOS,3.0,"Principal - 4100 - CONSTRUCCIÓN DE EDIFICIOS | Secundaria 1 - 4752 - VENTA AL POR MENOR DE ARTÍCULOS DE FERRETERÍA, PINTURAS Y PRODUCTOS DE VIDRIO EN COMERCIOS ESPECIALIZADOS | Secundaria 2 - 7730 - ALQUILER Y ARRENDAMIENTO DE OTROS TIPOS DE MAQUINARIA, EQUIPO Y BIENES TANGIBLES",0,1,0,0,23/09/2026 22:50,1,1,1,84.1,Muy alto
20534157500,CONSTRUCTORA CC E.I.R.L.,CONSTRUCTORA CC,2022,ANCASH,20/05/2015,01/06/2015,2015.0,7.0,0,2017,5,2,1,26778609.36,2,0.0,0.0,EMPRESA INDIVIDUAL DE RESP. LTDA,ACTIVO,HABIDO,,ANCASH/HUARAZ/HUARAZ,Principal - 4100 - CONSTRUCCIÓN DE EDIFICIOS,3.0,"Principal - 4100 - CONSTRUCCIÓN DE EDIFICIOS | Secundaria 1 - 4663 - VENTA AL POR MAYOR DE MATERIALES DE CONSTRUCCIÓN, ARTÍCULOS DE FERRETERÍA Y EQUIPO Y MATERIALES DE FONTANERÍA Y CALEFACCIÓN | Secundaria 2 - 7730 - ALQUILER Y ARRENDAMIENTO DE OTROS TIPOS DE MAQUINARIA, EQUIPO Y BIENES TANGIBLES",0,0,0,0,23/09/2026 22:50,1,1,1,84.1,Muy alto
20534158069,EMPRESA CONSTRUCTORA NUEVA VICTORIA S.R.L.,-,2022,ANCASH,26/05/2008,01/07/2008,2008.0,14.0,0,2016,6,2,1,100000.0,2,2.0,1.0,SOC.COM.RESPONS. LTDA,ACTIVO,HABIDO,,LIMA/LIMA/LOS OLIVOS,Principal - 4290 - CONSTRUCCIÓN DE OTRAS OBRAS DE INGENIERÍA CIVIL,3.0,"Principal - 4290 - CONSTRUCCIÓN DE OTRAS OBRAS DE INGENIERÍA CIVIL | Secundaria 1 - 4923 - TRANSPORTE DE CARGA POR CARRETERA | Secundaria 2 - 7730 - ALQUILER Y ARRENDAMIENTO DE OTROS TIPOS DE MAQUINARIA, EQUIPO Y BIENES TANGIBLES",0,0,0,0,23/09/2026 22:50,1,1,1,84.1,Muy alto
20534166240,SCORPION CONTRATISTAS GENERALES S.A.C.,-,2022,ANCASH,26/06/2019,01/07/2019,2019.0,3.0,0,2020,2,1,1,37096894.14,1,0.0,0.0,SOCIEDAD ANONIMA CERRADA,ACTIVO,HABIDO,,LIMA/LIMA/LOS OLIVOS,Principal - 4210 - CONSTRUCCIÓN DE CARRETERAS Y VÍAS DE FERROCARRIL,3.0,"Principal - 4210 - CONSTRUCCIÓN DE CARRETERAS Y VÍAS DE FERROCARRIL | Secundaria 1 - 4663 - VENTA AL POR MAYOR DE MATERIALES DE CONSTRUCCIÓN, ARTÍCULOS DE FERRETERÍA Y EQUIPO Y MATERIALES DE FONTANERÍA Y CALEFACCIÓN | Secundaria 2 - 7730 - ALQUILER Y ARRENDAMIENTO DE OTROS TIPOS DE MAQUINARIA, EQUIPO Y BIENES TANGIBLES",0,0,0,0,23/09/2026 22:50,1,1,1,84.1,Muy alto
20534489685,TINYASH PERU SOCIEDAD ANONIMA CERRADA,-,2022,ANCASH,03/02/2012,03/02/2012,2012.0,10.0,0,2018,4,2,1,100000.0,2,2.0,1.0,SOCIEDAD ANONIMA CERRADA,ACTIVO,HABIDO,,LIMA/LIMA/COMAS,"Principal - 4663 - VENTA AL POR MAYOR DE MATERIALES DE CONSTRUCCIÓN, ARTÍCULOS DE FERRETERÍA Y EQUIPO Y MATERIALES DE FONTANERÍA Y CALEFACCIÓN",3.0,"Principal - 4663 - VENTA AL POR MAYOR DE MATERIALES DE CONSTRUCCIÓN, ARTÍCULOS DE FERRETERÍA Y EQUIPO Y MATERIALES DE FONTANERÍA Y CALEFACCIÓN | Secundaria 1 - 7110 - ACTIVIDADES DE ARQUITECTURA E INGENIERÍA Y ACTIVIDADES CONEXAS DE CONSULTORÍA TÉCNICA | Secundaria 2 - 4290 - CONSTRUCCIÓN DE OTRAS OBRAS DE INGENIERÍA CIVIL",0,0,0,0,23/09/2026 22:51,1,1,1,84.1,Muy alto
20539979885,HISAC CONTRATISTAS S.R.L.,-,2022,ANCASH,15/01/2013,01/01/2014,2014.0,8.0,0,2019,3,1,1,1285614.18,1,1.0,1.0,SOC.COM.RESPONS. LTDA,ACTIVO,HABIDO,,LA LIBERTAD/TRUJILLO/TRUJILLO,"Principal - 7730 - ALQUILER Y ARRENDAMIENTO DE OTROS TIPOS DE MAQUINARIA, EQUIPO Y BIENES TANGIBLES",3.0,"Principal - 7730 - ALQUILER Y ARRENDAMIENTO DE OTROS TIPOS DE MAQUINARIA, EQUIPO Y BIENES TANGIBLES | Secundaria 1 - 4663 - VENTA AL POR MAYOR DE MATERIALES DE CONSTRUCCIÓN, ARTÍCULOS DE FERRETERÍA Y EQUIPO Y MATERIALES DE FONTANERÍA Y CALEFACCIÓN | Secundaria 2 - 4100 - CONSTRUCCIÓN DE EDIFICIOS",0,0,0,0,23/09/2026 22:53,1,1,1,84.1,Muy alto
20541616382,CONSTRUCTORA CHRISMA S.R.L.,-,2022,ANCASH,02/01/2012,01/01/2012,2012.0,10.0,0,2015,7,1,1,53116197.46,1,0.0,0.0,SOC.COM.RESPONS. LTDA,ACTIVO,HABIDO,,LIMA/LIMA/JESUS MARIA,Principal - 4290 - CONSTRUCCIÓN DE OTRAS OBRAS DE INGENIERÍA CIVIL,2.0,"Principal - 4290 - CONSTRUCCIÓN DE OTRAS OBRAS DE INGENIERÍA CIVIL | Secundaria 1 - 7730 - ALQUILER Y ARRENDAMIENTO DE OTROS TIPOS DE MAQUINARIA, EQUIPO Y BIENES TANGIBLES",0,0,0,0,23/09/2026 22:54,1,1,1,84.1,Muy alto
20541769537,CONSTRUCTORA GERED S.A.C.,CONSTRUCTORA GERED S.A.C.,2022,ANCASH,27/11/2012,01/04/2013,2013.0,9.0,0,2022,0,1,1,1797430761.56,1,0.0,0.0,SOCIEDAD ANONIMA CERRADA,ACTIVO,HABIDO,,PROV. CONST. DEL CALLAO/PROV. CONST. DEL CALLAO/VENTANILLA,Principal - 4210 - CONSTRUCCIÓN DE CARRETERAS Y VÍAS DE FERROCARRIL,3.0,Principal - 4210 - CONSTRUCCIÓN DE CARRETERAS Y VÍAS DE FERROCARRIL | Secundaria 1 - 4100 - CONSTRUCCIÓN DE EDIFICIOS | Secundaria 2 - 4290 - CONSTRUCCIÓN DE OTRAS OBRAS DE INGENIERÍA CIVIL,2,0,0,0,23/09/2026 22:54,1,1,1,84.1,Muy alto
20542049228,CORPORATION OF DEVELOPMENT AND TECHNOLOGY S.A.C. - CODETECH S.A.C.,CODETECH S.A.C.,2022,ANCASH,25/11/2010,08/01/2012,2012.0,10.0,0,2017,5,7,2,100000.0,7,7.0,1.0,SOCIEDAD ANONIMA CERRADA,ACTIVO,HABIDO,,ANCASH/HUARAZ/INDEPENDENCIA,Principal - 4100 - CONSTRUCCIÓN DE EDIFICIOS,3.0,"Principal - 4100 - CONSTRUCCIÓN DE EDIFICIOS | Secundaria 1 - 7020 - ACTIVIDADES DE CONSULTORÍA DE GESTIÓN | Secundaria 2 - 4752 - VENTA AL POR MENOR DE ARTÍCULOS DE FERRETERÍA, PINTURAS Y PRODUCTOS DE VIDRIO EN COMERCIOS ESPECIALIZADOS",1,0,0,0,23/09/2026 22:54,1,1,1,84.1,Muy alto
20542073013,INVERSIONES RAR S.A.C.,-,2022,ANCASH,06/01/2011,02/02/2011,2011.0,11.0,0,2018,4,1,1,100000.0,1,1.0,1.0,SOCIEDAD ANONIMA CERRADA,ACTIVO,HABIDO,,ANCASH/HUARAZ/HUARAZ,Principal - 4100 - CONSTRUCCIÓN DE EDIFICIOS,3.0,"Principal - 4100 - CONSTRUCCIÓN DE EDIFICIOS | Secundaria 1 - 7730 - ALQUILER Y ARRENDAMIENTO DE OTROS TIPOS DE MAQUINARIA, EQUIPO Y BIENES TANGIBLES | Secundaria 2 - 4663 - VENTA AL POR MAYOR DE MATERIALES DE CONSTRUCCIÓN, ARTÍCULOS DE FERRETERÍA Y EQUIPO Y MATERIALES DE FONTANERÍA Y CALEFACCIÓN",0,0,0,0,23/09/2026 22:54,1,1,1,84.1,Muy alto
20542083329,MULTISERVICIOS BEO S.A.C.,-,2022,ANCASH,14/01/2011,01/02/2011,2011.0,11.0,0,2022,0,2,1,100000.0,2,2.0,1.0,SOCIEDAD ANONIMA CERRADA,ACTIVO,HABIDO,,ANCASH/HUARAZ/HUARAZ,Principal - 4100 - CONSTRUCCIÓN DE EDIFICIOS,3.0,Principal - 4100 - CONSTRUCCIÓN DE EDIFICIOS | Secundaria 1 - 4922 - OTRAS ACTIVIDADES DE TRANSPORTE POR VÍA TERRESTRE | Secundaria 2 - 4730 - VENTA AL POR MENOR DE COMBUSTIBLES PARA VEHÍCULOS AUTOMOTORES EN COMERCIOS ESPECIALIZADOS,0,0,0,0,23/09/2026 22:54,1,1,1,84.1,Muy alto
20542149362,JAIMES CONSTRUCTORES S.R.L.,-,2022,ANCASH,12/03/2011,01/04/2011,2011.0,11.0,0,2022,0,1,1,100000.0,1,1.0,1.0,SOC.COM.RESPONS. LTDA,ACTIVO,HABIDO,,ANCASH/HUARAZ/HUARAZ,Principal - 4321 - INSTALACIONES ELÉCTRICAS,3.0,"Principal - 4321 - INSTALACIONES ELÉCTRICAS | Secundaria 1 - 4663 - VENTA AL POR MAYOR DE MATERIALES DE CONSTRUCCIÓN, ARTÍCULOS DE FERRETERÍA Y EQUIPO Y MATERIALES DE FONTANERÍA Y CALEFACCIÓN | Secundaria 2 - 4290 - CONSTRUCCIÓN DE OTRAS OBRAS DE INGENIERÍA CIVIL",0,0,0,0,23/09/2026 22:54,1,1,1,84.1,Muy alto
20542191059,DAMBEZ COMPANY E.I.R.L.,-,2022,ANCASH,07/05/2011,17/12/2011,2011.0,11.0,0,2020,2,2,2,163445326.5,2,0.0,0.0,EMPRESA INDIVIDUAL DE RESP. LTDA,ACTIVO,HABIDO,,ANCASH/HUARAZ/INDEPENDENCIA,Principal - 4290 - CONSTRUCCIÓN DE OTRAS OBRAS DE INGENIERÍA CIVIL,3.0,Principal - 4290 - CONSTRUCCIÓN DE OTRAS OBRAS DE INGENIERÍA CIVIL | Secundaria 1 - 4220 - CONSTRUCCIÓN DE PROYECTOS DE SERVICIO PÚBLICO | Secundaria 2 - 7110 - ACTIVIDADES DE ARQUITECTURA E INGENIERÍA Y ACTIVIDADES CONEXAS DE CONSULTORÍA TÉCNICA,0,1,0,0,23/09/2026 22:55,1,1,1,84.1,Muy alto
20542438984,CASTILLO DORADO S.A.C.,-,2022,ANCASH,21/12/2011,01/03/2012,2012.0,10.0,0,2013,9,1,1,100000.0,1,1.0,1.0,SOCIEDAD ANONIMA CERRADA,ACTIVO,HABIDO,,LIMA/LIMA/SAN BORJA,Principal - 6810 - ACTIVIDADES INMOBILIARIAS REALIZADAS CON BIENES PROPIOS O ARRENDADOS,3.0,"Principal - 6810 - ACTIVIDADES INMOBILIARIAS REALIZADAS CON BIENES PROPIOS O ARRENDADOS | Secundaria 1 - 4100 - CONSTRUCCIÓN DE EDIFICIOS | Secundaria 2 - 4663 - VENTA AL POR MAYOR DE MATERIALES DE CONSTRUCCIÓN, ARTÍCULOS DE FERRETERÍA Y EQUIPO Y MATERIALES DE FONTANERÍA Y CALEFACCIÓN",0,0,0,0,23/09/2026 22:55,1,1,1,84.1,Muy alto
20549761608,B & B GENERAL CONTRACTORS S.A.C.,-,2022,ANCASH,26/09/2012,01/10/2012,2012.0,10.0,0,2018,4,1,1,100000.0,1,1.0,1.0,SOCIEDAD ANONIMA CERRADA,BAJA DE OFICIO,HABIDO,30/04/2026,LIMA/LIMA/CARABAYLLO,Principal - 4100 - CONSTRUCCIÓN DE EDIFICIOS,3.0,Principal - 4100 - CONSTRUCCIÓN DE EDIFICIOS | Secundaria 1 - 7110 - ACTIVIDADES DE ARQUITECTURA E INGENIERÍA Y ACTIVIDADES CONEXAS DE CONSULTORÍA TÉCNICA | Secundaria 2 - 4390 - OTRAS ACTIVIDADES ESPECIALIZADAS DE CONSTRUCCIÓN,0,0,0,0,23/09/2026 22:57,1,1,1,84.1,Muy alto
20568223307,CORAL ING'S ASOCIADOS CONTRATISTAS S.A.C.,-,2022,ANCASH,26/01/2012,01/02/2012,2012.0,10.0,0,2012,10,1,1,25421340.3,1,0.0,0.0,SOCIEDAD ANONIMA CERRADA,ACTIVO,HABIDO,,JUNIN/HUANCAYO/HUANCAYO,Principal - 4100 - CONSTRUCCIÓN DE EDIFICIOS,3.0,"Principal - 4100 - CONSTRUCCIÓN DE EDIFICIOS | Secundaria 1 - 7110 - ACTIVIDADES DE ARQUITECTURA E INGENIERÍA Y ACTIVIDADES CONEXAS DE CONSULTORÍA TÉCNICA | Secundaria 2 - 7730 - ALQUILER Y ARRENDAMIENTO DE OTROS TIPOS DE MAQUINARIA, EQUIPO Y BIENES TANGIBLES",0,0,0,0,23/09/2026 23:00,1,1,1,84.1,Muy alto
20569181756,CONSTRUCTORA DIJEMACO S.A.C.,-,2022,ANCASH,04/09/2013,01/09/2013,2013.0,9.0,0,2015,7,3,1,64444778.98,3,0.0,0.0,SOCIEDAD ANONIMA CERRADA,ACTIVO,HABIDO,,ANCASH/SANTA/CHIMBOTE,"Principal - 4663 - VENTA AL POR MAYOR DE MATERIALES DE CONSTRUCCIÓN, ARTÍCULOS DE FERRETERÍA Y EQUIPO Y MATERIALES DE FONTANERÍA Y CALEFACCIÓN",2.0,"Principal - 4663 - VENTA AL POR MAYOR DE MATERIALES DE CONSTRUCCIÓN, ARTÍCULOS DE FERRETERÍA Y EQUIPO Y MATERIALES DE FONTANERÍA Y CALEFACCIÓN | Secundaria 2 - 7730 - ALQUILER Y ARRENDAMIENTO DE OTROS TIPOS DE MAQUINARIA, EQUIPO Y BIENES TANGIBLES",0,0,0,0,23/09/2026 23:01,1,1,1,84.1,Muy alto
20571131464,CASAM INGENIEROS E.I.R.L.,-,2022,ANCASH,05/07/2011,05/07/2011,2011.0,11.0,0,2012,10,3,1,26814692.56,3,0.0,0.0,EMPRESA INDIVIDUAL DE RESP. LTDA,ACTIVO,HABIDO,,ANCASH/HUARAZ/INDEPENDENCIA,Principal - 4390 - OTRAS ACTIVIDADES ESPECIALIZADAS DE CONSTRUCCIÓN,3.0,Principal - 4390 - OTRAS ACTIVIDADES ESPECIALIZADAS DE CONSTRUCCIÓN | Secundaria 1 - 4100 - CONSTRUCCIÓN DE EDIFICIOS | Secundaria 2 - 7710 - ALQUILER Y ARRENDAMIENTO DE VEHÍCULOS AUTOMOTORES,0,0,0,0,23/09/2026 23:02,1,1,1,84.1,Muy alto
20571135885,YAEV E.I.R.L.,-,2022,ANCASH,09/07/2011,09/07/2011,2011.0,11.0,0,2021,1,1,2,202433902.0,1,0.0,0.0,EMPRESA INDIVIDUAL DE RESP. LTDA,ACTIVO,HABIDO,,LIMA/LIMA/SANTIAGO DE SURCO,Principal - 4100 - CONSTRUCCIÓN DE EDIFICIOS,3.0,"Principal - 4100 - CONSTRUCCIÓN DE EDIFICIOS | Secundaria 1 - 7110 - ACTIVIDADES DE ARQUITECTURA E INGENIERÍA Y ACTIVIDADES CONEXAS DE CONSULTORÍA TÉCNICA | Secundaria 2 - 7730 - ALQUILER Y ARRENDAMIENTO DE OTROS TIPOS DE MAQUINARIA, EQUIPO Y BIENES TANGIBLES",1,0,0,0,23/09/2026 23:02,1,1,1,84.1,Muy alto
20571153867,CORPORATIVO ASENCIOS S.R.L.,-,2022,ANCASH,12/08/2011,01/09/2011,2011.0,11.0,0,2017,5,2,1,34584872.81,2,0.0,0.0,SOC.COM.RESPONS. LTDA,ACTIVO,HABIDO,,ANCASH/HUARI/HUARI,Principal - 7110 - ACTIVIDADES DE ARQUITECTURA E INGENIERÍA Y ACTIVIDADES CONEXAS DE CONSULTORÍA TÉCNICA,3.0,"Principal - 7110 - ACTIVIDADES DE ARQUITECTURA E INGENIERÍA Y ACTIVIDADES CONEXAS DE CONSULTORÍA TÉCNICA | Secundaria 1 - 4663 - VENTA AL POR MAYOR DE MATERIALES DE CONSTRUCCIÓN, ARTÍCULOS DE FERRETERÍA Y EQUIPO Y MATERIALES DE FONTANERÍA Y CALEFACCIÓN | Secundaria 2 - 4290 - CONSTRUCCIÓN DE OTRAS OBRAS DE INGENIERÍA CIVIL",0,0,0,0,23/09/2026 23:02,1,1,1,84.1,Muy alto
20571184151,CONTRATISTAS GENERALES WINDSOR S.R.L.,-,2022,ANCASH,05/10/2011,01/12/2011,2011.0,11.0,0,2019,3,1,1,500000.0,1,1.0,1.0,SOC.COM.RESPONS. LTDA,ACTIVO,HABIDO,,LIMA/LIMA/SAN ISIDRO,Principal - 7110 - ACTIVIDADES DE ARQUITECTURA E INGENIERÍA Y ACTIVIDADES CONEXAS DE CONSULTORÍA TÉCNICA,3.0,"Principal - 7110 - ACTIVIDADES DE ARQUITECTURA E INGENIERÍA Y ACTIVIDADES CONEXAS DE CONSULTORÍA TÉCNICA | Secundaria 1 - 4799 - OTRAS ACTIVIDADES DE VENTA AL POR MENOR NO REALIZADAS EN COMERCIOS, PUESTOS DE VENTA O MERCADOS | Secundaria 2 - 4210 - CONSTRUCCIÓN DE CARRETERAS Y VÍAS DE FERROCARRIL",0,0,0,0,23/09/2026 23:02,1,1,1,84.1,Muy alto
20571250552,MULTISERVICIOS SHAYWA S.R.L.,-,2022,ANCASH,21/08/2019,21/08/2019,2019.0,3.0,0,2021,1,1,1,100000.0,1,1.0,1.0,SOC.COM.RESPONS. LTDA,ACTIVO,HABIDO,,ANCASH/HUARAZ/INDEPENDENCIA,"Principal - 4663 - VENTA AL POR MAYOR DE MATERIALES DE CONSTRUCCIÓN, ARTÍCULOS DE FERRETERÍA Y EQUIPO Y MATERIALES DE FONTANERÍA Y CALEFACCIÓN",3.0,"Principal - 4663 - VENTA AL POR MAYOR DE MATERIALES DE CONSTRUCCIÓN, ARTÍCULOS DE FERRETERÍA Y EQUIPO Y MATERIALES DE FONTANERÍA Y CALEFACCIÓN | Secundaria 1 - 4290 - CONSTRUCCIÓN DE OTRAS OBRAS DE INGENIERÍA CIVIL | Secundaria 2 - 4659 - VENTA AL POR MAYOR DE OTROS TIPOS DE MAQUINARIA Y EQUIPO",0,0,0,0,23/09/2026 23:02,1,1,1,84.1,Muy alto
20571273501,INVERSIONES LANDONTEX S.A.C.,-,2022,ANCASH,02/03/2012,02/03/2012,2012.0,10.0,0,2020,2,2,1,41991373.16,2,0.0,0.0,SOCIEDAD ANONIMA CERRADA,ACTIVO,HABIDO,,LIMA/LIMA/BREÑA,Principal - 4923 - TRANSPORTE DE CARGA POR CARRETERA,3.0,"Principal - 4923 - TRANSPORTE DE CARGA POR CARRETERA | Secundaria 1 - 4290 - CONSTRUCCIÓN DE OTRAS OBRAS DE INGENIERÍA CIVIL | Secundaria 2 - 7730 - ALQUILER Y ARRENDAMIENTO DE OTROS TIPOS DE MAQUINARIA, EQUIPO Y BIENES TANGIBLES",0,0,0,0,23/09/2026 23:02,1,1,1,84.1,Muy alto
20571309891,CONSTRUCTORA FORTALEZA TLF E.I.R.L.,-,2022,ANCASH,11/05/2017,12/05/2017,2017.0,5.0,0,2017,5,3,1,100000.0,3,3.0,1.0,EMPRESA INDIVIDUAL DE RESP. LTDA,ACTIVO,HABIDO,,ANCASH/HUARAZ/HUARAZ,Principal - 4100 - CONSTRUCCIÓN DE EDIFICIOS,3.0,"Principal - 4100 - CONSTRUCCIÓN DE EDIFICIOS | Secundaria 1 - 7730 - ALQUILER Y ARRENDAMIENTO DE OTROS TIPOS DE MAQUINARIA, EQUIPO Y BIENES TANGIBLES | Secundaria 2 - 7110 - ACTIVIDADES DE ARQUITECTURA E INGENIERÍA Y ACTIVIDADES CONEXAS DE CONSULTORÍA TÉCNICA",0,0,0,0,23/09/2026 23:02,1,1,1,84.1,Muy alto
20571395283,INVERSIONES EVZA S.R.L.,-,2022,ANCASH,11/09/2012,01/10/2012,2012.0,10.0,0,2013,9,4,1,60678436.15,4,0.0,0.0,SOC.COM.RESPONS. LTDA,ACTIVO,HABIDO,,HUANUCO/HUANUCO/HUANUCO,Principal - 4100 - CONSTRUCCIÓN DE EDIFICIOS,3.0,"Principal - 4100 - CONSTRUCCIÓN DE EDIFICIOS | Secundaria 1 - 4663 - VENTA AL POR MAYOR DE MATERIALES DE CONSTRUCCIÓN, ARTÍCULOS DE FERRETERÍA Y EQUIPO Y MATERIALES DE FONTANERÍA Y CALEFACCIÓN | Secundaria 2 - 4923 - TRANSPORTE DE CARGA POR CARRETERA",0,0,0,0,23/09/2026 23:02,1,1,1,84.1,Muy alto
20571395364,CINVEC S.A.C.,LABORATORIO GEOSCINVEC,2022,ANCASH,11/09/2012,01/10/2012,2012.0,10.0,0,2017,5,1,1,100000.0,1,1.0,1.0,SOCIEDAD ANONIMA CERRADA,ACTIVO,HABIDO,,ANCASH/HUARAZ/INDEPENDENCIA,Principal - 4100 - CONSTRUCCIÓN DE EDIFICIOS,3.0,"Principal - 4100 - CONSTRUCCIÓN DE EDIFICIOS | Secundaria 1 - 4663 - VENTA AL POR MAYOR DE MATERIALES DE CONSTRUCCIÓN, ARTÍCULOS DE FERRETERÍA Y EQUIPO Y MATERIALES DE FONTANERÍA Y CALEFACCIÓN | Secundaria 2 - 7110 - ACTIVIDADES DE ARQUITECTURA E INGENIERÍA Y ACTIVIDADES CONEXAS DE CONSULTORÍA TÉCNICA",0,0,0,0,23/09/2026 23:02,1,1,1,84.1,Muy alto
20571420067,INVERSIONES & CONSULTING FVC S.R.L.,EL PROVEEDOR,2022,ANCASH,31/10/2012,01/11/2012,2012.0,10.0,0,2022,0,3,1,74230917.63,3,0.0,0.0,SOC.COM.RESPONS. LTDA,ACTIVO,HABIDO,,ANCASH/HUARAZ/HUARAZ,"Principal - 4663 - VENTA AL POR MAYOR DE MATERIALES DE CONSTRUCCIÓN, ARTÍCULOS DE FERRETERÍA Y EQUIPO Y MATERIALES DE FONTANERÍA Y CALEFACCIÓN",3.0,"Principal - 4663 - VENTA AL POR MAYOR DE MATERIALES DE CONSTRUCCIÓN, ARTÍCULOS DE FERRETERÍA Y EQUIPO Y MATERIALES DE FONTANERÍA Y CALEFACCIÓN | Secundaria 1 - 4923 - TRANSPORTE DE CARGA POR CARRETERA | Secundaria 2 - 4100 - CONSTRUCCIÓN DE EDIFICIOS",0,0,0,0,23/09/2026 23:02,1,1,1,84.1,Muy alto
20600044207,IRZA INGENIEROS S.R.L.,-,2022,ANCASH,08/01/2015,01/04/2015,2015.0,7.0,0,2017,5,1,2,100000.0,1,1.0,1.0,SOC.COM.RESPONS. LTDA,ACTIVO,HABIDO,,LIMA/LIMA/SANTIAGO DE SURCO,Principal - 4923 - TRANSPORTE DE CARGA POR CARRETERA,2.0,Principal - 4923 - TRANSPORTE DE CARGA POR CARRETERA | Secundaria 1 - 4290 - CONSTRUCCIÓN DE OTRAS OBRAS DE INGENIERÍA CIVIL,3,0,0,0,23/09/2026 23:05,1,1,1,84.1,Muy alto
20600095936,GUPESA CONTRATISTAS Y SERVICIOS GENERALES S.A.C.,-,2022,ANCASH,29/01/2015,01/02/2015,2015.0,7.0,0,2022,0,2,1,28721337.76,2,0.0,0.0,SOCIEDAD ANONIMA CERRADA,ACTIVO,HABIDO,,ANCASH/SANTA/NUEVO CHIMBOTE,Principal - 4220 - CONSTRUCCIÓN DE PROYECTOS DE SERVICIO PÚBLICO,2.0,Principal - 4220 - CONSTRUCCIÓN DE PROYECTOS DE SERVICIO PÚBLICO | Secundaria 1 - 4330 - TERMINACIÓN Y ACABADO DE EDIFICIOS,0,0,0,0,23/09/2026 23:06,1,1,1,84.1,Muy alto
20600140893,MONTOYA CALLERGOS GROUP S.A.C.,-,2022,ANCASH,16/02/2015,01/03/2015,2015.0,7.0,0,2017,5,1,1,500000.0,1,1.0,1.0,SOCIEDAD ANONIMA CERRADA,ACTIVO,HABIDO,,LIMA/LIMA/ATE,Principal - 4390 - OTRAS ACTIVIDADES ESPECIALIZADAS DE CONSTRUCCIÓN,3.0,"Principal - 4390 - OTRAS ACTIVIDADES ESPECIALIZADAS DE CONSTRUCCIÓN | Secundaria 1 - 4210 - CONSTRUCCIÓN DE CARRETERAS Y VÍAS DE FERROCARRIL | Secundaria 2 - 7730 - ALQUILER Y ARRENDAMIENTO DE OTROS TIPOS DE MAQUINARIA, EQUIPO Y BIENES TANGIBLES",0,0,0,0,23/09/2026 23:06,1,1,1,84.1,Muy alto
20600180771,RBC CONSULTORES Y CONTRATISTAS S.A.C.,-,2022,ANCASH,02/03/2015,22/05/2015,2015.0,7.0,0,2018,4,1,2,38280289.29,1,0.0,0.0,SOCIEDAD ANONIMA CERRADA,ACTIVO,HABIDO,,LIMA/LIMA/SANTA ANITA,Principal - 4210 - CONSTRUCCIÓN DE CARRETERAS Y VÍAS DE FERROCARRIL,3.0,"Principal - 4210 - CONSTRUCCIÓN DE CARRETERAS Y VÍAS DE FERROCARRIL | Secundaria 1 - 4923 - TRANSPORTE DE CARGA POR CARRETERA | Secundaria 2 - 7730 - ALQUILER Y ARRENDAMIENTO DE OTROS TIPOS DE MAQUINARIA, EQUIPO Y BIENES TANGIBLES",0,16,0,0,23/09/2026 23:07,1,1,1,84.1,Muy alto
20600194420,EDWIM CONTRATISTAS S.A.C.,-,2022,ANCASH,05/03/2015,05/03/2015,2015.0,7.0,0,2022,0,1,1,100000.0,1,1.0,1.0,SOCIEDAD ANONIMA CERRADA,BAJA DE OFICIO,HABIDO,31/10/2024,LA LIBERTAD/TRUJILLO/TRUJILLO,Principal - 7110 - ACTIVIDADES DE ARQUITECTURA E INGENIERÍA Y ACTIVIDADES CONEXAS DE CONSULTORÍA TÉCNICA,2.0,Principal - 7110 - ACTIVIDADES DE ARQUITECTURA E INGENIERÍA Y ACTIVIDADES CONEXAS DE CONSULTORÍA TÉCNICA | Secundaria 1 - 4100 - CONSTRUCCIÓN DE EDIFICIOS,0,0,0,0,23/09/2026 23:07,1,1,1,84.1,Muy alto
20600253027,CONSTRUCTORA MAYFO S.R.L.,-,2022,ANCASH,26/03/2015,01/04/2015,2015.0,7.0,0,2022,0,1,1,100000.0,1,1.0,1.0,SOC.COM.RESPONS. LTDA,BAJA DE OFICIO,HABIDO,30/04/2026,LIMA/LIMA/CARABAYLLO,Principal - 4923 - TRANSPORTE DE CARGA POR CARRETERA,3.0,"Principal - 4923 - TRANSPORTE DE CARGA POR CARRETERA | Secundaria 1 - 4663 - VENTA AL POR MAYOR DE MATERIALES DE CONSTRUCCIÓN, ARTÍCULOS DE FERRETERÍA Y EQUIPO Y MATERIALES DE FONTANERÍA Y CALEFACCIÓN | Secundaria 2 - 4290 - CONSTRUCCIÓN DE OTRAS OBRAS DE INGENIERÍA CIVIL",0,0,0,0,23/09/2026 23:07,1,1,1,84.1,Muy alto
20600285956,CONSTRUCTORA EDIFIK A & S E.I.R.L.,-,2022,ANCASH,09/04/2015,10/04/2015,2015.0,7.0,0,2022,0,1,1,100000.0,1,1.0,1.0,EMPRESA INDIVIDUAL DE RESP. LTDA,ACTIVO,HABIDO,,ANCASH/SIHUAS/SIHUAS,Principal - 4100 - CONSTRUCCIÓN DE EDIFICIOS,3.0,"Principal - 4100 - CONSTRUCCIÓN DE EDIFICIOS | Secundaria 1 - 4663 - VENTA AL POR MAYOR DE MATERIALES DE CONSTRUCCIÓN, ARTÍCULOS DE FERRETERÍA Y EQUIPO Y MATERIALES DE FONTANERÍA Y CALEFACCIÓN | Secundaria 2 - 8549 - OTROS TIPOS DE ENSEÑANZA N.C.P.",0,0,0,0,23/09/2026 23:07,1,1,1,84.1,Muy alto
20600309481,EMPRESA DE SERVICIOS MULTIPLES ZEUZ E.I.R.L.,-,2022,ANCASH,18/04/2015,01/06/2015,2015.0,7.0,0,2022,0,1,1,9783551.52,1,0.0,0.0,EMPRESA INDIVIDUAL DE RESP. LTDA,ACTIVO,HABIDO,,ANCASH/HUARAZ/INDEPENDENCIA,Principal - 4100 - CONSTRUCCIÓN DE EDIFICIOS,3.0,"Principal - 4100 - CONSTRUCCIÓN DE EDIFICIOS | Secundaria 1 - 7110 - ACTIVIDADES DE ARQUITECTURA E INGENIERÍA Y ACTIVIDADES CONEXAS DE CONSULTORÍA TÉCNICA | Secundaria 2 - 7730 - ALQUILER Y ARRENDAMIENTO DE OTROS TIPOS DE MAQUINARIA, EQUIPO Y BIENES TANGIBLES",0,0,0,0,23/09/2026 23:08,1,1,1,84.1,Muy alto
20600403207,DADEMA CONSTRUCTORA S.A.C.,-,2022,ANCASH,26/05/2015,01/06/2015,2015.0,7.0,0,2021,1,1,1,100000.0,1,1.0,1.0,SOCIEDAD ANONIMA CERRADA,ACTIVO,HABIDO,,ANCASH/HUARAZ/INDEPENDENCIA,Principal - 4923 - TRANSPORTE DE CARGA POR CARRETERA,3.0,"Principal - 4923 - TRANSPORTE DE CARGA POR CARRETERA | Secundaria 1 - 4100 - CONSTRUCCIÓN DE EDIFICIOS | Secundaria 2 - 4663 - VENTA AL POR MAYOR DE MATERIALES DE CONSTRUCCIÓN, ARTÍCULOS DE FERRETERÍA Y EQUIPO Y MATERIALES DE FONTANERÍA Y CALEFACCIÓN",0,0,0,0,23/09/2026 23:08,1,1,1,84.1,Muy alto
20600454693,MATERIALES PARA LA INDUSTRIA DE LA CONSTRUCCION CHAVIN S.A.C. - MIC CHAVIN S.A.C.,-,2022,ANCASH,15/06/2015,15/06/2015,2015.0,7.0,0,2022,0,1,1,500000.0,1,1.0,1.0,SOCIEDAD ANONIMA CERRADA,ACTIVO,HABIDO,,ANCASH/HUARAZ/INDEPENDENCIA,Principal - 7110 - ACTIVIDADES DE ARQUITECTURA E INGENIERÍA Y ACTIVIDADES CONEXAS DE CONSULTORÍA TÉCNICA,3.0,"Principal - 7110 - ACTIVIDADES DE ARQUITECTURA E INGENIERÍA Y ACTIVIDADES CONEXAS DE CONSULTORÍA TÉCNICA | Secundaria 1 - 7730 - ALQUILER Y ARRENDAMIENTO DE OTROS TIPOS DE MAQUINARIA, EQUIPO Y BIENES TANGIBLES | Secundaria 2 - 4100 - CONSTRUCCIÓN DE EDIFICIOS",0,0,0,0,23/09/2026 23:09,1,1,1,84.1,Muy alto
20600459211,ER&F CONSTRUCTORES GENERALES DEL PERU S.A.C.,-,2022,ANCASH,16/06/2015,01/07/2015,2015.0,7.0,0,2022,0,1,1,100000.0,1,1.0,1.0,SOCIEDAD ANONIMA CERRADA,ACTIVO,HABIDO,,AYACUCHO/HUAMANGA/SAN JUAN BAUTISTA,Principal - 7110 - ACTIVIDADES DE ARQUITECTURA E INGENIERÍA Y ACTIVIDADES CONEXAS DE CONSULTORÍA TÉCNICA,3.0,"Principal - 7110 - ACTIVIDADES DE ARQUITECTURA E INGENIERÍA Y ACTIVIDADES CONEXAS DE CONSULTORÍA TÉCNICA | Secundaria 1 - 4100 - CONSTRUCCIÓN DE EDIFICIOS | Secundaria 2 - 7730 - ALQUILER Y ARRENDAMIENTO DE OTROS TIPOS DE MAQUINARIA, EQUIPO Y BIENES TANGIBLES",1,0,0,0,23/09/2026 23:09,1,1,1,84.1,Muy alto
20600683650,CORPORACION DIAMANTE JUBERS S.A.C.,-,2022,ANCASH,21/09/2015,21/09/2015,2015.0,7.0,0,2019,3,1,2,2157432332.42,1,0.0,0.0,SOCIEDAD ANONIMA CERRADA,ACTIVO,HABIDO,,LIMA/LIMA/LINCE,Principal - 4100 - CONSTRUCCIÓN DE EDIFICIOS,3.0,"Principal - 4100 - CONSTRUCCIÓN DE EDIFICIOS | Secundaria 1 - 4663 - VENTA AL POR MAYOR DE MATERIALES DE CONSTRUCCIÓN, ARTÍCULOS DE FERRETERÍA Y EQUIPO Y MATERIALES DE FONTANERÍA Y CALEFACCIÓN | Secundaria 2 - 7730 - ALQUILER Y ARRENDAMIENTO DE OTROS TIPOS DE MAQUINARIA, EQUIPO Y BIENES TANGIBLES",3,0,0,0,23/09/2026 23:10,1,1,1,84.1,Muy alto
20600770226,CONSTRUCTORA BAYLON E.I.R.L.,-,2022,ANCASH,29/10/2015,01/11/2015,2015.0,7.0,0,2017,5,1,1,100000.0,1,1.0,1.0,EMPRESA INDIVIDUAL DE RESP. LTDA,BAJA DE OFICIO,HABIDO,30/06/2026,ANCASH/HUARI/HUACCHIS,"Principal - 7730 - ALQUILER Y ARRENDAMIENTO DE OTROS TIPOS DE MAQUINARIA, EQUIPO Y BIENES TANGIBLES",3.0,"Principal - 7730 - ALQUILER Y ARRENDAMIENTO DE OTROS TIPOS DE MAQUINARIA, EQUIPO Y BIENES TANGIBLES | Secundaria 1 - 4100 - CONSTRUCCIÓN DE EDIFICIOS | Secundaria 2 - 4663 - VENTA AL POR MAYOR DE MATERIALES DE CONSTRUCCIÓN, ARTÍCULOS DE FERRETERÍA Y EQUIPO Y MATERIALES DE FONTANERÍA Y CALEFACCIÓN",0,0,0,0,23/09/2026 23:10,1,1,1,84.1,Muy alto
20600805348,SERVICIOS GENERALES YEFAREL E.I.R.L.,-,2022,ANCASH,12/11/2015,01/01/2016,2016.0,6.0,0,2022,0,1,1,552793.32,1,1.0,1.0,EMPRESA INDIVIDUAL DE RESP. LTDA,ACTIVO,HABIDO,,LIMA/LIMA/INDEPENDENCIA,Principal - 4100 - CONSTRUCCIÓN DE EDIFICIOS,1.0,Principal - 4100 - CONSTRUCCIÓN DE EDIFICIOS,0,0,0,0,23/09/2026 23:11,1,1,1,84.1,Muy alto
20601050987,DEC CONTRATISTAS GENERALES S.R.L.,-,2022,ANCASH,01/03/2016,01/03/2016,2016.0,6.0,0,2022,0,1,1,100000.0,1,1.0,1.0,SOC.COM.RESPONS. LTDA,SUSPENSION TEMPORAL,HABIDO,,ANCASH/CARLOS F. FITZCARRALD/SAN LUIS,Principal - 4100 - CONSTRUCCIÓN DE EDIFICIOS,3.0,"Principal - 4100 - CONSTRUCCIÓN DE EDIFICIOS | Secundaria 1 - 4540 - VENTA, MANTENIMIENTO Y REPARACIÓN DE MOTOCICLETAS Y SUS PARTES, PIEZAS Y ACCESORIOS | Secundaria 2 - 0810 - EXTRACCIÓN DE PIEDRA, ARENA Y ARCILLA",0,0,0,0,23/09/2026 23:11,1,1,1,84.1,Muy alto
20601485088,CIUDANDES S.A.C.,-,2022,ANCASH,07/09/2016,07/09/2016,2016.0,6.0,0,2018,4,3,1,402449065.5,3,0.0,0.0,SOCIEDAD ANONIMA CERRADA,ACTIVO,HABIDO,,LIMA/LIMA/MIRAFLORES,Principal - 4100 - CONSTRUCCIÓN DE EDIFICIOS,3.0,Principal - 4100 - CONSTRUCCIÓN DE EDIFICIOS | Secundaria 1 - 4220 - CONSTRUCCIÓN DE PROYECTOS DE SERVICIO PÚBLICO | Secundaria 2 - 4290 - CONSTRUCCIÓN DE OTRAS OBRAS DE INGENIERÍA CIVIL,1,0,0,0,23/09/2026 23:13,1,1,1,84.1,Muy alto
20601568561,ECCARE S.A.C.,-,2022,ANCASH,11/10/2016,11/10/2016,2016.0,6.0,0,2018,4,2,1,10484446.96,2,0.0,0.0,SOCIEDAD ANONIMA CERRADA,ACTIVO,HABIDO,,ANCASH/HUARAZ/INDEPENDENCIA,Principal - 4100 - CONSTRUCCIÓN DE EDIFICIOS,3.0,Principal - 4100 - CONSTRUCCIÓN DE EDIFICIOS | Secundaria 1 - 7710 - ALQUILER Y ARRENDAMIENTO DE VEHÍCULOS AUTOMOTORES | Secundaria 2 - 4649 - VENTA AL POR MAYOR DE OTROS ENSERES DOMÉSTICOS,0,0,0,0,23/09/2026 23:14,1,1,1,84.1,Muy alto
20601649161,CORPORACIÓN SEGENOR S.R.L.,-,2022,ANCASH,15/10/2025,15/10/2025,2025.0,,1,2017,5,1,2,100000.0,1,1.0,1.0,SOC.COM.RESPONS. LTDA,ACTIVO,HABIDO,,LIMA/LIMA/CARABAYLLO,Principal - 4100 - CONSTRUCCIÓN DE EDIFICIOS,1.0,Principal - 4100 - CONSTRUCCIÓN DE EDIFICIOS,2,0,0,0,23/09/2026 23:14,1,1,1,84.1,Muy alto
20601994322,J.N.A. INGENIERIA & CONFORT S.A.C.,-,2022,ANCASH,27/03/2017,01/04/2017,2017.0,5.0,0,2022,0,1,1,100000.0,1,1.0,1.0,SOCIEDAD ANONIMA CERRADA,ACTIVO,NO HABIDO,,LIMA/LIMA/SAN ISIDRO,"Principal - 4663 - VENTA AL POR MAYOR DE MATERIALES DE CONSTRUCCIÓN, ARTÍCULOS DE FERRETERÍA Y EQUIPO Y MATERIALES DE FONTANERÍA Y CALEFACCIÓN",3.0,"Principal - 4663 - VENTA AL POR MAYOR DE MATERIALES DE CONSTRUCCIÓN, ARTÍCULOS DE FERRETERÍA Y EQUIPO Y MATERIALES DE FONTANERÍA Y CALEFACCIÓN | Secundaria 1 - 4100 - CONSTRUCCIÓN DE EDIFICIOS | Secundaria 2 - 4210 - CONSTRUCCIÓN DE CARRETERAS Y VÍAS DE FERROCARRIL",0,0,0,0,23/09/2026 23:15,1,1,1,84.1,Muy alto
20602002285,CONSTRUCTORA Y MULTISERVICIOS ROMANDAYU E.I.R.L.,-,2022,ANCASH,29/03/2017,29/03/2017,2017.0,5.0,0,2022,0,1,1,6187755.23,1,0.0,0.0,EMPRESA INDIVIDUAL DE RESP. LTDA,ACTIVO,HABIDO,,ANCASH/MARISCAL LUZURIAGA/PISCOBAMBA,Principal - 4100 - CONSTRUCCIÓN DE EDIFICIOS,3.0,"Principal - 4100 - CONSTRUCCIÓN DE EDIFICIOS | Secundaria 1 - 7710 - ALQUILER Y ARRENDAMIENTO DE VEHÍCULOS AUTOMOTORES | Secundaria 2 - 7730 - ALQUILER Y ARRENDAMIENTO DE OTROS TIPOS DE MAQUINARIA, EQUIPO Y BIENES TANGIBLES",0,0,0,0,23/09/2026 23:15,1,1,1,84.1,Muy alto
20602406939,ROCONGE E.I.R.L.,-,2022,ANCASH,28/08/2017,28/08/2017,2017.0,5.0,0,2022,0,1,1,100000.0,1,1.0,1.0,EMPRESA INDIVIDUAL DE RESP. LTDA,ACTIVO,HABIDO,,ANCASH/HUARAZ/INDEPENDENCIA,Principal - 4100 - CONSTRUCCIÓN DE EDIFICIOS,3.0,Principal - 4100 - CONSTRUCCIÓN DE EDIFICIOS | Secundaria 1 - 4220 - CONSTRUCCIÓN DE PROYECTOS DE SERVICIO PÚBLICO | Secundaria 2 - 7110 - ACTIVIDADES DE ARQUITECTURA E INGENIERÍA Y ACTIVIDADES CONEXAS DE CONSULTORÍA TÉCNICA,0,0,0,0,23/09/2026 23:16,1,1,1,84.1,Muy alto
20602691528,SERVICIOS GENERALES APO & C S.R.L.,APO & C S.R.L.,2022,ANCASH,06/12/2017,01/01/2018,2018.0,4.0,0,2022,0,1,1,100000.0,1,1.0,1.0,SOC.COM.RESPONS. LTDA,ACTIVO,HABIDO,,ANCASH/HUARI/SAN MARCOS,Principal - 4100 - CONSTRUCCIÓN DE EDIFICIOS,3.0,"Principal - 4100 - CONSTRUCCIÓN DE EDIFICIOS | Secundaria 1 - 4290 - CONSTRUCCIÓN DE OTRAS OBRAS DE INGENIERÍA CIVIL | Secundaria 2 - 4663 - VENTA AL POR MAYOR DE MATERIALES DE CONSTRUCCIÓN, ARTÍCULOS DE FERRETERÍA Y EQUIPO Y MATERIALES DE FONTANERÍA Y CALEFACCIÓN",0,0,0,0,23/09/2026 23:17,1,1,1,84.1,Muy alto
20602797016,D ROCA INGENIERIA Y CONSTRUCCION SAC,-,2022,ANCASH,15/01/2018,10/01/2018,2018.0,4.0,0,2022,0,1,1,400000.0,1,0.0,0.0,SOCIEDAD ANONIMA CERRADA,ACTIVO,HABIDO,,LORETO/MAYNAS/IQUITOS,Principal - 4100 - CONSTRUCCIÓN DE EDIFICIOS,3.0,Principal - 4100 - CONSTRUCCIÓN DE EDIFICIOS | Secundaria 1 - 4330 - TERMINACIÓN Y ACABADO DE EDIFICIOS | Secundaria 2 - 7020 - ACTIVIDADES DE CONSULTORÍA DE GESTIÓN,0,0,0,0,23/09/2026 23:17,1,1,1,84.1,Muy alto
20603096763,CORPORACION IMPULSORES G & A E.I.R.L.,-,2022,ANCASH,14/04/2018,14/04/2018,2018.0,4.0,0,2022,0,1,1,100000.0,1,1.0,1.0,EMPRESA INDIVIDUAL DE RESP. LTDA,ACTIVO,NO HABIDO,,ANCASH/HUARAZ/INDEPENDENCIA,Principal - 7110 - ACTIVIDADES DE ARQUITECTURA E INGENIERÍA Y ACTIVIDADES CONEXAS DE CONSULTORÍA TÉCNICA,3.0,"Principal - 7110 - ACTIVIDADES DE ARQUITECTURA E INGENIERÍA Y ACTIVIDADES CONEXAS DE CONSULTORÍA TÉCNICA | Secundaria 1 - 4290 - CONSTRUCCIÓN DE OTRAS OBRAS DE INGENIERÍA CIVIL | Secundaria 2 - 4663 - VENTA AL POR MAYOR DE MATERIALES DE CONSTRUCCIÓN, ARTÍCULOS DE FERRETERÍA Y EQUIPO Y MATERIALES DE FONTANERÍA Y CALEFACCIÓN",0,0,0,0,23/09/2026 23:18,1,1,1,84.1,Muy alto
20603321309,MABER CONSTRUCCIONES SOCIEDAD ANONIMA CERRADA,-,2022,ANCASH,22/06/2018,01/07/2018,2018.0,4.0,0,2018,4,1,1,22828820.72,1,0.0,0.0,SOCIEDAD ANONIMA CERRADA,ACTIVO,HABIDO,,LIMA/LIMA/SAN JUAN DE LURIGANCHO,Principal - 4100 - CONSTRUCCIÓN DE EDIFICIOS,1.0,Principal - 4100 - CONSTRUCCIÓN DE EDIFICIOS,0,0,0,0,23/09/2026 23:19,1,1,1,84.1,Muy alto
20603354185,JV GRUPO INVERSIONES SOCIEDAD ANONIMA CERRADA - JV GRUPO INVERSIONES S.A.C.,-,2022,ANCASH,14/09/2020,01/09/2020,2020.0,2.0,0,2022,0,2,1,142648723.18,2,0.0,0.0,SOCIEDAD ANONIMA CERRADA,ACTIVO,HABIDO,,ANCASH/HUARAZ/INDEPENDENCIA,Principal - 4290 - CONSTRUCCIÓN DE OTRAS OBRAS DE INGENIERÍA CIVIL,3.0,"Principal - 4290 - CONSTRUCCIÓN DE OTRAS OBRAS DE INGENIERÍA CIVIL | Secundaria 1 - 7110 - ACTIVIDADES DE ARQUITECTURA E INGENIERÍA Y ACTIVIDADES CONEXAS DE CONSULTORÍA TÉCNICA | Secundaria 2 - 7730 - ALQUILER Y ARRENDAMIENTO DE OTROS TIPOS DE MAQUINARIA, EQUIPO Y BIENES TANGIBLES",0,0,0,0,23/09/2026 23:19,1,1,1,84.1,Muy alto
20603373945,INVERSIONES ABIGAIL MORALES E.I.R.L.,-,2022,ANCASH,10/07/2018,10/07/2018,2018.0,4.0,0,2019,3,1,1,100000.0,1,1.0,1.0,EMPRESA INDIVIDUAL DE RESP. LTDA,ACTIVO,NO HABIDO,,ANCASH/HUARAZ/HUARAZ,Principal - 4210 - CONSTRUCCIÓN DE CARRETERAS Y VÍAS DE FERROCARRIL,2.0,Principal - 4210 - CONSTRUCCIÓN DE CARRETERAS Y VÍAS DE FERROCARRIL | Secundaria 1 - 4100 - CONSTRUCCIÓN DE EDIFICIOS,1,0,0,0,23/09/2026 23:19,1,1,1,84.1,Muy alto
20603432224,MINERIA Y CONSTRUCCION HG E.I.R.L.,-,2022,ANCASH,30/07/2018,30/07/2018,2018.0,4.0,0,2022,0,1,1,100000.0,1,1.0,1.0,EMPRESA INDIVIDUAL DE RESP. LTDA,ACTIVO,HABIDO,,ANCASH/HUARAZ/INDEPENDENCIA,Principal - 4210 - CONSTRUCCIÓN DE CARRETERAS Y VÍAS DE FERROCARRIL,3.0,"Principal - 4210 - CONSTRUCCIÓN DE CARRETERAS Y VÍAS DE FERROCARRIL | Secundaria 1 - 4100 - CONSTRUCCIÓN DE EDIFICIOS | Secundaria 2 - 4663 - VENTA AL POR MAYOR DE MATERIALES DE CONSTRUCCIÓN, ARTÍCULOS DE FERRETERÍA Y EQUIPO Y MATERIALES DE FONTANERÍA Y CALEFACCIÓN",0,0,0,0,23/09/2026 23:19,1,1,1,84.1,Muy alto
20604129240,ATLANTA FALCONS S.R.L.,-,2022,ANCASH,30/01/2019,01/03/2019,2019.0,3.0,0,2022,0,1,1,100000.0,1,1.0,1.0,SOC.COM.RESPONS. LTDA,ACTIVO,HABIDO,,ANCASH/HUARAZ/HUARAZ,"Principal - 4663 - VENTA AL POR MAYOR DE MATERIALES DE CONSTRUCCIÓN, ARTÍCULOS DE FERRETERÍA Y EQUIPO Y MATERIALES DE FONTANERÍA Y CALEFACCIÓN",3.0,"Principal - 4663 - VENTA AL POR MAYOR DE MATERIALES DE CONSTRUCCIÓN, ARTÍCULOS DE FERRETERÍA Y EQUIPO Y MATERIALES DE FONTANERÍA Y CALEFACCIÓN | Secundaria 1 - 4290 - CONSTRUCCIÓN DE OTRAS OBRAS DE INGENIERÍA CIVIL | Secundaria 2 - 5224 - MANIPULACIÓN DE LA CARGA",0,0,0,0,23/09/2026 23:20,1,1,1,84.1,Muy alto
20604155828,CORPORACION BALCON DEL PACIFICO S.A.C.,-,2022,ANCASH,04/02/2019,04/02/2019,2019.0,3.0,0,2022,0,1,1,100000.0,1,1.0,1.0,SOCIEDAD ANONIMA CERRADA,BAJA DE OFICIO,NO HABIDO,30/06/2026,ANCASH/HUARAZ/INDEPENDENCIA,Principal - 4210 - CONSTRUCCIÓN DE CARRETERAS Y VÍAS DE FERROCARRIL,3.0,Principal - 4210 - CONSTRUCCIÓN DE CARRETERAS Y VÍAS DE FERROCARRIL | Secundaria 1 - 7110 - ACTIVIDADES DE ARQUITECTURA E INGENIERÍA Y ACTIVIDADES CONEXAS DE CONSULTORÍA TÉCNICA | Secundaria 2 - 4662 - VENTA AL POR MAYOR DE METALES Y MINERALES METALÍFEROS,0,0,0,0,23/09/2026 23:20,1,1,1,84.1,Muy alto
20604803595,CORPORACION VALNOR S.A.C.,-,2022,ANCASH,03/06/2019,03/06/2019,2019.0,3.0,0,2022,0,1,1,100000.0,1,1.0,1.0,SOCIEDAD ANONIMA CERRADA,ACTIVO,HABIDO,,ANCASH/SANTA/CHIMBOTE,Principal - 4390 - OTRAS ACTIVIDADES ESPECIALIZADAS DE CONSTRUCCIÓN,3.0,"Principal - 4390 - OTRAS ACTIVIDADES ESPECIALIZADAS DE CONSTRUCCIÓN | Secundaria 1 - 7730 - ALQUILER Y ARRENDAMIENTO DE OTROS TIPOS DE MAQUINARIA, EQUIPO Y BIENES TANGIBLES | Secundaria 2 - 4663 - VENTA AL POR MAYOR DE MATERIALES DE CONSTRUCCIÓN, ARTÍCULOS DE FERRETERÍA Y EQUIPO Y MATERIALES DE FONTANERÍA Y CALEFACCIÓN",0,0,0,0,23/09/2026 23:22,1,1,1,84.1,Muy alto
20605106910,CONSTRUCTORA E INVERSIONES JASA S.R.L.,-,2022,ANCASH,09/08/2019,09/08/2019,2019.0,3.0,0,2022,0,1,1,100000.0,1,1.0,1.0,SOC.COM.RESPONS. LTDA,BAJA DE OFICIO,HABIDO,30/09/2025,ANCASH/HUARAZ/HUARAZ,Principal - 4100 - CONSTRUCCIÓN DE EDIFICIOS,3.0,Principal - 4100 - CONSTRUCCIÓN DE EDIFICIOS | Secundaria 1 - 7110 - ACTIVIDADES DE ARQUITECTURA E INGENIERÍA Y ACTIVIDADES CONEXAS DE CONSULTORÍA TÉCNICA | Secundaria 2 - 7710 - ALQUILER Y ARRENDAMIENTO DE VEHÍCULOS AUTOMOTORES,0,0,0,0,23/09/2026 23:22,1,1,1,84.1,Muy alto
20605233083,CONSTRUCTORA MINEROCA E.I.R.L.,-,2022,ANCASH,09/09/2019,09/09/2019,2019.0,3.0,0,2022,0,2,1,100000.0,2,2.0,1.0,EMPRESA INDIVIDUAL DE RESP. LTDA,ACTIVO,HABIDO,,ANCASH/HUARAZ/INDEPENDENCIA,"Principal - 4663 - VENTA AL POR MAYOR DE MATERIALES DE CONSTRUCCIÓN, ARTÍCULOS DE FERRETERÍA Y EQUIPO Y MATERIALES DE FONTANERÍA Y CALEFACCIÓN",3.0,"Principal - 4663 - VENTA AL POR MAYOR DE MATERIALES DE CONSTRUCCIÓN, ARTÍCULOS DE FERRETERÍA Y EQUIPO Y MATERIALES DE FONTANERÍA Y CALEFACCIÓN | Secundaria 1 - 4100 - CONSTRUCCIÓN DE EDIFICIOS | Secundaria 2 - 7110 - ACTIVIDADES DE ARQUITECTURA E INGENIERÍA Y ACTIVIDADES CONEXAS DE CONSULTORÍA TÉCNICA",0,0,0,0,23/09/2026 23:22,1,1,1,84.1,Muy alto
20605308423,IDDEA INGENIERIA S.A.C.,-,2022,ANCASH,25/09/2019,01/10/2019,2019.0,3.0,0,2022,0,2,1,131826778.74,2,0.0,0.0,SOCIEDAD ANONIMA CERRADA,ACTIVO,HABIDO,,LIMA/LIMA/PUENTE PIEDRA,Principal - 4100 - CONSTRUCCIÓN DE EDIFICIOS,3.0,"Principal - 4100 - CONSTRUCCIÓN DE EDIFICIOS | Secundaria 1 - 7730 - ALQUILER Y ARRENDAMIENTO DE OTROS TIPOS DE MAQUINARIA, EQUIPO Y BIENES TANGIBLES | Secundaria 2 - 7110 - ACTIVIDADES DE ARQUITECTURA E INGENIERÍA Y ACTIVIDADES CONEXAS DE CONSULTORÍA TÉCNICA",0,0,0,0,23/09/2026 23:23,1,1,1,84.1,Muy alto
20605432477,INSA AVISPAO E.I.R.L.,INSA AVISPAO E.I.R.L.,2022,ANCASH,24/10/2019,24/10/2019,2019.0,3.0,0,2022,0,1,1,8494400.54,1,0.0,0.0,EMPRESA INDIVIDUAL DE RESP. LTDA,ACTIVO,HABIDO,,ANCASH/HUARAZ/HUARAZ,Principal - 4100 - CONSTRUCCIÓN DE EDIFICIOS,3.0,"Principal - 4100 - CONSTRUCCIÓN DE EDIFICIOS | Secundaria 1 - 4663 - VENTA AL POR MAYOR DE MATERIALES DE CONSTRUCCIÓN, ARTÍCULOS DE FERRETERÍA Y EQUIPO Y MATERIALES DE FONTANERÍA Y CALEFACCIÓN | Secundaria 2 - 7110 - ACTIVIDADES DE ARQUITECTURA E INGENIERÍA Y ACTIVIDADES CONEXAS DE CONSULTORÍA TÉCNICA",0,0,0,0,23/09/2026 23:23,1,1,1,84.1,Muy alto
20607764621,MIRANDA BUSSINES E.I.R.L.,MIRANDA BUSSINES E.I.R.L,2022,ANCASH,06/04/2021,22/04/2021,2021.0,1.0,0,2022,0,1,1,100000.0,1,1.0,1.0,EMPRESA INDIVIDUAL DE RESP. LTDA,ACTIVO,HABIDO,,ANCASH/POMABAMBA/POMABAMBA,Principal - 4290 - CONSTRUCCIÓN DE OTRAS OBRAS DE INGENIERÍA CIVIL,3.0,Principal - 4290 - CONSTRUCCIÓN DE OTRAS OBRAS DE INGENIERÍA CIVIL | Secundaria 1 - 5221 - ACTIVIDADES DE SERVICIOS VINCULADAS AL TRANSPORTE TERRESTRE | Secundaria 2 - 4210 - CONSTRUCCIÓN DE CARRETERAS Y VÍAS DE FERROCARRIL,0,0,0,0,23/09/2026 23:26,1,1,1,84.1,Muy alto
20607925136,VR CORPORATE GROUP S.A.C.,VRCG SAC,2022,ANCASH,07/05/2021,12/05/2021,2021.0,1.0,0,2022,0,1,1,248478.24,1,1.0,1.0,SOCIEDAD ANONIMA CERRADA,ACTIVO,HABIDO,,ANCASH/HUARAZ/HUARAZ,Principal - 4100 - CONSTRUCCIÓN DE EDIFICIOS,3.0,"Principal - 4100 - CONSTRUCCIÓN DE EDIFICIOS | Secundaria 1 - 7110 - ACTIVIDADES DE ARQUITECTURA E INGENIERÍA Y ACTIVIDADES CONEXAS DE CONSULTORÍA TÉCNICA | Secundaria 2 - 4630 - VENTA AL POR MAYOR DE ALIMENTOS, BEBIDAS Y TABACO",0,0,0,0,23/09/2026 23:26,1,1,1,84.1,Muy alto
20607977454,CORPORACION ATVA S.R.L.,CORPORACION ATVA,2022,ANCASH,18/05/2021,04/08/2021,2021.0,1.0,0,2022,0,1,1,100000.0,1,1.0,1.0,SOC.COM.RESPONS. LTDA,ACTIVO,HABIDO,,ANCASH/HUARAZ/INDEPENDENCIA,Principal - 7110 - ACTIVIDADES DE ARQUITECTURA E INGENIERÍA Y ACTIVIDADES CONEXAS DE CONSULTORÍA TÉCNICA,3.0,"Principal - 7110 - ACTIVIDADES DE ARQUITECTURA E INGENIERÍA Y ACTIVIDADES CONEXAS DE CONSULTORÍA TÉCNICA | Secundaria 1 - 7710 - ALQUILER Y ARRENDAMIENTO DE VEHÍCULOS AUTOMOTORES | Secundaria 2 - 4752 - VENTA AL POR MENOR DE ARTÍCULOS DE FERRETERÍA, PINTURAS Y PRODUCTOS DE VIDRIO EN COMERCIOS ESPECIALIZADOS",0,0,0,0,23/09/2026 23:26,1,1,1,84.1,Muy alto
20608495267,EMPRESA CONSTRUCTORA CHAUCAYAN S.A.C.,EMPRESA CONSTRUCTORA CHAUCAYAN,2022,ANCASH,17/09/2021,29/09/2021,2021.0,1.0,0,2021,1,1,1,100000.0,1,1.0,1.0,SOCIEDAD ANONIMA CERRADA,ACTIVO,HABIDO,,ANCASH/CARHUAZ/CARHUAZ,Principal - 4290 - CONSTRUCCIÓN DE OTRAS OBRAS DE INGENIERÍA CIVIL,3.0,"Principal - 4290 - CONSTRUCCIÓN DE OTRAS OBRAS DE INGENIERÍA CIVIL | Secundaria 1 - 4663 - VENTA AL POR MAYOR DE MATERIALES DE CONSTRUCCIÓN, ARTÍCULOS DE FERRETERÍA Y EQUIPO Y MATERIALES DE FONTANERÍA Y CALEFACCIÓN | Secundaria 2 - 4741 - VENTA AL POR MENOR DE ORDENADORES, EQUIPO PERIFÉRICO, PROGRAMA DE INFORM. Y EQU. DE TELEC. EN COMERCIOS ESPECIALIZADOS",0,0,0,0,23/09/2026 23:27,1,1,1,84.1,Muy alto
20608582801,CONSTRUCCIONES & INVERSIONES SOTO S.A.C.,GRUPO SOTO SAC,2022,ANCASH,07/10/2021,14/10/2021,2021.0,1.0,0,2022,0,1,1,100000.0,1,1.0,1.0,SOCIEDAD ANONIMA CERRADA,ACTIVO,HABIDO,,ANCASH/HUARAZ/INDEPENDENCIA,Principal - 7110 - ACTIVIDADES DE ARQUITECTURA E INGENIERÍA Y ACTIVIDADES CONEXAS DE CONSULTORÍA TÉCNICA,3.0,"Principal - 7110 - ACTIVIDADES DE ARQUITECTURA E INGENIERÍA Y ACTIVIDADES CONEXAS DE CONSULTORÍA TÉCNICA | Secundaria 1 - 4923 - TRANSPORTE DE CARGA POR CARRETERA | Secundaria 2 - 4663 - VENTA AL POR MAYOR DE MATERIALES DE CONSTRUCCIÓN, ARTÍCULOS DE FERRETERÍA Y EQUIPO Y MATERIALES DE FONTANERÍA Y CALEFACCIÓN",0,0,0,0,23/09/2026 23:27,1,1,1,84.1,Muy alto
20609991969,FAMILY MIRANDA S.A.C.,-,2022,ANCASH,15/09/2022,15/09/2022,2022.0,0.0,0,2022,0,1,1,100000.0,1,1.0,1.0,SOCIEDAD ANONIMA CERRADA,ACTIVO,HABIDO,,ANCASH/POMABAMBA/POMABAMBA,Principal - 4100 - CONSTRUCCIÓN DE EDIFICIOS,2.0,"Principal - 4100 - CONSTRUCCIÓN DE EDIFICIOS | Secundaria 1 - 7730 - ALQUILER Y ARRENDAMIENTO DE OTROS TIPOS DE MAQUINARIA, EQUIPO Y BIENES TANGIBLES",0,0,0,0,23/09/2026 23:28,1,1,1,84.1,Muy alto
20527814261,ORION CONTRATISTAS Y CONSULTORES SOCIEDAD ANÓNIMA CERRADA- ORION SAC,-,2022,APURIMAC,16/01/2012,16/01/2012,2012.0,10.0,0,2018,4,1,1,38821141.9,1,0.0,0.0,SOCIEDAD ANONIMA CERRADA,ACTIVO,HABIDO,,APURIMAC/ABANCAY/ABANCAY,Principal - 7110 - ACTIVIDADES DE ARQUITECTURA E INGENIERÍA Y ACTIVIDADES CONEXAS DE CONSULTORÍA TÉCNICA,3.0,"Principal - 7110 - ACTIVIDADES DE ARQUITECTURA E INGENIERÍA Y ACTIVIDADES CONEXAS DE CONSULTORÍA TÉCNICA | Secundaria 1 - 7730 - ALQUILER Y ARRENDAMIENTO DE OTROS TIPOS DE MAQUINARIA, EQUIPO Y BIENES TANGIBLES | Secundaria 2 - 4923 - TRANSPORTE DE CARGA POR CARRETERA",0,0,0,0,23/09/2026 22:42,1,1,1,74.4,Alto
20564340384,DIAMANTE ASESORES Y CONSTRUCTORES SOCIEDAD COMERCIAL DE RESPONSABILIDAD LIMITADA - DIAMANTE S.R.L.,-,2022,APURIMAC,16/05/2014,16/05/2014,2014.0,8.0,0,2022,0,1,1,100000.0,1,1.0,1.0,SOC.COM.RESPONS. LTDA,ACTIVO,HABIDO,,APURIMAC/ABANCAY/ABANCAY,Principal - 7110 - ACTIVIDADES DE ARQUITECTURA E INGENIERÍA Y ACTIVIDADES CONEXAS DE CONSULTORÍA TÉCNICA,3.0,"Principal - 7110 - ACTIVIDADES DE ARQUITECTURA E INGENIERÍA Y ACTIVIDADES CONEXAS DE CONSULTORÍA TÉCNICA | Secundaria 1 - 4923 - TRANSPORTE DE CARGA POR CARRETERA | Secundaria 2 - 7730 - ALQUILER Y ARRENDAMIENTO DE OTROS TIPOS DE MAQUINARIA, EQUIPO Y BIENES TANGIBLES",0,0,0,0,23/09/2026 22:59,1,1,1,74.4,Alto
20101884407,CONVIALES PERU S.A.C.,CONVIALES PERU S.A.C.,2022,AREQUIPA,09/03/1993,01/09/1979,1979.0,43.0,0,2007,15,1,2,665610088.4,1,0.0,0.0,SOCIEDAD ANONIMA CERRADA,ACTIVO,HABIDO,,LIMA/LIMA/LURIN,Principal - 4390 - OTRAS ACTIVIDADES ESPECIALIZADAS DE CONSTRUCCIÓN,2.0,"Principal - 4390 - OTRAS ACTIVIDADES ESPECIALIZADAS DE CONSTRUCCIÓN | Secundaria 1 - 7730 - ALQUILER Y ARRENDAMIENTO DE OTROS TIPOS DE MAQUINARIA, EQUIPO Y BIENES TANGIBLES",0,0,0,0,23/09/2026 22:07,1,1,1,70.1,Alto
20447714036,EJECUTORES Y CONSULTORES DE OBRAS EN INGENIERIA CONTRATISTAS GENERALES SOCIEDAD COMERCIAL DE RESPONS,ECOING S.R.L.,2022,AREQUIPA,22/12/2006,23/12/2006,2006.0,16.0,0,2022,0,1,1,100000.0,1,1.0,1.0,SOC.COM.RESPONS. LTDA,ACTIVO,HABIDO,,PUNO/SAN ROMAN/JULIACA,Principal - 7110 - ACTIVIDADES DE ARQUITECTURA E INGENIERÍA Y ACTIVIDADES CONEXAS DE CONSULTORÍA TÉCNICA,3.0,Principal - 7110 - ACTIVIDADES DE ARQUITECTURA E INGENIERÍA Y ACTIVIDADES CONEXAS DE CONSULTORÍA TÉCNICA | Secundaria 1 - 4100 - CONSTRUCCIÓN DE EDIFICIOS | Secundaria 2 - 3312 - REPARACIÓN DE MAQUINARIA,0,0,0,0,23/09/2026 22:18,1,1,1,70.1,Alto
20447909716,PAULISTAS OBRAS Y SERVICIOS E.I.R.L.,-,2022,AREQUIPA,16/07/2020,16/07/2020,2020.0,2.0,0,2022,0,1,1,100000.0,1,1.0,1.0,EMPRESA INDIVIDUAL DE RESP. LTDA,ACTIVO,HABIDO,,PUNO/AZANGARO/AZANGARO,Principal - 2511 - FABRICACION DE PRODUCTOS METALICOS PARA USO ESTRUCTURAL,3.0,Principal - 2511 - FABRICACION DE PRODUCTOS METALICOS PARA USO ESTRUCTURAL | Secundaria 1 - 4321 - INSTALACIONES ELÉCTRICAS | Secundaria 2 - 9311 - GESTIÓN DE INSTALACIONES DEPORTIVAS,0,0,0,0,23/09/2026 22:18,1,1,1,70.1,Alto
20454785992,G & H INGENIEROS CONTRATISTAS GENERALES EMPRESA INDIVIDUAL DE RESPONSABILIDAD LIMITADA,G & H INGENIEROS E.I.R.L.,2022,AREQUIPA,25/03/2008,25/03/2008,2008.0,14.0,0,2020,2,1,1,51849366.8,1,0.0,0.0,EMPRESA INDIVIDUAL DE RESP. LTDA,ACTIVO,HABIDO,,AREQUIPA/AREQUIPA/AREQUIPA,Principal - 4390 - OTRAS ACTIVIDADES ESPECIALIZADAS DE CONSTRUCCIÓN,3.0,"Principal - 4390 - OTRAS ACTIVIDADES ESPECIALIZADAS DE CONSTRUCCIÓN | Secundaria 1 - 7110 - ACTIVIDADES DE ARQUITECTURA E INGENIERÍA Y ACTIVIDADES CONEXAS DE CONSULTORÍA TÉCNICA | Secundaria 2 - 7730 - ALQUILER Y ARRENDAMIENTO DE OTROS TIPOS DE MAQUINARIA, EQUIPO Y BIENES TANGIBLES",0,0,0,0,23/09/2026 22:21,1,1,1,70.1,Alto
20456315918,FRAEL CONTRATISTAS Y CONSULTORES S.A.C.,-,2022,AREQUIPA,09/01/2012,09/01/2012,2012.0,10.0,0,2022,0,1,1,55102124.44,1,0.0,0.0,SOCIEDAD ANONIMA CERRADA,ACTIVO,HABIDO,,AREQUIPA/AREQUIPA/PAUCARPATA,Principal - 4100 - CONSTRUCCIÓN DE EDIFICIOS,3.0,Principal - 4100 - CONSTRUCCIÓN DE EDIFICIOS | Secundaria 1 - 4923 - TRANSPORTE DE CARGA POR CARRETERA | Secundaria 2 - 7110 - ACTIVIDADES DE ARQUITECTURA E INGENIERÍA Y ACTIVIDADES CONEXAS DE CONSULTORÍA TÉCNICA,0,0,0,0,23/09/2026 22:21,1,1,1,70.1,Alto
20551773923,BUSINESS LOGISTICS TRUCK S.A.C.,-,2022,AREQUIPA,15/07/2017,15/07/2017,2017.0,5.0,0,2022,0,1,1,1109397268.04,1,0.0,0.0,SOCIEDAD ANONIMA CERRADA,ACTIVO,HABIDO,,LIMA/LIMA/LA MOLINA,Principal - 4100 - CONSTRUCCIÓN DE EDIFICIOS,2.0,Principal - 4100 - CONSTRUCCIÓN DE EDIFICIOS | Secundaria 1 - 4719 - OTRAS ACTIVIDADES DE VENTA AL POR MENOR EN COMERCIOS NO ESPECIALIZADOS,0,0,0,0,23/09/2026 22:57,1,1,1,70.1,Alto
20571505488,GRUPO CONSTRUCTOR HAZ Y HNOS LA S.R.L.,-,2022,AREQUIPA,26/06/2013,01/07/2013,2013.0,9.0,0,2018,4,1,1,74024083.53,1,0.0,0.0,SOC.COM.RESPONS. LTDA,ACTIVO,HABIDO,,LIMA/LIMA/LOS OLIVOS,Principal - 4100 - CONSTRUCCIÓN DE EDIFICIOS,3.0,Principal - 4100 - CONSTRUCCIÓN DE EDIFICIOS | Secundaria 1 - 4210 - CONSTRUCCIÓN DE CARRETERAS Y VÍAS DE FERROCARRIL | Secundaria 2 - 8129 - OTRAS ACTIVIDADES DE LIMPIEZA DE EDIFICIOS Y DE INSTALACIONES INDUSTRIALES,1,1,0,0,23/09/2026 23:02,1,1,1,70.1,Alto
20574662517,INGENIERIA Y CONSTRUCCION GERAL S.A.C.,-,2022,AREQUIPA,11/11/2013,11/11/2013,2013.0,9.0,0,2020,2,1,1,100000.0,1,1.0,1.0,SOCIEDAD ANONIMA CERRADA,ACTIVO,HABIDO,,LIMA/LIMA/SAN ISIDRO,Principal - 4923 - TRANSPORTE DE CARGA POR CARRETERA,3.0,"Principal - 4923 - TRANSPORTE DE CARGA POR CARRETERA | Secundaria 1 - 4290 - CONSTRUCCIÓN DE OTRAS OBRAS DE INGENIERÍA CIVIL | Secundaria 2 - 4663 - VENTA AL POR MAYOR DE MATERIALES DE CONSTRUCCIÓN, ARTÍCULOS DE FERRETERÍA Y EQUIPO Y MATERIALES DE FONTANERÍA Y CALEFACCIÓN",3,1,0,0,23/09/2026 23:04,1,1,1,70.1,Alto
20604675198,CONSTRUCTORA HUAYNAROQUE J P SOCIEDAD ANÓNIMA CERRADA - CONSTRUCTORA HUAYNAROQUE J P S.A.C.,-,2022,AREQUIPA,08/05/2019,08/05/2019,2019.0,3.0,0,2022,0,2,1,6476771.28,2,2.0,1.0,SOCIEDAD ANONIMA CERRADA,ACTIVO,HABIDO,,PUNO/SAN ROMAN/JULIACA,Principal - 4923 - TRANSPORTE DE CARGA POR CARRETERA,3.0,"Principal - 4923 - TRANSPORTE DE CARGA POR CARRETERA | Secundaria 1 - 7730 - ALQUILER Y ARRENDAMIENTO DE OTROS TIPOS DE MAQUINARIA, EQUIPO Y BIENES TANGIBLES | Secundaria 2 - 4210 - CONSTRUCCIÓN DE CARRETERAS Y VÍAS DE FERROCARRIL",0,0,0,0,23/09/2026 23:22,1,1,1,70.1,Alto
20102008066,ARAMAYO SAC CONTRATISTAS GENERALES,ARAMSA CONTRAT GLES SAC,2022,AYACUCHO,09/03/1993,20/09/1974,1974.0,48.0,0,2022,0,1,1,100000.0,1,1.0,1.0,SOCIEDAD ANONIMA CERRADA,BAJA DE OFICIO,HABIDO,30/06/2026,LIMA/LIMA/LIMA,Principal - 4100 - CONSTRUCCIÓN DE EDIFICIOS,2.0,Principal - 4100 - CONSTRUCCIÓN DE EDIFICIOS | Secundaria 1 - 4220 - CONSTRUCCIÓN DE PROYECTOS DE SERVICIO PÚBLICO,0,0,0,0,23/09/2026 22:08,1,1,1,68.9,Alto
20144691173,CONSTRUCTORA VANESSA ORIETTA SRL,CONSTRUCTORA VANESSA ORIETTA,2022,AYACUCHO,29/06/1993,20/05/1993,1993.0,29.0,0,2006,16,1,3,60000000.0,1,0.0,0.0,SOC.COM.RESPONS. LTDA,ACTIVO,HABIDO,,LIMA/LIMA/SAN ISIDRO,Principal - 4390 - OTRAS ACTIVIDADES ESPECIALIZADAS DE CONSTRUCCIÓN,2.0,"Principal - 4390 - OTRAS ACTIVIDADES ESPECIALIZADAS DE CONSTRUCCIÓN | Secundaria 2 - 4663 - VENTA AL POR MAYOR DE MATERIALES DE CONSTRUCCIÓN, ARTÍCULOS DE FERRETERÍA Y EQUIPO Y MATERIALES DE FONTANERÍA Y CALEFACCIÓN",0,0,0,0,23/09/2026 22:08,1,1,1,68.9,Alto
20489517320,ASPHALT TECHNOLOGIES SOCIEDAD ANONIMA CERRADA,ASPHALTECH SAC,2022,AYACUCHO,07/03/2007,01/04/2007,2007.0,15.0,0,2012,10,1,2,136041246.7,1,0.0,0.0,SOCIEDAD ANONIMA CERRADA,BAJA DE OFICIO,NO HABIDO,31/07/2026,LIMA/LIMA/SAN LUIS,Principal - 4100 - CONSTRUCCIÓN DE EDIFICIOS,3.0,Principal - 4100 - CONSTRUCCIÓN DE EDIFICIOS | Secundaria 1 - 2592 - TRATAMIENTO Y REVESTIMIENTO DE METALES; MAQUINADO | Secundaria 2 - 0990 - ACTIVIDADES DE APOYO PARA OTRAS ACTIVIDADES DE EXPLOTACIÓN DE MINAS Y CANTERAS,0,0,0,0,23/09/2026 22:30,1,1,1,68.9,Alto
20489536979,CONSTRUCTORA Y CONSULTORA 'FISA' SOCIEDAD ANONIMA CERRADA,-,2022,AYACUCHO,08/05/2007,05/07/2007,2007.0,15.0,0,2013,9,1,3,99122010.24,1,0.0,0.0,SOCIEDAD ANONIMA CERRADA,ACTIVO,HABIDO,,HUANUCO/HUANUCO/AMARILIS,Principal - 7110 - ACTIVIDADES DE ARQUITECTURA E INGENIERÍA Y ACTIVIDADES CONEXAS DE CONSULTORÍA TÉCNICA,3.0,Principal - 7110 - ACTIVIDADES DE ARQUITECTURA E INGENIERÍA Y ACTIVIDADES CONEXAS DE CONSULTORÍA TÉCNICA | Secundaria 1 - 4923 - TRANSPORTE DE CARGA POR CARRETERA | Secundaria 2 - 4210 - CONSTRUCCIÓN DE CARRETERAS Y VÍAS DE FERROCARRIL,0,2,0,0,23/09/2026 22:31,1,1,1,68.9,Alto
20494226287,ASESORES CONSULTORES Y CONTRATISTAS ASOCIADOS S.R.L.,ACC & ASOCIADOS S.R.L.,2022,AYACUCHO,19/01/2007,01/02/2007,2007.0,15.0,0,2010,12,1,1,100000.0,1,1.0,1.0,SOC.COM.RESPONS. LTDA,ACTIVO,HABIDO,,AYACUCHO/HUAMANGA/CARMEN ALTO,Principal - 4100 - CONSTRUCCIÓN DE EDIFICIOS,3.0,"Principal - 4100 - CONSTRUCCIÓN DE EDIFICIOS | Secundaria 1 - 4663 - VENTA AL POR MAYOR DE MATERIALES DE CONSTRUCCIÓN, ARTÍCULOS DE FERRETERÍA Y EQUIPO Y MATERIALES DE FONTANERÍA Y CALEFACCIÓN | Secundaria 2 - 7730 - ALQUILER Y ARRENDAMIENTO DE OTROS TIPOS DE MAQUINARIA, EQUIPO Y BIENES TANGIBLES",0,0,0,0,23/09/2026 22:34,1,1,1,68.9,Alto
20494397090,CONSULTORES Y CONTRATISTAS HIDRO VIAL S.R.L.,C Y C HIDRO VIAL SRL,2022,AYACUCHO,05/12/2007,05/12/2007,2007.0,15.0,0,2010,12,1,1,213985145.94,1,0.0,0.0,SOC.COM.RESPONS. LTDA,ACTIVO,HABIDO,,AYACUCHO/HUAMANGA/AYACUCHO,Principal - 4290 - CONSTRUCCIÓN DE OTRAS OBRAS DE INGENIERÍA CIVIL,3.0,"Principal - 4290 - CONSTRUCCIÓN DE OTRAS OBRAS DE INGENIERÍA CIVIL | Secundaria 1 - 4923 - TRANSPORTE DE CARGA POR CARRETERA | Secundaria 2 - 7730 - ALQUILER Y ARRENDAMIENTO DE OTROS TIPOS DE MAQUINARIA, EQUIPO Y BIENES TANGIBLES",0,0,0,0,23/09/2026 22:35,1,1,1,68.9,Alto
20517562158,CONSTRUCTORA & INMOBILIARIA SAGITARIO Y ASOCIADOS S.A.C. - SAGITARIO & ASOCIADOS S.A.C.,-,2022,AYACUCHO,19/11/2007,19/11/2007,2007.0,15.0,0,2022,0,1,2,1417200052.37,1,0.0,0.0,SOCIEDAD ANONIMA CERRADA,ACTIVO,HABIDO,,LIMA/LIMA/LIMA,Principal - 4100 - CONSTRUCCIÓN DE EDIFICIOS,3.0,"Principal - 4100 - CONSTRUCCIÓN DE EDIFICIOS | Secundaria 1 - 4641 - VENTA AL POR MAYOR DE PRODUCTOS TEXTILES, PRENDAS DE VESTIR Y CALZADO | Secundaria 2 - 4210 - CONSTRUCCIÓN DE CARRETERAS Y VÍAS DE FERROCARRIL",4,2,0,0,23/09/2026 22:39,1,1,1,68.9,Alto
20517623394,CORPORACION XIANY SOCIEDAD ANONIMA CERRADA,-,2022,AYACUCHO,26/11/2007,27/11/2007,2007.0,15.0,0,2011,11,1,3,100000.0,1,1.0,1.0,SOCIEDAD ANONIMA CERRADA,ACTIVO,HABIDO,,LIMA/LIMA/INDEPENDENCIA,"Principal - 7730 - ALQUILER Y ARRENDAMIENTO DE OTROS TIPOS DE MAQUINARIA, EQUIPO Y BIENES TANGIBLES",2.0,"Principal - 7730 - ALQUILER Y ARRENDAMIENTO DE OTROS TIPOS DE MAQUINARIA, EQUIPO Y BIENES TANGIBLES | Secundaria 1 - 4321 - INSTALACIONES ELÉCTRICAS",3,0,0,0,23/09/2026 22:39,1,1,1,68.9,Alto
20527026238,CONSORCIO JERGO CONTRATISTAS Y CONSULTORES SAC,CONSORCIO JERGO S.A.C.,2022,AYACUCHO,07/03/2002,07/03/2002,2002.0,20.0,0,2009,13,1,1,181029783.26,1,0.0,0.0,SOCIEDAD ANONIMA CERRADA,ACTIVO,HABIDO,,LIMA/LIMA/SAN ISIDRO,Principal - 4100 - CONSTRUCCIÓN DE EDIFICIOS,3.0,"Principal - 4100 - CONSTRUCCIÓN DE EDIFICIOS | Secundaria 1 - 7730 - ALQUILER Y ARRENDAMIENTO DE OTROS TIPOS DE MAQUINARIA, EQUIPO Y BIENES TANGIBLES | Secundaria 2 - 4923 - TRANSPORTE DE CARGA POR CARRETERA",0,0,0,0,23/09/2026 22:42,1,1,1,68.9,Alto
20528917951,PILLCO201 E.I.R.L.,-,2022,AYACUCHO,02/04/2009,15/07/2009,2009.0,13.0,0,2015,7,1,2,100000.0,1,1.0,1.0,EMPRESA INDIVIDUAL DE RESP. LTDA,ACTIVO,HABIDO,,LIMA/LIMA/BARRANCO,Principal - 4100 - CONSTRUCCIÓN DE EDIFICIOS,3.0,Principal - 4100 - CONSTRUCCIÓN DE EDIFICIOS | Secundaria 1 - 4390 - OTRAS ACTIVIDADES ESPECIALIZADAS DE CONSTRUCCIÓN | Secundaria 2 - 2511 - FABRICACION DE PRODUCTOS METALICOS PARA USO ESTRUCTURAL,0,0,0,0,23/09/2026 22:43,1,1,1,68.9,Alto
20534576146,LUDEÑA CONSULTORES EJECUTORES Y SERVICIOS GENERALES S.A.C.,-,2022,AYACUCHO,04/05/2012,04/05/2012,2012.0,10.0,0,2022,0,1,1,1015976629.3,1,0.0,0.0,SOCIEDAD ANONIMA CERRADA,ACTIVO,HABIDO,,AYACUCHO/HUAMANGA/AYACUCHO,Principal - 4210 - CONSTRUCCIÓN DE CARRETERAS Y VÍAS DE FERROCARRIL,3.0,Principal - 4210 - CONSTRUCCIÓN DE CARRETERAS Y VÍAS DE FERROCARRIL | Secundaria 1 - 4100 - CONSTRUCCIÓN DE EDIFICIOS | Secundaria 2 - 4290 - CONSTRUCCIÓN DE OTRAS OBRAS DE INGENIERÍA CIVIL,0,0,0,0,23/09/2026 22:51,1,1,1,68.9,Alto
20534604701,INVERSIONES FORTEZZA S.A.C.,-,2022,AYACUCHO,30/05/2012,01/06/2012,2012.0,10.0,0,2022,0,1,1,21222252.98,1,0.0,0.0,SOCIEDAD ANONIMA CERRADA,ACTIVO,HABIDO,,LIMA/LIMA/SAN BORJA,Principal - 4290 - CONSTRUCCIÓN DE OTRAS OBRAS DE INGENIERÍA CIVIL,3.0,"Principal - 4290 - CONSTRUCCIÓN DE OTRAS OBRAS DE INGENIERÍA CIVIL | Secundaria 1 - 7730 - ALQUILER Y ARRENDAMIENTO DE OTROS TIPOS DE MAQUINARIA, EQUIPO Y BIENES TANGIBLES | Secundaria 2 - 4663 - VENTA AL POR MAYOR DE MATERIALES DE CONSTRUCCIÓN, ARTÍCULOS DE FERRETERÍA Y EQUIPO Y MATERIALES DE FONTANERÍA Y CALEFACCIÓN",1,0,0,0,23/09/2026 22:51,1,1,1,68.9,Alto
20534714981,CHD INGENIEROS E.I.R.L.,-,2022,AYACUCHO,28/09/2012,01/02/2013,2013.0,9.0,0,2022,0,1,1,17224937.89,1,0.0,0.0,EMPRESA INDIVIDUAL DE RESP. LTDA,ACTIVO,HABIDO,,LIMA/LIMA/LURIGANCHO,Principal - 4290 - CONSTRUCCIÓN DE OTRAS OBRAS DE INGENIERÍA CIVIL,3.0,"Principal - 4290 - CONSTRUCCIÓN DE OTRAS OBRAS DE INGENIERÍA CIVIL | Secundaria 1 - 7730 - ALQUILER Y ARRENDAMIENTO DE OTROS TIPOS DE MAQUINARIA, EQUIPO Y BIENES TANGIBLES | Secundaria 2 - 4210 - CONSTRUCCIÓN DE CARRETERAS Y VÍAS DE FERROCARRIL",0,0,0,0,23/09/2026 22:51,1,1,1,68.9,Alto
20574605980,INGE VRAE SOCIEDAD COMERCIAL DE RESPONSABILIDAD LIMITADA,-,2022,AYACUCHO,22/05/2013,22/05/2013,2013.0,9.0,0,2022,0,1,1,100000.0,1,1.0,1.0,SOC.COM.RESPONS. LTDA,ACTIVO,HABIDO,,AYACUCHO/HUANCA SANCOS/SANCOS,"Principal - 7730 - ALQUILER Y ARRENDAMIENTO DE OTROS TIPOS DE MAQUINARIA, EQUIPO Y BIENES TANGIBLES",3.0,"Principal - 7730 - ALQUILER Y ARRENDAMIENTO DE OTROS TIPOS DE MAQUINARIA, EQUIPO Y BIENES TANGIBLES | Secundaria 1 - 4210 - CONSTRUCCIÓN DE CARRETERAS Y VÍAS DE FERROCARRIL | Secundaria 2 - 4663 - VENTA AL POR MAYOR DE MATERIALES DE CONSTRUCCIÓN, ARTÍCULOS DE FERRETERÍA Y EQUIPO Y MATERIALES DE FONTANERÍA Y CALEFACCIÓN",0,0,0,0,23/09/2026 23:04,1,1,1,68.9,Alto
20574750301,WCHUCHON S.A.C.,-,2022,AYACUCHO,23/06/2014,23/06/2014,2014.0,8.0,0,2022,0,1,2,37672764.7,1,0.0,0.0,SOCIEDAD ANONIMA CERRADA,ACTIVO,HABIDO,,LIMA/LIMA/LA VICTORIA,"Principal - 4663 - VENTA AL POR MAYOR DE MATERIALES DE CONSTRUCCIÓN, ARTÍCULOS DE FERRETERÍA Y EQUIPO Y MATERIALES DE FONTANERÍA Y CALEFACCIÓN",3.0,"Principal - 4663 - VENTA AL POR MAYOR DE MATERIALES DE CONSTRUCCIÓN, ARTÍCULOS DE FERRETERÍA Y EQUIPO Y MATERIALES DE FONTANERÍA Y CALEFACCIÓN | Secundaria 1 - 4923 - TRANSPORTE DE CARGA POR CARRETERA | Secundaria 2 - 7730 - ALQUILER Y ARRENDAMIENTO DE OTROS TIPOS DE MAQUINARIA, EQUIPO Y BIENES TANGIBLES",0,0,0,0,23/09/2026 23:05,1,1,1,68.9,Alto
20600239598,CIELO & ESTRELLA S.A.C.,-,2022,AYACUCHO,21/03/2015,01/04/2015,2015.0,7.0,0,2022,0,1,1,100000.0,1,1.0,1.0,SOCIEDAD ANONIMA CERRADA,ACTIVO,HABIDO,,LIMA/LIMA/LOS OLIVOS,Principal - 4100 - CONSTRUCCIÓN DE EDIFICIOS,3.0,"Principal - 4100 - CONSTRUCCIÓN DE EDIFICIOS | Secundaria 1 - 7110 - ACTIVIDADES DE ARQUITECTURA E INGENIERÍA Y ACTIVIDADES CONEXAS DE CONSULTORÍA TÉCNICA | Secundaria 2 - 7730 - ALQUILER Y ARRENDAMIENTO DE OTROS TIPOS DE MAQUINARIA, EQUIPO Y BIENES TANGIBLES",1,0,0,0,23/09/2026 23:07,1,1,1,68.9,Alto
20601143021,"MEYAN S.A., SUCURSAL DEL PERU",-,2022,AYACUCHO,04/03/2019,04/03/2019,2019.0,3.0,0,2022,0,1,2,797133118.85,1,0.0,0.0,SUCURSALES O AG. DE EMP. EXTRANJ.,ACTIVO,HABIDO,,LIMA/LIMA/MIRAFLORES,Principal - 4210 - CONSTRUCCIÓN DE CARRETERAS Y VÍAS DE FERROCARRIL,3.0,Principal - 4210 - CONSTRUCCIÓN DE CARRETERAS Y VÍAS DE FERROCARRIL | Secundaria 1 - 4100 - CONSTRUCCIÓN DE EDIFICIOS | Secundaria 2 - 4290 - CONSTRUCCIÓN DE OTRAS OBRAS DE INGENIERÍA CIVIL,1,1,0,0,23/09/2026 23:12,1,1,1,68.9,Alto
20355337619,S G A S.R.L.,-,2022,CAJAMARCA,23/06/1997,23/06/1997,1997.0,25.0,0,2013,9,1,2,81748708.08,1,0.0,0.0,SOC.COM.RESPONS. LTDA,ACTIVO,HABIDO,,LIMA/LIMA/INDEPENDENCIA,Principal - 4100 - CONSTRUCCIÓN DE EDIFICIOS,3.0,"Principal - 4100 - CONSTRUCCIÓN DE EDIFICIOS | Secundaria 1 - 7730 - ALQUILER Y ARRENDAMIENTO DE OTROS TIPOS DE MAQUINARIA, EQUIPO Y BIENES TANGIBLES | Secundaria 2 - 4663 - VENTA AL POR MAYOR DE MATERIALES DE CONSTRUCCIÓN, ARTÍCULOS DE FERRETERÍA Y EQUIPO Y MATERIALES DE FONTANERÍA Y CALEFACCIÓN",0,0,0,0,23/09/2026 22:11,1,1,1,63.0,Alto
20439586665,INGECO SOCIEDAD ANONIMA CERRADA,INGECO S.A.C.,2022,CAJAMARCA,14/07/2000,14/07/2000,2000.0,22.0,0,2009,13,1,1,100000.0,1,1.0,1.0,SOCIEDAD ANONIMA CERRADA,ACTIVO,HABIDO,,LIMA/LIMA/SANTIAGO DE SURCO,Principal - 4100 - CONSTRUCCIÓN DE EDIFICIOS,3.0,"Principal - 4100 - CONSTRUCCIÓN DE EDIFICIOS | Secundaria 1 - 7730 - ALQUILER Y ARRENDAMIENTO DE OTROS TIPOS DE MAQUINARIA, EQUIPO Y BIENES TANGIBLES | Secundaria 2 - 4923 - TRANSPORTE DE CARGA POR CARRETERA",0,0,0,0,23/09/2026 22:16,1,1,1,63.0,Alto
20453649840,MACSELL CONTRATISTAS GENERALES SRL,-,2022,CAJAMARCA,30/01/2001,01/02/2001,2001.0,21.0,0,2017,5,1,1,205040003.77,1,0.0,0.0,SOC.COM.RESPONS. LTDA,ACTIVO,HABIDO,,CAJAMARCA/CAJAMARCA/LOS BAÑOS DEL INCA,Principal - 4210 - CONSTRUCCIÓN DE CARRETERAS Y VÍAS DE FERROCARRIL,3.0,Principal - 4210 - CONSTRUCCIÓN DE CARRETERAS Y VÍAS DE FERROCARRIL | Secundaria 1 - 4100 - CONSTRUCCIÓN DE EDIFICIOS | Secundaria 2 - 8130 - ACTIVIDADES DE PAISAJISMO Y SERVICIOS DE MANTENIMIENTO CONEXOS,2,0,0,0,23/09/2026 22:21,1,1,1,63.0,Alto
20495751229,S & J CONTRATISTAS GENERALES SRL,-,2022,CAJAMARCA,12/09/2007,01/07/2008,2008.0,14.0,0,2018,4,1,1,500000.0,1,1.0,1.0,SOC.COM.RESPONS. LTDA,ACTIVO,HABIDO,,CAJAMARCA/CAJAMARCA/CAJAMARCA,Principal - 4100 - CONSTRUCCIÓN DE EDIFICIOS,2.0,Principal - 4100 - CONSTRUCCIÓN DE EDIFICIOS | Secundaria 1 - 4923 - TRANSPORTE DE CARGA POR CARRETERA,2,0,0,0,23/09/2026 22:36,1,1,1,63.0,Alto
20495865747,SERVICIOS GENERALES JUVASA E.I.R.L.,-,2022,CAJAMARCA,05/01/2007,01/02/2007,2007.0,15.0,0,2018,4,1,1,156949011.83,1,0.0,0.0,EMPRESA INDIVIDUAL DE RESP. LTDA,ACTIVO,HABIDO,,CAJAMARCA/CAJAMARCA/CAJAMARCA,Principal - 4100 - CONSTRUCCIÓN DE EDIFICIOS,3.0,"Principal - 4100 - CONSTRUCCIÓN DE EDIFICIOS | Secundaria 1 - 4663 - VENTA AL POR MAYOR DE MATERIALES DE CONSTRUCCIÓN, ARTÍCULOS DE FERRETERÍA Y EQUIPO Y MATERIALES DE FONTANERÍA Y CALEFACCIÓN | Secundaria 2 - 0990 - ACTIVIDADES DE APOYO PARA OTRAS ACTIVIDADES DE EXPLOTACIÓN DE MINAS Y CANTERAS",0,0,0,0,23/09/2026 22:36,1,1,1,63.0,Alto
20495999352,SERVICIOS GENERALES GRA SRL,-,2022,CAJAMARCA,18/03/2019,01/03/2019,2019.0,3.0,0,2022,0,2,1,100000.0,2,2.0,1.0,SOC.COM.RESPONS. LTDA,ACTIVO,HABIDO,,CAJAMARCA/CAJAMARCA/CAJAMARCA,Principal - 4100 - CONSTRUCCIÓN DE EDIFICIOS,3.0,Principal - 4100 - CONSTRUCCIÓN DE EDIFICIOS | Secundaria 1 - 4220 - CONSTRUCCIÓN DE PROYECTOS DE SERVICIO PÚBLICO | Secundaria 2 - 7110 - ACTIVIDADES DE ARQUITECTURA E INGENIERÍA Y ACTIVIDADES CONEXAS DE CONSULTORÍA TÉCNICA,1,0,0,0,23/09/2026 22:36,1,1,1,63.0,Alto
20529626330,F&F INVERSIONES Y SS.GG EIRL,F&F SERVICIOS GENERALES,2022,CAJAMARCA,29/11/2012,01/12/2012,2012.0,10.0,0,2020,2,1,1,100000.0,1,1.0,1.0,EMPRESA INDIVIDUAL DE RESP. LTDA,BAJA DE OFICIO,HABIDO,31/01/2025,CAJAMARCA/CAJAMARCA/CAJAMARCA,Principal - 4100 - CONSTRUCCIÓN DE EDIFICIOS,2.0,Principal - 4100 - CONSTRUCCIÓN DE EDIFICIOS | Secundaria 2 - 9609 - OTRAS ACTIVIDADES DE SERVICIOS PERSONALES N.C.P.,0,0,0,0,23/09/2026 22:45,1,1,1,63.0,Alto
20529698918,GRUCONS J & M CONTRATISTAS GENERALES S.A.C.,-,2022,CAJAMARCA,02/04/2013,01/04/2013,2013.0,9.0,0,2015,7,1,2,100000.0,1,1.0,1.0,SOCIEDAD ANONIMA CERRADA,ACTIVO,HABIDO,,CAJAMARCA/SAN MIGUEL/SAN MIGUEL,Principal - 4100 - CONSTRUCCIÓN DE EDIFICIOS,3.0,"Principal - 4100 - CONSTRUCCIÓN DE EDIFICIOS | Secundaria 1 - 4752 - VENTA AL POR MENOR DE ARTÍCULOS DE FERRETERÍA, PINTURAS Y PRODUCTOS DE VIDRIO EN COMERCIOS ESPECIALIZADOS | Secundaria 2 - 4210 - CONSTRUCCIÓN DE CARRETERAS Y VÍAS DE FERROCARRIL",1,0,0,0,23/09/2026 22:45,1,1,1,63.0,Alto
20535757811,INVERSIONES CUATRO REYNAS E.I.R.L.,-,2022,CAJAMARCA,13/04/2010,19/04/2010,2010.0,12.0,0,2019,3,1,1,10101143.0,1,0.0,0.0,EMPRESA INDIVIDUAL DE RESP. LTDA,ACTIVO,HABIDO,,LIMA/LIMA/LOS OLIVOS,Principal - 4210 - CONSTRUCCIÓN DE CARRETERAS Y VÍAS DE FERROCARRIL,3.0,Principal - 4210 - CONSTRUCCIÓN DE CARRETERAS Y VÍAS DE FERROCARRIL | Secundaria 1 - 6810 - ACTIVIDADES INMOBILIARIAS REALIZADAS CON BIENES PROPIOS O ARRENDADOS | Secundaria 2 - 4100 - CONSTRUCCIÓN DE EDIFICIOS,0,0,0,0,23/09/2026 22:51,1,1,1,63.0,Alto
20554659242,ECOTRAM E.I.R.L.,-,2022,CAJAMARCA,24/09/2013,17/04/2014,2014.0,8.0,0,2020,2,1,1,100000.0,1,1.0,1.0,EMPRESA INDIVIDUAL DE RESP. LTDA,BAJA DE OFICIO,NO HABIDO,31/03/2026,LIMA/LIMA/LINCE,Principal - 4390 - OTRAS ACTIVIDADES ESPECIALIZADAS DE CONSTRUCCIÓN,3.0,Principal - 4390 - OTRAS ACTIVIDADES ESPECIALIZADAS DE CONSTRUCCIÓN | Secundaria 1 - 7020 - ACTIVIDADES DE CONSULTORÍA DE GESTIÓN | Secundaria 2 - 4923 - TRANSPORTE DE CARGA POR CARRETERA,0,0,0,0,23/09/2026 22:57,1,1,1,63.0,Alto
20560107006,CONSTRUCTORA BELCAR E.I.R.L.,CONSORCIO BELCAR,2022,CAJAMARCA,15/09/2014,15/09/2014,2014.0,8.0,0,2020,2,1,1,100000.0,1,1.0,1.0,EMPRESA INDIVIDUAL DE RESP. LTDA,ACTIVO,HABIDO,,LIMA/LIMA/SAN MARTIN DE PORRES,Principal - 4390 - OTRAS ACTIVIDADES ESPECIALIZADAS DE CONSTRUCCIÓN,2.0,Principal - 4390 - OTRAS ACTIVIDADES ESPECIALIZADAS DE CONSTRUCCIÓN | Secundaria 1 - 4210 - CONSTRUCCIÓN DE CARRETERAS Y VÍAS DE FERROCARRIL,1,0,0,0,23/09/2026 22:58,1,1,1,63.0,Alto
20600044207,IRZA INGENIEROS S.R.L.,-,2022,CAJAMARCA,08/01/2015,01/04/2015,2015.0,7.0,0,2017,5,1,2,100000.0,1,1.0,1.0,SOC.COM.RESPONS. LTDA,ACTIVO,HABIDO,,LIMA/LIMA/SANTIAGO DE SURCO,Principal - 4923 - TRANSPORTE DE CARGA POR CARRETERA,2.0,Principal - 4923 - TRANSPORTE DE CARGA POR CARRETERA | Secundaria 1 - 4290 - CONSTRUCCIÓN DE OTRAS OBRAS DE INGENIERÍA CIVIL,3,0,0,0,23/09/2026 23:05,1,1,1,63.0,Alto
20601525594,DEMARO S.R.L,-,2022,CAJAMARCA,23/09/2016,01/10/2016,2016.0,6.0,0,2022,0,1,1,100000.0,1,1.0,1.0,SOC.COM.RESPONS. LTDA,ACTIVO,HABIDO,,CAJAMARCA/CAJAMARCA/CAJAMARCA,"Principal - 7730 - ALQUILER Y ARRENDAMIENTO DE OTROS TIPOS DE MAQUINARIA, EQUIPO Y BIENES TANGIBLES",3.0,"Principal - 7730 - ALQUILER Y ARRENDAMIENTO DE OTROS TIPOS DE MAQUINARIA, EQUIPO Y BIENES TANGIBLES | Secundaria 1 - 4923 - TRANSPORTE DE CARGA POR CARRETERA | Secundaria 2 - 4100 - CONSTRUCCIÓN DE EDIFICIOS",0,0,0,0,23/09/2026 23:13,1,1,1,63.0,Alto
10086203753,CESPEDES BEDRIÑANA EDGAR ROLANDO,-,2022,CALLAO,30/05/2002,30/05/2002,2002.0,20.0,0,2022,0,1,1,100000.0,1,1.0,1.0,PERSONA NATURAL CON NEGOCIO,ACTIVO,HABIDO,,LIMA/LIMA/SAN BORJA,Principal - 7110 - ACTIVIDADES DE ARQUITECTURA E INGENIERÍA Y ACTIVIDADES CONEXAS DE CONSULTORÍA TÉCNICA,3.0,"Principal - 7110 - ACTIVIDADES DE ARQUITECTURA E INGENIERÍA Y ACTIVIDADES CONEXAS DE CONSULTORÍA TÉCNICA | Secundaria 1 - 4100 - CONSTRUCCIÓN DE EDIFICIOS | Secundaria 2 - 4663 - VENTA AL POR MAYOR DE MATERIALES DE CONSTRUCCIÓN, ARTÍCULOS DE FERRETERÍA Y EQUIPO Y MATERIALES DE FONTANERÍA Y CALEFACCIÓN",0,0,0,0,23/09/2026 22:05,1,1,1,68.6,Alto
10232487149,DONAIRES CASTILLO EDUARDO FACTOR,-,2022,CALLAO,08/12/1993,20/09/1993,1993.0,29.0,0,2022,0,1,1,100000.0,1,1.0,1.0,PERSONA NATURAL CON NEGOCIO,ACTIVO,HABIDO,,JUNIN/HUANCAYO/HUANCAYO,Principal - 7110 - ACTIVIDADES DE ARQUITECTURA E INGENIERÍA Y ACTIVIDADES CONEXAS DE CONSULTORÍA TÉCNICA,3.0,"Principal - 7110 - ACTIVIDADES DE ARQUITECTURA E INGENIERÍA Y ACTIVIDADES CONEXAS DE CONSULTORÍA TÉCNICA | Secundaria 1 - 9609 - OTRAS ACTIVIDADES DE SERVICIOS PERSONALES N.C.P. | Secundaria 2 - 4663 - VENTA AL POR MAYOR DE MATERIALES DE CONSTRUCCIÓN, ARTÍCULOS DE FERRETERÍA Y EQUIPO Y MATERIALES DE FONTANERÍA Y CALEFACCIÓN",1,0,0,0,23/09/2026 22:06,1,1,1,68.6,Alto
20173126345,VASMER CONSTRUCCIONES ACABADOS DECORACIONES Y SUMINISTROS S.A.,VASMER CADS S.A.,2022,CALLAO,09/09/1993,01/06/1991,1991.0,31.0,0,2005,17,1,1,500000.0,1,1.0,1.0,SOCIEDAD ANONIMA,ACTIVO,HABIDO,,LIMA/LIMA/SANTIAGO DE SURCO,Principal - 4390 - OTRAS ACTIVIDADES ESPECIALIZADAS DE CONSTRUCCIÓN,2.0,Principal - 4390 - OTRAS ACTIVIDADES ESPECIALIZADAS DE CONSTRUCCIÓN | Secundaria 1 - 4390 - OTRAS ACTIVIDADES ESPECIALIZADAS DE CONSTRUCCIÓN,2,0,0,0,23/09/2026 22:09,1,1,1,68.6,Alto
20232650444,FALCON CONSULTORES Y CONSTRUCTORES SRLTD,FALCON GROUP,2022,CALLAO,04/04/1995,17/03/1995,1995.0,27.0,0,2012,10,1,3,100000.0,1,1.0,1.0,SOC.COM.RESPONS. LTDA,ACTIVO,HABIDO,,PROV. CONST. DEL CALLAO/PROV. CONST. DEL CALLAO/VENTANILLA,Principal - 4100 - CONSTRUCCIÓN DE EDIFICIOS,3.0,Principal - 4100 - CONSTRUCCIÓN DE EDIFICIOS | Secundaria 1 - 7020 - ACTIVIDADES DE CONSULTORÍA DE GESTIÓN | Secundaria 2 - 7110 - ACTIVIDADES DE ARQUITECTURA E INGENIERÍA Y ACTIVIDADES CONEXAS DE CONSULTORÍA TÉCNICA,2,0,0,0,23/09/2026 22:09,1,1,1,68.6,Alto
20379560742,CONSTRUCTORA CHEC-FUN S.R.LTDA,-,2022,CALLAO,26/05/2009,26/05/2009,2009.0,13.0,0,2022,0,1,1,9710405.74,1,0.0,0.0,SOC.COM.RESPONS. LTDA,ACTIVO,HABIDO,,LIMA/LIMA/SAN MIGUEL,Principal - 4100 - CONSTRUCCIÓN DE EDIFICIOS,2.0,"Principal - 4100 - CONSTRUCCIÓN DE EDIFICIOS | Secundaria 1 - 4663 - VENTA AL POR MAYOR DE MATERIALES DE CONSTRUCCIÓN, ARTÍCULOS DE FERRETERÍA Y EQUIPO Y MATERIALES DE FONTANERÍA Y CALEFACCIÓN",0,0,0,0,23/09/2026 22:11,1,1,1,68.6,Alto
20451738284,SENICON CONSTRUCCIONES E INGENIERIA E.I.R.L,-,2022,CALLAO,11/02/2011,01/12/2019,2019.0,3.0,0,2022,0,1,1,1374544.03,1,0.0,0.0,EMPRESA INDIVIDUAL DE RESP. LTDA,ACTIVO,HABIDO,,JUNIN/HUANCAYO/HUANCAYO,Principal - 4290 - CONSTRUCCIÓN DE OTRAS OBRAS DE INGENIERÍA CIVIL,3.0,"Principal - 4290 - CONSTRUCCIÓN DE OTRAS OBRAS DE INGENIERÍA CIVIL | Secundaria 1 - 4663 - VENTA AL POR MAYOR DE MATERIALES DE CONSTRUCCIÓN, ARTÍCULOS DE FERRETERÍA Y EQUIPO Y MATERIALES DE FONTANERÍA Y CALEFACCIÓN | Secundaria 2 - 5221 - ACTIVIDADES DE SERVICIOS VINCULADAS AL TRANSPORTE TERRESTRE",0,0,0,0,23/09/2026 22:20,1,1,1,68.6,Alto
20478169559,AJC CONTRATISTAS S.A.C.,-,2022,CALLAO,05/12/2008,15/05/2009,2009.0,13.0,0,2015,7,2,1,50800674.0,2,0.0,0.0,SOCIEDAD ANONIMA CERRADA,ACTIVO,HABIDO,,LIMA/LIMA/SAN JUAN DE MIRAFLORES,Principal - 4390 - OTRAS ACTIVIDADES ESPECIALIZADAS DE CONSTRUCCIÓN,1.0,Principal - 4390 - OTRAS ACTIVIDADES ESPECIALIZADAS DE CONSTRUCCIÓN,0,0,0,0,23/09/2026 22:22,1,1,1,68.6,Alto
20486960401,CORPORACION DOMINUS SOCIEDAD ANONIMA CERRADA,CORPORACION DOMINUS SAC,2022,CALLAO,03/12/2008,03/12/2008,2008.0,14.0,0,2012,10,1,4,294813583.41,1,0.0,0.0,SOCIEDAD ANONIMA CERRADA,ACTIVO,HABIDO,,LIMA/LIMA/SAN ISIDRO,Principal - 4923 - TRANSPORTE DE CARGA POR CARRETERA,3.0,Principal - 4923 - TRANSPORTE DE CARGA POR CARRETERA | Secundaria 1 - 7110 - ACTIVIDADES DE ARQUITECTURA E INGENIERÍA Y ACTIVIDADES CONEXAS DE CONSULTORÍA TÉCNICA | Secundaria 2 - 4210 - CONSTRUCCIÓN DE CARRETERAS Y VÍAS DE FERROCARRIL,1,4,0,0,23/09/2026 22:28,1,1,1,68.6,Alto
20493043073,SIADEC INGENIEROS S.A.C.,-,2022,CALLAO,04/07/2008,04/07/2008,2008.0,14.0,0,2012,10,2,1,100527121.87,2,0.0,0.0,SOCIEDAD ANONIMA CERRADA,ACTIVO,HABIDO,,LIMA/LIMA/VILLA MARIA DEL TRIUNFO,Principal - 4100 - CONSTRUCCIÓN DE EDIFICIOS,3.0,Principal - 4100 - CONSTRUCCIÓN DE EDIFICIOS | Secundaria 1 - 4290 - CONSTRUCCIÓN DE OTRAS OBRAS DE INGENIERÍA CIVIL | Secundaria 2 - 4210 - CONSTRUCCIÓN DE CARRETERAS Y VÍAS DE FERROCARRIL,0,0,0,0,23/09/2026 22:33,1,1,1,68.6,Alto
20501581951,CONSTRUCTORA DOLPHIN S.A.C.,-,2022,CALLAO,26/01/2001,06/09/2001,2001.0,21.0,0,2019,3,1,1,100000.0,1,1.0,1.0,SOCIEDAD ANONIMA CERRADA,ACTIVO,NO HABIDO,,LIMA/LIMA/SANTIAGO DE SURCO,Principal - 4100 - CONSTRUCCIÓN DE EDIFICIOS,3.0,"Principal - 4100 - CONSTRUCCIÓN DE EDIFICIOS | Secundaria 1 - 4220 - CONSTRUCCIÓN DE PROYECTOS DE SERVICIO PÚBLICO | Secundaria 2 - 4663 - VENTA AL POR MAYOR DE MATERIALES DE CONSTRUCCIÓN, ARTÍCULOS DE FERRETERÍA Y EQUIPO Y MATERIALES DE FONTANERÍA Y CALEFACCIÓN",1,0,0,0,23/09/2026 22:37,1,1,1,68.6,Alto
20503953839,SCHREDER PERU S.A.C.,SCHREDER PERU S.A.C,2022,CALLAO,11/03/2002,11/03/2002,2002.0,20.0,0,2022,0,1,1,400000.0,1,1.0,1.0,SOCIEDAD ANONIMA,ACTIVO,HABIDO,,LIMA/LIMA/MIRAFLORES,"Principal - 4652 - VENTA AL POR MAYOR DE EQUIPO, PARTES Y PIEZAS ELECTRÓNICOS Y DE TELECOMUNICACIONES",3.0,"Principal - 4652 - VENTA AL POR MAYOR DE EQUIPO, PARTES Y PIEZAS ELECTRÓNICOS Y DE TELECOMUNICACIONES | Secundaria 1 - 7110 - ACTIVIDADES DE ARQUITECTURA E INGENIERÍA Y ACTIVIDADES CONEXAS DE CONSULTORÍA TÉCNICA | Secundaria 2 - 4659 - VENTA AL POR MAYOR DE OTROS TIPOS DE MAQUINARIA Y EQUIPO",3,0,0,0,23/09/2026 22:37,1,1,1,68.6,Alto
20508794968,INGENIERIA MEDIOAMBIENTE & CONSTRUCCION S.A.C.,-,2022,CALLAO,21/05/2004,01/06/2004,2004.0,18.0,0,2008,14,1,1,613335974.72,1,0.0,0.0,SOCIEDAD ANONIMA CERRADA,ACTIVO,HABIDO,,LIMA/LIMA/SAN BORJA,Principal - 7110 - ACTIVIDADES DE ARQUITECTURA E INGENIERÍA Y ACTIVIDADES CONEXAS DE CONSULTORÍA TÉCNICA,2.0,Principal - 7110 - ACTIVIDADES DE ARQUITECTURA E INGENIERÍA Y ACTIVIDADES CONEXAS DE CONSULTORÍA TÉCNICA | Secundaria 1 - 4390 - OTRAS ACTIVIDADES ESPECIALIZADAS DE CONSTRUCCIÓN,0,0,0,0,23/09/2026 22:38,1,1,1,68.6,Alto
20517623394,CORPORACION XIANY SOCIEDAD ANONIMA CERRADA,-,2022,CALLAO,26/11/2007,27/11/2007,2007.0,15.0,0,2011,11,1,3,100000.0,1,1.0,1.0,SOCIEDAD ANONIMA CERRADA,ACTIVO,HABIDO,,LIMA/LIMA/INDEPENDENCIA,"Principal - 7730 - ALQUILER Y ARRENDAMIENTO DE OTROS TIPOS DE MAQUINARIA, EQUIPO Y BIENES TANGIBLES",2.0,"Principal - 7730 - ALQUILER Y ARRENDAMIENTO DE OTROS TIPOS DE MAQUINARIA, EQUIPO Y BIENES TANGIBLES | Secundaria 1 - 4321 - INSTALACIONES ELÉCTRICAS",3,0,0,0,23/09/2026 22:39,1,1,1,68.6,Alto
20547097069,M & S PROYECTS S.A.C.,-,2022,CALLAO,06/03/2012,06/03/2012,2012.0,10.0,0,2020,2,1,3,100000.0,1,1.0,1.0,SOCIEDAD ANONIMA CERRADA,ACTIVO,HABIDO,,LIMA/LIMA/MIRAFLORES,Principal - 4100 - CONSTRUCCIÓN DE EDIFICIOS,3.0,Principal - 4100 - CONSTRUCCIÓN DE EDIFICIOS | Secundaria 1 - 4210 - CONSTRUCCIÓN DE CARRETERAS Y VÍAS DE FERROCARRIL | Secundaria 2 - 3312 - REPARACIÓN DE MAQUINARIA,1,1,0,0,23/09/2026 22:56,1,1,1,68.6,Alto
20553453845,CORPORACION EJECUTORA DE OBRAS ROMA S.A.C.,ROMASAC,2022,CALLAO,27/06/2013,27/06/2013,2013.0,9.0,0,2020,2,1,1,100000.0,1,1.0,1.0,SOCIEDAD ANONIMA CERRADA,ACTIVO,HABIDO,,PROV. CONST. DEL CALLAO/PROV. CONST. DEL CALLAO/MI PERU,Principal - 4100 - CONSTRUCCIÓN DE EDIFICIOS,3.0,"Principal - 4100 - CONSTRUCCIÓN DE EDIFICIOS | Secundaria 1 - 4663 - VENTA AL POR MAYOR DE MATERIALES DE CONSTRUCCIÓN, ARTÍCULOS DE FERRETERÍA Y EQUIPO Y MATERIALES DE FONTANERÍA Y CALEFACCIÓN | Secundaria 2 - 7110 - ACTIVIDADES DE ARQUITECTURA E INGENIERÍA Y ACTIVIDADES CONEXAS DE CONSULTORÍA TÉCNICA",1,3,0,0,23/09/2026 22:57,1,1,1,68.6,Alto
20553668027,CORPORACION CIENCIA INGENIERIA Y CONSTRUCCION SOCIEDAD ANONIMA CERRADA-CORPORACION CIINCO S.A.C.,-,2022,CALLAO,06/01/2017,02/07/2013,2013.0,9.0,0,2022,0,1,1,100000.0,1,1.0,1.0,SOCIEDAD ANONIMA CERRADA,ACTIVO,HABIDO,,LIMA/LIMA/LA MOLINA,Principal - 7110 - ACTIVIDADES DE ARQUITECTURA E INGENIERÍA Y ACTIVIDADES CONEXAS DE CONSULTORÍA TÉCNICA,2.0,Principal - 7110 - ACTIVIDADES DE ARQUITECTURA E INGENIERÍA Y ACTIVIDADES CONEXAS DE CONSULTORÍA TÉCNICA | Secundaria 1 - 4290 - CONSTRUCCIÓN DE OTRAS OBRAS DE INGENIERÍA CIVIL,1,0,0,0,23/09/2026 22:57,1,1,1,68.6,Alto
20600655095,GOLDCORP S.A.C.,-,2022,CALLAO,21/11/2019,21/11/2019,2019.0,3.0,0,2022,0,1,1,100000.0,1,1.0,1.0,SOCIEDAD ANONIMA CERRADA,BAJA DE OFICIO,NO HABIDO,31/07/2025,LIMA/LIMA/SANTIAGO DE SURCO,Principal - 4100 - CONSTRUCCIÓN DE EDIFICIOS,2.0,Principal - 4100 - CONSTRUCCIÓN DE EDIFICIOS | Secundaria 1 - 7110 - ACTIVIDADES DE ARQUITECTURA E INGENIERÍA Y ACTIVIDADES CONEXAS DE CONSULTORÍA TÉCNICA,0,0,0,0,23/09/2026 23:10,1,1,1,68.6,Alto
20603613474,"CAMPOS OBRAS Y PROYECTOS S.L., SUCURSAL DEL PERU",-,2022,CALLAO,20/09/2018,18/01/2019,2019.0,3.0,0,2020,2,1,1,400000.0,1,1.0,1.0,SUCURSALES O AG. DE EMP. EXTRANJ.,ACTIVO,HABIDO,,LIMA/LIMA/SAN ISIDRO,Principal - 4100 - CONSTRUCCIÓN DE EDIFICIOS,3.0,Principal - 4100 - CONSTRUCCIÓN DE EDIFICIOS | Secundaria 1 - 4290 - CONSTRUCCIÓN DE OTRAS OBRAS DE INGENIERÍA CIVIL | Secundaria 2 - 6820 - ACTIVIDADES INMOBILIARIAS REALIZADAS A CAMBIO DE UNA RETRIBUCIÓN O POR CONTRATA,1,0,0,0,23/09/2026 23:20,1,1,1,68.6,Alto
20607284033,LUQUE CONSTRUCCION Y SERVICIOS S.A.C,LCS,2022,CALLAO,19/01/2021,23/01/2021,2021.0,1.0,0,2022,0,1,1,300000.0,1,1.0,1.0,SOCIEDAD ANONIMA CERRADA,ACTIVO,HABIDO,,LIMA/LIMA/SANTIAGO DE SURCO,Principal - 4100 - CONSTRUCCIÓN DE EDIFICIOS,3.0,"Principal - 4100 - CONSTRUCCIÓN DE EDIFICIOS | Secundaria 1 - 4290 - CONSTRUCCIÓN DE OTRAS OBRAS DE INGENIERÍA CIVIL | Secundaria 2 - 4652 - VENTA AL POR MAYOR DE EQUIPO, PARTES Y PIEZAS ELECTRÓNICOS Y DE TELECOMUNICACIONES",0,0,0,0,23/09/2026 23:26,1,1,1,68.6,Alto
20451624432,CONSTRUCTORA EL VERDE SOCIEDAD ANONIMA CERRADA,-,2022,CUSCO,03/02/2011,03/02/2011,2011.0,11.0,0,2022,0,1,1,2399656.58,1,1.0,1.0,SOCIEDAD ANONIMA CERRADA,ACTIVO,HABIDO,,LIMA/LIMA/MAGDALENA DEL MAR,Principal - 4390 - OTRAS ACTIVIDADES ESPECIALIZADAS DE CONSTRUCCIÓN,1.0,Principal - 4390 - OTRAS ACTIVIDADES ESPECIALIZADAS DE CONSTRUCCIÓN,0,0,0,0,23/09/2026 22:20,1,1,1,67.8,Alto
20452440912,CONTRATISTAS Y CONSULTORES MENDOZA SRL,MENDOZA S.R.L.,2022,CUSCO,23/05/2003,01/06/2003,2003.0,19.0,0,2010,12,1,2,188078288.76,1,0.0,0.0,SOC.COM.RESPONS. LTDA,ACTIVO,HABIDO,,LIMA/LIMA/SAN ISIDRO,Principal - 4100 - CONSTRUCCIÓN DE EDIFICIOS,3.0,Principal - 4100 - CONSTRUCCIÓN DE EDIFICIOS | Secundaria 1 - 4923 - TRANSPORTE DE CARGA POR CARRETERA | Secundaria 2 - 0990 - ACTIVIDADES DE APOYO PARA OTRAS ACTIVIDADES DE EXPLOTACIÓN DE MINAS Y CANTERAS,0,0,0,0,23/09/2026 22:20,1,1,1,67.8,Alto
20490197771,DJL GLOBAL CONSTRUCTORES SOCIEDAD ANONIMA CERRADA - DJL CONSTRUCTORES S.A.C.,-,2022,CUSCO,17/03/2010,15/06/2010,2010.0,12.0,0,2015,7,1,1,21962493.92,1,0.0,0.0,SOCIEDAD ANONIMA CERRADA,ACTIVO,HABIDO,,CUSCO/CUSCO/SAN SEBASTIAN,Principal - 4100 - CONSTRUCCIÓN DE EDIFICIOS,3.0,"Principal - 4100 - CONSTRUCCIÓN DE EDIFICIOS | Secundaria 1 - 2395 - FABRICACIÓN DE ARTÍCULOS DE HORMIGÓN, CEMENTO Y YESO | Secundaria 2 - 7110 - ACTIVIDADES DE ARQUITECTURA E INGENIERÍA Y ACTIVIDADES CONEXAS DE CONSULTORÍA TÉCNICA",1,0,0,0,23/09/2026 22:32,1,1,1,67.8,Alto
20494299161,ANGULO & SALAZAR SOCIEDAD ANONIMA CERRADA CONTRATISTAS GENERALES,A&S SAC CCGG,2022,CUSCO,30/05/2007,01/06/2007,2007.0,15.0,0,2012,10,1,1,27917295.92,1,0.0,0.0,SOCIEDAD ANONIMA CERRADA,ACTIVO,HABIDO,,ICA/ICA/SUBTANJALLA,Principal - 4100 - CONSTRUCCIÓN DE EDIFICIOS,1.0,Principal - 4100 - CONSTRUCCIÓN DE EDIFICIOS,0,0,0,0,23/09/2026 22:34,1,1,1,67.8,Alto
20523071042,CONSTRUCTORA COPAO S.A.C.,-,2022,CUSCO,09/05/2014,09/05/2014,2014.0,8.0,0,2019,3,1,1,52128986.14,1,0.0,0.0,SOCIEDAD ANONIMA CERRADA,ACTIVO,HABIDO,,LIMA/LIMA/MAGDALENA DEL MAR,Principal - 4390 - OTRAS ACTIVIDADES ESPECIALIZADAS DE CONSTRUCCIÓN,3.0,Principal - 4390 - OTRAS ACTIVIDADES ESPECIALIZADAS DE CONSTRUCCIÓN | Secundaria 1 - 7110 - ACTIVIDADES DE ARQUITECTURA E INGENIERÍA Y ACTIVIDADES CONEXAS DE CONSULTORÍA TÉCNICA | Secundaria 2 - 4923 - TRANSPORTE DE CARGA POR CARRETERA,1,0,0,0,23/09/2026 22:40,1,1,1,67.8,Alto
20525716342,SHERIDAN ENTERPRISES S.A.C.,-,2022,CUSCO,05/06/2008,05/06/2008,2008.0,14.0,0,2022,0,8,1,,0,,,SOCIEDAD ANONIMA CERRADA,ACTIVO,HABIDO,,LIMA/LIMA/BARRANCO,Principal - 4923 - TRANSPORTE DE CARGA POR CARRETERA,3.0,"Principal - 4923 - TRANSPORTE DE CARGA POR CARRETERA | Secundaria 1 - 4661 - VENTA AL POR MAYOR DE COMBUSTIBLES SÓLIDOS, LÍQUIDOS Y GASEOSOS Y PRODUCTOS CONEXOS | Secundaria 2 - 4630 - VENTA AL POR MAYOR DE ALIMENTOS, BEBIDAS Y TABACO",0,0,0,0,23/09/2026 22:41,1,1,1,67.8,Alto
20527164207,CONSTRUCTORA NODECO EMPRESA INDIVIDUAL DE RESPONSABILIDAD LIMITADA,CONSTRUCTORA NODECO E.I.R.L.,2022,CUSCO,04/03/2003,04/03/2003,2003.0,19.0,0,2014,8,1,1,17879322.1,1,0.0,0.0,EMPRESA INDIVIDUAL DE RESP. LTDA,ACTIVO,HABIDO,,CUSCO/CUSCO/WANCHAQ,Principal - 4100 - CONSTRUCCIÓN DE EDIFICIOS,3.0,"Principal - 4100 - CONSTRUCCIÓN DE EDIFICIOS | Secundaria 1 - 4210 - CONSTRUCCIÓN DE CARRETERAS Y VÍAS DE FERROCARRIL | Secundaria 2 - 4752 - VENTA AL POR MENOR DE ARTÍCULOS DE FERRETERÍA, PINTURAS Y PRODUCTOS DE VIDRIO EN COMERCIOS ESPECIALIZADOS",0,0,0,0,23/09/2026 22:42,1,1,1,67.8,Alto
20564059171,ERACON CONSULTORA Y CONSTRUCTORA E.I.R.L - ERACON E.I.R.L.,-,2022,CUSCO,08/08/2013,08/08/2013,2013.0,9.0,0,2022,0,1,1,100000.0,1,1.0,1.0,EMPRESA INDIVIDUAL DE RESP. LTDA,ACTIVO,HABIDO,,APURIMAC/ANDAHUAYLAS/SAN JERONIMO,Principal - 4100 - CONSTRUCCIÓN DE EDIFICIOS,3.0,"Principal - 4100 - CONSTRUCCIÓN DE EDIFICIOS | Secundaria 1 - 7730 - ALQUILER Y ARRENDAMIENTO DE OTROS TIPOS DE MAQUINARIA, EQUIPO Y BIENES TANGIBLES | Secundaria 2 - 8299 - OTRAS ACTIVIDADES DE SERVICIOS DE APOYO A LAS EMPRESAS N.C.P.",0,0,0,0,23/09/2026 22:59,1,1,1,67.8,Alto
20601338361,CORPORACION DE INFRAESTRUCTURA S.A.C. EN LIQUIDACION,-,2022,CUSCO,02/07/2016,04/07/2016,2016.0,6.0,0,2022,0,1,1,100000.0,1,1.0,1.0,SOCIEDAD ANONIMA CERRADA,BAJA PROV. POR OFICIO,HABIDO,31/07/2026,LIMA/LIMA/MIRAFLORES,Principal - 4100 - CONSTRUCCIÓN DE EDIFICIOS,3.0,"Principal - 4100 - CONSTRUCCIÓN DE EDIFICIOS | Secundaria 1 - 4663 - VENTA AL POR MAYOR DE MATERIALES DE CONSTRUCCIÓN, ARTÍCULOS DE FERRETERÍA Y EQUIPO Y MATERIALES DE FONTANERÍA Y CALEFACCIÓN | Secundaria 2 - 4923 - TRANSPORTE DE CARGA POR CARRETERA",3,0,0,0,23/09/2026 23:13,1,1,1,67.8,Alto
20601665591,MONTOYA INGENIEROS EMPRESA INDIVIDUAL DE RESPONSABILIDAD LIMITADA - MONTOYA INGENIEROS E.I.R.L.,-,2022,CUSCO,21/11/2016,21/11/2016,2016.0,6.0,0,2022,0,1,1,100000.0,1,1.0,1.0,EMPRESA INDIVIDUAL DE RESP. LTDA,ACTIVO,HABIDO,,CUSCO/CUSCO/WANCHAQ,"Principal - 7730 - ALQUILER Y ARRENDAMIENTO DE OTROS TIPOS DE MAQUINARIA, EQUIPO Y BIENES TANGIBLES",3.0,"Principal - 7730 - ALQUILER Y ARRENDAMIENTO DE OTROS TIPOS DE MAQUINARIA, EQUIPO Y BIENES TANGIBLES | Secundaria 1 - 4100 - CONSTRUCCIÓN DE EDIFICIOS | Secundaria 2 - 7110 - ACTIVIDADES DE ARQUITECTURA E INGENIERÍA Y ACTIVIDADES CONEXAS DE CONSULTORÍA TÉCNICA",0,3,0,0,23/09/2026 23:14,1,1,1,67.8,Alto
20335343701,ENRIQUEZ SOCIEDAD ANONIMA CERRADA ENRIQUEZ S.A.C.,-,2022,HUANCAVELICA,28/10/1996,28/10/1996,1996.0,26.0,0,2014,8,1,1,100000.0,1,1.0,1.0,SOCIEDAD ANONIMA CERRADA,ACTIVO,HABIDO,,ANCASH/MARISCAL LUZURIAGA/CASCA,Principal - 7110 - ACTIVIDADES DE ARQUITECTURA E INGENIERÍA Y ACTIVIDADES CONEXAS DE CONSULTORÍA TÉCNICA,3.0,"Principal - 7110 - ACTIVIDADES DE ARQUITECTURA E INGENIERÍA Y ACTIVIDADES CONEXAS DE CONSULTORÍA TÉCNICA | Secundaria 1 - 7730 - ALQUILER Y ARRENDAMIENTO DE OTROS TIPOS DE MAQUINARIA, EQUIPO Y BIENES TANGIBLES | Secundaria 2 - 4663 - VENTA AL POR MAYOR DE MATERIALES DE CONSTRUCCIÓN, ARTÍCULOS DE FERRETERÍA Y EQUIPO Y MATERIALES DE FONTANERÍA Y CALEFACCIÓN",0,0,0,0,23/09/2026 22:10,1,1,1,72.8,Alto
20392986601,BEICON CONTRATISTAS GENERALES S.A.C. - BEICON S.A.C.,-,2022,HUANCAVELICA,01/04/2011,01/04/2011,2011.0,11.0,0,2022,0,1,1,17302807.4,1,0.0,0.0,SOCIEDAD ANONIMA CERRADA,ACTIVO,HABIDO,,LIMA/LIMA/SAN BORJA,Principal - 4390 - OTRAS ACTIVIDADES ESPECIALIZADAS DE CONSTRUCCIÓN,2.0,Principal - 4390 - OTRAS ACTIVIDADES ESPECIALIZADAS DE CONSTRUCCIÓN | Secundaria 1 - 4290 - CONSTRUCCIÓN DE OTRAS OBRAS DE INGENIERÍA CIVIL,0,0,0,0,23/09/2026 22:12,1,1,1,72.8,Alto
20486960401,CORPORACION DOMINUS SOCIEDAD ANONIMA CERRADA,CORPORACION DOMINUS SAC,2022,HUANCAVELICA,03/12/2008,03/12/2008,2008.0,14.0,0,2012,10,1,4,294813583.41,1,0.0,0.0,SOCIEDAD ANONIMA CERRADA,ACTIVO,HABIDO,,LIMA/LIMA/SAN ISIDRO,Principal - 4923 - TRANSPORTE DE CARGA POR CARRETERA,3.0,Principal - 4923 - TRANSPORTE DE CARGA POR CARRETERA | Secundaria 1 - 7110 - ACTIVIDADES DE ARQUITECTURA E INGENIERÍA Y ACTIVIDADES CONEXAS DE CONSULTORÍA TÉCNICA | Secundaria 2 - 4210 - CONSTRUCCIÓN DE CARRETERAS Y VÍAS DE FERROCARRIL,1,4,0,0,23/09/2026 22:28,1,1,1,72.8,Alto
20486974886,YANG CONTRATISTAS E.I.R.L.,-,2022,HUANCAVELICA,29/12/2008,01/01/2009,2009.0,13.0,0,2018,4,2,1,100000.0,2,2.0,1.0,EMPRESA INDIVIDUAL DE RESP. LTDA,ACTIVO,HABIDO,,HUANCAVELICA/HUANCAVELICA/ASCENSION,Principal - 4290 - CONSTRUCCIÓN DE OTRAS OBRAS DE INGENIERÍA CIVIL,3.0,Principal - 4290 - CONSTRUCCIÓN DE OTRAS OBRAS DE INGENIERÍA CIVIL | Secundaria 1 - 7110 - ACTIVIDADES DE ARQUITECTURA E INGENIERÍA Y ACTIVIDADES CONEXAS DE CONSULTORÍA TÉCNICA | Secundaria 2 - 7710 - ALQUILER Y ARRENDAMIENTO DE VEHÍCULOS AUTOMOTORES,0,0,0,0,23/09/2026 22:28,1,1,1,72.8,Alto
20506003351,MEJESA S.R.L.,-,2022,HUANCAVELICA,19/02/2003,19/02/2003,2003.0,19.0,0,2006,16,1,2,2980477487.02,1,0.0,0.0,SOC.COM.RESPONS. LTDA,ACTIVO,HABIDO,,LIMA/LIMA/LOS OLIVOS,Principal - 4100 - CONSTRUCCIÓN DE EDIFICIOS,3.0,Principal - 4100 - CONSTRUCCIÓN DE EDIFICIOS | Secundaria 1 - 4210 - CONSTRUCCIÓN DE CARRETERAS Y VÍAS DE FERROCARRIL | Secundaria 2 - 4312 - PREPARACIÓN DEL TERRENO,5,4,0,0,23/09/2026 22:37,1,1,1,72.8,Alto
20568355041,CONTRATISTAS GENERALES CORNALINA E.I.R.L.,-,2022,HUANCAVELICA,28/05/2012,01/06/2012,2012.0,10.0,0,2019,3,1,1,45798430.88,1,0.0,0.0,EMPRESA INDIVIDUAL DE RESP. LTDA,ACTIVO,HABIDO,,JUNIN/HUANCAYO/HUANCAYO,Principal - 4290 - CONSTRUCCIÓN DE OTRAS OBRAS DE INGENIERÍA CIVIL,3.0,"Principal - 4290 - CONSTRUCCIÓN DE OTRAS OBRAS DE INGENIERÍA CIVIL | Secundaria 1 - 7730 - ALQUILER Y ARRENDAMIENTO DE OTROS TIPOS DE MAQUINARIA, EQUIPO Y BIENES TANGIBLES | Secundaria 2 - 4923 - TRANSPORTE DE CARGA POR CARRETERA",0,9,0,0,23/09/2026 23:00,1,1,1,72.8,Alto
20600180771,RBC CONSULTORES Y CONTRATISTAS S.A.C.,-,2022,HUANCAVELICA,02/03/2015,22/05/2015,2015.0,7.0,0,2018,4,1,2,38280289.29,1,0.0,0.0,SOCIEDAD ANONIMA CERRADA,ACTIVO,HABIDO,,LIMA/LIMA/SANTA ANITA,Principal - 4210 - CONSTRUCCIÓN DE CARRETERAS Y VÍAS DE FERROCARRIL,3.0,"Principal - 4210 - CONSTRUCCIÓN DE CARRETERAS Y VÍAS DE FERROCARRIL | Secundaria 1 - 4923 - TRANSPORTE DE CARGA POR CARRETERA | Secundaria 2 - 7730 - ALQUILER Y ARRENDAMIENTO DE OTROS TIPOS DE MAQUINARIA, EQUIPO Y BIENES TANGIBLES",0,16,0,0,23/09/2026 23:07,1,1,1,72.8,Alto
20601593476,"INGENIEROS, CONSULTORES Y CONTRATISTAS GENERALES CELIZ SOCIEDAD ANONIMA CERRADA - ICCG CELIZ S.A.C.",I.C.C.G CELIZ S.A.C.,2022,HUANCAVELICA,20/10/2016,15/10/2016,2016.0,6.0,0,2022,0,1,1,100000.0,1,1.0,1.0,SOCIEDAD ANONIMA CERRADA,BAJA DE OFICIO,HABIDO,30/05/2025,HUANCAVELICA/HUANCAVELICA/HUANCAVELICA,Principal - 4100 - CONSTRUCCIÓN DE EDIFICIOS,3.0,"Principal - 4100 - CONSTRUCCIÓN DE EDIFICIOS | Secundaria 1 - 4663 - VENTA AL POR MAYOR DE MATERIALES DE CONSTRUCCIÓN, ARTÍCULOS DE FERRETERÍA Y EQUIPO Y MATERIALES DE FONTANERÍA Y CALEFACCIÓN | Secundaria 2 - 4759 - VENTA AL POR MENOR DE APARATOS ELÉCTRICOS DE USO DOMÉSTICO, MUEBLES, EQU. DE ILUMINACIÓN Y OTROS ENSERES EN COM. ESPECIALIZADOS",0,0,0,0,23/09/2026 23:14,1,1,1,72.8,Alto
20606820993,RINSON SOCIEDAD ANONIMA CERRADA,RINSON SAC,2022,HUANCAVELICA,03/11/2020,10/11/2020,2020.0,2.0,0,2022,0,1,1,500000.0,1,0.0,0.0,SOCIEDAD ANONIMA CERRADA,ACTIVO,HABIDO,,LIMA/LIMA/LURIGANCHO,Principal - 4100 - CONSTRUCCIÓN DE EDIFICIOS,3.0,"Principal - 4100 - CONSTRUCCIÓN DE EDIFICIOS | Secundaria 1 - 4330 - TERMINACIÓN Y ACABADO DE EDIFICIOS | Secundaria 2 - 4663 - VENTA AL POR MAYOR DE MATERIALES DE CONSTRUCCIÓN, ARTÍCULOS DE FERRETERÍA Y EQUIPO Y MATERIALES DE FONTANERÍA Y CALEFACCIÓN",0,0,0,0,23/09/2026 23:25,1,1,1,72.8,Alto
20608145088,D & D MARCELL EMPRESA INDIVIDUAL DE RESPONSABILIDAD LIMITADA,-,2022,HUANCAVELICA,23/06/2021,01/07/2021,2021.0,1.0,0,2022,0,1,1,100000.0,1,1.0,1.0,EMPRESA INDIVIDUAL DE RESP. LTDA,ACTIVO,HABIDO,,JUNIN/HUANCAYO/CHILCA,Principal - 7110 - ACTIVIDADES DE ARQUITECTURA E INGENIERÍA Y ACTIVIDADES CONEXAS DE CONSULTORÍA TÉCNICA,3.0,"Principal - 7110 - ACTIVIDADES DE ARQUITECTURA E INGENIERÍA Y ACTIVIDADES CONEXAS DE CONSULTORÍA TÉCNICA | Secundaria 1 - 4663 - VENTA AL POR MAYOR DE MATERIALES DE CONSTRUCCIÓN, ARTÍCULOS DE FERRETERÍA Y EQUIPO Y MATERIALES DE FONTANERÍA Y CALEFACCIÓN | Secundaria 2 - 4100 - CONSTRUCCIÓN DE EDIFICIOS",0,0,0,0,23/09/2026 23:26,1,1,1,72.8,Alto
20226217003,GARCIA VARGAS INGENIEROS CONSTRUCTORES S.R.L.,GAVIC S R L,2022,HUANUCO,25/08/1994,09/08/1994,1994.0,28.0,0,2007,15,1,1,159937870.28,1,0.0,0.0,SOC.COM.RESPONS. LTDA,ACTIVO,HABIDO,,CAJAMARCA/CAJAMARCA/CAJAMARCA,Principal - 7110 - ACTIVIDADES DE ARQUITECTURA E INGENIERÍA Y ACTIVIDADES CONEXAS DE CONSULTORÍA TÉCNICA,3.0,"Principal - 7110 - ACTIVIDADES DE ARQUITECTURA E INGENIERÍA Y ACTIVIDADES CONEXAS DE CONSULTORÍA TÉCNICA | Secundaria 1 - 4100 - CONSTRUCCIÓN DE EDIFICIOS | Secundaria 2 - 7730 - ALQUILER Y ARRENDAMIENTO DE OTROS TIPOS DE MAQUINARIA, EQUIPO Y BIENES TANGIBLES",1,0,0,0,23/09/2026 22:09,1,1,1,72.7,Alto
20482474587,ICA GRUPO CONTRATISTAS GENERALES S.A.C.,-,2022,HUANUCO,17/02/2010,17/02/2010,2010.0,12.0,0,2022,0,1,1,16387233.02,1,0.0,0.0,SOCIEDAD ANONIMA CERRADA,ACTIVO,HABIDO,,LA LIBERTAD/SANCHEZ CARRION/HUAMACHUCO,Principal - 4100 - CONSTRUCCIÓN DE EDIFICIOS,3.0,"Principal - 4100 - CONSTRUCCIÓN DE EDIFICIOS | Secundaria 1 - 4663 - VENTA AL POR MAYOR DE MATERIALES DE CONSTRUCCIÓN, ARTÍCULOS DE FERRETERÍA Y EQUIPO Y MATERIALES DE FONTANERÍA Y CALEFACCIÓN | Secundaria 2 - 4630 - VENTA AL POR MAYOR DE ALIMENTOS, BEBIDAS Y TABACO",1,0,0,0,23/09/2026 22:25,1,1,1,72.7,Alto
20486834529,YACZ CONTRATISTAS GENERALES S.R.L.,-,2022,HUANUCO,09/05/2008,09/05/2008,2008.0,14.0,0,2010,12,4,2,100000.0,4,4.0,1.0,SOC.COM.RESPONS. LTDA,ACTIVO,HABIDO,,HUANUCO/HUANUCO/AMARILIS,Principal - 4100 - CONSTRUCCIÓN DE EDIFICIOS,3.0,"Principal - 4100 - CONSTRUCCIÓN DE EDIFICIOS | Secundaria 1 - 7730 - ALQUILER Y ARRENDAMIENTO DE OTROS TIPOS DE MAQUINARIA, EQUIPO Y BIENES TANGIBLES | Secundaria 2 - 4663 - VENTA AL POR MAYOR DE MATERIALES DE CONSTRUCCIÓN, ARTÍCULOS DE FERRETERÍA Y EQUIPO Y MATERIALES DE FONTANERÍA Y CALEFACCIÓN",3,0,0,0,23/09/2026 22:28,1,1,1,72.7,Alto
20489532981,MEGA INVERSIONES S.R.L.,-,2022,HUANUCO,19/04/2007,01/05/2007,2007.0,15.0,0,2010,12,2,1,100000.0,2,2.0,1.0,SOC.COM.RESPONS. LTDA,ACTIVO,HABIDO,,LIMA/LIMA/JESUS MARIA,Principal - 7110 - ACTIVIDADES DE ARQUITECTURA E INGENIERÍA Y ACTIVIDADES CONEXAS DE CONSULTORÍA TÉCNICA,3.0,"Principal - 7110 - ACTIVIDADES DE ARQUITECTURA E INGENIERÍA Y ACTIVIDADES CONEXAS DE CONSULTORÍA TÉCNICA | Secundaria 1 - 4210 - CONSTRUCCIÓN DE CARRETERAS Y VÍAS DE FERROCARRIL | Secundaria 2 - 7730 - ALQUILER Y ARRENDAMIENTO DE OTROS TIPOS DE MAQUINARIA, EQUIPO Y BIENES TANGIBLES",0,1,0,0,23/09/2026 22:31,1,1,1,72.7,Alto
20489536979,CONSTRUCTORA Y CONSULTORA 'FISA' SOCIEDAD ANONIMA CERRADA,-,2022,HUANUCO,08/05/2007,05/07/2007,2007.0,15.0,0,2013,9,1,3,99122010.24,1,0.0,0.0,SOCIEDAD ANONIMA CERRADA,ACTIVO,HABIDO,,HUANUCO/HUANUCO/AMARILIS,Principal - 7110 - ACTIVIDADES DE ARQUITECTURA E INGENIERÍA Y ACTIVIDADES CONEXAS DE CONSULTORÍA TÉCNICA,3.0,Principal - 7110 - ACTIVIDADES DE ARQUITECTURA E INGENIERÍA Y ACTIVIDADES CONEXAS DE CONSULTORÍA TÉCNICA | Secundaria 1 - 4923 - TRANSPORTE DE CARGA POR CARRETERA | Secundaria 2 - 4210 - CONSTRUCCIÓN DE CARRETERAS Y VÍAS DE FERROCARRIL,0,2,0,0,23/09/2026 22:31,1,1,1,72.7,Alto
20489643627,MINING & CIVIL S.A.C,-,2022,HUANUCO,10/04/2008,01/05/2008,2008.0,14.0,0,2022,0,1,1,100000.0,1,1.0,1.0,SOCIEDAD ANONIMA CERRADA,ACTIVO,HABIDO,,ANCASH/HUARAZ/INDEPENDENCIA,"Principal - 7730 - ALQUILER Y ARRENDAMIENTO DE OTROS TIPOS DE MAQUINARIA, EQUIPO Y BIENES TANGIBLES",3.0,"Principal - 7730 - ALQUILER Y ARRENDAMIENTO DE OTROS TIPOS DE MAQUINARIA, EQUIPO Y BIENES TANGIBLES | Secundaria 1 - 4100 - CONSTRUCCIÓN DE EDIFICIOS | Secundaria 2 - 7110 - ACTIVIDADES DE ARQUITECTURA E INGENIERÍA Y ACTIVIDADES CONEXAS DE CONSULTORÍA TÉCNICA",0,0,0,0,23/09/2026 22:31,1,1,1,72.7,Alto
20489680310,EMPRESA DE TRANSPORTES Y SERVICIOS MULTIPLES RARAZ HERMANOS SOCIEDAD COM. DE RESPONSABILIDAD LTDA,RARAZ HNOS S.R.L.,2022,HUANUCO,21/07/2008,01/08/2008,2008.0,14.0,0,2016,6,1,1,100000.0,1,1.0,1.0,SOC.COM.RESPONS. LTDA,ACTIVO,HABIDO,,PASCO/PASCO/TINYAHUARCO,Principal - 4100 - CONSTRUCCIÓN DE EDIFICIOS,3.0,"Principal - 4100 - CONSTRUCCIÓN DE EDIFICIOS | Secundaria 1 - 4663 - VENTA AL POR MAYOR DE MATERIALES DE CONSTRUCCIÓN, ARTÍCULOS DE FERRETERÍA Y EQUIPO Y MATERIALES DE FONTANERÍA Y CALEFACCIÓN | Secundaria 2 - 9609 - OTRAS ACTIVIDADES DE SERVICIOS PERSONALES N.C.P.",0,0,0,0,23/09/2026 22:32,1,1,1,72.7,Alto
20489688647,CONSTRUCTORA Y CONSULTORA XIAMIGO E.I.R.L,-,2022,HUANUCO,26/08/2008,01/09/2008,2008.0,14.0,0,2011,11,1,1,283054691.3,1,0.0,0.0,EMPRESA INDIVIDUAL DE RESP. LTDA,ACTIVO,HABIDO,,HUANUCO/HUANUCO/HUANUCO,Principal - 4100 - CONSTRUCCIÓN DE EDIFICIOS,3.0,"Principal - 4100 - CONSTRUCCIÓN DE EDIFICIOS | Secundaria 1 - 7020 - ACTIVIDADES DE CONSULTORÍA DE GESTIÓN | Secundaria 2 - 7730 - ALQUILER Y ARRENDAMIENTO DE OTROS TIPOS DE MAQUINARIA, EQUIPO Y BIENES TANGIBLES",0,0,0,0,23/09/2026 22:32,1,1,1,72.7,Alto
20510591829,SERVICIOS DE INGENIERIA CODELSA S.A.C.,-,2022,HUANUCO,17/12/2008,22/01/2007,2007.0,15.0,0,2019,3,2,1,1037125869.18,2,0.0,0.0,SOCIEDAD ANONIMA CERRADA,ACTIVO,HABIDO,,LIMA/LIMA/LA MOLINA,Principal - 4100 - CONSTRUCCIÓN DE EDIFICIOS,2.0,Principal - 4100 - CONSTRUCCIÓN DE EDIFICIOS | Secundaria 1 - 4210 - CONSTRUCCIÓN DE CARRETERAS Y VÍAS DE FERROCARRIL,0,0,0,0,23/09/2026 22:38,1,1,1,72.7,Alto
20528932321,CONSTRUCTORA NOR ORIENTAL Y SERVICIOS SOCIEDAD COMERCIAL DE RESPONSABILIDAD LIMITADA,CONNOR'S S.R.L.,2022,HUANUCO,12/05/2009,12/05/2009,2009.0,13.0,0,2013,9,1,1,502911822.28,1,0.0,0.0,SOC.COM.RESPONS. LTDA,ACTIVO,HABIDO,,HUANUCO/HUANUCO/HUANUCO,Principal - 4100 - CONSTRUCCIÓN DE EDIFICIOS,3.0,Principal - 4100 - CONSTRUCCIÓN DE EDIFICIOS | Secundaria 1 - 4330 - TERMINACIÓN Y ACABADO DE EDIFICIOS | Secundaria 2 - 7110 - ACTIVIDADES DE ARQUITECTURA E INGENIERÍA Y ACTIVIDADES CONEXAS DE CONSULTORÍA TÉCNICA,0,0,0,0,23/09/2026 22:44,1,1,1,72.7,Alto
20529286997,MASTER CONTRATISTAS SAK SOCIEDAD COMERCIAL DE RESPONSABILIDAD LIMITADA,-,2022,HUANUCO,12/09/2011,15/10/2011,2011.0,11.0,0,2015,7,1,1,16563295.22,1,0.0,0.0,SOC.COM.RESPONS. LTDA,ACTIVO,HABIDO,,HUANUCO/HUANUCO/AMARILIS,Principal - 4100 - CONSTRUCCIÓN DE EDIFICIOS,3.0,"Principal - 4100 - CONSTRUCCIÓN DE EDIFICIOS | Secundaria 1 - 4210 - CONSTRUCCIÓN DE CARRETERAS Y VÍAS DE FERROCARRIL | Secundaria 2 - 7730 - ALQUILER Y ARRENDAMIENTO DE OTROS TIPOS DE MAQUINARIA, EQUIPO Y BIENES TANGIBLES",0,0,0,0,23/09/2026 22:45,1,1,1,72.7,Alto
20531055722,EMPRESA CONSTRUCTORA GM E.I.R.L.,-,2022,HUANUCO,10/01/2007,05/05/2007,2007.0,15.0,0,2022,0,2,2,3245405.6,2,0.0,0.0,EMPRESA INDIVIDUAL DE RESP. LTDA,ACTIVO,HABIDO,,ANCASH/HUARAZ/OLLEROS,Principal - 4100 - CONSTRUCCIÓN DE EDIFICIOS,3.0,"Principal - 4100 - CONSTRUCCIÓN DE EDIFICIOS | Secundaria 1 - 4663 - VENTA AL POR MAYOR DE MATERIALES DE CONSTRUCCIÓN, ARTÍCULOS DE FERRETERÍA Y EQUIPO Y MATERIALES DE FONTANERÍA Y CALEFACCIÓN | Secundaria 2 - 4653 - VENTA AL POR MAYOR DE MAQUINARIA, EQUIPO Y MATERIALES AGROPECUARIOS",1,0,0,0,23/09/2026 22:46,1,1,1,72.7,Alto
20534004185,HCSA S.R.L.,HUACHECSA,2022,HUANUCO,23/10/2007,01/11/2007,2007.0,15.0,0,2015,7,1,1,20819743.74,1,0.0,0.0,SOC.COM.RESPONS. LTDA,ACTIVO,HABIDO,,ANCASH/HUARI/CHAVIN DE HUANTAR,Principal - 4100 - CONSTRUCCIÓN DE EDIFICIOS,3.0,"Principal - 4100 - CONSTRUCCIÓN DE EDIFICIOS | Secundaria 1 - 7730 - ALQUILER Y ARRENDAMIENTO DE OTROS TIPOS DE MAQUINARIA, EQUIPO Y BIENES TANGIBLES | Secundaria 2 - 4663 - VENTA AL POR MAYOR DE MATERIALES DE CONSTRUCCIÓN, ARTÍCULOS DE FERRETERÍA Y EQUIPO Y MATERIALES DE FONTANERÍA Y CALEFACCIÓN",0,0,0,0,23/09/2026 22:49,1,1,1,72.7,Alto
20534013508,JV & B S.R.L.,-,2022,HUANUCO,10/11/2007,10/11/2007,2007.0,15.0,0,2010,12,2,1,500000.0,2,0.0,0.0,SOC.COM.RESPONS. LTDA,ACTIVO,HABIDO,,ANCASH/HUARAZ/INDEPENDENCIA,Principal - 7110 - ACTIVIDADES DE ARQUITECTURA E INGENIERÍA Y ACTIVIDADES CONEXAS DE CONSULTORÍA TÉCNICA,3.0,Principal - 7110 - ACTIVIDADES DE ARQUITECTURA E INGENIERÍA Y ACTIVIDADES CONEXAS DE CONSULTORÍA TÉCNICA | Secundaria 1 - 4100 - CONSTRUCCIÓN DE EDIFICIOS | Secundaria 2 - 4923 - TRANSPORTE DE CARGA POR CARRETERA,0,0,0,0,23/09/2026 22:49,1,1,1,72.7,Alto
20542408562,GRUPO PIEDRA AZUL SOCIEDAD ANONIMA CERRADA,-,2022,HUANUCO,24/10/2011,24/10/2011,2011.0,11.0,0,2022,0,3,1,500000.0,3,3.0,1.0,SOCIEDAD ANONIMA CERRADA,ACTIVO,HABIDO,,LIMA/LIMA/JESUS MARIA,Principal - 4290 - CONSTRUCCIÓN DE OTRAS OBRAS DE INGENIERÍA CIVIL,3.0,"Principal - 4290 - CONSTRUCCIÓN DE OTRAS OBRAS DE INGENIERÍA CIVIL | Secundaria 1 - 4390 - OTRAS ACTIVIDADES ESPECIALIZADAS DE CONSTRUCCIÓN | Secundaria 2 - 4663 - VENTA AL POR MAYOR DE MATERIALES DE CONSTRUCCIÓN, ARTÍCULOS DE FERRETERÍA Y EQUIPO Y MATERIALES DE FONTANERÍA Y CALEFACCIÓN",0,0,0,0,23/09/2026 22:55,1,1,1,72.7,Alto
20573078897,MABET CONTRATISTAS GENERALES EMPRESA INDIVIDUAL DE RESPONSABILIDAD LIMITADA,-,2022,HUANUCO,11/04/2013,01/05/2013,2013.0,9.0,0,2020,2,2,1,100000.0,2,2.0,1.0,EMPRESA INDIVIDUAL DE RESP. LTDA,ACTIVO,HABIDO,,HUANUCO/HUANUCO/AMARILIS,Principal - 7110 - ACTIVIDADES DE ARQUITECTURA E INGENIERÍA Y ACTIVIDADES CONEXAS DE CONSULTORÍA TÉCNICA,3.0,Principal - 7110 - ACTIVIDADES DE ARQUITECTURA E INGENIERÍA Y ACTIVIDADES CONEXAS DE CONSULTORÍA TÉCNICA | Secundaria 1 - 4100 - CONSTRUCCIÓN DE EDIFICIOS | Secundaria 2 - 4210 - CONSTRUCCIÓN DE CARRETERAS Y VÍAS DE FERROCARRIL,0,0,0,0,23/09/2026 23:03,1,1,1,72.7,Alto
20573140959,KELVA E.I.R.L.,-,2022,HUANUCO,14/08/2013,01/04/2014,2014.0,8.0,0,2022,0,2,1,100000.0,2,2.0,1.0,EMPRESA INDIVIDUAL DE RESP. LTDA,ACTIVO,HABIDO,,HUANUCO/HUANUCO/HUANUCO,Principal - 4210 - CONSTRUCCIÓN DE CARRETERAS Y VÍAS DE FERROCARRIL,3.0,"Principal - 4210 - CONSTRUCCIÓN DE CARRETERAS Y VÍAS DE FERROCARRIL | Secundaria 1 - 4100 - CONSTRUCCIÓN DE EDIFICIOS | Secundaria 2 - 7730 - ALQUILER Y ARRENDAMIENTO DE OTROS TIPOS DE MAQUINARIA, EQUIPO Y BIENES TANGIBLES",0,0,0,0,23/09/2026 23:04,1,1,1,72.7,Alto
20573320779,SANTI INGENIERIA Y CONSTRUCCION SOCIEDAD COMERCIAL DE RESPONSABILIDAD LIMITADA,-,2022,HUANUCO,14/10/2014,15/10/2014,2014.0,8.0,0,2015,7,1,1,100000.0,1,1.0,1.0,SOC.COM.RESPONS. LTDA,ACTIVO,HABIDO,,HUANUCO/HUANUCO/PILLCO MARCA,Principal - 4390 - OTRAS ACTIVIDADES ESPECIALIZADAS DE CONSTRUCCIÓN,2.0,Principal - 4390 - OTRAS ACTIVIDADES ESPECIALIZADAS DE CONSTRUCCIÓN | Secundaria 1 - 7110 - ACTIVIDADES DE ARQUITECTURA E INGENIERÍA Y ACTIVIDADES CONEXAS DE CONSULTORÍA TÉCNICA,0,0,0,0,23/09/2026 23:04,1,1,1,72.7,Alto
20573333081,PROYECTOS SERVICIOS INNOVADORES & CONSTRUCCIONES DE VANGUARDIA EMPRESA INDIVIDUAL DE RESPONSABILIDAD,PS & C DE VANGUARDIA E.I.R.L,2022,HUANUCO,16/03/2018,09/03/2018,2018.0,4.0,0,2019,3,1,1,7066601.44,1,0.0,0.0,EMPRESA INDIVIDUAL DE RESP. LTDA,ACTIVO,HABIDO,,HUANUCO/HUANUCO/PILLCO MARCA,Principal - 4210 - CONSTRUCCIÓN DE CARRETERAS Y VÍAS DE FERROCARRIL,3.0,"Principal - 4210 - CONSTRUCCIÓN DE CARRETERAS Y VÍAS DE FERROCARRIL | Secundaria 1 - 7110 - ACTIVIDADES DE ARQUITECTURA E INGENIERÍA Y ACTIVIDADES CONEXAS DE CONSULTORÍA TÉCNICA | Secundaria 2 - 7730 - ALQUILER Y ARRENDAMIENTO DE OTROS TIPOS DE MAQUINARIA, EQUIPO Y BIENES TANGIBLES",2,2,0,0,23/09/2026 23:04,1,1,1,72.7,Alto
20600013255,CONSORCIO ROJAS A & W SOCIEDAD COMERCIAL DE RESPONSABILIDAD LIMITADA,-,2022,HUANUCO,19/12/2014,01/01/2015,2015.0,7.0,0,2022,0,1,1,100000.0,1,1.0,1.0,SOC.COM.RESPONS. LTDA,BAJA DE OFICIO,NO HABIDO,30/06/2026,HUANUCO/HUANUCO/HUANUCO,Principal - 4390 - OTRAS ACTIVIDADES ESPECIALIZADAS DE CONSTRUCCIÓN,3.0,"Principal - 4390 - OTRAS ACTIVIDADES ESPECIALIZADAS DE CONSTRUCCIÓN | Secundaria 1 - 4663 - VENTA AL POR MAYOR DE MATERIALES DE CONSTRUCCIÓN, ARTÍCULOS DE FERRETERÍA Y EQUIPO Y MATERIALES DE FONTANERÍA Y CALEFACCIÓN | Secundaria 2 - 7730 - ALQUILER Y ARRENDAMIENTO DE OTROS TIPOS DE MAQUINARIA, EQUIPO Y BIENES TANGIBLES",0,0,0,0,23/09/2026 23:05,1,1,1,72.7,Alto
20601263158,RIVER PLAZA CONTRATISTAS S.A.C.,-,2022,HUANUCO,31/05/2016,01/06/2016,2016.0,6.0,0,2021,1,1,2,100000.0,1,1.0,1.0,SOCIEDAD ANONIMA CERRADA,ACTIVO,HABIDO,,LIMA/LIMA/MAGDALENA DEL MAR,Principal - 4923 - TRANSPORTE DE CARGA POR CARRETERA,3.0,"Principal - 4923 - TRANSPORTE DE CARGA POR CARRETERA | Secundaria 1 - 4663 - VENTA AL POR MAYOR DE MATERIALES DE CONSTRUCCIÓN, ARTÍCULOS DE FERRETERÍA Y EQUIPO Y MATERIALES DE FONTANERÍA Y CALEFACCIÓN | Secundaria 2 - 4290 - CONSTRUCCIÓN DE OTRAS OBRAS DE INGENIERÍA CIVIL",0,0,0,0,23/09/2026 23:12,1,1,1,72.7,Alto
20603194676,GREBO CONSTRUCCIÓN Y SERVICIOS S.A.C. - GREBO S.A.C.,-,2022,HUANUCO,16/05/2018,16/05/2018,2018.0,4.0,0,2022,0,1,2,526526944.78,1,0.0,0.0,SOCIEDAD ANONIMA CERRADA,ACTIVO,HABIDO,,LIMA/LIMA/PUEBLO LIBRE (MAGDALENA VIEJA,Principal - 4290 - CONSTRUCCIÓN DE OTRAS OBRAS DE INGENIERÍA CIVIL,3.0,"Principal - 4290 - CONSTRUCCIÓN DE OTRAS OBRAS DE INGENIERÍA CIVIL | Secundaria 1 - 7730 - ALQUILER Y ARRENDAMIENTO DE OTROS TIPOS DE MAQUINARIA, EQUIPO Y BIENES TANGIBLES | Secundaria 2 - 4663 - VENTA AL POR MAYOR DE MATERIALES DE CONSTRUCCIÓN, ARTÍCULOS DE FERRETERÍA Y EQUIPO Y MATERIALES DE FONTANERÍA Y CALEFACCIÓN",0,0,0,0,23/09/2026 23:18,1,1,1,72.7,Alto
20608077163,G Y M CONSULTORES Y CONSTRUCTORES S.R.L.,-,2022,HUANUCO,08/06/2021,08/06/2021,2021.0,1.0,0,2022,0,2,1,4636396.79,2,0.0,0.0,SOC.COM.RESPONS. LTDA,ACTIVO,HABIDO,,HUANUCO/HUANUCO/HUANUCO,Principal - 7110 - ACTIVIDADES DE ARQUITECTURA E INGENIERÍA Y ACTIVIDADES CONEXAS DE CONSULTORÍA TÉCNICA,2.0,Principal - 7110 - ACTIVIDADES DE ARQUITECTURA E INGENIERÍA Y ACTIVIDADES CONEXAS DE CONSULTORÍA TÉCNICA | Secundaria 1 - 4100 - CONSTRUCCIÓN DE EDIFICIOS,0,0,0,0,23/09/2026 23:26,1,1,1,72.7,Alto
20610153021,CONTRATISTAS Y SERVICIOS GENERALES PERLA DEL HUALLAGA S.A.C.,PERLA DEL HUALLAGA,2022,HUANUCO,24/10/2022,24/10/2022,2022.0,0.0,0,2022,0,1,1,100000.0,1,1.0,1.0,SOCIEDAD ANONIMA CERRADA,ACTIVO,HABIDO,,LORETO/MAYNAS/IQUITOS,Principal - 4100 - CONSTRUCCIÓN DE EDIFICIOS,3.0,"Principal - 4100 - CONSTRUCCIÓN DE EDIFICIOS | Secundaria 1 - 4752 - VENTA AL POR MENOR DE ARTÍCULOS DE FERRETERÍA, PINTURAS Y PRODUCTOS DE VIDRIO EN COMERCIOS ESPECIALIZADOS | Secundaria 2 - 2824 - FABRICACIÓN DE MAQUINARIA PARA LA EXPLOTACIÓN DE MINAS Y CANTERAS Y PARA OBRAS DE CONSTRUCCIÓN",0,0,0,0,23/09/2026 23:28,1,1,1,72.7,Alto
20261295246,FM CONTRATISTAS GENERALES S.R.L.,-,2022,ICA,06/01/1995,14/01/1995,1995.0,27.0,0,2012,10,1,1,400000.0,1,1.0,1.0,SOC.COM.RESPONS. LTDA,ACTIVO,HABIDO,,LIMA/LIMA/LOS OLIVOS,Principal - 4100 - CONSTRUCCIÓN DE EDIFICIOS,3.0,Principal - 4100 - CONSTRUCCIÓN DE EDIFICIOS | Secundaria 1 - 4390 - OTRAS ACTIVIDADES ESPECIALIZADAS DE CONSTRUCCIÓN | Secundaria 2 - 4210 - CONSTRUCCIÓN DE CARRETERAS Y VÍAS DE FERROCARRIL,2,0,0,0,23/09/2026 22:09,1,1,1,68.2,Alto
20268887785,CVJ CONTRATISTAS GENERALES S.R.L.,-,2022,ICA,04/07/1995,04/07/1995,1995.0,27.0,0,2006,16,1,2,400000.0,1,1.0,1.0,SOC.COM.RESPONS. LTDA,ACTIVO,HABIDO,,PROV. CONST. DEL CALLAO/PROV. CONST. DEL CALLAO/CALLAO,Principal - 4290 - CONSTRUCCIÓN DE OTRAS OBRAS DE INGENIERÍA CIVIL,1.0,Principal - 4290 - CONSTRUCCIÓN DE OTRAS OBRAS DE INGENIERÍA CIVIL,1,0,0,0,23/09/2026 22:09,1,1,1,68.2,Alto
20367759551,CONSTRUCCIONES Y MAQUINARIAS DEL SUR SAC,COMASUR SAC,2022,ICA,10/03/1998,10/03/1998,1998.0,24.0,0,2008,14,1,1,435480381.62,1,0.0,0.0,SOCIEDAD ANONIMA CERRADA,ACTIVO,HABIDO,,LIMA/LIMA/CHORRILLOS,Principal - 4210 - CONSTRUCCIÓN DE CARRETERAS Y VÍAS DE FERROCARRIL,3.0,"Principal - 4210 - CONSTRUCCIÓN DE CARRETERAS Y VÍAS DE FERROCARRIL | Secundaria 1 - 4923 - TRANSPORTE DE CARGA POR CARRETERA | Secundaria 2 - 7730 - ALQUILER Y ARRENDAMIENTO DE OTROS TIPOS DE MAQUINARIA, EQUIPO Y BIENES TANGIBLES",2,0,0,0,23/09/2026 22:11,1,1,1,68.2,Alto
20445575411,OB INGENIEROS CONTRATISTAS S.R.L.,OBICON S.R.L.,2022,ICA,25/01/2007,01/02/2007,2007.0,15.0,0,2011,11,1,1,320171616.58,1,0.0,0.0,SOC.COM.RESPONS. LTDA,ACTIVO,HABIDO,,LIMA/LIMA/PUEBLO LIBRE (MAGDALENA VIEJA,Principal - 4100 - CONSTRUCCIÓN DE EDIFICIOS,3.0,Principal - 4100 - CONSTRUCCIÓN DE EDIFICIOS | Secundaria 1 - 4210 - CONSTRUCCIÓN DE CARRETERAS Y VÍAS DE FERROCARRIL | Secundaria 2 - 4390 - OTRAS ACTIVIDADES ESPECIALIZADAS DE CONSTRUCCIÓN,0,0,0,0,23/09/2026 22:17,1,1,1,68.2,Alto
20452371414,R Y J CONSTRUCCIONES Y SERVICIOS S.A.C,R Y J CONSER S.A.C.,2022,ICA,03/10/2002,03/10/2002,2002.0,20.0,0,2005,17,1,1,129549600.35,1,0.0,0.0,SOCIEDAD ANONIMA CERRADA,ACTIVO,HABIDO,,ICA/PISCO/PISCO,Principal - 4100 - CONSTRUCCIÓN DE EDIFICIOS,2.0,Principal - 4100 - CONSTRUCCIÓN DE EDIFICIOS | Secundaria 1 - 4923 - TRANSPORTE DE CARGA POR CARRETERA,0,0,0,0,23/09/2026 22:20,1,1,1,68.2,Alto
20452457726,E. & G. CONTRATISTAS GENERALES S.R.L.,-,2022,ICA,03/07/2003,03/07/2003,2003.0,19.0,0,2009,13,1,1,1213139779.7,1,0.0,0.0,SOC.COM.RESPONS. LTDA,ACTIVO,HABIDO,,ICA/ICA/ICA,Principal - 4210 - CONSTRUCCIÓN DE CARRETERAS Y VÍAS DE FERROCARRIL,3.0,"Principal - 4210 - CONSTRUCCIÓN DE CARRETERAS Y VÍAS DE FERROCARRIL | Secundaria 1 - 7730 - ALQUILER Y ARRENDAMIENTO DE OTROS TIPOS DE MAQUINARIA, EQUIPO Y BIENES TANGIBLES | Secundaria 2 - 4220 - CONSTRUCCIÓN DE PROYECTOS DE SERVICIO PÚBLICO",0,0,0,0,23/09/2026 22:20,1,1,1,68.2,Alto
20452468418,PROYECTOS ASESORAMIENTO Y CONSTRUCCION INGENIEROS S.A.C.,-,2022,ICA,08/08/2003,08/08/2003,2003.0,19.0,0,2009,13,1,1,16729173.02,1,0.0,0.0,SOCIEDAD ANONIMA CERRADA,ACTIVO,HABIDO,,ICA/ICA/ICA,Principal - 4100 - CONSTRUCCIÓN DE EDIFICIOS,3.0,Principal - 4100 - CONSTRUCCIÓN DE EDIFICIOS | Secundaria 1 - 7110 - ACTIVIDADES DE ARQUITECTURA E INGENIERÍA Y ACTIVIDADES CONEXAS DE CONSULTORÍA TÉCNICA | Secundaria 2 - 4923 - TRANSPORTE DE CARGA POR CARRETERA,0,0,0,0,23/09/2026 22:20,1,1,1,68.2,Alto
20485988468,SOGU CONSTRUCTORA S.A.C.,-,2022,ICA,16/08/2002,16/08/2002,2002.0,20.0,0,2010,12,1,1,533517312.01,1,0.0,0.0,SOCIEDAD ANONIMA CERRADA,ACTIVO,HABIDO,,LIMA/LIMA/RIMAC,Principal - 4290 - CONSTRUCCIÓN DE OTRAS OBRAS DE INGENIERÍA CIVIL,2.0,Principal - 4290 - CONSTRUCCIÓN DE OTRAS OBRAS DE INGENIERÍA CIVIL | Secundaria 2 - 5221 - ACTIVIDADES DE SERVICIOS VINCULADAS AL TRANSPORTE TERRESTRE,0,0,0,0,23/09/2026 22:26,1,1,1,68.2,Alto
20486753791,CESBA INGENIEROS CONTRATISTAS GENERALES S.A.C.,-,2022,ICA,09/01/2008,09/01/2008,2008.0,14.0,0,2015,7,2,1,100000.0,2,2.0,1.0,SOCIEDAD ANONIMA CERRADA,ACTIVO,HABIDO,,JUNIN/HUANCAYO/HUANCAYO,Principal - 9329 - OTRAS ACTIVIDADES DE ESPARCIMIENTO Y RECREATIVAS N.C.P.,3.0,Principal - 9329 - OTRAS ACTIVIDADES DE ESPARCIMIENTO Y RECREATIVAS N.C.P. | Secundaria 1 - 4390 - OTRAS ACTIVIDADES ESPECIALIZADAS DE CONSTRUCCIÓN | Secundaria 2 - 0990 - ACTIVIDADES DE APOYO PARA OTRAS ACTIVIDADES DE EXPLOTACIÓN DE MINAS Y CANTERAS,0,0,0,0,23/09/2026 22:27,1,1,1,68.2,Alto
20494263484,GARCIA & PICKMANN CONTRATISTAS GENERALES SAC,-,2022,ICA,21/03/2007,01/04/2007,2007.0,15.0,0,2020,2,2,1,400000.0,2,2.0,1.0,SOCIEDAD ANONIMA CERRADA,ACTIVO,HABIDO,,ICA/ICA/ICA,Principal - 4100 - CONSTRUCCIÓN DE EDIFICIOS,3.0,"Principal - 4100 - CONSTRUCCIÓN DE EDIFICIOS | Secundaria 1 - 7730 - ALQUILER Y ARRENDAMIENTO DE OTROS TIPOS DE MAQUINARIA, EQUIPO Y BIENES TANGIBLES | Secundaria 2 - 4663 - VENTA AL POR MAYOR DE MATERIALES DE CONSTRUCCIÓN, ARTÍCULOS DE FERRETERÍA Y EQUIPO Y MATERIALES DE FONTANERÍA Y CALEFACCIÓN",1,0,0,0,23/09/2026 22:34,1,1,1,68.2,Alto
20495031137,GRUPO FASA S.A.C.,-,2022,ICA,16/08/2010,16/08/2010,2010.0,12.0,0,2022,0,1,1,100000.0,1,1.0,1.0,SOCIEDAD ANONIMA CERRADA,ACTIVO,HABIDO,,ICA/ICA/ICA,Principal - 4390 - OTRAS ACTIVIDADES ESPECIALIZADAS DE CONSTRUCCIÓN,3.0,"Principal - 4390 - OTRAS ACTIVIDADES ESPECIALIZADAS DE CONSTRUCCIÓN | Secundaria 1 - 7110 - ACTIVIDADES DE ARQUITECTURA E INGENIERÍA Y ACTIVIDADES CONEXAS DE CONSULTORÍA TÉCNICA | Secundaria 2 - 4752 - VENTA AL POR MENOR DE ARTÍCULOS DE FERRETERÍA, PINTURAS Y PRODUCTOS DE VIDRIO EN COMERCIOS ESPECIALIZADOS",0,0,0,0,23/09/2026 22:35,1,1,1,68.2,Alto
20508326433,CONSTRUCTORA & CONTRATISTAS GENERALES SUSAN E.I.R.L.,-,2022,ICA,03/02/2005,03/02/2005,2005.0,17.0,0,2021,1,2,1,100998325.06,2,0.0,0.0,EMPRESA INDIVIDUAL DE RESP. LTDA,ACTIVO,HABIDO,,LIMA/LIMA/SANTIAGO DE SURCO,Principal - 4290 - CONSTRUCCIÓN DE OTRAS OBRAS DE INGENIERÍA CIVIL,3.0,Principal - 4290 - CONSTRUCCIÓN DE OTRAS OBRAS DE INGENIERÍA CIVIL | Secundaria 1 - 4923 - TRANSPORTE DE CARGA POR CARRETERA | Secundaria 2 - 2399 - FABRICACIÓN DE OTROS PRODUCTOS MINERALES NO METÁLICOS N.C.P.,0,0,0,0,23/09/2026 22:38,1,1,1,68.2,Alto
20510711824,EMOBYSER CONTRATISTAS GENERALES SOCIEDAD ANONIMA CERRADA,EMOBYSER S.A.C.,2022,ICA,03/05/2005,01/06/2005,2005.0,17.0,0,2009,13,1,1,30495533.42,1,0.0,0.0,SOCIEDAD ANONIMA CERRADA,ACTIVO,HABIDO,,JUNIN/CHANCHAMAYO/PICHANAQUI,Principal - 4100 - CONSTRUCCIÓN DE EDIFICIOS,3.0,"Principal - 4100 - CONSTRUCCIÓN DE EDIFICIOS | Secundaria 1 - 7730 - ALQUILER Y ARRENDAMIENTO DE OTROS TIPOS DE MAQUINARIA, EQUIPO Y BIENES TANGIBLES | Secundaria 2 - 7020 - ACTIVIDADES DE CONSULTORÍA DE GESTIÓN",0,0,0,0,23/09/2026 22:38,1,1,1,68.2,Alto
20514444341,PORFISA CONTRATISTAS GENERALES S.A.C.,-,2022,ICA,10/11/2006,10/11/2006,2006.0,16.0,0,2017,5,1,1,81451779.37,1,0.0,0.0,SOCIEDAD ANONIMA CERRADA,ACTIVO,HABIDO,,LIMA/LIMA/SANTIAGO DE SURCO,Principal - 4210 - CONSTRUCCIÓN DE CARRETERAS Y VÍAS DE FERROCARRIL,3.0,"Principal - 4210 - CONSTRUCCIÓN DE CARRETERAS Y VÍAS DE FERROCARRIL | Secundaria 1 - 4290 - CONSTRUCCIÓN DE OTRAS OBRAS DE INGENIERÍA CIVIL | Secundaria 2 - 4663 - VENTA AL POR MAYOR DE MATERIALES DE CONSTRUCCIÓN, ARTÍCULOS DE FERRETERÍA Y EQUIPO Y MATERIALES DE FONTANERÍA Y CALEFACCIÓN",0,0,0,0,23/09/2026 22:39,1,1,1,68.2,Alto
20517562158,CONSTRUCTORA & INMOBILIARIA SAGITARIO Y ASOCIADOS S.A.C. - SAGITARIO & ASOCIADOS S.A.C.,-,2022,ICA,19/11/2007,19/11/2007,2007.0,15.0,0,2022,0,2,2,1417200052.37,2,0.0,0.0,SOCIEDAD ANONIMA CERRADA,ACTIVO,HABIDO,,LIMA/LIMA/LIMA,Principal - 4100 - CONSTRUCCIÓN DE EDIFICIOS,3.0,"Principal - 4100 - CONSTRUCCIÓN DE EDIFICIOS | Secundaria 1 - 4641 - VENTA AL POR MAYOR DE PRODUCTOS TEXTILES, PRENDAS DE VESTIR Y CALZADO | Secundaria 2 - 4210 - CONSTRUCCIÓN DE CARRETERAS Y VÍAS DE FERROCARRIL",4,2,0,0,23/09/2026 22:39,1,1,1,68.2,Alto
20523386469,ALTAVISTA INVERSIONES GLOBALES SOCIEDAD ANONIMA CERRADA - AIG S.A.C.,-,2022,ICA,29/09/2009,01/10/2009,2009.0,13.0,0,2018,4,1,3,161957529.86,1,0.0,0.0,SOCIEDAD ANONIMA CERRADA,ACTIVO,HABIDO,,LIMA/LIMA/MIRAFLORES,Principal - 4100 - CONSTRUCCIÓN DE EDIFICIOS,3.0,"Principal - 4100 - CONSTRUCCIÓN DE EDIFICIOS | Secundaria 1 - 4290 - CONSTRUCCIÓN DE OTRAS OBRAS DE INGENIERÍA CIVIL | Secundaria 2 - 7730 - ALQUILER Y ARRENDAMIENTO DE OTROS TIPOS DE MAQUINARIA, EQUIPO Y BIENES TANGIBLES",0,1,0,0,23/09/2026 22:40,1,1,1,68.2,Alto
20531659075,CONSTRUCTORA DE INGENIERIA PERU S.A.C.,COIPESA S.A.C.,2022,ICA,04/04/2009,01/04/2009,2009.0,13.0,0,2011,11,1,1,174206866.3,1,0.0,0.0,SOCIEDAD ANONIMA CERRADA,ACTIVO,HABIDO,,LIMA/LIMA/PUEBLO LIBRE (MAGDALENA VIEJA,Principal - 4100 - CONSTRUCCIÓN DE EDIFICIOS,3.0,Principal - 4100 - CONSTRUCCIÓN DE EDIFICIOS | Secundaria 1 - 7110 - ACTIVIDADES DE ARQUITECTURA E INGENIERÍA Y ACTIVIDADES CONEXAS DE CONSULTORÍA TÉCNICA | Secundaria 2 - 4390 - OTRAS ACTIVIDADES ESPECIALIZADAS DE CONSTRUCCIÓN,0,0,0,0,23/09/2026 22:47,1,1,1,68.2,Alto
20532002819,INVERSIONES Y SERVICIOS BUGATTI S.A.C.,-,2022,ICA,13/05/2011,01/05/2011,2011.0,11.0,0,2022,0,1,2,74909103.61,1,1.0,1.0,SOCIEDAD ANONIMA CERRADA,ACTIVO,HABIDO,,LIMA/LIMA/SAN ISIDRO,Principal - 4100 - CONSTRUCCIÓN DE EDIFICIOS,3.0,"Principal - 4100 - CONSTRUCCIÓN DE EDIFICIOS | Secundaria 1 - 7730 - ALQUILER Y ARRENDAMIENTO DE OTROS TIPOS DE MAQUINARIA, EQUIPO Y BIENES TANGIBLES | Secundaria 2 - 4663 - VENTA AL POR MAYOR DE MATERIALES DE CONSTRUCCIÓN, ARTÍCULOS DE FERRETERÍA Y EQUIPO Y MATERIALES DE FONTANERÍA Y CALEFACCIÓN",0,0,0,0,23/09/2026 22:48,1,1,1,68.2,Alto
20534393572,CONSTRUCTORA Y SERVICIOS GENERALES SOL & DUNA S.A.C.,-,2022,ICA,17/10/2011,17/10/2011,2011.0,11.0,0,2022,0,1,1,46492478.51,1,0.0,0.0,SOCIEDAD ANONIMA CERRADA,ACTIVO,HABIDO,,ICA/ICA/SALAS,Principal - 4100 - CONSTRUCCIÓN DE EDIFICIOS,3.0,Principal - 4100 - CONSTRUCCIÓN DE EDIFICIOS | Secundaria 1 - 4210 - CONSTRUCCIÓN DE CARRETERAS Y VÍAS DE FERROCARRIL | Secundaria 2 - 3900 - ACTIVIDADES DE DESCONTAMINACIÓN Y OTROS SERVICIOS DE GESTIÓN DE DESECHOS,0,0,0,0,23/09/2026 22:51,1,1,1,68.2,Alto
20534749008,CONSULTORA Y EJECUTORA SUPERCONCRETO S.A.C.,-,2022,ICA,10/11/2012,10/11/2012,2012.0,10.0,0,2022,0,1,1,12976497.14,1,0.0,0.0,SOCIEDAD ANONIMA CERRADA,ACTIVO,HABIDO,,ICA/ICA/ICA,Principal - 4100 - CONSTRUCCIÓN DE EDIFICIOS,3.0,Principal - 4100 - CONSTRUCCIÓN DE EDIFICIOS | Secundaria 1 - 7110 - ACTIVIDADES DE ARQUITECTURA E INGENIERÍA Y ACTIVIDADES CONEXAS DE CONSULTORÍA TÉCNICA | Secundaria 2 - 4210 - CONSTRUCCIÓN DE CARRETERAS Y VÍAS DE FERROCARRIL,1,0,0,0,23/09/2026 22:51,1,1,1,68.2,Alto
20536704231,CONSTRUCTORA & CONTRATISTAS GENERALES JD & HN E.I.R.L.,-,2022,ICA,06/07/2010,06/07/2010,2010.0,12.0,0,2022,0,1,2,11159976.41,1,0.0,0.0,EMPRESA INDIVIDUAL DE RESP. LTDA,ACTIVO,HABIDO,,LIMA/LIMA/SAN JUAN DE MIRAFLORES,Principal - 4100 - CONSTRUCCIÓN DE EDIFICIOS,2.0,"Principal - 4100 - CONSTRUCCIÓN DE EDIFICIOS | Secundaria 1 - 7730 - ALQUILER Y ARRENDAMIENTO DE OTROS TIPOS DE MAQUINARIA, EQUIPO Y BIENES TANGIBLES",0,0,0,0,23/09/2026 22:52,1,1,1,68.2,Alto
20537169207,RIVA SOCIEDAD ANONIMA INMOBILIARIA INDUSTRIAL COMERCIAL FINANCIERA Y AGROPECUARIA SUCURSAL DEL PERU,-,2022,ICA,20/08/2010,20/08/2010,2010.0,12.0,0,2012,10,2,1,100000.0,2,2.0,1.0,SUCURSALES O AG. DE EMP. EXTRANJ.,ACTIVO,HABIDO,,LIMA/LIMA/BARRANCO,Principal - 4390 - OTRAS ACTIVIDADES ESPECIALIZADAS DE CONSTRUCCIÓN,2.0,Principal - 4390 - OTRAS ACTIVIDADES ESPECIALIZADAS DE CONSTRUCCIÓN | Secundaria 1 - 7020 - ACTIVIDADES DE CONSULTORÍA DE GESTIÓN,4,1,0,0,23/09/2026 22:52,1,1,1,68.2,Alto
20547282559,ARO CONSTRUCTORA Y MINEROS EIRL,-,2022,ICA,20/03/2012,01/04/2012,2012.0,10.0,0,2022,0,2,1,135689244.58,2,0.0,0.0,EMPRESA INDIVIDUAL DE RESP. LTDA,ACTIVO,HABIDO,,LIMA/LIMA/LIMA,Principal - 4100 - CONSTRUCCIÓN DE EDIFICIOS,2.0,Principal - 4100 - CONSTRUCCIÓN DE EDIFICIOS | Secundaria 1 - 4312 - PREPARACIÓN DEL TERRENO,0,0,0,0,23/09/2026 22:56,1,1,1,68.2,Alto
20600472233,EFF INGENIEROS E.I.R.L.,-,2022,ICA,20/06/2015,01/07/2015,2015.0,7.0,0,2022,0,2,1,30634551.6,2,0.0,0.0,EMPRESA INDIVIDUAL DE RESP. LTDA,ACTIVO,HABIDO,,ICA/ICA/LA TINGUIÑA,Principal - 4390 - OTRAS ACTIVIDADES ESPECIALIZADAS DE CONSTRUCCIÓN,3.0,"Principal - 4390 - OTRAS ACTIVIDADES ESPECIALIZADAS DE CONSTRUCCIÓN | Secundaria 1 - 4923 - TRANSPORTE DE CARGA POR CARRETERA | Secundaria 2 - 7730 - ALQUILER Y ARRENDAMIENTO DE OTROS TIPOS DE MAQUINARIA, EQUIPO Y BIENES TANGIBLES",0,0,0,0,23/09/2026 23:09,1,1,1,68.2,Alto
20600689020,ADESERG PERU S.A.C. - ADESERG S.A.C.,-,2022,ICA,23/09/2015,23/09/2015,2015.0,7.0,0,2017,5,1,1,400000.0,1,1.0,1.0,SOCIEDAD ANONIMA CERRADA,ACTIVO,HABIDO,,LIMA/LIMA/LURIN,Principal - 7120 - ENSAYOS Y ANÁLISIS TÉCNICOS,3.0,"Principal - 7120 - ENSAYOS Y ANÁLISIS TÉCNICOS | Secundaria 1 - 4290 - CONSTRUCCIÓN DE OTRAS OBRAS DE INGENIERÍA CIVIL | Secundaria 2 - 4663 - VENTA AL POR MAYOR DE MATERIALES DE CONSTRUCCIÓN, ARTÍCULOS DE FERRETERÍA Y EQUIPO Y MATERIALES DE FONTANERÍA Y CALEFACCIÓN",1,0,0,0,23/09/2026 23:10,1,1,1,68.2,Alto
20602258395,INVERSIONES SARA-ROSALES SOCIEDAD ANONIMA CERRADA - INVERSIONES SARA-ROSALES S.A.C.,-,2022,ICA,03/07/2017,03/07/2017,2017.0,5.0,0,2022,0,1,1,100000.0,1,1.0,1.0,SOCIEDAD ANONIMA CERRADA,ACTIVO,HABIDO,,LIMA/LIMA/SAN MIGUEL,Principal - 4210 - CONSTRUCCIÓN DE CARRETERAS Y VÍAS DE FERROCARRIL,3.0,Principal - 4210 - CONSTRUCCIÓN DE CARRETERAS Y VÍAS DE FERROCARRIL | Secundaria 1 - 3100 - FABRICACIÓN DE MUEBLES | Secundaria 2 - 1702 - FABRICACIÓN DE PAPEL Y CARTÓN ONDULADO Y DE ENVASES DE PAPEL Y CARTÓN,1,0,0,0,23/09/2026 23:16,1,1,1,68.2,Alto
20101884407,CONVIALES PERU S.A.C.,CONVIALES PERU S.A.C.,2022,JUNIN,09/03/1993,01/09/1979,1979.0,43.0,0,2007,15,1,2,665610088.4,1,0.0,0.0,SOCIEDAD ANONIMA CERRADA,ACTIVO,HABIDO,,LIMA/LIMA/LURIN,Principal - 4390 - OTRAS ACTIVIDADES ESPECIALIZADAS DE CONSTRUCCIÓN,2.0,"Principal - 4390 - OTRAS ACTIVIDADES ESPECIALIZADAS DE CONSTRUCCIÓN | Secundaria 1 - 7730 - ALQUILER Y ARRENDAMIENTO DE OTROS TIPOS DE MAQUINARIA, EQUIPO Y BIENES TANGIBLES",0,0,0,0,23/09/2026 22:07,1,1,1,81.2,Muy alto
20452440912,CONTRATISTAS Y CONSULTORES MENDOZA SRL,MENDOZA S.R.L.,2022,JUNIN,23/05/2003,01/06/2003,2003.0,19.0,0,2010,12,1,2,188078288.76,1,0.0,0.0,SOC.COM.RESPONS. LTDA,ACTIVO,HABIDO,,LIMA/LIMA/SAN ISIDRO,Principal - 4100 - CONSTRUCCIÓN DE EDIFICIOS,3.0,Principal - 4100 - CONSTRUCCIÓN DE EDIFICIOS | Secundaria 1 - 4923 - TRANSPORTE DE CARGA POR CARRETERA | Secundaria 2 - 0990 - ACTIVIDADES DE APOYO PARA OTRAS ACTIVIDADES DE EXPLOTACIÓN DE MINAS Y CANTERAS,0,0,0,0,23/09/2026 22:20,1,1,1,81.2,Muy alto
20486573113,CONSORCIO REBOLLAR S.R.L.,-,2022,JUNIN,19/02/2007,19/02/2007,2007.0,15.0,0,2014,8,1,1,100000.0,1,1.0,1.0,SOC.COM.RESPONS. LTDA,ACTIVO,HABIDO,,JUNIN/HUANCAYO/EL TAMBO,Principal - 4100 - CONSTRUCCIÓN DE EDIFICIOS,3.0,Principal - 4100 - CONSTRUCCIÓN DE EDIFICIOS | Secundaria 1 - 4210 - CONSTRUCCIÓN DE CARRETERAS Y VÍAS DE FERROCARRIL | Secundaria 2 - 4290 - CONSTRUCCIÓN DE OTRAS OBRAS DE INGENIERÍA CIVIL,2,0,0,0,23/09/2026 22:27,1,1,1,81.2,Muy alto
20486975939,CONSTRUCTORA INMOBILIARIA GOLD S.A.C.,-,2022,JUNIN,30/12/2008,30/12/2008,2008.0,14.0,0,2014,8,1,2,125866033.84,1,0.0,0.0,SOCIEDAD ANONIMA CERRADA,ACTIVO,HABIDO,,LIMA/LIMA/CHORRILLOS,Principal - 4100 - CONSTRUCCIÓN DE EDIFICIOS,3.0,"Principal - 4100 - CONSTRUCCIÓN DE EDIFICIOS | Secundaria 1 - 4210 - CONSTRUCCIÓN DE CARRETERAS Y VÍAS DE FERROCARRIL | Secundaria 2 - 4663 - VENTA AL POR MAYOR DE MATERIALES DE CONSTRUCCIÓN, ARTÍCULOS DE FERRETERÍA Y EQUIPO Y MATERIALES DE FONTANERÍA Y CALEFACCIÓN",0,0,0,0,23/09/2026 22:28,1,1,1,81.2,Muy alto
20489517320,ASPHALT TECHNOLOGIES SOCIEDAD ANONIMA CERRADA,ASPHALTECH SAC,2022,JUNIN,07/03/2007,01/04/2007,2007.0,15.0,0,2012,10,1,2,136041246.7,1,0.0,0.0,SOCIEDAD ANONIMA CERRADA,BAJA DE OFICIO,NO HABIDO,31/07/2026,LIMA/LIMA/SAN LUIS,Principal - 4100 - CONSTRUCCIÓN DE EDIFICIOS,3.0,Principal - 4100 - CONSTRUCCIÓN DE EDIFICIOS | Secundaria 1 - 2592 - TRATAMIENTO Y REVESTIMIENTO DE METALES; MAQUINADO | Secundaria 2 - 0990 - ACTIVIDADES DE APOYO PARA OTRAS ACTIVIDADES DE EXPLOTACIÓN DE MINAS Y CANTERAS,0,0,0,0,23/09/2026 22:30,1,1,1,81.2,Muy alto
20501430669,GRUPO INMOBILIARIO VENTURO S.A.C.,GRINVESAC,2022,JUNIN,04/07/2003,09/06/2003,2003.0,19.0,0,2019,3,1,1,100000.0,1,1.0,1.0,SOCIEDAD ANONIMA CERRADA,ACTIVO,HABIDO,,LIMA/LIMA/SANTIAGO DE SURCO,Principal - 4390 - OTRAS ACTIVIDADES ESPECIALIZADAS DE CONSTRUCCIÓN,2.0,Principal - 4390 - OTRAS ACTIVIDADES ESPECIALIZADAS DE CONSTRUCCIÓN | Secundaria 1 - 7710 - ALQUILER Y ARRENDAMIENTO DE VEHÍCULOS AUTOMOTORES,1,0,0,0,23/09/2026 22:37,1,1,1,81.2,Muy alto
20514014419,VITRUBIO MUNDO DE INGENIERIA CONSULTORES Y CONTRATISTAS SAC,-,2022,JUNIN,18/02/2021,18/02/2021,2021.0,1.0,0,2022,0,1,1,300000.0,1,1.0,1.0,SOCIEDAD ANONIMA CERRADA,ACTIVO,HABIDO,,LIMA/LIMA/MIRAFLORES,Principal - 4390 - OTRAS ACTIVIDADES ESPECIALIZADAS DE CONSTRUCCIÓN,3.0,"Principal - 4390 - OTRAS ACTIVIDADES ESPECIALIZADAS DE CONSTRUCCIÓN | Secundaria 1 - 7020 - ACTIVIDADES DE CONSULTORÍA DE GESTIÓN | Secundaria 2 - 4663 - VENTA AL POR MAYOR DE MATERIALES DE CONSTRUCCIÓN, ARTÍCULOS DE FERRETERÍA Y EQUIPO Y MATERIALES DE FONTANERÍA Y CALEFACCIÓN",0,0,0,0,23/09/2026 22:38,1,1,1,81.2,Muy alto
20529104988,COMERCIALIZACIONES Y REPRESENTACIONES BARUJ HASHEM ADONAI S.A.C.,-,2022,JUNIN,22/10/2010,22/10/2010,2010.0,12.0,0,2012,10,1,1,500000.0,1,1.0,1.0,SOCIEDAD ANONIMA CERRADA,ACTIVO,HABIDO,,UCAYALI/CORONEL PORTILLO/YARINACOCHA,Principal - 4100 - CONSTRUCCIÓN DE EDIFICIOS,3.0,Principal - 4100 - CONSTRUCCIÓN DE EDIFICIOS | Secundaria 1 - 4923 - TRANSPORTE DE CARGA POR CARRETERA | Secundaria 2 - 4210 - CONSTRUCCIÓN DE CARRETERAS Y VÍAS DE FERROCARRIL,0,5,0,0,23/09/2026 22:44,1,1,1,81.2,Muy alto
20547097069,M & S PROYECTS S.A.C.,-,2022,JUNIN,06/03/2012,06/03/2012,2012.0,10.0,0,2020,2,1,3,100000.0,1,1.0,1.0,SOCIEDAD ANONIMA CERRADA,ACTIVO,HABIDO,,LIMA/LIMA/MIRAFLORES,Principal - 4100 - CONSTRUCCIÓN DE EDIFICIOS,3.0,Principal - 4100 - CONSTRUCCIÓN DE EDIFICIOS | Secundaria 1 - 4210 - CONSTRUCCIÓN DE CARRETERAS Y VÍAS DE FERROCARRIL | Secundaria 2 - 3312 - REPARACIÓN DE MAQUINARIA,1,1,0,0,23/09/2026 22:56,1,1,1,81.2,Muy alto
20574732400,CONSTRUCTORA E INMOBILIARIOS SAN FELIPE S.A.C.,-,2022,JUNIN,07/05/2014,07/05/2014,2014.0,8.0,0,2021,1,1,1,25676250.72,1,0.0,0.0,SOCIEDAD ANONIMA CERRADA,ACTIVO,HABIDO,,AYACUCHO/HUAMANGA/AYACUCHO,Principal - 4100 - CONSTRUCCIÓN DE EDIFICIOS,3.0,"Principal - 4100 - CONSTRUCCIÓN DE EDIFICIOS | Secundaria 1 - 4923 - TRANSPORTE DE CARGA POR CARRETERA | Secundaria 2 - 7730 - ALQUILER Y ARRENDAMIENTO DE OTROS TIPOS DE MAQUINARIA, EQUIPO Y BIENES TANGIBLES",0,0,0,0,23/09/2026 23:04,1,1,1,81.2,Muy alto
20574750301,WCHUCHON S.A.C.,-,2022,JUNIN,23/06/2014,23/06/2014,2014.0,8.0,0,2022,0,1,2,37672764.7,1,0.0,0.0,SOCIEDAD ANONIMA CERRADA,ACTIVO,HABIDO,,LIMA/LIMA/LA VICTORIA,"Principal - 4663 - VENTA AL POR MAYOR DE MATERIALES DE CONSTRUCCIÓN, ARTÍCULOS DE FERRETERÍA Y EQUIPO Y MATERIALES DE FONTANERÍA Y CALEFACCIÓN",3.0,"Principal - 4663 - VENTA AL POR MAYOR DE MATERIALES DE CONSTRUCCIÓN, ARTÍCULOS DE FERRETERÍA Y EQUIPO Y MATERIALES DE FONTANERÍA Y CALEFACCIÓN | Secundaria 1 - 4923 - TRANSPORTE DE CARGA POR CARRETERA | Secundaria 2 - 7730 - ALQUILER Y ARRENDAMIENTO DE OTROS TIPOS DE MAQUINARIA, EQUIPO Y BIENES TANGIBLES",0,0,0,0,23/09/2026 23:05,1,1,1,81.2,Muy alto
20600192087,CONSULTORIA & PROYECTOS IRZA S.R.L.,-,2022,JUNIN,05/03/2015,05/03/2015,2015.0,7.0,0,2022,0,1,1,100000.0,1,1.0,1.0,SOC.COM.RESPONS. LTDA,ACTIVO,HABIDO,,LIMA/LIMA/JESUS MARIA,Principal - 7110 - ACTIVIDADES DE ARQUITECTURA E INGENIERÍA Y ACTIVIDADES CONEXAS DE CONSULTORÍA TÉCNICA,2.0,Principal - 7110 - ACTIVIDADES DE ARQUITECTURA E INGENIERÍA Y ACTIVIDADES CONEXAS DE CONSULTORÍA TÉCNICA | Secundaria 1 - 4390 - OTRAS ACTIVIDADES ESPECIALIZADAS DE CONSTRUCCIÓN,0,0,0,0,23/09/2026 23:07,1,1,1,81.2,Muy alto
20600696654,TITON E.I.R.L.,-,2022,JUNIN,26/09/2015,01/10/2015,2015.0,7.0,0,2022,0,1,1,100000.0,1,1.0,1.0,EMPRESA INDIVIDUAL DE RESP. LTDA,ACTIVO,HABIDO,,JUNIN/HUANCAYO/EL TAMBO,Principal - 4923 - TRANSPORTE DE CARGA POR CARRETERA,3.0,"Principal - 4923 - TRANSPORTE DE CARGA POR CARRETERA | Secundaria 1 - 7730 - ALQUILER Y ARRENDAMIENTO DE OTROS TIPOS DE MAQUINARIA, EQUIPO Y BIENES TANGIBLES | Secundaria 2 - 4210 - CONSTRUCCIÓN DE CARRETERAS Y VÍAS DE FERROCARRIL",0,0,0,0,23/09/2026 23:10,1,1,1,81.2,Muy alto
20601143021,"MEYAN S.A., SUCURSAL DEL PERU",-,2022,JUNIN,04/03/2019,04/03/2019,2019.0,3.0,0,2022,0,1,2,797133118.85,1,0.0,0.0,SUCURSALES O AG. DE EMP. EXTRANJ.,ACTIVO,HABIDO,,LIMA/LIMA/MIRAFLORES,Principal - 4210 - CONSTRUCCIÓN DE CARRETERAS Y VÍAS DE FERROCARRIL,3.0,Principal - 4210 - CONSTRUCCIÓN DE CARRETERAS Y VÍAS DE FERROCARRIL | Secundaria 1 - 4100 - CONSTRUCCIÓN DE EDIFICIOS | Secundaria 2 - 4290 - CONSTRUCCIÓN DE OTRAS OBRAS DE INGENIERÍA CIVIL,1,1,0,0,23/09/2026 23:12,1,1,1,81.2,Muy alto
20602371442,CHINA GEZHOUBA GROUP COMPANY LIMITED SUCURSAL PERU,CGGC SUCURSAL PERÚ,2022,JUNIN,15/08/2017,15/08/2017,2017.0,5.0,0,2020,2,3,2,100000.0,3,3.0,1.0,SUCURSALES O AG. DE EMP. EXTRANJ.,ACTIVO,HABIDO,,LIMA/LIMA/SAN ISIDRO,Principal - 4100 - CONSTRUCCIÓN DE EDIFICIOS,3.0,"Principal - 4100 - CONSTRUCCIÓN DE EDIFICIOS | Secundaria 1 - 7730 - ALQUILER Y ARRENDAMIENTO DE OTROS TIPOS DE MAQUINARIA, EQUIPO Y BIENES TANGIBLES | Secundaria 2 - 4663 - VENTA AL POR MAYOR DE MATERIALES DE CONSTRUCCIÓN, ARTÍCULOS DE FERRETERÍA Y EQUIPO Y MATERIALES DE FONTANERÍA Y CALEFACCIÓN",1,0,0,0,23/09/2026 23:16,1,1,1,81.2,Muy alto
20603476400,CONSTRUCOES ENGENHARIA E PAVIMENTACAO ENPAVI LTDA SUCURSAL DEL PERU,-,2022,JUNIN,09/08/2018,09/08/2018,2018.0,4.0,0,2020,2,1,3,470313192.14,1,0.0,0.0,SUCURSALES O AG. DE EMP. EXTRANJ.,ACTIVO,HABIDO,,LIMA/LIMA/SANTIAGO DE SURCO,Principal - 7110 - ACTIVIDADES DE ARQUITECTURA E INGENIERÍA Y ACTIVIDADES CONEXAS DE CONSULTORÍA TÉCNICA,1.0,Principal - 7110 - ACTIVIDADES DE ARQUITECTURA E INGENIERÍA Y ACTIVIDADES CONEXAS DE CONSULTORÍA TÉCNICA,1,0,0,0,23/09/2026 23:19,1,1,1,81.2,Muy alto
20144691173,CONSTRUCTORA VANESSA ORIETTA SRL,CONSTRUCTORA VANESSA ORIETTA,2022,LA LIBERTAD,29/06/1993,20/05/1993,1993.0,29.0,0,2006,16,1,3,60000000.0,1,0.0,0.0,SOC.COM.RESPONS. LTDA,ACTIVO,HABIDO,,LIMA/LIMA/SAN ISIDRO,Principal - 4390 - OTRAS ACTIVIDADES ESPECIALIZADAS DE CONSTRUCCIÓN,2.0,"Principal - 4390 - OTRAS ACTIVIDADES ESPECIALIZADAS DE CONSTRUCCIÓN | Secundaria 2 - 4663 - VENTA AL POR MAYOR DE MATERIALES DE CONSTRUCCIÓN, ARTÍCULOS DE FERRETERÍA Y EQUIPO Y MATERIALES DE FONTANERÍA Y CALEFACCIÓN",0,0,0,0,23/09/2026 22:08,1,1,1,74.0,Alto
20205328662,SAN AGUSTIN E.I.R.L CONTRATISTAS GENERALES,SAN AGUSTIN EIRL CONTRATISTAS,2022,LA LIBERTAD,14/01/1994,27/11/1989,1989.0,33.0,0,2013,9,1,1,145008025.78,1,0.0,0.0,EMPRESA INDIVIDUAL DE RESP. LTDA,ACTIVO,NO HALLADO,,LIMA/LIMA/LOS OLIVOS,Principal - 4390 - OTRAS ACTIVIDADES ESPECIALIZADAS DE CONSTRUCCIÓN,2.0,Principal - 4390 - OTRAS ACTIVIDADES ESPECIALIZADAS DE CONSTRUCCIÓN | Secundaria 1 - 7110 - ACTIVIDADES DE ARQUITECTURA E INGENIERÍA Y ACTIVIDADES CONEXAS DE CONSULTORÍA TÉCNICA,1,1,0,0,23/09/2026 22:09,1,1,1,74.0,Alto
20326387593,SAN QUIRINO CONSTRUCTORES S.R.LTDA.,SAN QUIRINO,2022,LA LIBERTAD,10/02/1997,04/02/1997,1997.0,25.0,0,2013,9,2,1,100000.0,2,2.0,1.0,SOC.COM.RESPONS. LTDA,ACTIVO,HABIDO,,CAJAMARCA/CAJAMARCA/CAJAMARCA,Principal - 7110 - ACTIVIDADES DE ARQUITECTURA E INGENIERÍA Y ACTIVIDADES CONEXAS DE CONSULTORÍA TÉCNICA,1.0,Principal - 7110 - ACTIVIDADES DE ARQUITECTURA E INGENIERÍA Y ACTIVIDADES CONEXAS DE CONSULTORÍA TÉCNICA,2,0,0,0,23/09/2026 22:10,1,1,1,74.0,Alto
20355337619,S G A S.R.L.,-,2022,LA LIBERTAD,23/06/1997,23/06/1997,1997.0,25.0,0,2013,9,1,2,81748708.08,1,0.0,0.0,SOC.COM.RESPONS. LTDA,ACTIVO,HABIDO,,LIMA/LIMA/INDEPENDENCIA,Principal - 4100 - CONSTRUCCIÓN DE EDIFICIOS,3.0,"Principal - 4100 - CONSTRUCCIÓN DE EDIFICIOS | Secundaria 1 - 7730 - ALQUILER Y ARRENDAMIENTO DE OTROS TIPOS DE MAQUINARIA, EQUIPO Y BIENES TANGIBLES | Secundaria 2 - 4663 - VENTA AL POR MAYOR DE MATERIALES DE CONSTRUCCIÓN, ARTÍCULOS DE FERRETERÍA Y EQUIPO Y MATERIALES DE FONTANERÍA Y CALEFACCIÓN",0,0,0,0,23/09/2026 22:11,1,1,1,74.0,Alto
20397595782,IMPORTACIONES Y SERVICIOS E.I.R.L.,-,2022,LA LIBERTAD,16/12/1998,16/12/1998,1998.0,24.0,0,2018,4,1,1,46221949.04,1,0.0,0.0,EMPRESA INDIVIDUAL DE RESP. LTDA,ACTIVO,HABIDO,,LA LIBERTAD/TRUJILLO/TRUJILLO,"Principal - 7730 - ALQUILER Y ARRENDAMIENTO DE OTROS TIPOS DE MAQUINARIA, EQUIPO Y BIENES TANGIBLES",3.0,"Principal - 7730 - ALQUILER Y ARRENDAMIENTO DE OTROS TIPOS DE MAQUINARIA, EQUIPO Y BIENES TANGIBLES | Secundaria 1 - 4530 - VENTA DE PARTES, PIEZAS Y ACCESORIOS PARA VEHÍCULOS AUTOMOTORES | Secundaria 2 - 4290 - CONSTRUCCIÓN DE OTRAS OBRAS DE INGENIERÍA CIVIL",0,0,0,0,23/09/2026 22:13,1,1,1,74.0,Alto
20440439129,CORPORACION V & V CONTRATISTAS GENERALES S.A.C,-,2022,LA LIBERTAD,03/06/2003,03/06/2003,2003.0,19.0,0,2010,12,1,1,195761990.15,1,0.0,0.0,SOCIEDAD ANONIMA CERRADA,ACTIVO,HABIDO,,LA LIBERTAD/TRUJILLO/TRUJILLO,Principal - 4100 - CONSTRUCCIÓN DE EDIFICIOS,2.0,Principal - 4100 - CONSTRUCCIÓN DE EDIFICIOS | Secundaria 1 - 7110 - ACTIVIDADES DE ARQUITECTURA E INGENIERÍA Y ACTIVIDADES CONEXAS DE CONSULTORÍA TÉCNICA,0,0,0,0,23/09/2026 22:17,1,1,1,74.0,Alto
20461642706,AGRICOLA CERRO PRIETO S.A.,ACPRISA,2022,LA LIBERTAD,03/02/2000,03/02/2000,2000.0,22.0,0,2022,0,1,1,,0,,,SOCIEDAD ANONIMA,ACTIVO,HABIDO,,LIMA/LIMA/SAN ISIDRO,Principal - 0125 - CULTIVO DE OTROS FRUTOS Y NUECES DE ÁRBOLES Y ARBUSTOS,3.0,Principal - 0125 - CULTIVO DE OTROS FRUTOS Y NUECES DE ÁRBOLES Y ARBUSTOS | Secundaria 1 - 0122 - CULTIVO DE FRUTAS TROPICALES Y SUBTROPICALES | Secundaria 2 - 8292 - ACTIVIDADES DE ENVASADO Y EMPAQUETADO,0,0,0,0,23/09/2026 22:21,1,1,1,74.0,Alto
20477304908,MECANICA DE SUELOS Y CONSTRUCCION S.A.C.,MSC SAC,2022,LA LIBERTAD,08/06/2011,08/06/2011,2011.0,11.0,0,2022,0,2,1,13671017.05,2,1.0,0.5,SOCIEDAD ANONIMA CERRADA,ACTIVO,HABIDO,,LA LIBERTAD/TRUJILLO/TRUJILLO,Principal - 4390 - OTRAS ACTIVIDADES ESPECIALIZADAS DE CONSTRUCCIÓN,3.0,"Principal - 4390 - OTRAS ACTIVIDADES ESPECIALIZADAS DE CONSTRUCCIÓN | Secundaria 1 - 7730 - ALQUILER Y ARRENDAMIENTO DE OTROS TIPOS DE MAQUINARIA, EQUIPO Y BIENES TANGIBLES | Secundaria 2 - 4663 - VENTA AL POR MAYOR DE MATERIALES DE CONSTRUCCIÓN, ARTÍCULOS DE FERRETERÍA Y EQUIPO Y MATERIALES DE FONTANERÍA Y CALEFACCIÓN",0,0,0,0,23/09/2026 22:22,1,1,1,74.0,Alto
20477458883,CONSTRUCTORA PARAMAX S.A.C.,-,2022,LA LIBERTAD,19/10/2011,19/10/2011,2011.0,11.0,0,2012,10,2,1,66120130.55,2,0.0,0.0,SOCIEDAD ANONIMA CERRADA,ACTIVO,HABIDO,,LIMA/LIMA/SAN JUAN DE LURIGANCHO,Principal - 4290 - CONSTRUCCIÓN DE OTRAS OBRAS DE INGENIERÍA CIVIL,3.0,Principal - 4290 - CONSTRUCCIÓN DE OTRAS OBRAS DE INGENIERÍA CIVIL | Secundaria 1 - 7110 - ACTIVIDADES DE ARQUITECTURA E INGENIERÍA Y ACTIVIDADES CONEXAS DE CONSULTORÍA TÉCNICA | Secundaria 2 - 4390 - OTRAS ACTIVIDADES ESPECIALIZADAS DE CONSTRUCCIÓN,0,0,0,0,23/09/2026 22:22,1,1,1,74.0,Alto
20481188955,ICONSER S.A.C.,ICONSER SAC,2022,LA LIBERTAD,12/10/2005,12/10/2005,2005.0,17.0,0,2022,0,1,1,148120613.93,1,0.0,0.0,SOCIEDAD ANONIMA CERRADA,ACTIVO,HABIDO,,LA LIBERTAD/TRUJILLO/LA ESPERANZA,Principal - 4290 - CONSTRUCCIÓN DE OTRAS OBRAS DE INGENIERÍA CIVIL,3.0,"Principal - 4290 - CONSTRUCCIÓN DE OTRAS OBRAS DE INGENIERÍA CIVIL | Secundaria 1 - 4923 - TRANSPORTE DE CARGA POR CARRETERA | Secundaria 2 - 4663 - VENTA AL POR MAYOR DE MATERIALES DE CONSTRUCCIÓN, ARTÍCULOS DE FERRETERÍA Y EQUIPO Y MATERIALES DE FONTANERÍA Y CALEFACCIÓN",0,0,0,0,23/09/2026 22:24,1,1,1,74.0,Alto
20481456712,GENESIS CONTRATISTAS GENERALES S.A.C.,-,2022,LA LIBERTAD,14/12/2006,14/12/2006,2006.0,16.0,0,2012,10,1,1,100000.0,1,1.0,1.0,SOCIEDAD ANONIMA CERRADA,ACTIVO,HABIDO,,LIMA/LIMA/SAN MARTIN DE PORRES,Principal - 4210 - CONSTRUCCIÓN DE CARRETERAS Y VÍAS DE FERROCARRIL,3.0,"Principal - 4210 - CONSTRUCCIÓN DE CARRETERAS Y VÍAS DE FERROCARRIL | Secundaria 1 - 7730 - ALQUILER Y ARRENDAMIENTO DE OTROS TIPOS DE MAQUINARIA, EQUIPO Y BIENES TANGIBLES | Secundaria 2 - 4663 - VENTA AL POR MAYOR DE MATERIALES DE CONSTRUCCIÓN, ARTÍCULOS DE FERRETERÍA Y EQUIPO Y MATERIALES DE FONTANERÍA Y CALEFACCIÓN",0,0,0,0,23/09/2026 22:24,1,1,1,74.0,Alto
20481475342,R&C INGENIEROS CONSULTORES Y CONSTRUCTORES SRL,-,2022,LA LIBERTAD,10/01/2007,10/01/2007,2007.0,15.0,0,2015,7,1,1,113391376.6,1,0.0,0.0,SOC.COM.RESPONS. LTDA,ACTIVO,HABIDO,,LA LIBERTAD/TRUJILLO/TRUJILLO,Principal - 7110 - ACTIVIDADES DE ARQUITECTURA E INGENIERÍA Y ACTIVIDADES CONEXAS DE CONSULTORÍA TÉCNICA,3.0,Principal - 7110 - ACTIVIDADES DE ARQUITECTURA E INGENIERÍA Y ACTIVIDADES CONEXAS DE CONSULTORÍA TÉCNICA | Secundaria 1 - 4923 - TRANSPORTE DE CARGA POR CARRETERA | Secundaria 2 - 9609 - OTRAS ACTIVIDADES DE SERVICIOS PERSONALES N.C.P.,1,0,0,0,23/09/2026 22:24,1,1,1,74.0,Alto
20481561265,CRES PERU CONTRATISTAS GENERALES S.A.C.,-,2022,LA LIBERTAD,03/05/2007,03/05/2007,2007.0,15.0,0,2014,8,2,1,24091806.09,2,0.0,0.0,SOCIEDAD ANONIMA CERRADA,ACTIVO,HABIDO,,LA LIBERTAD/TRUJILLO/TRUJILLO,Principal - 4100 - CONSTRUCCIÓN DE EDIFICIOS,3.0,Principal - 4100 - CONSTRUCCIÓN DE EDIFICIOS | Secundaria 1 - 6810 - ACTIVIDADES INMOBILIARIAS REALIZADAS CON BIENES PROPIOS O ARRENDADOS | Secundaria 2 - 4923 - TRANSPORTE DE CARGA POR CARRETERA,0,1,0,0,23/09/2026 22:24,1,1,1,74.0,Alto
20481728062,INVERSIONES SAN CRISTOBAL S.A.C.,INVERSAC,2022,LA LIBERTAD,04/12/2007,04/12/2007,2007.0,15.0,0,2022,0,1,1,100000.0,1,1.0,1.0,SOCIEDAD ANONIMA CERRADA,ACTIVO,HABIDO,,LA LIBERTAD/TRUJILLO/LA ESPERANZA,Principal - 4100 - CONSTRUCCIÓN DE EDIFICIOS,3.0,"Principal - 4100 - CONSTRUCCIÓN DE EDIFICIOS | Secundaria 1 - 4661 - VENTA AL POR MAYOR DE COMBUSTIBLES SÓLIDOS, LÍQUIDOS Y GASEOSOS Y PRODUCTOS CONEXOS | Secundaria 2 - 4330 - TERMINACIÓN Y ACABADO DE EDIFICIOS",1,0,0,0,23/09/2026 22:24,1,1,1,74.0,Alto
20481791422,COREAN SRL,-,2022,LA LIBERTAD,20/02/2008,20/02/2008,2008.0,14.0,0,2022,0,1,1,31384953.2,1,0.0,0.0,SOC.COM.RESPONS. LTDA,ACTIVO,HABIDO,,LIMA/LIMA/LA MOLINA,Principal - 4100 - CONSTRUCCIÓN DE EDIFICIOS,3.0,"Principal - 4100 - CONSTRUCCIÓN DE EDIFICIOS | Secundaria 1 - 4210 - CONSTRUCCIÓN DE CARRETERAS Y VÍAS DE FERROCARRIL | Secundaria 2 - 7730 - ALQUILER Y ARRENDAMIENTO DE OTROS TIPOS DE MAQUINARIA, EQUIPO Y BIENES TANGIBLES",0,0,0,0,23/09/2026 22:24,1,1,1,74.0,Alto
20481871027,BRALCO CONTRATISTAS GENERALES S.R.L.,-,2022,LA LIBERTAD,16/05/2008,16/05/2008,2008.0,14.0,0,2009,13,1,1,110217857.41,1,0.0,0.0,SOC.COM.RESPONS. LTDA,ACTIVO,HABIDO,,LA LIBERTAD/TRUJILLO/TRUJILLO,Principal - 4390 - OTRAS ACTIVIDADES ESPECIALIZADAS DE CONSTRUCCIÓN,3.0,"Principal - 4390 - OTRAS ACTIVIDADES ESPECIALIZADAS DE CONSTRUCCIÓN | Secundaria 1 - 7730 - ALQUILER Y ARRENDAMIENTO DE OTROS TIPOS DE MAQUINARIA, EQUIPO Y BIENES TANGIBLES | Secundaria 2 - 4663 - VENTA AL POR MAYOR DE MATERIALES DE CONSTRUCCIÓN, ARTÍCULOS DE FERRETERÍA Y EQUIPO Y MATERIALES DE FONTANERÍA Y CALEFACCIÓN",0,0,0,0,23/09/2026 22:25,1,1,1,74.0,Alto
20481966672,INMOBILIARIA Y CONSTRUCTORA SAN FERNANDO SAC,-,2022,LA LIBERTAD,25/08/2008,01/09/2008,2008.0,14.0,0,2015,7,1,1,66591549.0,1,0.0,0.0,SOCIEDAD ANONIMA CERRADA,ACTIVO,HABIDO,,LA LIBERTAD/TRUJILLO/TRUJILLO,Principal - 4290 - CONSTRUCCIÓN DE OTRAS OBRAS DE INGENIERÍA CIVIL,3.0,"Principal - 4290 - CONSTRUCCIÓN DE OTRAS OBRAS DE INGENIERÍA CIVIL | Secundaria 1 - 4923 - TRANSPORTE DE CARGA POR CARRETERA | Secundaria 2 - 7730 - ALQUILER Y ARRENDAMIENTO DE OTROS TIPOS DE MAQUINARIA, EQUIPO Y BIENES TANGIBLES",0,0,0,0,23/09/2026 22:25,1,1,1,74.0,Alto
20482093354,J.J. MEDUR CONTRATISTAS GENERALES S.A.C.,MEDUR SAC,2022,LA LIBERTAD,21/01/2009,21/01/2009,2009.0,13.0,0,2015,7,1,1,1119807934.93,1,0.0,0.0,SOCIEDAD ANONIMA CERRADA,ACTIVO,HABIDO,,LIMA/LIMA/SAN ISIDRO,Principal - 4100 - CONSTRUCCIÓN DE EDIFICIOS,3.0,"Principal - 4100 - CONSTRUCCIÓN DE EDIFICIOS | Secundaria 1 - 4923 - TRANSPORTE DE CARGA POR CARRETERA | Secundaria 2 - 4663 - VENTA AL POR MAYOR DE MATERIALES DE CONSTRUCCIÓN, ARTÍCULOS DE FERRETERÍA Y EQUIPO Y MATERIALES DE FONTANERÍA Y CALEFACCIÓN",0,0,0,0,23/09/2026 22:25,1,1,1,74.0,Alto
20482247921,INGENIEROS CONTRATISTAS F & G S.A.C.,-,2022,LA LIBERTAD,28/05/2011,28/05/2011,2011.0,11.0,0,2022,0,1,1,27905867.24,1,0.0,0.0,SOCIEDAD ANONIMA CERRADA,ACTIVO,HABIDO,,LA LIBERTAD/PATAZ/CHILLIA,Principal - 4100 - CONSTRUCCIÓN DE EDIFICIOS,3.0,"Principal - 4100 - CONSTRUCCIÓN DE EDIFICIOS | Secundaria 1 - 4730 - VENTA AL POR MENOR DE COMBUSTIBLES PARA VEHÍCULOS AUTOMOTORES EN COMERCIOS ESPECIALIZADOS | Secundaria 2 - 4663 - VENTA AL POR MAYOR DE MATERIALES DE CONSTRUCCIÓN, ARTÍCULOS DE FERRETERÍA Y EQUIPO Y MATERIALES DE FONTANERÍA Y CALEFACCIÓN",0,0,0,0,23/09/2026 22:25,1,1,1,74.0,Alto
20482261168,CONSTRUCTORA HERCULES S.A.C.,HERCULES SAC,2022,LA LIBERTAD,14/07/2009,01/08/2009,2009.0,13.0,0,2017,5,1,1,100000.0,1,1.0,1.0,SOCIEDAD ANONIMA CERRADA,ACTIVO,HABIDO,,LA LIBERTAD/SANCHEZ CARRION/HUAMACHUCO,Principal - 4923 - TRANSPORTE DE CARGA POR CARRETERA,3.0,"Principal - 4923 - TRANSPORTE DE CARGA POR CARRETERA | Secundaria 1 - 4100 - CONSTRUCCIÓN DE EDIFICIOS | Secundaria 2 - 4630 - VENTA AL POR MAYOR DE ALIMENTOS, BEBIDAS Y TABACO",2,0,0,0,23/09/2026 22:25,1,1,1,74.0,Alto
20482644253,EMPRESA CONTRATISTA CAL & MUR S.A.C.,-,2022,LA LIBERTAD,06/08/2010,06/08/2010,2010.0,12.0,0,2022,0,1,1,12019060.44,1,0.0,0.0,SOCIEDAD ANONIMA CERRADA,ACTIVO,HABIDO,,LA LIBERTAD/TRUJILLO/VICTOR LARCO HERRERA,Principal - 4100 - CONSTRUCCIÓN DE EDIFICIOS,3.0,"Principal - 4100 - CONSTRUCCIÓN DE EDIFICIOS | Secundaria 1 - 7730 - ALQUILER Y ARRENDAMIENTO DE OTROS TIPOS DE MAQUINARIA, EQUIPO Y BIENES TANGIBLES | Secundaria 2 - 7710 - ALQUILER Y ARRENDAMIENTO DE VEHÍCULOS AUTOMOTORES",0,0,0,0,23/09/2026 22:25,1,1,1,74.0,Alto
20482840516,INVERSIONES GLARK S.R.L.,-,2022,LA LIBERTAD,26/03/2014,26/03/2014,2014.0,8.0,0,2022,0,1,1,500000.0,1,1.0,1.0,SOC.COM.RESPONS. LTDA,ACTIVO,HABIDO,,LA LIBERTAD/SANTIAGO DE CHUCO/SANTIAGO DE CHUCO,Principal - 4100 - CONSTRUCCIÓN DE EDIFICIOS,3.0,"Principal - 4100 - CONSTRUCCIÓN DE EDIFICIOS | Secundaria 1 - 0990 - ACTIVIDADES DE APOYO PARA OTRAS ACTIVIDADES DE EXPLOTACIÓN DE MINAS Y CANTERAS | Secundaria 2 - 7730 - ALQUILER Y ARRENDAMIENTO DE OTROS TIPOS DE MAQUINARIA, EQUIPO Y BIENES TANGIBLES",0,0,0,0,23/09/2026 22:25,1,1,1,74.0,Alto
20484228451,CONSTRUCCIONES Y SERVICIOS GENERALES CIX EMPRESA INDIVIDUAL DE RESPONSABILIDAD LIMITADA,CONSSERG CIX,2022,LA LIBERTAD,06/09/2004,06/09/2004,2004.0,18.0,0,2005,17,1,1,14427256.36,1,0.0,0.0,EMPRESA INDIVIDUAL DE RESP. LTDA,ACTIVO,HABIDO,,TUMBES/TUMBES/TUMBES,Principal - 4390 - OTRAS ACTIVIDADES ESPECIALIZADAS DE CONSTRUCCIÓN,3.0,"Principal - 4390 - OTRAS ACTIVIDADES ESPECIALIZADAS DE CONSTRUCCIÓN | Secundaria 1 - 2511 - FABRICACION DE PRODUCTOS METALICOS PARA USO ESTRUCTURAL | Secundaria 2 - 1410 - FABRICACIÓN DE PRENDAS DE VESTIR, EXCEPTO PRENDAS DE PIEL",0,0,0,0,23/09/2026 22:26,1,1,1,74.0,Alto
20494784450,PROJECT SERVICES H & G S.A.C.,PROJECT SERVICES H & G S.A.C.,2022,LA LIBERTAD,26/08/2009,01/09/2009,2009.0,13.0,0,2022,0,1,1,94476971.8,1,0.0,0.0,SOCIEDAD ANONIMA CERRADA,ACTIVO,HABIDO,,AYACUCHO/HUAMANGA/AYACUCHO,Principal - 4210 - CONSTRUCCIÓN DE CARRETERAS Y VÍAS DE FERROCARRIL,3.0,Principal - 4210 - CONSTRUCCIÓN DE CARRETERAS Y VÍAS DE FERROCARRIL | Secundaria 1 - 4312 - PREPARACIÓN DEL TERRENO | Secundaria 2 - 0162 - ACTIVIDADES DE APOYO A LA GANADERÍA,0,1,0,0,23/09/2026 22:35,1,1,1,74.0,Alto
20502322711,CONSTRUCTORA G.C. S.A.C.,-,2022,LA LIBERTAD,13/06/2001,13/06/2001,2001.0,21.0,0,2010,12,1,1,49847654.54,1,0.0,0.0,SOCIEDAD ANONIMA CERRADA,ACTIVO,HABIDO,,LIMA/LIMA/SANTIAGO DE SURCO,Principal - 45207 - CONSTRUCCION EDIFICIOS COMPLETOS.,1.0,Principal - 45207 - CONSTRUCCION EDIFICIOS COMPLETOS.,1,0,0,0,23/09/2026 22:37,1,1,1,74.0,Alto
20523386469,ALTAVISTA INVERSIONES GLOBALES SOCIEDAD ANONIMA CERRADA - AIG S.A.C.,-,2022,LA LIBERTAD,29/09/2009,01/10/2009,2009.0,13.0,0,2018,4,1,3,161957529.86,1,0.0,0.0,SOCIEDAD ANONIMA CERRADA,ACTIVO,HABIDO,,LIMA/LIMA/MIRAFLORES,Principal - 4100 - CONSTRUCCIÓN DE EDIFICIOS,3.0,"Principal - 4100 - CONSTRUCCIÓN DE EDIFICIOS | Secundaria 1 - 4290 - CONSTRUCCIÓN DE OTRAS OBRAS DE INGENIERÍA CIVIL | Secundaria 2 - 7730 - ALQUILER Y ARRENDAMIENTO DE OTROS TIPOS DE MAQUINARIA, EQUIPO Y BIENES TANGIBLES",0,1,0,0,23/09/2026 22:40,1,1,1,74.0,Alto
20529656751,CONSTRUNORT CAJAMARCA S.R.L.,CONSTRUNORTCAJAMARCA,2022,LA LIBERTAD,01/02/2013,01/02/2013,2013.0,9.0,0,2021,1,3,1,253207203.78,3,0.0,0.0,SOC.COM.RESPONS. LTDA,ACTIVO,HABIDO,,LIMA/LIMA/LA VICTORIA,Principal - 4100 - CONSTRUCCIÓN DE EDIFICIOS,3.0,"Principal - 4100 - CONSTRUCCIÓN DE EDIFICIOS | Secundaria 1 - 4923 - TRANSPORTE DE CARGA POR CARRETERA | Secundaria 2 - 4752 - VENTA AL POR MENOR DE ARTÍCULOS DE FERRETERÍA, PINTURAS Y PRODUCTOS DE VIDRIO EN COMERCIOS ESPECIALIZADOS",0,0,0,0,23/09/2026 22:45,1,1,1,74.0,Alto
20529698918,GRUCONS J & M CONTRATISTAS GENERALES S.A.C.,-,2022,LA LIBERTAD,02/04/2013,01/04/2013,2013.0,9.0,0,2015,7,1,2,100000.0,1,1.0,1.0,SOCIEDAD ANONIMA CERRADA,ACTIVO,HABIDO,,CAJAMARCA/SAN MIGUEL/SAN MIGUEL,Principal - 4100 - CONSTRUCCIÓN DE EDIFICIOS,3.0,"Principal - 4100 - CONSTRUCCIÓN DE EDIFICIOS | Secundaria 1 - 4752 - VENTA AL POR MENOR DE ARTÍCULOS DE FERRETERÍA, PINTURAS Y PRODUCTOS DE VIDRIO EN COMERCIOS ESPECIALIZADOS | Secundaria 2 - 4210 - CONSTRUCCIÓN DE CARRETERAS Y VÍAS DE FERROCARRIL",1,0,0,0,23/09/2026 22:45,1,1,1,74.0,Alto
20530147127,JATUN BUSINESS S.A.C.,-,2022,LA LIBERTAD,01/03/2014,01/03/2014,2014.0,8.0,0,2022,0,1,2,22781739.31,1,0.0,0.0,SOCIEDAD ANONIMA CERRADA,ACTIVO,HABIDO,,PIURA/PIURA/PIURA,Principal - 7020 - ACTIVIDADES DE CONSULTORÍA DE GESTIÓN,3.0,"Principal - 7020 - ACTIVIDADES DE CONSULTORÍA DE GESTIÓN | Secundaria 1 - 4390 - OTRAS ACTIVIDADES ESPECIALIZADAS DE CONSTRUCCIÓN | Secundaria 2 - 7730 - ALQUILER Y ARRENDAMIENTO DE OTROS TIPOS DE MAQUINARIA, EQUIPO Y BIENES TANGIBLES",1,0,0,0,23/09/2026 22:46,1,1,1,74.0,Alto
20531309091,CLASILL CONTRATISTAS GENERALES S.A.C.,CLASILL S.A.C.,2022,LA LIBERTAD,24/10/2001,24/10/2001,2001.0,21.0,0,2010,12,1,1,34386215.29,1,0.0,0.0,SOCIEDAD ANONIMA CERRADA,ACTIVO,HABIDO,,SAN MARTIN/SAN MARTIN/TARAPOTO,Principal - 4100 - CONSTRUCCIÓN DE EDIFICIOS,3.0,"Principal - 4100 - CONSTRUCCIÓN DE EDIFICIOS | Secundaria 1 - 4659 - VENTA AL POR MAYOR DE OTROS TIPOS DE MAQUINARIA Y EQUIPO | Secundaria 2 - 4752 - VENTA AL POR MENOR DE ARTÍCULOS DE FERRETERÍA, PINTURAS Y PRODUCTOS DE VIDRIO EN COMERCIOS ESPECIALIZADOS",2,0,0,0,23/09/2026 22:47,1,1,1,74.0,Alto
20538913571,CONSTRUCTORA Y DISTRIBUIDORA BYB SRL,-,2022,LA LIBERTAD,04/10/2012,01/10/2012,2012.0,10.0,0,2022,0,1,1,100000.0,1,1.0,1.0,SOC.COM.RESPONS. LTDA,ACTIVO,HABIDO,,CAJAMARCA/SAN IGNACIO/SAN IGNACIO,Principal - 4100 - CONSTRUCCIÓN DE EDIFICIOS,2.0,"Principal - 4100 - CONSTRUCCIÓN DE EDIFICIOS | Secundaria 1 - 7730 - ALQUILER Y ARRENDAMIENTO DE OTROS TIPOS DE MAQUINARIA, EQUIPO Y BIENES TANGIBLES",0,0,0,0,23/09/2026 22:52,1,1,1,74.0,Alto
20542191059,DAMBEZ COMPANY E.I.R.L.,-,2022,LA LIBERTAD,07/05/2011,17/12/2011,2011.0,11.0,0,2020,2,1,2,163445326.5,1,0.0,0.0,EMPRESA INDIVIDUAL DE RESP. LTDA,ACTIVO,HABIDO,,ANCASH/HUARAZ/INDEPENDENCIA,Principal - 4290 - CONSTRUCCIÓN DE OTRAS OBRAS DE INGENIERÍA CIVIL,3.0,Principal - 4290 - CONSTRUCCIÓN DE OTRAS OBRAS DE INGENIERÍA CIVIL | Secundaria 1 - 4220 - CONSTRUCCIÓN DE PROYECTOS DE SERVICIO PÚBLICO | Secundaria 2 - 7110 - ACTIVIDADES DE ARQUITECTURA E INGENIERÍA Y ACTIVIDADES CONEXAS DE CONSULTORÍA TÉCNICA,0,1,0,0,23/09/2026 22:55,1,1,1,74.0,Alto
20553792119,PROMOTORA DE PROYECTOS SAN MIGUEL S.A.C.,-,2022,LA LIBERTAD,23/07/2013,21/08/2013,2013.0,9.0,0,2022,0,1,1,100000.0,1,1.0,1.0,SOCIEDAD ANONIMA CERRADA,ACTIVO,HABIDO,,LIMA/LIMA/SANTIAGO DE SURCO,Principal - 4100 - CONSTRUCCIÓN DE EDIFICIOS,3.0,"Principal - 4100 - CONSTRUCCIÓN DE EDIFICIOS | Secundaria 1 - 4663 - VENTA AL POR MAYOR DE MATERIALES DE CONSTRUCCIÓN, ARTÍCULOS DE FERRETERÍA Y EQUIPO Y MATERIALES DE FONTANERÍA Y CALEFACCIÓN | Secundaria 2 - 7730 - ALQUILER Y ARRENDAMIENTO DE OTROS TIPOS DE MAQUINARIA, EQUIPO Y BIENES TANGIBLES",0,2,0,0,23/09/2026 22:57,1,1,1,74.0,Alto
20600167571,GRUPO GALINDOS S.A.C.,CORPORACIÓN GALINDOS,2022,LA LIBERTAD,25/02/2015,01/03/2015,2015.0,7.0,0,2022,0,2,1,450000.0,2,2.0,1.0,SOCIEDAD ANONIMA CERRADA,ACTIVO,HABIDO,,LA LIBERTAD/PATAZ/TAYABAMBA,Principal - 4923 - TRANSPORTE DE CARGA POR CARRETERA,3.0,"Principal - 4923 - TRANSPORTE DE CARGA POR CARRETERA | Secundaria 1 - 4663 - VENTA AL POR MAYOR DE MATERIALES DE CONSTRUCCIÓN, ARTÍCULOS DE FERRETERÍA Y EQUIPO Y MATERIALES DE FONTANERÍA Y CALEFACCIÓN | Secundaria 2 - 4100 - CONSTRUCCIÓN DE EDIFICIOS",0,0,0,0,23/09/2026 23:06,1,1,1,74.0,Alto
20601226279,CASTRO Y ARAUJO CONSTRUCTORES S.A.C.,-,2022,LA LIBERTAD,14/05/2016,14/05/2016,2016.0,6.0,0,2016,6,1,1,6422921.96,1,0.0,0.0,SOCIEDAD ANONIMA CERRADA,ACTIVO,HABIDO,,LA LIBERTAD/TRUJILLO/TRUJILLO,Principal - 4100 - CONSTRUCCIÓN DE EDIFICIOS,3.0,"Principal - 4100 - CONSTRUCCIÓN DE EDIFICIOS | Secundaria 1 - 4741 - VENTA AL POR MENOR DE ORDENADORES, EQUIPO PERIFÉRICO, PROGRAMA DE INFORM. Y EQU. DE TELEC. EN COMERCIOS ESPECIALIZADOS | Secundaria 2 - 4329 - OTRAS INSTALACIONES PARA OBRAS DE CONSTRUCCIÓN",1,0,0,0,23/09/2026 23:12,1,1,1,74.0,Alto
20601649161,CORPORACIÓN SEGENOR S.R.L.,-,2022,LA LIBERTAD,15/10/2025,15/10/2025,2025.0,,1,2017,5,1,2,100000.0,1,1.0,1.0,SOC.COM.RESPONS. LTDA,ACTIVO,HABIDO,,LIMA/LIMA/CARABAYLLO,Principal - 4100 - CONSTRUCCIÓN DE EDIFICIOS,1.0,Principal - 4100 - CONSTRUCCIÓN DE EDIFICIOS,2,0,0,0,23/09/2026 23:14,1,1,1,74.0,Alto
20602206085,CONSTRUCCIONES Y SERVICIOS GENERALES NEYCAR E.I.R.L,-,2022,LA LIBERTAD,12/06/2017,12/06/2017,2017.0,5.0,0,2022,0,1,1,100000.0,1,1.0,1.0,EMPRESA INDIVIDUAL DE RESP. LTDA,SUSPENSION TEMPORAL,HABIDO,,LA LIBERTAD/TRUJILLO/TRUJILLO,Principal - 4100 - CONSTRUCCIÓN DE EDIFICIOS,1.0,Principal - 4100 - CONSTRUCCIÓN DE EDIFICIOS,0,0,0,0,23/09/2026 23:15,1,1,1,74.0,Alto
20603476400,CONSTRUCOES ENGENHARIA E PAVIMENTACAO ENPAVI LTDA SUCURSAL DEL PERU,-,2022,LA LIBERTAD,09/08/2018,09/08/2018,2018.0,4.0,0,2020,2,2,3,470313192.14,2,0.0,0.0,SUCURSALES O AG. DE EMP. EXTRANJ.,ACTIVO,HABIDO,,LIMA/LIMA/SANTIAGO DE SURCO,Principal - 7110 - ACTIVIDADES DE ARQUITECTURA E INGENIERÍA Y ACTIVIDADES CONEXAS DE CONSULTORÍA TÉCNICA,1.0,Principal - 7110 - ACTIVIDADES DE ARQUITECTURA E INGENIERÍA Y ACTIVIDADES CONEXAS DE CONSULTORÍA TÉCNICA,1,0,0,0,23/09/2026 23:19,1,1,1,74.0,Alto
10166907271,BURGA SALAZAR ARTURO,-,2022,LAMBAYEQUE,05/11/1996,05/11/1996,1996.0,26.0,0,2011,11,1,1,80224715.65,1,0.0,0.0,PERSONA NATURAL CON NEGOCIO,ACTIVO,HABIDO,,LIMA/LIMA/SURQUILLO,Principal - 4100 - CONSTRUCCIÓN DE EDIFICIOS,3.0,"Principal - 4100 - CONSTRUCCIÓN DE EDIFICIOS | Secundaria 1 - 4663 - VENTA AL POR MAYOR DE MATERIALES DE CONSTRUCCIÓN, ARTÍCULOS DE FERRETERÍA Y EQUIPO Y MATERIALES DE FONTANERÍA Y CALEFACCIÓN | Secundaria 2 - 4210 - CONSTRUCCIÓN DE CARRETERAS Y VÍAS DE FERROCARRIL",0,0,0,0,23/09/2026 22:06,1,1,1,69.4,Alto
20230509353,PROYECTOS Y CONSTRUCCIONES ORIENTAL E.I.R.L.,PROY Y CONST ORIENTAL EIRL,2022,LAMBAYEQUE,14/12/1994,24/11/1994,1994.0,28.0,0,2005,17,2,1,311993521.92,2,0.0,0.0,EMPRESA INDIVIDUAL DE RESP. LTDA,ACTIVO,HABIDO,,UCAYALI/CORONEL PORTILLO/CALLERIA,Principal - 4390 - OTRAS ACTIVIDADES ESPECIALIZADAS DE CONSTRUCCIÓN,1.0,Principal - 4390 - OTRAS ACTIVIDADES ESPECIALIZADAS DE CONSTRUCCIÓN,1,0,0,0,23/09/2026 22:09,1,1,1,69.4,Alto
20445576060,L & M CONTRATISTAS Y CONSULTORES S.A.C.,-,2022,LAMBAYEQUE,29/01/2007,01/02/2007,2007.0,15.0,0,2020,2,1,1,16060259.84,1,0.0,0.0,SOCIEDAD ANONIMA CERRADA,ACTIVO,HABIDO,,LA LIBERTAD/TRUJILLO/TRUJILLO,Principal - 4100 - CONSTRUCCIÓN DE EDIFICIOS,3.0,"Principal - 4100 - CONSTRUCCIÓN DE EDIFICIOS | Secundaria 1 - 7730 - ALQUILER Y ARRENDAMIENTO DE OTROS TIPOS DE MAQUINARIA, EQUIPO Y BIENES TANGIBLES | Secundaria 2 - 7110 - ACTIVIDADES DE ARQUITECTURA E INGENIERÍA Y ACTIVIDADES CONEXAS DE CONSULTORÍA TÉCNICA",1,0,0,0,23/09/2026 22:17,1,1,1,69.4,Alto
20477366172,LENUS S.A.C.,-,2022,LAMBAYEQUE,04/08/2011,01/12/2011,2011.0,11.0,0,2017,5,1,1,100000.0,1,1.0,1.0,SOCIEDAD ANONIMA CERRADA,ACTIVO,HABIDO,,CAJAMARCA/SANTA CRUZ/SANTA CRUZ,Principal - 4390 - OTRAS ACTIVIDADES ESPECIALIZADAS DE CONSTRUCCIÓN,3.0,"Principal - 4390 - OTRAS ACTIVIDADES ESPECIALIZADAS DE CONSTRUCCIÓN | Secundaria 1 - 3600 - CAPTACIÓN, TRATAMIENTO Y DISTRIBUCIÓN DE AGUA | Secundaria 2 - 7730 - ALQUILER Y ARRENDAMIENTO DE OTROS TIPOS DE MAQUINARIA, EQUIPO Y BIENES TANGIBLES",5,0,0,0,23/09/2026 22:22,1,1,1,69.4,Alto
20480403496,BETA KONCRET SAC.,BEKSAC,2022,LAMBAYEQUE,11/06/2008,01/06/2008,2008.0,14.0,0,2011,11,2,1,168846560.66,2,0.0,0.0,SOCIEDAD ANONIMA CERRADA,ACTIVO,HABIDO,,LIMA/LIMA/SAN ISIDRO,Principal - 4210 - CONSTRUCCIÓN DE CARRETERAS Y VÍAS DE FERROCARRIL,3.0,"Principal - 4210 - CONSTRUCCIÓN DE CARRETERAS Y VÍAS DE FERROCARRIL | Secundaria 1 - 4390 - OTRAS ACTIVIDADES ESPECIALIZADAS DE CONSTRUCCIÓN | Secundaria 2 - 7730 - ALQUILER Y ARRENDAMIENTO DE OTROS TIPOS DE MAQUINARIA, EQUIPO Y BIENES TANGIBLES",0,0,0,0,23/09/2026 22:23,1,1,1,69.4,Alto
20480489196,CONSTRUCTORA D.R.V. INGENIEROS S.R.L.,-,2022,LAMBAYEQUE,29/10/2008,01/10/2008,2008.0,14.0,0,2012,10,1,1,100000.0,1,1.0,1.0,SOC.COM.RESPONS. LTDA,BAJA DE OFICIO,HABIDO,30/04/2025,LAMBAYEQUE/CHICLAYO/CHICLAYO,"Principal - 4663 - VENTA AL POR MAYOR DE MATERIALES DE CONSTRUCCIÓN, ARTÍCULOS DE FERRETERÍA Y EQUIPO Y MATERIALES DE FONTANERÍA Y CALEFACCIÓN",1.0,"Principal - 4663 - VENTA AL POR MAYOR DE MATERIALES DE CONSTRUCCIÓN, ARTÍCULOS DE FERRETERÍA Y EQUIPO Y MATERIALES DE FONTANERÍA Y CALEFACCIÓN",1,0,0,0,23/09/2026 22:23,1,1,1,69.4,Alto
20481446326,INVERSIONES Y NEGOCIOS GENERALES MAFER S.A.C.,-,2022,LAMBAYEQUE,29/11/2006,29/11/2006,2006.0,16.0,0,2010,12,1,1,30307519.9,1,0.0,0.0,SOCIEDAD ANONIMA CERRADA,ACTIVO,HABIDO,,LIMA/LIMA/SAN MARTIN DE PORRES,Principal - 7110 - ACTIVIDADES DE ARQUITECTURA E INGENIERÍA Y ACTIVIDADES CONEXAS DE CONSULTORÍA TÉCNICA,3.0,"Principal - 7110 - ACTIVIDADES DE ARQUITECTURA E INGENIERÍA Y ACTIVIDADES CONEXAS DE CONSULTORÍA TÉCNICA | Secundaria 1 - 4390 - OTRAS ACTIVIDADES ESPECIALIZADAS DE CONSTRUCCIÓN | Secundaria 2 - 4663 - VENTA AL POR MAYOR DE MATERIALES DE CONSTRUCCIÓN, ARTÍCULOS DE FERRETERÍA Y EQUIPO Y MATERIALES DE FONTANERÍA Y CALEFACCIÓN",1,0,0,0,23/09/2026 22:24,1,1,1,69.4,Alto
20487913791,TECHQUK S.A.C.,TECHQUK S.A.C.,2022,LAMBAYEQUE,09/02/2012,01/02/2012,2012.0,10.0,0,2021,1,1,1,167767514.62,1,0.0,0.0,SOCIEDAD ANONIMA CERRADA,ACTIVO,HABIDO,,LAMBAYEQUE/CHICLAYO/CHICLAYO,"Principal - 4741 - VENTA AL POR MENOR DE ORDENADORES, EQUIPO PERIFÉRICO, PROGRAMA DE INFORM. Y EQU. DE TELEC. EN COMERCIOS ESPECIALIZADOS",3.0,"Principal - 4741 - VENTA AL POR MENOR DE ORDENADORES, EQUIPO PERIFÉRICO, PROGRAMA DE INFORM. Y EQU. DE TELEC. EN COMERCIOS ESPECIALIZADOS | Secundaria 1 - 6190 - OTRAS ACTIVIDADES DE TELECOMUNICACIONES | Secundaria 2 - 4100 - CONSTRUCCIÓN DE EDIFICIOS",0,0,0,0,23/09/2026 22:29,1,1,1,69.4,Alto
20487931854,SERVICIOS DE INGENIERIA LOS ANDES SAC,-,2022,LAMBAYEQUE,06/03/2012,01/08/2012,2012.0,10.0,0,2022,0,1,1,400000.0,1,1.0,1.0,SOCIEDAD ANONIMA CERRADA,ACTIVO,HABIDO,,LAMBAYEQUE/LAMBAYEQUE/LAMBAYEQUE,Principal - 7110 - ACTIVIDADES DE ARQUITECTURA E INGENIERÍA Y ACTIVIDADES CONEXAS DE CONSULTORÍA TÉCNICA,2.0,Principal - 7110 - ACTIVIDADES DE ARQUITECTURA E INGENIERÍA Y ACTIVIDADES CONEXAS DE CONSULTORÍA TÉCNICA | Secundaria 1 - 4390 - OTRAS ACTIVIDADES ESPECIALIZADAS DE CONSTRUCCIÓN,0,0,0,0,23/09/2026 22:29,1,1,1,69.4,Alto
20509186961,R & M CONTRATISTAS SOCIEDAD ANONIMA CERRADA,-,2022,LAMBAYEQUE,04/08/2004,04/08/2004,2004.0,18.0,0,2018,4,1,1,33752688.4,1,0.0,0.0,SOCIEDAD ANONIMA CERRADA,ACTIVO,HABIDO,,LIMA/LIMA/SAN JUAN DE LURIGANCHO,Principal - 4210 - CONSTRUCCIÓN DE CARRETERAS Y VÍAS DE FERROCARRIL,2.0,Principal - 4210 - CONSTRUCCIÓN DE CARRETERAS Y VÍAS DE FERROCARRIL | Secundaria 1 - 4390 - OTRAS ACTIVIDADES ESPECIALIZADAS DE CONSTRUCCIÓN,0,0,0,0,23/09/2026 22:38,1,1,1,69.4,Alto
20545316561,TACTICAL IT S.A.C.,-,2022,LAMBAYEQUE,17/10/2011,17/10/2011,2011.0,11.0,0,2017,5,1,1,348011907.8,1,0.0,0.0,SOCIEDAD ANONIMA CERRADA,ACTIVO,HABIDO,,LIMA/LIMA/SANTIAGO DE SURCO,Principal - 6190 - OTRAS ACTIVIDADES DE TELECOMUNICACIONES,3.0,Principal - 6190 - OTRAS ACTIVIDADES DE TELECOMUNICACIONES | Secundaria 1 - 4220 - CONSTRUCCIÓN DE PROYECTOS DE SERVICIO PÚBLICO | Secundaria 2 - 4690 - VENTA AL POR MAYOR NO ESPECIALIZADA,0,0,0,0,23/09/2026 22:56,1,1,1,69.4,Alto
20561274968,JF & JIM INGENIEROS SAC,-,2022,LAMBAYEQUE,06/06/2014,01/06/2014,2014.0,8.0,0,2021,1,2,1,11293925.56,2,0.0,0.0,SOCIEDAD ANONIMA CERRADA,ACTIVO,HABIDO,,LAMBAYEQUE/LAMBAYEQUE/LAMBAYEQUE,Principal - 4100 - CONSTRUCCIÓN DE EDIFICIOS,2.0,Principal - 4100 - CONSTRUCCIÓN DE EDIFICIOS | Secundaria 1 - 7110 - ACTIVIDADES DE ARQUITECTURA E INGENIERÍA Y ACTIVIDADES CONEXAS DE CONSULTORÍA TÉCNICA,1,0,0,0,23/09/2026 22:58,1,1,1,69.4,Alto
20602922368,IKON PERU S.A.C.,-,2022,LAMBAYEQUE,19/02/2018,01/02/2018,2018.0,4.0,0,2021,1,1,1,1297932.79,1,0.0,0.0,SOCIEDAD ANONIMA CERRADA,ACTIVO,HABIDO,,LAMBAYEQUE/LAMBAYEQUE/LAMBAYEQUE,"Principal - 4663 - VENTA AL POR MAYOR DE MATERIALES DE CONSTRUCCIÓN, ARTÍCULOS DE FERRETERÍA Y EQUIPO Y MATERIALES DE FONTANERÍA Y CALEFACCIÓN",3.0,"Principal - 4663 - VENTA AL POR MAYOR DE MATERIALES DE CONSTRUCCIÓN, ARTÍCULOS DE FERRETERÍA Y EQUIPO Y MATERIALES DE FONTANERÍA Y CALEFACCIÓN | Secundaria 1 - 4220 - CONSTRUCCIÓN DE PROYECTOS DE SERVICIO PÚBLICO | Secundaria 2 - 4652 - VENTA AL POR MAYOR DE EQUIPO, PARTES Y PIEZAS ELECTRÓNICOS Y DE TELECOMUNICACIONES",0,0,0,0,23/09/2026 23:18,1,1,1,69.4,Alto
10076160312,CERMEÑO PEÑA GUSTAVO GERARDO,-,2022,LIMA,10/04/2026,10/04/2026,2026.0,,1,2010,12,1,1,100000.0,1,1.0,1.0,PERSONA NATURAL SIN NEGOCIO,ACTIVO,HABIDO,,LIMA/LIMA/LA MOLINA,Principal - 9609 - OTRAS ACTIVIDADES DE SERVICIOS PERSONALES N.C.P.,1.0,Principal - 9609 - OTRAS ACTIVIDADES DE SERVICIOS PERSONALES N.C.P.,0,0,0,0,23/09/2026 22:05,1,1,1,71.9,Alto
10103454731,ARISMENDI CANO NOELIA,-,2022,LIMA,31/03/2003,31/03/2003,2003.0,19.0,0,2019,3,3,1,58269665.61,3,0.0,0.0,PERSONA NATURAL CON NEGOCIO,ACTIVO,HABIDO,,LA LIBERTAD/PACASMAYO/PACASMAYO,Principal - 4100 - CONSTRUCCIÓN DE EDIFICIOS,3.0,"Principal - 4100 - CONSTRUCCIÓN DE EDIFICIOS | Secundaria 1 - 4663 - VENTA AL POR MAYOR DE MATERIALES DE CONSTRUCCIÓN, ARTÍCULOS DE FERRETERÍA Y EQUIPO Y MATERIALES DE FONTANERÍA Y CALEFACCIÓN | Secundaria 2 - 4390 - OTRAS ACTIVIDADES ESPECIALIZADAS DE CONSTRUCCIÓN",0,0,0,0,23/09/2026 22:05,1,1,1,71.9,Alto
20231662244,GROUP CASUARINAS J & D S.R.L.,-,2022,LIMA,11/07/2018,12/07/2018,2018.0,4.0,0,2021,1,1,1,37524620.67,1,0.0,0.0,SOC.COM.RESPONS. LTDA,ACTIVO,HABIDO,,ANCASH/SANTA/NUEVO CHIMBOTE,Principal - 4100 - CONSTRUCCIÓN DE EDIFICIOS,3.0,"Principal - 4100 - CONSTRUCCIÓN DE EDIFICIOS | Secundaria 1 - 4210 - CONSTRUCCIÓN DE CARRETERAS Y VÍAS DE FERROCARRIL | Secundaria 2 - 7730 - ALQUILER Y ARRENDAMIENTO DE OTROS TIPOS DE MAQUINARIA, EQUIPO Y BIENES TANGIBLES",0,0,0,0,23/09/2026 22:09,1,1,1,71.9,Alto
20393675480,GINNICO INGENIEROS CONTRATISTAS E.I.R.L.,-,2022,LIMA,23/03/2011,23/03/2011,2011.0,11.0,0,2015,7,1,1,104386132.84,1,0.0,0.0,EMPRESA INDIVIDUAL DE RESP. LTDA,ACTIVO,HABIDO,,UCAYALI/CORONEL PORTILLO/CALLERIA,Principal - 4390 - OTRAS ACTIVIDADES ESPECIALIZADAS DE CONSTRUCCIÓN,3.0,"Principal - 4390 - OTRAS ACTIVIDADES ESPECIALIZADAS DE CONSTRUCCIÓN | Secundaria 1 - 4752 - VENTA AL POR MENOR DE ARTÍCULOS DE FERRETERÍA, PINTURAS Y PRODUCTOS DE VIDRIO EN COMERCIOS ESPECIALIZADOS | Secundaria 2 - 7730 - ALQUILER Y ARRENDAMIENTO DE OTROS TIPOS DE MAQUINARIA, EQUIPO Y BIENES TANGIBLES",0,0,0,0,23/09/2026 22:13,1,1,1,71.9,Alto
20407917104,CORPORATION TEKNY & RAN EIRL,-,2022,LIMA,22/10/2014,01/03/2014,2014.0,8.0,0,2020,2,1,1,100000.0,1,1.0,1.0,EMPRESA INDIVIDUAL DE RESP. LTDA,BAJA PROV. POR OFICIO,NO HABIDO,30/06/2026,LIMA/LIMA/SAN JUAN DE LURIGANCHO,Principal - 4923 - TRANSPORTE DE CARGA POR CARRETERA,3.0,"Principal - 4923 - TRANSPORTE DE CARGA POR CARRETERA | Secundaria 1 - 7730 - ALQUILER Y ARRENDAMIENTO DE OTROS TIPOS DE MAQUINARIA, EQUIPO Y BIENES TANGIBLES | Secundaria 2 - 4100 - CONSTRUCCIÓN DE EDIFICIOS",0,0,0,0,23/09/2026 22:15,1,1,1,71.9,Alto
20445200019,CONSAGA INGENIEROS CONTRATISTAS GENERALES S.R.L.,-,2022,LIMA,14/02/2001,01/02/2001,2001.0,21.0,0,2014,8,1,1,219897733.07,1,0.0,0.0,SOC.COM.RESPONS. LTDA,ACTIVO,HABIDO,,LIMA/LIMA/RIMAC,Principal - 4100 - CONSTRUCCIÓN DE EDIFICIOS,3.0,"Principal - 4100 - CONSTRUCCIÓN DE EDIFICIOS | Secundaria 1 - 4210 - CONSTRUCCIÓN DE CARRETERAS Y VÍAS DE FERROCARRIL | Secundaria 2 - 4741 - VENTA AL POR MENOR DE ORDENADORES, EQUIPO PERIFÉRICO, PROGRAMA DE INFORM. Y EQU. DE TELEC. EN COMERCIOS ESPECIALIZADOS",0,0,0,0,23/09/2026 22:17,1,1,1,71.9,Alto
20489688990,CONTRATISTAS Y MAQUINARIAS ESPINOZA SOCIEDA ANONIMA CERRADA,C & M ESPINOZA SAC,2022,LIMA,26/08/2008,01/09/2008,2008.0,14.0,0,2012,10,1,1,100000.0,1,1.0,1.0,SOCIEDAD ANONIMA CERRADA,BAJA DE OFICIO,NO HABIDO,30/09/2024,PASCO/PASCO/YANACANCHA,Principal - 4100 - CONSTRUCCIÓN DE EDIFICIOS,2.0,"Principal - 4100 - CONSTRUCCIÓN DE EDIFICIOS | Secundaria 1 - 7730 - ALQUILER Y ARRENDAMIENTO DE OTROS TIPOS DE MAQUINARIA, EQUIPO Y BIENES TANGIBLES",1,0,0,0,23/09/2026 22:32,1,1,1,71.9,Alto
20491331543,INVERSIONES LOA HNOS SOCIEDAD ANONIMA CERRADA,-,2022,LIMA,25/08/2009,01/09/2009,2009.0,13.0,0,2022,0,1,1,40767823.09,1,0.0,0.0,SOCIEDAD ANONIMA CERRADA,ACTIVO,HABIDO,,LIMA/CAÑETE/SAN VICENTE DE CAÑETE,"Principal - 4663 - VENTA AL POR MAYOR DE MATERIALES DE CONSTRUCCIÓN, ARTÍCULOS DE FERRETERÍA Y EQUIPO Y MATERIALES DE FONTANERÍA Y CALEFACCIÓN",3.0,"Principal - 4663 - VENTA AL POR MAYOR DE MATERIALES DE CONSTRUCCIÓN, ARTÍCULOS DE FERRETERÍA Y EQUIPO Y MATERIALES DE FONTANERÍA Y CALEFACCIÓN | Secundaria 1 - 4100 - CONSTRUCCIÓN DE EDIFICIOS | Secundaria 2 - 7730 - ALQUILER Y ARRENDAMIENTO DE OTROS TIPOS DE MAQUINARIA, EQUIPO Y BIENES TANGIBLES",0,0,0,0,23/09/2026 22:32,1,1,1,71.9,Alto
20494686369,CONSTRUCTORA E INMOBILIARIA ENMANUEL & LUCIANO SOCIEDAD ANONIMA CERRADA,COINELU S.A.C.,2022,LIMA,28/04/2017,28/04/2017,2017.0,5.0,0,2013,9,1,1,122568885.39,1,0.0,0.0,SOCIEDAD ANONIMA CERRADA,ACTIVO,HABIDO,,ICA/NASCA/NASCA,Principal - 4210 - CONSTRUCCIÓN DE CARRETERAS Y VÍAS DE FERROCARRIL,2.0,Principal - 4210 - CONSTRUCCIÓN DE CARRETERAS Y VÍAS DE FERROCARRIL | Secundaria 2 - 4100 - CONSTRUCCIÓN DE EDIFICIOS,3,0,0,0,23/09/2026 22:35,1,1,1,71.9,Alto
20523386469,ALTAVISTA INVERSIONES GLOBALES SOCIEDAD ANONIMA CERRADA - AIG S.A.C.,-,2022,LIMA,29/09/2009,01/10/2009,2009.0,13.0,0,2018,4,2,3,161957529.86,2,0.0,0.0,SOCIEDAD ANONIMA CERRADA,ACTIVO,HABIDO,,LIMA/LIMA/MIRAFLORES,Principal - 4100 - CONSTRUCCIÓN DE EDIFICIOS,3.0,"Principal - 4100 - CONSTRUCCIÓN DE EDIFICIOS | Secundaria 1 - 4290 - CONSTRUCCIÓN DE OTRAS OBRAS DE INGENIERÍA CIVIL | Secundaria 2 - 7730 - ALQUILER Y ARRENDAMIENTO DE OTROS TIPOS DE MAQUINARIA, EQUIPO Y BIENES TANGIBLES",0,1,0,0,23/09/2026 22:40,1,1,1,71.9,Alto
20529032464,"""MERÉ DE SANTÉ SOCIEDAD ANONIMA CERRADA""",-,2022,LIMA,23/02/2010,23/02/2010,2010.0,12.0,0,2013,9,1,1,100000.0,1,1.0,1.0,SOCIEDAD ANONIMA CERRADA,BAJA DE OFICIO,NO HABIDO,30/09/2025,AYACUCHO/HUAMANGA/AYACUCHO,Principal - 4390 - OTRAS ACTIVIDADES ESPECIALIZADAS DE CONSTRUCCIÓN,2.0,Principal - 4390 - OTRAS ACTIVIDADES ESPECIALIZADAS DE CONSTRUCCIÓN | Secundaria 1 - 4210 - CONSTRUCCIÓN DE CARRETERAS Y VÍAS DE FERROCARRIL,0,0,0,0,23/09/2026 22:44,1,1,1,71.9,Alto
20531049838,CONSTRUCTORA RASYR ING E.I.R.L.,-,2022,LIMA,26/12/2006,26/12/2006,2006.0,16.0,0,2011,11,1,1,100000.0,1,1.0,1.0,EMPRESA INDIVIDUAL DE RESP. LTDA,ACTIVO,HABIDO,,LIMA/LIMA/LOS OLIVOS,Principal - 4100 - CONSTRUCCIÓN DE EDIFICIOS,3.0,"Principal - 4100 - CONSTRUCCIÓN DE EDIFICIOS | Secundaria 1 - 4663 - VENTA AL POR MAYOR DE MATERIALES DE CONSTRUCCIÓN, ARTÍCULOS DE FERRETERÍA Y EQUIPO Y MATERIALES DE FONTANERÍA Y CALEFACCIÓN | Secundaria 2 - 4923 - TRANSPORTE DE CARGA POR CARRETERA",0,0,0,0,23/09/2026 22:46,1,1,1,71.9,Alto
20531897251,JKMB GENERALES S.R.L.,GRUPO JKMB,2022,LIMA,14/12/2010,01/12/2010,2010.0,12.0,0,2018,4,1,1,464754082.38,1,0.0,0.0,SOC.COM.RESPONS. LTDA,ACTIVO,HABIDO,,LIMA/LIMA/SANTIAGO DE SURCO,Principal - 4100 - CONSTRUCCIÓN DE EDIFICIOS,3.0,"Principal - 4100 - CONSTRUCCIÓN DE EDIFICIOS | Secundaria 1 - 7730 - ALQUILER Y ARRENDAMIENTO DE OTROS TIPOS DE MAQUINARIA, EQUIPO Y BIENES TANGIBLES | Secundaria 2 - 4210 - CONSTRUCCIÓN DE CARRETERAS Y VÍAS DE FERROCARRIL",0,0,0,0,23/09/2026 22:48,1,1,1,71.9,Alto
20534094079,EMPRESA CONSTRUCTORA ANDINA S.R.L.,-,2022,LIMA,28/02/2008,01/03/2008,2008.0,14.0,0,2017,5,1,1,100000.0,1,1.0,1.0,SOC.COM.RESPONS. LTDA,BAJA DE OFICIO,HABIDO,31/07/2025,LIMA/LIMA/ANCON,Principal - 4100 - CONSTRUCCIÓN DE EDIFICIOS,3.0,"Principal - 4100 - CONSTRUCCIÓN DE EDIFICIOS | Secundaria 1 - 4663 - VENTA AL POR MAYOR DE MATERIALES DE CONSTRUCCIÓN, ARTÍCULOS DE FERRETERÍA Y EQUIPO Y MATERIALES DE FONTANERÍA Y CALEFACCIÓN | Secundaria 2 - 4659 - VENTA AL POR MAYOR DE OTROS TIPOS DE MAQUINARIA Y EQUIPO",0,0,0,0,23/09/2026 22:50,1,1,1,71.9,Alto
20536704231,CONSTRUCTORA & CONTRATISTAS GENERALES JD & HN E.I.R.L.,-,2022,LIMA,06/07/2010,06/07/2010,2010.0,12.0,0,2022,0,1,2,11159976.41,1,0.0,0.0,EMPRESA INDIVIDUAL DE RESP. LTDA,ACTIVO,HABIDO,,LIMA/LIMA/SAN JUAN DE MIRAFLORES,Principal - 4100 - CONSTRUCCIÓN DE EDIFICIOS,2.0,"Principal - 4100 - CONSTRUCCIÓN DE EDIFICIOS | Secundaria 1 - 7730 - ALQUILER Y ARRENDAMIENTO DE OTROS TIPOS DE MAQUINARIA, EQUIPO Y BIENES TANGIBLES",0,0,0,0,23/09/2026 22:52,1,1,1,71.9,Alto
20542154366,CONSULTORES & EJECUTORES FRANK S.A.C. - CEFRANK S.A.C.,CEFRANK S.A.C.,2022,LIMA,18/03/2011,18/03/2011,2011.0,11.0,0,2020,2,2,1,100000.0,2,2.0,1.0,SOCIEDAD ANONIMA CERRADA,ACTIVO,HABIDO,,ANCASH/HUARAZ/INDEPENDENCIA,Principal - 7110 - ACTIVIDADES DE ARQUITECTURA E INGENIERÍA Y ACTIVIDADES CONEXAS DE CONSULTORÍA TÉCNICA,3.0,"Principal - 7110 - ACTIVIDADES DE ARQUITECTURA E INGENIERÍA Y ACTIVIDADES CONEXAS DE CONSULTORÍA TÉCNICA | Secundaria 1 - 4100 - CONSTRUCCIÓN DE EDIFICIOS | Secundaria 2 - 7490 - OTRAS ACTIVIDADES PROFESIONALES, CIENTÍFICAS Y TÉCNICAS N.C.P.",0,0,0,0,23/09/2026 22:55,1,1,1,71.9,Alto
20556414123,ALCO CONSULTORES Y CONSTRUCTORES GENERALES SOCIEDAD ANONIMA CERRADA,-,2022,LIMA,06/02/2014,06/02/2014,2014.0,8.0,0,2022,0,1,1,40100384.53,1,0.0,0.0,SOCIEDAD ANONIMA CERRADA,ACTIVO,HABIDO,,LIMA/LIMA/SAN ISIDRO,Principal - 4923 - TRANSPORTE DE CARGA POR CARRETERA,3.0,"Principal - 4923 - TRANSPORTE DE CARGA POR CARRETERA | Secundaria 1 - 4100 - CONSTRUCCIÓN DE EDIFICIOS | Secundaria 2 - 4663 - VENTA AL POR MAYOR DE MATERIALES DE CONSTRUCCIÓN, ARTÍCULOS DE FERRETERÍA Y EQUIPO Y MATERIALES DE FONTANERÍA Y CALEFACCIÓN",0,0,0,0,23/09/2026 22:57,1,1,1,71.9,Alto
20600021045,CORPORACION AGAPE C & N S.R.L.,-,2022,LIMA,23/12/2014,01/02/2015,2015.0,7.0,0,2016,6,1,1,75475056.08,1,0.0,0.0,SOC.COM.RESPONS. LTDA,ACTIVO,HABIDO,,LIMA/LIMA/SAN ISIDRO,Principal - 4100 - CONSTRUCCIÓN DE EDIFICIOS,3.0,"Principal - 4100 - CONSTRUCCIÓN DE EDIFICIOS | Secundaria 1 - 4210 - CONSTRUCCIÓN DE CARRETERAS Y VÍAS DE FERROCARRIL | Secundaria 2 - 7730 - ALQUILER Y ARRENDAMIENTO DE OTROS TIPOS DE MAQUINARIA, EQUIPO Y BIENES TANGIBLES",0,0,0,0,23/09/2026 23:05,1,1,1,71.9,Alto
20600046218,AVENIDA CONTRATISTAS S.A.C. - AV CONTRATISTAS S.A.C.,-,2022,LIMA,09/01/2015,09/01/2015,2015.0,7.0,0,2022,0,1,1,17223828.86,1,0.0,0.0,SOCIEDAD ANONIMA CERRADA,ACTIVO,HABIDO,,PIURA/PIURA/PIURA,Principal - 4923 - TRANSPORTE DE CARGA POR CARRETERA,3.0,"Principal - 4923 - TRANSPORTE DE CARGA POR CARRETERA | Secundaria 1 - 4663 - VENTA AL POR MAYOR DE MATERIALES DE CONSTRUCCIÓN, ARTÍCULOS DE FERRETERÍA Y EQUIPO Y MATERIALES DE FONTANERÍA Y CALEFACCIÓN | Secundaria 2 - 7730 - ALQUILER Y ARRENDAMIENTO DE OTROS TIPOS DE MAQUINARIA, EQUIPO Y BIENES TANGIBLES",1,0,0,0,23/09/2026 23:05,1,1,1,71.9,Alto
20600160347,C & G FORTALEZA S.R.L.,-,2022,LIMA,23/02/2015,01/03/2015,2015.0,7.0,0,2022,0,1,1,100000.0,1,1.0,1.0,SOC.COM.RESPONS. LTDA,ACTIVO,HABIDO,,LIMA/LIMA/VILLA EL SALVADOR,Principal - 4100 - CONSTRUCCIÓN DE EDIFICIOS,3.0,"Principal - 4100 - CONSTRUCCIÓN DE EDIFICIOS | Secundaria 1 - 4210 - CONSTRUCCIÓN DE CARRETERAS Y VÍAS DE FERROCARRIL | Secundaria 2 - 7730 - ALQUILER Y ARRENDAMIENTO DE OTROS TIPOS DE MAQUINARIA, EQUIPO Y BIENES TANGIBLES",0,0,0,0,23/09/2026 23:06,1,1,1,71.9,Alto
20600362161,INVERSIONES URMA S.A.C.,-,2022,LIMA,11/05/2015,11/05/2015,2015.0,7.0,0,2019,3,1,1,31902923.84,1,0.0,0.0,SOCIEDAD ANONIMA CERRADA,ACTIVO,HABIDO,,LIMA/LIMA/ATE,Principal - 4100 - CONSTRUCCIÓN DE EDIFICIOS,3.0,"Principal - 4100 - CONSTRUCCIÓN DE EDIFICIOS | Secundaria 1 - 7110 - ACTIVIDADES DE ARQUITECTURA E INGENIERÍA Y ACTIVIDADES CONEXAS DE CONSULTORÍA TÉCNICA | Secundaria 2 - 7730 - ALQUILER Y ARRENDAMIENTO DE OTROS TIPOS DE MAQUINARIA, EQUIPO Y BIENES TANGIBLES",0,0,0,0,23/09/2026 23:08,1,1,1,71.9,Alto
20600377818,CONSTRUCTORA GREEN S.A.C.,-,2022,LIMA,15/05/2015,15/05/2015,2015.0,7.0,0,2020,2,1,1,50153588.78,1,0.0,0.0,SOCIEDAD ANONIMA CERRADA,ACTIVO,HABIDO,,SAN MARTIN/SAN MARTIN/TARAPOTO,Principal - 4923 - TRANSPORTE DE CARGA POR CARRETERA,3.0,"Principal - 4923 - TRANSPORTE DE CARGA POR CARRETERA | Secundaria 1 - 7730 - ALQUILER Y ARRENDAMIENTO DE OTROS TIPOS DE MAQUINARIA, EQUIPO Y BIENES TANGIBLES | Secundaria 2 - 4290 - CONSTRUCCIÓN DE OTRAS OBRAS DE INGENIERÍA CIVIL",0,0,0,0,23/09/2026 23:08,1,1,1,71.9,Alto
20601263158,RIVER PLAZA CONTRATISTAS S.A.C.,-,2022,LIMA,31/05/2016,01/06/2016,2016.0,6.0,0,2021,1,1,2,100000.0,1,1.0,1.0,SOCIEDAD ANONIMA CERRADA,ACTIVO,HABIDO,,LIMA/LIMA/MAGDALENA DEL MAR,Principal - 4923 - TRANSPORTE DE CARGA POR CARRETERA,3.0,"Principal - 4923 - TRANSPORTE DE CARGA POR CARRETERA | Secundaria 1 - 4663 - VENTA AL POR MAYOR DE MATERIALES DE CONSTRUCCIÓN, ARTÍCULOS DE FERRETERÍA Y EQUIPO Y MATERIALES DE FONTANERÍA Y CALEFACCIÓN | Secundaria 2 - 4290 - CONSTRUCCIÓN DE OTRAS OBRAS DE INGENIERÍA CIVIL",0,0,0,0,23/09/2026 23:12,1,1,1,71.9,Alto
20601955165,CONSTRUCTORA ZELDA S.A.C. - CONZEL S.A.C.,-,2022,LIMA,13/03/2017,13/03/2017,2017.0,5.0,0,2022,0,1,1,5411108.89,1,1.0,1.0,SOCIEDAD ANONIMA CERRADA,ACTIVO,HABIDO,,LIMA/LIMA/ATE,Principal - 4100 - CONSTRUCCIÓN DE EDIFICIOS,3.0,"Principal - 4100 - CONSTRUCCIÓN DE EDIFICIOS | Secundaria 1 - 7110 - ACTIVIDADES DE ARQUITECTURA E INGENIERÍA Y ACTIVIDADES CONEXAS DE CONSULTORÍA TÉCNICA | Secundaria 2 - 4663 - VENTA AL POR MAYOR DE MATERIALES DE CONSTRUCCIÓN, ARTÍCULOS DE FERRETERÍA Y EQUIPO Y MATERIALES DE FONTANERÍA Y CALEFACCIÓN",0,0,0,0,23/09/2026 23:15,1,1,1,71.9,Alto
20603476400,CONSTRUCOES ENGENHARIA E PAVIMENTACAO ENPAVI LTDA SUCURSAL DEL PERU,-,2022,LIMA,09/08/2018,09/08/2018,2018.0,4.0,0,2020,2,1,3,470313192.14,1,0.0,0.0,SUCURSALES O AG. DE EMP. EXTRANJ.,ACTIVO,HABIDO,,LIMA/LIMA/SANTIAGO DE SURCO,Principal - 7110 - ACTIVIDADES DE ARQUITECTURA E INGENIERÍA Y ACTIVIDADES CONEXAS DE CONSULTORÍA TÉCNICA,1.0,Principal - 7110 - ACTIVIDADES DE ARQUITECTURA E INGENIERÍA Y ACTIVIDADES CONEXAS DE CONSULTORÍA TÉCNICA,1,0,0,0,23/09/2026 23:19,1,1,1,71.9,Alto
20603550677,VCP CONSULTORES Y EJECUTORES S.A.C.,-,2022,LIMA,29/08/2018,29/08/2018,2018.0,4.0,0,2021,1,2,1,151126543.87,2,0.0,0.0,SOCIEDAD ANONIMA CERRADA,ACTIVO,HABIDO,,LIMA/LIMA/SAN MARTIN DE PORRES,Principal - 4210 - CONSTRUCCIÓN DE CARRETERAS Y VÍAS DE FERROCARRIL,3.0,"Principal - 4210 - CONSTRUCCIÓN DE CARRETERAS Y VÍAS DE FERROCARRIL | Secundaria 1 - 7710 - ALQUILER Y ARRENDAMIENTO DE VEHÍCULOS AUTOMOTORES | Secundaria 2 - 4663 - VENTA AL POR MAYOR DE MATERIALES DE CONSTRUCCIÓN, ARTÍCULOS DE FERRETERÍA Y EQUIPO Y MATERIALES DE FONTANERÍA Y CALEFACCIÓN",0,0,0,0,23/09/2026 23:19,1,1,1,71.9,Alto
20604654531,CORPORACION MARED S.A.C.,CORPORACION MARED,2022,LIMA,04/05/2019,04/05/2019,2019.0,3.0,0,2022,0,1,1,100000.0,1,1.0,1.0,SOCIEDAD ANONIMA CERRADA,ACTIVO,HABIDO,,LIMA/LIMA/LOS OLIVOS,"Principal - 7730 - ALQUILER Y ARRENDAMIENTO DE OTROS TIPOS DE MAQUINARIA, EQUIPO Y BIENES TANGIBLES",3.0,"Principal - 7730 - ALQUILER Y ARRENDAMIENTO DE OTROS TIPOS DE MAQUINARIA, EQUIPO Y BIENES TANGIBLES | Secundaria 1 - 4923 - TRANSPORTE DE CARGA POR CARRETERA | Secundaria 2 - 4100 - CONSTRUCCIÓN DE EDIFICIOS",0,0,0,0,23/09/2026 23:21,1,1,1,71.9,Alto
20103921288,LORINSA CONTRATISTAS GENERALES S.R.LTDA,LORINSA SRL,2022,LORETO,21/04/1993,22/03/1982,1982.0,40.0,0,2005,17,4,1,38153174.57,4,1.0,0.25,SOC.COM.RESPONS. LTDA,ACTIVO,HABIDO,,LORETO/MAYNAS/IQUITOS,Principal - 4100 - CONSTRUCCIÓN DE EDIFICIOS,3.0,"Principal - 4100 - CONSTRUCCIÓN DE EDIFICIOS | Secundaria 1 - 5221 - ACTIVIDADES DE SERVICIOS VINCULADAS AL TRANSPORTE TERRESTRE | Secundaria 2 - 7730 - ALQUILER Y ARRENDAMIENTO DE OTROS TIPOS DE MAQUINARIA, EQUIPO Y BIENES TANGIBLES",0,0,0,0,23/09/2026 22:08,1,1,1,80.4,Muy alto
20351988143,J.B.G CONTRATISTAS GENERALES E.I.R.L,-,2022,LORETO,23/02/2000,23/02/2000,2000.0,22.0,0,2006,16,1,1,45601635.5,1,0.0,0.0,EMPRESA INDIVIDUAL DE RESP. LTDA,ACTIVO,HABIDO,,UCAYALI/CORONEL PORTILLO/CALLERIA,Principal - 4390 - OTRAS ACTIVIDADES ESPECIALIZADAS DE CONSTRUCCIÓN,1.0,Principal - 4390 - OTRAS ACTIVIDADES ESPECIALIZADAS DE CONSTRUCCIÓN,1,0,0,0,23/09/2026 22:10,1,1,1,80.4,Muy alto
20392307045,CONSTRUCTORA MARAÑON SOCIEDAD COMERCIAL DE RESPONSABILIDAD LIMITADA,COMAR S.R.LTDA.,2022,LORETO,09/10/1998,09/10/1998,1998.0,24.0,0,2018,4,1,1,40137157.08,1,0.0,0.0,SOC.COM.RESPONS. LTDA,ACTIVO,HABIDO,,AMAZONAS/BAGUA/BAGUA,Principal - 4390 - OTRAS ACTIVIDADES ESPECIALIZADAS DE CONSTRUCCIÓN,3.0,Principal - 4390 - OTRAS ACTIVIDADES ESPECIALIZADAS DE CONSTRUCCIÓN | Secundaria 1 - 4100 - CONSTRUCCIÓN DE EDIFICIOS | Secundaria 2 - 4330 - TERMINACIÓN Y ACABADO DE EDIFICIOS,2,0,0,0,23/09/2026 22:11,1,1,1,80.4,Muy alto
20393633990,CONSTRUCTORA PREIMAQ S.A.C.,-,2022,LORETO,22/10/2010,01/11/2010,2010.0,12.0,0,2013,9,5,1,391155488.48,5,0.0,0.0,SOCIEDAD ANONIMA CERRADA,ACTIVO,HABIDO,,LORETO/MAYNAS/PUNCHANA,Principal - 4100 - CONSTRUCCIÓN DE EDIFICIOS,2.0,Principal - 4100 - CONSTRUCCIÓN DE EDIFICIOS | Secundaria 1 - 4923 - TRANSPORTE DE CARGA POR CARRETERA,0,0,0,0,23/09/2026 22:13,1,1,1,80.4,Muy alto
20393644509,CONSTRUCTORA PAPELERA S.A.C.,-,2022,LORETO,13/05/2014,13/05/2014,2014.0,8.0,0,2020,2,1,1,3069902.67,1,0.0,0.0,SOCIEDAD ANONIMA CERRADA,ACTIVO,HABIDO,,UCAYALI/CORONEL PORTILLO/CALLERIA,Principal - 4100 - CONSTRUCCIÓN DE EDIFICIOS,2.0,"Principal - 4100 - CONSTRUCCIÓN DE EDIFICIOS | Secundaria 1 - 7730 - ALQUILER Y ARRENDAMIENTO DE OTROS TIPOS DE MAQUINARIA, EQUIPO Y BIENES TANGIBLES",0,0,0,0,23/09/2026 22:13,1,1,1,80.4,Muy alto
20393706628,EJECUTORES E INVERSIONES DE LA AMAZONIA S.R.L.,-,2022,LORETO,07/07/2011,07/07/2011,2011.0,11.0,0,2013,9,1,1,173647364.84,1,0.0,0.0,SOC.COM.RESPONS. LTDA,ACTIVO,HABIDO,,UCAYALI/CORONEL PORTILLO/CALLERIA,Principal - 4100 - CONSTRUCCIÓN DE EDIFICIOS,2.0,"Principal - 4100 - CONSTRUCCIÓN DE EDIFICIOS | Secundaria 1 - 4663 - VENTA AL POR MAYOR DE MATERIALES DE CONSTRUCCIÓN, ARTÍCULOS DE FERRETERÍA Y EQUIPO Y MATERIALES DE FONTANERÍA Y CALEFACCIÓN",1,0,0,0,23/09/2026 22:13,1,1,1,80.4,Muy alto
20393877431,ESTORAQUE E.I.R.L.,-,2022,LORETO,09/08/2019,09/08/2019,2019.0,3.0,0,2019,3,1,1,4007646477.73,1,0.0,0.0,EMPRESA INDIVIDUAL DE RESP. LTDA,ACTIVO,HABIDO,,LORETO/MAYNAS/IQUITOS,Principal - 4100 - CONSTRUCCIÓN DE EDIFICIOS,3.0,"Principal - 4100 - CONSTRUCCIÓN DE EDIFICIOS | Secundaria 1 - 7730 - ALQUILER Y ARRENDAMIENTO DE OTROS TIPOS DE MAQUINARIA, EQUIPO Y BIENES TANGIBLES | Secundaria 2 - 1410 - FABRICACIÓN DE PRENDAS DE VESTIR, EXCEPTO PRENDAS DE PIEL",0,0,0,0,23/09/2026 22:13,1,1,1,80.4,Muy alto
20450157008,INSTALACIONES ELECTROMECANICAS Y CIVILES INTELSA E.I.R.L.,-,2022,LORETO,18/07/2006,18/07/2006,2006.0,16.0,0,2017,5,1,1,100000.0,1,1.0,1.0,EMPRESA INDIVIDUAL DE RESP. LTDA,BAJA PROV. POR OFICIO,HABIDO,30/06/2026,SAN MARTIN/SAN MARTIN/TARAPOTO,Principal - 4100 - CONSTRUCCIÓN DE EDIFICIOS,3.0,Principal - 4100 - CONSTRUCCIÓN DE EDIFICIOS | Secundaria 1 - 7020 - ACTIVIDADES DE CONSULTORÍA DE GESTIÓN | Secundaria 2 - 7110 - ACTIVIDADES DE ARQUITECTURA E INGENIERÍA Y ACTIVIDADES CONEXAS DE CONSULTORÍA TÉCNICA,2,0,0,0,23/09/2026 22:19,1,1,1,80.4,Muy alto
20450252418,GARCAM EIRL,-,2022,LORETO,20/08/2007,01/09/2007,2007.0,15.0,0,2007,15,1,2,100000.0,1,1.0,1.0,EMPRESA INDIVIDUAL DE RESP. LTDA,ACTIVO,HABIDO,,SAN MARTIN/MOYOBAMBA/MOYOBAMBA,Principal - 7110 - ACTIVIDADES DE ARQUITECTURA E INGENIERÍA Y ACTIVIDADES CONEXAS DE CONSULTORÍA TÉCNICA,3.0,"Principal - 7110 - ACTIVIDADES DE ARQUITECTURA E INGENIERÍA Y ACTIVIDADES CONEXAS DE CONSULTORÍA TÉCNICA | Secundaria 1 - 4100 - CONSTRUCCIÓN DE EDIFICIOS | Secundaria 2 - 4663 - VENTA AL POR MAYOR DE MATERIALES DE CONSTRUCCIÓN, ARTÍCULOS DE FERRETERÍA Y EQUIPO Y MATERIALES DE FONTANERÍA Y CALEFACCIÓN",0,1,0,0,23/09/2026 22:19,1,1,1,80.4,Muy alto
20489747244,CORPORACIÓN LUSAC E.I.R.L.,-,2022,LORETO,12/02/2009,12/02/2009,2009.0,13.0,0,2010,12,1,1,100000.0,1,1.0,1.0,EMPRESA INDIVIDUAL DE RESP. LTDA,ACTIVO,HABIDO,,HUANUCO/HUANUCO/AMARILIS,Principal - 4100 - CONSTRUCCIÓN DE EDIFICIOS,3.0,"Principal - 4100 - CONSTRUCCIÓN DE EDIFICIOS | Secundaria 1 - 4659 - VENTA AL POR MAYOR DE OTROS TIPOS DE MAQUINARIA Y EQUIPO | Secundaria 2 - 7730 - ALQUILER Y ARRENDAMIENTO DE OTROS TIPOS DE MAQUINARIA, EQUIPO Y BIENES TANGIBLES",0,0,0,0,23/09/2026 22:32,1,1,1,80.4,Muy alto
20493231236,ALVIME E.I.R.L.,-,2022,LORETO,06/05/2003,06/05/2003,2003.0,19.0,0,2009,13,2,1,100000.0,2,2.0,1.0,EMPRESA INDIVIDUAL DE RESP. LTDA,ACTIVO,HABIDO,,LORETO/MAYNAS/BELEN,Principal - 4390 - OTRAS ACTIVIDADES ESPECIALIZADAS DE CONSTRUCCIÓN,1.0,Principal - 4390 - OTRAS ACTIVIDADES ESPECIALIZADAS DE CONSTRUCCIÓN,0,0,0,0,23/09/2026 22:33,1,1,1,80.4,Muy alto
20493538633,INVERSIONES SAVAREN S.R.L.,-,2022,LORETO,26/12/2006,17/05/2007,2007.0,15.0,0,2022,0,1,1,39073079.86,1,0.0,0.0,SOC.COM.RESPONS. LTDA,ACTIVO,HABIDO,,LORETO/MAYNAS/IQUITOS,"Principal - 7730 - ALQUILER Y ARRENDAMIENTO DE OTROS TIPOS DE MAQUINARIA, EQUIPO Y BIENES TANGIBLES",3.0,"Principal - 7730 - ALQUILER Y ARRENDAMIENTO DE OTROS TIPOS DE MAQUINARIA, EQUIPO Y BIENES TANGIBLES | Secundaria 1 - 4663 - VENTA AL POR MAYOR DE MATERIALES DE CONSTRUCCIÓN, ARTÍCULOS DE FERRETERÍA Y EQUIPO Y MATERIALES DE FONTANERÍA Y CALEFACCIÓN | Secundaria 2 - 4100 - CONSTRUCCIÓN DE EDIFICIOS",0,0,0,0,23/09/2026 22:33,1,1,1,80.4,Muy alto
20493640322,CONSTRUCTORA O.M.C. SRL,-,2022,LORETO,19/10/2007,01/11/2007,2007.0,15.0,0,2022,0,1,1,71693594.46,1,0.0,0.0,SOC.COM.RESPONS. LTDA,ACTIVO,HABIDO,,LORETO/MAYNAS/IQUITOS,Principal - 4390 - OTRAS ACTIVIDADES ESPECIALIZADAS DE CONSTRUCCIÓN,1.0,Principal - 4390 - OTRAS ACTIVIDADES ESPECIALIZADAS DE CONSTRUCCIÓN,0,0,0,0,23/09/2026 22:33,1,1,1,80.4,Muy alto
20493644824,APJ CONTRATISTAS Y CONSULTORES S.R.L.,-,2022,LORETO,07/11/2007,07/11/2007,2007.0,15.0,0,2022,0,2,1,100000.0,2,2.0,1.0,SOC.COM.RESPONS. LTDA,ACTIVO,HABIDO,,LORETO/MAYNAS/IQUITOS,"Principal - 7730 - ALQUILER Y ARRENDAMIENTO DE OTROS TIPOS DE MAQUINARIA, EQUIPO Y BIENES TANGIBLES",3.0,"Principal - 7730 - ALQUILER Y ARRENDAMIENTO DE OTROS TIPOS DE MAQUINARIA, EQUIPO Y BIENES TANGIBLES | Secundaria 1 - 4100 - CONSTRUCCIÓN DE EDIFICIOS | Secundaria 2 - 4220 - CONSTRUCCIÓN DE PROYECTOS DE SERVICIO PÚBLICO",1,0,0,0,23/09/2026 22:33,1,1,1,80.4,Muy alto
20493747399,ALFA & OMEGA CONSTRUCCIONES BIENES Y SERVICIOS E.I.R.L.,ALFOCOBES E.I.R.L.,2022,LORETO,31/03/2008,01/04/2008,2008.0,14.0,0,2020,2,1,1,100000.0,1,1.0,1.0,EMPRESA INDIVIDUAL DE RESP. LTDA,ACTIVO,HABIDO,,LORETO/MAYNAS/SAN JUAN BAUTISTA,Principal - 4100 - CONSTRUCCIÓN DE EDIFICIOS,2.0,Principal - 4100 - CONSTRUCCIÓN DE EDIFICIOS | Secundaria 1 - 4719 - OTRAS ACTIVIDADES DE VENTA AL POR MENOR EN COMERCIOS NO ESPECIALIZADOS,0,0,0,0,23/09/2026 22:33,1,1,1,80.4,Muy alto
20493874587,MACO CONSTRUCTORES S.A.C.,-,2022,LORETO,01/07/2010,01/07/2010,2010.0,12.0,0,2013,9,2,1,100000.0,2,2.0,1.0,SOCIEDAD ANONIMA CERRADA,ACTIVO,HABIDO,,LORETO/ALTO AMAZONAS/YURIMAGUAS,Principal - 4290 - CONSTRUCCIÓN DE OTRAS OBRAS DE INGENIERÍA CIVIL,2.0,"Principal - 4290 - CONSTRUCCIÓN DE OTRAS OBRAS DE INGENIERÍA CIVIL | Secundaria 1 - 7730 - ALQUILER Y ARRENDAMIENTO DE OTROS TIPOS DE MAQUINARIA, EQUIPO Y BIENES TANGIBLES",0,0,0,0,23/09/2026 22:34,1,1,1,80.4,Muy alto
20494100429,BARRANCA CONSTRUCCIONES E.I.R.L.,-,2022,LORETO,04/01/2012,04/01/2012,2012.0,10.0,0,2022,0,1,1,100000.0,1,1.0,1.0,EMPRESA INDIVIDUAL DE RESP. LTDA,ACTIVO,HABIDO,,LORETO/ALTO AMAZONAS/YURIMAGUAS,Principal - 4100 - CONSTRUCCIÓN DE EDIFICIOS,3.0,"Principal - 4100 - CONSTRUCCIÓN DE EDIFICIOS | Secundaria 1 - 7110 - ACTIVIDADES DE ARQUITECTURA E INGENIERÍA Y ACTIVIDADES CONEXAS DE CONSULTORÍA TÉCNICA | Secundaria 2 - 6920 - ACTIVIDADES DE CONTABILIDAD, TENEDURÍA DE LIBROS Y AUDITORÍA; CONSULTORÍA FISCAL",0,0,0,0,23/09/2026 22:34,1,1,1,80.4,Muy alto
20523070071,SHYRLE Y MUQUI CONSTRUCTORES S.A.C. - SHYRMUQUICSAC,-,2022,LORETO,31/08/2009,31/08/2009,2009.0,13.0,0,2013,9,1,1,14589158.88,1,0.0,0.0,SOCIEDAD ANONIMA CERRADA,ACTIVO,HABIDO,,PROV. CONST. DEL CALLAO/PROV. CONST. DEL CALLAO/VENTANILLA,Principal - 4100 - CONSTRUCCIÓN DE EDIFICIOS,3.0,"Principal - 4100 - CONSTRUCCIÓN DE EDIFICIOS | Secundaria 1 - 7020 - ACTIVIDADES DE CONSULTORÍA DE GESTIÓN | Secundaria 2 - 7490 - OTRAS ACTIVIDADES PROFESIONALES, CIENTÍFICAS Y TÉCNICAS N.C.P.",0,0,0,0,23/09/2026 22:40,1,1,1,80.4,Muy alto
20528115897,CABALLERO CONTRATISTAS GENERALES E.I.R.L.,CABALLERO CONTRATISTAS GENERAL,2022,LORETO,01/09/2008,01/09/2008,2008.0,14.0,0,2012,10,3,1,653125769.72,3,0.0,0.0,EMPRESA INDIVIDUAL DE RESP. LTDA,ACTIVO,HABIDO,,LORETO/DATEM DEL MARAÑON/MANSERICHE,Principal - 4220 - CONSTRUCCIÓN DE PROYECTOS DE SERVICIO PÚBLICO,3.0,"Principal - 4220 - CONSTRUCCIÓN DE PROYECTOS DE SERVICIO PÚBLICO | Secundaria 1 - 7730 - ALQUILER Y ARRENDAMIENTO DE OTROS TIPOS DE MAQUINARIA, EQUIPO Y BIENES TANGIBLES | Secundaria 2 - 4663 - VENTA AL POR MAYOR DE MATERIALES DE CONSTRUCCIÓN, ARTÍCULOS DE FERRETERÍA Y EQUIPO Y MATERIALES DE FONTANERÍA Y CALEFACCIÓN",0,0,0,0,23/09/2026 22:42,1,1,1,80.4,Muy alto
20528162895,CONSTRUCTORA Y CONSULTORIA M.C EMPRESA INDIVIDUAL DE RESPONSABILIDAD LIMITADA,-,2022,LORETO,06/02/2009,05/02/2009,2009.0,13.0,0,2019,3,1,1,153214442.1,1,0.0,0.0,EMPRESA INDIVIDUAL DE RESP. LTDA,ACTIVO,HABIDO,,LORETO/MAYNAS/IQUITOS,Principal - 4390 - OTRAS ACTIVIDADES ESPECIALIZADAS DE CONSTRUCCIÓN,3.0,"Principal - 4390 - OTRAS ACTIVIDADES ESPECIALIZADAS DE CONSTRUCCIÓN | Secundaria 1 - 4220 - CONSTRUCCIÓN DE PROYECTOS DE SERVICIO PÚBLICO | Secundaria 2 - 7730 - ALQUILER Y ARRENDAMIENTO DE OTROS TIPOS DE MAQUINARIA, EQUIPO Y BIENES TANGIBLES",0,0,0,0,23/09/2026 22:43,1,1,1,80.4,Muy alto
20528181334,CPM INGENIERIA & CONSTRUCCION S.A.C,-,2022,LORETO,19/03/2009,19/03/2009,2009.0,13.0,0,2020,2,2,1,156685356.99,2,0.0,0.0,SOCIEDAD ANONIMA CERRADA,ACTIVO,HABIDO,,LORETO/MAYNAS/IQUITOS,Principal - 4290 - CONSTRUCCIÓN DE OTRAS OBRAS DE INGENIERÍA CIVIL,3.0,"Principal - 4290 - CONSTRUCCIÓN DE OTRAS OBRAS DE INGENIERÍA CIVIL | Secundaria 1 - 7110 - ACTIVIDADES DE ARQUITECTURA E INGENIERÍA Y ACTIVIDADES CONEXAS DE CONSULTORÍA TÉCNICA | Secundaria 2 - 4663 - VENTA AL POR MAYOR DE MATERIALES DE CONSTRUCCIÓN, ARTÍCULOS DE FERRETERÍA Y EQUIPO Y MATERIALES DE FONTANERÍA Y CALEFACCIÓN",0,0,0,0,23/09/2026 22:43,1,1,1,80.4,Muy alto
20528255982,ACES SOCIEDAD COMERCIAL DE RESPONSABILIDAD LIMITADA,ACES S.R.L.,2022,LORETO,28/09/2009,28/09/2009,2009.0,13.0,0,2016,6,1,1,100000.0,1,1.0,1.0,SOC.COM.RESPONS. LTDA,ACTIVO,HABIDO,,LORETO/MAYNAS/PUNCHANA,Principal - 4100 - CONSTRUCCIÓN DE EDIFICIOS,3.0,Principal - 4100 - CONSTRUCCIÓN DE EDIFICIOS | Secundaria 1 - 6810 - ACTIVIDADES INMOBILIARIAS REALIZADAS CON BIENES PROPIOS O ARRENDADOS | Secundaria 2 - 5510 - ACTIVIDADES DE ALOJAMIENTO PARA ESTANCIAS CORTAS,0,0,0,0,23/09/2026 22:43,1,1,1,80.4,Muy alto
20528323571,"CPOL EMPRESA CONSTRUCTORA, CONSULTORA Y SERVICIOS GENERALES E.I.R.L.",-,2022,LORETO,21/05/2010,01/06/2010,2010.0,12.0,0,2022,0,1,1,2318397.23,1,0.0,0.0,EMPRESA INDIVIDUAL DE RESP. LTDA,ACTIVO,HABIDO,,LORETO/MAYNAS/IQUITOS,Principal - 4100 - CONSTRUCCIÓN DE EDIFICIOS,3.0,Principal - 4100 - CONSTRUCCIÓN DE EDIFICIOS | Secundaria 1 - 4210 - CONSTRUCCIÓN DE CARRETERAS Y VÍAS DE FERROCARRIL | Secundaria 2 - 7110 - ACTIVIDADES DE ARQUITECTURA E INGENIERÍA Y ACTIVIDADES CONEXAS DE CONSULTORÍA TÉCNICA,0,0,0,0,23/09/2026 22:43,1,1,1,80.4,Muy alto
20528383808,P&T CONSTRUCCIONES E INVERSIONES EMPRESA INDIVIDUAL DE RESPONSABILIDAD LIMITADA,P&T - CEIN E.I.R.L.,2022,LORETO,06/12/2010,06/12/2010,2010.0,12.0,0,2020,2,2,1,75025760.14,2,0.0,0.0,EMPRESA INDIVIDUAL DE RESP. LTDA,ACTIVO,HABIDO,,LORETO/MAYNAS/IQUITOS,Principal - 4100 - CONSTRUCCIÓN DE EDIFICIOS,3.0,"Principal - 4100 - CONSTRUCCIÓN DE EDIFICIOS | Secundaria 1 - 7110 - ACTIVIDADES DE ARQUITECTURA E INGENIERÍA Y ACTIVIDADES CONEXAS DE CONSULTORÍA TÉCNICA | Secundaria 2 - 7730 - ALQUILER Y ARRENDAMIENTO DE OTROS TIPOS DE MAQUINARIA, EQUIPO Y BIENES TANGIBLES",0,0,0,0,23/09/2026 22:43,1,1,1,80.4,Muy alto
20528457691,SERVICIOS PARA LA INDUSTRIA DE LA CONSTRUCCION CIVIL AMAZONICA CONSULTORES Y EJECUTORES E.I.R.L.,SICCA CONSULTORES Y EJECUTORES,2022,LORETO,03/06/2011,03/06/2011,2011.0,11.0,0,2018,4,1,1,57808025.4,1,0.0,0.0,EMPRESA INDIVIDUAL DE RESP. LTDA,ACTIVO,HABIDO,,LORETO/MAYNAS/SAN JUAN BAUTISTA,Principal - 4100 - CONSTRUCCIÓN DE EDIFICIOS,3.0,Principal - 4100 - CONSTRUCCIÓN DE EDIFICIOS | Secundaria 1 - 4330 - TERMINACIÓN Y ACABADO DE EDIFICIOS | Secundaria 2 - 4210 - CONSTRUCCIÓN DE CARRETERAS Y VÍAS DE FERROCARRIL,0,0,0,0,23/09/2026 22:43,1,1,1,80.4,Muy alto
20528476300,CONSTRUCCIONES Y EDIFICACIONES VULCANO E.I.R.L.,-,2022,LORETO,21/07/2011,01/08/2011,2011.0,11.0,0,2020,2,2,1,400000.0,2,2.0,1.0,EMPRESA INDIVIDUAL DE RESP. LTDA,ACTIVO,HABIDO,,LORETO/MAYNAS/IQUITOS,Principal - 4220 - CONSTRUCCIÓN DE PROYECTOS DE SERVICIO PÚBLICO,3.0,Principal - 4220 - CONSTRUCCIÓN DE PROYECTOS DE SERVICIO PÚBLICO | Secundaria 1 - 7110 - ACTIVIDADES DE ARQUITECTURA E INGENIERÍA Y ACTIVIDADES CONEXAS DE CONSULTORÍA TÉCNICA | Secundaria 2 - 0161 - ACTIVIDADES DE APOYO A LA AGRICULTURA,0,0,0,0,23/09/2026 22:43,1,1,1,80.4,Muy alto
20528481991,CONSTRUCTORA DAISO EMPRESA INDIVIDUAL DE RESPONSABILIDAD LIMITADA,-,2022,LORETO,10/08/2011,01/09/2011,2011.0,11.0,0,2022,0,2,1,100000.0,2,2.0,1.0,EMPRESA INDIVIDUAL DE RESP. LTDA,ACTIVO,HABIDO,,LORETO/MAYNAS/PUNCHANA,Principal - 4100 - CONSTRUCCIÓN DE EDIFICIOS,3.0,"Principal - 4100 - CONSTRUCCIÓN DE EDIFICIOS | Secundaria 1 - 3100 - FABRICACIÓN DE MUEBLES | Secundaria 2 - 4663 - VENTA AL POR MAYOR DE MATERIALES DE CONSTRUCCIÓN, ARTÍCULOS DE FERRETERÍA Y EQUIPO Y MATERIALES DE FONTANERÍA Y CALEFACCIÓN",0,0,0,0,23/09/2026 22:43,1,1,1,80.4,Muy alto
20529234504,PAMARO EMPRESA INDIVIDUAL DE RESPONSABILIDAD LIMITADA,PAMARO E.I.R.L.,2022,LORETO,31/05/2011,31/05/2011,2011.0,11.0,0,2022,0,1,1,4086778.87,1,1.0,1.0,EMPRESA INDIVIDUAL DE RESP. LTDA,ACTIVO,HABIDO,,LIMA/LIMA/SANTIAGO DE SURCO,Principal - 4100 - CONSTRUCCIÓN DE EDIFICIOS,2.0,"Principal - 4100 - CONSTRUCCIÓN DE EDIFICIOS | Secundaria 1 - 7730 - ALQUILER Y ARRENDAMIENTO DE OTROS TIPOS DE MAQUINARIA, EQUIPO Y BIENES TANGIBLES",0,0,0,0,23/09/2026 22:45,1,1,1,80.4,Muy alto
20531396635,CONSTRUCTORA B&V S.R.L.,-,2022,LORETO,04/04/2003,04/04/2003,2003.0,19.0,0,2005,17,3,1,100000.0,3,3.0,1.0,SOC.COM.RESPONS. LTDA,ACTIVO,HABIDO,,LORETO/ALTO AMAZONAS/YURIMAGUAS,Principal - 4100 - CONSTRUCCIÓN DE EDIFICIOS,3.0,"Principal - 4100 - CONSTRUCCIÓN DE EDIFICIOS | Secundaria 1 - 4663 - VENTA AL POR MAYOR DE MATERIALES DE CONSTRUCCIÓN, ARTÍCULOS DE FERRETERÍA Y EQUIPO Y MATERIALES DE FONTANERÍA Y CALEFACCIÓN | Secundaria 2 - 3314 - REPARACIÓN DE EQUIPO ELÉCTRICO",0,0,0,0,23/09/2026 22:47,1,1,1,80.4,Muy alto
20541181556,CONSTRUCTORA R & A INGENIEROS S.A.C.,CONSTRUCTORA R & A,2022,LORETO,06/06/2012,06/06/2012,2012.0,10.0,0,2019,3,1,1,24757992.4,1,0.0,0.0,SOCIEDAD ANONIMA CERRADA,ACTIVO,HABIDO,,LORETO/MAYNAS/IQUITOS,Principal - 4100 - CONSTRUCCIÓN DE EDIFICIOS,3.0,"Principal - 4100 - CONSTRUCCIÓN DE EDIFICIOS | Secundaria 1 - 4663 - VENTA AL POR MAYOR DE MATERIALES DE CONSTRUCCIÓN, ARTÍCULOS DE FERRETERÍA Y EQUIPO Y MATERIALES DE FONTANERÍA Y CALEFACCIÓN | Secundaria 2 - 7110 - ACTIVIDADES DE ARQUITECTURA E INGENIERÍA Y ACTIVIDADES CONEXAS DE CONSULTORÍA TÉCNICA",0,0,0,0,23/09/2026 22:53,1,1,1,80.4,Muy alto
20541243250,INVERSIONES Y SERVICIOS SANTA MARTHA E.I.R.L.,-,2022,LORETO,05/12/2012,05/12/2012,2012.0,10.0,0,2017,5,1,1,16123667.22,1,0.0,0.0,EMPRESA INDIVIDUAL DE RESP. LTDA,ACTIVO,HABIDO,,LORETO/MAYNAS/IQUITOS,Principal - 4100 - CONSTRUCCIÓN DE EDIFICIOS,3.0,Principal - 4100 - CONSTRUCCIÓN DE EDIFICIOS | Secundaria 1 - 7110 - ACTIVIDADES DE ARQUITECTURA E INGENIERÍA Y ACTIVIDADES CONEXAS DE CONSULTORÍA TÉCNICA | Secundaria 2 - 4659 - VENTA AL POR MAYOR DE OTROS TIPOS DE MAQUINARIA Y EQUIPO,0,0,0,0,23/09/2026 22:53,1,1,1,80.4,Muy alto
20541261401,HCV INGENIERIA SAC,HCV INGENIERIA SAC,2022,LORETO,27/01/2017,27/01/2017,2017.0,5.0,0,2022,0,1,1,833292484.74,1,0.0,0.0,SOCIEDAD ANONIMA CERRADA,ACTIVO,HABIDO,,LORETO/MAYNAS/IQUITOS,Principal - 4100 - CONSTRUCCIÓN DE EDIFICIOS,1.0,Principal - 4100 - CONSTRUCCIÓN DE EDIFICIOS,0,0,0,0,23/09/2026 22:53,1,1,1,80.4,Muy alto
20567140220,JVC CONSULTORES Y EJECUTORES E.I.R.L.,-,2022,LORETO,25/09/2013,25/09/2013,2013.0,9.0,0,2019,3,2,1,1163624724.74,2,0.0,0.0,EMPRESA INDIVIDUAL DE RESP. LTDA,ACTIVO,HABIDO,,LORETO/MAYNAS/IQUITOS,Principal - 4220 - CONSTRUCCIÓN DE PROYECTOS DE SERVICIO PÚBLICO,3.0,"Principal - 4220 - CONSTRUCCIÓN DE PROYECTOS DE SERVICIO PÚBLICO | Secundaria 1 - 7120 - ENSAYOS Y ANÁLISIS TÉCNICOS | Secundaria 2 - 7730 - ALQUILER Y ARRENDAMIENTO DE OTROS TIPOS DE MAQUINARIA, EQUIPO Y BIENES TANGIBLES",0,0,0,0,23/09/2026 22:59,1,1,1,80.4,Muy alto
20567237061,CONSTRUCTORA MIDATO E.I.R.L.,-,2022,LORETO,17/06/2014,17/06/2014,2014.0,8.0,0,2020,2,5,1,509283968.8,5,0.0,0.0,EMPRESA INDIVIDUAL DE RESP. LTDA,ACTIVO,HABIDO,,LORETO/MAYNAS/IQUITOS,Principal - 4100 - CONSTRUCCIÓN DE EDIFICIOS,2.0,"Principal - 4100 - CONSTRUCCIÓN DE EDIFICIOS | Secundaria 1 - 4663 - VENTA AL POR MAYOR DE MATERIALES DE CONSTRUCCIÓN, ARTÍCULOS DE FERRETERÍA Y EQUIPO Y MATERIALES DE FONTANERÍA Y CALEFACCIÓN",1,0,0,0,23/09/2026 22:59,1,1,1,80.4,Muy alto
20571135885,YAEV E.I.R.L.,-,2022,LORETO,09/07/2011,09/07/2011,2011.0,11.0,0,2021,1,1,2,202433902.0,1,0.0,0.0,EMPRESA INDIVIDUAL DE RESP. LTDA,ACTIVO,HABIDO,,LIMA/LIMA/SANTIAGO DE SURCO,Principal - 4100 - CONSTRUCCIÓN DE EDIFICIOS,3.0,"Principal - 4100 - CONSTRUCCIÓN DE EDIFICIOS | Secundaria 1 - 7110 - ACTIVIDADES DE ARQUITECTURA E INGENIERÍA Y ACTIVIDADES CONEXAS DE CONSULTORÍA TÉCNICA | Secundaria 2 - 7730 - ALQUILER Y ARRENDAMIENTO DE OTROS TIPOS DE MAQUINARIA, EQUIPO Y BIENES TANGIBLES",1,0,0,0,23/09/2026 23:02,1,1,1,80.4,Muy alto
20572123228,JAS CONSULTORIA Y SERVICIOS GENERALES EIRL,-,2022,LORETO,11/12/2013,01/01/2014,2014.0,8.0,0,2015,7,1,1,25064063.42,1,0.0,0.0,EMPRESA INDIVIDUAL DE RESP. LTDA,ACTIVO,HABIDO,,LORETO/ALTO AMAZONAS/YURIMAGUAS,Principal - 4100 - CONSTRUCCIÓN DE EDIFICIOS,3.0,"Principal - 4100 - CONSTRUCCIÓN DE EDIFICIOS | Secundaria 1 - 7110 - ACTIVIDADES DE ARQUITECTURA E INGENIERÍA Y ACTIVIDADES CONEXAS DE CONSULTORÍA TÉCNICA | Secundaria 2 - 7730 - ALQUILER Y ARRENDAMIENTO DE OTROS TIPOS DE MAQUINARIA, EQUIPO Y BIENES TANGIBLES",0,0,0,0,23/09/2026 23:03,1,1,1,80.4,Muy alto
20572260217,CONSTRUCTORA C & E SERVICIOS GENERALES EIRL,-,2022,LORETO,10/02/2026,10/02/2026,2026.0,,1,2022,0,1,1,100000.0,1,1.0,1.0,EMPRESA INDIVIDUAL DE RESP. LTDA,SUSPENSION TEMPORAL,HABIDO,,LORETO/ALTO AMAZONAS/YURIMAGUAS,Principal - 4100 - CONSTRUCCIÓN DE EDIFICIOS,1.0,Principal - 4100 - CONSTRUCCIÓN DE EDIFICIOS,0,0,0,0,23/09/2026 23:03,1,1,1,80.4,Muy alto
20600421353,CONSTRUCTORA FJMABEC S.A.C.,-,2022,LORETO,03/02/2020,01/02/2020,2020.0,2.0,0,2022,0,1,2,100000.0,1,1.0,1.0,SOCIEDAD ANONIMA CERRADA,BAJA DE OFICIO,NO HABIDO,28/02/2025,LORETO/ALTO AMAZONAS/YURIMAGUAS,Principal - 4100 - CONSTRUCCIÓN DE EDIFICIOS,1.0,Principal - 4100 - CONSTRUCCIÓN DE EDIFICIOS,0,0,0,0,23/09/2026 23:08,1,1,1,80.4,Muy alto
20601740797,CONSTRUCTORA Y CONSULTORA ADONAI E.I.R.L.,-,2022,LORETO,19/12/2016,19/12/2016,2016.0,6.0,0,2019,3,1,1,10002304.04,1,0.0,0.0,EMPRESA INDIVIDUAL DE RESP. LTDA,ACTIVO,HABIDO,,LORETO/MAYNAS/IQUITOS,Principal - 4100 - CONSTRUCCIÓN DE EDIFICIOS,3.0,Principal - 4100 - CONSTRUCCIÓN DE EDIFICIOS | Secundaria 1 - 7020 - ACTIVIDADES DE CONSULTORÍA DE GESTIÓN | Secundaria 2 - 5222 - ACTIVIDADES DE SERVICIOS VINCULADAS AL TRANSPORTE ACUÁTICO,0,0,0,0,23/09/2026 23:14,1,1,1,80.4,Muy alto
20604346011,INCIMI SOCIEDAD ANONIMA CERRADA,INCIMI S.A.C.,2022,LORETO,07/03/2019,07/03/2019,2019.0,3.0,0,2022,0,1,1,131176119.87,1,0.0,0.0,SOCIEDAD ANONIMA CERRADA,ACTIVO,HABIDO,,LIMA/LIMA/SANTIAGO DE SURCO,Principal - 0990 - ACTIVIDADES DE APOYO PARA OTRAS ACTIVIDADES DE EXPLOTACIÓN DE MINAS Y CANTERAS,3.0,"Principal - 0990 - ACTIVIDADES DE APOYO PARA OTRAS ACTIVIDADES DE EXPLOTACIÓN DE MINAS Y CANTERAS | Secundaria 1 - 4290 - CONSTRUCCIÓN DE OTRAS OBRAS DE INGENIERÍA CIVIL | Secundaria 2 - 4663 - VENTA AL POR MAYOR DE MATERIALES DE CONSTRUCCIÓN, ARTÍCULOS DE FERRETERÍA Y EQUIPO Y MATERIALES DE FONTANERÍA Y CALEFACCIÓN",0,0,0,0,23/09/2026 23:21,1,1,1,80.4,Muy alto
20606258837,GROO S.A.,-,2022,LORETO,29/07/2020,29/07/2020,2020.0,2.0,0,2022,0,1,1,100000.0,1,1.0,1.0,SOCIEDAD ANONIMA,ACTIVO,HABIDO,,LORETO/MAYNAS/IQUITOS,Principal - 8690 - OTRAS ACTIVIDADES DE ATENCIÓN DE LA SALUD HUMANA,3.0,"Principal - 8690 - OTRAS ACTIVIDADES DE ATENCIÓN DE LA SALUD HUMANA | Secundaria 1 - 4772 - VENTA AL POR MENOR DE PRODUCTOS FARMACÉUTICOS Y MÉDICOS, COSMÉTICOS Y ARTÍCULOS DE TOCADOR EN COMERCIOS ESPECIALIZADOS | Secundaria 2 - 8010 - ACTIVIDADES DE SEGURIDAD PRIVADA",0,0,0,0,23/09/2026 23:24,1,1,1,80.4,Muy alto
20607715425,MASTER SOLUTIONS EMPRESA INDIVIDUAL DE RESPONSABILIDAD LIMITADA,-,2022,LORETO,26/03/2021,30/03/2021,2021.0,1.0,0,2022,0,1,1,100000.0,1,1.0,1.0,EMPRESA INDIVIDUAL DE RESP. LTDA,ACTIVO,HABIDO,,LORETO/MAYNAS/SAN JUAN BAUTISTA,Principal - 4100 - CONSTRUCCIÓN DE EDIFICIOS,3.0,"Principal - 4100 - CONSTRUCCIÓN DE EDIFICIOS | Secundaria 1 - 4322 - INSTALACIONES DE FONTANERÍA, CALEFACCIÓN Y AIRE ACONDICIONADO | Secundaria 2 - 7110 - ACTIVIDADES DE ARQUITECTURA E INGENIERÍA Y ACTIVIDADES CONEXAS DE CONSULTORÍA TÉCNICA",0,0,0,0,23/09/2026 23:26,1,1,1,80.4,Muy alto
20608845934,CONSTRUCTORA ATSA EMPRESA INDIVIDUAL DE RESPONSABILIDAD LIMITADA,-,2022,LORETO,10/12/2021,10/12/2021,2021.0,1.0,0,2022,0,1,1,100000.0,1,1.0,1.0,EMPRESA INDIVIDUAL DE RESP. LTDA,ACTIVO,HABIDO,,LORETO/MAYNAS/IQUITOS,Principal - 4100 - CONSTRUCCIÓN DE EDIFICIOS,2.0,Principal - 4100 - CONSTRUCCIÓN DE EDIFICIOS | Secundaria 1 - 7110 - ACTIVIDADES DE ARQUITECTURA E INGENIERÍA Y ACTIVIDADES CONEXAS DE CONSULTORÍA TÉCNICA,0,0,0,0,23/09/2026 23:27,1,1,1,80.4,Muy alto
20450252418,GARCAM EIRL,-,2022,MADRE DE DIOS,20/08/2007,01/09/2007,2007.0,15.0,0,2007,15,2,2,100000.0,2,2.0,1.0,EMPRESA INDIVIDUAL DE RESP. LTDA,ACTIVO,HABIDO,,SAN MARTIN/MOYOBAMBA/MOYOBAMBA,Principal - 7110 - ACTIVIDADES DE ARQUITECTURA E INGENIERÍA Y ACTIVIDADES CONEXAS DE CONSULTORÍA TÉCNICA,3.0,"Principal - 7110 - ACTIVIDADES DE ARQUITECTURA E INGENIERÍA Y ACTIVIDADES CONEXAS DE CONSULTORÍA TÉCNICA | Secundaria 1 - 4100 - CONSTRUCCIÓN DE EDIFICIOS | Secundaria 2 - 4663 - VENTA AL POR MAYOR DE MATERIALES DE CONSTRUCCIÓN, ARTÍCULOS DE FERRETERÍA Y EQUIPO Y MATERIALES DE FONTANERÍA Y CALEFACCIÓN",0,1,0,0,23/09/2026 22:19,1,1,1,49.1,Medio alto
20450299139,HORUS CONTRATISTAS GENERALES S.A.C.,-,2022,MADRE DE DIOS,18/02/2008,18/02/2008,2008.0,14.0,0,2016,6,2,2,158336017.8,2,0.0,0.0,SOCIEDAD ANONIMA CERRADA,ACTIVO,HABIDO,,SAN MARTIN/SAN MARTIN/TARAPOTO,Principal - 4210 - CONSTRUCCIÓN DE CARRETERAS Y VÍAS DE FERROCARRIL,3.0,"Principal - 4210 - CONSTRUCCIÓN DE CARRETERAS Y VÍAS DE FERROCARRIL | Secundaria 1 - 4100 - CONSTRUCCIÓN DE EDIFICIOS | Secundaria 2 - 7730 - ALQUILER Y ARRENDAMIENTO DE OTROS TIPOS DE MAQUINARIA, EQUIPO Y BIENES TANGIBLES",1,0,0,0,23/09/2026 22:19,1,1,1,49.1,Medio alto
20489627770,MATERIALES HERRAMIENTAS Y CONSTRUCCIONES S.A.C.,MATHEC SAC,2022,MADRE DE DIOS,28/02/2008,28/02/2008,2008.0,14.0,0,2012,10,1,1,100000.0,1,1.0,1.0,SOCIEDAD ANONIMA CERRADA,SUSPENSION TEMPORAL,NO HABIDO,,SAN MARTIN/SAN MARTIN/TARAPOTO,"Principal - 4663 - VENTA AL POR MAYOR DE MATERIALES DE CONSTRUCCIÓN, ARTÍCULOS DE FERRETERÍA Y EQUIPO Y MATERIALES DE FONTANERÍA Y CALEFACCIÓN",3.0,"Principal - 4663 - VENTA AL POR MAYOR DE MATERIALES DE CONSTRUCCIÓN, ARTÍCULOS DE FERRETERÍA Y EQUIPO Y MATERIALES DE FONTANERÍA Y CALEFACCIÓN | Secundaria 1 - 7730 - ALQUILER Y ARRENDAMIENTO DE OTROS TIPOS DE MAQUINARIA, EQUIPO Y BIENES TANGIBLES | Secundaria 2 - 4100 - CONSTRUCCIÓN DE EDIFICIOS",8,0,0,0,23/09/2026 22:31,1,1,1,49.1,Medio alto
20492123057,INVERSIONES LUMI E.I.R.L.,-,2022,MADRE DE DIOS,14/08/2008,14/08/2008,2008.0,14.0,0,2022,0,1,1,100000.0,1,1.0,1.0,EMPRESA INDIVIDUAL DE RESP. LTDA,ACTIVO,HABIDO,,LIMA/LIMA/LA MOLINA,Principal - 4100 - CONSTRUCCIÓN DE EDIFICIOS,3.0,"Principal - 4100 - CONSTRUCCIÓN DE EDIFICIOS | Secundaria 1 - 4210 - CONSTRUCCIÓN DE CARRETERAS Y VÍAS DE FERROCARRIL | Secundaria 2 - 3510 - GENERACIÓN, TRANSMISIÓN Y DISTRIBUCIÓN DE ENERGÍA ELÉCTRICA",1,1,0,0,23/09/2026 22:33,1,1,1,49.1,Medio alto
20600421353,CONSTRUCTORA FJMABEC S.A.C.,-,2022,MADRE DE DIOS,03/02/2020,01/02/2020,2020.0,2.0,0,2022,0,1,2,100000.0,1,1.0,1.0,SOCIEDAD ANONIMA CERRADA,BAJA DE OFICIO,NO HABIDO,28/02/2025,LORETO/ALTO AMAZONAS/YURIMAGUAS,Principal - 4100 - CONSTRUCCIÓN DE EDIFICIOS,1.0,Principal - 4100 - CONSTRUCCIÓN DE EDIFICIOS,0,0,0,0,23/09/2026 23:08,1,1,1,49.1,Medio alto
20605665196,CONSTRUCTORES W & V S.A.C.,-,2022,MADRE DE DIOS,19/12/2019,01/01/2020,2020.0,2.0,0,2022,0,1,1,100000.0,1,1.0,1.0,SOCIEDAD ANONIMA CERRADA,SUSPENSION TEMPORAL,HABIDO,,SAN MARTIN/SAN MARTIN/TARAPOTO,Principal - 4100 - CONSTRUCCIÓN DE EDIFICIOS,3.0,Principal - 4100 - CONSTRUCCIÓN DE EDIFICIOS | Secundaria 1 - 2660 - FABRICACIÓN DE EQUIPO DE IRRADIACIÓN Y EQUIPO ELECTRÓNICO DE USO MÉDICO Y TERAPÉUTICO | Secundaria 2 - 7710 - ALQUILER Y ARRENDAMIENTO DE VEHÍCULOS AUTOMOTORES,1,0,0,0,23/09/2026 23:24,1,1,1,49.1,Medio alto
20606236892,JHL BUILDERS INGENIEROS EMPRESA INDIVIDUAL DE RESPONSABILIDAD LIMITADA,JHL BUILDERS INGENIEROS EIRL,2022,MADRE DE DIOS,23/07/2020,24/07/2020,2020.0,2.0,0,2022,0,1,1,100000.0,1,1.0,1.0,EMPRESA INDIVIDUAL DE RESP. LTDA,ACTIVO,HABIDO,,SAN MARTIN/LAMAS/LAMAS,Principal - 7110 - ACTIVIDADES DE ARQUITECTURA E INGENIERÍA Y ACTIVIDADES CONEXAS DE CONSULTORÍA TÉCNICA,3.0,"Principal - 7110 - ACTIVIDADES DE ARQUITECTURA E INGENIERÍA Y ACTIVIDADES CONEXAS DE CONSULTORÍA TÉCNICA | Secundaria 1 - 4100 - CONSTRUCCIÓN DE EDIFICIOS | Secundaria 2 - 4322 - INSTALACIONES DE FONTANERÍA, CALEFACCIÓN Y AIRE ACONDICIONADO",0,0,0,0,23/09/2026 23:24,1,1,1,49.1,Medio alto
20450519783,CONSTRUCTORA PERU TRACTOR SOCIEDAD COMERCIAL DE RESPONSABILIDAD LIMITADA - PERU TRACTOR S.R.L.,-,2022,PASCO,19/04/2008,01/05/2008,2008.0,14.0,0,2019,3,1,1,100000.0,1,1.0,1.0,SOC.COM.RESPONS. LTDA,ACTIVO,HABIDO,,LIMA/LIMA/MIRAFLORES,Principal - 2511 - FABRICACION DE PRODUCTOS METALICOS PARA USO ESTRUCTURAL,3.0,Principal - 2511 - FABRICACION DE PRODUCTOS METALICOS PARA USO ESTRUCTURAL | Secundaria 1 - 4100 - CONSTRUCCIÓN DE EDIFICIOS | Secundaria 2 - 4210 - CONSTRUCCIÓN DE CARRETERAS Y VÍAS DE FERROCARRIL,3,0,0,0,23/09/2026 22:19,1,1,1,67.3,Alto
20486397714,LEPUS GROUP SOCIEDAD ANONIMA,LEPUS GROUP S.A.,2022,PASCO,31/01/2006,01/02/2006,2006.0,16.0,0,2012,10,1,2,107056548.22,1,0.0,0.0,SOCIEDAD ANONIMA,ACTIVO,HABIDO,,JUNIN/HUANCAYO/EL TAMBO,Principal - 4100 - CONSTRUCCIÓN DE EDIFICIOS,3.0,"Principal - 4100 - CONSTRUCCIÓN DE EDIFICIOS | Secundaria 1 - 7110 - ACTIVIDADES DE ARQUITECTURA E INGENIERÍA Y ACTIVIDADES CONEXAS DE CONSULTORÍA TÉCNICA | Secundaria 2 - 7730 - ALQUILER Y ARRENDAMIENTO DE OTROS TIPOS DE MAQUINARIA, EQUIPO Y BIENES TANGIBLES",0,0,0,0,23/09/2026 22:27,1,1,1,67.3,Alto
20486513137,CORPORACION HZ CONTRATISTAS GENERALES EMPRESA INDIVIDUAL DE RESPONSABILIDAD LIMITADA,COHZGE E.I.R.L.,2022,PASCO,25/10/2006,01/11/2006,2006.0,16.0,0,2013,9,2,1,20711211.24,2,0.0,0.0,EMPRESA INDIVIDUAL DE RESP. LTDA,ACTIVO,HABIDO,,JUNIN/CHANCHAMAYO/PERENE,Principal - 4100 - CONSTRUCCIÓN DE EDIFICIOS,3.0,"Principal - 4100 - CONSTRUCCIÓN DE EDIFICIOS | Secundaria 1 - 4663 - VENTA AL POR MAYOR DE MATERIALES DE CONSTRUCCIÓN, ARTÍCULOS DE FERRETERÍA Y EQUIPO Y MATERIALES DE FONTANERÍA Y CALEFACCIÓN | Secundaria 2 - 4210 - CONSTRUCCIÓN DE CARRETERAS Y VÍAS DE FERROCARRIL",0,0,0,0,23/09/2026 22:27,1,1,1,67.3,Alto
20486834529,YACZ CONTRATISTAS GENERALES S.R.L.,-,2022,PASCO,09/05/2008,09/05/2008,2008.0,14.0,0,2010,12,1,2,100000.0,1,1.0,1.0,SOC.COM.RESPONS. LTDA,ACTIVO,HABIDO,,HUANUCO/HUANUCO/AMARILIS,Principal - 4100 - CONSTRUCCIÓN DE EDIFICIOS,3.0,"Principal - 4100 - CONSTRUCCIÓN DE EDIFICIOS | Secundaria 1 - 7730 - ALQUILER Y ARRENDAMIENTO DE OTROS TIPOS DE MAQUINARIA, EQUIPO Y BIENES TANGIBLES | Secundaria 2 - 4663 - VENTA AL POR MAYOR DE MATERIALES DE CONSTRUCCIÓN, ARTÍCULOS DE FERRETERÍA Y EQUIPO Y MATERIALES DE FONTANERÍA Y CALEFACCIÓN",3,0,0,0,23/09/2026 22:28,1,1,1,67.3,Alto
20486960401,CORPORACION DOMINUS SOCIEDAD ANONIMA CERRADA,CORPORACION DOMINUS SAC,2022,PASCO,03/12/2008,03/12/2008,2008.0,14.0,0,2012,10,1,4,294813583.41,1,0.0,0.0,SOCIEDAD ANONIMA CERRADA,ACTIVO,HABIDO,,LIMA/LIMA/SAN ISIDRO,Principal - 4923 - TRANSPORTE DE CARGA POR CARRETERA,3.0,Principal - 4923 - TRANSPORTE DE CARGA POR CARRETERA | Secundaria 1 - 7110 - ACTIVIDADES DE ARQUITECTURA E INGENIERÍA Y ACTIVIDADES CONEXAS DE CONSULTORÍA TÉCNICA | Secundaria 2 - 4210 - CONSTRUCCIÓN DE CARRETERAS Y VÍAS DE FERROCARRIL,1,4,0,0,23/09/2026 22:28,1,1,1,67.3,Alto
20486975939,CONSTRUCTORA INMOBILIARIA GOLD S.A.C.,-,2022,PASCO,30/12/2008,30/12/2008,2008.0,14.0,0,2014,8,1,2,125866033.84,1,0.0,0.0,SOCIEDAD ANONIMA CERRADA,ACTIVO,HABIDO,,LIMA/LIMA/CHORRILLOS,Principal - 4100 - CONSTRUCCIÓN DE EDIFICIOS,3.0,"Principal - 4100 - CONSTRUCCIÓN DE EDIFICIOS | Secundaria 1 - 4210 - CONSTRUCCIÓN DE CARRETERAS Y VÍAS DE FERROCARRIL | Secundaria 2 - 4663 - VENTA AL POR MAYOR DE MATERIALES DE CONSTRUCCIÓN, ARTÍCULOS DE FERRETERÍA Y EQUIPO Y MATERIALES DE FONTANERÍA Y CALEFACCIÓN",0,0,0,0,23/09/2026 22:28,1,1,1,67.3,Alto
20487065502,CONSTRUCTORA CLASE S.A.C.,-,2022,PASCO,11/01/2011,02/07/2012,2012.0,10.0,0,2014,8,1,1,500000.0,1,1.0,1.0,SOCIEDAD ANONIMA CERRADA,ACTIVO,HABIDO,,LIMA/LIMA/SANTIAGO DE SURCO,Principal - 4210 - CONSTRUCCIÓN DE CARRETERAS Y VÍAS DE FERROCARRIL,3.0,Principal - 4210 - CONSTRUCCIÓN DE CARRETERAS Y VÍAS DE FERROCARRIL | Secundaria 1 - 4100 - CONSTRUCCIÓN DE EDIFICIOS | Secundaria 2 - 4321 - INSTALACIONES ELÉCTRICAS,0,0,0,0,23/09/2026 22:28,1,1,1,67.3,Alto
20489423775,CONTRATISTAS GENERALES Y MULTISERVICIOS VANCOUVER SCRL,-,2022,PASCO,26/11/2019,26/11/2019,2019.0,3.0,0,2022,0,1,1,100000.0,1,1.0,1.0,SOC.COM.RESPONS. LTDA,ACTIVO,HABIDO,,PASCO/PASCO/YANACANCHA,Principal - 4220 - CONSTRUCCIÓN DE PROYECTOS DE SERVICIO PÚBLICO,3.0,"Principal - 4220 - CONSTRUCCIÓN DE PROYECTOS DE SERVICIO PÚBLICO | Secundaria 1 - 7110 - ACTIVIDADES DE ARQUITECTURA E INGENIERÍA Y ACTIVIDADES CONEXAS DE CONSULTORÍA TÉCNICA | Secundaria 2 - 7730 - ALQUILER Y ARRENDAMIENTO DE OTROS TIPOS DE MAQUINARIA, EQUIPO Y BIENES TANGIBLES",0,0,0,0,23/09/2026 22:30,1,1,1,67.3,Alto
20489430399,CARBOZ CONSTRUCTORA & MINERIA EMPRESA INDIVIDUAL DE RESPONSABILIDAD LIMITADA - CARBOZ C & M E.I.R.L.,CARBOZ C&M EIRL,2022,PASCO,13/02/2006,13/02/2006,2006.0,16.0,0,2011,11,1,1,100000.0,1,1.0,1.0,EMPRESA INDIVIDUAL DE RESP. LTDA,ACTIVO,HABIDO,,LIMA/LIMA/BREÑA,Principal - 4390 - OTRAS ACTIVIDADES ESPECIALIZADAS DE CONSTRUCCIÓN,3.0,"Principal - 4390 - OTRAS ACTIVIDADES ESPECIALIZADAS DE CONSTRUCCIÓN | Secundaria 1 - 0899 - EXPLOTACIÓN DE OTRAS MINAS Y CANTERAS N.C.P. | Secundaria 2 - 7730 - ALQUILER Y ARRENDAMIENTO DE OTROS TIPOS DE MAQUINARIA, EQUIPO Y BIENES TANGIBLES",0,0,0,0,23/09/2026 22:30,1,1,1,67.3,Alto
20489466741,INVERSIONES HILARIO S.A.C.,INVERSIONES HILARIO S.A.C.,2022,PASCO,07/08/2006,18/07/2006,2006.0,16.0,0,2006,16,1,1,20507403.53,1,0.0,0.0,SOCIEDAD ANONIMA CERRADA,ACTIVO,HABIDO,,HUANUCO/HUANUCO/AMARILIS,Principal - 4290 - CONSTRUCCIÓN DE OTRAS OBRAS DE INGENIERÍA CIVIL,2.0,"Principal - 4290 - CONSTRUCCIÓN DE OTRAS OBRAS DE INGENIERÍA CIVIL | Secundaria 1 - 7730 - ALQUILER Y ARRENDAMIENTO DE OTROS TIPOS DE MAQUINARIA, EQUIPO Y BIENES TANGIBLES",0,0,0,0,23/09/2026 22:30,1,1,1,67.3,Alto
20489522242,"INVERSIONES MAQ SOCIEDAD ANÓNIMA CERRADA - ""INVERSIONES MAQ"" S.A.C.",INVERSIONES MAQ S.A.C.,2022,PASCO,20/03/2007,21/03/2007,2007.0,15.0,0,2010,12,1,1,100000.0,1,1.0,1.0,SOCIEDAD ANONIMA CERRADA,ACTIVO,HABIDO,,PASCO/PASCO/HUARIACA,Principal - 7020 - ACTIVIDADES DE CONSULTORÍA DE GESTIÓN,3.0,Principal - 7020 - ACTIVIDADES DE CONSULTORÍA DE GESTIÓN | Secundaria 1 - 4100 - CONSTRUCCIÓN DE EDIFICIOS | Secundaria 2 - 7710 - ALQUILER Y ARRENDAMIENTO DE VEHÍCULOS AUTOMOTORES,0,0,0,0,23/09/2026 22:31,1,1,1,67.3,Alto
20489536979,CONSTRUCTORA Y CONSULTORA 'FISA' SOCIEDAD ANONIMA CERRADA,-,2022,PASCO,08/05/2007,05/07/2007,2007.0,15.0,0,2013,9,3,3,99122010.24,3,0.0,0.0,SOCIEDAD ANONIMA CERRADA,ACTIVO,HABIDO,,HUANUCO/HUANUCO/AMARILIS,Principal - 7110 - ACTIVIDADES DE ARQUITECTURA E INGENIERÍA Y ACTIVIDADES CONEXAS DE CONSULTORÍA TÉCNICA,3.0,Principal - 7110 - ACTIVIDADES DE ARQUITECTURA E INGENIERÍA Y ACTIVIDADES CONEXAS DE CONSULTORÍA TÉCNICA | Secundaria 1 - 4923 - TRANSPORTE DE CARGA POR CARRETERA | Secundaria 2 - 4210 - CONSTRUCCIÓN DE CARRETERAS Y VÍAS DE FERROCARRIL,0,2,0,0,23/09/2026 22:31,1,1,1,67.3,Alto
20489537274,"PROYECTA, CONSTRUYE, SUPERVISA OBRAS CIVILES Y MINERAS EMPRESA INDIVIDUAL DE RESPONSABILIDAD LIMITAD",PROCOSCIM E.I.R.L.,2022,PASCO,08/05/2007,08/05/2007,2007.0,15.0,0,2017,5,3,1,500000.0,3,3.0,1.0,EMPRESA INDIVIDUAL DE RESP. LTDA,ACTIVO,HABIDO,,PASCO/PASCO/YANACANCHA,Principal - 4100 - CONSTRUCCIÓN DE EDIFICIOS,1.0,Principal - 4100 - CONSTRUCCIÓN DE EDIFICIOS,0,0,0,0,23/09/2026 22:31,1,1,1,67.3,Alto
20489544998,'E & S' SOCIEDAD ANONIMA,-,2022,PASCO,01/06/2007,01/06/2007,2007.0,15.0,0,2010,12,2,1,236719862.42,2,0.0,0.0,SOCIEDAD ANONIMA,ACTIVO,HABIDO,,HUANUCO/HUANUCO/HUANUCO,Principal - 4210 - CONSTRUCCIÓN DE CARRETERAS Y VÍAS DE FERROCARRIL,3.0,"Principal - 4210 - CONSTRUCCIÓN DE CARRETERAS Y VÍAS DE FERROCARRIL | Secundaria 1 - 4220 - CONSTRUCCIÓN DE PROYECTOS DE SERVICIO PÚBLICO | Secundaria 2 - 7730 - ALQUILER Y ARRENDAMIENTO DE OTROS TIPOS DE MAQUINARIA, EQUIPO Y BIENES TANGIBLES",2,1,0,0,23/09/2026 22:31,1,1,1,67.3,Alto
20489585325,CONSTRUCTORA Y MULTISERVICIOS VALCER SOCIEDAD ANONIMA CERRADA,C & M VALCER S.A.C.,2022,PASCO,27/10/2007,27/10/2007,2007.0,15.0,0,2017,5,1,2,1086877079.64,1,0.0,0.0,SOCIEDAD ANONIMA CERRADA,ACTIVO,HABIDO,,LIMA/LIMA/SAN ISIDRO,Principal - 4210 - CONSTRUCCIÓN DE CARRETERAS Y VÍAS DE FERROCARRIL,3.0,"Principal - 4210 - CONSTRUCCIÓN DE CARRETERAS Y VÍAS DE FERROCARRIL | Secundaria 1 - 4390 - OTRAS ACTIVIDADES ESPECIALIZADAS DE CONSTRUCCIÓN | Secundaria 2 - 4663 - VENTA AL POR MAYOR DE MATERIALES DE CONSTRUCCIÓN, ARTÍCULOS DE FERRETERÍA Y EQUIPO Y MATERIALES DE FONTANERÍA Y CALEFACCIÓN",0,0,0,0,23/09/2026 22:31,1,1,1,67.3,Alto
20489739900,"EMPRESA CONSTRUCTORA ""RAMOS"" SOCIEDAD COMERCIAL DE RESPONSABILIDAD LIMITADA",ECORAM S.R.L.,2022,PASCO,29/01/2009,01/02/2009,2009.0,13.0,0,2012,10,3,1,500000.0,3,3.0,1.0,SOC.COM.RESPONS. LTDA,ACTIVO,HABIDO,,PASCO/PASCO/YANACANCHA,Principal - 4100 - CONSTRUCCIÓN DE EDIFICIOS,3.0,"Principal - 4100 - CONSTRUCCIÓN DE EDIFICIOS | Secundaria 1 - 7730 - ALQUILER Y ARRENDAMIENTO DE OTROS TIPOS DE MAQUINARIA, EQUIPO Y BIENES TANGIBLES | Secundaria 2 - 4923 - TRANSPORTE DE CARGA POR CARRETERA",0,0,0,0,23/09/2026 22:32,1,1,1,67.3,Alto
20489748054,CONSTRUCTORA MOSSER EMPRESA INDIVUDUAL DE RESPONSABILIDAD LIMITADA,CONSTRUCTORA MOSSER E.I.R.L,2022,PASCO,16/02/2009,16/02/2009,2009.0,13.0,0,2012,10,1,1,100000.0,1,1.0,1.0,EMPRESA INDIVIDUAL DE RESP. LTDA,ACTIVO,HABIDO,,PASCO/PASCO/HUARIACA,Principal - 4390 - OTRAS ACTIVIDADES ESPECIALIZADAS DE CONSTRUCCIÓN,3.0,"Principal - 4390 - OTRAS ACTIVIDADES ESPECIALIZADAS DE CONSTRUCCIÓN | Secundaria 1 - 4923 - TRANSPORTE DE CARGA POR CARRETERA | Secundaria 2 - 7730 - ALQUILER Y ARRENDAMIENTO DE OTROS TIPOS DE MAQUINARIA, EQUIPO Y BIENES TANGIBLES",0,0,0,0,23/09/2026 22:32,1,1,1,67.3,Alto
20514402346,THRADEX & TELECOM S.A.C.,-,2022,PASCO,06/11/2006,06/11/2006,2006.0,16.0,0,2021,1,1,1,100000.0,1,1.0,1.0,SOCIEDAD ANONIMA CERRADA,ACTIVO,HABIDO,,LIMA/LIMA/MIRAFLORES,Principal - 6190 - OTRAS ACTIVIDADES DE TELECOMUNICACIONES,3.0,"Principal - 6190 - OTRAS ACTIVIDADES DE TELECOMUNICACIONES | Secundaria 1 - 4390 - OTRAS ACTIVIDADES ESPECIALIZADAS DE CONSTRUCCIÓN | Secundaria 2 - 7730 - ALQUILER Y ARRENDAMIENTO DE OTROS TIPOS DE MAQUINARIA, EQUIPO Y BIENES TANGIBLES",0,0,0,0,23/09/2026 22:38,1,1,1,67.3,Alto
20517623394,CORPORACION XIANY SOCIEDAD ANONIMA CERRADA,-,2022,PASCO,26/11/2007,27/11/2007,2007.0,15.0,0,2011,11,2,3,100000.0,2,2.0,1.0,SOCIEDAD ANONIMA CERRADA,ACTIVO,HABIDO,,LIMA/LIMA/INDEPENDENCIA,"Principal - 7730 - ALQUILER Y ARRENDAMIENTO DE OTROS TIPOS DE MAQUINARIA, EQUIPO Y BIENES TANGIBLES",2.0,"Principal - 7730 - ALQUILER Y ARRENDAMIENTO DE OTROS TIPOS DE MAQUINARIA, EQUIPO Y BIENES TANGIBLES | Secundaria 1 - 4321 - INSTALACIONES ELÉCTRICAS",3,0,0,0,23/09/2026 22:39,1,1,1,67.3,Alto
20528901361,JD LATIN COMPANY SOCIEDAD ANONIMA CERRADA,""" LATIN COMPANY "" S.A.C.",2022,PASCO,24/02/2009,01/03/2009,2009.0,13.0,0,2021,1,3,2,24348511.0,3,1.0,0.3333333333333333,SOCIEDAD ANONIMA CERRADA,ACTIVO,HABIDO,,LIMA/LIMA/SAN MIGUEL,Principal - 4210 - CONSTRUCCIÓN DE CARRETERAS Y VÍAS DE FERROCARRIL,2.0,Principal - 4210 - CONSTRUCCIÓN DE CARRETERAS Y VÍAS DE FERROCARRIL | Secundaria 1 - 4100 - CONSTRUCCIÓN DE EDIFICIOS,0,0,0,0,23/09/2026 22:43,1,1,1,67.3,Alto
20528917951,PILLCO201 E.I.R.L.,-,2022,PASCO,02/04/2009,15/07/2009,2009.0,13.0,0,2015,7,2,2,100000.0,2,2.0,1.0,EMPRESA INDIVIDUAL DE RESP. LTDA,ACTIVO,HABIDO,,LIMA/LIMA/BARRANCO,Principal - 4100 - CONSTRUCCIÓN DE EDIFICIOS,3.0,Principal - 4100 - CONSTRUCCIÓN DE EDIFICIOS | Secundaria 1 - 4390 - OTRAS ACTIVIDADES ESPECIALIZADAS DE CONSTRUCCIÓN | Secundaria 2 - 2511 - FABRICACION DE PRODUCTOS METALICOS PARA USO ESTRUCTURAL,0,0,0,0,23/09/2026 22:43,1,1,1,67.3,Alto
20528924221,CONSULTORA Y CONSTRUCTORA G-ORTIZ INGENIEROS Y ARQUITECTOS S.A.C.,G-ORTIZ S.A.C.,2022,PASCO,21/04/2009,01/09/2009,2009.0,13.0,0,2013,9,1,1,212066720.22,1,0.0,0.0,SOCIEDAD ANONIMA CERRADA,ACTIVO,HABIDO,,LIMA/LIMA/SANTIAGO DE SURCO,Principal - 4100 - CONSTRUCCIÓN DE EDIFICIOS,3.0,"Principal - 4100 - CONSTRUCCIÓN DE EDIFICIOS | Secundaria 1 - 4210 - CONSTRUCCIÓN DE CARRETERAS Y VÍAS DE FERROCARRIL | Secundaria 2 - 7730 - ALQUILER Y ARRENDAMIENTO DE OTROS TIPOS DE MAQUINARIA, EQUIPO Y BIENES TANGIBLES",1,0,0,0,23/09/2026 22:44,1,1,1,67.3,Alto
20528953086,"""CONSTRUCTORA & MULTISERVICIOS ROSPAL SOCIEDAD ANONIMA CERRADA""",-,2022,PASCO,30/03/2026,01/04/2026,2026.0,,1,2016,6,1,1,100000.0,1,1.0,1.0,SOCIEDAD ANONIMA CERRADA,ACTIVO,HABIDO,,PASCO/PASCO/YANACANCHA,Principal - 4100 - CONSTRUCCIÓN DE EDIFICIOS,1.0,Principal - 4100 - CONSTRUCCIÓN DE EDIFICIOS,0,0,0,0,23/09/2026 22:44,1,1,1,67.3,Alto
20529068655,CONSTRUCTION EVOLUTION SOCIEDAD ANONIMA CERRADA,-,2022,PASCO,09/06/2010,09/06/2010,2010.0,12.0,0,2013,9,1,1,100000.0,1,1.0,1.0,SOCIEDAD ANONIMA CERRADA,ACTIVO,HABIDO,,LIMA/LIMA/LOS OLIVOS,"Principal - 7730 - ALQUILER Y ARRENDAMIENTO DE OTROS TIPOS DE MAQUINARIA, EQUIPO Y BIENES TANGIBLES",3.0,"Principal - 7730 - ALQUILER Y ARRENDAMIENTO DE OTROS TIPOS DE MAQUINARIA, EQUIPO Y BIENES TANGIBLES | Secundaria 1 - 4100 - CONSTRUCCIÓN DE EDIFICIOS | Secundaria 2 - 4663 - VENTA AL POR MAYOR DE MATERIALES DE CONSTRUCCIÓN, ARTÍCULOS DE FERRETERÍA Y EQUIPO Y MATERIALES DE FONTANERÍA Y CALEFACCIÓN",0,0,0,0,23/09/2026 22:44,1,1,1,67.3,Alto
20529111259,CONSTRUCTORA E INVERSIONES MUÑASQUI SOCIEDAD ANONIMA CERRADA,-,2022,PASCO,09/11/2010,09/11/2010,2010.0,12.0,0,2020,2,1,1,100000.0,1,1.0,1.0,SOCIEDAD ANONIMA CERRADA,ACTIVO,HABIDO,,LIMA/LIMA/ATE,Principal - 4290 - CONSTRUCCIÓN DE OTRAS OBRAS DE INGENIERÍA CIVIL,3.0,"Principal - 4290 - CONSTRUCCIÓN DE OTRAS OBRAS DE INGENIERÍA CIVIL | Secundaria 1 - 7730 - ALQUILER Y ARRENDAMIENTO DE OTROS TIPOS DE MAQUINARIA, EQUIPO Y BIENES TANGIBLES | Secundaria 2 - 7110 - ACTIVIDADES DE ARQUITECTURA E INGENIERÍA Y ACTIVIDADES CONEXAS DE CONSULTORÍA TÉCNICA",0,0,0,0,23/09/2026 22:44,1,1,1,67.3,Alto
20529137720,ALTEZZA INGENIERIA & CONSTRUCCION E.I.R.L.,-,2022,PASCO,11/01/2011,01/02/2011,2011.0,11.0,0,2011,11,1,1,100000.0,1,1.0,1.0,EMPRESA INDIVIDUAL DE RESP. LTDA,ACTIVO,HABIDO,,PASCO/PASCO/CHAUPIMARCA,Principal - 4100 - CONSTRUCCIÓN DE EDIFICIOS,3.0,Principal - 4100 - CONSTRUCCIÓN DE EDIFICIOS | Secundaria 1 - 7110 - ACTIVIDADES DE ARQUITECTURA E INGENIERÍA Y ACTIVIDADES CONEXAS DE CONSULTORÍA TÉCNICA | Secundaria 2 - 4290 - CONSTRUCCIÓN DE OTRAS OBRAS DE INGENIERÍA CIVIL,0,0,0,0,23/09/2026 22:44,1,1,1,67.3,Alto
20529166151,MINGECON PERU EMPRESA INDIVIDUAL DE RESPONSABILIDAD LIMITADA,-,2022,PASCO,15/02/2011,01/04/2011,2011.0,11.0,0,2019,3,1,1,22753032.98,1,1.0,1.0,EMPRESA INDIVIDUAL DE RESP. LTDA,ACTIVO,HABIDO,,PASCO/PASCO/CHAUPIMARCA,Principal - 4290 - CONSTRUCCIÓN DE OTRAS OBRAS DE INGENIERÍA CIVIL,3.0,Principal - 4290 - CONSTRUCCIÓN DE OTRAS OBRAS DE INGENIERÍA CIVIL | Secundaria 1 - 7710 - ALQUILER Y ARRENDAMIENTO DE VEHÍCULOS AUTOMOTORES | Secundaria 2 - 4923 - TRANSPORTE DE CARGA POR CARRETERA,0,0,0,0,23/09/2026 22:44,1,1,1,67.3,Alto
20529186429,ZZ CONSTRUCTORA SOCIEDAD ANONIMA CERRADA,ZZ CONSTRUCTORA,2022,PASCO,16/03/2011,15/04/2011,2011.0,11.0,0,2012,10,1,1,8995109.49,1,1.0,1.0,SOCIEDAD ANONIMA CERRADA,ACTIVO,HABIDO,,HUANUCO/HUANUCO/AMARILIS,"Principal - 7730 - ALQUILER Y ARRENDAMIENTO DE OTROS TIPOS DE MAQUINARIA, EQUIPO Y BIENES TANGIBLES",3.0,"Principal - 7730 - ALQUILER Y ARRENDAMIENTO DE OTROS TIPOS DE MAQUINARIA, EQUIPO Y BIENES TANGIBLES | Secundaria 1 - 7110 - ACTIVIDADES DE ARQUITECTURA E INGENIERÍA Y ACTIVIDADES CONEXAS DE CONSULTORÍA TÉCNICA | Secundaria 2 - 4100 - CONSTRUCCIÓN DE EDIFICIOS",1,0,0,0,23/09/2026 22:45,1,1,1,67.3,Alto
20529202998,CONSTRUCTORA MINERA DE SERVICIOS MULTIPLES SANTANA SOCIEDAD ANONIMA CERRADA,COMISEMS S.A.C.,2022,PASCO,07/04/2011,07/04/2011,2011.0,11.0,0,2013,9,1,1,49791999.33,1,0.0,0.0,SOCIEDAD ANONIMA CERRADA,ACTIVO,HABIDO,,LIMA/LIMA/SAN LUIS,Principal - 4210 - CONSTRUCCIÓN DE CARRETERAS Y VÍAS DE FERROCARRIL,3.0,Principal - 4210 - CONSTRUCCIÓN DE CARRETERAS Y VÍAS DE FERROCARRIL | Secundaria 1 - 5590 - OTRAS ACTIVIDADES DE ALOJAMIENTO | Secundaria 2 - 4390 - OTRAS ACTIVIDADES ESPECIALIZADAS DE CONSTRUCCIÓN,0,0,0,0,23/09/2026 22:45,1,1,1,67.3,Alto
20529230851,EMPRESA CONSTRUCTORA Y MINERIA LIMOVIC SOCIEDAD ANONIMA CERRADA,LIMOVIC S.A.C.,2022,PASCO,26/05/2011,25/05/2011,2011.0,11.0,0,2020,2,1,1,100000.0,1,1.0,1.0,SOCIEDAD ANONIMA CERRADA,ACTIVO,HABIDO,,PASCO/PASCO/CHAUPIMARCA,Principal - 4923 - TRANSPORTE DE CARGA POR CARRETERA,2.0,Principal - 4923 - TRANSPORTE DE CARGA POR CARRETERA | Secundaria 1 - 4290 - CONSTRUCCIÓN DE OTRAS OBRAS DE INGENIERÍA CIVIL,0,0,0,0,23/09/2026 22:45,1,1,1,67.3,Alto
20533976540,CONSTRUCTORA MALUZMIZA S.A.C.,-,2022,PASCO,29/08/2007,20/11/2007,2007.0,15.0,0,2011,11,1,1,45895208.28,1,0.0,0.0,SOCIEDAD ANONIMA CERRADA,ACTIVO,HABIDO,,LIMA/LIMA/COMAS,Principal - 4100 - CONSTRUCCIÓN DE EDIFICIOS,2.0,"Principal - 4100 - CONSTRUCCIÓN DE EDIFICIOS | Secundaria 1 - 4663 - VENTA AL POR MAYOR DE MATERIALES DE CONSTRUCCIÓN, ARTÍCULOS DE FERRETERÍA Y EQUIPO Y MATERIALES DE FONTANERÍA Y CALEFACCIÓN",0,0,0,0,23/09/2026 22:49,1,1,1,67.3,Alto
20539807162,ENEKIEL PERU S.A.C.,-,2022,PASCO,28/08/2012,28/08/2012,2012.0,10.0,0,2022,0,1,1,500000.0,1,1.0,1.0,SOCIEDAD ANONIMA CERRADA,ACTIVO,HABIDO,,LA LIBERTAD/TRUJILLO/TRUJILLO,"Principal - 7730 - ALQUILER Y ARRENDAMIENTO DE OTROS TIPOS DE MAQUINARIA, EQUIPO Y BIENES TANGIBLES",3.0,"Principal - 7730 - ALQUILER Y ARRENDAMIENTO DE OTROS TIPOS DE MAQUINARIA, EQUIPO Y BIENES TANGIBLES | Secundaria 1 - 4100 - CONSTRUCCIÓN DE EDIFICIOS | Secundaria 2 - 4663 - VENTA AL POR MAYOR DE MATERIALES DE CONSTRUCCIÓN, ARTÍCULOS DE FERRETERÍA Y EQUIPO Y MATERIALES DE FONTANERÍA Y CALEFACCIÓN",0,0,0,0,23/09/2026 22:52,1,1,1,67.3,Alto
20541541439,"COMPAÑIA CONSTRUCTORA Y TECNOLOGICA DE AMERICA SOCIEDAD ANONIMA CERRADA - ""CCTA"" S.A.C.",-,2022,PASCO,11/03/2011,15/05/2011,2011.0,11.0,0,2020,2,1,1,100000.0,1,1.0,1.0,SOCIEDAD ANONIMA CERRADA,ACTIVO,HABIDO,,JUNIN/CHANCHAMAYO/SAN RAMON,Principal - 4100 - CONSTRUCCIÓN DE EDIFICIOS,2.0,Principal - 4100 - CONSTRUCCIÓN DE EDIFICIOS | Secundaria 1 - 7110 - ACTIVIDADES DE ARQUITECTURA E INGENIERÍA Y ACTIVIDADES CONEXAS DE CONSULTORÍA TÉCNICA,0,0,0,0,23/09/2026 22:53,1,1,1,67.3,Alto
20541559214,NEGOCIACIONES NERSAX SOCIEDAD ANONIMA CERRADA - NEGOCIACIONES NERSAX S.A.C.,-,2022,PASCO,03/05/2018,03/05/2018,2018.0,4.0,0,2022,0,1,1,100000.0,1,1.0,1.0,SOCIEDAD ANONIMA CERRADA,ACTIVO,HABIDO,,JUNIN/HUANCAYO/SAN AGUSTIN,Principal - 4100 - CONSTRUCCIÓN DE EDIFICIOS,2.0,Principal - 4100 - CONSTRUCCIÓN DE EDIFICIOS | Secundaria 1 - 4649 - VENTA AL POR MAYOR DE OTROS ENSERES DOMÉSTICOS,0,0,0,0,23/09/2026 22:53,1,1,1,67.3,Alto
20542451735,INVERSIONES BERNABE SOCIEDAD ANONIMA,-,2022,PASCO,12/01/2012,12/01/2012,2012.0,10.0,0,2017,5,1,1,100000.0,1,1.0,1.0,SOCIEDAD ANONIMA,ACTIVO,HABIDO,,PASCO/PASCO/PALLANCHACRA,Principal - 4100 - CONSTRUCCIÓN DE EDIFICIOS,3.0,Principal - 4100 - CONSTRUCCIÓN DE EDIFICIOS | Secundaria 1 - 4210 - CONSTRUCCIÓN DE CARRETERAS Y VÍAS DE FERROCARRIL | Secundaria 2 - 7710 - ALQUILER Y ARRENDAMIENTO DE VEHÍCULOS AUTOMOTORES,0,0,0,0,23/09/2026 22:55,1,1,1,67.3,Alto
20542471337,CONSTRUCTORES Y CONSULTORES ISMAT EMPRESA INDIVIDUAL DE RESPONSABILIDAD LIMITADA,-,2022,PASCO,16/02/2012,16/02/2012,2012.0,10.0,0,2022,0,1,1,500000.0,1,1.0,1.0,EMPRESA INDIVIDUAL DE RESP. LTDA,ACTIVO,HABIDO,,PASCO/PASCO/HUACHON,Principal - 7110 - ACTIVIDADES DE ARQUITECTURA E INGENIERÍA Y ACTIVIDADES CONEXAS DE CONSULTORÍA TÉCNICA,3.0,Principal - 7110 - ACTIVIDADES DE ARQUITECTURA E INGENIERÍA Y ACTIVIDADES CONEXAS DE CONSULTORÍA TÉCNICA | Secundaria 1 - 4100 - CONSTRUCCIÓN DE EDIFICIOS | Secundaria 2 - 4210 - CONSTRUCCIÓN DE CARRETERAS Y VÍAS DE FERROCARRIL,0,0,0,0,23/09/2026 22:55,1,1,1,67.3,Alto
20542577836,CORPORACION GRUPO SOBRADO SOCIEDAD ANONIMA CERRADA,CG SOBRADO S.A.C.,2022,PASCO,22/09/2012,22/09/2012,2012.0,10.0,0,2022,0,2,1,100000.0,2,2.0,1.0,SOCIEDAD ANONIMA CERRADA,ACTIVO,HABIDO,,HUANUCO/HUANUCO/AMARILIS,Principal - 4100 - CONSTRUCCIÓN DE EDIFICIOS,3.0,"Principal - 4100 - CONSTRUCCIÓN DE EDIFICIOS | Secundaria 1 - 4663 - VENTA AL POR MAYOR DE MATERIALES DE CONSTRUCCIÓN, ARTÍCULOS DE FERRETERÍA Y EQUIPO Y MATERIALES DE FONTANERÍA Y CALEFACCIÓN | Secundaria 2 - 7730 - ALQUILER Y ARRENDAMIENTO DE OTROS TIPOS DE MAQUINARIA, EQUIPO Y BIENES TANGIBLES",0,0,0,0,23/09/2026 22:56,1,1,1,67.3,Alto
20547097069,M & S PROYECTS S.A.C.,-,2022,PASCO,06/03/2012,06/03/2012,2012.0,10.0,0,2020,2,1,3,100000.0,1,1.0,1.0,SOCIEDAD ANONIMA CERRADA,ACTIVO,HABIDO,,LIMA/LIMA/MIRAFLORES,Principal - 4100 - CONSTRUCCIÓN DE EDIFICIOS,3.0,Principal - 4100 - CONSTRUCCIÓN DE EDIFICIOS | Secundaria 1 - 4210 - CONSTRUCCIÓN DE CARRETERAS Y VÍAS DE FERROCARRIL | Secundaria 2 - 3312 - REPARACIÓN DE MAQUINARIA,1,1,0,0,23/09/2026 22:56,1,1,1,67.3,Alto
20551950990,J & R TOP CONSTRUCCIONES PERU S.A.C.,J&R,2022,PASCO,25/05/2015,25/05/2015,2015.0,7.0,0,2022,0,1,1,100000.0,1,1.0,1.0,SOCIEDAD ANONIMA CERRADA,ACTIVO,HABIDO,,LIMA/LIMA/LURIGANCHO,"Principal - 4663 - VENTA AL POR MAYOR DE MATERIALES DE CONSTRUCCIÓN, ARTÍCULOS DE FERRETERÍA Y EQUIPO Y MATERIALES DE FONTANERÍA Y CALEFACCIÓN",3.0,"Principal - 4663 - VENTA AL POR MAYOR DE MATERIALES DE CONSTRUCCIÓN, ARTÍCULOS DE FERRETERÍA Y EQUIPO Y MATERIALES DE FONTANERÍA Y CALEFACCIÓN | Secundaria 1 - 4773 - VENTA AL POR MENOR DE OTROS PRODUCTOS NUEVOS EN COMERCIOS ESPECIALIZADOS | Secundaria 2 - 4100 - CONSTRUCCIÓN DE EDIFICIOS",0,0,0,0,23/09/2026 22:57,1,1,1,67.3,Alto
20568235810,BALAKRISH S.A.C.,-,2022,PASCO,06/02/2012,15/02/2012,2012.0,10.0,0,2022,0,1,1,100000.0,1,1.0,1.0,SOCIEDAD ANONIMA CERRADA,ACTIVO,HABIDO,,JUNIN/HUANCAYO/EL TAMBO,Principal - 4329 - OTRAS INSTALACIONES PARA OBRAS DE CONSTRUCCIÓN,3.0,"Principal - 4329 - OTRAS INSTALACIONES PARA OBRAS DE CONSTRUCCIÓN | Secundaria 1 - 7110 - ACTIVIDADES DE ARQUITECTURA E INGENIERÍA Y ACTIVIDADES CONEXAS DE CONSULTORÍA TÉCNICA | Secundaria 2 - 7730 - ALQUILER Y ARRENDAMIENTO DE OTROS TIPOS DE MAQUINARIA, EQUIPO Y BIENES TANGIBLES",0,0,0,0,23/09/2026 23:00,1,1,1,67.3,Alto
20568894180,CONSTRUCTORA & CONSULTORA KEFREN EMPRESA INDIVIDUAL DE RESPONSABILIDAD LIMITADA,-,2022,PASCO,03/10/2017,03/10/2017,2017.0,5.0,0,2022,0,1,1,100000.0,1,1.0,1.0,EMPRESA INDIVIDUAL DE RESP. LTDA,BAJA DE OFICIO,NO HABIDO,31/10/2025,JUNIN/TARMA/TARMA,Principal - 4210 - CONSTRUCCIÓN DE CARRETERAS Y VÍAS DE FERROCARRIL,3.0,"Principal - 4210 - CONSTRUCCIÓN DE CARRETERAS Y VÍAS DE FERROCARRIL | Secundaria 1 - 4663 - VENTA AL POR MAYOR DE MATERIALES DE CONSTRUCCIÓN, ARTÍCULOS DE FERRETERÍA Y EQUIPO Y MATERIALES DE FONTANERÍA Y CALEFACCIÓN | Secundaria 2 - 7110 - ACTIVIDADES DE ARQUITECTURA E INGENIERÍA Y ACTIVIDADES CONEXAS DE CONSULTORÍA TÉCNICA",0,0,0,0,23/09/2026 23:01,1,1,1,67.3,Alto
20569048916,GRUPO EMPRESARIAL LLANKASUN SOCIEDAD ANONIMA CERRADA - GRUPO EMPRESARIAL LLANKASUN S.A.C.,-,2022,PASCO,27/05/2014,01/06/2014,2014.0,8.0,0,2022,0,1,1,100000.0,1,1.0,1.0,SOCIEDAD ANONIMA CERRADA,ACTIVO,HABIDO,,JUNIN/HUANCAYO/HUANCAYO,Principal - 4210 - CONSTRUCCIÓN DE CARRETERAS Y VÍAS DE FERROCARRIL,3.0,"Principal - 4210 - CONSTRUCCIÓN DE CARRETERAS Y VÍAS DE FERROCARRIL | Secundaria 1 - 7730 - ALQUILER Y ARRENDAMIENTO DE OTROS TIPOS DE MAQUINARIA, EQUIPO Y BIENES TANGIBLES | Secundaria 2 - 0899 - EXPLOTACIÓN DE OTRAS MINAS Y CANTERAS N.C.P.",1,0,0,0,23/09/2026 23:01,1,1,1,67.3,Alto
20571244153,SANTA CRUZ CJ S.A.C.,-,2022,PASCO,23/01/2012,15/02/2012,2012.0,10.0,0,2017,5,2,1,100000.0,2,2.0,1.0,SOCIEDAD ANONIMA CERRADA,ACTIVO,HABIDO,,ANCASH/HUARI/RAHUAPAMPA,"Principal - 2593 - FABRICACIÓN DE ARTÍCULOS DE CUCHILLERÍA, HERRAMIENTAS DE MANO Y ARTÍCULOS DE FERRETERÍA",3.0,"Principal - 2593 - FABRICACIÓN DE ARTÍCULOS DE CUCHILLERÍA, HERRAMIENTAS DE MANO Y ARTÍCULOS DE FERRETERÍA | Secundaria 1 - 4100 - CONSTRUCCIÓN DE EDIFICIOS | Secundaria 2 - 4923 - TRANSPORTE DE CARGA POR CARRETERA",0,0,0,0,23/09/2026 23:02,1,1,1,67.3,Alto
20571288363,CONSULTORES & EJECUTORES DAED S.A.C.,DAED S.A.C.,2022,PASCO,23/03/2012,23/03/2012,2012.0,10.0,0,2021,1,1,1,42311408.56,1,0.0,0.0,SOCIEDAD ANONIMA CERRADA,ACTIVO,HABIDO,,ANCASH/HUARAZ/HUARAZ,Principal - 4100 - CONSTRUCCIÓN DE EDIFICIOS,3.0,"Principal - 4100 - CONSTRUCCIÓN DE EDIFICIOS | Secundaria 1 - 4663 - VENTA AL POR MAYOR DE MATERIALES DE CONSTRUCCIÓN, ARTÍCULOS DE FERRETERÍA Y EQUIPO Y MATERIALES DE FONTANERÍA Y CALEFACCIÓN | Secundaria 2 - 4922 - OTRAS ACTIVIDADES DE TRANSPORTE POR VÍA TERRESTRE",0,0,0,0,23/09/2026 23:02,1,1,1,67.3,Alto
20573098731,N & R CONSTRUCTORA SOCIEDAD ANONIMA CERRADA,-,2022,PASCO,23/05/2013,01/06/2013,2013.0,9.0,0,2022,0,3,1,11413179.26,3,0.0,0.0,SOCIEDAD ANONIMA CERRADA,ACTIVO,HABIDO,,PASCO/PASCO/YANACANCHA,Principal - 4290 - CONSTRUCCIÓN DE OTRAS OBRAS DE INGENIERÍA CIVIL,3.0,"Principal - 4290 - CONSTRUCCIÓN DE OTRAS OBRAS DE INGENIERÍA CIVIL | Secundaria 1 - 7120 - ENSAYOS Y ANÁLISIS TÉCNICOS | Secundaria 2 - 4663 - VENTA AL POR MAYOR DE MATERIALES DE CONSTRUCCIÓN, ARTÍCULOS DE FERRETERÍA Y EQUIPO Y MATERIALES DE FONTANERÍA Y CALEFACCIÓN",0,0,0,0,23/09/2026 23:03,1,1,1,67.3,Alto
20600592786,CONSULTING CENTER S & Q SOCIEDAD COMERCIAL DE RESPONSABILIDAD LIMITADA,CONSULTING SCRL.,2022,PASCO,14/08/2015,01/01/2016,2016.0,6.0,0,2022,0,1,1,3589878.85,1,0.0,0.0,SOC.COM.RESPONS. LTDA,ACTIVO,HABIDO,,HUANUCO/HUANUCO/AMARILIS,Principal - 4100 - CONSTRUCCIÓN DE EDIFICIOS,3.0,"Principal - 4100 - CONSTRUCCIÓN DE EDIFICIOS | Secundaria 1 - 3600 - CAPTACIÓN, TRATAMIENTO Y DISTRIBUCIÓN DE AGUA | Secundaria 2 - 4312 - PREPARACIÓN DEL TERRENO",0,0,0,0,23/09/2026 23:10,1,1,1,67.3,Alto
20603194676,GREBO CONSTRUCCIÓN Y SERVICIOS S.A.C. - GREBO S.A.C.,-,2022,PASCO,16/05/2018,16/05/2018,2018.0,4.0,0,2022,0,1,2,526526944.78,1,0.0,0.0,SOCIEDAD ANONIMA CERRADA,ACTIVO,HABIDO,,LIMA/LIMA/PUEBLO LIBRE (MAGDALENA VIEJA,Principal - 4290 - CONSTRUCCIÓN DE OTRAS OBRAS DE INGENIERÍA CIVIL,3.0,"Principal - 4290 - CONSTRUCCIÓN DE OTRAS OBRAS DE INGENIERÍA CIVIL | Secundaria 1 - 7730 - ALQUILER Y ARRENDAMIENTO DE OTROS TIPOS DE MAQUINARIA, EQUIPO Y BIENES TANGIBLES | Secundaria 2 - 4663 - VENTA AL POR MAYOR DE MATERIALES DE CONSTRUCCIÓN, ARTÍCULOS DE FERRETERÍA Y EQUIPO Y MATERIALES DE FONTANERÍA Y CALEFACCIÓN",0,0,0,0,23/09/2026 23:18,1,1,1,67.3,Alto
20604063290,CONSULTORA Y CONSTRUCTORA VALERIO HERMANOS SOCIEDAD ANONIMA CERRADA,-,2022,PASCO,17/01/2019,17/01/2019,2019.0,3.0,0,2019,3,1,1,1649680.89,1,1.0,1.0,SOCIEDAD ANONIMA CERRADA,ACTIVO,HABIDO,,PASCO/PASCO/CHAUPIMARCA,Principal - 4220 - CONSTRUCCIÓN DE PROYECTOS DE SERVICIO PÚBLICO,3.0,"Principal - 4220 - CONSTRUCCIÓN DE PROYECTOS DE SERVICIO PÚBLICO | Secundaria 1 - 7110 - ACTIVIDADES DE ARQUITECTURA E INGENIERÍA Y ACTIVIDADES CONEXAS DE CONSULTORÍA TÉCNICA | Secundaria 2 - 4663 - VENTA AL POR MAYOR DE MATERIALES DE CONSTRUCCIÓN, ARTÍCULOS DE FERRETERÍA Y EQUIPO Y MATERIALES DE FONTANERÍA Y CALEFACCIÓN",0,0,0,0,23/09/2026 23:20,1,1,1,67.3,Alto
20604441103,ARQUITECTOS E INGENIEROS R & W SOCIEDAD ANONIMA CERRADA - ARQUITECTOS E INGENIEROS R & W S.A.C.,-,2022,PASCO,25/03/2019,01/04/2019,2019.0,3.0,0,2022,0,1,1,9669942.7,1,0.0,0.0,SOCIEDAD ANONIMA CERRADA,ACTIVO,HABIDO,,PASCO/OXAPAMPA/CHONTABAMBA,Principal - 4290 - CONSTRUCCIÓN DE OTRAS OBRAS DE INGENIERÍA CIVIL,3.0,"Principal - 4290 - CONSTRUCCIÓN DE OTRAS OBRAS DE INGENIERÍA CIVIL | Secundaria 1 - 7110 - ACTIVIDADES DE ARQUITECTURA E INGENIERÍA Y ACTIVIDADES CONEXAS DE CONSULTORÍA TÉCNICA | Secundaria 2 - 4752 - VENTA AL POR MENOR DE ARTÍCULOS DE FERRETERÍA, PINTURAS Y PRODUCTOS DE VIDRIO EN COMERCIOS ESPECIALIZADOS",0,0,0,0,23/09/2026 23:21,1,1,1,67.3,Alto
20604520062,CORPORACION GOBECAM EMPRESA INDIVIDUAL DE RESPONSABILIDAD LIMITADA - CORPORACION GOBECAM E.I.R.L.,-,2022,PASCO,05/04/2019,05/04/2019,2019.0,3.0,0,2022,0,2,1,100000.0,2,2.0,1.0,EMPRESA INDIVIDUAL DE RESP. LTDA,BAJA DE OFICIO,HABIDO,30/06/2026,PASCO/PASCO/PAUCARTAMBO,"Principal - 3600 - CAPTACIÓN, TRATAMIENTO Y DISTRIBUCIÓN DE AGUA",2.0,"Principal - 3600 - CAPTACIÓN, TRATAMIENTO Y DISTRIBUCIÓN DE AGUA | Secundaria 1 - 7710 - ALQUILER Y ARRENDAMIENTO DE VEHÍCULOS AUTOMOTORES",0,0,0,0,23/09/2026 23:21,1,1,1,67.3,Alto
20604553947,CORINCON G & P SOCIEDAD ANONIMA CERRADA,-,2022,PASCO,12/04/2019,12/04/2019,2019.0,3.0,0,2020,2,1,1,100000.0,1,1.0,1.0,SOCIEDAD ANONIMA CERRADA,ACTIVO,HABIDO,,LIMA/LIMA/SAN JUAN DE LURIGANCHO,"Principal - 4663 - VENTA AL POR MAYOR DE MATERIALES DE CONSTRUCCIÓN, ARTÍCULOS DE FERRETERÍA Y EQUIPO Y MATERIALES DE FONTANERÍA Y CALEFACCIÓN",3.0,"Principal - 4663 - VENTA AL POR MAYOR DE MATERIALES DE CONSTRUCCIÓN, ARTÍCULOS DE FERRETERÍA Y EQUIPO Y MATERIALES DE FONTANERÍA Y CALEFACCIÓN | Secundaria 1 - 4210 - CONSTRUCCIÓN DE CARRETERAS Y VÍAS DE FERROCARRIL | Secundaria 2 - 4772 - VENTA AL POR MENOR DE PRODUCTOS FARMACÉUTICOS Y MÉDICOS, COSMÉTICOS Y ARTÍCULOS DE TOCADOR EN COMERCIOS ESPECIALIZADOS",1,0,0,0,23/09/2026 23:21,1,1,1,67.3,Alto
20604694621,IBIZA LATIN CORPORATION S.A.C.,IBIZA LATIN CORPORATION S.A.C,2022,PASCO,13/05/2019,31/05/2019,2019.0,3.0,0,2022,0,1,1,100000.0,1,1.0,1.0,SOCIEDAD ANONIMA CERRADA,ACTIVO,HABIDO,,LIMA/LIMA/LIMA,Principal - 4210 - CONSTRUCCIÓN DE CARRETERAS Y VÍAS DE FERROCARRIL,3.0,Principal - 4210 - CONSTRUCCIÓN DE CARRETERAS Y VÍAS DE FERROCARRIL | Secundaria 1 - 4290 - CONSTRUCCIÓN DE OTRAS OBRAS DE INGENIERÍA CIVIL | Secundaria 2 - 4719 - OTRAS ACTIVIDADES DE VENTA AL POR MENOR EN COMERCIOS NO ESPECIALIZADOS,0,0,0,0,23/09/2026 23:22,1,1,1,67.3,Alto
20604977411,CORPORACION CUMBRAL SOCIEDAD ANONIMA CERRADA,-,2022,PASCO,10/07/2019,01/08/2019,2019.0,3.0,0,2022,0,1,1,100000.0,1,1.0,1.0,SOCIEDAD ANONIMA CERRADA,BAJA DE OFICIO,HABIDO,30/06/2025,JUNIN/HUANCAYO/HUANCAYO,Principal - 4100 - CONSTRUCCIÓN DE EDIFICIOS,3.0,"Principal - 4100 - CONSTRUCCIÓN DE EDIFICIOS | Secundaria 1 - 4663 - VENTA AL POR MAYOR DE MATERIALES DE CONSTRUCCIÓN, ARTÍCULOS DE FERRETERÍA Y EQUIPO Y MATERIALES DE FONTANERÍA Y CALEFACCIÓN | Secundaria 2 - 4390 - OTRAS ACTIVIDADES ESPECIALIZADAS DE CONSTRUCCIÓN",0,0,0,0,23/09/2026 23:22,1,1,1,67.3,Alto
20606797533,UNITY ESIRE” EMPRESA INDIVIDUAL DE RESPONSABILIDAD LIMITADA,UNITY EIRL,2022,PASCO,30/10/2020,13/10/2022,2022.0,0.0,0,2022,0,1,1,100000.0,1,1.0,1.0,EMPRESA INDIVIDUAL DE RESP. LTDA,BAJA DE OFICIO,HABIDO,30/06/2026,PASCO/PASCO/CHAUPIMARCA,Principal - 4290 - CONSTRUCCIÓN DE OTRAS OBRAS DE INGENIERÍA CIVIL,3.0,"Principal - 4290 - CONSTRUCCIÓN DE OTRAS OBRAS DE INGENIERÍA CIVIL | Secundaria 1 - 4649 - VENTA AL POR MAYOR DE OTROS ENSERES DOMÉSTICOS | Secundaria 2 - 1410 - FABRICACIÓN DE PRENDAS DE VESTIR, EXCEPTO PRENDAS DE PIEL",0,0,0,0,23/09/2026 23:25,1,1,1,67.3,Alto
20608946889,DO INGENIEROS E.I.R.L.,-,2022,PASCO,07/01/2022,14/01/2022,2022.0,0.0,0,2022,0,1,1,100000.0,1,1.0,1.0,EMPRESA INDIVIDUAL DE RESP. LTDA,ACTIVO,HABIDO,,JUNIN/HUANCAYO/HUANCAYO,Principal - 4100 - CONSTRUCCIÓN DE EDIFICIOS,3.0,"Principal - 4100 - CONSTRUCCIÓN DE EDIFICIOS | Secundaria 1 - 4752 - VENTA AL POR MENOR DE ARTÍCULOS DE FERRETERÍA, PINTURAS Y PRODUCTOS DE VIDRIO EN COMERCIOS ESPECIALIZADOS | Secundaria 2 - 4663 - VENTA AL POR MAYOR DE MATERIALES DE CONSTRUCCIÓN, ARTÍCULOS DE FERRETERÍA Y EQUIPO Y MATERIALES DE FONTANERÍA Y CALEFACCIÓN",0,0,0,0,23/09/2026 23:27,1,1,1,67.3,Alto
20609789621,CORPORACION BEREL EMPRESA INDIVIDUAL DE RESPONSABILIDAD LIMITADA,CORPORACION BEREL EIRL,2022,PASCO,26/07/2022,04/08/2022,2022.0,0.0,0,2022,0,1,1,100000.0,1,1.0,1.0,EMPRESA INDIVIDUAL DE RESP. LTDA,ACTIVO,HABIDO,,LIMA/LIMA/LOS OLIVOS,Principal - 4100 - CONSTRUCCIÓN DE EDIFICIOS,2.0,Principal - 4100 - CONSTRUCCIÓN DE EDIFICIOS | Secundaria 1 - 4220 - CONSTRUCCIÓN DE PROYECTOS DE SERVICIO PÚBLICO,0,0,0,0,23/09/2026 23:28,1,1,1,67.3,Alto
20102428197,PEREZ Y CASTRO INGS. S. CIVIL DE R. L,-,2022,PIURA,21/04/1993,16/10/1969,1969.0,53.0,0,2006,16,1,1,100000.0,1,1.0,1.0,SOCIEDAD CIVIL,ACTIVO,HABIDO,,PIURA/PIURA/PIURA,Principal - 4290 - CONSTRUCCIÓN DE OTRAS OBRAS DE INGENIERÍA CIVIL,3.0,Principal - 4290 - CONSTRUCCIÓN DE OTRAS OBRAS DE INGENIERÍA CIVIL | Secundaria 1 - 74145 - ACTIV.DE ASESORAMIENTO EMPRESARIAL | Secundaria 2 - 7020 - ACTIVIDADES DE CONSULTORÍA DE GESTIÓN,0,0,0,0,23/09/2026 22:08,1,1,1,82.2,Muy alto
20353947614,INGENIERIA CIVIL MONTAJES S.A.,-,2022,PIURA,14/11/1997,14/11/1997,1997.0,25.0,0,2010,12,1,1,625108592.54,1,0.0,0.0,SOCIEDAD ANONIMA,ACTIVO,HABIDO,,LAMBAYEQUE/CHICLAYO/CHICLAYO,Principal - 4100 - CONSTRUCCIÓN DE EDIFICIOS,1.0,Principal - 4100 - CONSTRUCCIÓN DE EDIFICIOS,0,0,0,0,23/09/2026 22:11,1,1,1,82.2,Muy alto
20357499691,PRONTE INGENIEROS SOCIEDAD ANONIMA CERRADA - PRONTE S.A.C.,PROYECTOS DEL NORTE,2022,PIURA,23/06/1997,23/06/1997,1997.0,25.0,0,2010,12,2,1,161047323.14,2,0.0,0.0,SOCIEDAD ANONIMA CERRADA,ACTIVO,HABIDO,,PIURA/PIURA/PIURA,Principal - 4100 - CONSTRUCCIÓN DE EDIFICIOS,1.0,Principal - 4100 - CONSTRUCCIÓN DE EDIFICIOS,0,0,0,0,23/09/2026 22:11,1,1,1,82.2,Muy alto
20399546487,BUENAVENTURA CONSTR. Y CONTRAT.GENER.SRL,-,2022,PIURA,25/01/1999,15/02/1999,1999.0,23.0,0,2008,14,1,1,100000.0,1,1.0,1.0,SOC.COM.RESPONS. LTDA,ACTIVO,HABIDO,,PIURA/PIURA/VEINTISEIS DE OCTUBRE,Principal - 4220 - CONSTRUCCIÓN DE PROYECTOS DE SERVICIO PÚBLICO,2.0,Principal - 4220 - CONSTRUCCIÓN DE PROYECTOS DE SERVICIO PÚBLICO | Secundaria 1 - 3311 - REPARACIÓN DE PRODUCTOS ELABORADOS DE METAL,0,0,0,0,23/09/2026 22:14,1,1,1,82.2,Muy alto
20445667618,INGENIERIA Y CONSTRUCCION ORVAL PERU S.R.L.,-,2022,PIURA,22/11/2007,01/11/2007,2007.0,15.0,0,2017,5,1,1,83388968.26,1,0.0,0.0,SOC.COM.RESPONS. LTDA,ACTIVO,HABIDO,,LIMA/LIMA/LIMA,Principal - 4100 - CONSTRUCCIÓN DE EDIFICIOS,1.0,Principal - 4100 - CONSTRUCCIÓN DE EDIFICIOS,0,0,0,0,23/09/2026 22:17,1,1,1,82.2,Muy alto
20484104302,S & P CONSTRUCTORES Y SERVICIOS SOCIEDAD ANONIMA CERRADA,-,2022,PIURA,20/10/2022,20/10/2022,2022.0,0.0,0,2022,0,1,1,100000.0,1,1.0,1.0,SOCIEDAD ANONIMA CERRADA,BAJA DE OFICIO,HABIDO,28/02/2025,PIURA/PIURA/VEINTISEIS DE OCTUBRE,Principal - 4100 - CONSTRUCCIÓN DE EDIFICIOS,1.0,Principal - 4100 - CONSTRUCCIÓN DE EDIFICIOS,0,0,0,0,23/09/2026 22:26,1,1,1,82.2,Muy alto
20488077717,FERDI INGENIEROS SAC,-,2022,PIURA,24/07/2012,01/07/2012,2012.0,10.0,0,2022,0,1,1,43684645.74,1,0.0,0.0,SOCIEDAD ANONIMA CERRADA,BAJA PROV. POR OFICIO,NO HALLADO,30/06/2026,CAJAMARCA/JAEN/JAEN,"Principal - 4663 - VENTA AL POR MAYOR DE MATERIALES DE CONSTRUCCIÓN, ARTÍCULOS DE FERRETERÍA Y EQUIPO Y MATERIALES DE FONTANERÍA Y CALEFACCIÓN",3.0,"Principal - 4663 - VENTA AL POR MAYOR DE MATERIALES DE CONSTRUCCIÓN, ARTÍCULOS DE FERRETERÍA Y EQUIPO Y MATERIALES DE FONTANERÍA Y CALEFACCIÓN | Secundaria 1 - 4100 - CONSTRUCCIÓN DE EDIFICIOS | Secundaria 2 - 4210 - CONSTRUCCIÓN DE CARRETERAS Y VÍAS DE FERROCARRIL",1,0,0,0,23/09/2026 22:30,1,1,1,82.2,Muy alto
20525441220,CONSTRUCCIONES Y SERVICIOS GENERALES FUERTE ROBLE EMPRESA INDIVIDUAL DE RESPONSABILIDAD LIMITADA,-,2022,PIURA,24/01/2007,24/01/2007,2007.0,15.0,0,2022,0,1,1,75961248.49,1,0.0,0.0,EMPRESA INDIVIDUAL DE RESP. LTDA,ACTIVO,HABIDO,,PIURA/SULLANA/SULLANA,Principal - 4220 - CONSTRUCCIÓN DE PROYECTOS DE SERVICIO PÚBLICO,3.0,Principal - 4220 - CONSTRUCCIÓN DE PROYECTOS DE SERVICIO PÚBLICO | Secundaria 1 - 4290 - CONSTRUCCIÓN DE OTRAS OBRAS DE INGENIERÍA CIVIL | Secundaria 2 - 4390 - OTRAS ACTIVIDADES ESPECIALIZADAS DE CONSTRUCCIÓN,1,0,0,0,23/09/2026 22:40,1,1,1,82.2,Muy alto
20525491677,CONSTRUCTORA SAN SEBASTIAN PIURA SOCIEDAD ANONIMA CERRADA - CONSTRUCTORA SAN SEBASTIAN PIURA S.A.C.,-,2022,PIURA,11/04/2007,11/04/2007,2007.0,15.0,0,2010,12,1,1,467867912.05,1,0.0,0.0,SOCIEDAD ANONIMA CERRADA,ACTIVO,HABIDO,,LIMA/LIMA/SAN MARTIN DE PORRES,Principal - 4923 - TRANSPORTE DE CARGA POR CARRETERA,3.0,"Principal - 4923 - TRANSPORTE DE CARGA POR CARRETERA | Secundaria 1 - 4100 - CONSTRUCCIÓN DE EDIFICIOS | Secundaria 2 - 4663 - VENTA AL POR MAYOR DE MATERIALES DE CONSTRUCCIÓN, ARTÍCULOS DE FERRETERÍA Y EQUIPO Y MATERIALES DE FONTANERÍA Y CALEFACCIÓN",0,0,0,0,23/09/2026 22:40,1,1,1,82.2,Muy alto
20525526721,CONSTRUCTORA C.E.M.CONTRATISTAS GENERALES S.R.L.,-,2022,PIURA,16/10/2018,16/10/2018,2018.0,4.0,0,2022,0,1,1,100000.0,1,1.0,1.0,SOC.COM.RESPONS. LTDA,SUSPENSION TEMPORAL,HABIDO,,PIURA/PIURA/CASTILLA,Principal - 4100 - CONSTRUCCIÓN DE EDIFICIOS,1.0,Principal - 4100 - CONSTRUCCIÓN DE EDIFICIOS,1,0,0,0,23/09/2026 22:41,1,1,1,82.2,Muy alto
20525975950,HEGASA S.A.C.,-,2022,PIURA,02/09/2009,02/09/2009,2009.0,13.0,0,2022,0,2,1,100000.0,2,2.0,1.0,SOCIEDAD ANONIMA CERRADA,ACTIVO,HABIDO,,PIURA/PIURA/PIURA,Principal - 4390 - OTRAS ACTIVIDADES ESPECIALIZADAS DE CONSTRUCCIÓN,2.0,Principal - 4390 - OTRAS ACTIVIDADES ESPECIALIZADAS DE CONSTRUCCIÓN | Secundaria 2 - 4290 - CONSTRUCCIÓN DE OTRAS OBRAS DE INGENIERÍA CIVIL,0,0,0,0,23/09/2026 22:41,1,1,1,82.2,Muy alto
20526090111,ECORPINT EMPRESA INDIVIDUAL DE RESPONSABILIDAD LIMITADA,-,2022,PIURA,20/03/2010,22/04/2010,2010.0,12.0,0,2019,3,2,1,103666080.33,2,0.0,0.0,EMPRESA INDIVIDUAL DE RESP. LTDA,ACTIVO,HABIDO,,PIURA/PIURA/PIURA,Principal - 4100 - CONSTRUCCIÓN DE EDIFICIOS,3.0,"Principal - 4100 - CONSTRUCCIÓN DE EDIFICIOS | Secundaria 1 - 7110 - ACTIVIDADES DE ARQUITECTURA E INGENIERÍA Y ACTIVIDADES CONEXAS DE CONSULTORÍA TÉCNICA | Secundaria 2 - 7490 - OTRAS ACTIVIDADES PROFESIONALES, CIENTÍFICAS Y TÉCNICAS N.C.P.",0,0,0,0,23/09/2026 22:41,1,1,1,82.2,Muy alto
20526146191,EXAMOVA MAQUINARIAS Y SERVICIOS E.I.R.L.,-,2022,PIURA,14/06/2010,14/06/2010,2010.0,12.0,0,2021,1,2,1,200271819.7,2,0.0,0.0,EMPRESA INDIVIDUAL DE RESP. LTDA,ACTIVO,HABIDO,,LIMA/LIMA/MAGDALENA DEL MAR,Principal - 4923 - TRANSPORTE DE CARGA POR CARRETERA,3.0,"Principal - 4923 - TRANSPORTE DE CARGA POR CARRETERA | Secundaria 1 - 4290 - CONSTRUCCIÓN DE OTRAS OBRAS DE INGENIERÍA CIVIL | Secundaria 2 - 7730 - ALQUILER Y ARRENDAMIENTO DE OTROS TIPOS DE MAQUINARIA, EQUIPO Y BIENES TANGIBLES",0,0,0,0,23/09/2026 22:41,1,1,1,82.2,Muy alto
20526323581,CONSTRUCTORA SANTA CLARA CONTRATISTAS GENERALES SOCIEDAD COMERCIAL DE RESPONSABILIDAD LIMITADA,-,2022,PIURA,23/02/2011,23/02/2011,2011.0,11.0,0,2022,0,1,1,66072191.47,1,0.0,0.0,SOC.COM.RESPONS. LTDA,ACTIVO,HABIDO,,PIURA/PIURA/PIURA,Principal - 4100 - CONSTRUCCIÓN DE EDIFICIOS,3.0,Principal - 4100 - CONSTRUCCIÓN DE EDIFICIOS | Secundaria 1 - 7110 - ACTIVIDADES DE ARQUITECTURA E INGENIERÍA Y ACTIVIDADES CONEXAS DE CONSULTORÍA TÉCNICA | Secundaria 2 - 4220 - CONSTRUCCIÓN DE PROYECTOS DE SERVICIO PÚBLICO,1,0,0,0,23/09/2026 22:41,1,1,1,82.2,Muy alto
20526331762,MENBER INGENIERIA CONSTRUCCION Y SERVICIOS S.R.L.,-,2022,PIURA,05/03/2011,05/03/2011,2011.0,11.0,0,2019,3,2,1,127291608.72,2,0.0,0.0,SOC.COM.RESPONS. LTDA,ACTIVO,HABIDO,,LIMA/LIMA/LA VICTORIA,Principal - 4100 - CONSTRUCCIÓN DE EDIFICIOS,3.0,"Principal - 4100 - CONSTRUCCIÓN DE EDIFICIOS | Secundaria 1 - 4663 - VENTA AL POR MAYOR DE MATERIALES DE CONSTRUCCIÓN, ARTÍCULOS DE FERRETERÍA Y EQUIPO Y MATERIALES DE FONTANERÍA Y CALEFACCIÓN | Secundaria 2 - 4321 - INSTALACIONES ELÉCTRICAS",1,0,0,0,23/09/2026 22:42,1,1,1,82.2,Muy alto
20530091075,HTYV CORPORACION EMPRESARIAL S.A.C.,-,2022,PIURA,13/12/2013,01/04/2014,2014.0,8.0,0,2021,1,2,1,265868239.56,2,0.0,0.0,SOCIEDAD ANONIMA CERRADA,ACTIVO,HABIDO,,PIURA/PIURA/VEINTISEIS DE OCTUBRE,Principal - 4210 - CONSTRUCCIÓN DE CARRETERAS Y VÍAS DE FERROCARRIL,3.0,"Principal - 4210 - CONSTRUCCIÓN DE CARRETERAS Y VÍAS DE FERROCARRIL | Secundaria 1 - 4290 - CONSTRUCCIÓN DE OTRAS OBRAS DE INGENIERÍA CIVIL | Secundaria 2 - 4663 - VENTA AL POR MAYOR DE MATERIALES DE CONSTRUCCIÓN, ARTÍCULOS DE FERRETERÍA Y EQUIPO Y MATERIALES DE FONTANERÍA Y CALEFACCIÓN",0,0,0,0,23/09/2026 22:46,1,1,1,82.2,Muy alto
20530147127,JATUN BUSINESS S.A.C.,-,2022,PIURA,01/03/2014,01/03/2014,2014.0,8.0,0,2022,0,1,2,22781739.31,1,0.0,0.0,SOCIEDAD ANONIMA CERRADA,ACTIVO,HABIDO,,PIURA/PIURA/PIURA,Principal - 7020 - ACTIVIDADES DE CONSULTORÍA DE GESTIÓN,3.0,"Principal - 7020 - ACTIVIDADES DE CONSULTORÍA DE GESTIÓN | Secundaria 1 - 4390 - OTRAS ACTIVIDADES ESPECIALIZADAS DE CONSTRUCCIÓN | Secundaria 2 - 7730 - ALQUILER Y ARRENDAMIENTO DE OTROS TIPOS DE MAQUINARIA, EQUIPO Y BIENES TANGIBLES",1,0,0,0,23/09/2026 22:46,1,1,1,82.2,Muy alto
20530192262,A & P TOPOGRAFIA Y SERVICIOS GENERALES SOCIEDAD ANONIMA CERRADA,-,2022,PIURA,03/05/2014,27/06/2014,2014.0,8.0,0,2022,0,1,1,100000.0,1,1.0,1.0,SOCIEDAD ANONIMA CERRADA,BAJA DE OFICIO,HABIDO,31/10/2024,PIURA/PIURA/CASTILLA,Principal - 7110 - ACTIVIDADES DE ARQUITECTURA E INGENIERÍA Y ACTIVIDADES CONEXAS DE CONSULTORÍA TÉCNICA,2.0,Principal - 7110 - ACTIVIDADES DE ARQUITECTURA E INGENIERÍA Y ACTIVIDADES CONEXAS DE CONSULTORÍA TÉCNICA | Secundaria 1 - 4100 - CONSTRUCCIÓN DE EDIFICIOS,1,0,0,0,23/09/2026 22:46,1,1,1,82.2,Muy alto
20602350364,FRADIALE CONSTRUCTORES E.I.R.L.,-,2022,PIURA,07/08/2017,07/08/2017,2017.0,5.0,0,2022,0,1,1,100000.0,1,1.0,1.0,EMPRESA INDIVIDUAL DE RESP. LTDA,ACTIVO,HABIDO,,LIMA/LIMA/LINCE,Principal - 4100 - CONSTRUCCIÓN DE EDIFICIOS,1.0,Principal - 4100 - CONSTRUCCIÓN DE EDIFICIOS,0,0,0,0,23/09/2026 23:16,1,1,1,82.2,Muy alto
20602773133,VELAMA INGENIEROS SOCIEDAD ANONIMA CERRADA,-,2022,PIURA,06/01/2018,06/01/2018,2018.0,4.0,0,2022,0,1,1,27130789.67,1,0.0,0.0,SOCIEDAD ANONIMA CERRADA,ACTIVO,HABIDO,,PIURA/PIURA/PIURA,Principal - 7110 - ACTIVIDADES DE ARQUITECTURA E INGENIERÍA Y ACTIVIDADES CONEXAS DE CONSULTORÍA TÉCNICA,3.0,Principal - 7110 - ACTIVIDADES DE ARQUITECTURA E INGENIERÍA Y ACTIVIDADES CONEXAS DE CONSULTORÍA TÉCNICA | Secundaria 1 - 4290 - CONSTRUCCIÓN DE OTRAS OBRAS DE INGENIERÍA CIVIL | Secundaria 2 - 9609 - OTRAS ACTIVIDADES DE SERVICIOS PERSONALES N.C.P.,0,0,0,0,23/09/2026 23:17,1,1,1,82.2,Muy alto
20605474960,MAR TA CONTRATISTA CONSULTORA Y SERVICIOS GENERALES E.I.R.L.,MAR TA E.I.R.L,2022,PIURA,05/11/2019,05/11/2019,2019.0,3.0,0,2022,0,1,1,100000.0,1,1.0,1.0,EMPRESA INDIVIDUAL DE RESP. LTDA,BAJA PROV. POR OFICIO,HABIDO,31/07/2026,PIURA/PIURA/PIURA,Principal - 8121 - LIMPIEZA GENERAL DE EDIFICIOS,3.0,"Principal - 8121 - LIMPIEZA GENERAL DE EDIFICIOS | Secundaria 1 - 7730 - ALQUILER Y ARRENDAMIENTO DE OTROS TIPOS DE MAQUINARIA, EQUIPO Y BIENES TANGIBLES | Secundaria 2 - 9609 - OTRAS ACTIVIDADES DE SERVICIOS PERSONALES N.C.P.",0,0,0,0,23/09/2026 23:23,1,1,1,82.2,Muy alto
20605845101,INGENIERIA Y CONSTRUCCIONES EL AMIGO EMPRESA INDIVIDUAL DE RESPONSABILIDAD LIMITADA,-,2022,PIURA,31/01/2020,01/02/2020,2020.0,2.0,0,2022,0,2,1,422605.57,2,0.0,0.0,EMPRESA INDIVIDUAL DE RESP. LTDA,ACTIVO,HABIDO,,PIURA/PIURA/CASTILLA,Principal - 4100 - CONSTRUCCIÓN DE EDIFICIOS,2.0,Principal - 4100 - CONSTRUCCIÓN DE EDIFICIOS | Secundaria 1 - 4220 - CONSTRUCCIÓN DE PROYECTOS DE SERVICIO PÚBLICO,0,0,0,0,23/09/2026 23:24,1,1,1,82.2,Muy alto
20606291729,FROMART EMPRESA INDIVIDUAL DE RESPONSABILIDAD LIMITADA - FROMART E.I.R.L.,-,2022,PIURA,05/08/2020,03/08/2020,2020.0,2.0,0,2022,0,1,1,3483411.21,1,1.0,1.0,EMPRESA INDIVIDUAL DE RESP. LTDA,ACTIVO,HABIDO,,PIURA/TALARA/PARIÑAS,Principal - 4290 - CONSTRUCCIÓN DE OTRAS OBRAS DE INGENIERÍA CIVIL,3.0,"Principal - 4290 - CONSTRUCCIÓN DE OTRAS OBRAS DE INGENIERÍA CIVIL | Secundaria 1 - 6202 - CONSULTORÍA DE INFORMÁTICA Y GESTIÓN DE INSTALACIONES INFORMÁTICAS | Secundaria 2 - 4752 - VENTA AL POR MENOR DE ARTÍCULOS DE FERRETERÍA, PINTURAS Y PRODUCTOS DE VIDRIO EN COMERCIOS ESPECIALIZADOS",0,0,0,0,23/09/2026 23:24,1,1,1,82.2,Muy alto
20606584653,CONSTRUCTORA E INMOBILIARIA KS HOLGUIN E.I.R.L.,-,2022,PIURA,25/09/2020,01/11/2020,2020.0,2.0,0,2022,0,1,1,100000.0,1,0.0,0.0,EMPRESA INDIVIDUAL DE RESP. LTDA,BAJA DEFINITIVA,HABIDO,17/05/2024,PIURA/PIURA/CASTILLA,Principal - 9609 - OTRAS ACTIVIDADES DE SERVICIOS PERSONALES N.C.P.,3.0,"Principal - 9609 - OTRAS ACTIVIDADES DE SERVICIOS PERSONALES N.C.P. | Secundaria 1 - 7110 - ACTIVIDADES DE ARQUITECTURA E INGENIERÍA Y ACTIVIDADES CONEXAS DE CONSULTORÍA TÉCNICA | Secundaria 2 - 4752 - VENTA AL POR MENOR DE ARTÍCULOS DE FERRETERÍA, PINTURAS Y PRODUCTOS DE VIDRIO EN COMERCIOS ESPECIALIZADOS",0,0,0,0,23/09/2026 23:25,1,1,1,82.2,Muy alto
20232650444,FALCON CONSULTORES Y CONSTRUCTORES SRLTD,FALCON GROUP,2022,PUNO,04/04/1995,17/03/1995,1995.0,27.0,0,2012,10,1,3,100000.0,1,1.0,1.0,SOC.COM.RESPONS. LTDA,ACTIVO,HABIDO,,PROV. CONST. DEL CALLAO/PROV. CONST. DEL CALLAO/VENTANILLA,Principal - 4100 - CONSTRUCCIÓN DE EDIFICIOS,3.0,Principal - 4100 - CONSTRUCCIÓN DE EDIFICIOS | Secundaria 1 - 7020 - ACTIVIDADES DE CONSULTORÍA DE GESTIÓN | Secundaria 2 - 7110 - ACTIVIDADES DE ARQUITECTURA E INGENIERÍA Y ACTIVIDADES CONEXAS DE CONSULTORÍA TÉCNICA,2,0,0,0,23/09/2026 22:09,1,1,1,80.4,Muy alto
20384753125,DEPROYEC S.R.L.,DEPROYEC S.R.L.,2022,PUNO,06/03/1998,22/03/1999,1999.0,23.0,0,2022,0,1,1,100000.0,1,1.0,1.0,SOC.COM.RESPONS. LTDA,ACTIVO,HABIDO,,LIMA/LIMA/SAN MIGUEL,Principal - 4390 - OTRAS ACTIVIDADES ESPECIALIZADAS DE CONSTRUCCIÓN,3.0,Principal - 4390 - OTRAS ACTIVIDADES ESPECIALIZADAS DE CONSTRUCCIÓN | Secundaria 1 - 4100 - CONSTRUCCIÓN DE EDIFICIOS | Secundaria 2 - 4730 - VENTA AL POR MENOR DE COMBUSTIBLES PARA VEHÍCULOS AUTOMOTORES EN COMERCIOS ESPECIALIZADOS,0,0,0,0,23/09/2026 22:11,1,1,1,80.4,Muy alto
20447845211,INGENIEROS DE CONSTRUCCION Y SUMINISTROS SOCIEDAD COMERCIAL DE RESPONSABILIDAD LIMITADA,-,2022,PUNO,03/09/2025,03/09/2025,2025.0,,1,2022,0,1,1,100000.0,1,1.0,1.0,SOC.COM.RESPONS. LTDA,ACTIVO,HABIDO,,PUNO/SAN ROMAN/JULIACA,Principal - 4100 - CONSTRUCCIÓN DE EDIFICIOS,2.0,"Principal - 4100 - CONSTRUCCIÓN DE EDIFICIOS | Secundaria 1 - 7730 - ALQUILER Y ARRENDAMIENTO DE OTROS TIPOS DE MAQUINARIA, EQUIPO Y BIENES TANGIBLES",0,0,0,0,23/09/2026 22:18,1,1,1,80.4,Muy alto
20448053599,ECOIN HOLDING BUSINESS SOCIEDAD COMERCIAL DE RESPONSABILIDAD LIMITADA,ECOIN HOLDING BUSINESS S.C.R.L,2022,PUNO,07/07/2009,08/07/2009,2009.0,13.0,0,2022,0,2,1,100000.0,2,2.0,1.0,SOC.COM.RESPONS. LTDA,SUSPENSION TEMPORAL,HABIDO,,PUNO/PUNO/PUNO,Principal - 7110 - ACTIVIDADES DE ARQUITECTURA E INGENIERÍA Y ACTIVIDADES CONEXAS DE CONSULTORÍA TÉCNICA,3.0,"Principal - 7110 - ACTIVIDADES DE ARQUITECTURA E INGENIERÍA Y ACTIVIDADES CONEXAS DE CONSULTORÍA TÉCNICA | Secundaria 1 - 7490 - OTRAS ACTIVIDADES PROFESIONALES, CIENTÍFICAS Y TÉCNICAS N.C.P. | Secundaria 2 - 7730 - ALQUILER Y ARRENDAMIENTO DE OTROS TIPOS DE MAQUINARIA, EQUIPO Y BIENES TANGIBLES",3,0,0,0,23/09/2026 22:18,1,1,1,80.4,Muy alto
20461112227,GRUPO EMPRESARIAL DE LOGISTICA INTEGRAL SOCIEDAD ANONIMA CERRADA - GELI S.A.C.,CSSI SAC,2022,PUNO,19/07/2007,01/02/2000,2000.0,22.0,0,2010,12,1,1,103818565.5,1,0.0,0.0,SOCIEDAD ANONIMA CERRADA,BAJA DEFINITIVA,NO HABIDO,01/03/2024,LIMA/LIMA/LA VICTORIA,Principal - 4923 - TRANSPORTE DE CARGA POR CARRETERA,2.0,"Principal - 4923 - TRANSPORTE DE CARGA POR CARRETERA | Secundaria 2 - 4663 - VENTA AL POR MAYOR DE MATERIALES DE CONSTRUCCIÓN, ARTÍCULOS DE FERRETERÍA Y EQUIPO Y MATERIALES DE FONTANERÍA Y CALEFACCIÓN",2,0,0,0,23/09/2026 22:21,1,1,1,80.4,Muy alto
20363610936,SIPA CONTRATISTAS GENERALES S.R.L.,SIPA CONTRATISTAS GENERALES,2022,SAN MARTIN,14/11/1997,14/11/1997,1997.0,25.0,0,2014,8,1,2,450000.0,1,1.0,1.0,SOC.COM.RESPONS. LTDA,ACTIVO,HABIDO,,PUNO/SAN ROMAN/JULIACA,Principal - 4220 - CONSTRUCCIÓN DE PROYECTOS DE SERVICIO PÚBLICO,3.0,Principal - 4220 - CONSTRUCCIÓN DE PROYECTOS DE SERVICIO PÚBLICO | Secundaria 1 - 4923 - TRANSPORTE DE CARGA POR CARRETERA | Secundaria 2 - 4321 - INSTALACIONES ELÉCTRICAS,1,0,0,0,23/09/2026 22:11,1,1,1,71.2,Alto
20393885531,EMPRESA CONSTRUCTORA Y SERVICIOS GENERALES ENGEL S S.R.L.,-,2022,SAN MARTIN,13/03/2013,13/03/2013,2013.0,9.0,0,2022,0,2,1,100000.0,2,2.0,1.0,SOC.COM.RESPONS. LTDA,ACTIVO,HABIDO,,SAN MARTIN/SAN MARTIN/LA BANDA DE SHILCAYO,Principal - 4100 - CONSTRUCCIÓN DE EDIFICIOS,3.0,"Principal - 4100 - CONSTRUCCIÓN DE EDIFICIOS | Secundaria 1 - 7110 - ACTIVIDADES DE ARQUITECTURA E INGENIERÍA Y ACTIVIDADES CONEXAS DE CONSULTORÍA TÉCNICA | Secundaria 2 - 4663 - VENTA AL POR MAYOR DE MATERIALES DE CONSTRUCCIÓN, ARTÍCULOS DE FERRETERÍA Y EQUIPO Y MATERIALES DE FONTANERÍA Y CALEFACCIÓN",0,0,0,0,23/09/2026 22:13,1,1,1,71.2,Alto
20450119254,SANCHEZ INGENIEROS S.R.L,-,2022,SAN MARTIN,27/12/2005,01/01/2006,2006.0,16.0,0,2017,5,2,1,51383862.66,2,0.0,0.0,SOC.COM.RESPONS. LTDA,ACTIVO,HABIDO,,SAN MARTIN/RIOJA/NUEVA CAJAMARCA,Principal - 4100 - CONSTRUCCIÓN DE EDIFICIOS,3.0,"Principal - 4100 - CONSTRUCCIÓN DE EDIFICIOS | Secundaria 1 - 4210 - CONSTRUCCIÓN DE CARRETERAS Y VÍAS DE FERROCARRIL | Secundaria 2 - 7730 - ALQUILER Y ARRENDAMIENTO DE OTROS TIPOS DE MAQUINARIA, EQUIPO Y BIENES TANGIBLES",0,2,0,0,23/09/2026 22:18,1,1,1,71.2,Alto
20450186440,CONSTRUCTORA Y REPRESENTACIONES CERRO VERDE S.A.C.,-,2022,SAN MARTIN,24/11/2006,24/11/2006,2006.0,16.0,0,2008,14,1,2,100000.0,1,1.0,1.0,SOCIEDAD ANONIMA CERRADA,ACTIVO,HABIDO,,SAN MARTIN/SAN MARTIN/TARAPOTO,Principal - 4220 - CONSTRUCCIÓN DE PROYECTOS DE SERVICIO PÚBLICO,3.0,"Principal - 4220 - CONSTRUCCIÓN DE PROYECTOS DE SERVICIO PÚBLICO | Secundaria 1 - 4663 - VENTA AL POR MAYOR DE MATERIALES DE CONSTRUCCIÓN, ARTÍCULOS DE FERRETERÍA Y EQUIPO Y MATERIALES DE FONTANERÍA Y CALEFACCIÓN | Secundaria 2 - 4390 - OTRAS ACTIVIDADES ESPECIALIZADAS DE CONSTRUCCIÓN",0,0,0,0,23/09/2026 22:19,1,1,1,71.2,Alto
20450278051,CONSTRUCTORA INMOBILIARIA RIO HUALLAGA S.A.C,COIRH S.A.C.,2022,SAN MARTIN,28/11/2007,01/12/2007,2007.0,15.0,0,2009,13,3,1,562761980.39,3,0.0,0.0,SOCIEDAD ANONIMA CERRADA,ACTIVO,HABIDO,,SAN MARTIN/SAN MARTIN/TARAPOTO,Principal - 4100 - CONSTRUCCIÓN DE EDIFICIOS,3.0,"Principal - 4100 - CONSTRUCCIÓN DE EDIFICIOS | Secundaria 1 - 4923 - TRANSPORTE DE CARGA POR CARRETERA | Secundaria 2 - 4663 - VENTA AL POR MAYOR DE MATERIALES DE CONSTRUCCIÓN, ARTÍCULOS DE FERRETERÍA Y EQUIPO Y MATERIALES DE FONTANERÍA Y CALEFACCIÓN",1,0,0,0,23/09/2026 22:19,1,1,1,71.2,Alto
20450299139,HORUS CONTRATISTAS GENERALES S.A.C.,-,2022,SAN MARTIN,18/02/2008,18/02/2008,2008.0,14.0,0,2016,6,2,2,158336017.8,2,0.0,0.0,SOCIEDAD ANONIMA CERRADA,ACTIVO,HABIDO,,SAN MARTIN/SAN MARTIN/TARAPOTO,Principal - 4210 - CONSTRUCCIÓN DE CARRETERAS Y VÍAS DE FERROCARRIL,3.0,"Principal - 4210 - CONSTRUCCIÓN DE CARRETERAS Y VÍAS DE FERROCARRIL | Secundaria 1 - 4100 - CONSTRUCCIÓN DE EDIFICIOS | Secundaria 2 - 7730 - ALQUILER Y ARRENDAMIENTO DE OTROS TIPOS DE MAQUINARIA, EQUIPO Y BIENES TANGIBLES",1,0,0,0,23/09/2026 22:19,1,1,1,71.2,Alto
20450312259,GRUPO LAS PALMERAS E.I.R.L.,GRUPO LAS PALMERAS,2022,SAN MARTIN,27/03/2008,01/04/2008,2008.0,14.0,0,2022,0,2,1,210902791.96,2,0.0,0.0,EMPRESA INDIVIDUAL DE RESP. LTDA,ACTIVO,HABIDO,,SAN MARTIN/SAN MARTIN/LA BANDA DE SHILCAYO,Principal - 4100 - CONSTRUCCIÓN DE EDIFICIOS,3.0,"Principal - 4100 - CONSTRUCCIÓN DE EDIFICIOS | Secundaria 1 - 4923 - TRANSPORTE DE CARGA POR CARRETERA | Secundaria 2 - 7730 - ALQUILER Y ARRENDAMIENTO DE OTROS TIPOS DE MAQUINARIA, EQUIPO Y BIENES TANGIBLES",0,0,0,0,23/09/2026 22:19,1,1,1,71.2,Alto
20450326713,ENGINEERING BUILD S.A.C,EBUSAC,2022,SAN MARTIN,10/05/2008,09/05/2008,2008.0,14.0,0,2010,12,3,2,160346215.73,3,0.0,0.0,SOCIEDAD ANONIMA CERRADA,ACTIVO,HABIDO,,SAN MARTIN/MOYOBAMBA/MOYOBAMBA,Principal - 4100 - CONSTRUCCIÓN DE EDIFICIOS,3.0,Principal - 4100 - CONSTRUCCIÓN DE EDIFICIOS | Secundaria 1 - 4923 - TRANSPORTE DE CARGA POR CARRETERA | Secundaria 2 - 7110 - ACTIVIDADES DE ARQUITECTURA E INGENIERÍA Y ACTIVIDADES CONEXAS DE CONSULTORÍA TÉCNICA,0,0,0,0,23/09/2026 22:19,1,1,1,71.2,Alto
20452477671,HOUSE BUSSINES S.A.C.,-,2022,SAN MARTIN,03/09/2003,01/10/2003,2003.0,19.0,0,2011,11,2,1,201000296.36,2,0.0,0.0,SOCIEDAD ANONIMA CERRADA,SUSPENSION TEMPORAL,NO HABIDO,,LA LIBERTAD/TRUJILLO/VICTOR LARCO HERRERA,"Principal - 4663 - VENTA AL POR MAYOR DE MATERIALES DE CONSTRUCCIÓN, ARTÍCULOS DE FERRETERÍA Y EQUIPO Y MATERIALES DE FONTANERÍA Y CALEFACCIÓN",3.0,"Principal - 4663 - VENTA AL POR MAYOR DE MATERIALES DE CONSTRUCCIÓN, ARTÍCULOS DE FERRETERÍA Y EQUIPO Y MATERIALES DE FONTANERÍA Y CALEFACCIÓN | Secundaria 1 - 7730 - ALQUILER Y ARRENDAMIENTO DE OTROS TIPOS DE MAQUINARIA, EQUIPO Y BIENES TANGIBLES | Secundaria 2 - 4290 - CONSTRUCCIÓN DE OTRAS OBRAS DE INGENIERÍA CIVIL",1,0,0,0,23/09/2026 22:20,1,1,1,71.2,Alto
20477150242,CONSTRUCCIONES & SERVICIOS DIEGUITO S.A.C.,-,2022,SAN MARTIN,02/02/2011,02/02/2011,2011.0,11.0,0,2016,6,1,1,582790972.77,1,0.0,0.0,SOCIEDAD ANONIMA CERRADA,ACTIVO,HABIDO,,LA LIBERTAD/TRUJILLO/MOCHE,Principal - 4923 - TRANSPORTE DE CARGA POR CARRETERA,3.0,"Principal - 4923 - TRANSPORTE DE CARGA POR CARRETERA | Secundaria 1 - 4220 - CONSTRUCCIÓN DE PROYECTOS DE SERVICIO PÚBLICO | Secundaria 2 - 7730 - ALQUILER Y ARRENDAMIENTO DE OTROS TIPOS DE MAQUINARIA, EQUIPO Y BIENES TANGIBLES",1,0,0,0,23/09/2026 22:21,1,1,1,71.2,Alto
20493537742,CONSTRUCTORA M & J S.A.C.,CONSTRUCTORA M & J SAC,2022,SAN MARTIN,22/12/2006,01/01/2007,2007.0,15.0,0,2013,9,1,1,1098458521.47,1,0.0,0.0,SOCIEDAD ANONIMA CERRADA,ACTIVO,HABIDO,,LORETO/MAYNAS/IQUITOS,Principal - 4390 - OTRAS ACTIVIDADES ESPECIALIZADAS DE CONSTRUCCIÓN,3.0,"Principal - 4390 - OTRAS ACTIVIDADES ESPECIALIZADAS DE CONSTRUCCIÓN | Secundaria 1 - 7730 - ALQUILER Y ARRENDAMIENTO DE OTROS TIPOS DE MAQUINARIA, EQUIPO Y BIENES TANGIBLES | Secundaria 2 - 4923 - TRANSPORTE DE CARGA POR CARRETERA",1,0,0,0,23/09/2026 22:33,1,1,1,71.2,Alto
20493975421,GAPARD GROUP E.I.R.L.,-,2022,SAN MARTIN,07/03/2011,14/03/2011,2011.0,11.0,0,2022,0,1,1,100000.0,1,1.0,1.0,EMPRESA INDIVIDUAL DE RESP. LTDA,ACTIVO,HABIDO,,SAN MARTIN/MOYOBAMBA/SORITOR,"Principal - 4663 - VENTA AL POR MAYOR DE MATERIALES DE CONSTRUCCIÓN, ARTÍCULOS DE FERRETERÍA Y EQUIPO Y MATERIALES DE FONTANERÍA Y CALEFACCIÓN",3.0,"Principal - 4663 - VENTA AL POR MAYOR DE MATERIALES DE CONSTRUCCIÓN, ARTÍCULOS DE FERRETERÍA Y EQUIPO Y MATERIALES DE FONTANERÍA Y CALEFACCIÓN | Secundaria 1 - 4923 - TRANSPORTE DE CARGA POR CARRETERA | Secundaria 2 - 4210 - CONSTRUCCIÓN DE CARRETERAS Y VÍAS DE FERROCARRIL",0,0,0,0,23/09/2026 22:34,1,1,1,71.2,Alto
20494015740,CORPORACION AGRARIA BAMBU ALTO MAYO E.I.R.L.,-,2022,SAN MARTIN,07/06/2011,24/06/2011,2011.0,11.0,0,2022,0,2,1,1541633.48,2,0.0,0.0,EMPRESA INDIVIDUAL DE RESP. LTDA,ACTIVO,HABIDO,,SAN MARTIN/RIOJA/ELIAS SOPLIN VARGAS,"Principal - 4663 - VENTA AL POR MAYOR DE MATERIALES DE CONSTRUCCIÓN, ARTÍCULOS DE FERRETERÍA Y EQUIPO Y MATERIALES DE FONTANERÍA Y CALEFACCIÓN",2.0,"Principal - 4663 - VENTA AL POR MAYOR DE MATERIALES DE CONSTRUCCIÓN, ARTÍCULOS DE FERRETERÍA Y EQUIPO Y MATERIALES DE FONTANERÍA Y CALEFACCIÓN | Secundaria 1 - 7730 - ALQUILER Y ARRENDAMIENTO DE OTROS TIPOS DE MAQUINARIA, EQUIPO Y BIENES TANGIBLES",0,0,0,0,23/09/2026 22:34,1,1,1,71.2,Alto
20494079713,GREPCO S.A.C.,GREPCO SAC,2022,SAN MARTIN,17/11/2011,17/11/2011,2011.0,11.0,0,2013,9,1,1,23043821.82,1,0.0,0.0,SOCIEDAD ANONIMA CERRADA,ACTIVO,HABIDO,,SAN MARTIN/LAMAS/LAMAS,Principal - 4100 - CONSTRUCCIÓN DE EDIFICIOS,3.0,"Principal - 4100 - CONSTRUCCIÓN DE EDIFICIOS | Secundaria 1 - 7730 - ALQUILER Y ARRENDAMIENTO DE OTROS TIPOS DE MAQUINARIA, EQUIPO Y BIENES TANGIBLES | Secundaria 2 - 4659 - VENTA AL POR MAYOR DE OTROS TIPOS DE MAQUINARIA Y EQUIPO",0,0,0,0,23/09/2026 22:34,1,1,1,71.2,Alto
20528350462,INTEK CONTRATISTAS GENERALES S.A.C,-,2022,SAN MARTIN,01/09/2010,01/09/2010,2010.0,12.0,0,2015,7,1,1,100000.0,1,1.0,1.0,SOCIEDAD ANONIMA CERRADA,ACTIVO,HABIDO,,LORETO/MAYNAS/IQUITOS,Principal - 4100 - CONSTRUCCIÓN DE EDIFICIOS,3.0,Principal - 4100 - CONSTRUCCIÓN DE EDIFICIOS | Secundaria 1 - 6820 - ACTIVIDADES INMOBILIARIAS REALIZADAS A CAMBIO DE UNA RETRIBUCIÓN O POR CONTRATA | Secundaria 2 - 9499 - ACTIVIDADES DE OTRAS ASOCIACIONES N.C.P.,1,0,0,0,23/09/2026 22:43,1,1,1,71.2,Alto
20531599404,SERVICIOS GENERALES CONSULTORES ATLANTICO SOCIEDAD ANONIMA CERRADA,S.G. CONSULT.ATLANTICO S.A.C.,2022,SAN MARTIN,04/10/2005,06/01/2006,2006.0,16.0,0,2020,2,1,1,100000.0,1,1.0,1.0,SOCIEDAD ANONIMA CERRADA,ACTIVO,HABIDO,,SAN MARTIN/SAN MARTIN/TARAPOTO,Principal - 4100 - CONSTRUCCIÓN DE EDIFICIOS,3.0,"Principal - 4100 - CONSTRUCCIÓN DE EDIFICIOS | Secundaria 1 - 7730 - ALQUILER Y ARRENDAMIENTO DE OTROS TIPOS DE MAQUINARIA, EQUIPO Y BIENES TANGIBLES | Secundaria 2 - 6810 - ACTIVIDADES INMOBILIARIAS REALIZADAS CON BIENES PROPIOS O ARRENDADOS",0,0,0,0,23/09/2026 22:47,1,1,1,71.2,Alto
20533651918,CONSTRUCTORA Y MINERA SERPIENTE DE ORO E.I.R.L.,-,2022,SAN MARTIN,29/04/2013,20/07/2013,2013.0,9.0,0,2020,2,1,1,527316072.22,1,0.0,0.0,EMPRESA INDIVIDUAL DE RESP. LTDA,ACTIVO,HABIDO,,LIMA/LIMA/JESUS MARIA,Principal - 4100 - CONSTRUCCIÓN DE EDIFICIOS,3.0,"Principal - 4100 - CONSTRUCCIÓN DE EDIFICIOS | Secundaria 1 - 7110 - ACTIVIDADES DE ARQUITECTURA E INGENIERÍA Y ACTIVIDADES CONEXAS DE CONSULTORÍA TÉCNICA | Secundaria 2 - 7490 - OTRAS ACTIVIDADES PROFESIONALES, CIENTÍFICAS Y TÉCNICAS N.C.P.",0,0,0,0,23/09/2026 22:48,1,1,1,71.2,Alto
20542247453,ARO & KA CONSULTORES Y CONSTRUCTORES E.I.R.L.,-,2022,SAN MARTIN,09/11/2012,09/11/2012,2012.0,10.0,0,2022,0,1,1,100000.0,1,1.0,1.0,EMPRESA INDIVIDUAL DE RESP. LTDA,ACTIVO,HABIDO,,SAN MARTIN/MOYOBAMBA/MOYOBAMBA,Principal - 4290 - CONSTRUCCIÓN DE OTRAS OBRAS DE INGENIERÍA CIVIL,3.0,"Principal - 4290 - CONSTRUCCIÓN DE OTRAS OBRAS DE INGENIERÍA CIVIL | Secundaria 1 - 4663 - VENTA AL POR MAYOR DE MATERIALES DE CONSTRUCCIÓN, ARTÍCULOS DE FERRETERÍA Y EQUIPO Y MATERIALES DE FONTANERÍA Y CALEFACCIÓN | Secundaria 2 - 7110 - ACTIVIDADES DE ARQUITECTURA E INGENIERÍA Y ACTIVIDADES CONEXAS DE CONSULTORÍA TÉCNICA",0,0,0,0,23/09/2026 22:55,1,1,1,71.2,Alto
20542312450,PRINCOR S.A.C.,-,2022,SAN MARTIN,11/04/2013,11/04/2013,2013.0,9.0,0,2013,9,1,1,500000.0,1,0.0,0.0,SOCIEDAD ANONIMA CERRADA,ACTIVO,HABIDO,,SAN MARTIN/EL DORADO/SAN JOSE DE SISA,Principal - 4100 - CONSTRUCCIÓN DE EDIFICIOS,3.0,"Principal - 4100 - CONSTRUCCIÓN DE EDIFICIOS | Secundaria 1 - 7730 - ALQUILER Y ARRENDAMIENTO DE OTROS TIPOS DE MAQUINARIA, EQUIPO Y BIENES TANGIBLES | Secundaria 2 - 4922 - OTRAS ACTIVIDADES DE TRANSPORTE POR VÍA TERRESTRE",0,0,0,0,23/09/2026 22:55,1,1,1,71.2,Alto
20542330512,ST VICTORIA SOCIEDAD ANONIMA CERRADA,ST VICTORIA SAC,2022,SAN MARTIN,27/05/2013,27/05/2013,2013.0,9.0,0,2021,1,1,1,170635537.78,1,0.0,0.0,SOCIEDAD ANONIMA CERRADA,ACTIVO,HABIDO,,SAN MARTIN/SAN MARTIN/TARAPOTO,Principal - 4100 - CONSTRUCCIÓN DE EDIFICIOS,3.0,Principal - 4100 - CONSTRUCCIÓN DE EDIFICIOS | Secundaria 1 - 4923 - TRANSPORTE DE CARGA POR CARRETERA | Secundaria 2 - 4210 - CONSTRUCCIÓN DE CARRETERAS Y VÍAS DE FERROCARRIL,0,0,0,0,23/09/2026 22:55,1,1,1,71.2,Alto
20547581891,4R BUILDING GROUP S.A.C.,-,2022,SAN MARTIN,12/04/2012,01/07/2012,2012.0,10.0,0,2022,0,1,1,100000.0,1,1.0,1.0,SOCIEDAD ANONIMA CERRADA,ACTIVO,HABIDO,,SAN MARTIN/SAN MARTIN/LA BANDA DE SHILCAYO,Principal - 4100 - CONSTRUCCIÓN DE EDIFICIOS,3.0,"Principal - 4100 - CONSTRUCCIÓN DE EDIFICIOS | Secundaria 1 - 4752 - VENTA AL POR MENOR DE ARTÍCULOS DE FERRETERÍA, PINTURAS Y PRODUCTOS DE VIDRIO EN COMERCIOS ESPECIALIZADOS | Secundaria 2 - 7710 - ALQUILER Y ARRENDAMIENTO DE VEHÍCULOS AUTOMOTORES",0,0,0,0,23/09/2026 22:57,1,1,1,71.2,Alto
20560034289,CHIKAN QHARI CONSTRUCTORES Y SERVICIOS GENERALES S.A.C.,-,2022,SAN MARTIN,10/07/2014,10/07/2014,2014.0,8.0,0,2022,0,2,1,500000.0,2,2.0,1.0,SOCIEDAD ANONIMA CERRADA,ACTIVO,HABIDO,,LA LIBERTAD/TRUJILLO/TRUJILLO,Principal - 4100 - CONSTRUCCIÓN DE EDIFICIOS,3.0,"Principal - 4100 - CONSTRUCCIÓN DE EDIFICIOS | Secundaria 1 - 4923 - TRANSPORTE DE CARGA POR CARRETERA | Secundaria 2 - 4663 - VENTA AL POR MAYOR DE MATERIALES DE CONSTRUCCIÓN, ARTÍCULOS DE FERRETERÍA Y EQUIPO Y MATERIALES DE FONTANERÍA Y CALEFACCIÓN",0,0,0,0,23/09/2026 22:58,1,1,1,71.2,Alto
20572185924,ISHISHIMI CONSTRUCTION COMPANY SAC,ISHISHIMI CONSTRUCTION COMPANY,2022,SAN MARTIN,23/04/2014,23/04/2014,2014.0,8.0,0,2022,0,1,1,21010434.06,1,0.0,0.0,SOCIEDAD ANONIMA CERRADA,ACTIVO,HABIDO,,SAN MARTIN/SAN MARTIN/TARAPOTO,Principal - 4220 - CONSTRUCCIÓN DE PROYECTOS DE SERVICIO PÚBLICO,3.0,"Principal - 4220 - CONSTRUCCIÓN DE PROYECTOS DE SERVICIO PÚBLICO | Secundaria 1 - 4663 - VENTA AL POR MAYOR DE MATERIALES DE CONSTRUCCIÓN, ARTÍCULOS DE FERRETERÍA Y EQUIPO Y MATERIALES DE FONTANERÍA Y CALEFACCIÓN | Secundaria 2 - 4210 - CONSTRUCCIÓN DE CARRETERAS Y VÍAS DE FERROCARRIL",0,0,0,0,23/09/2026 23:03,1,1,1,71.2,Alto
20600505557,AVVA CONSULTORA Y CONSTRUCTORA S.R.L.,-,2022,SAN MARTIN,06/07/2015,04/01/2016,2016.0,6.0,0,2022,0,1,1,100000.0,1,1.0,1.0,SOC.COM.RESPONS. LTDA,ACTIVO,HABIDO,,SAN MARTIN/MOYOBAMBA/MOYOBAMBA,Principal - 4100 - CONSTRUCCIÓN DE EDIFICIOS,3.0,"Principal - 4100 - CONSTRUCCIÓN DE EDIFICIOS | Secundaria 1 - 7110 - ACTIVIDADES DE ARQUITECTURA E INGENIERÍA Y ACTIVIDADES CONEXAS DE CONSULTORÍA TÉCNICA | Secundaria 2 - 4663 - VENTA AL POR MAYOR DE MATERIALES DE CONSTRUCCIÓN, ARTÍCULOS DE FERRETERÍA Y EQUIPO Y MATERIALES DE FONTANERÍA Y CALEFACCIÓN",0,0,0,0,23/09/2026 23:09,1,1,1,71.2,Alto
20600683650,CORPORACION DIAMANTE JUBERS S.A.C.,-,2022,SAN MARTIN,21/09/2015,21/09/2015,2015.0,7.0,0,2019,3,1,2,2157432332.42,1,0.0,0.0,SOCIEDAD ANONIMA CERRADA,ACTIVO,HABIDO,,LIMA/LIMA/LINCE,Principal - 4100 - CONSTRUCCIÓN DE EDIFICIOS,3.0,"Principal - 4100 - CONSTRUCCIÓN DE EDIFICIOS | Secundaria 1 - 4663 - VENTA AL POR MAYOR DE MATERIALES DE CONSTRUCCIÓN, ARTÍCULOS DE FERRETERÍA Y EQUIPO Y MATERIALES DE FONTANERÍA Y CALEFACCIÓN | Secundaria 2 - 7730 - ALQUILER Y ARRENDAMIENTO DE OTROS TIPOS DE MAQUINARIA, EQUIPO Y BIENES TANGIBLES",3,0,0,0,23/09/2026 23:10,1,1,1,71.2,Alto
20601123844,CONSTRUCTORA E INGENIERIA DIAZ DELGADO S.R.L.,-,2022,SAN MARTIN,01/04/2016,01/05/2016,2016.0,6.0,0,2022,0,1,1,19354350.4,1,0.0,0.0,SOC.COM.RESPONS. LTDA,ACTIVO,HABIDO,,SAN MARTIN/MOYOBAMBA/MOYOBAMBA,Principal - 4100 - CONSTRUCCIÓN DE EDIFICIOS,3.0,"Principal - 4100 - CONSTRUCCIÓN DE EDIFICIOS | Secundaria 1 - 4663 - VENTA AL POR MAYOR DE MATERIALES DE CONSTRUCCIÓN, ARTÍCULOS DE FERRETERÍA Y EQUIPO Y MATERIALES DE FONTANERÍA Y CALEFACCIÓN | Secundaria 2 - 4923 - TRANSPORTE DE CARGA POR CARRETERA",0,0,0,0,23/09/2026 23:12,1,1,1,71.2,Alto
20601139457,DESA CONSTRUCTORA E INGENIERIA SOCIEDAD ANONIMA CERRADA - DESA CONSTRUCTORA E INGENIERIA S.A.C.,-,2022,SAN MARTIN,01/07/2026,01/07/2026,2026.0,,1,2019,3,1,1,100000.0,1,1.0,1.0,SOCIEDAD ANONIMA CERRADA,SUSPENSION TEMPORAL,HABIDO,,SAN MARTIN/SAN MARTIN/TARAPOTO,Principal - 4321 - INSTALACIONES ELÉCTRICAS,1.0,Principal - 4321 - INSTALACIONES ELÉCTRICAS,0,0,0,0,23/09/2026 23:12,1,1,1,71.2,Alto
20601456070,PLATINO CONSTRUCTORES EMPRESA INDIVIDUAL DE RESPONSABILIDAD LIMITADA,-,2022,SAN MARTIN,25/08/2016,25/08/2016,2016.0,6.0,0,2021,1,1,1,400000.0,1,1.0,1.0,EMPRESA INDIVIDUAL DE RESP. LTDA,ACTIVO,HABIDO,,SAN MARTIN/SAN MARTIN/TARAPOTO,Principal - 4923 - TRANSPORTE DE CARGA POR CARRETERA,3.0,"Principal - 4923 - TRANSPORTE DE CARGA POR CARRETERA | Secundaria 1 - 7730 - ALQUILER Y ARRENDAMIENTO DE OTROS TIPOS DE MAQUINARIA, EQUIPO Y BIENES TANGIBLES | Secundaria 2 - 4100 - CONSTRUCCIÓN DE EDIFICIOS",0,0,0,0,23/09/2026 23:13,1,1,1,71.2,Alto
20601638488,CONSTRUCTORA BORO E.I.R.L.,-,2022,SAN MARTIN,09/11/2016,09/11/2016,2016.0,6.0,0,2022,0,1,1,100000.0,1,1.0,1.0,EMPRESA INDIVIDUAL DE RESP. LTDA,ACTIVO,HABIDO,,SAN MARTIN/MOYOBAMBA/MOYOBAMBA,Principal - 4100 - CONSTRUCCIÓN DE EDIFICIOS,3.0,"Principal - 4100 - CONSTRUCCIÓN DE EDIFICIOS | Secundaria 1 - 4290 - CONSTRUCCIÓN DE OTRAS OBRAS DE INGENIERÍA CIVIL | Secundaria 2 - 4663 - VENTA AL POR MAYOR DE MATERIALES DE CONSTRUCCIÓN, ARTÍCULOS DE FERRETERÍA Y EQUIPO Y MATERIALES DE FONTANERÍA Y CALEFACCIÓN",0,0,0,0,23/09/2026 23:14,1,1,1,71.2,Alto
20602206174,CONSOLIDA SOCIEDAD ANONIMA CERRADA,-,2022,SAN MARTIN,12/06/2017,12/06/2017,2017.0,5.0,0,2020,2,1,1,100000.0,1,1.0,1.0,SOCIEDAD ANONIMA CERRADA,BAJA DE OFICIO,HABIDO,31/10/2024,SAN MARTIN/SAN MARTIN/TARAPOTO,Principal - 4100 - CONSTRUCCIÓN DE EDIFICIOS,3.0,"Principal - 4100 - CONSTRUCCIÓN DE EDIFICIOS | Secundaria 1 - 7730 - ALQUILER Y ARRENDAMIENTO DE OTROS TIPOS DE MAQUINARIA, EQUIPO Y BIENES TANGIBLES | Secundaria 2 - 6920 - ACTIVIDADES DE CONTABILIDAD, TENEDURÍA DE LIBROS Y AUDITORÍA; CONSULTORÍA FISCAL",0,0,0,0,23/09/2026 23:16,1,1,1,71.2,Alto
20603282265,2H CONSTRUCCION Y ARQUITECTURA S.A.C.,-,2022,SAN MARTIN,11/06/2018,11/06/2018,2018.0,4.0,0,2022,0,1,1,100000.0,1,1.0,1.0,SOCIEDAD ANONIMA CERRADA,BAJA DE OFICIO,NO HABIDO,31/07/2025,SAN MARTIN/MOYOBAMBA/MOYOBAMBA,Principal - 4100 - CONSTRUCCIÓN DE EDIFICIOS,3.0,"Principal - 4100 - CONSTRUCCIÓN DE EDIFICIOS | Secundaria 1 - 9609 - OTRAS ACTIVIDADES DE SERVICIOS PERSONALES N.C.P. | Secundaria 2 - 4322 - INSTALACIONES DE FONTANERÍA, CALEFACCIÓN Y AIRE ACONDICIONADO",1,1,0,0,23/09/2026 23:19,1,1,1,71.2,Alto
20604718598,GOLAC CONSTRUCTORES TP S.A.C.,-,2022,SAN MARTIN,17/05/2019,17/05/2019,2019.0,3.0,0,2022,0,1,1,100000.0,1,1.0,1.0,SOCIEDAD ANONIMA CERRADA,ACTIVO,NO HABIDO,,SAN MARTIN/SAN MARTIN/MORALES,Principal - 4100 - CONSTRUCCIÓN DE EDIFICIOS,3.0,Principal - 4100 - CONSTRUCCIÓN DE EDIFICIOS | Secundaria 1 - 7110 - ACTIVIDADES DE ARQUITECTURA E INGENIERÍA Y ACTIVIDADES CONEXAS DE CONSULTORÍA TÉCNICA | Secundaria 2 - 4290 - CONSTRUCCIÓN DE OTRAS OBRAS DE INGENIERÍA CIVIL,0,0,0,0,23/09/2026 23:22,1,1,1,71.2,Alto
20607046175,V&H SANITARY COMPANY E.I.R.L.,-,2022,SAN MARTIN,10/12/2020,21/12/2020,2020.0,2.0,0,2022,0,1,1,400000.0,1,0.0,0.0,EMPRESA INDIVIDUAL DE RESP. LTDA,ACTIVO,HABIDO,,SAN MARTIN/MOYOBAMBA/MOYOBAMBA,Principal - 7110 - ACTIVIDADES DE ARQUITECTURA E INGENIERÍA Y ACTIVIDADES CONEXAS DE CONSULTORÍA TÉCNICA,3.0,Principal - 7110 - ACTIVIDADES DE ARQUITECTURA E INGENIERÍA Y ACTIVIDADES CONEXAS DE CONSULTORÍA TÉCNICA | Secundaria 1 - 3700 - EVACUACIÓN DE AGUAS RESIDUALES | Secundaria 2 - 8129 - OTRAS ACTIVIDADES DE LIMPIEZA DE EDIFICIOS Y DE INSTALACIONES INDUSTRIALES,0,0,0,0,23/09/2026 23:25,1,1,1,71.2,Alto
10004760617,DEL CASTILLO PAREDES ALBERTO ENRIQUE,DEL CASTILLO PAREDES ENRIQUE,2022,TACNA,29/04/1993,15/06/1993,1993.0,29.0,0,2007,15,1,1,100000.0,1,1.0,1.0,PERSONA NATURAL CON NEGOCIO,ACTIVO,HABIDO,,TACNA/TACNA/TACNA,Principal - 4390 - OTRAS ACTIVIDADES ESPECIALIZADAS DE CONSTRUCCIÓN,3.0,"Principal - 4390 - OTRAS ACTIVIDADES ESPECIALIZADAS DE CONSTRUCCIÓN | Secundaria 1 - 4923 - TRANSPORTE DE CARGA POR CARRETERA | Secundaria 2 - 4711 - VENTA AL POR MENOR EN COMERCIOS NO ESPECIALIZADOS CON PREDOMINIO DE LA VENTA DE ALIMENTOS, BEBIDAS O TABACO",3,1,0,0,23/09/2026 22:05,1,1,1,67.3,Alto
20119916705,IMELEC S.R.L.,IMELEC S.R.L.,2022,TACNA,06/02/1995,12/03/1993,1993.0,29.0,0,2018,4,1,1,500000.0,1,1.0,1.0,SOC.COM.RESPONS. LTDA,ACTIVO,HABIDO,,AREQUIPA/AREQUIPA/AREQUIPA,Principal - 4290 - CONSTRUCCIÓN DE OTRAS OBRAS DE INGENIERÍA CIVIL,3.0,"Principal - 4290 - CONSTRUCCIÓN DE OTRAS OBRAS DE INGENIERÍA CIVIL | Secundaria 1 - 7730 - ALQUILER Y ARRENDAMIENTO DE OTROS TIPOS DE MAQUINARIA, EQUIPO Y BIENES TANGIBLES | Secundaria 2 - 4663 - VENTA AL POR MAYOR DE MATERIALES DE CONSTRUCCIÓN, ARTÍCULOS DE FERRETERÍA Y EQUIPO Y MATERIALES DE FONTANERÍA Y CALEFACCIÓN",1,0,0,0,23/09/2026 22:08,1,1,1,67.3,Alto
20218090550,CORPORACION EJECUTORA DE OBRAS S.A.C.,CEDOSAC,2022,TACNA,13/04/1994,12/04/1994,1994.0,28.0,0,2007,15,2,1,100000.0,2,2.0,1.0,SOCIEDAD ANONIMA CERRADA,ACTIVO,HABIDO,,LIMA/LIMA/MIRAFLORES,Principal - 4100 - CONSTRUCCIÓN DE EDIFICIOS,1.0,Principal - 4100 - CONSTRUCCIÓN DE EDIFICIOS,0,0,0,0,23/09/2026 22:09,1,1,1,67.3,Alto
20232650444,FALCON CONSULTORES Y CONSTRUCTORES SRLTD,FALCON GROUP,2022,TACNA,04/04/1995,17/03/1995,1995.0,27.0,0,2012,10,1,3,100000.0,1,1.0,1.0,SOC.COM.RESPONS. LTDA,ACTIVO,HABIDO,,PROV. CONST. DEL CALLAO/PROV. CONST. DEL CALLAO/VENTANILLA,Principal - 4100 - CONSTRUCCIÓN DE EDIFICIOS,3.0,Principal - 4100 - CONSTRUCCIÓN DE EDIFICIOS | Secundaria 1 - 7020 - ACTIVIDADES DE CONSULTORÍA DE GESTIÓN | Secundaria 2 - 7110 - ACTIVIDADES DE ARQUITECTURA E INGENIERÍA Y ACTIVIDADES CONEXAS DE CONSULTORÍA TÉCNICA,2,0,0,0,23/09/2026 22:09,1,1,1,67.3,Alto
20268887785,CVJ CONTRATISTAS GENERALES S.R.L.,-,2022,TACNA,04/07/1995,04/07/1995,1995.0,27.0,0,2006,16,1,2,400000.0,1,1.0,1.0,SOC.COM.RESPONS. LTDA,ACTIVO,HABIDO,,PROV. CONST. DEL CALLAO/PROV. CONST. DEL CALLAO/CALLAO,Principal - 4290 - CONSTRUCCIÓN DE OTRAS OBRAS DE INGENIERÍA CIVIL,1.0,Principal - 4290 - CONSTRUCCIÓN DE OTRAS OBRAS DE INGENIERÍA CIVIL,1,0,0,0,23/09/2026 22:09,1,1,1,67.3,Alto
20363610936,SIPA CONTRATISTAS GENERALES S.R.L.,SIPA CONTRATISTAS GENERALES,2022,TACNA,14/11/1997,14/11/1997,1997.0,25.0,0,2014,8,1,2,450000.0,1,1.0,1.0,SOC.COM.RESPONS. LTDA,ACTIVO,HABIDO,,PUNO/SAN ROMAN/JULIACA,Principal - 4220 - CONSTRUCCIÓN DE PROYECTOS DE SERVICIO PÚBLICO,3.0,Principal - 4220 - CONSTRUCCIÓN DE PROYECTOS DE SERVICIO PÚBLICO | Secundaria 1 - 4923 - TRANSPORTE DE CARGA POR CARRETERA | Secundaria 2 - 4321 - INSTALACIONES ELÉCTRICAS,1,0,0,0,23/09/2026 22:11,1,1,1,67.3,Alto
20406330495,NAZRA CONSTRUCTORES S.R.L.,-,2022,TACNA,04/02/2003,04/02/2003,2003.0,19.0,0,2021,1,3,1,100000.0,3,3.0,1.0,SOC.COM.RESPONS. LTDA,ACTIVO,HABIDO,,LIMA/LIMA/SAN JUAN DE MIRAFLORES,Principal - 4100 - CONSTRUCCIÓN DE EDIFICIOS,3.0,"Principal - 4100 - CONSTRUCCIÓN DE EDIFICIOS | Secundaria 1 - 7730 - ALQUILER Y ARRENDAMIENTO DE OTROS TIPOS DE MAQUINARIA, EQUIPO Y BIENES TANGIBLES | Secundaria 2 - 4651 - VENTA AL POR MAYOR DE ORDENADORES, EQUIPO PERIFÉRICO Y PROGRAMAS DE INFORMÁTICA",0,0,0,0,23/09/2026 22:14,1,1,1,67.3,Alto
20447647096,CONSTRUCTORA SURUPANA S.A.C.,-,2022,TACNA,11/04/2006,01/05/2006,2006.0,16.0,0,2017,5,2,1,186644598.75,2,0.0,0.0,SOCIEDAD ANONIMA CERRADA,ACTIVO,HABIDO,,PUNO/SAN ROMAN/JULIACA,Principal - 4923 - TRANSPORTE DE CARGA POR CARRETERA,3.0,"Principal - 4923 - TRANSPORTE DE CARGA POR CARRETERA | Secundaria 1 - 7730 - ALQUILER Y ARRENDAMIENTO DE OTROS TIPOS DE MAQUINARIA, EQUIPO Y BIENES TANGIBLES | Secundaria 2 - 4100 - CONSTRUCCIÓN DE EDIFICIOS",1,0,0,0,23/09/2026 22:17,1,1,1,67.3,Alto
20447781655,SICMA SOCIEDAD ANONIMA CERRADA,SICMA S.A.C.,2022,TACNA,13/07/2007,13/07/2007,2007.0,15.0,0,2019,3,2,1,337896386.62,2,0.0,0.0,SOCIEDAD ANONIMA CERRADA,ACTIVO,HABIDO,,AREQUIPA/AREQUIPA/CERRO COLORADO,Principal - 4100 - CONSTRUCCIÓN DE EDIFICIOS,3.0,"Principal - 4100 - CONSTRUCCIÓN DE EDIFICIOS | Secundaria 1 - 7730 - ALQUILER Y ARRENDAMIENTO DE OTROS TIPOS DE MAQUINARIA, EQUIPO Y BIENES TANGIBLES | Secundaria 2 - 4663 - VENTA AL POR MAYOR DE MATERIALES DE CONSTRUCCIÓN, ARTÍCULOS DE FERRETERÍA Y EQUIPO Y MATERIALES DE FONTANERÍA Y CALEFACCIÓN",1,0,0,0,23/09/2026 22:18,1,1,1,67.3,Alto
20448245668,CONTRATISTAS GENERALES & MINERIA L Y R S.A.C.,-,2022,TACNA,15/12/2010,15/12/2010,2010.0,12.0,0,2018,4,1,1,100000.0,1,1.0,1.0,SOCIEDAD ANONIMA CERRADA,ACTIVO,NO HABIDO,,LIMA/LIMA/SAN ISIDRO,"Principal - 7730 - ALQUILER Y ARRENDAMIENTO DE OTROS TIPOS DE MAQUINARIA, EQUIPO Y BIENES TANGIBLES",3.0,"Principal - 7730 - ALQUILER Y ARRENDAMIENTO DE OTROS TIPOS DE MAQUINARIA, EQUIPO Y BIENES TANGIBLES | Secundaria 1 - 4100 - CONSTRUCCIÓN DE EDIFICIOS | Secundaria 2 - 4923 - TRANSPORTE DE CARGA POR CARRETERA",2,1,0,0,23/09/2026 22:18,1,1,1,67.3,Alto
20449384050,ENRIQUE DEL CASTILLO SOCIEDAD COMERCIAL DE RESPONSABILIDAD LIMITADA - EDELCA S.R.L.,-,2022,TACNA,10/06/2013,10/06/2013,2013.0,9.0,0,2017,5,1,1,100000.0,1,1.0,1.0,SOC.COM.RESPONS. LTDA,ACTIVO,HABIDO,,LIMA/LIMA/SAN BORJA,Principal - 4100 - CONSTRUCCIÓN DE EDIFICIOS,2.0,"Principal - 4100 - CONSTRUCCIÓN DE EDIFICIOS | Secundaria 1 - 4663 - VENTA AL POR MAYOR DE MATERIALES DE CONSTRUCCIÓN, ARTÍCULOS DE FERRETERÍA Y EQUIPO Y MATERIALES DE FONTANERÍA Y CALEFACCIÓN",1,0,0,0,23/09/2026 22:18,1,1,1,67.3,Alto
20507991662,MVR INGENIERIA Y CONSTRUCCION S.A.C.,-,2022,TACNA,30/01/2020,01/02/2020,2020.0,2.0,0,2009,13,1,2,47033522.59,1,0.0,0.0,SOCIEDAD ANONIMA CERRADA,ACTIVO,HABIDO,,LIMA/LIMA/SAN LUIS,Principal - 4100 - CONSTRUCCIÓN DE EDIFICIOS,3.0,"Principal - 4100 - CONSTRUCCIÓN DE EDIFICIOS | Secundaria 1 - 7730 - ALQUILER Y ARRENDAMIENTO DE OTROS TIPOS DE MAQUINARIA, EQUIPO Y BIENES TANGIBLES | Secundaria 2 - 4210 - CONSTRUCCIÓN DE CARRETERAS Y VÍAS DE FERROCARRIL",0,0,0,0,23/09/2026 22:38,1,1,1,67.3,Alto
20532656347,OCRAM_29 GEIN SOCIEDAD COMERCIAL DE RESPONSABILIDAD LIMITADA,OCRAM_29 GEIN S.R.L,2022,TACNA,10/02/2011,14/02/2011,2011.0,11.0,0,2018,4,3,1,100000.0,3,3.0,1.0,SOC.COM.RESPONS. LTDA,ACTIVO,HABIDO,,LIMA/LIMA/MIRAFLORES,Principal - 4100 - CONSTRUCCIÓN DE EDIFICIOS,3.0,"Principal - 4100 - CONSTRUCCIÓN DE EDIFICIOS | Secundaria 1 - 4923 - TRANSPORTE DE CARGA POR CARRETERA | Secundaria 2 - 7730 - ALQUILER Y ARRENDAMIENTO DE OTROS TIPOS DE MAQUINARIA, EQUIPO Y BIENES TANGIBLES",0,0,0,0,23/09/2026 22:48,1,1,1,67.3,Alto
20542703483,INCOGAR GRUPO CONSTRUCTOR SOCIEDAD ANONIMA CERRADA,-,2022,TACNA,15/08/2014,15/08/2014,2014.0,8.0,0,2021,1,1,1,100000.0,1,1.0,1.0,SOCIEDAD ANONIMA CERRADA,ACTIVO,HABIDO,,AREQUIPA/AREQUIPA/PAUCARPATA,Principal - 4290 - CONSTRUCCIÓN DE OTRAS OBRAS DE INGENIERÍA CIVIL,3.0,"Principal - 4290 - CONSTRUCCIÓN DE OTRAS OBRAS DE INGENIERÍA CIVIL | Secundaria 1 - 7730 - ALQUILER Y ARRENDAMIENTO DE OTROS TIPOS DE MAQUINARIA, EQUIPO Y BIENES TANGIBLES | Secundaria 2 - 7110 - ACTIVIDADES DE ARQUITECTURA E INGENIERÍA Y ACTIVIDADES CONEXAS DE CONSULTORÍA TÉCNICA",1,0,0,0,23/09/2026 22:56,1,1,1,67.3,Alto
20565699955,CONSTRUCTORA RMI EMPRESA INDIVIDUAL DE RESPONSABILIDAD LIMITADA - CONSTRUCTORA RMI E.I.R.L.,-,2022,TACNA,29/09/2014,29/09/2014,2014.0,8.0,0,2022,0,1,1,40724784.93,1,0.0,0.0,EMPRESA INDIVIDUAL DE RESP. LTDA,ACTIVO,HABIDO,,LIMA/LIMA/SAN JUAN DE LURIGANCHO,Principal - 4100 - CONSTRUCCIÓN DE EDIFICIOS,1.0,Principal - 4100 - CONSTRUCCIÓN DE EDIFICIOS,0,0,0,0,23/09/2026 22:59,1,1,1,67.3,Alto
20600426975,CHRONOS INGENIEROS S.A.C.,-,2022,TACNA,04/06/2015,04/06/2015,2015.0,7.0,0,2022,0,2,1,100000.0,2,2.0,1.0,SOCIEDAD ANONIMA CERRADA,ACTIVO,HABIDO,,LIMA/LIMA/MIRAFLORES,Principal - 4100 - CONSTRUCCIÓN DE EDIFICIOS,3.0,"Principal - 4100 - CONSTRUCCIÓN DE EDIFICIOS | Secundaria 1 - 7110 - ACTIVIDADES DE ARQUITECTURA E INGENIERÍA Y ACTIVIDADES CONEXAS DE CONSULTORÍA TÉCNICA | Secundaria 2 - 4772 - VENTA AL POR MENOR DE PRODUCTOS FARMACÉUTICOS Y MÉDICOS, COSMÉTICOS Y ARTÍCULOS DE TOCADOR EN COMERCIOS ESPECIALIZADOS",2,0,0,0,23/09/2026 23:08,1,1,1,67.3,Alto
20601016347,ALTICA CONSTRUCCIONES S.R.L.,-,2022,TACNA,17/02/2016,17/02/2016,2016.0,6.0,0,2016,6,1,1,60947215.0,1,0.0,0.0,SOC.COM.RESPONS. LTDA,ACTIVO,HABIDO,,TACNA/TACNA/POCOLLAY,Principal - 4100 - CONSTRUCCIÓN DE EDIFICIOS,3.0,"Principal - 4100 - CONSTRUCCIÓN DE EDIFICIOS | Secundaria 1 - 4210 - CONSTRUCCIÓN DE CARRETERAS Y VÍAS DE FERROCARRIL | Secundaria 2 - 7730 - ALQUILER Y ARRENDAMIENTO DE OTROS TIPOS DE MAQUINARIA, EQUIPO Y BIENES TANGIBLES",1,0,0,0,23/09/2026 23:11,1,1,1,67.3,Alto
20601771641,GENUS SVC S.A.C.,-,2022,TACNA,03/01/2017,03/01/2017,2017.0,5.0,0,2017,5,1,1,1369406455.98,1,0.0,0.0,SOCIEDAD ANONIMA CERRADA,ACTIVO,HABIDO,,LIMA/LIMA/COMAS,Principal - 4100 - CONSTRUCCIÓN DE EDIFICIOS,3.0,"Principal - 4100 - CONSTRUCCIÓN DE EDIFICIOS | Secundaria 1 - 7730 - ALQUILER Y ARRENDAMIENTO DE OTROS TIPOS DE MAQUINARIA, EQUIPO Y BIENES TANGIBLES | Secundaria 2 - 2395 - FABRICACIÓN DE ARTÍCULOS DE HORMIGÓN, CEMENTO Y YESO",0,0,0,0,23/09/2026 23:14,1,1,1,67.3,Alto
20409278753,GLOBAL MAQ EMPRESA INDIVIDUAL DE RESPONSABILIDAD LIMITADA,-,2022,TUMBES,29/03/2011,29/03/2011,2011.0,11.0,0,2020,2,1,1,500000.0,1,1.0,1.0,EMPRESA INDIVIDUAL DE RESP. LTDA,ACTIVO,HABIDO,,TUMBES/ZARUMILLA/ZARUMILLA,Principal - 4100 - CONSTRUCCIÓN DE EDIFICIOS,3.0,Principal - 4100 - CONSTRUCCIÓN DE EDIFICIOS | Secundaria 1 - 4290 - CONSTRUCCIÓN DE OTRAS OBRAS DE INGENIERÍA CIVIL | Secundaria 2 - 3700 - EVACUACIÓN DE AGUAS RESIDUALES,0,0,0,0,23/09/2026 22:15,1,1,1,76.1,Muy alto
20409285024,GEREVARO CONSTRUCCIONES Y SERVICIOS GENERALES E.I.R.L.,GEREVARO CONSSERG E.I.R.L.,2022,TUMBES,30/03/2010,14/05/2010,2010.0,12.0,0,2018,4,1,1,1568789.71,1,1.0,1.0,EMPRESA INDIVIDUAL DE RESP. LTDA,ACTIVO,HABIDO,,TUMBES/TUMBES/TUMBES,Principal - 4100 - CONSTRUCCIÓN DE EDIFICIOS,3.0,Principal - 4100 - CONSTRUCCIÓN DE EDIFICIOS | Secundaria 1 - 3312 - REPARACIÓN DE MAQUINARIA | Secundaria 2 - 4290 - CONSTRUCCIÓN DE OTRAS OBRAS DE INGENIERÍA CIVIL,0,0,0,0,23/09/2026 22:15,1,1,1,76.1,Muy alto
20409366024,GRUPO ARU CONTRATISTAS GENERALES EMPRESA INDIVIDUAL DE RESPONSABILIDAD LIMITADA,-,2022,TUMBES,13/10/2011,24/08/2012,2012.0,10.0,0,2022,0,1,1,100000.0,1,1.0,1.0,EMPRESA INDIVIDUAL DE RESP. LTDA,ACTIVO,HABIDO,,TUMBES/TUMBES/TUMBES,Principal - 4290 - CONSTRUCCIÓN DE OTRAS OBRAS DE INGENIERÍA CIVIL,3.0,Principal - 4290 - CONSTRUCCIÓN DE OTRAS OBRAS DE INGENIERÍA CIVIL | Secundaria 1 - 4690 - VENTA AL POR MAYOR NO ESPECIALIZADA | Secundaria 2 - 4773 - VENTA AL POR MENOR DE OTROS PRODUCTOS NUEVOS EN COMERCIOS ESPECIALIZADOS,0,0,0,0,23/09/2026 22:16,1,1,1,76.1,Muy alto
20409401113,PROYECTOS Y CONSTRUCCIONES TUMBES E.I.R.L,-,2022,TUMBES,16/10/2015,16/10/2015,2015.0,7.0,0,2022,0,1,1,500000.0,1,0.0,0.0,EMPRESA INDIVIDUAL DE RESP. LTDA,ACTIVO,HABIDO,,TUMBES/TUMBES/TUMBES,Principal - 4100 - CONSTRUCCIÓN DE EDIFICIOS,3.0,Principal - 4100 - CONSTRUCCIÓN DE EDIFICIOS | Secundaria 1 - 4330 - TERMINACIÓN Y ACABADO DE EDIFICIOS | Secundaria 2 - 4390 - OTRAS ACTIVIDADES ESPECIALIZADAS DE CONSTRUCCIÓN,0,0,0,0,23/09/2026 22:16,1,1,1,76.1,Muy alto
20409462091,CORPORATIVO MARALEX SOCIEDAD COMERCIAL DE RESPONSABILIDAD LIMITADA,-,2022,TUMBES,04/06/2018,04/06/2018,2018.0,4.0,0,2022,0,1,1,100000.0,1,1.0,1.0,SOC.COM.RESPONS. LTDA,ACTIVO,HABIDO,,TUMBES/CONTRALMIRANTE VILLAR/ZORRITOS,Principal - 4100 - CONSTRUCCIÓN DE EDIFICIOS,1.0,Principal - 4100 - CONSTRUCCIÓN DE EDIFICIOS,0,0,0,0,23/09/2026 22:16,1,1,1,76.1,Muy alto
20409472991,EMPRESA CONSTRUCTORA ADRIDAR EMPRESA INDIVIDUAL DE RESPONSABILIDAD LIMITADA,-,2022,TUMBES,18/02/2014,18/02/2014,2014.0,8.0,0,2022,0,1,1,100000.0,1,1.0,1.0,EMPRESA INDIVIDUAL DE RESP. LTDA,BAJA DE OFICIO,HABIDO,31/01/2025,TUMBES/CONTRALMIRANTE VILLAR/CASITAS,Principal - 3900 - ACTIVIDADES DE DESCONTAMINACIÓN Y OTROS SERVICIOS DE GESTIÓN DE DESECHOS,2.0,Principal - 3900 - ACTIVIDADES DE DESCONTAMINACIÓN Y OTROS SERVICIOS DE GESTIÓN DE DESECHOS | Secundaria 1 - 4100 - CONSTRUCCIÓN DE EDIFICIOS,0,0,0,0,23/09/2026 22:16,1,1,1,76.1,Muy alto
20409473700,ELG4TOO S.R.L,-,2022,TUMBES,25/02/2014,25/02/2014,2014.0,8.0,0,2016,6,1,1,100000.0,1,1.0,1.0,SOC.COM.RESPONS. LTDA,ACTIVO,HABIDO,,TUMBES/TUMBES/TUMBES,Principal - 4290 - CONSTRUCCIÓN DE OTRAS OBRAS DE INGENIERÍA CIVIL,3.0,Principal - 4290 - CONSTRUCCIÓN DE OTRAS OBRAS DE INGENIERÍA CIVIL | Secundaria 1 - 4312 - PREPARACIÓN DEL TERRENO | Secundaria 2 - 4100 - CONSTRUCCIÓN DE EDIFICIOS,0,0,0,0,23/09/2026 22:16,1,1,1,76.1,Muy alto
20409487913,EMPRESA CONSTRUCTORA Y SERVICIOS EN GENERAL R & B S.R.L.,-,2022,TUMBES,16/06/2014,16/06/2014,2014.0,8.0,0,2019,3,1,1,4982935.61,1,0.0,0.0,SOC.COM.RESPONS. LTDA,ACTIVO,HABIDO,,TUMBES/TUMBES/TUMBES,Principal - 4100 - CONSTRUCCIÓN DE EDIFICIOS,3.0,Principal - 4100 - CONSTRUCCIÓN DE EDIFICIOS | Secundaria 1 - 4290 - CONSTRUCCIÓN DE OTRAS OBRAS DE INGENIERÍA CIVIL | Secundaria 2 - 3311 - REPARACIÓN DE PRODUCTOS ELABORADOS DE METAL,0,0,0,0,23/09/2026 22:16,1,1,1,76.1,Muy alto
20477216952,SENCON SERVICIOS NEGOCIOS Y CONSTRUCCION S.A.C.,-,2022,TUMBES,03/04/2019,03/04/2019,2019.0,3.0,0,2022,0,1,1,6853566.12,1,1.0,1.0,SOCIEDAD ANONIMA CERRADA,ACTIVO,HABIDO,,LA LIBERTAD/TRUJILLO/TRUJILLO,Principal - 7110 - ACTIVIDADES DE ARQUITECTURA E INGENIERÍA Y ACTIVIDADES CONEXAS DE CONSULTORÍA TÉCNICA,3.0,Principal - 7110 - ACTIVIDADES DE ARQUITECTURA E INGENIERÍA Y ACTIVIDADES CONEXAS DE CONSULTORÍA TÉCNICA | Secundaria 1 - 4100 - CONSTRUCCIÓN DE EDIFICIOS | Secundaria 2 - 4923 - TRANSPORTE DE CARGA POR CARRETERA,0,0,0,0,23/09/2026 22:21,1,1,1,76.1,Muy alto
20481014612,FENIX CONTRATISTAS GENERALES S.A.C.,-,2022,TUMBES,22/10/2004,08/01/2005,2005.0,17.0,0,2010,12,1,1,450000.0,1,1.0,1.0,SOCIEDAD ANONIMA CERRADA,ACTIVO,HABIDO,,LA LIBERTAD/TRUJILLO/TRUJILLO,Principal - 4100 - CONSTRUCCIÓN DE EDIFICIOS,3.0,Principal - 4100 - CONSTRUCCIÓN DE EDIFICIOS | Secundaria 1 - 4210 - CONSTRUCCIÓN DE CARRETERAS Y VÍAS DE FERROCARRIL | Secundaria 2 - 4220 - CONSTRUCCIÓN DE PROYECTOS DE SERVICIO PÚBLICO,1,0,0,0,23/09/2026 22:23,1,1,1,76.1,Muy alto
20483789867,CONSTRUCTORA IDROGO S.R.L,CONSTRUCTORA IDROGO S.R.L.,2022,TUMBES,29/03/2001,01/04/2001,2001.0,21.0,0,2007,15,1,1,32768946.21,1,0.0,0.0,SOC.COM.RESPONS. LTDA,ACTIVO,HABIDO,,TUMBES/TUMBES/TUMBES,Principal - 4100 - CONSTRUCCIÓN DE EDIFICIOS,2.0,Principal - 4100 - CONSTRUCCIÓN DE EDIFICIOS | Secundaria 1 - 4390 - OTRAS ACTIVIDADES ESPECIALIZADAS DE CONSTRUCCIÓN,0,0,0,0,23/09/2026 22:26,1,1,1,76.1,Muy alto
20483981202,ICSA CONSTRUCTORES SOCIEDAD COMERCIAL DE RESPONSABILIDAD LIMITADA,-,2022,TUMBES,28/10/2002,28/10/2002,2002.0,20.0,0,2005,17,1,1,108341074.28,1,0.0,0.0,SOC.COM.RESPONS. LTDA,ACTIVO,HABIDO,,TUMBES/TUMBES/TUMBES,Principal - 4100 - CONSTRUCCIÓN DE EDIFICIOS,1.0,Principal - 4100 - CONSTRUCCIÓN DE EDIFICIOS,0,0,0,0,23/09/2026 22:26,1,1,1,76.1,Muy alto
20484022675,SERVICIOS COMERCIALES MERINO E.I.R.L.,SERCOMER EIRL,2022,TUMBES,03/03/2003,03/03/2003,2003.0,19.0,0,2022,0,1,1,24761094.74,1,0.0,0.0,EMPRESA INDIVIDUAL DE RESP. LTDA,ACTIVO,HABIDO,,PIURA/TALARA/PARIÑAS,Principal - 9609 - OTRAS ACTIVIDADES DE SERVICIOS PERSONALES N.C.P.,1.0,Principal - 9609 - OTRAS ACTIVIDADES DE SERVICIOS PERSONALES N.C.P.,0,0,0,0,23/09/2026 22:26,1,1,1,76.1,Muy alto
20484033952,CONSTRUCTORA MACIZA E.I.R.L.,-,2022,TUMBES,28/03/2003,28/03/2003,2003.0,19.0,0,2006,16,5,1,100000.0,5,5.0,1.0,EMPRESA INDIVIDUAL DE RESP. LTDA,ACTIVO,HABIDO,,TUMBES/ZARUMILLA/ZARUMILLA,Principal - 4100 - CONSTRUCCIÓN DE EDIFICIOS,3.0,Principal - 4100 - CONSTRUCCIÓN DE EDIFICIOS | Secundaria 1 - 4290 - CONSTRUCCIÓN DE OTRAS OBRAS DE INGENIERÍA CIVIL | Secundaria 2 - 4520 - MANTENIMIENTO Y REPARACIÓN DE VEHÍCULOS AUTOMOTORES,0,0,0,0,23/09/2026 22:26,1,1,1,76.1,Muy alto
20484206997,CONSTRUCTORA JORDAN SRL,-,2022,TUMBES,07/07/2004,07/07/2004,2004.0,18.0,0,2006,16,2,1,173050007.85,2,0.0,0.0,SOC.COM.RESPONS. LTDA,ACTIVO,HABIDO,,TUMBES/TUMBES/TUMBES,Principal - 4210 - CONSTRUCCIÓN DE CARRETERAS Y VÍAS DE FERROCARRIL,2.0,Principal - 4210 - CONSTRUCCIÓN DE CARRETERAS Y VÍAS DE FERROCARRIL | Secundaria 1 - 4390 - OTRAS ACTIVIDADES ESPECIALIZADAS DE CONSTRUCCIÓN,0,0,0,0,23/09/2026 22:26,1,1,1,76.1,Muy alto
20525413871,CONSTRUCCIONES VENTAS Y SERVICIOS OCTALIER EIRL,-,2022,TUMBES,06/12/2006,06/12/2006,2006.0,16.0,0,2008,14,2,1,65253488.02,2,0.0,0.0,EMPRESA INDIVIDUAL DE RESP. LTDA,ACTIVO,HABIDO,,TUMBES/TUMBES/TUMBES,Principal - 3314 - REPARACIÓN DE EQUIPO ELÉCTRICO,3.0,"Principal - 3314 - REPARACIÓN DE EQUIPO ELÉCTRICO | Secundaria 1 - 3600 - CAPTACIÓN, TRATAMIENTO Y DISTRIBUCIÓN DE AGUA | Secundaria 2 - 4100 - CONSTRUCCIÓN DE EDIFICIOS",0,0,0,0,23/09/2026 22:40,1,1,1,76.1,Muy alto
20525460950,SHEKINARAFA S.R.L. EN LIQUIDACION,-,2022,TUMBES,20/02/2007,22/02/2007,2007.0,15.0,0,2009,13,2,1,100000.0,2,2.0,1.0,SOC.COM.RESPONS. LTDA,BAJA DEFINITIVA,HABIDO,30/06/2026,TUMBES/TUMBES/TUMBES,Principal - 4100 - CONSTRUCCIÓN DE EDIFICIOS,3.0,"Principal - 4100 - CONSTRUCCIÓN DE EDIFICIOS | Secundaria 1 - 9609 - OTRAS ACTIVIDADES DE SERVICIOS PERSONALES N.C.P. | Secundaria 2 - 4752 - VENTA AL POR MENOR DE ARTÍCULOS DE FERRETERÍA, PINTURAS Y PRODUCTOS DE VIDRIO EN COMERCIOS ESPECIALIZADOS",1,0,0,0,23/09/2026 22:40,1,1,1,76.1,Muy alto
20600122526,BARI CONTRATISTAS S.A.C.,-,2022,TUMBES,09/02/2015,09/02/2015,2015.0,7.0,0,2018,4,1,1,100000.0,1,1.0,1.0,SOCIEDAD ANONIMA CERRADA,BAJA DE OFICIO,NO HABIDO,31/07/2025,LIMA/LIMA/SAN MARTIN DE PORRES,Principal - 4390 - OTRAS ACTIVIDADES ESPECIALIZADAS DE CONSTRUCCIÓN,3.0,"Principal - 4390 - OTRAS ACTIVIDADES ESPECIALIZADAS DE CONSTRUCCIÓN | Secundaria 1 - 4663 - VENTA AL POR MAYOR DE MATERIALES DE CONSTRUCCIÓN, ARTÍCULOS DE FERRETERÍA Y EQUIPO Y MATERIALES DE FONTANERÍA Y CALEFACCIÓN | Secundaria 2 - 4100 - CONSTRUCCIÓN DE EDIFICIOS",0,0,0,0,23/09/2026 23:06,1,1,1,76.1,Muy alto
20600588151,CORPORACION AXE CAPITAL S.R.L,-,2022,TUMBES,15/03/2022,15/03/2022,2022.0,0.0,0,2022,0,1,1,100000.0,1,1.0,1.0,SOC.COM.RESPONS. LTDA,SUSPENSION TEMPORAL,HABIDO,,TUMBES/CONTRALMIRANTE VILLAR/ZORRITOS,Principal - 4210 - CONSTRUCCIÓN DE CARRETERAS Y VÍAS DE FERROCARRIL,3.0,Principal - 4210 - CONSTRUCCIÓN DE CARRETERAS Y VÍAS DE FERROCARRIL | Secundaria 1 - 0122 - CULTIVO DE FRUTAS TROPICALES Y SUBTROPICALES | Secundaria 2 - 8121 - LIMPIEZA GENERAL DE EDIFICIOS,0,0,0,0,23/09/2026 23:09,1,1,1,76.1,Muy alto
20602371442,CHINA GEZHOUBA GROUP COMPANY LIMITED SUCURSAL PERU,CGGC SUCURSAL PERÚ,2022,TUMBES,15/08/2017,15/08/2017,2017.0,5.0,0,2020,2,1,2,100000.0,1,1.0,1.0,SUCURSALES O AG. DE EMP. EXTRANJ.,ACTIVO,HABIDO,,LIMA/LIMA/SAN ISIDRO,Principal - 4100 - CONSTRUCCIÓN DE EDIFICIOS,3.0,"Principal - 4100 - CONSTRUCCIÓN DE EDIFICIOS | Secundaria 1 - 7730 - ALQUILER Y ARRENDAMIENTO DE OTROS TIPOS DE MAQUINARIA, EQUIPO Y BIENES TANGIBLES | Secundaria 2 - 4663 - VENTA AL POR MAYOR DE MATERIALES DE CONSTRUCCIÓN, ARTÍCULOS DE FERRETERÍA Y EQUIPO Y MATERIALES DE FONTANERÍA Y CALEFACCIÓN",1,0,0,0,23/09/2026 23:16,1,1,1,76.1,Muy alto
20351699621,AGS CONTRATISTAS GENERALES E.I.R.L,-,2022,UCAYALI,04/08/1999,04/08/1999,1999.0,23.0,0,2006,16,1,1,100000.0,1,1.0,1.0,EMPRESA INDIVIDUAL DE RESP. LTDA,ACTIVO,HABIDO,,UCAYALI/CORONEL PORTILLO/CALLERIA,Principal - 4100 - CONSTRUCCIÓN DE EDIFICIOS,3.0,"Principal - 4100 - CONSTRUCCIÓN DE EDIFICIOS | Secundaria 1 - 4663 - VENTA AL POR MAYOR DE MATERIALES DE CONSTRUCCIÓN, ARTÍCULOS DE FERRETERÍA Y EQUIPO Y MATERIALES DE FONTANERÍA Y CALEFACCIÓN | Secundaria 2 - 4220 - CONSTRUCCIÓN DE PROYECTOS DE SERVICIO PÚBLICO",0,0,0,0,23/09/2026 22:10,1,1,1,66.6,Alto
20352127109,ALARCON VASQUEZ CONTRATISTAS GENERALES SRL,-,2022,UCAYALI,21/01/2026,21/01/2026,2026.0,,1,2005,17,1,1,100000.0,1,1.0,1.0,SOC.COM.RESPONS. LTDA,ACTIVO,PENDIENTE,,UCAYALI/CORONEL PORTILLO/CALLERIA,Principal - 4923 - TRANSPORTE DE CARGA POR CARRETERA,2.0,"Principal - 4923 - TRANSPORTE DE CARGA POR CARRETERA | Secundaria 1 - 4663 - VENTA AL POR MAYOR DE MATERIALES DE CONSTRUCCIÓN, ARTÍCULOS DE FERRETERÍA Y EQUIPO Y MATERIALES DE FONTANERÍA Y CALEFACCIÓN",0,0,0,0,23/09/2026 22:11,1,1,1,66.6,Alto
20352428648,J.P.C. INGENIEROS S.A.C.,J.P.C. INGENIEROS SAC,2022,UCAYALI,27/04/2001,27/04/2001,2001.0,21.0,0,2005,17,1,1,424371520.95,1,0.0,0.0,SOCIEDAD ANONIMA CERRADA,ACTIVO,HABIDO,,UCAYALI/CORONEL PORTILLO/CALLERIA,Principal - 4100 - CONSTRUCCIÓN DE EDIFICIOS,3.0,"Principal - 4100 - CONSTRUCCIÓN DE EDIFICIOS | Secundaria 1 - 4210 - CONSTRUCCIÓN DE CARRETERAS Y VÍAS DE FERROCARRIL | Secundaria 2 - 7730 - ALQUILER Y ARRENDAMIENTO DE OTROS TIPOS DE MAQUINARIA, EQUIPO Y BIENES TANGIBLES",2,0,0,0,23/09/2026 22:11,1,1,1,66.6,Alto
20378395152,CONSTRUCCIONES CIVILES Y PORTUARIAS S.A,CONSTRUCCIONES CIVILES Y PORTU,2022,UCAYALI,23/10/1997,02/10/1997,1997.0,25.0,0,2008,14,1,1,132443737.81,1,0.0,0.0,SOCIEDAD ANONIMA,ACTIVO,HABIDO,,LIMA/LIMA/LINCE,Principal - 4100 - CONSTRUCCIÓN DE EDIFICIOS,3.0,Principal - 4100 - CONSTRUCCIÓN DE EDIFICIOS | Secundaria 1 - 4210 - CONSTRUCCIÓN DE CARRETERAS Y VÍAS DE FERROCARRIL | Secundaria 2 - 4220 - CONSTRUCCIÓN DE PROYECTOS DE SERVICIO PÚBLICO,0,0,0,0,23/09/2026 22:11,1,1,1,66.6,Alto
20393281279,CONSTRUCTORA EL HALCON S.A.C.,-,2022,UCAYALI,18/07/2006,18/07/2006,2006.0,16.0,0,2011,11,2,1,65104449.14,2,0.0,0.0,SOCIEDAD ANONIMA CERRADA,ACTIVO,HABIDO,,UCAYALI/CORONEL PORTILLO/CALLERIA,Principal - 4100 - CONSTRUCCIÓN DE EDIFICIOS,1.0,Principal - 4100 - CONSTRUCCIÓN DE EDIFICIOS,1,0,0,0,23/09/2026 22:12,1,1,1,66.6,Alto
20393313146,CONSTRUCTORA SANTA ELENA SELVA S.A.C.,CONSE SELVA SAC,2022,UCAYALI,08/01/2007,01/02/2007,2007.0,15.0,0,2022,0,1,1,100000.0,1,1.0,1.0,SOCIEDAD ANONIMA CERRADA,ACTIVO,HABIDO,,UCAYALI/CORONEL PORTILLO/CALLERIA,Principal - 4390 - OTRAS ACTIVIDADES ESPECIALIZADAS DE CONSTRUCCIÓN,3.0,"Principal - 4390 - OTRAS ACTIVIDADES ESPECIALIZADAS DE CONSTRUCCIÓN | Secundaria 1 - 4663 - VENTA AL POR MAYOR DE MATERIALES DE CONSTRUCCIÓN, ARTÍCULOS DE FERRETERÍA Y EQUIPO Y MATERIALES DE FONTANERÍA Y CALEFACCIÓN | Secundaria 2 - 7020 - ACTIVIDADES DE CONSULTORÍA DE GESTIÓN",0,0,0,0,23/09/2026 22:12,1,1,1,66.6,Alto
20393336863,JP INGENIEROS CONTRATISTAS EIRL,-,2022,UCAYALI,22/03/2007,01/04/2007,2007.0,15.0,0,2022,0,1,1,32918265.58,1,0.0,0.0,EMPRESA INDIVIDUAL DE RESP. LTDA,ACTIVO,HABIDO,,UCAYALI/CORONEL PORTILLO/YARINACOCHA,Principal - 4100 - CONSTRUCCIÓN DE EDIFICIOS,3.0,Principal - 4100 - CONSTRUCCIÓN DE EDIFICIOS | Secundaria 1 - 4220 - CONSTRUCCIÓN DE PROYECTOS DE SERVICIO PÚBLICO | Secundaria 2 - 4210 - CONSTRUCCIÓN DE CARRETERAS Y VÍAS DE FERROCARRIL,0,0,0,0,23/09/2026 22:12,1,1,1,66.6,Alto
20393340208,DAYAN CONTRATISTAS S.A.C.,-,2022,UCAYALI,02/04/2007,02/04/2007,2007.0,15.0,0,2018,4,1,1,6041337.41,1,1.0,1.0,SOCIEDAD ANONIMA CERRADA,ACTIVO,HABIDO,,UCAYALI/CORONEL PORTILLO/CALLERIA,Principal - 4100 - CONSTRUCCIÓN DE EDIFICIOS,2.0,"Principal - 4100 - CONSTRUCCIÓN DE EDIFICIOS | Secundaria 1 - 4663 - VENTA AL POR MAYOR DE MATERIALES DE CONSTRUCCIÓN, ARTÍCULOS DE FERRETERÍA Y EQUIPO Y MATERIALES DE FONTANERÍA Y CALEFACCIÓN",0,0,0,0,23/09/2026 22:12,1,1,1,66.6,Alto
20393418321,N & L CONSTRUCTORAS GENERALES EIRL,-,2022,UCAYALI,17/03/2008,17/03/2008,2008.0,14.0,0,2012,10,1,1,123727596.21,1,0.0,0.0,EMPRESA INDIVIDUAL DE RESP. LTDA,ACTIVO,HABIDO,,UCAYALI/CORONEL PORTILLO/YARINACOCHA,Principal - 4220 - CONSTRUCCIÓN DE PROYECTOS DE SERVICIO PÚBLICO,3.0,Principal - 4220 - CONSTRUCCIÓN DE PROYECTOS DE SERVICIO PÚBLICO | Secundaria 1 - 4390 - OTRAS ACTIVIDADES ESPECIALIZADAS DE CONSTRUCCIÓN | Secundaria 2 - 4210 - CONSTRUCCIÓN DE CARRETERAS Y VÍAS DE FERROCARRIL,0,0,0,0,23/09/2026 22:12,1,1,1,66.6,Alto
20393523973,INVERSIONES & CONSTRUCCIONES FLOBA S.A.C.,INVECOSAC,2022,UCAYALI,07/02/2011,07/02/2011,2011.0,11.0,0,2022,0,1,1,15676580.0,1,0.0,0.0,SOCIEDAD ANONIMA CERRADA,ACTIVO,HABIDO,,UCAYALI/CORONEL PORTILLO/YARINACOCHA,Principal - 4923 - TRANSPORTE DE CARGA POR CARRETERA,3.0,"Principal - 4923 - TRANSPORTE DE CARGA POR CARRETERA | Secundaria 1 - 4210 - CONSTRUCCIÓN DE CARRETERAS Y VÍAS DE FERROCARRIL | Secundaria 2 - 7730 - ALQUILER Y ARRENDAMIENTO DE OTROS TIPOS DE MAQUINARIA, EQUIPO Y BIENES TANGIBLES",0,0,0,0,23/09/2026 22:12,1,1,1,66.6,Alto
20393667894,CONSTRUCTORA Y SERVICIOS GENERALES JJT S.R.L.,COSERGE JJT S.R.L.,2022,UCAYALI,25/02/2011,25/02/2011,2011.0,11.0,0,2015,7,1,1,32380654.84,1,0.0,0.0,SOC.COM.RESPONS. LTDA,ACTIVO,HABIDO,,UCAYALI/CORONEL PORTILLO/YARINACOCHA,"Principal - 7730 - ALQUILER Y ARRENDAMIENTO DE OTROS TIPOS DE MAQUINARIA, EQUIPO Y BIENES TANGIBLES",3.0,"Principal - 7730 - ALQUILER Y ARRENDAMIENTO DE OTROS TIPOS DE MAQUINARIA, EQUIPO Y BIENES TANGIBLES | Secundaria 1 - 0810 - EXTRACCIÓN DE PIEDRA, ARENA Y ARCILLA | Secundaria 2 - 4210 - CONSTRUCCIÓN DE CARRETERAS Y VÍAS DE FERROCARRIL",1,0,0,0,23/09/2026 22:13,1,1,1,66.6,Alto
20501522601,CORPORACION TAF & B S.A.C.,TAF & B S.A.C.,2022,UCAYALI,18/01/2001,15/03/2001,2001.0,21.0,0,2009,13,1,1,33928271.73,1,0.0,0.0,SOCIEDAD ANONIMA CERRADA,ACTIVO,HABIDO,,UCAYALI/CORONEL PORTILLO/YARINACOCHA,Principal - 4923 - TRANSPORTE DE CARGA POR CARRETERA,3.0,Principal - 4923 - TRANSPORTE DE CARGA POR CARRETERA | Secundaria 1 - 4100 - CONSTRUCCIÓN DE EDIFICIOS | Secundaria 2 - 4220 - CONSTRUCCIÓN DE PROYECTOS DE SERVICIO PÚBLICO,1,0,0,0,23/09/2026 22:37,1,1,1,66.6,Alto
20523013603,DESIAL S.A.C.,-,2022,UCAYALI,26/08/2009,02/09/2009,2009.0,13.0,0,2016,6,1,1,16748600.78,1,0.0,0.0,SOCIEDAD ANONIMA CERRADA,ACTIVO,HABIDO,,UCAYALI/CORONEL PORTILLO/CALLERIA,Principal - 4100 - CONSTRUCCIÓN DE EDIFICIOS,3.0,"Principal - 4100 - CONSTRUCCIÓN DE EDIFICIOS | Secundaria 1 - 7730 - ALQUILER Y ARRENDAMIENTO DE OTROS TIPOS DE MAQUINARIA, EQUIPO Y BIENES TANGIBLES | Secundaria 2 - 4210 - CONSTRUCCIÓN DE CARRETERAS Y VÍAS DE FERROCARRIL",1,0,0,0,23/09/2026 22:40,1,1,1,66.6,Alto
20542049228,CORPORATION OF DEVELOPMENT AND TECHNOLOGY S.A.C. - CODETECH S.A.C.,CODETECH S.A.C.,2022,UCAYALI,25/11/2010,08/01/2012,2012.0,10.0,0,2017,5,1,2,100000.0,1,1.0,1.0,SOCIEDAD ANONIMA CERRADA,ACTIVO,HABIDO,,ANCASH/HUARAZ/INDEPENDENCIA,Principal - 4100 - CONSTRUCCIÓN DE EDIFICIOS,3.0,"Principal - 4100 - CONSTRUCCIÓN DE EDIFICIOS | Secundaria 1 - 7020 - ACTIVIDADES DE CONSULTORÍA DE GESTIÓN | Secundaria 2 - 4752 - VENTA AL POR MENOR DE ARTÍCULOS DE FERRETERÍA, PINTURAS Y PRODUCTOS DE VIDRIO EN COMERCIOS ESPECIALIZADOS",1,0,0,0,23/09/2026 22:54,1,1,1,66.6,Alto
20601888361,OSMIO CONSULTORES Y EJECUTORES S.A.C.,-,2022,UCAYALI,16/02/2017,16/02/2017,2017.0,5.0,0,2018,4,1,1,29829936.27,1,0.0,0.0,SOCIEDAD ANONIMA CERRADA,ACTIVO,HABIDO,,UCAYALI/CORONEL PORTILLO/YARINACOCHA,Principal - 4100 - CONSTRUCCIÓN DE EDIFICIOS,1.0,Principal - 4100 - CONSTRUCCIÓN DE EDIFICIOS,1,1,0,0,23/09/2026 23:15,1,1,1,66.6,Alto
10466648707,LIVAQUE ROJAS ALVARINO,AAA,2024,AMAZONAS,16/12/2014,01/12/2014,2014.0,10.0,0,2024,0,1,1,100000.0,1,1.0,1.0,PERSONA NATURAL CON NEGOCIO,ACTIVO,HABIDO,,AMAZONAS/UTCUBAMBA/BAGUA GRANDE,Principal - 7110 - ACTIVIDADES DE ARQUITECTURA E INGENIERÍA Y ACTIVIDADES CONEXAS DE CONSULTORÍA TÉCNICA,3.0,Principal - 7110 - ACTIVIDADES DE ARQUITECTURA E INGENIERÍA Y ACTIVIDADES CONEXAS DE CONSULTORÍA TÉCNICA | Secundaria 1 - 4100 - CONSTRUCCIÓN DE EDIFICIOS | Secundaria 2 - 4220 - CONSTRUCCIÓN DE PROYECTOS DE SERVICIO PÚBLICO,0,0,0,0,23/09/2026 22:07,1,1,1,49.0,Mediano alto
20479790303,COSACH S.R.L.,COSACH,2024,AMAZONAS,07/10/2004,02/11/2004,2004.0,20.0,0,2011,13,1,1,4237251.2,1,0.0,0.0,SOC.COM.RESPONS. LTDA,ACTIVO,HABIDO,,AMAZONAS/CHACHAPOYAS/CHACHAPOYAS,"Principal - 4663 - VENTA AL POR MAYOR DE MATERIALES DE CONSTRUCCIÓN, ARTÍCULOS DE FERRETERÍA Y EQUIPO Y MATERIALES DE FONTANERÍA Y CALEFACCIÓN",3.0,"Principal - 4663 - VENTA AL POR MAYOR DE MATERIALES DE CONSTRUCCIÓN, ARTÍCULOS DE FERRETERÍA Y EQUIPO Y MATERIALES DE FONTANERÍA Y CALEFACCIÓN | Secundaria 1 - 4290 - CONSTRUCCIÓN DE OTRAS OBRAS DE INGENIERÍA CIVIL | Secundaria 2 - 7730 - ALQUILER Y ARRENDAMIENTO DE OTROS TIPOS DE MAQUINARIA, EQUIPO Y BIENES TANGIBLES",0,0,0,0,23/09/2026 22:22,1,1,1,49.0,Mediano alto
20479808440,CORPORACIÓN YOPLAC & POLO E.I.R.L.,-,2024,AMAZONAS,20/12/2004,01/01/2005,2005.0,19.0,0,2011,13,1,1,100000.0,1,1.0,1.0,EMPRESA INDIVIDUAL DE RESP. LTDA,ACTIVO,HABIDO,,AMAZONAS/CHACHAPOYAS/CHACHAPOYAS,Principal - 4100 - CONSTRUCCIÓN DE EDIFICIOS,3.0,"Principal - 4100 - CONSTRUCCIÓN DE EDIFICIOS | Secundaria 1 - 7730 - ALQUILER Y ARRENDAMIENTO DE OTROS TIPOS DE MAQUINARIA, EQUIPO Y BIENES TANGIBLES | Secundaria 2 - 7110 - ACTIVIDADES DE ARQUITECTURA E INGENIERÍA Y ACTIVIDADES CONEXAS DE CONSULTORÍA TÉCNICA",0,0,0,0,23/09/2026 22:22,1,1,1,49.0,Mediano alto
20480059850,INCO PERU EIRL,-,2024,AMAZONAS,26/09/2006,26/09/2006,2006.0,18.0,0,2017,7,1,1,45177217.6,1,0.0,0.0,EMPRESA INDIVIDUAL DE RESP. LTDA,ACTIVO,HABIDO,,AMAZONAS/CHACHAPOYAS/CHACHAPOYAS,Principal - 4290 - CONSTRUCCIÓN DE OTRAS OBRAS DE INGENIERÍA CIVIL,3.0,"Principal - 4290 - CONSTRUCCIÓN DE OTRAS OBRAS DE INGENIERÍA CIVIL | Secundaria 1 - 4923 - TRANSPORTE DE CARGA POR CARRETERA | Secundaria 2 - 7730 - ALQUILER Y ARRENDAMIENTO DE OTROS TIPOS DE MAQUINARIA, EQUIPO Y BIENES TANGIBLES",1,0,0,0,23/09/2026 22:23,1,1,1,49.0,Mediano alto
20480113064,ARQUITECTURA Y CONSTRUCCION S.R.L.,ARKOM SRL,2024,AMAZONAS,24/01/2007,01/01/2007,2007.0,17.0,0,2011,13,1,1,54103903.0,1,0.0,0.0,SOC.COM.RESPONS. LTDA,ACTIVO,HABIDO,,AMAZONAS/RODRIGUEZ DE MENDOZA/SAN NICOLAS,Principal - 4100 - CONSTRUCCIÓN DE EDIFICIOS,3.0,"Principal - 4100 - CONSTRUCCIÓN DE EDIFICIOS | Secundaria 1 - 4390 - OTRAS ACTIVIDADES ESPECIALIZADAS DE CONSTRUCCIÓN | Secundaria 2 - 7730 - ALQUILER Y ARRENDAMIENTO DE OTROS TIPOS DE MAQUINARIA, EQUIPO Y BIENES TANGIBLES",0,0,0,0,23/09/2026 22:23,1,1,1,49.0,Mediano alto
20480123884,CONSULTORES Y CONSTRUCTORES M & M S.R.L.,-,2024,AMAZONAS,14/02/2007,01/02/2007,2007.0,17.0,0,2012,12,1,1,79462405.54,1,0.0,0.0,SOC.COM.RESPONS. LTDA,ACTIVO,HABIDO,,CAJAMARCA/JAEN/JAEN,Principal - 7110 - ACTIVIDADES DE ARQUITECTURA E INGENIERÍA Y ACTIVIDADES CONEXAS DE CONSULTORÍA TÉCNICA,2.0,Principal - 7110 - ACTIVIDADES DE ARQUITECTURA E INGENIERÍA Y ACTIVIDADES CONEXAS DE CONSULTORÍA TÉCNICA | Secundaria 1 - 4290 - CONSTRUCCIÓN DE OTRAS OBRAS DE INGENIERÍA CIVIL,1,0,0,0,23/09/2026 22:23,1,1,1,49.0,Mediano alto
20480427913,MR VILLAGE S.A.C.,-,2024,AMAZONAS,22/07/2008,22/07/2008,2008.0,16.0,0,2012,12,1,1,108198774.23,1,0.0,0.0,SOCIEDAD ANONIMA CERRADA,ACTIVO,HABIDO,,AMAZONAS/CHACHAPOYAS/CHACHAPOYAS,Principal - 4390 - OTRAS ACTIVIDADES ESPECIALIZADAS DE CONSTRUCCIÓN,3.0,Principal - 4390 - OTRAS ACTIVIDADES ESPECIALIZADAS DE CONSTRUCCIÓN | Secundaria 1 - 7110 - ACTIVIDADES DE ARQUITECTURA E INGENIERÍA Y ACTIVIDADES CONEXAS DE CONSULTORÍA TÉCNICA | Secundaria 2 - 3311 - REPARACIÓN DE PRODUCTOS ELABORADOS DE METAL,0,0,0,0,23/09/2026 22:23,1,1,1,49.0,Mediano alto
20480791305,CONSTRUCTORA DURANGO E.I.R.L.,-,2024,AMAZONAS,02/02/2010,01/02/2010,2010.0,14.0,0,2011,13,1,1,93620835.38,1,0.0,0.0,EMPRESA INDIVIDUAL DE RESP. LTDA,ACTIVO,HABIDO,,AMAZONAS/CHACHAPOYAS/CHACHAPOYAS,Principal - 4100 - CONSTRUCCIÓN DE EDIFICIOS,3.0,Principal - 4100 - CONSTRUCCIÓN DE EDIFICIOS | Secundaria 1 - 4923 - TRANSPORTE DE CARGA POR CARRETERA | Secundaria 2 - 4922 - OTRAS ACTIVIDADES DE TRANSPORTE POR VÍA TERRESTRE,1,0,0,0,23/09/2026 22:23,1,1,1,49.0,Mediano alto
20480836252,E & R2 CONTRATISTAS GENERALES S.A.C.,-,2024,AMAZONAS,05/04/2010,01/04/2010,2010.0,14.0,0,2012,12,1,1,258350662.01,1,0.0,0.0,SOCIEDAD ANONIMA CERRADA,ACTIVO,HABIDO,,AMAZONAS/CHACHAPOYAS/CHACHAPOYAS,Principal - 4100 - CONSTRUCCIÓN DE EDIFICIOS,3.0,"Principal - 4100 - CONSTRUCCIÓN DE EDIFICIOS | Secundaria 1 - 4663 - VENTA AL POR MAYOR DE MATERIALES DE CONSTRUCCIÓN, ARTÍCULOS DE FERRETERÍA Y EQUIPO Y MATERIALES DE FONTANERÍA Y CALEFACCIÓN | Secundaria 2 - 7730 - ALQUILER Y ARRENDAMIENTO DE OTROS TIPOS DE MAQUINARIA, EQUIPO Y BIENES TANGIBLES",0,0,0,0,23/09/2026 22:23,1,1,1,49.0,Mediano alto
20487499685,TUESTA CONSULTORES Y EJECUTORES E.I.R.L,-,2024,AMAZONAS,18/11/2010,01/11/2010,2010.0,14.0,0,2011,13,1,1,314873350.68,1,0.0,0.0,EMPRESA INDIVIDUAL DE RESP. LTDA,ACTIVO,HABIDO,,AMAZONAS/CHACHAPOYAS/CHACHAPOYAS,Principal - 7110 - ACTIVIDADES DE ARQUITECTURA E INGENIERÍA Y ACTIVIDADES CONEXAS DE CONSULTORÍA TÉCNICA,3.0,Principal - 7110 - ACTIVIDADES DE ARQUITECTURA E INGENIERÍA Y ACTIVIDADES CONEXAS DE CONSULTORÍA TÉCNICA | Secundaria 1 - 4100 - CONSTRUCCIÓN DE EDIFICIOS | Secundaria 2 - 4290 - CONSTRUCCIÓN DE OTRAS OBRAS DE INGENIERÍA CIVIL,0,0,0,0,23/09/2026 22:29,1,1,1,49.0,Mediano alto
20487976955,KUELAP D&C CONTRATISTAS GENERALES S.R.L.,-,2024,AMAZONAS,17/04/2012,01/04/2012,2012.0,12.0,0,2016,8,10,1,5759964.78,10,1.0,0.1,SOC.COM.RESPONS. LTDA,ACTIVO,HABIDO,,AMAZONAS/CHACHAPOYAS/CHACHAPOYAS,Principal - 4210 - CONSTRUCCIÓN DE CARRETERAS Y VÍAS DE FERROCARRIL,3.0,"Principal - 4210 - CONSTRUCCIÓN DE CARRETERAS Y VÍAS DE FERROCARRIL | Secundaria 1 - 7730 - ALQUILER Y ARRENDAMIENTO DE OTROS TIPOS DE MAQUINARIA, EQUIPO Y BIENES TANGIBLES | Secundaria 2 - 4923 - TRANSPORTE DE CARGA POR CARRETERA",0,0,0,0,23/09/2026 22:29,1,1,1,49.0,Mediano alto
20488071603,KIBE CONSTRUCCIONES GENERALES SAC,KIBECO,2024,AMAZONAS,18/07/2012,01/07/2012,2012.0,12.0,0,2017,7,1,1,188581437.9,1,0.0,0.0,SOCIEDAD ANONIMA CERRADA,ACTIVO,HABIDO,,LIMA/LIMA/JESUS MARIA,Principal - 4100 - CONSTRUCCIÓN DE EDIFICIOS,3.0,Principal - 4100 - CONSTRUCCIÓN DE EDIFICIOS | Secundaria 1 - 4290 - CONSTRUCCIÓN DE OTRAS OBRAS DE INGENIERÍA CIVIL | Secundaria 2 - 4923 - TRANSPORTE DE CARGA POR CARRETERA,0,0,0,0,23/09/2026 22:29,1,1,1,49.0,Mediano alto
20491560496,CONSULTORA Y EJECUTORA GRUPO GALVEZ SOCIEDAD ANONIMA CERRADA,GRUPO GALVEZ SAC,2024,AMAZONAS,20/05/2009,20/05/2009,2009.0,15.0,0,2024,0,1,2,173715252.66,1,0.0,0.0,SOCIEDAD ANONIMA CERRADA,ACTIVO,HABIDO,,LAMBAYEQUE/CHICLAYO/CHICLAYO,Principal - 4220 - CONSTRUCCIÓN DE PROYECTOS DE SERVICIO PÚBLICO,3.0,Principal - 4220 - CONSTRUCCIÓN DE PROYECTOS DE SERVICIO PÚBLICO | Secundaria 1 - 4330 - TERMINACIÓN Y ACABADO DE EDIFICIOS | Secundaria 2 - 4321 - INSTALACIONES ELÉCTRICAS,0,0,0,0,23/09/2026 22:32,1,1,1,49.0,Mediano alto
20491617439,SAN JOSE CONTRATISTAS Y SERVICIOS GENERALES SAC,-,2024,AMAZONAS,28/10/2009,01/11/2009,2009.0,15.0,0,2024,0,1,1,14933741.68,1,0.0,0.0,SOCIEDAD ANONIMA CERRADA,ACTIVO,HABIDO,,CAJAMARCA/CHOTA/CHOTA,Principal - 4390 - OTRAS ACTIVIDADES ESPECIALIZADAS DE CONSTRUCCIÓN,3.0,"Principal - 4390 - OTRAS ACTIVIDADES ESPECIALIZADAS DE CONSTRUCCIÓN | Secundaria 1 - 4210 - CONSTRUCCIÓN DE CARRETERAS Y VÍAS DE FERROCARRIL | Secundaria 2 - 7730 - ALQUILER Y ARRENDAMIENTO DE OTROS TIPOS DE MAQUINARIA, EQUIPO Y BIENES TANGIBLES",0,0,0,0,23/09/2026 22:32,1,1,1,49.0,Mediano alto
20495931472,KUNTUR WASI INGENIEROS S.R.L.,-,2024,AMAZONAS,09/11/2015,01/11/2015,2015.0,9.0,0,2024,0,1,2,1530984924.84,1,0.0,0.0,SOC.COM.RESPONS. LTDA,ACTIVO,HABIDO,,LIMA/LIMA/SAN JUAN DE LURIGANCHO,Principal - 4210 - CONSTRUCCIÓN DE CARRETERAS Y VÍAS DE FERROCARRIL,3.0,Principal - 4210 - CONSTRUCCIÓN DE CARRETERAS Y VÍAS DE FERROCARRIL | Secundaria 1 - 7110 - ACTIVIDADES DE ARQUITECTURA E INGENIERÍA Y ACTIVIDADES CONEXAS DE CONSULTORÍA TÉCNICA | Secundaria 2 - 4923 - TRANSPORTE DE CARGA POR CARRETERA,0,0,0,0,23/09/2026 22:36,1,1,1,49.0,Mediano alto
20510100604,HR & NE INVERSIONES E.I.R.L.,-,2024,AMAZONAS,17/01/2005,17/01/2005,2005.0,19.0,0,2024,0,1,1,100000.0,1,1.0,1.0,EMPRESA INDIVIDUAL DE RESP. LTDA,ACTIVO,HABIDO,,LIMA/LIMA/SAN MIGUEL,Principal - 4290 - CONSTRUCCIÓN DE OTRAS OBRAS DE INGENIERÍA CIVIL,3.0,Principal - 4290 - CONSTRUCCIÓN DE OTRAS OBRAS DE INGENIERÍA CIVIL | Secundaria 1 - 4923 - TRANSPORTE DE CARGA POR CARRETERA | Secundaria 2 - 4390 - OTRAS ACTIVIDADES ESPECIALIZADAS DE CONSTRUCCIÓN,0,0,0,0,23/09/2026 22:38,1,1,1,49.0,Mediano alto
20515869647,M & A EUROINVER S.A.C.,-,2024,AMAZONAS,02/05/2007,01/07/2007,2007.0,17.0,0,2024,0,1,1,100000.0,1,1.0,1.0,SOCIEDAD ANONIMA CERRADA,ACTIVO,HABIDO,,LIMA/LIMA/SAN MARTIN DE PORRES,Principal - 4390 - OTRAS ACTIVIDADES ESPECIALIZADAS DE CONSTRUCCIÓN,2.0,Principal - 4390 - OTRAS ACTIVIDADES ESPECIALIZADAS DE CONSTRUCCIÓN | Secundaria 1 - 4290 - CONSTRUCCIÓN DE OTRAS OBRAS DE INGENIERÍA CIVIL,0,0,0,0,23/09/2026 22:39,1,1,1,49.0,Mediano alto
20517623394,CORPORACION XIANY SOCIEDAD ANONIMA CERRADA,-,2024,AMAZONAS,26/11/2007,27/11/2007,2007.0,17.0,0,2011,13,1,1,100000.0,1,1.0,1.0,SOCIEDAD ANONIMA CERRADA,ACTIVO,HABIDO,,LIMA/LIMA/INDEPENDENCIA,"Principal - 7730 - ALQUILER Y ARRENDAMIENTO DE OTROS TIPOS DE MAQUINARIA, EQUIPO Y BIENES TANGIBLES",2.0,"Principal - 7730 - ALQUILER Y ARRENDAMIENTO DE OTROS TIPOS DE MAQUINARIA, EQUIPO Y BIENES TANGIBLES | Secundaria 1 - 4321 - INSTALACIONES ELÉCTRICAS",3,0,0,0,23/09/2026 22:39,1,1,1,49.0,Mediano alto
20531455313,CONSTRUCTORA GUERRERO EIRL,-,2024,AMAZONAS,09/02/2004,09/02/2004,2004.0,20.0,0,2013,11,1,2,450000.0,1,1.0,1.0,EMPRESA INDIVIDUAL DE RESP. LTDA,ACTIVO,HABIDO,,SAN MARTIN/MOYOBAMBA/MOYOBAMBA,Principal - 4220 - CONSTRUCCIÓN DE PROYECTOS DE SERVICIO PÚBLICO,3.0,Principal - 4220 - CONSTRUCCIÓN DE PROYECTOS DE SERVICIO PÚBLICO | Secundaria 1 - 7110 - ACTIVIDADES DE ARQUITECTURA E INGENIERÍA Y ACTIVIDADES CONEXAS DE CONSULTORÍA TÉCNICA | Secundaria 2 - 4210 - CONSTRUCCIÓN DE CARRETERAS Y VÍAS DE FERROCARRIL,2,0,0,0,23/09/2026 22:47,1,1,1,49.0,Mediano alto
20560168994,CONSTRUCTORA Y CONSULTORA INPERA S.A.C,-,2024,AMAZONAS,07/11/2014,07/11/2014,2014.0,10.0,0,2023,1,2,3,39727024.78,2,0.0,0.0,SOCIEDAD ANONIMA CERRADA,ACTIVO,HABIDO,,LAMBAYEQUE/LAMBAYEQUE/LAMBAYEQUE,Principal - 4100 - CONSTRUCCIÓN DE EDIFICIOS,3.0,Principal - 4100 - CONSTRUCCIÓN DE EDIFICIOS | Secundaria 1 - 4923 - TRANSPORTE DE CARGA POR CARRETERA | Secundaria 2 - 7110 - ACTIVIDADES DE ARQUITECTURA E INGENIERÍA Y ACTIVIDADES CONEXAS DE CONSULTORÍA TÉCNICA,0,0,0,0,23/09/2026 22:58,1,1,1,49.0,Mediano alto
20561239542,CONSTRUCCIONES RAYED SOCIEDAD COMERCIAL DE RESPONSABILIDAD LIMITADA,CONSTRUCCIONES RAYED SRL,2024,AMAZONAS,28/04/2014,01/04/2014,2014.0,10.0,0,2023,1,1,1,26401626.34,1,0.0,0.0,SOC.COM.RESPONS. LTDA,ACTIVO,HABIDO,,AMAZONAS/BAGUA/BAGUA,Principal - 4100 - CONSTRUCCIÓN DE EDIFICIOS,3.0,"Principal - 4100 - CONSTRUCCIÓN DE EDIFICIOS | Secundaria 1 - 4923 - TRANSPORTE DE CARGA POR CARRETERA | Secundaria 2 - 4663 - VENTA AL POR MAYOR DE MATERIALES DE CONSTRUCCIÓN, ARTÍCULOS DE FERRETERÍA Y EQUIPO Y MATERIALES DE FONTANERÍA Y CALEFACCIÓN",0,0,0,0,23/09/2026 22:58,1,1,1,49.0,Mediano alto
20561260070,P&F CONSTRUCTORA GENERAL E.I.R.L.,-,2024,AMAZONAS,22/05/2014,01/05/2014,2014.0,10.0,0,2017,7,1,1,100000.0,1,1.0,1.0,EMPRESA INDIVIDUAL DE RESP. LTDA,ACTIVO,HABIDO,,AMAZONAS/RODRIGUEZ DE MENDOZA/SAN NICOLAS,Principal - 4390 - OTRAS ACTIVIDADES ESPECIALIZADAS DE CONSTRUCCIÓN,3.0,"Principal - 4390 - OTRAS ACTIVIDADES ESPECIALIZADAS DE CONSTRUCCIÓN | Secundaria 1 - 7110 - ACTIVIDADES DE ARQUITECTURA E INGENIERÍA Y ACTIVIDADES CONEXAS DE CONSULTORÍA TÉCNICA | Secundaria 2 - 0810 - EXTRACCIÓN DE PIEDRA, ARENA Y ARCILLA",0,0,0,0,23/09/2026 22:58,1,1,1,49.0,Mediano alto
20570698304,GEOANDINA INVERSIONES & OBRAS S.R.L.,-,2024,AMAZONAS,13/07/2019,01/07/2019,2019.0,5.0,0,2024,0,1,2,42729554.8,1,0.0,0.0,SOC.COM.RESPONS. LTDA,ACTIVO,HABIDO,,LIMA/LIMA/LA MOLINA,Principal - 4210 - CONSTRUCCIÓN DE CARRETERAS Y VÍAS DE FERROCARRIL,3.0,"Principal - 4210 - CONSTRUCCIÓN DE CARRETERAS Y VÍAS DE FERROCARRIL | Secundaria 1 - 4663 - VENTA AL POR MAYOR DE MATERIALES DE CONSTRUCCIÓN, ARTÍCULOS DE FERRETERÍA Y EQUIPO Y MATERIALES DE FONTANERÍA Y CALEFACCIÓN | Secundaria 2 - 8020 - ACTIVIDADES DE SERVICIOS DE SISTEMAS DE SEGURIDAD",0,0,0,0,23/09/2026 23:01,1,1,1,49.0,Mediano alto
20600040040,CONSTRUCTORA Y CONSULTORA S.E & A SOCIEDAD COMERCIAL DE RESPONSABILIDAD LIMITADA,-,2024,AMAZONAS,07/01/2015,01/01/2015,2015.0,9.0,0,2024,0,1,1,1629595.2,1,0.0,0.0,SOC.COM.RESPONS. LTDA,ACTIVO,HABIDO,,AMAZONAS/CHACHAPOYAS/CHACHAPOYAS,Principal - 4390 - OTRAS ACTIVIDADES ESPECIALIZADAS DE CONSTRUCCIÓN,3.0,"Principal - 4390 - OTRAS ACTIVIDADES ESPECIALIZADAS DE CONSTRUCCIÓN | Secundaria 1 - 4663 - VENTA AL POR MAYOR DE MATERIALES DE CONSTRUCCIÓN, ARTÍCULOS DE FERRETERÍA Y EQUIPO Y MATERIALES DE FONTANERÍA Y CALEFACCIÓN | Secundaria 2 - 3100 - FABRICACIÓN DE MUEBLES",0,0,0,0,23/09/2026 23:05,1,1,1,49.0,Mediano alto
20600143051,REVASH EJECUTORES Y CONSULTORES S.R.L.,-,2024,AMAZONAS,16/02/2015,01/03/2015,2015.0,9.0,0,2016,8,1,1,7926197.9,1,0.0,0.0,SOC.COM.RESPONS. LTDA,ACTIVO,HABIDO,,AMAZONAS/CHACHAPOYAS/CHACHAPOYAS,Principal - 4390 - OTRAS ACTIVIDADES ESPECIALIZADAS DE CONSTRUCCIÓN,2.0,"Principal - 4390 - OTRAS ACTIVIDADES ESPECIALIZADAS DE CONSTRUCCIÓN | Secundaria 1 - 7730 - ALQUILER Y ARRENDAMIENTO DE OTROS TIPOS DE MAQUINARIA, EQUIPO Y BIENES TANGIBLES",1,0,0,0,23/09/2026 23:06,1,1,1,49.0,Mediano alto
20600147600,ALKALA INGENIERIA Y CONSTRUCCION E.I.R.L.,-,2024,AMAZONAS,17/02/2015,01/03/2015,2015.0,9.0,0,2021,3,1,1,14589703.92,1,0.0,0.0,EMPRESA INDIVIDUAL DE RESP. LTDA,ACTIVO,HABIDO,,AMAZONAS/CHACHAPOYAS/CHACHAPOYAS,Principal - 4290 - CONSTRUCCIÓN DE OTRAS OBRAS DE INGENIERÍA CIVIL,3.0,"Principal - 4290 - CONSTRUCCIÓN DE OTRAS OBRAS DE INGENIERÍA CIVIL | Secundaria 1 - 4663 - VENTA AL POR MAYOR DE MATERIALES DE CONSTRUCCIÓN, ARTÍCULOS DE FERRETERÍA Y EQUIPO Y MATERIALES DE FONTANERÍA Y CALEFACCIÓN | Secundaria 2 - 7730 - ALQUILER Y ARRENDAMIENTO DE OTROS TIPOS DE MAQUINARIA, EQUIPO Y BIENES TANGIBLES",0,0,0,0,23/09/2026 23:06,1,1,1,49.0,Mediano alto
20600197739,VELDIZ PERU S.A.C,-,2024,AMAZONAS,06/03/2015,01/03/2015,2015.0,9.0,0,2016,8,1,1,30763457.09,1,0.0,0.0,SOCIEDAD ANONIMA CERRADA,ACTIVO,HABIDO,,LAMBAYEQUE/CHICLAYO/CHICLAYO,Principal - 4210 - CONSTRUCCIÓN DE CARRETERAS Y VÍAS DE FERROCARRIL,3.0,"Principal - 4210 - CONSTRUCCIÓN DE CARRETERAS Y VÍAS DE FERROCARRIL | Secundaria 1 - 4923 - TRANSPORTE DE CARGA POR CARRETERA | Secundaria 2 - 7730 - ALQUILER Y ARRENDAMIENTO DE OTROS TIPOS DE MAQUINARIA, EQUIPO Y BIENES TANGIBLES",0,0,0,0,23/09/2026 23:07,1,1,1,49.0,Mediano alto
20600357248,CORPORACION VAKAR E.I.R.L.,CORPORACION VAKAR EIRL,2024,AMAZONAS,08/05/2015,08/05/2015,2015.0,9.0,0,2024,0,1,1,9658848.05,1,0.0,0.0,EMPRESA INDIVIDUAL DE RESP. LTDA,ACTIVO,HABIDO,,AMAZONAS/UTCUBAMBA/BAGUA GRANDE,Principal - 4100 - CONSTRUCCIÓN DE EDIFICIOS,2.0,"Principal - 4100 - CONSTRUCCIÓN DE EDIFICIOS | Secundaria 1 - 7730 - ALQUILER Y ARRENDAMIENTO DE OTROS TIPOS DE MAQUINARIA, EQUIPO Y BIENES TANGIBLES",0,0,0,0,23/09/2026 23:08,1,1,1,49.0,Mediano alto
20600979192,EMPRESA ZRR & ASOCIADOS S.R.L.,-,2024,AMAZONAS,02/02/2016,01/08/2016,2016.0,8.0,0,2024,0,1,1,2935101.19,1,1.0,1.0,SOC.COM.RESPONS. LTDA,ACTIVO,HABIDO,,CAJAMARCA/CELENDIN/CELENDIN,Principal - 4100 - CONSTRUCCIÓN DE EDIFICIOS,3.0,"Principal - 4100 - CONSTRUCCIÓN DE EDIFICIOS | Secundaria 1 - 7730 - ALQUILER Y ARRENDAMIENTO DE OTROS TIPOS DE MAQUINARIA, EQUIPO Y BIENES TANGIBLES | Secundaria 2 - 9609 - OTRAS ACTIVIDADES DE SERVICIOS PERSONALES N.C.P.",2,0,0,0,23/09/2026 23:11,1,1,1,49.0,Mediano alto
20601446741,INGENIERÍA PETR S.R.L.,-,2024,AMAZONAS,23/08/2016,23/08/2016,2016.0,8.0,0,2024,0,1,1,500000.0,1,1.0,1.0,SOC.COM.RESPONS. LTDA,ACTIVO,HABIDO,,AMAZONAS/BONGARA/JAZAN,Principal - 7020 - ACTIVIDADES DE CONSULTORÍA DE GESTIÓN,3.0,Principal - 7020 - ACTIVIDADES DE CONSULTORÍA DE GESTIÓN | Secundaria 1 - 4290 - CONSTRUCCIÓN DE OTRAS OBRAS DE INGENIERÍA CIVIL | Secundaria 2 - 9411 - ACTIVIDADES DE ASOCIACIONES EMPRESARIALES Y DE EMPLEADORES,2,0,0,0,23/09/2026 23:13,1,1,1,49.0,Mediano alto
20601832811,MR INGENIERIA Y CONSTRUCCIONES E.I.R.L.,-,2024,AMAZONAS,26/01/2017,01/02/2017,2017.0,7.0,0,2022,2,1,1,100000.0,1,1.0,1.0,EMPRESA INDIVIDUAL DE RESP. LTDA,ACTIVO,HABIDO,,AMAZONAS/CHACHAPOYAS/CHACHAPOYAS,Principal - 4100 - CONSTRUCCIÓN DE EDIFICIOS,3.0,Principal - 4100 - CONSTRUCCIÓN DE EDIFICIOS | Secundaria 1 - 7110 - ACTIVIDADES DE ARQUITECTURA E INGENIERÍA Y ACTIVIDADES CONEXAS DE CONSULTORÍA TÉCNICA | Secundaria 2 - 4923 - TRANSPORTE DE CARGA POR CARRETERA,1,0,0,0,23/09/2026 23:15,1,1,1,49.0,Mediano alto
20606918144,"CIVILES & AMBIENTALES INGENIEROS S.A.C,,",-,2024,AMAZONAS,18/11/2020,25/11/2020,2020.0,4.0,0,2024,0,1,1,948874.53,1,1.0,1.0,SOCIEDAD ANONIMA CERRADA,ACTIVO,HABIDO,,AMAZONAS/CHACHAPOYAS/CHACHAPOYAS,Principal - 7110 - ACTIVIDADES DE ARQUITECTURA E INGENIERÍA Y ACTIVIDADES CONEXAS DE CONSULTORÍA TÉCNICA,3.0,"Principal - 7110 - ACTIVIDADES DE ARQUITECTURA E INGENIERÍA Y ACTIVIDADES CONEXAS DE CONSULTORÍA TÉCNICA | Secundaria 1 - 7730 - ALQUILER Y ARRENDAMIENTO DE OTROS TIPOS DE MAQUINARIA, EQUIPO Y BIENES TANGIBLES | Secundaria 2 - 4663 - VENTA AL POR MAYOR DE MATERIALES DE CONSTRUCCIÓN, ARTÍCULOS DE FERRETERÍA Y EQUIPO Y MATERIALES DE FONTANERÍA Y CALEFACCIÓN",0,0,0,0,23/09/2026 23:25,1,1,1,49.0,Mediano alto
20607214914,ROSACA CONSTRUCCIONES E.I.R.L.,-,2024,AMAZONAS,12/01/2021,01/02/2021,2021.0,3.0,0,2024,0,1,1,100000.0,1,1.0,1.0,EMPRESA INDIVIDUAL DE RESP. LTDA,BAJA DE OFICIO,HABIDO,26/08/2026,AMAZONAS/CHACHAPOYAS/CHACHAPOYAS,Principal - 4100 - CONSTRUCCIÓN DE EDIFICIOS,3.0,Principal - 4100 - CONSTRUCCIÓN DE EDIFICIOS | Secundaria 1 - 7110 - ACTIVIDADES DE ARQUITECTURA E INGENIERÍA Y ACTIVIDADES CONEXAS DE CONSULTORÍA TÉCNICA | Secundaria 2 - 1610 - ASERRADO Y ACEPILLADURA DE MADERA,0,0,0,0,23/09/2026 23:25,1,1,1,49.0,Mediano alto
20607492337,NEGOCIOS & CONSTRUCCIONES PUNTO H E.I.R.L.,NEGOCIOS & CONSTRUCCIONES PUN,2024,AMAZONAS,18/02/2021,01/03/2021,2021.0,3.0,0,2024,0,1,1,100000.0,1,1.0,1.0,EMPRESA INDIVIDUAL DE RESP. LTDA,ACTIVO,HABIDO,,AMAZONAS/CHACHAPOYAS/CHACHAPOYAS,"Principal - 7730 - ALQUILER Y ARRENDAMIENTO DE OTROS TIPOS DE MAQUINARIA, EQUIPO Y BIENES TANGIBLES",3.0,"Principal - 7730 - ALQUILER Y ARRENDAMIENTO DE OTROS TIPOS DE MAQUINARIA, EQUIPO Y BIENES TANGIBLES | Secundaria 1 - 4923 - TRANSPORTE DE CARGA POR CARRETERA | Secundaria 2 - 4761 - VENTA AL POR MENOR DE LIBROS, PERIÓDICOS Y ARTÍCULOS DE PAPELERÍA EN COMERCIOS ESPECIALIZADOS",0,0,0,0,23/09/2026 23:26,1,1,1,49.0,Mediano alto
20610241191,PERSEIDAS BUSINESS E.I.R.L.,-,2024,AMAZONAS,14/11/2022,06/12/2022,2022.0,2.0,0,2024,0,1,2,5457095.62,1,1.0,1.0,EMPRESA INDIVIDUAL DE RESP. LTDA,ACTIVO,HABIDO,,CAJAMARCA/CAJAMARCA/LOS BAÑOS DEL INCA,Principal - 4100 - CONSTRUCCIÓN DE EDIFICIOS,3.0,"Principal - 4100 - CONSTRUCCIÓN DE EDIFICIOS | Secundaria 1 - 4663 - VENTA AL POR MAYOR DE MATERIALES DE CONSTRUCCIÓN, ARTÍCULOS DE FERRETERÍA Y EQUIPO Y MATERIALES DE FONTANERÍA Y CALEFACCIÓN | Secundaria 2 - 7110 - ACTIVIDADES DE ARQUITECTURA E INGENIERÍA Y ACTIVIDADES CONEXAS DE CONSULTORÍA TÉCNICA",0,0,0,0,23/09/2026 23:28,1,1,1,49.0,Mediano alto
20610381538,J & C MANAGING PROJECTS E.I.R.L.,-,2024,AMAZONAS,20/12/2022,05/01/2023,2023.0,1.0,0,2024,0,1,1,100000.0,1,1.0,1.0,EMPRESA INDIVIDUAL DE RESP. LTDA,ACTIVO,HABIDO,,AMAZONAS/CHACHAPOYAS/CHACHAPOYAS,Principal - 7110 - ACTIVIDADES DE ARQUITECTURA E INGENIERÍA Y ACTIVIDADES CONEXAS DE CONSULTORÍA TÉCNICA,3.0,"Principal - 7110 - ACTIVIDADES DE ARQUITECTURA E INGENIERÍA Y ACTIVIDADES CONEXAS DE CONSULTORÍA TÉCNICA | Secundaria 1 - 4663 - VENTA AL POR MAYOR DE MATERIALES DE CONSTRUCCIÓN, ARTÍCULOS DE FERRETERÍA Y EQUIPO Y MATERIALES DE FONTANERÍA Y CALEFACCIÓN | Secundaria 2 - 1610 - ASERRADO Y ACEPILLADURA DE MADERA",0,0,0,0,23/09/2026 23:28,1,1,1,49.0,Mediano alto
20611111241,CONSTRUCTRAYMI S.A.C.,CONSTRUCTRAYMI S.A.C.,2024,AMAZONAS,07/06/2023,08/06/2023,2023.0,1.0,0,2024,0,2,1,100000.0,2,2.0,1.0,SOCIEDAD ANONIMA CERRADA,ACTIVO,HABIDO,,AMAZONAS/CHACHAPOYAS/CHACHAPOYAS,Principal - 4290 - CONSTRUCCIÓN DE OTRAS OBRAS DE INGENIERÍA CIVIL,3.0,"Principal - 4290 - CONSTRUCCIÓN DE OTRAS OBRAS DE INGENIERÍA CIVIL | Secundaria 1 - 7110 - ACTIVIDADES DE ARQUITECTURA E INGENIERÍA Y ACTIVIDADES CONEXAS DE CONSULTORÍA TÉCNICA | Secundaria 2 - 4663 - VENTA AL POR MAYOR DE MATERIALES DE CONSTRUCCIÓN, ARTÍCULOS DE FERRETERÍA Y EQUIPO Y MATERIALES DE FONTANERÍA Y CALEFACCIÓN",0,0,0,0,23/09/2026 23:29,1,1,1,49.0,Mediano alto
20205328662,SAN AGUSTIN E.I.R.L CONTRATISTAS GENERALES,SAN AGUSTIN EIRL CONTRATISTAS,2024,ANCASH,14/01/1994,27/11/1989,1989.0,35.0,0,2013,11,1,2,145008025.78,1,0.0,0.0,EMPRESA INDIVIDUAL DE RESP. LTDA,ACTIVO,NO HALLADO,,LIMA/LIMA/LOS OLIVOS,Principal - 4390 - OTRAS ACTIVIDADES ESPECIALIZADAS DE CONSTRUCCIÓN,2.0,Principal - 4390 - OTRAS ACTIVIDADES ESPECIALIZADAS DE CONSTRUCCIÓN | Secundaria 1 - 7110 - ACTIVIDADES DE ARQUITECTURA E INGENIERÍA Y ACTIVIDADES CONEXAS DE CONSULTORÍA TÉCNICA,1,1,0,0,23/09/2026 22:09,1,1,1,67.9,Alto
20461112227,GRUPO EMPRESARIAL DE LOGISTICA INTEGRAL SOCIEDAD ANONIMA CERRADA - GELI S.A.C.,CSSI SAC,2024,ANCASH,19/07/2007,01/02/2000,2000.0,24.0,0,2010,14,1,2,103818565.5,1,0.0,0.0,SOCIEDAD ANONIMA CERRADA,BAJA DEFINITIVA,NO HABIDO,01/03/2024,LIMA/LIMA/LA VICTORIA,Principal - 4923 - TRANSPORTE DE CARGA POR CARRETERA,2.0,"Principal - 4923 - TRANSPORTE DE CARGA POR CARRETERA | Secundaria 2 - 4663 - VENTA AL POR MAYOR DE MATERIALES DE CONSTRUCCIÓN, ARTÍCULOS DE FERRETERÍA Y EQUIPO Y MATERIALES DE FONTANERÍA Y CALEFACCIÓN",2,0,0,0,23/09/2026 22:21,1,1,1,67.9,Alto
20489532981,MEGA INVERSIONES S.R.L.,-,2024,ANCASH,19/04/2007,01/05/2007,2007.0,17.0,0,2010,14,1,3,100000.0,1,1.0,1.0,SOC.COM.RESPONS. LTDA,ACTIVO,HABIDO,,LIMA/LIMA/JESUS MARIA,Principal - 7110 - ACTIVIDADES DE ARQUITECTURA E INGENIERÍA Y ACTIVIDADES CONEXAS DE CONSULTORÍA TÉCNICA,3.0,"Principal - 7110 - ACTIVIDADES DE ARQUITECTURA E INGENIERÍA Y ACTIVIDADES CONEXAS DE CONSULTORÍA TÉCNICA | Secundaria 1 - 4210 - CONSTRUCCIÓN DE CARRETERAS Y VÍAS DE FERROCARRIL | Secundaria 2 - 7730 - ALQUILER Y ARRENDAMIENTO DE OTROS TIPOS DE MAQUINARIA, EQUIPO Y BIENES TANGIBLES",0,1,0,0,23/09/2026 22:31,1,1,1,67.9,Alto
20571184151,CONTRATISTAS GENERALES WINDSOR S.R.L.,-,2024,ANCASH,05/10/2011,01/12/2011,2011.0,13.0,0,2019,5,1,1,500000.0,1,1.0,1.0,SOC.COM.RESPONS. LTDA,ACTIVO,HABIDO,,LIMA/LIMA/SAN ISIDRO,Principal - 7110 - ACTIVIDADES DE ARQUITECTURA E INGENIERÍA Y ACTIVIDADES CONEXAS DE CONSULTORÍA TÉCNICA,3.0,"Principal - 7110 - ACTIVIDADES DE ARQUITECTURA E INGENIERÍA Y ACTIVIDADES CONEXAS DE CONSULTORÍA TÉCNICA | Secundaria 1 - 4799 - OTRAS ACTIVIDADES DE VENTA AL POR MENOR NO REALIZADAS EN COMERCIOS, PUESTOS DE VENTA O MERCADOS | Secundaria 2 - 4210 - CONSTRUCCIÓN DE CARRETERAS Y VÍAS DE FERROCARRIL",0,0,0,0,23/09/2026 23:02,1,1,1,67.9,Alto
20602937934,COSTA INGENIERIA Y CONSTRUCCION S.A.C.,CINCO S.A.C.,2024,ANCASH,23/02/2018,23/02/2018,2018.0,6.0,0,2024,0,1,1,3495719866.26,1,0.0,0.0,SOCIEDAD ANONIMA CERRADA,ACTIVO,HABIDO,,LIMA/LIMA/LURIGANCHO,Principal - 4100 - CONSTRUCCIÓN DE EDIFICIOS,3.0,"Principal - 4100 - CONSTRUCCIÓN DE EDIFICIOS | Secundaria 1 - 4663 - VENTA AL POR MAYOR DE MATERIALES DE CONSTRUCCIÓN, ARTÍCULOS DE FERRETERÍA Y EQUIPO Y MATERIALES DE FONTANERÍA Y CALEFACCIÓN | Secundaria 2 - 9609 - OTRAS ACTIVIDADES DE SERVICIOS PERSONALES N.C.P.",6,0,0,0,23/09/2026 23:18,1,1,1,67.9,Alto
10004967122,VASQUEZ ZUBIETA MARCO ANTONIO,MV INGENIERIA Y CONSTRUCCIÓN,2024,AREQUIPA,20/11/2001,20/11/2001,2001.0,23.0,0,2024,0,1,1,,0,,,PERSONA NATURAL CON NEGOCIO,ACTIVO,HABIDO,,TACNA/TACNA/TACNA,Principal - 7110 - ACTIVIDADES DE ARQUITECTURA E INGENIERÍA Y ACTIVIDADES CONEXAS DE CONSULTORÍA TÉCNICA,2.0,"Principal - 7110 - ACTIVIDADES DE ARQUITECTURA E INGENIERÍA Y ACTIVIDADES CONEXAS DE CONSULTORÍA TÉCNICA | Secundaria 1 - 7490 - OTRAS ACTIVIDADES PROFESIONALES, CIENTÍFICAS Y TÉCNICAS N.C.P.",0,0,0,0,23/09/2026 22:05,1,1,1,70.2,Alto
10005125583,ROSALES HEREDIA JUAN RAMON,JRH INGENIERO,2024,AREQUIPA,07/06/2000,07/06/2000,2000.0,24.0,0,2024,0,1,1,758250.0,1,1.0,1.0,PERSONA NATURAL CON NEGOCIO,ACTIVO,HABIDO,,TACNA/TACNA/CRL. GREG. ALBARRACIN LANCHIP,Principal - 7110 - ACTIVIDADES DE ARQUITECTURA E INGENIERÍA Y ACTIVIDADES CONEXAS DE CONSULTORÍA TÉCNICA,1.0,Principal - 7110 - ACTIVIDADES DE ARQUITECTURA E INGENIERÍA Y ACTIVIDADES CONEXAS DE CONSULTORÍA TÉCNICA,0,0,0,0,23/09/2026 22:05,1,1,1,70.2,Alto
10181420761,VELARDE SAGASTEGUI JUAN STALIN,-,2024,AREQUIPA,15/01/1998,15/01/1998,1998.0,26.0,0,2024,0,1,1,,0,,,PERSONA NATURAL CON NEGOCIO,ACTIVO,HABIDO,,LA LIBERTAD/TRUJILLO/TRUJILLO,Principal - 7020 - ACTIVIDADES DE CONSULTORÍA DE GESTIÓN,3.0,Principal - 7020 - ACTIVIDADES DE CONSULTORÍA DE GESTIÓN | Secundaria 1 - 7110 - ACTIVIDADES DE ARQUITECTURA E INGENIERÍA Y ACTIVIDADES CONEXAS DE CONSULTORÍA TÉCNICA | Secundaria 2 - 4100 - CONSTRUCCIÓN DE EDIFICIOS,4,0,0,0,23/09/2026 22:06,1,1,1,70.2,Alto
10224118100,ROJAS NAUPAY PERCY,-,2024,AREQUIPA,06/05/1993,03/01/1993,1993.0,31.0,0,2024,0,1,1,,0,,,PERSONA NATURAL CON NEGOCIO,ACTIVO,HABIDO,,UCAYALI/CORONEL PORTILLO/CALLERIA,Principal - 7110 - ACTIVIDADES DE ARQUITECTURA E INGENIERÍA Y ACTIVIDADES CONEXAS DE CONSULTORÍA TÉCNICA,1.0,Principal - 7110 - ACTIVIDADES DE ARQUITECTURA E INGENIERÍA Y ACTIVIDADES CONEXAS DE CONSULTORÍA TÉCNICA,1,1,0,0,23/09/2026 22:06,1,1,1,70.2,Alto
10293806492,SOLIS LLAPA FELIX VICTOR,-,2024,AREQUIPA,30/04/1993,17/03/1993,1993.0,31.0,0,2024,0,1,1,,0,,,PERSONA NATURAL CON NEGOCIO,ACTIVO,HABIDO,,AREQUIPA/AREQUIPA/MARIANO MELGAR,Principal - 7110 - ACTIVIDADES DE ARQUITECTURA E INGENIERÍA Y ACTIVIDADES CONEXAS DE CONSULTORÍA TÉCNICA,2.0,Principal - 7110 - ACTIVIDADES DE ARQUITECTURA E INGENIERÍA Y ACTIVIDADES CONEXAS DE CONSULTORÍA TÉCNICA | Secundaria 1 - 4330 - TERMINACIÓN Y ACABADO DE EDIFICIOS,0,0,0,0,23/09/2026 22:06,1,1,1,70.2,Alto
10295907024,QUIROZ LOZA AUGUSTO SEBASTIAN,-,2024,AREQUIPA,16/06/1994,09/06/1994,1994.0,30.0,0,2012,12,1,1,32700637.3,1,0.0,0.0,PERSONA NATURAL CON NEGOCIO,ACTIVO,HABIDO,,AREQUIPA/AREQUIPA/CERRO COLORADO,Principal - 6810 - ACTIVIDADES INMOBILIARIAS REALIZADAS CON BIENES PROPIOS O ARRENDADOS,3.0,Principal - 6810 - ACTIVIDADES INMOBILIARIAS REALIZADAS CON BIENES PROPIOS O ARRENDADOS | Secundaria 1 - 4100 - CONSTRUCCIÓN DE EDIFICIOS | Secundaria 2 - 4390 - OTRAS ACTIVIDADES ESPECIALIZADAS DE CONSTRUCCIÓN,0,0,0,0,23/09/2026 22:06,1,1,1,70.2,Alto
10453522542,POMA PUMACANCHARI JUAN IRWIN,-,2024,AREQUIPA,12/12/2006,12/12/2006,2006.0,18.0,0,2024,0,1,2,,0,,,PERSONA NATURAL CON NEGOCIO,ACTIVO,HABIDO,,AYACUCHO/HUAMANGA/AYACUCHO,Principal - 7110 - ACTIVIDADES DE ARQUITECTURA E INGENIERÍA Y ACTIVIDADES CONEXAS DE CONSULTORÍA TÉCNICA,2.0,"Principal - 7110 - ACTIVIDADES DE ARQUITECTURA E INGENIERÍA Y ACTIVIDADES CONEXAS DE CONSULTORÍA TÉCNICA | Secundaria 1 - 7490 - OTRAS ACTIVIDADES PROFESIONALES, CIENTÍFICAS Y TÉCNICAS N.C.P.",2,0,0,0,23/09/2026 22:07,1,1,1,70.2,Alto
20226217003,GARCIA VARGAS INGENIEROS CONSTRUCTORES S.R.L.,GAVIC S R L,2024,AREQUIPA,25/08/1994,09/08/1994,1994.0,30.0,0,2007,17,1,2,159937870.28,1,0.0,0.0,SOC.COM.RESPONS. LTDA,ACTIVO,HABIDO,,CAJAMARCA/CAJAMARCA/CAJAMARCA,Principal - 7110 - ACTIVIDADES DE ARQUITECTURA E INGENIERÍA Y ACTIVIDADES CONEXAS DE CONSULTORÍA TÉCNICA,3.0,"Principal - 7110 - ACTIVIDADES DE ARQUITECTURA E INGENIERÍA Y ACTIVIDADES CONEXAS DE CONSULTORÍA TÉCNICA | Secundaria 1 - 4100 - CONSTRUCCIÓN DE EDIFICIOS | Secundaria 2 - 7730 - ALQUILER Y ARRENDAMIENTO DE OTROS TIPOS DE MAQUINARIA, EQUIPO Y BIENES TANGIBLES",1,0,0,0,23/09/2026 22:09,1,1,1,70.2,Alto
20406455603,OM & F CONTRATISTAS GENERALES S.R.L.,OM & F CONTRAT. GENERALES SRL,2024,AREQUIPA,24/06/2004,01/07/2004,2004.0,20.0,0,2024,0,1,1,55552053.78,1,0.0,0.0,SOC.COM.RESPONS. LTDA,ACTIVO,HABIDO,,PUNO/SAN ROMAN/JULIACA,"Principal - 7730 - ALQUILER Y ARRENDAMIENTO DE OTROS TIPOS DE MAQUINARIA, EQUIPO Y BIENES TANGIBLES",1.0,"Principal - 7730 - ALQUILER Y ARRENDAMIENTO DE OTROS TIPOS DE MAQUINARIA, EQUIPO Y BIENES TANGIBLES",0,0,0,0,23/09/2026 22:14,1,1,1,70.2,Alto
20412823711,CONSTRUCTORA QUIROZ E.I.R.L.,CONSTRUCTORA QUIROZ E.I.R.L.,2024,AREQUIPA,26/01/2009,26/01/2009,2009.0,15.0,0,2024,0,1,1,23559579.7,1,0.0,0.0,EMPRESA INDIVIDUAL DE RESP. LTDA,ACTIVO,HABIDO,,AREQUIPA/AREQUIPA/CERRO COLORADO,"Principal - 7730 - ALQUILER Y ARRENDAMIENTO DE OTROS TIPOS DE MAQUINARIA, EQUIPO Y BIENES TANGIBLES",3.0,"Principal - 7730 - ALQUILER Y ARRENDAMIENTO DE OTROS TIPOS DE MAQUINARIA, EQUIPO Y BIENES TANGIBLES | Secundaria 1 - 4100 - CONSTRUCCIÓN DE EDIFICIOS | Secundaria 2 - 4923 - TRANSPORTE DE CARGA POR CARRETERA",1,0,0,0,23/09/2026 22:16,1,1,1,70.2,Alto
20447635080,CONSTRUCTORA Y CONSULTORES ELECTROMECANICOS Y CIVILES SOCIEDAD COMERCIAL DE RESPONSABILIDAD LIMITADA,CELTEC SRL,2024,AREQUIPA,14/02/2006,15/02/2006,2006.0,18.0,0,2017,7,1,1,46981586.62,1,0.0,0.0,SOC.COM.RESPONS. LTDA,ACTIVO,HABIDO,,PUNO/PUNO/PUNO,Principal - 4100 - CONSTRUCCIÓN DE EDIFICIOS,3.0,"Principal - 4100 - CONSTRUCCIÓN DE EDIFICIOS | Secundaria 1 - 7730 - ALQUILER Y ARRENDAMIENTO DE OTROS TIPOS DE MAQUINARIA, EQUIPO Y BIENES TANGIBLES | Secundaria 2 - 4663 - VENTA AL POR MAYOR DE MATERIALES DE CONSTRUCCIÓN, ARTÍCULOS DE FERRETERÍA Y EQUIPO Y MATERIALES DE FONTANERÍA Y CALEFACCIÓN",1,0,0,0,23/09/2026 22:17,1,1,1,70.2,Alto
20448056261,E & R CONTRATISTAS GENERALES S.R.L.,-,2024,AREQUIPA,14/07/2009,14/07/2009,2009.0,15.0,0,2024,0,1,1,100000.0,1,1.0,1.0,SOC.COM.RESPONS. LTDA,ACTIVO,HABIDO,,PUNO/SAN ROMAN/JULIACA,Principal - 7110 - ACTIVIDADES DE ARQUITECTURA E INGENIERÍA Y ACTIVIDADES CONEXAS DE CONSULTORÍA TÉCNICA,3.0,"Principal - 7110 - ACTIVIDADES DE ARQUITECTURA E INGENIERÍA Y ACTIVIDADES CONEXAS DE CONSULTORÍA TÉCNICA | Secundaria 1 - 4100 - CONSTRUCCIÓN DE EDIFICIOS | Secundaria 2 - 7730 - ALQUILER Y ARRENDAMIENTO DE OTROS TIPOS DE MAQUINARIA, EQUIPO Y BIENES TANGIBLES",0,0,0,0,23/09/2026 22:18,1,1,1,70.2,Alto
20448080308,ALVAREZ CONTRATISTAS GENERALES SOCIEDAD ANONIMA CERRADA,-,2024,AREQUIPA,25/09/2009,25/09/2009,2009.0,15.0,0,2024,0,1,1,134654015.86,1,0.0,0.0,SOCIEDAD ANONIMA CERRADA,ACTIVO,HABIDO,,PUNO/PUNO/PUNO,Principal - 4390 - OTRAS ACTIVIDADES ESPECIALIZADAS DE CONSTRUCCIÓN,3.0,"Principal - 4390 - OTRAS ACTIVIDADES ESPECIALIZADAS DE CONSTRUCCIÓN | Secundaria 1 - 4752 - VENTA AL POR MENOR DE ARTÍCULOS DE FERRETERÍA, PINTURAS Y PRODUCTOS DE VIDRIO EN COMERCIOS ESPECIALIZADOS | Secundaria 2 - 7730 - ALQUILER Y ARRENDAMIENTO DE OTROS TIPOS DE MAQUINARIA, EQUIPO Y BIENES TANGIBLES",0,0,0,0,23/09/2026 22:18,1,1,1,70.2,Alto
20452345251,CONTRATISTAS PERSAN S.A.C.,-,2024,AREQUIPA,01/07/2002,01/07/2002,2002.0,22.0,0,2010,14,1,1,100000.0,1,1.0,1.0,SOCIEDAD ANONIMA CERRADA,ACTIVO,NO HALLADO,,ANCASH/HUARAZ/INDEPENDENCIA,Principal - 7110 - ACTIVIDADES DE ARQUITECTURA E INGENIERÍA Y ACTIVIDADES CONEXAS DE CONSULTORÍA TÉCNICA,3.0,"Principal - 7110 - ACTIVIDADES DE ARQUITECTURA E INGENIERÍA Y ACTIVIDADES CONEXAS DE CONSULTORÍA TÉCNICA | Secundaria 1 - 4923 - TRANSPORTE DE CARGA POR CARRETERA | Secundaria 2 - 4663 - VENTA AL POR MAYOR DE MATERIALES DE CONSTRUCCIÓN, ARTÍCULOS DE FERRETERÍA Y EQUIPO Y MATERIALES DE FONTANERÍA Y CALEFACCIÓN",0,0,0,0,23/09/2026 22:20,1,1,1,70.2,Alto
20478157976,GRUPO H Y S S.R.L.,-,2024,AREQUIPA,04/12/2008,04/12/2008,2008.0,16.0,0,2019,5,1,1,99558877.45,1,0.0,0.0,SOC.COM.RESPONS. LTDA,ACTIVO,HABIDO,,LIMA/LIMA/SANTIAGO DE SURCO,Principal - 4390 - OTRAS ACTIVIDADES ESPECIALIZADAS DE CONSTRUCCIÓN,3.0,"Principal - 4390 - OTRAS ACTIVIDADES ESPECIALIZADAS DE CONSTRUCCIÓN | Secundaria 1 - 4663 - VENTA AL POR MAYOR DE MATERIALES DE CONSTRUCCIÓN, ARTÍCULOS DE FERRETERÍA Y EQUIPO Y MATERIALES DE FONTANERÍA Y CALEFACCIÓN | Secundaria 2 - 4210 - CONSTRUCCIÓN DE CARRETERAS Y VÍAS DE FERROCARRIL",0,0,0,0,23/09/2026 22:22,1,1,1,70.2,Alto
20482396331,INGECONSULT CONSULTORIAS S.A.C.,-,2024,AREQUIPA,01/12/2009,01/12/2009,2009.0,15.0,0,2024,0,1,1,,0,,,SOCIEDAD ANONIMA CERRADA,ACTIVO,HABIDO,,LA LIBERTAD/TRUJILLO/TRUJILLO,Principal - 7110 - ACTIVIDADES DE ARQUITECTURA E INGENIERÍA Y ACTIVIDADES CONEXAS DE CONSULTORÍA TÉCNICA,2.0,Principal - 7110 - ACTIVIDADES DE ARQUITECTURA E INGENIERÍA Y ACTIVIDADES CONEXAS DE CONSULTORÍA TÉCNICA | Secundaria 1 - 4100 - CONSTRUCCIÓN DE EDIFICIOS,0,0,0,0,23/09/2026 22:25,1,1,1,70.2,Alto
20488496442,INVERSIONES MIBISA EIRL,-,2024,AREQUIPA,11/08/2000,10/08/2000,2000.0,24.0,0,2017,7,1,1,100000.0,1,1.0,1.0,EMPRESA INDIVIDUAL DE RESP. LTDA,ACTIVO,HABIDO,,LIMA/LIMA/BREÑA,Principal - 4100 - CONSTRUCCIÓN DE EDIFICIOS,3.0,"Principal - 4100 - CONSTRUCCIÓN DE EDIFICIOS | Secundaria 1 - 4663 - VENTA AL POR MAYOR DE MATERIALES DE CONSTRUCCIÓN, ARTÍCULOS DE FERRETERÍA Y EQUIPO Y MATERIALES DE FONTANERÍA Y CALEFACCIÓN | Secundaria 2 - 7110 - ACTIVIDADES DE ARQUITECTURA E INGENIERÍA Y ACTIVIDADES CONEXAS DE CONSULTORÍA TÉCNICA",0,1,0,0,23/09/2026 22:30,1,1,1,70.2,Alto
20489532981,MEGA INVERSIONES S.R.L.,-,2024,AREQUIPA,19/04/2007,01/05/2007,2007.0,17.0,0,2010,14,1,3,100000.0,1,1.0,1.0,SOC.COM.RESPONS. LTDA,ACTIVO,HABIDO,,LIMA/LIMA/JESUS MARIA,Principal - 7110 - ACTIVIDADES DE ARQUITECTURA E INGENIERÍA Y ACTIVIDADES CONEXAS DE CONSULTORÍA TÉCNICA,3.0,"Principal - 7110 - ACTIVIDADES DE ARQUITECTURA E INGENIERÍA Y ACTIVIDADES CONEXAS DE CONSULTORÍA TÉCNICA | Secundaria 1 - 4210 - CONSTRUCCIÓN DE CARRETERAS Y VÍAS DE FERROCARRIL | Secundaria 2 - 7730 - ALQUILER Y ARRENDAMIENTO DE OTROS TIPOS DE MAQUINARIA, EQUIPO Y BIENES TANGIBLES",0,1,0,0,23/09/2026 22:31,1,1,1,70.2,Alto
20494637074,AHREN CONTRATISTAS GENERALES S.A.C,-,2024,AREQUIPA,10/01/2009,10/01/2009,2009.0,15.0,0,2014,10,1,2,555480151.85,1,0.0,0.0,SOCIEDAD ANONIMA CERRADA,ACTIVO,HABIDO,,LIMA/LIMA/MIRAFLORES,Principal - 4210 - CONSTRUCCIÓN DE CARRETERAS Y VÍAS DE FERROCARRIL,3.0,Principal - 4210 - CONSTRUCCIÓN DE CARRETERAS Y VÍAS DE FERROCARRIL | Secundaria 1 - 7110 - ACTIVIDADES DE ARQUITECTURA E INGENIERÍA Y ACTIVIDADES CONEXAS DE CONSULTORÍA TÉCNICA | Secundaria 2 - 4923 - TRANSPORTE DE CARGA POR CARRETERA,3,1,0,0,23/09/2026 22:35,1,1,1,70.2,Alto
20494784450,PROJECT SERVICES H & G S.A.C.,PROJECT SERVICES H & G S.A.C.,2024,AREQUIPA,26/08/2009,01/09/2009,2009.0,15.0,0,2022,2,1,1,94476971.8,1,1.0,1.0,SOCIEDAD ANONIMA CERRADA,ACTIVO,HABIDO,,AYACUCHO/HUAMANGA/AYACUCHO,Principal - 4210 - CONSTRUCCIÓN DE CARRETERAS Y VÍAS DE FERROCARRIL,3.0,Principal - 4210 - CONSTRUCCIÓN DE CARRETERAS Y VÍAS DE FERROCARRIL | Secundaria 1 - 4312 - PREPARACIÓN DEL TERRENO | Secundaria 2 - 0162 - ACTIVIDADES DE APOYO A LA GANADERÍA,0,1,0,0,23/09/2026 22:35,1,1,1,70.2,Alto
20494883865,CONSULTORES & CONTRATISTAS GENERALES FOREPT S.A.C.,FOREPT S.A.C.,2024,AREQUIPA,21/01/2010,21/01/2010,2010.0,14.0,0,2024,0,2,2,100000.0,2,2.0,1.0,SOCIEDAD ANONIMA CERRADA,ACTIVO,HABIDO,,AYACUCHO/HUAMANGA/AYACUCHO,Principal - 7110 - ACTIVIDADES DE ARQUITECTURA E INGENIERÍA Y ACTIVIDADES CONEXAS DE CONSULTORÍA TÉCNICA,3.0,Principal - 7110 - ACTIVIDADES DE ARQUITECTURA E INGENIERÍA Y ACTIVIDADES CONEXAS DE CONSULTORÍA TÉCNICA | Secundaria 1 - 8299 - OTRAS ACTIVIDADES DE SERVICIOS DE APOYO A LAS EMPRESAS N.C.P. | Secundaria 2 - 0240 - SERVICIOS DE APOYO A LA SILVICULTURA,0,0,0,0,23/09/2026 22:35,1,1,1,70.2,Alto
20498258116,CONSTRUCTORA BENITO LLERENA E HIJOS SRL,-,2024,AREQUIPA,08/05/2002,01/06/2002,2002.0,22.0,0,2015,9,1,1,19438587.84,1,0.0,0.0,SOC.COM.RESPONS. LTDA,ACTIVO,HABIDO,,AREQUIPA/AREQUIPA/PAUCARPATA,Principal - 4100 - CONSTRUCCIÓN DE EDIFICIOS,3.0,"Principal - 4100 - CONSTRUCCIÓN DE EDIFICIOS | Secundaria 1 - 7730 - ALQUILER Y ARRENDAMIENTO DE OTROS TIPOS DE MAQUINARIA, EQUIPO Y BIENES TANGIBLES | Secundaria 2 - 4923 - TRANSPORTE DE CARGA POR CARRETERA",0,0,0,0,23/09/2026 22:37,1,1,1,70.2,Alto
20506606722,RMJ CONSTRUCTORES S.A.C,RMJ CONSTRUCTORES SAC,2024,AREQUIPA,30/05/2003,10/09/2003,2003.0,21.0,0,2007,17,1,1,100000.0,1,1.0,1.0,SOCIEDAD ANONIMA CERRADA,ACTIVO,HABIDO,,LIMA/LIMA/CHACLACAYO,Principal - 4100 - CONSTRUCCIÓN DE EDIFICIOS,1.0,Principal - 4100 - CONSTRUCCIÓN DE EDIFICIOS,2,0,0,0,23/09/2026 22:38,1,1,1,70.2,Alto
20523386469,ALTAVISTA INVERSIONES GLOBALES SOCIEDAD ANONIMA CERRADA - AIG S.A.C.,-,2024,AREQUIPA,29/09/2009,01/10/2009,2009.0,15.0,0,2018,6,1,2,161957529.86,1,0.0,0.0,SOCIEDAD ANONIMA CERRADA,ACTIVO,HABIDO,,LIMA/LIMA/MIRAFLORES,Principal - 4100 - CONSTRUCCIÓN DE EDIFICIOS,3.0,"Principal - 4100 - CONSTRUCCIÓN DE EDIFICIOS | Secundaria 1 - 4290 - CONSTRUCCIÓN DE OTRAS OBRAS DE INGENIERÍA CIVIL | Secundaria 2 - 7730 - ALQUILER Y ARRENDAMIENTO DE OTROS TIPOS DE MAQUINARIA, EQUIPO Y BIENES TANGIBLES",0,1,0,0,23/09/2026 22:40,1,1,1,70.2,Alto
20523534590,SAINC INGENIEROS CONSTRUCTORES S.A. SUCURSAL DEL PERU,-,2024,AREQUIPA,14/10/2009,14/10/2009,2009.0,15.0,0,2011,13,1,1,386655628.42,1,0.0,0.0,SUCURSALES O AG. DE EMP. EXTRANJ.,ACTIVO,HABIDO,,LIMA/LIMA/MIRAFLORES,Principal - 4100 - CONSTRUCCIÓN DE EDIFICIOS,3.0,Principal - 4100 - CONSTRUCCIÓN DE EDIFICIOS | Secundaria 1 - 45308 - ACONDICIONAMIENTO DE EDIFICIOS. | Secundaria 2 - 4329 - OTRAS INSTALACIONES PARA OBRAS DE CONSTRUCCIÓN,1,1,0,0,23/09/2026 22:40,1,1,1,70.2,Alto
20531607784,SERVICIOS DEL ACERO S.A.C.,SERVICIOS DEL ACERO,2024,AREQUIPA,02/07/2013,01/07/2013,2013.0,11.0,0,2024,0,1,1,100000.0,1,1.0,1.0,SOCIEDAD ANONIMA CERRADA,ACTIVO,HABIDO,,ANCASH/SANTA/CHIMBOTE,Principal - 2511 - FABRICACION DE PRODUCTOS METALICOS PARA USO ESTRUCTURAL,3.0,"Principal - 2511 - FABRICACION DE PRODUCTOS METALICOS PARA USO ESTRUCTURAL | Secundaria 1 - 4210 - CONSTRUCCIÓN DE CARRETERAS Y VÍAS DE FERROCARRIL | Secundaria 2 - 4663 - VENTA AL POR MAYOR DE MATERIALES DE CONSTRUCCIÓN, ARTÍCULOS DE FERRETERÍA Y EQUIPO Y MATERIALES DE FONTANERÍA Y CALEFACCIÓN",0,0,0,0,23/09/2026 22:47,1,1,1,70.2,Alto
20534166240,SCORPION CONTRATISTAS GENERALES S.A.C.,-,2024,AREQUIPA,26/06/2019,01/07/2019,2019.0,5.0,0,2020,4,2,3,37096894.14,2,2.0,1.0,SOCIEDAD ANONIMA CERRADA,ACTIVO,HABIDO,,LIMA/LIMA/LOS OLIVOS,Principal - 4210 - CONSTRUCCIÓN DE CARRETERAS Y VÍAS DE FERROCARRIL,3.0,"Principal - 4210 - CONSTRUCCIÓN DE CARRETERAS Y VÍAS DE FERROCARRIL | Secundaria 1 - 4663 - VENTA AL POR MAYOR DE MATERIALES DE CONSTRUCCIÓN, ARTÍCULOS DE FERRETERÍA Y EQUIPO Y MATERIALES DE FONTANERÍA Y CALEFACCIÓN | Secundaria 2 - 7730 - ALQUILER Y ARRENDAMIENTO DE OTROS TIPOS DE MAQUINARIA, EQUIPO Y BIENES TANGIBLES",0,0,0,0,23/09/2026 22:50,1,1,1,70.2,Alto
20536290916,CONSULTORES ARGENTINOS ASOCIADOS S.A. CADIA - SUCURSAL PERU,-,2024,AREQUIPA,28/05/2010,28/05/2010,2010.0,14.0,0,2024,0,1,1,,0,,,SUCURSALES O AG. DE EMP. EXTRANJ.,ACTIVO,HABIDO,,LIMA/LIMA/MAGDALENA DEL MAR,Principal - 7110 - ACTIVIDADES DE ARQUITECTURA E INGENIERÍA Y ACTIVIDADES CONEXAS DE CONSULTORÍA TÉCNICA,1.0,Principal - 7110 - ACTIVIDADES DE ARQUITECTURA E INGENIERÍA Y ACTIVIDADES CONEXAS DE CONSULTORÍA TÉCNICA,0,1,0,0,23/09/2026 22:52,1,1,1,70.2,Alto
20539013441,DA & D SAN ANTONIO E.I.R.L.,-,2024,AREQUIPA,02/01/2013,02/01/2013,2013.0,11.0,0,2019,5,1,1,100000.0,1,1.0,1.0,EMPRESA INDIVIDUAL DE RESP. LTDA,ACTIVO,HABIDO,,CAJAMARCA/JAEN/JAEN,Principal - 4290 - CONSTRUCCIÓN DE OTRAS OBRAS DE INGENIERÍA CIVIL,3.0,"Principal - 4290 - CONSTRUCCIÓN DE OTRAS OBRAS DE INGENIERÍA CIVIL | Secundaria 1 - 7730 - ALQUILER Y ARRENDAMIENTO DE OTROS TIPOS DE MAQUINARIA, EQUIPO Y BIENES TANGIBLES | Secundaria 2 - 4752 - VENTA AL POR MENOR DE ARTÍCULOS DE FERRETERÍA, PINTURAS Y PRODUCTOS DE VIDRIO EN COMERCIOS ESPECIALIZADOS",0,0,0,0,23/09/2026 22:52,1,1,1,70.2,Alto
20541653156,CORPORACION ANDINA YIRET E.I.R.L.,-,2024,AREQUIPA,16/03/2012,01/05/2012,2012.0,12.0,0,2017,7,1,3,38600390.99,1,0.0,0.0,EMPRESA INDIVIDUAL DE RESP. LTDA,ACTIVO,HABIDO,,LIMA/LIMA/SAN JUAN DE MIRAFLORES,Principal - 4100 - CONSTRUCCIÓN DE EDIFICIOS,2.0,Principal - 4100 - CONSTRUCCIÓN DE EDIFICIOS | Secundaria 1 - 4390 - OTRAS ACTIVIDADES ESPECIALIZADAS DE CONSTRUCCIÓN,0,0,0,0,23/09/2026 22:54,1,1,1,70.2,Alto
20564171761,CONSTRUCTORA Y CONSULTORA OMP S.R.L.,OMP S.R.L.,2024,AREQUIPA,25/11/2013,01/12/2013,2013.0,11.0,0,2024,0,1,1,100000.0,1,1.0,1.0,SOC.COM.RESPONS. LTDA,ACTIVO,HABIDO,,CUSCO/CUSCO/WANCHAQ,Principal - 4100 - CONSTRUCCIÓN DE EDIFICIOS,3.0,Principal - 4100 - CONSTRUCCIÓN DE EDIFICIOS | Secundaria 1 - 1812 - ACTIVIDADES DE SERVICIOS RELACIONADAS CON LA IMPRESIÓN | Secundaria 2 - 2511 - FABRICACION DE PRODUCTOS METALICOS PARA USO ESTRUCTURAL,0,0,0,0,23/09/2026 22:59,1,1,1,70.2,Alto
20571395364,CINVEC S.A.C.,LABORATORIO GEOSCINVEC,2024,AREQUIPA,11/09/2012,01/10/2012,2012.0,12.0,0,2017,7,1,1,100000.0,1,1.0,1.0,SOCIEDAD ANONIMA CERRADA,ACTIVO,HABIDO,,ANCASH/HUARAZ/INDEPENDENCIA,Principal - 4100 - CONSTRUCCIÓN DE EDIFICIOS,3.0,"Principal - 4100 - CONSTRUCCIÓN DE EDIFICIOS | Secundaria 1 - 4663 - VENTA AL POR MAYOR DE MATERIALES DE CONSTRUCCIÓN, ARTÍCULOS DE FERRETERÍA Y EQUIPO Y MATERIALES DE FONTANERÍA Y CALEFACCIÓN | Secundaria 2 - 7110 - ACTIVIDADES DE ARQUITECTURA E INGENIERÍA Y ACTIVIDADES CONEXAS DE CONSULTORÍA TÉCNICA",0,0,0,0,23/09/2026 23:02,1,1,1,70.2,Alto
20600002717,CAFELE CONSULTORES Y CONTRATISTAS EMPRESA INDIVIDUAL DE RESPONSABILIDAD LIMITADA,-,2024,AREQUIPA,16/12/2014,01/01/2015,2015.0,9.0,0,2016,8,1,2,45702373.57,1,0.0,0.0,EMPRESA INDIVIDUAL DE RESP. LTDA,ACTIVO,HABIDO,,AREQUIPA/AREQUIPA/PAUCARPATA,Principal - 7110 - ACTIVIDADES DE ARQUITECTURA E INGENIERÍA Y ACTIVIDADES CONEXAS DE CONSULTORÍA TÉCNICA,3.0,Principal - 7110 - ACTIVIDADES DE ARQUITECTURA E INGENIERÍA Y ACTIVIDADES CONEXAS DE CONSULTORÍA TÉCNICA | Secundaria 1 - 4923 - TRANSPORTE DE CARGA POR CARRETERA | Secundaria 2 - 4290 - CONSTRUCCIÓN DE OTRAS OBRAS DE INGENIERÍA CIVIL,0,0,0,0,23/09/2026 23:05,1,1,1,70.2,Alto
20600935845,FORVEC PROJECTS EMPRESA INDIVIDUAL DE RESPONSABILIDAD LIMITADA - FORVEC E.I.R.L.,FORVEC E.I.R.L.,2024,AREQUIPA,14/01/2016,14/01/2016,2016.0,8.0,0,2024,0,1,1,100000.0,1,1.0,1.0,EMPRESA INDIVIDUAL DE RESP. LTDA,ACTIVO,HABIDO,,CUSCO/CUSCO/CUSCO,Principal - 4100 - CONSTRUCCIÓN DE EDIFICIOS,3.0,Principal - 4100 - CONSTRUCCIÓN DE EDIFICIOS | Secundaria 1 - 1812 - ACTIVIDADES DE SERVICIOS RELACIONADAS CON LA IMPRESIÓN | Secundaria 2 - 7110 - ACTIVIDADES DE ARQUITECTURA E INGENIERÍA Y ACTIVIDADES CONEXAS DE CONSULTORÍA TÉCNICA,0,2,0,0,23/09/2026 23:11,1,1,1,70.2,Alto
20601016347,ALTICA CONSTRUCCIONES S.R.L.,-,2024,AREQUIPA,17/02/2016,17/02/2016,2016.0,8.0,0,2016,8,1,1,60947215.0,1,0.0,0.0,SOC.COM.RESPONS. LTDA,ACTIVO,HABIDO,,TACNA/TACNA/POCOLLAY,Principal - 4100 - CONSTRUCCIÓN DE EDIFICIOS,3.0,"Principal - 4100 - CONSTRUCCIÓN DE EDIFICIOS | Secundaria 1 - 4210 - CONSTRUCCIÓN DE CARRETERAS Y VÍAS DE FERROCARRIL | Secundaria 2 - 7730 - ALQUILER Y ARRENDAMIENTO DE OTROS TIPOS DE MAQUINARIA, EQUIPO Y BIENES TANGIBLES",1,0,0,0,23/09/2026 23:11,1,1,1,70.2,Alto
20601771641,GENUS SVC S.A.C.,-,2024,AREQUIPA,03/01/2017,03/01/2017,2017.0,7.0,0,2017,7,1,2,1369406455.98,1,0.0,0.0,SOCIEDAD ANONIMA CERRADA,ACTIVO,HABIDO,,LIMA/LIMA/COMAS,Principal - 4100 - CONSTRUCCIÓN DE EDIFICIOS,3.0,"Principal - 4100 - CONSTRUCCIÓN DE EDIFICIOS | Secundaria 1 - 7730 - ALQUILER Y ARRENDAMIENTO DE OTROS TIPOS DE MAQUINARIA, EQUIPO Y BIENES TANGIBLES | Secundaria 2 - 2395 - FABRICACIÓN DE ARTÍCULOS DE HORMIGÓN, CEMENTO Y YESO",0,0,0,0,23/09/2026 23:14,1,1,1,70.2,Alto
20603147465,ABBANCE COMPANY S.A.C.,-,2024,AREQUIPA,02/05/2018,02/05/2018,2018.0,6.0,0,2024,0,1,1,30292666.01,1,1.0,1.0,SOCIEDAD ANONIMA CERRADA,ACTIVO,HABIDO,,LIMA/LIMA/MAGDALENA DEL MAR,Principal - 4210 - CONSTRUCCIÓN DE CARRETERAS Y VÍAS DE FERROCARRIL,3.0,Principal - 4210 - CONSTRUCCIÓN DE CARRETERAS Y VÍAS DE FERROCARRIL | Secundaria 1 - 4220 - CONSTRUCCIÓN DE PROYECTOS DE SERVICIO PÚBLICO | Secundaria 2 - 8299 - OTRAS ACTIVIDADES DE SERVICIOS DE APOYO A LAS EMPRESAS N.C.P.,0,0,0,0,23/09/2026 23:18,1,1,1,70.2,Alto
20603476400,CONSTRUCOES ENGENHARIA E PAVIMENTACAO ENPAVI LTDA SUCURSAL DEL PERU,-,2024,AREQUIPA,09/08/2018,09/08/2018,2018.0,6.0,0,2020,4,1,2,470313192.14,1,0.0,0.0,SUCURSALES O AG. DE EMP. EXTRANJ.,ACTIVO,HABIDO,,LIMA/LIMA/SANTIAGO DE SURCO,Principal - 7110 - ACTIVIDADES DE ARQUITECTURA E INGENIERÍA Y ACTIVIDADES CONEXAS DE CONSULTORÍA TÉCNICA,1.0,Principal - 7110 - ACTIVIDADES DE ARQUITECTURA E INGENIERÍA Y ACTIVIDADES CONEXAS DE CONSULTORÍA TÉCNICA,1,0,0,0,23/09/2026 23:19,1,1,1,70.2,Alto
20611168528,PERU STATE ENGINEERING S.A.C.,-,2024,AREQUIPA,21/06/2023,27/06/2023,2023.0,1.0,0,2024,0,1,1,100000.0,1,1.0,1.0,SOCIEDAD ANONIMA CERRADA,ACTIVO,HABIDO,,LIMA/LIMA/MAGDALENA DEL MAR,Principal - 4220 - CONSTRUCCIÓN DE PROYECTOS DE SERVICIO PÚBLICO,2.0,Principal - 4220 - CONSTRUCCIÓN DE PROYECTOS DE SERVICIO PÚBLICO | Secundaria 1 - 7120 - ENSAYOS Y ANÁLISIS TÉCNICOS,0,0,0,0,23/09/2026 23:29,1,1,1,70.2,Alto
99000032707,,,2024,AREQUIPA,,,,,0,2024,0,1,1,100000.0,1,1.0,1.0,,,,,,,,,0,0,0,0,,0,1,1,70.2,Alto
99000035293,,,2024,AREQUIPA,,,,,0,2023,1,2,3,100000.0,2,2.0,1.0,,,,,,,,,2,0,0,0,,0,1,1,70.2,Alto
20536612972,CMO GROUP S.A.C.,-,2024,AYACUCHO,25/06/2010,10/02/2011,2011.0,13.0,0,2012,12,1,5,819662336.32,1,0.0,0.0,SOCIEDAD ANONIMA CERRADA,ACTIVO,HABIDO,,LIMA/LIMA/MIRAFLORES,Principal - 4100 - CONSTRUCCIÓN DE EDIFICIOS,2.0,Principal - 4100 - CONSTRUCCIÓN DE EDIFICIOS | Secundaria 1 - 3313 - REPARACIÓN DE EQUIPO ELECTRÓNICO Y ÓPTICO,1,0,0,0,23/09/2026 22:52,1,1,1,60.7,Alto
20537169207,RIVA SOCIEDAD ANONIMA INMOBILIARIA INDUSTRIAL COMERCIAL FINANCIERA Y AGROPECUARIA SUCURSAL DEL PERU,-,2024,AYACUCHO,20/08/2010,20/08/2010,2010.0,14.0,0,2012,12,1,2,100000.0,1,1.0,1.0,SUCURSALES O AG. DE EMP. EXTRANJ.,ACTIVO,HABIDO,,LIMA/LIMA/BARRANCO,Principal - 4390 - OTRAS ACTIVIDADES ESPECIALIZADAS DE CONSTRUCCIÓN,2.0,Principal - 4390 - OTRAS ACTIVIDADES ESPECIALIZADAS DE CONSTRUCCIÓN | Secundaria 1 - 7020 - ACTIVIDADES DE CONSULTORÍA DE GESTIÓN,4,1,0,0,23/09/2026 22:52,1,1,1,60.7,Alto
20602842330,CONSULTORIA & CONSTRUCCION GRUPO PERGOLA S.A.C.,-,2024,AYACUCHO,26/01/2018,26/01/2018,2018.0,6.0,0,2023,1,1,2,100000.0,1,1.0,1.0,SOCIEDAD ANONIMA CERRADA,ACTIVO,HABIDO,,LIMA/LIMA/SANTIAGO DE SURCO,Principal - 4210 - CONSTRUCCIÓN DE CARRETERAS Y VÍAS DE FERROCARRIL,2.0,Principal - 4210 - CONSTRUCCIÓN DE CARRETERAS Y VÍAS DE FERROCARRIL | Secundaria 1 - 4290 - CONSTRUCCIÓN DE OTRAS OBRAS DE INGENIERÍA CIVIL,3,0,0,0,23/09/2026 23:18,1,1,1,60.7,Alto
20119756821,J.ALVA CENTURION CONTRATISTAS SOCIEDAD ANONIMA CERRADA,JACCSA S.A.C.,2024,CAJAMARCA,29/04/1993,13/06/1978,1978.0,46.0,0,2007,17,1,1,450000.0,1,1.0,1.0,SOCIEDAD ANONIMA CERRADA,ACTIVO,HABIDO,,TACNA/TACNA/TACNA,Principal - 4210 - CONSTRUCCIÓN DE CARRETERAS Y VÍAS DE FERROCARRIL,2.0,Principal - 4210 - CONSTRUCCIÓN DE CARRETERAS Y VÍAS DE FERROCARRIL | Secundaria 1 - 4390 - OTRAS ACTIVIDADES ESPECIALIZADAS DE CONSTRUCCIÓN,0,0,0,0,23/09/2026 22:08,1,1,1,56.7,Mediano alto
20368833089,CONSTRUCTORA QUINTANA E.I.R.L.,-,2024,CAJAMARCA,16/01/2026,16/01/2026,2026.0,,1,2024,0,1,1,500000.0,1,1.0,1.0,EMPRESA INDIVIDUAL DE RESP. LTDA,ACTIVO,HABIDO,,CAJAMARCA/CAJAMARCA/CAJAMARCA,Principal - 4100 - CONSTRUCCIÓN DE EDIFICIOS,1.0,Principal - 4100 - CONSTRUCCIÓN DE EDIFICIOS,0,0,0,0,23/09/2026 22:11,1,1,1,56.7,Mediano alto
20451464567,TEEL SERVICIOS GENERALES S.A.C.,-,2024,CAJAMARCA,21/01/2011,20/01/2011,2011.0,13.0,0,2023,1,1,1,108897825.49,1,0.0,0.0,SOCIEDAD ANONIMA CERRADA,ACTIVO,HABIDO,,PROV. CONST. DEL CALLAO/PROV. CONST. DEL CALLAO/CALLAO,Principal - 4290 - CONSTRUCCIÓN DE OTRAS OBRAS DE INGENIERÍA CIVIL,3.0,Principal - 4290 - CONSTRUCCIÓN DE OTRAS OBRAS DE INGENIERÍA CIVIL | Secundaria 1 - 4659 - VENTA AL POR MAYOR DE OTROS TIPOS DE MAQUINARIA Y EQUIPO | Secundaria 2 - 4520 - MANTENIMIENTO Y REPARACIÓN DE VEHÍCULOS AUTOMOTORES,0,0,0,0,23/09/2026 22:20,1,1,1,56.7,Mediano alto
20480188404,MAS CAMUS INGENIEROS E.I.R.L.,-,2024,CAJAMARCA,18/06/2007,01/06/2007,2007.0,17.0,0,2011,13,1,3,54400790.36,1,0.0,0.0,EMPRESA INDIVIDUAL DE RESP. LTDA,ACTIVO,HABIDO,,AMAZONAS/CHACHAPOYAS/CHACHAPOYAS,Principal - 4100 - CONSTRUCCIÓN DE EDIFICIOS,3.0,Principal - 4100 - CONSTRUCCIÓN DE EDIFICIOS | Secundaria 1 - 4210 - CONSTRUCCIÓN DE CARRETERAS Y VÍAS DE FERROCARRIL | Secundaria 2 - 7110 - ACTIVIDADES DE ARQUITECTURA E INGENIERÍA Y ACTIVIDADES CONEXAS DE CONSULTORÍA TÉCNICA,0,0,0,0,23/09/2026 22:23,1,1,1,56.7,Mediano alto
20491552981,CONSULTORA & CONSTRUCTORA UBR E.I.R.L.,UBR,2024,CAJAMARCA,06/05/2009,01/05/2009,2009.0,15.0,0,2016,8,2,1,191693239.0,2,0.0,0.0,EMPRESA INDIVIDUAL DE RESP. LTDA,ACTIVO,HABIDO,,LIMA/LIMA/SANTA ANITA,Principal - 4290 - CONSTRUCCIÓN DE OTRAS OBRAS DE INGENIERÍA CIVIL,3.0,"Principal - 4290 - CONSTRUCCIÓN DE OTRAS OBRAS DE INGENIERÍA CIVIL | Secundaria 1 - 4663 - VENTA AL POR MAYOR DE MATERIALES DE CONSTRUCCIÓN, ARTÍCULOS DE FERRETERÍA Y EQUIPO Y MATERIALES DE FONTANERÍA Y CALEFACCIÓN | Secundaria 2 - 4923 - TRANSPORTE DE CARGA POR CARRETERA",0,0,0,0,23/09/2026 22:32,1,1,1,56.7,Mediano alto
20495751229,S & J CONTRATISTAS GENERALES SRL,-,2024,CAJAMARCA,12/09/2007,01/07/2008,2008.0,16.0,0,2018,6,1,1,500000.0,1,1.0,1.0,SOC.COM.RESPONS. LTDA,ACTIVO,HABIDO,,CAJAMARCA/CAJAMARCA/CAJAMARCA,Principal - 4100 - CONSTRUCCIÓN DE EDIFICIOS,2.0,Principal - 4100 - CONSTRUCCIÓN DE EDIFICIOS | Secundaria 1 - 4923 - TRANSPORTE DE CARGA POR CARRETERA,2,0,0,0,23/09/2026 22:36,1,1,1,56.7,Mediano alto
20534166240,SCORPION CONTRATISTAS GENERALES S.A.C.,-,2024,CAJAMARCA,26/06/2019,01/07/2019,2019.0,5.0,0,2020,4,1,3,37096894.14,1,0.0,0.0,SOCIEDAD ANONIMA CERRADA,ACTIVO,HABIDO,,LIMA/LIMA/LOS OLIVOS,Principal - 4210 - CONSTRUCCIÓN DE CARRETERAS Y VÍAS DE FERROCARRIL,3.0,"Principal - 4210 - CONSTRUCCIÓN DE CARRETERAS Y VÍAS DE FERROCARRIL | Secundaria 1 - 4663 - VENTA AL POR MAYOR DE MATERIALES DE CONSTRUCCIÓN, ARTÍCULOS DE FERRETERÍA Y EQUIPO Y MATERIALES DE FONTANERÍA Y CALEFACCIÓN | Secundaria 2 - 7730 - ALQUILER Y ARRENDAMIENTO DE OTROS TIPOS DE MAQUINARIA, EQUIPO Y BIENES TANGIBLES",0,0,0,0,23/09/2026 22:50,1,1,1,56.7,Mediano alto
20570646681,SG INGENIEROS CONTRATISTAS E.I.R.L.,-,2024,CAJAMARCA,14/10/2013,01/01/2014,2014.0,10.0,0,2024,0,1,1,500000.0,1,1.0,1.0,EMPRESA INDIVIDUAL DE RESP. LTDA,ACTIVO,HABIDO,,LAMBAYEQUE/CHICLAYO/LA VICTORIA,Principal - 4100 - CONSTRUCCIÓN DE EDIFICIOS,3.0,Principal - 4100 - CONSTRUCCIÓN DE EDIFICIOS | Secundaria 1 - 4923 - TRANSPORTE DE CARGA POR CARRETERA | Secundaria 2 - 4210 - CONSTRUCCIÓN DE CARRETERAS Y VÍAS DE FERROCARRIL,0,0,0,0,23/09/2026 23:01,1,1,1,56.7,Mediano alto
20570690079,CONSTRUCTORA Y MULTISERVICIOS CERCADO S.R.L.,-,2024,CAJAMARCA,02/01/2014,01/01/2014,2014.0,10.0,0,2024,0,1,1,59232198.02,1,0.0,0.0,SOC.COM.RESPONS. LTDA,ACTIVO,HABIDO,,CAJAMARCA/HUALGAYOC/BAMBAMARCA,Principal - 4390 - OTRAS ACTIVIDADES ESPECIALIZADAS DE CONSTRUCCIÓN,3.0,"Principal - 4390 - OTRAS ACTIVIDADES ESPECIALIZADAS DE CONSTRUCCIÓN | Secundaria 1 - 4663 - VENTA AL POR MAYOR DE MATERIALES DE CONSTRUCCIÓN, ARTÍCULOS DE FERRETERÍA Y EQUIPO Y MATERIALES DE FONTANERÍA Y CALEFACCIÓN | Secundaria 2 - 4649 - VENTA AL POR MAYOR DE OTROS ENSERES DOMÉSTICOS",0,0,0,0,23/09/2026 23:01,1,1,1,56.7,Mediano alto
20570698304,GEOANDINA INVERSIONES & OBRAS S.R.L.,-,2024,CAJAMARCA,13/07/2019,01/07/2019,2019.0,5.0,0,2024,0,2,2,42729554.8,2,0.0,0.0,SOC.COM.RESPONS. LTDA,ACTIVO,HABIDO,,LIMA/LIMA/LA MOLINA,Principal - 4210 - CONSTRUCCIÓN DE CARRETERAS Y VÍAS DE FERROCARRIL,3.0,"Principal - 4210 - CONSTRUCCIÓN DE CARRETERAS Y VÍAS DE FERROCARRIL | Secundaria 1 - 4663 - VENTA AL POR MAYOR DE MATERIALES DE CONSTRUCCIÓN, ARTÍCULOS DE FERRETERÍA Y EQUIPO Y MATERIALES DE FONTANERÍA Y CALEFACCIÓN | Secundaria 2 - 8020 - ACTIVIDADES DE SERVICIOS DE SISTEMAS DE SEGURIDAD",0,0,0,0,23/09/2026 23:01,1,1,1,56.7,Mediano alto
20570709861,EMANUEL INGENIERIA Y CONSTRUCCION S.R.L.,-,2024,CAJAMARCA,31/01/2014,01/02/2014,2014.0,10.0,0,2024,0,1,1,23756016.12,1,0.0,0.0,SOC.COM.RESPONS. LTDA,ACTIVO,HABIDO,,CAJAMARCA/HUALGAYOC/BAMBAMARCA,Principal - 4100 - CONSTRUCCIÓN DE EDIFICIOS,3.0,"Principal - 4100 - CONSTRUCCIÓN DE EDIFICIOS | Secundaria 1 - 4290 - CONSTRUCCIÓN DE OTRAS OBRAS DE INGENIERÍA CIVIL | Secundaria 2 - 7730 - ALQUILER Y ARRENDAMIENTO DE OTROS TIPOS DE MAQUINARIA, EQUIPO Y BIENES TANGIBLES",0,0,0,0,23/09/2026 23:01,1,1,1,56.7,Mediano alto
20570740866,M & N CONSULTORES Y CONTRATISTAS GENERALES S.R.L,-,2024,CAJAMARCA,17/03/2014,01/07/2014,2014.0,10.0,0,2017,7,1,1,100000.0,1,1.0,1.0,SOC.COM.RESPONS. LTDA,BAJA DE OFICIO,HABIDO,30/09/2025,LIMA/LIMA/EL AGUSTINO,Principal - 4390 - OTRAS ACTIVIDADES ESPECIALIZADAS DE CONSTRUCCIÓN,1.0,Principal - 4390 - OTRAS ACTIVIDADES ESPECIALIZADAS DE CONSTRUCCIÓN,0,0,0,0,23/09/2026 23:01,1,1,1,56.7,Mediano alto
20600798937,GRAVITY INGENIERIA + CONSTRUCCION S.A.C.,-,2024,CAJAMARCA,10/11/2015,01/12/2015,2015.0,9.0,0,2018,6,1,1,6139353.32,1,0.0,0.0,SOCIEDAD ANONIMA CERRADA,ACTIVO,HABIDO,,CAJAMARCA/CELENDIN/CELENDIN,Principal - 4100 - CONSTRUCCIÓN DE EDIFICIOS,3.0,"Principal - 4100 - CONSTRUCCIÓN DE EDIFICIOS | Secundaria 1 - 4663 - VENTA AL POR MAYOR DE MATERIALES DE CONSTRUCCIÓN, ARTÍCULOS DE FERRETERÍA Y EQUIPO Y MATERIALES DE FONTANERÍA Y CALEFACCIÓN | Secundaria 2 - 4220 - CONSTRUCCIÓN DE PROYECTOS DE SERVICIO PÚBLICO",0,0,0,0,23/09/2026 23:11,1,1,1,56.7,Mediano alto
20609906066,RACEN E.I.R.L.,-,2024,CAJAMARCA,25/08/2022,22/08/2022,2022.0,2.0,0,2024,0,1,1,10970613.88,1,0.0,0.0,EMPRESA INDIVIDUAL DE RESP. LTDA,ACTIVO,HABIDO,,CAJAMARCA/CAJAMARCA/CAJAMARCA,Principal - 7110 - ACTIVIDADES DE ARQUITECTURA E INGENIERÍA Y ACTIVIDADES CONEXAS DE CONSULTORÍA TÉCNICA,3.0,"Principal - 7110 - ACTIVIDADES DE ARQUITECTURA E INGENIERÍA Y ACTIVIDADES CONEXAS DE CONSULTORÍA TÉCNICA | Secundaria 1 - 4100 - CONSTRUCCIÓN DE EDIFICIOS | Secundaria 2 - 7730 - ALQUILER Y ARRENDAMIENTO DE OTROS TIPOS DE MAQUINARIA, EQUIPO Y BIENES TANGIBLES",0,0,0,0,23/09/2026 23:28,1,1,1,56.7,Mediano alto
20610241191,PERSEIDAS BUSINESS E.I.R.L.,-,2024,CAJAMARCA,14/11/2022,06/12/2022,2022.0,2.0,0,2024,0,1,2,5457095.62,1,0.0,0.0,EMPRESA INDIVIDUAL DE RESP. LTDA,ACTIVO,HABIDO,,CAJAMARCA/CAJAMARCA/LOS BAÑOS DEL INCA,Principal - 4100 - CONSTRUCCIÓN DE EDIFICIOS,3.0,"Principal - 4100 - CONSTRUCCIÓN DE EDIFICIOS | Secundaria 1 - 4663 - VENTA AL POR MAYOR DE MATERIALES DE CONSTRUCCIÓN, ARTÍCULOS DE FERRETERÍA Y EQUIPO Y MATERIALES DE FONTANERÍA Y CALEFACCIÓN | Secundaria 2 - 7110 - ACTIVIDADES DE ARQUITECTURA E INGENIERÍA Y ACTIVIDADES CONEXAS DE CONSULTORÍA TÉCNICA",0,0,0,0,23/09/2026 23:28,1,1,1,56.7,Mediano alto
20215462910,NOSA CONTRATISTAS GENERALES S R L,-,2024,CALLAO,23/03/1994,17/03/1994,1994.0,30.0,0,2007,17,1,1,42390389.62,1,0.0,0.0,SOC.COM.RESPONS. LTDA,ACTIVO,HABIDO,,LIMA/LIMA/SURQUILLO,Principal - 4210 - CONSTRUCCIÓN DE CARRETERAS Y VÍAS DE FERROCARRIL,2.0,Principal - 4210 - CONSTRUCCIÓN DE CARRETERAS Y VÍAS DE FERROCARRIL | Secundaria 1 - 4100 - CONSTRUCCIÓN DE EDIFICIOS,0,0,0,0,23/09/2026 22:09,1,1,1,56.1,Mediano alto
20399019355,MURGISA SERVICIOS GENERALES SRL,MURGISA S.R.L.,2024,CALLAO,08/05/1998,08/05/1998,1998.0,26.0,0,2011,13,1,1,241466296.06,1,0.0,0.0,SOC.COM.RESPONS. LTDA,ACTIVO,HABIDO,,PIURA/TALARA/PARIÑAS,Principal - 9609 - OTRAS ACTIVIDADES DE SERVICIOS PERSONALES N.C.P.,3.0,Principal - 9609 - OTRAS ACTIVIDADES DE SERVICIOS PERSONALES N.C.P. | Secundaria 1 - 4290 - CONSTRUCCIÓN DE OTRAS OBRAS DE INGENIERÍA CIVIL | Secundaria 2 - 4220 - CONSTRUCCIÓN DE PROYECTOS DE SERVICIO PÚBLICO,1,0,0,0,23/09/2026 22:14,1,1,1,56.1,Mediano alto
20440439129,CORPORACION V & V CONTRATISTAS GENERALES S.A.C,-,2024,CALLAO,03/06/2003,03/06/2003,2003.0,21.0,0,2010,14,1,1,195761990.15,1,0.0,0.0,SOCIEDAD ANONIMA CERRADA,ACTIVO,HABIDO,,LA LIBERTAD/TRUJILLO/TRUJILLO,Principal - 4100 - CONSTRUCCIÓN DE EDIFICIOS,2.0,Principal - 4100 - CONSTRUCCIÓN DE EDIFICIOS | Secundaria 1 - 7110 - ACTIVIDADES DE ARQUITECTURA E INGENIERÍA Y ACTIVIDADES CONEXAS DE CONSULTORÍA TÉCNICA,0,0,0,0,23/09/2026 22:17,1,1,1,56.1,Mediano alto
20481567549,COMPAKTA INGENIEROS SRL,-,2024,CALLAO,14/05/2007,14/05/2007,2007.0,17.0,0,2024,0,1,1,500000.0,1,1.0,1.0,SOC.COM.RESPONS. LTDA,ACTIVO,HABIDO,,LA LIBERTAD/TRUJILLO/TRUJILLO,Principal - 4100 - CONSTRUCCIÓN DE EDIFICIOS,3.0,Principal - 4100 - CONSTRUCCIÓN DE EDIFICIOS | Secundaria 1 - 7110 - ACTIVIDADES DE ARQUITECTURA E INGENIERÍA Y ACTIVIDADES CONEXAS DE CONSULTORÍA TÉCNICA | Secundaria 2 - 6621 - EVALUACIÓN DE RIESGOS Y DAÑOS,0,0,0,0,23/09/2026 22:24,1,1,1,56.1,Mediano alto
20482100580,VARGAS ESCALANTE CONSTRUCCIONES S.A.C.,-,2024,CALLAO,26/01/2009,26/01/2009,2009.0,15.0,0,2015,9,1,2,100000.0,1,1.0,1.0,SOCIEDAD ANONIMA CERRADA,ACTIVO,HABIDO,,LA LIBERTAD/PACASMAYO/GUADALUPE,Principal - 4100 - CONSTRUCCIÓN DE EDIFICIOS,3.0,"Principal - 4100 - CONSTRUCCIÓN DE EDIFICIOS | Secundaria 1 - 7730 - ALQUILER Y ARRENDAMIENTO DE OTROS TIPOS DE MAQUINARIA, EQUIPO Y BIENES TANGIBLES | Secundaria 2 - 4210 - CONSTRUCCIÓN DE CARRETERAS Y VÍAS DE FERROCARRIL",1,0,0,0,23/09/2026 22:25,1,1,1,56.1,Mediano alto
20482817026,MEGA TECH F S.A.C,MEGA TECH F S.A.C,2024,CALLAO,10/01/2011,10/01/2012,2012.0,12.0,0,2024,0,1,1,100000.0,1,1.0,1.0,SOCIEDAD ANONIMA CERRADA,ACTIVO,HABIDO,,LA LIBERTAD/TRUJILLO/POROTO,Principal - 4220 - CONSTRUCCIÓN DE PROYECTOS DE SERVICIO PÚBLICO,3.0,"Principal - 4220 - CONSTRUCCIÓN DE PROYECTOS DE SERVICIO PÚBLICO | Secundaria 1 - 4923 - TRANSPORTE DE CARGA POR CARRETERA | Secundaria 2 - 7730 - ALQUILER Y ARRENDAMIENTO DE OTROS TIPOS DE MAQUINARIA, EQUIPO Y BIENES TANGIBLES",0,0,0,0,23/09/2026 22:25,1,1,1,56.1,Mediano alto
20523071042,CONSTRUCTORA COPAO S.A.C.,-,2024,CALLAO,09/05/2014,09/05/2014,2014.0,10.0,0,2019,5,1,1,52128986.14,1,0.0,0.0,SOCIEDAD ANONIMA CERRADA,ACTIVO,HABIDO,,LIMA/LIMA/MAGDALENA DEL MAR,Principal - 4390 - OTRAS ACTIVIDADES ESPECIALIZADAS DE CONSTRUCCIÓN,3.0,Principal - 4390 - OTRAS ACTIVIDADES ESPECIALIZADAS DE CONSTRUCCIÓN | Secundaria 1 - 7110 - ACTIVIDADES DE ARQUITECTURA E INGENIERÍA Y ACTIVIDADES CONEXAS DE CONSULTORÍA TÉCNICA | Secundaria 2 - 4923 - TRANSPORTE DE CARGA POR CARRETERA,1,0,0,0,23/09/2026 22:40,1,1,1,56.1,Mediano alto
20545316561,TACTICAL IT S.A.C.,-,2024,CALLAO,17/10/2011,17/10/2011,2011.0,13.0,0,2017,7,1,1,348011907.8,1,0.0,0.0,SOCIEDAD ANONIMA CERRADA,ACTIVO,HABIDO,,LIMA/LIMA/SANTIAGO DE SURCO,Principal - 6190 - OTRAS ACTIVIDADES DE TELECOMUNICACIONES,3.0,Principal - 6190 - OTRAS ACTIVIDADES DE TELECOMUNICACIONES | Secundaria 1 - 4220 - CONSTRUCCIÓN DE PROYECTOS DE SERVICIO PÚBLICO | Secundaria 2 - 4690 - VENTA AL POR MAYOR NO ESPECIALIZADA,0,0,0,0,23/09/2026 22:56,1,1,1,56.1,Mediano alto
20552238665,CONSTRUCTORA CALA E.I.R.L.,-,2024,CALLAO,01/04/2013,05/07/2013,2013.0,11.0,0,2024,0,1,1,100000.0,1,1.0,1.0,EMPRESA INDIVIDUAL DE RESP. LTDA,ACTIVO,HABIDO,,LIMA/LIMA/ATE,Principal - 4220 - CONSTRUCCIÓN DE PROYECTOS DE SERVICIO PÚBLICO,3.0,Principal - 4220 - CONSTRUCCIÓN DE PROYECTOS DE SERVICIO PÚBLICO | Secundaria 1 - 4210 - CONSTRUCCIÓN DE CARRETERAS Y VÍAS DE FERROCARRIL | Secundaria 2 - 7110 - ACTIVIDADES DE ARQUITECTURA E INGENIERÍA Y ACTIVIDADES CONEXAS DE CONSULTORÍA TÉCNICA,0,0,0,0,23/09/2026 22:57,1,1,1,56.1,Mediano alto
20556700487,INOVA CONSTRUCTORA INMOBILIARIA E.I.R.L.,-,2024,CALLAO,25/07/2016,25/07/2016,2016.0,8.0,0,2023,1,1,1,30769555.3,1,1.0,1.0,EMPRESA INDIVIDUAL DE RESP. LTDA,ACTIVO,HABIDO,,LIMA/LIMA/ATE,Principal - 4220 - CONSTRUCCIÓN DE PROYECTOS DE SERVICIO PÚBLICO,3.0,Principal - 4220 - CONSTRUCCIÓN DE PROYECTOS DE SERVICIO PÚBLICO | Secundaria 1 - 4210 - CONSTRUCCIÓN DE CARRETERAS Y VÍAS DE FERROCARRIL | Secundaria 2 - 7110 - ACTIVIDADES DE ARQUITECTURA E INGENIERÍA Y ACTIVIDADES CONEXAS DE CONSULTORÍA TÉCNICA,0,0,0,0,23/09/2026 22:57,1,1,1,56.1,Mediano alto
20559507769,CONSTRUCTORES JASUJA INGENIEROS S.A.C.,CONSTRUCTORA JASUJA,2024,CALLAO,25/01/2019,25/01/2019,2019.0,5.0,0,2023,1,1,2,100000.0,1,1.0,1.0,SOCIEDAD ANONIMA CERRADA,ACTIVO,HABIDO,,LA LIBERTAD/TRUJILLO/LA ESPERANZA,Principal - 4220 - CONSTRUCCIÓN DE PROYECTOS DE SERVICIO PÚBLICO,3.0,"Principal - 4220 - CONSTRUCCIÓN DE PROYECTOS DE SERVICIO PÚBLICO | Secundaria 1 - 7110 - ACTIVIDADES DE ARQUITECTURA E INGENIERÍA Y ACTIVIDADES CONEXAS DE CONSULTORÍA TÉCNICA | Secundaria 2 - 4663 - VENTA AL POR MAYOR DE MATERIALES DE CONSTRUCCIÓN, ARTÍCULOS DE FERRETERÍA Y EQUIPO Y MATERIALES DE FONTANERÍA Y CALEFACCIÓN",0,0,0,0,23/09/2026 22:58,1,1,1,56.1,Mediano alto
20601460204,HUAYÑUNA CONTRATISTAS GENERALES S.A.,-,2024,CALLAO,26/08/2016,26/08/2016,2016.0,8.0,0,2024,0,1,1,15736852.51,1,0.0,0.0,SOCIEDAD ANONIMA,ACTIVO,HABIDO,,APURIMAC/COTABAMBAS/CHALLHUAHUACHO,"Principal - 0810 - EXTRACCIÓN DE PIEDRA, ARENA Y ARCILLA",3.0,"Principal - 0810 - EXTRACCIÓN DE PIEDRA, ARENA Y ARCILLA | Secundaria 1 - 4210 - CONSTRUCCIÓN DE CARRETERAS Y VÍAS DE FERROCARRIL | Secundaria 2 - 7730 - ALQUILER Y ARRENDAMIENTO DE OTROS TIPOS DE MAQUINARIA, EQUIPO Y BIENES TANGIBLES",2,0,0,0,23/09/2026 23:13,1,1,1,56.1,Mediano alto
20601595096,ALDRA SERVICIOS SOCIEDAD ANONIMA CERRADA,-,2024,CALLAO,20/10/2016,20/10/2016,2016.0,8.0,0,2024,0,1,1,100000.0,1,1.0,1.0,SOCIEDAD ANONIMA CERRADA,ACTIVO,HABIDO,,LIMA/LIMA/PACHACAMAC,Principal - 4100 - CONSTRUCCIÓN DE EDIFICIOS,2.0,Principal - 4100 - CONSTRUCCIÓN DE EDIFICIOS | Secundaria 1 - 4390 - OTRAS ACTIVIDADES ESPECIALIZADAS DE CONSTRUCCIÓN,1,0,0,0,23/09/2026 23:14,1,1,1,56.1,Mediano alto
20609132079,BRAHMCO CONTRATISTAS GENERALES SOCIEDAD ANONIMA CERRADA,BRAHMCO,2024,CALLAO,22/02/2022,25/02/2022,2022.0,2.0,0,2024,0,1,1,400000.0,1,1.0,1.0,SOCIEDAD ANONIMA CERRADA,ACTIVO,HABIDO,,LIMA/LIMA/SAN JUAN DE LURIGANCHO,Principal - 2511 - FABRICACION DE PRODUCTOS METALICOS PARA USO ESTRUCTURAL,3.0,"Principal - 2511 - FABRICACION DE PRODUCTOS METALICOS PARA USO ESTRUCTURAL | Secundaria 1 - 4663 - VENTA AL POR MAYOR DE MATERIALES DE CONSTRUCCIÓN, ARTÍCULOS DE FERRETERÍA Y EQUIPO Y MATERIALES DE FONTANERÍA Y CALEFACCIÓN | Secundaria 2 - 4321 - INSTALACIONES ELÉCTRICAS",0,0,0,0,23/09/2026 23:27,1,1,1,56.1,Mediano alto
20106758477,MANT.CONST.Y PROYECTOS GRALES S.A.C.,MANTTO S.A.C.,2024,CUSCO,21/04/1993,01/06/1991,1991.0,33.0,0,2008,16,1,2,100000.0,1,1.0,1.0,SOCIEDAD ANONIMA CERRADA,ACTIVO,HABIDO,,LIMA/LIMA/PACHACAMAC,Principal - 4100 - CONSTRUCCIÓN DE EDIFICIOS,1.0,Principal - 4100 - CONSTRUCCIÓN DE EDIFICIOS,2,0,0,0,23/09/2026 22:08,1,1,1,58.5,Mediano alto
20489558433,CONSTRUCTORA INMOBILIARIA Y SERVICIOS CHOCOS ESPINOZA SRL - CISCE S.R.L.,-,2024,CUSCO,11/12/2014,11/12/2014,2014.0,10.0,0,2023,1,1,2,6271116.34,1,1.0,1.0,SOC.COM.RESPONS. LTDA,ACTIVO,HABIDO,,HUANUCO/HUANUCO/HUANUCO,Principal - 4100 - CONSTRUCCIÓN DE EDIFICIOS,3.0,"Principal - 4100 - CONSTRUCCIÓN DE EDIFICIOS | Secundaria 1 - 7730 - ALQUILER Y ARRENDAMIENTO DE OTROS TIPOS DE MAQUINARIA, EQUIPO Y BIENES TANGIBLES | Secundaria 2 - 8550 - ACTIVIDADES DE APOYO A LA ENSEÑANZA",0,0,0,0,23/09/2026 22:31,1,1,1,58.5,Mediano alto
20493537742,CONSTRUCTORA M & J S.A.C.,CONSTRUCTORA M & J SAC,2024,CUSCO,22/12/2006,01/01/2007,2007.0,17.0,0,2013,11,1,4,1098458521.47,1,0.0,0.0,SOCIEDAD ANONIMA CERRADA,ACTIVO,HABIDO,,LORETO/MAYNAS/IQUITOS,Principal - 4390 - OTRAS ACTIVIDADES ESPECIALIZADAS DE CONSTRUCCIÓN,3.0,"Principal - 4390 - OTRAS ACTIVIDADES ESPECIALIZADAS DE CONSTRUCCIÓN | Secundaria 1 - 7730 - ALQUILER Y ARRENDAMIENTO DE OTROS TIPOS DE MAQUINARIA, EQUIPO Y BIENES TANGIBLES | Secundaria 2 - 4923 - TRANSPORTE DE CARGA POR CARRETERA",1,0,0,0,23/09/2026 22:33,1,1,1,58.5,Mediano alto
20527164207,CONSTRUCTORA NODECO EMPRESA INDIVIDUAL DE RESPONSABILIDAD LIMITADA,CONSTRUCTORA NODECO E.I.R.L.,2024,CUSCO,04/03/2003,04/03/2003,2003.0,21.0,0,2014,10,1,1,17879322.1,1,0.0,0.0,EMPRESA INDIVIDUAL DE RESP. LTDA,ACTIVO,HABIDO,,CUSCO/CUSCO/WANCHAQ,Principal - 4100 - CONSTRUCCIÓN DE EDIFICIOS,3.0,"Principal - 4100 - CONSTRUCCIÓN DE EDIFICIOS | Secundaria 1 - 4210 - CONSTRUCCIÓN DE CARRETERAS Y VÍAS DE FERROCARRIL | Secundaria 2 - 4752 - VENTA AL POR MENOR DE ARTÍCULOS DE FERRETERÍA, PINTURAS Y PRODUCTOS DE VIDRIO EN COMERCIOS ESPECIALIZADOS",0,0,0,0,23/09/2026 22:42,1,1,1,58.5,Mediano alto
20559291901,DELBET CONSTRUCTORA Y ASOCIADOS S.R.L.,DELBET S.R.L.,2024,CUSCO,05/08/2014,05/08/2014,2014.0,10.0,0,2024,0,1,1,75998855.72,1,0.0,0.0,SOC.COM.RESPONS. LTDA,ACTIVO,HABIDO,,AREQUIPA/AREQUIPA/CERRO COLORADO,Principal - 4100 - CONSTRUCCIÓN DE EDIFICIOS,3.0,"Principal - 4100 - CONSTRUCCIÓN DE EDIFICIOS | Secundaria 1 - 7730 - ALQUILER Y ARRENDAMIENTO DE OTROS TIPOS DE MAQUINARIA, EQUIPO Y BIENES TANGIBLES | Secundaria 2 - 4923 - TRANSPORTE DE CARGA POR CARRETERA",0,1,0,0,23/09/2026 22:58,1,1,1,58.5,Mediano alto
20606079941,GRUPO RH AUDITORES & CONSULTING E.I.R.L.,-,2024,CUSCO,15/06/2020,12/06/2020,2020.0,4.0,0,2024,0,1,1,5983972.1,1,0.0,0.0,EMPRESA INDIVIDUAL DE RESP. LTDA,ACTIVO,HABIDO,,PUNO/SAN ROMAN/JULIACA,Principal - 4100 - CONSTRUCCIÓN DE EDIFICIOS,3.0,"Principal - 4100 - CONSTRUCCIÓN DE EDIFICIOS | Secundaria 1 - 7730 - ALQUILER Y ARRENDAMIENTO DE OTROS TIPOS DE MAQUINARIA, EQUIPO Y BIENES TANGIBLES | Secundaria 2 - 9311 - GESTIÓN DE INSTALACIONES DEPORTIVAS",0,0,0,0,23/09/2026 23:24,1,1,1,58.5,Mediano alto
20611055944,GRUPO BEHER S.A.C.,-,2024,CUSCO,26/05/2023,26/05/2023,2023.0,1.0,0,2024,0,1,1,401695650.56,1,0.0,0.0,SOCIEDAD ANONIMA CERRADA,ACTIVO,HABIDO,,LORETO/MAYNAS/SAN JUAN BAUTISTA,Principal - 4100 - CONSTRUCCIÓN DE EDIFICIOS,3.0,"Principal - 4100 - CONSTRUCCIÓN DE EDIFICIOS | Secundaria 1 - 7730 - ALQUILER Y ARRENDAMIENTO DE OTROS TIPOS DE MAQUINARIA, EQUIPO Y BIENES TANGIBLES | Secundaria 2 - 4663 - VENTA AL POR MAYOR DE MATERIALES DE CONSTRUCCIÓN, ARTÍCULOS DE FERRETERÍA Y EQUIPO Y MATERIALES DE FONTANERÍA Y CALEFACCIÓN",0,0,0,0,23/09/2026 23:29,1,1,1,58.5,Mediano alto
20100047218,BANCO DE CREDITO DEL PERU,BANCO DE CREDITO DEL PERU,2024,HUANCAVELICA,09/10/1992,09/04/1889,1889.0,135.0,0,2013,11,1,1,,0,,,SOCIEDAD ANONIMA,ACTIVO,HABIDO,,LIMA/LIMA/LA MOLINA,Principal - 6419 - OTROS TIPOS DE INTERMEDIACIÓN MONETARIA,2.0,Principal - 6419 - OTROS TIPOS DE INTERMEDIACIÓN MONETARIA | Secundaria 1 - 6491 - ARRENDAMIENTO FINANCIERO,0,0,0,0,23/09/2026 22:07,1,1,1,68.6,Alto
20486299038,INVERSIONES PERUVIAN SAC,INPESAC,2024,HUANCAVELICA,20/04/2005,18/04/2005,2005.0,19.0,0,2011,13,1,1,100000.0,1,1.0,1.0,SOCIEDAD ANONIMA CERRADA,BAJA PROV. POR OFICIO,NO HABIDO,31/07/2026,JUNIN/HUANCAYO/HUANCAYO,Principal - 4210 - CONSTRUCCIÓN DE CARRETERAS Y VÍAS DE FERROCARRIL,2.0,Principal - 4210 - CONSTRUCCIÓN DE CARRETERAS Y VÍAS DE FERROCARRIL | Secundaria 2 - 4390 - OTRAS ACTIVIDADES ESPECIALIZADAS DE CONSTRUCCIÓN,0,0,0,0,23/09/2026 22:27,1,1,1,68.6,Alto
20486404273,GIR INGENIERIA Y CONSTRUCCION CONTRATISTAS GENERALES S.A.C.,-,2024,HUANCAVELICA,14/02/2006,09/05/2006,2006.0,18.0,0,2013,11,2,2,100000.0,2,2.0,1.0,SOCIEDAD ANONIMA CERRADA,ACTIVO,HABIDO,,LIMA/LIMA/ATE,Principal - 4923 - TRANSPORTE DE CARGA POR CARRETERA,3.0,"Principal - 4923 - TRANSPORTE DE CARGA POR CARRETERA | Secundaria 1 - 2395 - FABRICACIÓN DE ARTÍCULOS DE HORMIGÓN, CEMENTO Y YESO | Secundaria 2 - 4210 - CONSTRUCCIÓN DE CARRETERAS Y VÍAS DE FERROCARRIL",1,7,0,0,23/09/2026 22:27,1,1,1,68.6,Alto
20600827252,M & R EDIFICACIONES S.A.C.,-,2024,HUANCAVELICA,21/11/2015,01/12/2015,2015.0,9.0,0,2024,0,1,1,100000.0,1,1.0,1.0,SOCIEDAD ANONIMA CERRADA,ACTIVO,HABIDO,,LIMA/LIMA/EL AGUSTINO,Principal - 4210 - CONSTRUCCIÓN DE CARRETERAS Y VÍAS DE FERROCARRIL,3.0,"Principal - 4210 - CONSTRUCCIÓN DE CARRETERAS Y VÍAS DE FERROCARRIL | Secundaria 1 - 4923 - TRANSPORTE DE CARGA POR CARRETERA | Secundaria 2 - 7730 - ALQUILER Y ARRENDAMIENTO DE OTROS TIPOS DE MAQUINARIA, EQUIPO Y BIENES TANGIBLES",0,0,0,0,23/09/2026 23:11,1,1,1,68.6,Alto
20602768261,GRUPO CORPORATIVO ALCALA S.A.C.,-,2024,HUANCAVELICA,04/01/2018,04/01/2018,2018.0,6.0,0,2024,0,1,1,100000.0,1,1.0,1.0,SOCIEDAD ANONIMA CERRADA,ACTIVO,HABIDO,,LIMA/LIMA/EL AGUSTINO,Principal - 4290 - CONSTRUCCIÓN DE OTRAS OBRAS DE INGENIERÍA CIVIL,3.0,"Principal - 4290 - CONSTRUCCIÓN DE OTRAS OBRAS DE INGENIERÍA CIVIL | Secundaria 1 - 4663 - VENTA AL POR MAYOR DE MATERIALES DE CONSTRUCCIÓN, ARTÍCULOS DE FERRETERÍA Y EQUIPO Y MATERIALES DE FONTANERÍA Y CALEFACCIÓN | Secundaria 2 - 7730 - ALQUILER Y ARRENDAMIENTO DE OTROS TIPOS DE MAQUINARIA, EQUIPO Y BIENES TANGIBLES",0,0,0,0,23/09/2026 23:17,1,1,1,68.6,Alto
20605238468,GRANDES XTRUCTURAS S.A.C.,-,2024,HUANCAVELICA,10/09/2019,10/09/2019,2019.0,5.0,0,2024,0,1,1,1705962781.4,1,0.0,0.0,SOCIEDAD ANONIMA CERRADA,ACTIVO,HABIDO,,LA LIBERTAD/TRUJILLO/VICTOR LARCO HERRERA,Principal - 4220 - CONSTRUCCIÓN DE PROYECTOS DE SERVICIO PÚBLICO,3.0,Principal - 4220 - CONSTRUCCIÓN DE PROYECTOS DE SERVICIO PÚBLICO | Secundaria 1 - 7820 - ACTIVIDADES DE AGENCIAS DE EMPLEO TEMPORAL | Secundaria 2 - 7110 - ACTIVIDADES DE ARQUITECTURA E INGENIERÍA Y ACTIVIDADES CONEXAS DE CONSULTORÍA TÉCNICA,1,0,0,0,23/09/2026 23:23,1,1,1,68.6,Alto
20226217003,GARCIA VARGAS INGENIEROS CONSTRUCTORES S.R.L.,GAVIC S R L,2024,HUANUCO,25/08/1994,09/08/1994,1994.0,30.0,0,2007,17,1,2,159937870.28,1,0.0,0.0,SOC.COM.RESPONS. LTDA,ACTIVO,HABIDO,,CAJAMARCA/CAJAMARCA/CAJAMARCA,Principal - 7110 - ACTIVIDADES DE ARQUITECTURA E INGENIERÍA Y ACTIVIDADES CONEXAS DE CONSULTORÍA TÉCNICA,3.0,"Principal - 7110 - ACTIVIDADES DE ARQUITECTURA E INGENIERÍA Y ACTIVIDADES CONEXAS DE CONSULTORÍA TÉCNICA | Secundaria 1 - 4100 - CONSTRUCCIÓN DE EDIFICIOS | Secundaria 2 - 7730 - ALQUILER Y ARRENDAMIENTO DE OTROS TIPOS DE MAQUINARIA, EQUIPO Y BIENES TANGIBLES",1,0,0,0,23/09/2026 22:09,1,1,1,58.2,Mediano alto
20407836872,'CONSTRUCTORA ANAID' E.I.R.L.,'CONSTRUCTORA ANAID' E.I.R.L.,2024,HUANUCO,06/01/2009,15/01/2009,2009.0,15.0,0,2024,0,1,2,32190460.87,1,0.0,0.0,EMPRESA INDIVIDUAL DE RESP. LTDA,ACTIVO,HABIDO,,ANCASH/CARLOS F. FITZCARRALD/SAN LUIS,Principal - 4210 - CONSTRUCCIÓN DE CARRETERAS Y VÍAS DE FERROCARRIL,3.0,"Principal - 4210 - CONSTRUCCIÓN DE CARRETERAS Y VÍAS DE FERROCARRIL | Secundaria 1 - 3600 - CAPTACIÓN, TRATAMIENTO Y DISTRIBUCIÓN DE AGUA | Secundaria 2 - 7730 - ALQUILER Y ARRENDAMIENTO DE OTROS TIPOS DE MAQUINARIA, EQUIPO Y BIENES TANGIBLES",0,0,0,0,23/09/2026 22:14,1,1,1,58.2,Mediano alto
20486743302,CONSTRUCTORA DEL CENTRO E.I.R.L.,CONCEN EIRL,2024,HUANUCO,18/12/2007,01/01/2008,2008.0,16.0,0,2024,0,1,3,28933255.05,1,0.0,0.0,EMPRESA INDIVIDUAL DE RESP. LTDA,ACTIVO,HABIDO,,JUNIN/TARMA/TARMA,Principal - 4290 - CONSTRUCCIÓN DE OTRAS OBRAS DE INGENIERÍA CIVIL,3.0,Principal - 4290 - CONSTRUCCIÓN DE OTRAS OBRAS DE INGENIERÍA CIVIL | Secundaria 1 - 7110 - ACTIVIDADES DE ARQUITECTURA E INGENIERÍA Y ACTIVIDADES CONEXAS DE CONSULTORÍA TÉCNICA | Secundaria 2 - 4210 - CONSTRUCCIÓN DE CARRETERAS Y VÍAS DE FERROCARRIL,1,0,0,0,23/09/2026 22:27,1,1,1,58.2,Mediano alto
20486751151,JAMECH SOCIEDAD COMERCIAL DE RESPONSABILIDAD LIMITADA,-,2024,HUANUCO,05/05/2011,05/05/2011,2011.0,13.0,0,2024,0,2,1,9901026.9,2,0.0,0.0,SOC.COM.RESPONS. LTDA,ACTIVO,HABIDO,,JUNIN/HUANCAYO/CHILCA,Principal - 4290 - CONSTRUCCIÓN DE OTRAS OBRAS DE INGENIERÍA CIVIL,3.0,"Principal - 4290 - CONSTRUCCIÓN DE OTRAS OBRAS DE INGENIERÍA CIVIL | Secundaria 1 - 7730 - ALQUILER Y ARRENDAMIENTO DE OTROS TIPOS DE MAQUINARIA, EQUIPO Y BIENES TANGIBLES | Secundaria 2 - 4663 - VENTA AL POR MAYOR DE MATERIALES DE CONSTRUCCIÓN, ARTÍCULOS DE FERRETERÍA Y EQUIPO Y MATERIALES DE FONTANERÍA Y CALEFACCIÓN",0,0,0,0,23/09/2026 22:27,1,1,1,58.2,Mediano alto
20487913791,TECHQUK S.A.C.,TECHQUK S.A.C.,2024,HUANUCO,09/02/2012,01/02/2012,2012.0,12.0,0,2021,3,2,1,167767514.62,2,0.0,0.0,SOCIEDAD ANONIMA CERRADA,ACTIVO,HABIDO,,LAMBAYEQUE/CHICLAYO/CHICLAYO,"Principal - 4741 - VENTA AL POR MENOR DE ORDENADORES, EQUIPO PERIFÉRICO, PROGRAMA DE INFORM. Y EQU. DE TELEC. EN COMERCIOS ESPECIALIZADOS",3.0,"Principal - 4741 - VENTA AL POR MENOR DE ORDENADORES, EQUIPO PERIFÉRICO, PROGRAMA DE INFORM. Y EQU. DE TELEC. EN COMERCIOS ESPECIALIZADOS | Secundaria 1 - 6190 - OTRAS ACTIVIDADES DE TELECOMUNICACIONES | Secundaria 2 - 4100 - CONSTRUCCIÓN DE EDIFICIOS",0,0,0,0,23/09/2026 22:29,1,1,1,58.2,Mediano alto
20489466741,INVERSIONES HILARIO S.A.C.,INVERSIONES HILARIO S.A.C.,2024,HUANUCO,07/08/2006,18/07/2006,2006.0,18.0,0,2006,18,1,1,20507403.53,1,0.0,0.0,SOCIEDAD ANONIMA CERRADA,ACTIVO,HABIDO,,HUANUCO/HUANUCO/AMARILIS,Principal - 4290 - CONSTRUCCIÓN DE OTRAS OBRAS DE INGENIERÍA CIVIL,2.0,"Principal - 4290 - CONSTRUCCIÓN DE OTRAS OBRAS DE INGENIERÍA CIVIL | Secundaria 1 - 7730 - ALQUILER Y ARRENDAMIENTO DE OTROS TIPOS DE MAQUINARIA, EQUIPO Y BIENES TANGIBLES",0,0,0,0,23/09/2026 22:30,1,1,1,58.2,Mediano alto
20489475228,AMARILIS ENGINEERS CONSTRUCTORS & CONSULTANS SOCIEDAD COMERCIAL DE RESPONSABILIDAD LIMITADA,A & E S.R.L.,2024,HUANUCO,22/09/2006,22/09/2006,2006.0,18.0,0,2012,12,1,1,100000.0,1,1.0,1.0,SOC.COM.RESPONS. LTDA,ACTIVO,HABIDO,,HUANUCO/HUANUCO/AMARILIS,Principal - 4390 - OTRAS ACTIVIDADES ESPECIALIZADAS DE CONSTRUCCIÓN,2.0,"Principal - 4390 - OTRAS ACTIVIDADES ESPECIALIZADAS DE CONSTRUCCIÓN | Secundaria 1 - 7730 - ALQUILER Y ARRENDAMIENTO DE OTROS TIPOS DE MAQUINARIA, EQUIPO Y BIENES TANGIBLES",1,0,0,0,23/09/2026 22:30,1,1,1,58.2,Mediano alto
20489536979,CONSTRUCTORA Y CONSULTORA 'FISA' SOCIEDAD ANONIMA CERRADA,-,2024,HUANUCO,08/05/2007,05/07/2007,2007.0,17.0,0,2013,11,2,2,99122010.24,2,0.0,0.0,SOCIEDAD ANONIMA CERRADA,ACTIVO,HABIDO,,HUANUCO/HUANUCO/AMARILIS,Principal - 7110 - ACTIVIDADES DE ARQUITECTURA E INGENIERÍA Y ACTIVIDADES CONEXAS DE CONSULTORÍA TÉCNICA,3.0,Principal - 7110 - ACTIVIDADES DE ARQUITECTURA E INGENIERÍA Y ACTIVIDADES CONEXAS DE CONSULTORÍA TÉCNICA | Secundaria 1 - 4923 - TRANSPORTE DE CARGA POR CARRETERA | Secundaria 2 - 4210 - CONSTRUCCIÓN DE CARRETERAS Y VÍAS DE FERROCARRIL,0,2,0,0,23/09/2026 22:31,1,1,1,58.2,Mediano alto
20489544998,'E & S' SOCIEDAD ANONIMA,-,2024,HUANUCO,01/06/2007,01/06/2007,2007.0,17.0,0,2010,14,1,2,236719862.42,1,0.0,0.0,SOCIEDAD ANONIMA,ACTIVO,HABIDO,,HUANUCO/HUANUCO/HUANUCO,Principal - 4210 - CONSTRUCCIÓN DE CARRETERAS Y VÍAS DE FERROCARRIL,3.0,"Principal - 4210 - CONSTRUCCIÓN DE CARRETERAS Y VÍAS DE FERROCARRIL | Secundaria 1 - 4220 - CONSTRUCCIÓN DE PROYECTOS DE SERVICIO PÚBLICO | Secundaria 2 - 7730 - ALQUILER Y ARRENDAMIENTO DE OTROS TIPOS DE MAQUINARIA, EQUIPO Y BIENES TANGIBLES",2,1,0,0,23/09/2026 22:31,1,1,1,58.2,Mediano alto
20489558433,CONSTRUCTORA INMOBILIARIA Y SERVICIOS CHOCOS ESPINOZA SRL - CISCE S.R.L.,-,2024,HUANUCO,11/12/2014,11/12/2014,2014.0,10.0,0,2023,1,1,2,6271116.34,1,0.0,0.0,SOC.COM.RESPONS. LTDA,ACTIVO,HABIDO,,HUANUCO/HUANUCO/HUANUCO,Principal - 4100 - CONSTRUCCIÓN DE EDIFICIOS,3.0,"Principal - 4100 - CONSTRUCCIÓN DE EDIFICIOS | Secundaria 1 - 7730 - ALQUILER Y ARRENDAMIENTO DE OTROS TIPOS DE MAQUINARIA, EQUIPO Y BIENES TANGIBLES | Secundaria 2 - 8550 - ACTIVIDADES DE APOYO A LA ENSEÑANZA",0,0,0,0,23/09/2026 22:31,1,1,1,58.2,Mediano alto
20489650674,INVERSIONES Y NEGOCIACIONES ORIENTE E.I.R.L.,-,2024,HUANUCO,24/04/2008,01/05/2008,2008.0,16.0,0,2010,14,1,2,100000.0,1,1.0,1.0,EMPRESA INDIVIDUAL DE RESP. LTDA,ACTIVO,HABIDO,,HUANUCO/HUANUCO/AMARILIS,Principal - 4100 - CONSTRUCCIÓN DE EDIFICIOS,3.0,Principal - 4100 - CONSTRUCCIÓN DE EDIFICIOS | Secundaria 1 - 4210 - CONSTRUCCIÓN DE CARRETERAS Y VÍAS DE FERROCARRIL | Secundaria 2 - 5221 - ACTIVIDADES DE SERVICIOS VINCULADAS AL TRANSPORTE TERRESTRE,1,0,0,0,23/09/2026 22:31,1,1,1,58.2,Mediano alto
20489717175,"EMPRESA ""CORAZON DE JESUS"" EMPRESA INDIVIDUAL DE RESPONSABILIDAD LIMITADA",-,2024,HUANUCO,20/04/2022,19/04/2022,2022.0,2.0,0,2024,0,1,1,100000.0,1,1.0,1.0,EMPRESA INDIVIDUAL DE RESP. LTDA,ACTIVO,HABIDO,,HUANUCO/HUANUCO/PILLCO MARCA,Principal - 4100 - CONSTRUCCIÓN DE EDIFICIOS,2.0,Principal - 4100 - CONSTRUCCIÓN DE EDIFICIOS | Secundaria 1 - 4290 - CONSTRUCCIÓN DE OTRAS OBRAS DE INGENIERÍA CIVIL,0,0,0,0,23/09/2026 22:32,1,1,1,58.2,Mediano alto
20514155403,CORPORACION INTEGRACION Y DESARROLLO SOCIEDAD ANONIMA CERRADA,-,2024,HUANUCO,05/09/2012,02/10/2006,2006.0,18.0,0,2024,0,1,1,100000.0,1,1.0,1.0,SOCIEDAD ANONIMA CERRADA,ACTIVO,HABIDO,,LIMA/LIMA/JESUS MARIA,Principal - 4390 - OTRAS ACTIVIDADES ESPECIALIZADAS DE CONSTRUCCIÓN,2.0,Principal - 4390 - OTRAS ACTIVIDADES ESPECIALIZADAS DE CONSTRUCCIÓN | Secundaria 1 - 7110 - ACTIVIDADES DE ARQUITECTURA E INGENIERÍA Y ACTIVIDADES CONEXAS DE CONSULTORÍA TÉCNICA,0,0,0,0,23/09/2026 22:38,1,1,1,58.2,Mediano alto
20515422154,CONSTRUCTORA COPER S.A.C.,-,2024,HUANUCO,08/03/2007,08/03/2007,2007.0,17.0,0,2023,1,1,3,100095766.69,1,0.0,0.0,SOCIEDAD ANONIMA CERRADA,ACTIVO,HABIDO,,LIMA/LIMA/PUENTE PIEDRA,Principal - 4220 - CONSTRUCCIÓN DE PROYECTOS DE SERVICIO PÚBLICO,3.0,"Principal - 4220 - CONSTRUCCIÓN DE PROYECTOS DE SERVICIO PÚBLICO | Secundaria 1 - 4210 - CONSTRUCCIÓN DE CARRETERAS Y VÍAS DE FERROCARRIL | Secundaria 2 - 7730 - ALQUILER Y ARRENDAMIENTO DE OTROS TIPOS DE MAQUINARIA, EQUIPO Y BIENES TANGIBLES",0,0,0,0,23/09/2026 22:39,1,1,1,58.2,Mediano alto
20528910433,CONSTRUCTORA Y CONSULTORES FALIM E.I.R.L.,-,2024,HUANUCO,11/03/2009,11/03/2009,2009.0,15.0,0,2024,0,1,2,28944270.81,1,0.0,0.0,EMPRESA INDIVIDUAL DE RESP. LTDA,ACTIVO,HABIDO,,UCAYALI/CORONEL PORTILLO/YARINACOCHA,"Principal - 7730 - ALQUILER Y ARRENDAMIENTO DE OTROS TIPOS DE MAQUINARIA, EQUIPO Y BIENES TANGIBLES",3.0,"Principal - 7730 - ALQUILER Y ARRENDAMIENTO DE OTROS TIPOS DE MAQUINARIA, EQUIPO Y BIENES TANGIBLES | Secundaria 1 - 4290 - CONSTRUCCIÓN DE OTRAS OBRAS DE INGENIERÍA CIVIL | Secundaria 2 - 7110 - ACTIVIDADES DE ARQUITECTURA E INGENIERÍA Y ACTIVIDADES CONEXAS DE CONSULTORÍA TÉCNICA",0,0,0,0,23/09/2026 22:43,1,1,1,58.2,Mediano alto
20529066521,RONY DIAZ CONTRATISTAS EMPRESA INDIVIDUAL DE RESPONSABILIDAD LIMITADA,-,2024,HUANUCO,02/06/2010,02/06/2010,2010.0,14.0,0,2014,10,1,3,120813293.51,1,0.0,0.0,EMPRESA INDIVIDUAL DE RESP. LTDA,ACTIVO,HABIDO,,LIMA/LIMA/BREÑA,Principal - 4923 - TRANSPORTE DE CARGA POR CARRETERA,3.0,Principal - 4923 - TRANSPORTE DE CARGA POR CARRETERA | Secundaria 1 - 4100 - CONSTRUCCIÓN DE EDIFICIOS | Secundaria 2 - 4210 - CONSTRUCCIÓN DE CARRETERAS Y VÍAS DE FERROCARRIL,0,0,0,0,23/09/2026 22:44,1,1,1,58.2,Mediano alto
20529169842,CONTRATISTAS GENERALES ZEDFIN PERU EMPRESA INDIVIDUAL DE RESPONSABILIDAD LIMITADA,CONSTRUCTORA CONSULTORA ZEDFIN,2024,HUANUCO,25/02/2016,01/03/2016,2016.0,8.0,0,2020,4,1,1,100000.0,1,1.0,1.0,EMPRESA INDIVIDUAL DE RESP. LTDA,ACTIVO,HABIDO,,HUANUCO/HUANUCO/AMARILIS,Principal - 4100 - CONSTRUCCIÓN DE EDIFICIOS,3.0,Principal - 4100 - CONSTRUCCIÓN DE EDIFICIOS | Secundaria 1 - 7110 - ACTIVIDADES DE ARQUITECTURA E INGENIERÍA Y ACTIVIDADES CONEXAS DE CONSULTORÍA TÉCNICA | Secundaria 2 - 4290 - CONSTRUCCIÓN DE OTRAS OBRAS DE INGENIERÍA CIVIL,0,0,0,0,23/09/2026 22:44,1,1,1,58.2,Mediano alto
20529202998,CONSTRUCTORA MINERA DE SERVICIOS MULTIPLES SANTANA SOCIEDAD ANONIMA CERRADA,COMISEMS S.A.C.,2024,HUANUCO,07/04/2011,07/04/2011,2011.0,13.0,0,2013,11,1,4,49791999.33,1,0.0,0.0,SOCIEDAD ANONIMA CERRADA,ACTIVO,HABIDO,,LIMA/LIMA/SAN LUIS,Principal - 4210 - CONSTRUCCIÓN DE CARRETERAS Y VÍAS DE FERROCARRIL,3.0,Principal - 4210 - CONSTRUCCIÓN DE CARRETERAS Y VÍAS DE FERROCARRIL | Secundaria 1 - 5590 - OTRAS ACTIVIDADES DE ALOJAMIENTO | Secundaria 2 - 4390 - OTRAS ACTIVIDADES ESPECIALIZADAS DE CONSTRUCCIÓN,0,0,0,0,23/09/2026 22:45,1,1,1,58.2,Mediano alto
20531054327,SAN ISIDRO-L S.R.L.,-,2024,HUANUCO,08/01/2007,08/01/2007,2007.0,17.0,0,2024,0,1,1,100000.0,1,1.0,1.0,SOC.COM.RESPONS. LTDA,ACTIVO,PENDIENTE,,ANCASH/HUARAZ/INDEPENDENCIA,Principal - 4390 - OTRAS ACTIVIDADES ESPECIALIZADAS DE CONSTRUCCIÓN,1.0,Principal - 4390 - OTRAS ACTIVIDADES ESPECIALIZADAS DE CONSTRUCCIÓN,1,0,0,0,23/09/2026 22:46,1,1,1,58.2,Mediano alto
20534013508,JV & B S.R.L.,-,2024,HUANUCO,10/11/2007,10/11/2007,2007.0,17.0,0,2010,14,1,1,500000.0,1,0.0,0.0,SOC.COM.RESPONS. LTDA,ACTIVO,HABIDO,,ANCASH/HUARAZ/INDEPENDENCIA,Principal - 7110 - ACTIVIDADES DE ARQUITECTURA E INGENIERÍA Y ACTIVIDADES CONEXAS DE CONSULTORÍA TÉCNICA,3.0,Principal - 7110 - ACTIVIDADES DE ARQUITECTURA E INGENIERÍA Y ACTIVIDADES CONEXAS DE CONSULTORÍA TÉCNICA | Secundaria 1 - 4100 - CONSTRUCCIÓN DE EDIFICIOS | Secundaria 2 - 4923 - TRANSPORTE DE CARGA POR CARRETERA,0,0,0,0,23/09/2026 22:49,1,1,1,58.2,Mediano alto
20542191059,DAMBEZ COMPANY E.I.R.L.,-,2024,HUANUCO,07/05/2011,17/12/2011,2011.0,13.0,0,2020,4,3,2,163445326.5,3,0.0,0.0,EMPRESA INDIVIDUAL DE RESP. LTDA,ACTIVO,HABIDO,,ANCASH/HUARAZ/INDEPENDENCIA,Principal - 4290 - CONSTRUCCIÓN DE OTRAS OBRAS DE INGENIERÍA CIVIL,3.0,Principal - 4290 - CONSTRUCCIÓN DE OTRAS OBRAS DE INGENIERÍA CIVIL | Secundaria 1 - 4220 - CONSTRUCCIÓN DE PROYECTOS DE SERVICIO PÚBLICO | Secundaria 2 - 7110 - ACTIVIDADES DE ARQUITECTURA E INGENIERÍA Y ACTIVIDADES CONEXAS DE CONSULTORÍA TÉCNICA,0,1,0,0,23/09/2026 22:55,1,1,1,58.2,Mediano alto
20542344653,CORPORACION SANTO DOMINGO CONTRATISTAS GENERALES E.I.R.L.,-,2024,HUANUCO,26/06/2013,01/07/2013,2013.0,11.0,0,2024,0,1,1,100000.0,1,1.0,1.0,EMPRESA INDIVIDUAL DE RESP. LTDA,ACTIVO,HABIDO,,SAN MARTIN/TOCACHE/UCHIZA,Principal - 4100 - CONSTRUCCIÓN DE EDIFICIOS,3.0,"Principal - 4100 - CONSTRUCCIÓN DE EDIFICIOS | Secundaria 1 - 7730 - ALQUILER Y ARRENDAMIENTO DE OTROS TIPOS DE MAQUINARIA, EQUIPO Y BIENES TANGIBLES | Secundaria 2 - 4663 - VENTA AL POR MAYOR DE MATERIALES DE CONSTRUCCIÓN, ARTÍCULOS DE FERRETERÍA Y EQUIPO Y MATERIALES DE FONTANERÍA Y CALEFACCIÓN",0,0,0,0,23/09/2026 22:55,1,1,1,58.2,Mediano alto
20542531097,CEACATRU E.I.R.L.,-,2024,HUANUCO,11/06/2012,11/06/2012,2012.0,12.0,0,2016,8,1,1,532881551.96,1,0.0,0.0,EMPRESA INDIVIDUAL DE RESP. LTDA,ACTIVO,HABIDO,,HUANUCO/HUANUCO/HUANUCO,Principal - 4100 - CONSTRUCCIÓN DE EDIFICIOS,3.0,"Principal - 4100 - CONSTRUCCIÓN DE EDIFICIOS | Secundaria 1 - 4210 - CONSTRUCCIÓN DE CARRETERAS Y VÍAS DE FERROCARRIL | Secundaria 2 - 7730 - ALQUILER Y ARRENDAMIENTO DE OTROS TIPOS DE MAQUINARIA, EQUIPO Y BIENES TANGIBLES",0,0,0,0,23/09/2026 22:56,1,1,1,58.2,Mediano alto
20552839073,JARO CONTRATISTA S.A.C.,-,2024,HUANUCO,16/02/2021,16/02/2021,2021.0,3.0,0,2024,0,1,2,36312594.55,1,0.0,0.0,SOCIEDAD ANONIMA CERRADA,ACTIVO,HABIDO,,LIMA/LIMA/LOS OLIVOS,Principal - 4220 - CONSTRUCCIÓN DE PROYECTOS DE SERVICIO PÚBLICO,3.0,"Principal - 4220 - CONSTRUCCIÓN DE PROYECTOS DE SERVICIO PÚBLICO | Secundaria 1 - 4210 - CONSTRUCCIÓN DE CARRETERAS Y VÍAS DE FERROCARRIL | Secundaria 2 - 7730 - ALQUILER Y ARRENDAMIENTO DE OTROS TIPOS DE MAQUINARIA, EQUIPO Y BIENES TANGIBLES",0,0,0,0,23/09/2026 22:57,1,1,1,58.2,Mediano alto
20568838352,JC&R CONTRATISTAS GENERALES S.A.C.,-,2024,HUANUCO,14/10/2013,14/10/2013,2013.0,11.0,0,2019,5,1,1,7610997.96,1,0.0,0.0,SOCIEDAD ANONIMA CERRADA,ACTIVO,HABIDO,,JUNIN/SATIPO/SATIPO,Principal - 4100 - CONSTRUCCIÓN DE EDIFICIOS,3.0,Principal - 4100 - CONSTRUCCIÓN DE EDIFICIOS | Secundaria 1 - 7110 - ACTIVIDADES DE ARQUITECTURA E INGENIERÍA Y ACTIVIDADES CONEXAS DE CONSULTORÍA TÉCNICA | Secundaria 2 - 4659 - VENTA AL POR MAYOR DE OTROS TIPOS DE MAQUINARIA Y EQUIPO,0,0,0,0,23/09/2026 23:01,1,1,1,58.2,Mediano alto
20571135885,YAEV E.I.R.L.,-,2024,HUANUCO,09/07/2011,09/07/2011,2011.0,13.0,0,2021,3,2,1,202433902.0,2,0.0,0.0,EMPRESA INDIVIDUAL DE RESP. LTDA,ACTIVO,HABIDO,,LIMA/LIMA/SANTIAGO DE SURCO,Principal - 4100 - CONSTRUCCIÓN DE EDIFICIOS,3.0,"Principal - 4100 - CONSTRUCCIÓN DE EDIFICIOS | Secundaria 1 - 7110 - ACTIVIDADES DE ARQUITECTURA E INGENIERÍA Y ACTIVIDADES CONEXAS DE CONSULTORÍA TÉCNICA | Secundaria 2 - 7730 - ALQUILER Y ARRENDAMIENTO DE OTROS TIPOS DE MAQUINARIA, EQUIPO Y BIENES TANGIBLES",1,0,0,0,23/09/2026 23:02,1,1,1,58.2,Mediano alto
20571395283,INVERSIONES EVZA S.R.L.,-,2024,HUANUCO,11/09/2012,01/10/2012,2012.0,12.0,0,2013,11,1,4,60678436.15,1,0.0,0.0,SOC.COM.RESPONS. LTDA,ACTIVO,HABIDO,,HUANUCO/HUANUCO/HUANUCO,Principal - 4100 - CONSTRUCCIÓN DE EDIFICIOS,3.0,"Principal - 4100 - CONSTRUCCIÓN DE EDIFICIOS | Secundaria 1 - 4663 - VENTA AL POR MAYOR DE MATERIALES DE CONSTRUCCIÓN, ARTÍCULOS DE FERRETERÍA Y EQUIPO Y MATERIALES DE FONTANERÍA Y CALEFACCIÓN | Secundaria 2 - 4923 - TRANSPORTE DE CARGA POR CARRETERA",0,0,0,0,23/09/2026 23:02,1,1,1,58.2,Mediano alto
20571420067,INVERSIONES & CONSULTING FVC S.R.L.,EL PROVEEDOR,2024,HUANUCO,31/10/2012,01/11/2012,2012.0,12.0,0,2022,2,3,1,74230917.63,3,0.0,0.0,SOC.COM.RESPONS. LTDA,ACTIVO,HABIDO,,ANCASH/HUARAZ/HUARAZ,"Principal - 4663 - VENTA AL POR MAYOR DE MATERIALES DE CONSTRUCCIÓN, ARTÍCULOS DE FERRETERÍA Y EQUIPO Y MATERIALES DE FONTANERÍA Y CALEFACCIÓN",3.0,"Principal - 4663 - VENTA AL POR MAYOR DE MATERIALES DE CONSTRUCCIÓN, ARTÍCULOS DE FERRETERÍA Y EQUIPO Y MATERIALES DE FONTANERÍA Y CALEFACCIÓN | Secundaria 1 - 4923 - TRANSPORTE DE CARGA POR CARRETERA | Secundaria 2 - 4100 - CONSTRUCCIÓN DE EDIFICIOS",0,0,0,0,23/09/2026 23:02,1,1,1,58.2,Mediano alto
20573041977,CONSULTORA CONSTRUCTORA & SERVICIOS GENERALES LA TORRE DE BABEL E.I.R.L.,-,2024,HUANUCO,07/02/2013,01/02/2013,2013.0,11.0,0,2020,4,1,2,5699650.25,1,0.0,0.0,EMPRESA INDIVIDUAL DE RESP. LTDA,ACTIVO,HABIDO,,HUANUCO/HUANUCO/AMARILIS,Principal - 4290 - CONSTRUCCIÓN DE OTRAS OBRAS DE INGENIERÍA CIVIL,3.0,"Principal - 4290 - CONSTRUCCIÓN DE OTRAS OBRAS DE INGENIERÍA CIVIL | Secundaria 1 - 7110 - ACTIVIDADES DE ARQUITECTURA E INGENIERÍA Y ACTIVIDADES CONEXAS DE CONSULTORÍA TÉCNICA | Secundaria 2 - 7730 - ALQUILER Y ARRENDAMIENTO DE OTROS TIPOS DE MAQUINARIA, EQUIPO Y BIENES TANGIBLES",0,0,0,0,23/09/2026 23:03,1,1,1,58.2,Mediano alto
20573068743,EMPRESA CORPORATION INOCAB SOCIEDAD COMERCIAL DE RESPONSABILIDAD LIMITADA,CORP.INOCAB S. R. L,2024,HUANUCO,20/03/2013,01/05/2013,2013.0,11.0,0,2024,0,1,1,100000.0,1,1.0,1.0,SOC.COM.RESPONS. LTDA,ACTIVO,HABIDO,,HUANUCO/HUANUCO/HUANUCO,Principal - 4100 - CONSTRUCCIÓN DE EDIFICIOS,3.0,"Principal - 4100 - CONSTRUCCIÓN DE EDIFICIOS | Secundaria 1 - 7110 - ACTIVIDADES DE ARQUITECTURA E INGENIERÍA Y ACTIVIDADES CONEXAS DE CONSULTORÍA TÉCNICA | Secundaria 2 - 7730 - ALQUILER Y ARRENDAMIENTO DE OTROS TIPOS DE MAQUINARIA, EQUIPO Y BIENES TANGIBLES",0,0,0,0,23/09/2026 23:03,1,1,1,58.2,Mediano alto
20573078897,MABET CONTRATISTAS GENERALES EMPRESA INDIVIDUAL DE RESPONSABILIDAD LIMITADA,-,2024,HUANUCO,11/04/2013,01/05/2013,2013.0,11.0,0,2020,4,1,1,100000.0,1,1.0,1.0,EMPRESA INDIVIDUAL DE RESP. LTDA,ACTIVO,HABIDO,,HUANUCO/HUANUCO/AMARILIS,Principal - 7110 - ACTIVIDADES DE ARQUITECTURA E INGENIERÍA Y ACTIVIDADES CONEXAS DE CONSULTORÍA TÉCNICA,3.0,Principal - 7110 - ACTIVIDADES DE ARQUITECTURA E INGENIERÍA Y ACTIVIDADES CONEXAS DE CONSULTORÍA TÉCNICA | Secundaria 1 - 4100 - CONSTRUCCIÓN DE EDIFICIOS | Secundaria 2 - 4210 - CONSTRUCCIÓN DE CARRETERAS Y VÍAS DE FERROCARRIL,0,0,0,0,23/09/2026 23:03,1,1,1,58.2,Mediano alto
20573098731,N & R CONSTRUCTORA SOCIEDAD ANONIMA CERRADA,-,2024,HUANUCO,23/05/2013,01/06/2013,2013.0,11.0,0,2022,2,2,2,11413179.26,2,0.0,0.0,SOCIEDAD ANONIMA CERRADA,ACTIVO,HABIDO,,PASCO/PASCO/YANACANCHA,Principal - 4290 - CONSTRUCCIÓN DE OTRAS OBRAS DE INGENIERÍA CIVIL,3.0,"Principal - 4290 - CONSTRUCCIÓN DE OTRAS OBRAS DE INGENIERÍA CIVIL | Secundaria 1 - 7120 - ENSAYOS Y ANÁLISIS TÉCNICOS | Secundaria 2 - 4663 - VENTA AL POR MAYOR DE MATERIALES DE CONSTRUCCIÓN, ARTÍCULOS DE FERRETERÍA Y EQUIPO Y MATERIALES DE FONTANERÍA Y CALEFACCIÓN",0,0,0,0,23/09/2026 23:03,1,1,1,58.2,Mediano alto
20573195427,SERVICIOS GENERALES HNOS MARTINEZ S.R.L.,-,2024,HUANUCO,05/03/2018,05/03/2018,2018.0,6.0,0,2024,0,1,1,100000.0,1,1.0,1.0,SOC.COM.RESPONS. LTDA,ACTIVO,HABIDO,,HUANUCO/HUANUCO/AMARILIS,Principal - 7110 - ACTIVIDADES DE ARQUITECTURA E INGENIERÍA Y ACTIVIDADES CONEXAS DE CONSULTORÍA TÉCNICA,2.0,Principal - 7110 - ACTIVIDADES DE ARQUITECTURA E INGENIERÍA Y ACTIVIDADES CONEXAS DE CONSULTORÍA TÉCNICA | Secundaria 1 - 4210 - CONSTRUCCIÓN DE CARRETERAS Y VÍAS DE FERROCARRIL,0,0,0,0,23/09/2026 23:04,1,1,1,58.2,Mediano alto
20573264097,CONSTRUCTORA PERUANA DE INGENIERIA SOSTENIBLE Y AMBIENTAL S.A.C,COPINSA S.A.C,2024,HUANUCO,26/05/2014,02/06/2014,2014.0,10.0,0,2020,4,1,1,100000.0,1,1.0,1.0,SOCIEDAD ANONIMA CERRADA,ACTIVO,HABIDO,,HUANUCO/LEONCIO PRADO/RUPA-RUPA,Principal - 7110 - ACTIVIDADES DE ARQUITECTURA E INGENIERÍA Y ACTIVIDADES CONEXAS DE CONSULTORÍA TÉCNICA,3.0,Principal - 7110 - ACTIVIDADES DE ARQUITECTURA E INGENIERÍA Y ACTIVIDADES CONEXAS DE CONSULTORÍA TÉCNICA | Secundaria 1 - 0220 - EXTRACCIÓN DE MADERA | Secundaria 2 - 7120 - ENSAYOS Y ANÁLISIS TÉCNICOS,0,0,0,0,23/09/2026 23:04,1,1,1,58.2,Mediano alto
20573333081,PROYECTOS SERVICIOS INNOVADORES & CONSTRUCCIONES DE VANGUARDIA EMPRESA INDIVIDUAL DE RESPONSABILIDAD,PS & C DE VANGUARDIA E.I.R.L,2024,HUANUCO,16/03/2018,09/03/2018,2018.0,6.0,0,2019,5,2,2,7066601.44,2,0.0,0.0,EMPRESA INDIVIDUAL DE RESP. LTDA,ACTIVO,HABIDO,,HUANUCO/HUANUCO/PILLCO MARCA,Principal - 4210 - CONSTRUCCIÓN DE CARRETERAS Y VÍAS DE FERROCARRIL,3.0,"Principal - 4210 - CONSTRUCCIÓN DE CARRETERAS Y VÍAS DE FERROCARRIL | Secundaria 1 - 7110 - ACTIVIDADES DE ARQUITECTURA E INGENIERÍA Y ACTIVIDADES CONEXAS DE CONSULTORÍA TÉCNICA | Secundaria 2 - 7730 - ALQUILER Y ARRENDAMIENTO DE OTROS TIPOS DE MAQUINARIA, EQUIPO Y BIENES TANGIBLES",2,2,0,0,23/09/2026 23:04,1,1,1,58.2,Mediano alto
20600021045,CORPORACION AGAPE C & N S.R.L.,-,2024,HUANUCO,23/12/2014,01/02/2015,2015.0,9.0,0,2016,8,1,2,75475056.08,1,0.0,0.0,SOC.COM.RESPONS. LTDA,ACTIVO,HABIDO,,LIMA/LIMA/SAN ISIDRO,Principal - 4100 - CONSTRUCCIÓN DE EDIFICIOS,3.0,"Principal - 4100 - CONSTRUCCIÓN DE EDIFICIOS | Secundaria 1 - 4210 - CONSTRUCCIÓN DE CARRETERAS Y VÍAS DE FERROCARRIL | Secundaria 2 - 7730 - ALQUILER Y ARRENDAMIENTO DE OTROS TIPOS DE MAQUINARIA, EQUIPO Y BIENES TANGIBLES",0,0,0,0,23/09/2026 23:05,1,1,1,58.2,Mediano alto
20600142152,TECNOBRAS PERU S.A.C.,-,2024,HUANUCO,16/02/2015,16/02/2015,2015.0,9.0,0,2024,0,1,1,9715682.8,1,0.0,0.0,SOCIEDAD ANONIMA CERRADA,ACTIVO,HABIDO,,HUANCAVELICA/HUANCAVELICA/HUANCAVELICA,Principal - 7110 - ACTIVIDADES DE ARQUITECTURA E INGENIERÍA Y ACTIVIDADES CONEXAS DE CONSULTORÍA TÉCNICA,3.0,"Principal - 7110 - ACTIVIDADES DE ARQUITECTURA E INGENIERÍA Y ACTIVIDADES CONEXAS DE CONSULTORÍA TÉCNICA | Secundaria 1 - 4321 - INSTALACIONES ELÉCTRICAS | Secundaria 2 - 4663 - VENTA AL POR MAYOR DE MATERIALES DE CONSTRUCCIÓN, ARTÍCULOS DE FERRETERÍA Y EQUIPO Y MATERIALES DE FONTANERÍA Y CALEFACCIÓN",1,0,0,0,23/09/2026 23:06,1,1,1,58.2,Mediano alto
20600172744,INVERSIONES CNC2 ARQ DESING EMPRESA INDIVIDUAL DE RESPONSABILIDAD LIMITADA,-,2024,HUANUCO,13/12/2022,13/12/2022,2022.0,2.0,0,2024,0,1,1,500000.0,1,1.0,1.0,EMPRESA INDIVIDUAL DE RESP. LTDA,ACTIVO,HABIDO,,HUANUCO/HUANUCO/HUANUCO,Principal - 4100 - CONSTRUCCIÓN DE EDIFICIOS,3.0,Principal - 4100 - CONSTRUCCIÓN DE EDIFICIOS | Secundaria 1 - 7110 - ACTIVIDADES DE ARQUITECTURA E INGENIERÍA Y ACTIVIDADES CONEXAS DE CONSULTORÍA TÉCNICA | Secundaria 2 - 4210 - CONSTRUCCIÓN DE CARRETERAS Y VÍAS DE FERROCARRIL,0,0,0,0,23/09/2026 23:07,1,1,1,58.2,Mediano alto
20600184416,INVERSIONES VILLAORDUÑA E.I.R.L.,-,2024,HUANUCO,03/03/2015,03/03/2015,2015.0,9.0,0,2017,7,1,1,100000.0,1,1.0,1.0,EMPRESA INDIVIDUAL DE RESP. LTDA,ACTIVO,HABIDO,,UCAYALI/CORONEL PORTILLO/CALLERIA,"Principal - 4663 - VENTA AL POR MAYOR DE MATERIALES DE CONSTRUCCIÓN, ARTÍCULOS DE FERRETERÍA Y EQUIPO Y MATERIALES DE FONTANERÍA Y CALEFACCIÓN",3.0,"Principal - 4663 - VENTA AL POR MAYOR DE MATERIALES DE CONSTRUCCIÓN, ARTÍCULOS DE FERRETERÍA Y EQUIPO Y MATERIALES DE FONTANERÍA Y CALEFACCIÓN | Secundaria 1 - 4923 - TRANSPORTE DE CARGA POR CARRETERA | Secundaria 2 - 4100 - CONSTRUCCIÓN DE EDIFICIOS",0,0,0,0,23/09/2026 23:07,1,1,1,58.2,Mediano alto
20600259688,MEGA INVERSIONES LAS VEGAS S.R.L. - MILAVE S.R.L.,-,2024,HUANUCO,15/12/2017,01/01/2018,2018.0,6.0,0,2024,0,1,1,2101152348.72,1,0.0,0.0,SOC.COM.RESPONS. LTDA,ACTIVO,HABIDO,,ANCASH/HUARAZ/HUARAZ,"Principal - 4663 - VENTA AL POR MAYOR DE MATERIALES DE CONSTRUCCIÓN, ARTÍCULOS DE FERRETERÍA Y EQUIPO Y MATERIALES DE FONTANERÍA Y CALEFACCIÓN",2.0,"Principal - 4663 - VENTA AL POR MAYOR DE MATERIALES DE CONSTRUCCIÓN, ARTÍCULOS DE FERRETERÍA Y EQUIPO Y MATERIALES DE FONTANERÍA Y CALEFACCIÓN | Secundaria 1 - 4100 - CONSTRUCCIÓN DE EDIFICIOS",0,0,0,0,23/09/2026 23:07,1,1,1,58.2,Mediano alto
20600330722,ANDRIW EJECUTORA Y CONSULTORA E.I.R.L.,-,2024,HUANUCO,27/04/2015,25/05/2015,2015.0,9.0,0,2024,0,1,1,471207.15,1,1.0,1.0,EMPRESA INDIVIDUAL DE RESP. LTDA,ACTIVO,HABIDO,,LIMA/LIMA/LA VICTORIA,Principal - 7110 - ACTIVIDADES DE ARQUITECTURA E INGENIERÍA Y ACTIVIDADES CONEXAS DE CONSULTORÍA TÉCNICA,2.0,Principal - 7110 - ACTIVIDADES DE ARQUITECTURA E INGENIERÍA Y ACTIVIDADES CONEXAS DE CONSULTORÍA TÉCNICA | Secundaria 1 - 7710 - ALQUILER Y ARRENDAMIENTO DE VEHÍCULOS AUTOMOTORES,0,0,0,0,23/09/2026 23:08,1,1,1,58.2,Mediano alto
20600347633,GRUPO ESPARTACO S.R.L.,-,2024,HUANUCO,14/09/2020,09/09/2020,2020.0,4.0,0,2024,0,1,1,100000.0,1,1.0,1.0,SOC.COM.RESPONS. LTDA,ACTIVO,HABIDO,,ANCASH/HUARAZ/HUARAZ,Principal - 4100 - CONSTRUCCIÓN DE EDIFICIOS,1.0,Principal - 4100 - CONSTRUCCIÓN DE EDIFICIOS,0,0,0,0,23/09/2026 23:08,1,1,1,58.2,Mediano alto
20600349466,COMPAÑIA DECA S.R.L.,-,2024,HUANUCO,14/09/2020,09/09/2020,2020.0,4.0,0,2024,0,1,1,100000.0,1,1.0,1.0,SOC.COM.RESPONS. LTDA,ACTIVO,HABIDO,,ANCASH/HUARAZ/HUARAZ,Principal - 7110 - ACTIVIDADES DE ARQUITECTURA E INGENIERÍA Y ACTIVIDADES CONEXAS DE CONSULTORÍA TÉCNICA,3.0,"Principal - 7110 - ACTIVIDADES DE ARQUITECTURA E INGENIERÍA Y ACTIVIDADES CONEXAS DE CONSULTORÍA TÉCNICA | Secundaria 1 - 4100 - CONSTRUCCIÓN DE EDIFICIOS | Secundaria 2 - 4663 - VENTA AL POR MAYOR DE MATERIALES DE CONSTRUCCIÓN, ARTÍCULOS DE FERRETERÍA Y EQUIPO Y MATERIALES DE FONTANERÍA Y CALEFACCIÓN",0,0,0,0,23/09/2026 23:08,1,1,1,58.2,Mediano alto
20601161321,ZIGURAT CONSTRUCTORA SOCIEDAD ANONIMA CERRADA - ZIGURAT CONSTRUCTORA S.A.C.,-,2024,HUANUCO,18/04/2016,18/04/2016,2016.0,8.0,0,2024,0,1,1,7372869.96,1,0.0,0.0,SOCIEDAD ANONIMA CERRADA,ACTIVO,HABIDO,,LIMA/LIMA/SANTIAGO DE SURCO,Principal - 4100 - CONSTRUCCIÓN DE EDIFICIOS,3.0,"Principal - 4100 - CONSTRUCCIÓN DE EDIFICIOS | Secundaria 1 - 4923 - TRANSPORTE DE CARGA POR CARRETERA | Secundaria 2 - 4663 - VENTA AL POR MAYOR DE MATERIALES DE CONSTRUCCIÓN, ARTÍCULOS DE FERRETERÍA Y EQUIPO Y MATERIALES DE FONTANERÍA Y CALEFACCIÓN",0,0,0,0,23/09/2026 23:12,1,1,1,58.2,Mediano alto
20601421586,CONSTRUCTORA E INGENIERIA Y EJECUTORES GENERALES C & D S.A.C.,CONSTRUCTORA C&D S.A.C.,2024,HUANUCO,11/08/2016,15/08/2016,2016.0,8.0,0,2024,0,1,1,5585839.85,1,0.0,0.0,SOCIEDAD ANONIMA CERRADA,ACTIVO,HABIDO,,LIMA/LIMA/LOS OLIVOS,Principal - 4220 - CONSTRUCCIÓN DE PROYECTOS DE SERVICIO PÚBLICO,3.0,"Principal - 4220 - CONSTRUCCIÓN DE PROYECTOS DE SERVICIO PÚBLICO | Secundaria 1 - 4663 - VENTA AL POR MAYOR DE MATERIALES DE CONSTRUCCIÓN, ARTÍCULOS DE FERRETERÍA Y EQUIPO Y MATERIALES DE FONTANERÍA Y CALEFACCIÓN | Secundaria 2 - 4322 - INSTALACIONES DE FONTANERÍA, CALEFACCIÓN Y AIRE ACONDICIONADO",0,0,0,0,23/09/2026 23:13,1,1,1,58.2,Mediano alto
20601486505,RAINS CONSTRUCTION EMPRESA INDIVIDUAL DE RESPONSABILIDAD LIMITADA,RAINS CONSTRUCTION E.I.R.L.,2024,HUANUCO,08/09/2016,08/09/2016,2016.0,8.0,0,2024,0,1,1,400000.0,1,1.0,1.0,EMPRESA INDIVIDUAL DE RESP. LTDA,ACTIVO,HABIDO,,HUANUCO/HUANUCO/HUANUCO,"Principal - 6920 - ACTIVIDADES DE CONTABILIDAD, TENEDURÍA DE LIBROS Y AUDITORÍA; CONSULTORÍA FISCAL",3.0,"Principal - 6920 - ACTIVIDADES DE CONTABILIDAD, TENEDURÍA DE LIBROS Y AUDITORÍA; CONSULTORÍA FISCAL | Secundaria 1 - 4663 - VENTA AL POR MAYOR DE MATERIALES DE CONSTRUCCIÓN, ARTÍCULOS DE FERRETERÍA Y EQUIPO Y MATERIALES DE FONTANERÍA Y CALEFACCIÓN | Secundaria 2 - 4290 - CONSTRUCCIÓN DE OTRAS OBRAS DE INGENIERÍA CIVIL",0,0,0,0,23/09/2026 23:13,1,1,1,58.2,Mediano alto
20602473903,PRIGA CONTRATISTAS SOCIEDAD COMERCIAL DE RESPONSABILIDAD LIMITADA,PRIGA CONTRATISTAS S.C.R.L,2024,HUANUCO,20/09/2017,20/09/2017,2017.0,7.0,0,2024,0,1,1,100000.0,1,1.0,1.0,SOC.COM.RESPONS. LTDA,ACTIVO,HABIDO,,HUANUCO/HUANUCO/AMARILIS,Principal - 4290 - CONSTRUCCIÓN DE OTRAS OBRAS DE INGENIERÍA CIVIL,3.0,"Principal - 4290 - CONSTRUCCIÓN DE OTRAS OBRAS DE INGENIERÍA CIVIL | Secundaria 1 - 4663 - VENTA AL POR MAYOR DE MATERIALES DE CONSTRUCCIÓN, ARTÍCULOS DE FERRETERÍA Y EQUIPO Y MATERIALES DE FONTANERÍA Y CALEFACCIÓN | Secundaria 2 - 4782 - VENTA AL POR MENOR DE PRODUCTOS TEXTILES, PRENDAS DE VESTIR Y CALZADO EN PUESTOS DE VENTA Y MERCADOS",0,0,0,0,23/09/2026 23:16,1,1,1,58.2,Mediano alto
20602486894,MOINA GROUP SAC,-,2024,HUANUCO,22/08/2019,01/10/2018,2018.0,6.0,0,2024,0,1,2,400000.0,1,1.0,1.0,SOCIEDAD ANONIMA CERRADA,ACTIVO,HABIDO,,HUANUCO/LEONCIO PRADO/RUPA-RUPA,Principal - 8129 - OTRAS ACTIVIDADES DE LIMPIEZA DE EDIFICIOS Y DE INSTALACIONES INDUSTRIALES,3.0,"Principal - 8129 - OTRAS ACTIVIDADES DE LIMPIEZA DE EDIFICIOS Y DE INSTALACIONES INDUSTRIALES | Secundaria 1 - 4290 - CONSTRUCCIÓN DE OTRAS OBRAS DE INGENIERÍA CIVIL | Secundaria 2 - 4663 - VENTA AL POR MAYOR DE MATERIALES DE CONSTRUCCIÓN, ARTÍCULOS DE FERRETERÍA Y EQUIPO Y MATERIALES DE FONTANERÍA Y CALEFACCIÓN",0,0,0,0,23/09/2026 23:16,1,1,1,58.2,Mediano alto
20602500463,PRIMEHS COMPANY EMPRESA INDIVIDUAL DE RESPONSABILIDAD LIMITADA,PRIMEHS EIRL.,2024,HUANUCO,29/09/2017,01/10/2017,2017.0,7.0,0,2019,5,1,1,100000.0,1,1.0,1.0,EMPRESA INDIVIDUAL DE RESP. LTDA,ACTIVO,HABIDO,,HUANUCO/HUANUCO/PILLCO MARCA,Principal - 4210 - CONSTRUCCIÓN DE CARRETERAS Y VÍAS DE FERROCARRIL,3.0,"Principal - 4210 - CONSTRUCCIÓN DE CARRETERAS Y VÍAS DE FERROCARRIL | Secundaria 1 - 7110 - ACTIVIDADES DE ARQUITECTURA E INGENIERÍA Y ACTIVIDADES CONEXAS DE CONSULTORÍA TÉCNICA | Secundaria 2 - 4752 - VENTA AL POR MENOR DE ARTÍCULOS DE FERRETERÍA, PINTURAS Y PRODUCTOS DE VIDRIO EN COMERCIOS ESPECIALIZADOS",0,0,0,0,23/09/2026 23:17,1,1,1,58.2,Mediano alto
20602633960,CONSTRUCTORA PESABET SOCIEDAD COMERCIAL DE RESPONSABILIDAD LIMITADA,-,2024,HUANUCO,21/11/2024,01/11/2024,2024.0,0.0,0,2024,0,1,1,100000.0,1,1.0,1.0,SOC.COM.RESPONS. LTDA,BAJA DE OFICIO,HABIDO,30/09/2025,HUANUCO/HUANUCO/HUANUCO,Principal - 4290 - CONSTRUCCIÓN DE OTRAS OBRAS DE INGENIERÍA CIVIL,3.0,Principal - 4290 - CONSTRUCCIÓN DE OTRAS OBRAS DE INGENIERÍA CIVIL | Secundaria 1 - 7110 - ACTIVIDADES DE ARQUITECTURA E INGENIERÍA Y ACTIVIDADES CONEXAS DE CONSULTORÍA TÉCNICA | Secundaria 2 - 4100 - CONSTRUCCIÓN DE EDIFICIOS,0,0,0,0,23/09/2026 23:17,1,1,1,58.2,Mediano alto
20602924701,LEIKA INGENIERIA & OBRAS E.I.R.L.,-,2024,HUANUCO,20/02/2018,01/03/2018,2018.0,6.0,0,2024,0,2,1,9875406.11,2,0.0,0.0,EMPRESA INDIVIDUAL DE RESP. LTDA,ACTIVO,HABIDO,,LIMA/LIMA/LOS OLIVOS,Principal - 7110 - ACTIVIDADES DE ARQUITECTURA E INGENIERÍA Y ACTIVIDADES CONEXAS DE CONSULTORÍA TÉCNICA,3.0,"Principal - 7110 - ACTIVIDADES DE ARQUITECTURA E INGENIERÍA Y ACTIVIDADES CONEXAS DE CONSULTORÍA TÉCNICA | Secundaria 1 - 4752 - VENTA AL POR MENOR DE ARTÍCULOS DE FERRETERÍA, PINTURAS Y PRODUCTOS DE VIDRIO EN COMERCIOS ESPECIALIZADOS | Secundaria 2 - 4100 - CONSTRUCCIÓN DE EDIFICIOS",0,0,0,0,23/09/2026 23:18,1,1,1,58.2,Mediano alto
20604048746,CONSTRUCTORA Y CONSULTORIA CREATIVA H&A SOCIEDAD COMERCIAL DE RESPONSABILIDAD LIMITADA,-,2024,HUANUCO,15/01/2019,15/01/2019,2019.0,5.0,0,2024,0,1,1,216064.15,1,1.0,1.0,SOC.COM.RESPONS. LTDA,ACTIVO,HABIDO,,HUANUCO/HUANUCO/PILLCO MARCA,Principal - 7110 - ACTIVIDADES DE ARQUITECTURA E INGENIERÍA Y ACTIVIDADES CONEXAS DE CONSULTORÍA TÉCNICA,3.0,Principal - 7110 - ACTIVIDADES DE ARQUITECTURA E INGENIERÍA Y ACTIVIDADES CONEXAS DE CONSULTORÍA TÉCNICA | Secundaria 1 - 4290 - CONSTRUCCIÓN DE OTRAS OBRAS DE INGENIERÍA CIVIL | Secundaria 2 - 4220 - CONSTRUCCIÓN DE PROYECTOS DE SERVICIO PÚBLICO,0,0,0,0,23/09/2026 23:20,1,1,1,58.2,Mediano alto
20604488517,PROINVERSIONES B&R SOCIEDAD ANONIMA CERRADA,-,2024,HUANUCO,01/04/2019,15/04/2019,2019.0,5.0,0,2024,0,1,1,100000.0,1,1.0,1.0,SOCIEDAD ANONIMA CERRADA,ACTIVO,HABIDO,,HUANUCO/HUANUCO/AMARILIS,Principal - 4210 - CONSTRUCCIÓN DE CARRETERAS Y VÍAS DE FERROCARRIL,3.0,Principal - 4210 - CONSTRUCCIÓN DE CARRETERAS Y VÍAS DE FERROCARRIL | Secundaria 1 - 4220 - CONSTRUCCIÓN DE PROYECTOS DE SERVICIO PÚBLICO | Secundaria 2 - 4923 - TRANSPORTE DE CARGA POR CARRETERA,0,0,0,0,23/09/2026 23:21,1,1,1,58.2,Mediano alto
20605583718,INVERSIONES MTG E.I.R.L.,-,2024,HUANUCO,29/11/2019,29/11/2019,2019.0,5.0,0,2024,0,1,1,100000.0,1,1.0,1.0,EMPRESA INDIVIDUAL DE RESP. LTDA,ACTIVO,HABIDO,,HUANUCO/HUANUCO/AMARILIS,Principal - 4100 - CONSTRUCCIÓN DE EDIFICIOS,3.0,"Principal - 4100 - CONSTRUCCIÓN DE EDIFICIOS | Secundaria 1 - 2511 - FABRICACION DE PRODUCTOS METALICOS PARA USO ESTRUCTURAL | Secundaria 2 - 7730 - ALQUILER Y ARRENDAMIENTO DE OTROS TIPOS DE MAQUINARIA, EQUIPO Y BIENES TANGIBLES",0,0,0,0,23/09/2026 23:23,1,1,1,58.2,Mediano alto
20606330732,CONSTRUCTORA VICENTE ISIDRO E.I.R.L.,-,2024,HUANUCO,12/08/2020,01/09/2020,2020.0,4.0,0,2024,0,1,1,100000.0,1,1.0,1.0,EMPRESA INDIVIDUAL DE RESP. LTDA,ACTIVO,HABIDO,,HUANUCO/HUANUCO/HUANUCO,Principal - 4290 - CONSTRUCCIÓN DE OTRAS OBRAS DE INGENIERÍA CIVIL,2.0,Principal - 4290 - CONSTRUCCIÓN DE OTRAS OBRAS DE INGENIERÍA CIVIL | Secundaria 1 - 7110 - ACTIVIDADES DE ARQUITECTURA E INGENIERÍA Y ACTIVIDADES CONEXAS DE CONSULTORÍA TÉCNICA,0,0,0,0,23/09/2026 23:24,1,1,1,58.2,Mediano alto
20606862581,CABENI CONSULTORIA & CONSTRUCTORES SOCIEDAD COMERCIAL DE RESPONSABILIDAD LIMITADA,CABENI C&C SRL.,2024,HUANUCO,10/11/2020,11/01/2021,2021.0,3.0,0,2023,1,1,1,100000.0,1,1.0,1.0,SOC.COM.RESPONS. LTDA,ACTIVO,HABIDO,,HUANUCO/HUANUCO/PILLCO MARCA,Principal - 4100 - CONSTRUCCIÓN DE EDIFICIOS,3.0,"Principal - 4100 - CONSTRUCCIÓN DE EDIFICIOS | Secundaria 1 - 7110 - ACTIVIDADES DE ARQUITECTURA E INGENIERÍA Y ACTIVIDADES CONEXAS DE CONSULTORÍA TÉCNICA | Secundaria 2 - 3600 - CAPTACIÓN, TRATAMIENTO Y DISTRIBUCIÓN DE AGUA",0,0,0,0,23/09/2026 23:25,1,1,1,58.2,Mediano alto
20606908815,ALESANN CONTRATISTAS GENERALES EMPRESA INDIVIDUAL DE RESPONSABILIDAD LIMITADA,-,2024,HUANUCO,17/11/2020,20/11/2020,2020.0,4.0,0,2024,0,1,1,5006948.51,1,0.0,0.0,EMPRESA INDIVIDUAL DE RESP. LTDA,ACTIVO,HABIDO,,JUNIN/SATIPO/SATIPO,Principal - 4290 - CONSTRUCCIÓN DE OTRAS OBRAS DE INGENIERÍA CIVIL,3.0,Principal - 4290 - CONSTRUCCIÓN DE OTRAS OBRAS DE INGENIERÍA CIVIL | Secundaria 1 - 4210 - CONSTRUCCIÓN DE CARRETERAS Y VÍAS DE FERROCARRIL | Secundaria 2 - 7110 - ACTIVIDADES DE ARQUITECTURA E INGENIERÍA Y ACTIVIDADES CONEXAS DE CONSULTORÍA TÉCNICA,0,0,0,0,23/09/2026 23:25,1,1,1,58.2,Mediano alto
20608077163,G Y M CONSULTORES Y CONSTRUCTORES S.R.L.,-,2024,HUANUCO,08/06/2021,08/06/2021,2021.0,3.0,0,2022,2,3,3,4636396.79,3,0.0,0.0,SOC.COM.RESPONS. LTDA,ACTIVO,HABIDO,,HUANUCO/HUANUCO/HUANUCO,Principal - 7110 - ACTIVIDADES DE ARQUITECTURA E INGENIERÍA Y ACTIVIDADES CONEXAS DE CONSULTORÍA TÉCNICA,2.0,Principal - 7110 - ACTIVIDADES DE ARQUITECTURA E INGENIERÍA Y ACTIVIDADES CONEXAS DE CONSULTORÍA TÉCNICA | Secundaria 1 - 4100 - CONSTRUCCIÓN DE EDIFICIOS,0,0,0,0,23/09/2026 23:26,1,1,1,58.2,Mediano alto
20608386794,SANTA MARIA INVERSIONES 17 S.A.C.,SANTA MARIA INVERSIONES 17,2024,HUANUCO,23/08/2021,26/08/2021,2021.0,3.0,0,2024,0,2,1,5867940.8,2,2.0,1.0,SOCIEDAD ANONIMA CERRADA,ACTIVO,HABIDO,,LIMA/LIMA/PUENTE PIEDRA,Principal - 2816 - FABRICACIÓN DE EQUIPO DE ELEVACIÓN Y MANIPULACIÓN,3.0,Principal - 2816 - FABRICACIÓN DE EQUIPO DE ELEVACIÓN Y MANIPULACIÓN | Secundaria 1 - 7110 - ACTIVIDADES DE ARQUITECTURA E INGENIERÍA Y ACTIVIDADES CONEXAS DE CONSULTORÍA TÉCNICA | Secundaria 2 - 4100 - CONSTRUCCIÓN DE EDIFICIOS,1,0,0,0,23/09/2026 23:27,1,1,1,58.2,Mediano alto
20608515551,EMPRESA INGENIERIA & CONSTRUCCIONES YENER MICHEL E.I.R.L.,-,2024,HUANUCO,22/09/2021,01/11/2021,2021.0,3.0,0,2024,0,1,1,100000.0,1,1.0,1.0,EMPRESA INDIVIDUAL DE RESP. LTDA,ACTIVO,HABIDO,,HUANUCO/HUANUCO/HUANUCO,Principal - 7110 - ACTIVIDADES DE ARQUITECTURA E INGENIERÍA Y ACTIVIDADES CONEXAS DE CONSULTORÍA TÉCNICA,3.0,"Principal - 7110 - ACTIVIDADES DE ARQUITECTURA E INGENIERÍA Y ACTIVIDADES CONEXAS DE CONSULTORÍA TÉCNICA | Secundaria 1 - 4290 - CONSTRUCCIÓN DE OTRAS OBRAS DE INGENIERÍA CIVIL | Secundaria 2 - 4663 - VENTA AL POR MAYOR DE MATERIALES DE CONSTRUCCIÓN, ARTÍCULOS DE FERRETERÍA Y EQUIPO Y MATERIALES DE FONTANERÍA Y CALEFACCIÓN",0,0,0,0,23/09/2026 23:27,1,1,1,58.2,Mediano alto
20610563580,CONSTRUCTORA & CONSULTORES JBFD AS E.I.R.L.,-,2024,HUANUCO,06/02/2023,16/02/2023,2023.0,1.0,0,2024,0,1,1,100000.0,1,1.0,1.0,EMPRESA INDIVIDUAL DE RESP. LTDA,ACTIVO,HABIDO,,HUANUCO/HUANUCO/HUANUCO,Principal - 4220 - CONSTRUCCIÓN DE PROYECTOS DE SERVICIO PÚBLICO,3.0,"Principal - 4220 - CONSTRUCCIÓN DE PROYECTOS DE SERVICIO PÚBLICO | Secundaria 1 - 4663 - VENTA AL POR MAYOR DE MATERIALES DE CONSTRUCCIÓN, ARTÍCULOS DE FERRETERÍA Y EQUIPO Y MATERIALES DE FONTANERÍA Y CALEFACCIÓN | Secundaria 2 - 1811 - IMPRESIÓN",0,0,0,0,23/09/2026 23:29,1,1,1,58.2,Mediano alto
20610882499,CONSTRUCCIONES OBRAS Y SERVICIOS NUEVO HORIZONTE S.A.C.,CONSTRUCCIONES NUEVO HORIZONTE,2024,HUANUCO,19/04/2023,01/06/2023,2023.0,1.0,0,2024,0,1,1,100000.0,1,1.0,1.0,SOCIEDAD ANONIMA CERRADA,ACTIVO,HABIDO,,LIMA/CAÑETE/SAN ANTONIO,Principal - 4100 - CONSTRUCCIÓN DE EDIFICIOS,3.0,"Principal - 4100 - CONSTRUCCIÓN DE EDIFICIOS | Secundaria 1 - 3600 - CAPTACIÓN, TRATAMIENTO Y DISTRIBUCIÓN DE AGUA | Secundaria 2 - 5221 - ACTIVIDADES DE SERVICIOS VINCULADAS AL TRANSPORTE TERRESTRE",0,0,0,0,23/09/2026 23:29,1,1,1,58.2,Mediano alto
10401925461,REVILLA AQUIJE JUAN JOSE,JR INGENIEROS,2024,ICA,04/11/2004,04/11/2004,2004.0,20.0,0,2016,8,1,1,400000.0,1,0.0,0.0,PERSONA NATURAL CON NEGOCIO,ACTIVO,HABIDO,,ICA/ICA/PARCONA,Principal - 4100 - CONSTRUCCIÓN DE EDIFICIOS,3.0,Principal - 4100 - CONSTRUCCIÓN DE EDIFICIOS | Secundaria 1 - 4210 - CONSTRUCCIÓN DE CARRETERAS Y VÍAS DE FERROCARRIL | Secundaria 2 - 9609 - OTRAS ACTIVIDADES DE SERVICIOS PERSONALES N.C.P.,0,0,0,0,23/09/2026 22:07,1,1,1,52.9,Mediano alto
20407412592,CONSTRUCTORA NEPAL S.A.C. CONSULTORES Y CONTRATISTAS GENERALES,CONSTRUCTORA NEPAL SAC,2024,ICA,16/04/1999,16/04/1999,1999.0,25.0,0,2006,18,1,2,122807577.22,1,0.0,0.0,SOCIEDAD ANONIMA,ACTIVO,HABIDO,,AYACUCHO/HUAMANGA/AYACUCHO,Principal - 4100 - CONSTRUCCIÓN DE EDIFICIOS,3.0,Principal - 4100 - CONSTRUCCIÓN DE EDIFICIOS | Secundaria 1 - 4210 - CONSTRUCCIÓN DE CARRETERAS Y VÍAS DE FERROCARRIL | Secundaria 2 - 4923 - TRANSPORTE DE CARGA POR CARRETERA,0,0,0,0,23/09/2026 22:14,1,1,1,52.9,Mediano alto
20452457726,E. & G. CONTRATISTAS GENERALES S.R.L.,-,2024,ICA,03/07/2003,03/07/2003,2003.0,21.0,0,2009,15,1,1,1213139779.7,1,0.0,0.0,SOC.COM.RESPONS. LTDA,ACTIVO,HABIDO,,ICA/ICA/ICA,Principal - 4210 - CONSTRUCCIÓN DE CARRETERAS Y VÍAS DE FERROCARRIL,3.0,"Principal - 4210 - CONSTRUCCIÓN DE CARRETERAS Y VÍAS DE FERROCARRIL | Secundaria 1 - 7730 - ALQUILER Y ARRENDAMIENTO DE OTROS TIPOS DE MAQUINARIA, EQUIPO Y BIENES TANGIBLES | Secundaria 2 - 4220 - CONSTRUCCIÓN DE PROYECTOS DE SERVICIO PÚBLICO",0,0,0,0,23/09/2026 22:20,1,1,1,52.9,Mediano alto
20452777470,CONDAE SRL,CONDAE SRL,2024,ICA,11/05/2006,11/05/2006,2006.0,18.0,0,2024,0,1,1,100000.0,1,1.0,1.0,SOC.COM.RESPONS. LTDA,ACTIVO,HABIDO,,ICA/ICA/ICA,Principal - 4100 - CONSTRUCCIÓN DE EDIFICIOS,3.0,Principal - 4100 - CONSTRUCCIÓN DE EDIFICIOS | Secundaria 1 - 4210 - CONSTRUCCIÓN DE CARRETERAS Y VÍAS DE FERROCARRIL | Secundaria 2 - 9609 - OTRAS ACTIVIDADES DE SERVICIOS PERSONALES N.C.P.,1,0,0,0,23/09/2026 22:20,1,1,1,52.9,Mediano alto
20452795532,ELITE INGENIEROS CONTRATISTAS GENERALES EIRL.,-,2024,ICA,03/07/2006,03/07/2006,2006.0,18.0,0,2011,13,1,1,20876996.3,1,0.0,0.0,EMPRESA INDIVIDUAL DE RESP. LTDA,ACTIVO,HABIDO,,ICA/ICA/ICA,Principal - 4290 - CONSTRUCCIÓN DE OTRAS OBRAS DE INGENIERÍA CIVIL,3.0,"Principal - 4290 - CONSTRUCCIÓN DE OTRAS OBRAS DE INGENIERÍA CIVIL | Secundaria 1 - 4663 - VENTA AL POR MAYOR DE MATERIALES DE CONSTRUCCIÓN, ARTÍCULOS DE FERRETERÍA Y EQUIPO Y MATERIALES DE FONTANERÍA Y CALEFACCIÓN | Secundaria 2 - 5221 - ACTIVIDADES DE SERVICIOS VINCULADAS AL TRANSPORTE TERRESTRE",0,0,0,0,23/09/2026 22:20,1,1,1,52.9,Mediano alto
20493606736,MAJORNI CONTRATISTAS Y CONSULTORES SRL,-,2024,ICA,04/07/2007,04/07/2007,2007.0,17.0,0,2013,11,1,1,100000.0,1,1.0,1.0,SOC.COM.RESPONS. LTDA,ACTIVO,HABIDO,,LORETO/MAYNAS/BELEN,Principal - 4390 - OTRAS ACTIVIDADES ESPECIALIZADAS DE CONSTRUCCIÓN,1.0,Principal - 4390 - OTRAS ACTIVIDADES ESPECIALIZADAS DE CONSTRUCCIÓN,0,0,0,0,23/09/2026 22:33,1,1,1,52.9,Mediano alto
20494263484,GARCIA & PICKMANN CONTRATISTAS GENERALES SAC,-,2024,ICA,21/03/2007,01/04/2007,2007.0,17.0,0,2020,4,2,1,400000.0,2,2.0,1.0,SOCIEDAD ANONIMA CERRADA,ACTIVO,HABIDO,,ICA/ICA/ICA,Principal - 4100 - CONSTRUCCIÓN DE EDIFICIOS,3.0,"Principal - 4100 - CONSTRUCCIÓN DE EDIFICIOS | Secundaria 1 - 7730 - ALQUILER Y ARRENDAMIENTO DE OTROS TIPOS DE MAQUINARIA, EQUIPO Y BIENES TANGIBLES | Secundaria 2 - 4663 - VENTA AL POR MAYOR DE MATERIALES DE CONSTRUCCIÓN, ARTÍCULOS DE FERRETERÍA Y EQUIPO Y MATERIALES DE FONTANERÍA Y CALEFACCIÓN",1,0,0,0,23/09/2026 22:34,1,1,1,52.9,Mediano alto
20494565065,CONSTRUCTORA CENTAURO DEL PERU S.R.L.,CENTAURO DEL PERU S.R.L.,2024,ICA,08/09/2008,01/10/2008,2008.0,16.0,0,2009,15,1,1,11148830.9,1,0.0,0.0,SOC.COM.RESPONS. LTDA,ACTIVO,HABIDO,,ICA/ICA/ICA,Principal - 4210 - CONSTRUCCIÓN DE CARRETERAS Y VÍAS DE FERROCARRIL,3.0,"Principal - 4210 - CONSTRUCCIÓN DE CARRETERAS Y VÍAS DE FERROCARRIL | Secundaria 1 - 4663 - VENTA AL POR MAYOR DE MATERIALES DE CONSTRUCCIÓN, ARTÍCULOS DE FERRETERÍA Y EQUIPO Y MATERIALES DE FONTANERÍA Y CALEFACCIÓN | Secundaria 2 - 4100 - CONSTRUCCIÓN DE EDIFICIOS",0,0,0,0,23/09/2026 22:35,1,1,1,52.9,Mediano alto
20494665876,J & R CONSTRUCCIONES SOCIEDAD ANONIMA CERRADA,J & R CONSTRUCCIONES SAC,2024,ICA,10/12/2010,10/12/2010,2010.0,14.0,0,2018,6,1,1,100000.0,1,1.0,1.0,SOCIEDAD ANONIMA CERRADA,ACTIVO,HABIDO,,ICA/CHINCHA/PUEBLO NUEVO,Principal - 4100 - CONSTRUCCIÓN DE EDIFICIOS,3.0,"Principal - 4100 - CONSTRUCCIÓN DE EDIFICIOS | Secundaria 1 - 4923 - TRANSPORTE DE CARGA POR CARRETERA | Secundaria 2 - 7730 - ALQUILER Y ARRENDAMIENTO DE OTROS TIPOS DE MAQUINARIA, EQUIPO Y BIENES TANGIBLES",0,1,0,0,23/09/2026 22:35,1,1,1,52.9,Mediano alto
20494674352,C & F CONTRATISTAS GENERALES EMPRESA INDIVIDUAL DE RESPONSABILIDAD LIMITADA,-,2024,ICA,04/08/2017,04/08/2017,2017.0,7.0,0,2024,0,1,1,17153848.94,1,0.0,0.0,EMPRESA INDIVIDUAL DE RESP. LTDA,ACTIVO,HABIDO,,ICA/ICA/ICA,Principal - 4100 - CONSTRUCCIÓN DE EDIFICIOS,3.0,"Principal - 4100 - CONSTRUCCIÓN DE EDIFICIOS | Secundaria 1 - 7730 - ALQUILER Y ARRENDAMIENTO DE OTROS TIPOS DE MAQUINARIA, EQUIPO Y BIENES TANGIBLES | Secundaria 2 - 4210 - CONSTRUCCIÓN DE CARRETERAS Y VÍAS DE FERROCARRIL",0,0,0,0,23/09/2026 22:35,1,1,1,52.9,Mediano alto
20494690552,MB CONTRATISTAS GENERALES S.A.C.,-,2024,ICA,27/03/2009,01/04/2009,2009.0,15.0,0,2024,0,3,1,42357881.5,3,0.0,0.0,SOCIEDAD ANONIMA CERRADA,ACTIVO,HABIDO,,ICA/PISCO/PISCO,Principal - 4220 - CONSTRUCCIÓN DE PROYECTOS DE SERVICIO PÚBLICO,3.0,Principal - 4220 - CONSTRUCCIÓN DE PROYECTOS DE SERVICIO PÚBLICO | Secundaria 1 - 4100 - CONSTRUCCIÓN DE EDIFICIOS | Secundaria 2 - 2511 - FABRICACION DE PRODUCTOS METALICOS PARA USO ESTRUCTURAL,0,0,0,0,23/09/2026 22:35,1,1,1,52.9,Mediano alto
20510711824,EMOBYSER CONTRATISTAS GENERALES SOCIEDAD ANONIMA CERRADA,EMOBYSER S.A.C.,2024,ICA,03/05/2005,01/06/2005,2005.0,19.0,0,2009,15,1,1,30495533.42,1,0.0,0.0,SOCIEDAD ANONIMA CERRADA,ACTIVO,HABIDO,,JUNIN/CHANCHAMAYO/PICHANAQUI,Principal - 4100 - CONSTRUCCIÓN DE EDIFICIOS,3.0,"Principal - 4100 - CONSTRUCCIÓN DE EDIFICIOS | Secundaria 1 - 7730 - ALQUILER Y ARRENDAMIENTO DE OTROS TIPOS DE MAQUINARIA, EQUIPO Y BIENES TANGIBLES | Secundaria 2 - 7020 - ACTIVIDADES DE CONSULTORÍA DE GESTIÓN",0,0,0,0,23/09/2026 22:38,1,1,1,52.9,Mediano alto
20528910433,CONSTRUCTORA Y CONSULTORES FALIM E.I.R.L.,-,2024,ICA,11/03/2009,11/03/2009,2009.0,15.0,0,2024,0,1,2,28944270.81,1,0.0,0.0,EMPRESA INDIVIDUAL DE RESP. LTDA,ACTIVO,HABIDO,,UCAYALI/CORONEL PORTILLO/YARINACOCHA,"Principal - 7730 - ALQUILER Y ARRENDAMIENTO DE OTROS TIPOS DE MAQUINARIA, EQUIPO Y BIENES TANGIBLES",3.0,"Principal - 7730 - ALQUILER Y ARRENDAMIENTO DE OTROS TIPOS DE MAQUINARIA, EQUIPO Y BIENES TANGIBLES | Secundaria 1 - 4290 - CONSTRUCCIÓN DE OTRAS OBRAS DE INGENIERÍA CIVIL | Secundaria 2 - 7110 - ACTIVIDADES DE ARQUITECTURA E INGENIERÍA Y ACTIVIDADES CONEXAS DE CONSULTORÍA TÉCNICA",0,0,0,0,23/09/2026 22:43,1,1,1,52.9,Mediano alto
20531065019,PALMA INGENIERIA-CONTRATISTAS GENERALES E.I.R.L.,PALMA ICG EIRL.,2024,ICA,25/01/2007,10/03/2007,2007.0,17.0,0,2012,12,1,2,100000.0,1,1.0,1.0,EMPRESA INDIVIDUAL DE RESP. LTDA,ACTIVO,HABIDO,,LIMA/LIMA/JESUS MARIA,"Principal - 4663 - VENTA AL POR MAYOR DE MATERIALES DE CONSTRUCCIÓN, ARTÍCULOS DE FERRETERÍA Y EQUIPO Y MATERIALES DE FONTANERÍA Y CALEFACCIÓN",3.0,"Principal - 4663 - VENTA AL POR MAYOR DE MATERIALES DE CONSTRUCCIÓN, ARTÍCULOS DE FERRETERÍA Y EQUIPO Y MATERIALES DE FONTANERÍA Y CALEFACCIÓN | Secundaria 1 - 4220 - CONSTRUCCIÓN DE PROYECTOS DE SERVICIO PÚBLICO | Secundaria 2 - 7710 - ALQUILER Y ARRENDAMIENTO DE VEHÍCULOS AUTOMOTORES",0,0,0,0,23/09/2026 22:47,1,1,1,52.9,Mediano alto
20534175664,MEGACONSTRUCCIONES S.A.C.,-,2024,ICA,19/06/2008,01/07/2008,2008.0,16.0,0,2018,6,1,1,400000.0,1,1.0,1.0,SOCIEDAD ANONIMA CERRADA,ACTIVO,NO HALLADO,,ICA/CHINCHA/GROCIO PRADO,Principal - 4290 - CONSTRUCCIÓN DE OTRAS OBRAS DE INGENIERÍA CIVIL,3.0,"Principal - 4290 - CONSTRUCCIÓN DE OTRAS OBRAS DE INGENIERÍA CIVIL | Secundaria 1 - 4923 - TRANSPORTE DE CARGA POR CARRETERA | Secundaria 2 - 4663 - VENTA AL POR MAYOR DE MATERIALES DE CONSTRUCCIÓN, ARTÍCULOS DE FERRETERÍA Y EQUIPO Y MATERIALES DE FONTANERÍA Y CALEFACCIÓN",1,0,0,0,23/09/2026 22:50,1,1,1,52.9,Mediano alto
20534220473,KAMATO S.A.C.,-,2024,ICA,24/03/2011,12/05/2011,2011.0,13.0,0,2024,0,2,1,101000520.35,2,0.0,0.0,SOCIEDAD ANONIMA CERRADA,ACTIVO,HABIDO,,ICA/CHINCHA/GROCIO PRADO,Principal - 4923 - TRANSPORTE DE CARGA POR CARRETERA,3.0,Principal - 4923 - TRANSPORTE DE CARGA POR CARRETERA | Secundaria 1 - 4290 - CONSTRUCCIÓN DE OTRAS OBRAS DE INGENIERÍA CIVIL | Secundaria 2 - 2399 - FABRICACIÓN DE OTROS PRODUCTOS MINERALES NO METÁLICOS N.C.P.,0,0,0,0,23/09/2026 22:51,1,1,1,52.9,Mediano alto
20534500247,CONSTRUCTORA CKL S.A.C.,-,2024,ICA,16/02/2012,16/02/2012,2012.0,12.0,0,2020,4,3,1,237088535.61,3,0.0,0.0,SOCIEDAD ANONIMA CERRADA,ACTIVO,HABIDO,,ICA/ICA/ICA,Principal - 4923 - TRANSPORTE DE CARGA POR CARRETERA,3.0,"Principal - 4923 - TRANSPORTE DE CARGA POR CARRETERA | Secundaria 1 - 4100 - CONSTRUCCIÓN DE EDIFICIOS | Secundaria 2 - 7730 - ALQUILER Y ARRENDAMIENTO DE OTROS TIPOS DE MAQUINARIA, EQUIPO Y BIENES TANGIBLES",0,1,0,0,23/09/2026 22:51,1,1,1,52.9,Mediano alto
20534517131,GIOVANNI'S CONSTRUCTION'S SOCIEDAD ANONIMA CERRADA,-,2024,ICA,06/03/2012,01/04/2012,2012.0,12.0,0,2024,0,1,1,100000.0,1,1.0,1.0,SOCIEDAD ANONIMA CERRADA,ACTIVO,HABIDO,,ICA/NASCA/VISTA ALEGRE,Principal - 4100 - CONSTRUCCIÓN DE EDIFICIOS,2.0,Principal - 4100 - CONSTRUCCIÓN DE EDIFICIOS | Secundaria 1 - 7710 - ALQUILER Y ARRENDAMIENTO DE VEHÍCULOS AUTOMOTORES,0,0,0,0,23/09/2026 22:51,1,1,1,52.9,Mediano alto
20535195715,LUGANA BIENES Y SERVICIOS S.A.C.,-,2024,ICA,27/08/2014,01/09/2014,2014.0,10.0,0,2024,0,1,1,6066416.16,1,0.0,0.0,SOCIEDAD ANONIMA CERRADA,ACTIVO,HABIDO,,ICA/ICA/ICA,Principal - 4390 - OTRAS ACTIVIDADES ESPECIALIZADAS DE CONSTRUCCIÓN,2.0,"Principal - 4390 - OTRAS ACTIVIDADES ESPECIALIZADAS DE CONSTRUCCIÓN | Secundaria 1 - 4663 - VENTA AL POR MAYOR DE MATERIALES DE CONSTRUCCIÓN, ARTÍCULOS DE FERRETERÍA Y EQUIPO Y MATERIALES DE FONTANERÍA Y CALEFACCIÓN",0,0,0,0,23/09/2026 22:51,1,1,1,52.9,Mediano alto
20541653156,CORPORACION ANDINA YIRET E.I.R.L.,-,2024,ICA,16/03/2012,01/05/2012,2012.0,12.0,0,2017,7,1,3,38600390.99,1,0.0,0.0,EMPRESA INDIVIDUAL DE RESP. LTDA,ACTIVO,HABIDO,,LIMA/LIMA/SAN JUAN DE MIRAFLORES,Principal - 4100 - CONSTRUCCIÓN DE EDIFICIOS,2.0,Principal - 4100 - CONSTRUCCIÓN DE EDIFICIOS | Secundaria 1 - 4390 - OTRAS ACTIVIDADES ESPECIALIZADAS DE CONSTRUCCIÓN,0,0,0,0,23/09/2026 22:54,1,1,1,52.9,Mediano alto
20544528026,SERVICIO Y CONSTRUCCIONES A & L S.A.C.,-,2024,ICA,15/08/2011,15/08/2011,2011.0,13.0,0,2024,0,1,1,12607770.11,1,0.0,0.0,SOCIEDAD ANONIMA CERRADA,ACTIVO,HABIDO,,ICA/PISCO/PISCO,Principal - 4100 - CONSTRUCCIÓN DE EDIFICIOS,3.0,"Principal - 4100 - CONSTRUCCIÓN DE EDIFICIOS | Secundaria 1 - 4923 - TRANSPORTE DE CARGA POR CARRETERA | Secundaria 2 - 3600 - CAPTACIÓN, TRATAMIENTO Y DISTRIBUCIÓN DE AGUA",0,0,0,0,23/09/2026 22:56,1,1,1,52.9,Mediano alto
20600029798,CRAP INGENIERIA Y CONSTRUCCION S.R.L.,-,2024,ICA,30/12/2014,30/12/2014,2014.0,10.0,0,2018,6,1,3,25206231.47,1,0.0,0.0,SOC.COM.RESPONS. LTDA,ACTIVO,HABIDO,,JUNIN/HUANCAYO/HUANCAYO,Principal - 4100 - CONSTRUCCIÓN DE EDIFICIOS,3.0,"Principal - 4100 - CONSTRUCCIÓN DE EDIFICIOS | Secundaria 1 - 4210 - CONSTRUCCIÓN DE CARRETERAS Y VÍAS DE FERROCARRIL | Secundaria 2 - 7730 - ALQUILER Y ARRENDAMIENTO DE OTROS TIPOS DE MAQUINARIA, EQUIPO Y BIENES TANGIBLES",0,3,0,0,23/09/2026 23:05,1,1,1,52.9,Mediano alto
20600136586,VITOR EJECUTOR E.I.R.L.,EMPRESA INDIVIDUAL DE RESPONSA,2024,ICA,13/02/2015,18/02/2015,2015.0,9.0,0,2024,0,1,1,5537802.36,1,0.0,0.0,EMPRESA INDIVIDUAL DE RESP. LTDA,ACTIVO,HABIDO,,LIMA/LIMA/SAN BORJA,Principal - 4390 - OTRAS ACTIVIDADES ESPECIALIZADAS DE CONSTRUCCIÓN,2.0,Principal - 4390 - OTRAS ACTIVIDADES ESPECIALIZADAS DE CONSTRUCCIÓN | Secundaria 1 - 4719 - OTRAS ACTIVIDADES DE VENTA AL POR MENOR EN COMERCIOS NO ESPECIALIZADOS,0,0,0,0,23/09/2026 23:06,1,1,1,52.9,Mediano alto
20600292979,SEVILLANO CONTRATISTA E.I.R.L.,-,2024,ICA,05/09/2017,05/09/2017,2017.0,7.0,0,2015,9,1,1,100000.0,1,1.0,1.0,EMPRESA INDIVIDUAL DE RESP. LTDA,ACTIVO,HABIDO,,LIMA/LIMA/LOS OLIVOS,Principal - 4100 - CONSTRUCCIÓN DE EDIFICIOS,1.0,Principal - 4100 - CONSTRUCCIÓN DE EDIFICIOS,0,0,0,0,23/09/2026 23:07,1,1,1,52.9,Mediano alto
20600472233,EFF INGENIEROS E.I.R.L.,-,2024,ICA,20/06/2015,01/07/2015,2015.0,9.0,0,2022,2,1,1,30634551.6,1,0.0,0.0,EMPRESA INDIVIDUAL DE RESP. LTDA,ACTIVO,HABIDO,,ICA/ICA/LA TINGUIÑA,Principal - 4390 - OTRAS ACTIVIDADES ESPECIALIZADAS DE CONSTRUCCIÓN,3.0,"Principal - 4390 - OTRAS ACTIVIDADES ESPECIALIZADAS DE CONSTRUCCIÓN | Secundaria 1 - 4923 - TRANSPORTE DE CARGA POR CARRETERA | Secundaria 2 - 7730 - ALQUILER Y ARRENDAMIENTO DE OTROS TIPOS DE MAQUINARIA, EQUIPO Y BIENES TANGIBLES",0,0,0,0,23/09/2026 23:09,1,1,1,52.9,Mediano alto
20600998448,PROYECTAING S.A.C.,-,2024,ICA,10/02/2016,08/03/2016,2016.0,8.0,0,2024,0,1,1,100000.0,1,1.0,1.0,SOCIEDAD ANONIMA CERRADA,ACTIVO,HABIDO,,ICA/CHINCHA/CHINCHA ALTA,Principal - 4100 - CONSTRUCCIÓN DE EDIFICIOS,1.0,Principal - 4100 - CONSTRUCCIÓN DE EDIFICIOS,0,0,0,0,23/09/2026 23:11,1,1,1,52.9,Mediano alto
20601158362,GRUPO RUBYNELR S.A.C.,-,2024,ICA,16/04/2016,18/04/2016,2016.0,8.0,0,2017,7,1,1,56774646.45,1,0.0,0.0,SOCIEDAD ANONIMA CERRADA,ACTIVO,HABIDO,,LIMA/LIMA/SAN MARTIN DE PORRES,Principal - 4100 - CONSTRUCCIÓN DE EDIFICIOS,3.0,"Principal - 4100 - CONSTRUCCIÓN DE EDIFICIOS | Secundaria 1 - 4923 - TRANSPORTE DE CARGA POR CARRETERA | Secundaria 2 - 4663 - VENTA AL POR MAYOR DE MATERIALES DE CONSTRUCCIÓN, ARTÍCULOS DE FERRETERÍA Y EQUIPO Y MATERIALES DE FONTANERÍA Y CALEFACCIÓN",0,0,0,0,23/09/2026 23:12,1,1,1,52.9,Mediano alto
20603202954,AKBAR INGENIERIA & CONSTRUCCION S.A.C.,-,2024,ICA,17/05/2018,21/05/2018,2018.0,6.0,0,2024,0,1,1,8452673.09,1,1.0,1.0,SOCIEDAD ANONIMA CERRADA,ACTIVO,HABIDO,,ANCASH/HUARAZ/HUARAZ,"Principal - 4663 - VENTA AL POR MAYOR DE MATERIALES DE CONSTRUCCIÓN, ARTÍCULOS DE FERRETERÍA Y EQUIPO Y MATERIALES DE FONTANERÍA Y CALEFACCIÓN",3.0,"Principal - 4663 - VENTA AL POR MAYOR DE MATERIALES DE CONSTRUCCIÓN, ARTÍCULOS DE FERRETERÍA Y EQUIPO Y MATERIALES DE FONTANERÍA Y CALEFACCIÓN | Secundaria 1 - 4100 - CONSTRUCCIÓN DE EDIFICIOS | Secundaria 2 - 7710 - ALQUILER Y ARRENDAMIENTO DE VEHÍCULOS AUTOMOTORES",0,0,0,0,23/09/2026 23:19,1,1,1,52.9,Mediano alto
20604191522,CGG MULTISERNING GENERALES E.I.R.L.,-,2024,ICA,11/02/2019,11/02/2019,2019.0,5.0,0,2024,0,1,1,31362558.93,1,0.0,0.0,EMPRESA INDIVIDUAL DE RESP. LTDA,ACTIVO,HABIDO,,ICA/CHINCHA/PUEBLO NUEVO,Principal - 4100 - CONSTRUCCIÓN DE EDIFICIOS,3.0,Principal - 4100 - CONSTRUCCIÓN DE EDIFICIOS | Secundaria 1 - 7110 - ACTIVIDADES DE ARQUITECTURA E INGENIERÍA Y ACTIVIDADES CONEXAS DE CONSULTORÍA TÉCNICA | Secundaria 2 - 4312 - PREPARACIÓN DEL TERRENO,0,0,0,0,23/09/2026 23:20,1,1,1,52.9,Mediano alto
20604749591,FEMSYCON S.A.C.,"FABR, ESTRU, MONT, SER Y CONTR",2024,ICA,23/05/2019,23/05/2019,2019.0,5.0,0,2024,0,1,1,21664834.32,1,0.0,0.0,SOCIEDAD ANONIMA CERRADA,ACTIVO,HABIDO,,ICA/PISCO/PISCO,"Principal - 7730 - ALQUILER Y ARRENDAMIENTO DE OTROS TIPOS DE MAQUINARIA, EQUIPO Y BIENES TANGIBLES",3.0,"Principal - 7730 - ALQUILER Y ARRENDAMIENTO DE OTROS TIPOS DE MAQUINARIA, EQUIPO Y BIENES TANGIBLES | Secundaria 1 - 4100 - CONSTRUCCIÓN DE EDIFICIOS | Secundaria 2 - 4752 - VENTA AL POR MENOR DE ARTÍCULOS DE FERRETERÍA, PINTURAS Y PRODUCTOS DE VIDRIO EN COMERCIOS ESPECIALIZADOS",0,0,0,0,23/09/2026 23:22,1,1,1,52.9,Mediano alto
20605898905,CONSTRUCTORA POLADIS S.R.L,-,2024,ICA,12/02/2020,12/02/2020,2020.0,4.0,0,2024,0,2,1,21069638.38,2,2.0,1.0,SOC.COM.RESPONS. LTDA,ACTIVO,HABIDO,,ICA/ICA/ICA,Principal - 4210 - CONSTRUCCIÓN DE CARRETERAS Y VÍAS DE FERROCARRIL,3.0,"Principal - 4210 - CONSTRUCCIÓN DE CARRETERAS Y VÍAS DE FERROCARRIL | Secundaria 1 - 7730 - ALQUILER Y ARRENDAMIENTO DE OTROS TIPOS DE MAQUINARIA, EQUIPO Y BIENES TANGIBLES | Secundaria 2 - 4923 - TRANSPORTE DE CARGA POR CARRETERA",0,0,0,0,23/09/2026 23:24,1,1,1,52.9,Mediano alto
20606457945,CONSTRUCCIONES CARBAJAL E.I.R.L.,-,2024,ICA,04/09/2020,03/09/2020,2020.0,4.0,0,2023,1,1,1,8374239.3,1,1.0,1.0,EMPRESA INDIVIDUAL DE RESP. LTDA,ACTIVO,HABIDO,,ICA/ICA/LOS AQUIJES,Principal - 4100 - CONSTRUCCIÓN DE EDIFICIOS,3.0,"Principal - 4100 - CONSTRUCCIÓN DE EDIFICIOS | Secundaria 1 - 7110 - ACTIVIDADES DE ARQUITECTURA E INGENIERÍA Y ACTIVIDADES CONEXAS DE CONSULTORÍA TÉCNICA | Secundaria 2 - 7730 - ALQUILER Y ARRENDAMIENTO DE OTROS TIPOS DE MAQUINARIA, EQUIPO Y BIENES TANGIBLES",0,0,0,0,23/09/2026 23:24,1,1,1,52.9,Mediano alto
20607935972,L & R CONTRATISTAS DE INGENIERIA Y CONSTRUCCION S.R.L.,L & R SRL,2024,ICA,10/05/2021,01/06/2021,2021.0,3.0,0,2024,0,1,1,100000.0,1,1.0,1.0,SOC.COM.RESPONS. LTDA,ACTIVO,HABIDO,,ANCASH/SANTA/CHIMBOTE,Principal - 7110 - ACTIVIDADES DE ARQUITECTURA E INGENIERÍA Y ACTIVIDADES CONEXAS DE CONSULTORÍA TÉCNICA,3.0,"Principal - 7110 - ACTIVIDADES DE ARQUITECTURA E INGENIERÍA Y ACTIVIDADES CONEXAS DE CONSULTORÍA TÉCNICA | Secundaria 1 - 4100 - CONSTRUCCIÓN DE EDIFICIOS | Secundaria 2 - 4663 - VENTA AL POR MAYOR DE MATERIALES DE CONSTRUCCIÓN, ARTÍCULOS DE FERRETERÍA Y EQUIPO Y MATERIALES DE FONTANERÍA Y CALEFACCIÓN",0,0,0,0,23/09/2026 23:26,1,1,1,52.9,Mediano alto
20261295246,FM CONTRATISTAS GENERALES S.R.L.,-,2024,JUNIN,06/01/1995,14/01/1995,1995.0,29.0,0,2012,12,1,2,400000.0,1,1.0,1.0,SOC.COM.RESPONS. LTDA,ACTIVO,HABIDO,,LIMA/LIMA/LOS OLIVOS,Principal - 4100 - CONSTRUCCIÓN DE EDIFICIOS,3.0,Principal - 4100 - CONSTRUCCIÓN DE EDIFICIOS | Secundaria 1 - 4390 - OTRAS ACTIVIDADES ESPECIALIZADAS DE CONSTRUCCIÓN | Secundaria 2 - 4210 - CONSTRUCCIÓN DE CARRETERAS Y VÍAS DE FERROCARRIL,2,0,0,0,23/09/2026 22:09,1,1,1,71.6,Alto
20282062080,AVANZADA TECNOLOGIA Y SERVICIOS S.A.C,A.T.&.S,2024,JUNIN,06/09/1995,01/10/1995,1995.0,29.0,0,2012,12,2,1,2202207002.88,2,0.0,0.0,SOCIEDAD ANONIMA CERRADA,ACTIVO,HABIDO,,LIMA/LIMA/SAN ISIDRO,Principal - 7110 - ACTIVIDADES DE ARQUITECTURA E INGENIERÍA Y ACTIVIDADES CONEXAS DE CONSULTORÍA TÉCNICA,1.0,Principal - 7110 - ACTIVIDADES DE ARQUITECTURA E INGENIERÍA Y ACTIVIDADES CONEXAS DE CONSULTORÍA TÉCNICA,0,0,0,0,23/09/2026 22:10,1,1,1,71.6,Alto
20399273146,BERAKA 0915 SOCIEDAD ANONIMA CERRADA,-,2024,JUNIN,07/09/1998,07/09/1998,1998.0,26.0,0,2024,0,1,2,100000.0,1,1.0,1.0,SOCIEDAD ANONIMA CERRADA,BAJA DE OFICIO,HABIDO,14/08/2026,PIURA/PIURA/VEINTISEIS DE OCTUBRE,Principal - 4390 - OTRAS ACTIVIDADES ESPECIALIZADAS DE CONSTRUCCIÓN,3.0,"Principal - 4390 - OTRAS ACTIVIDADES ESPECIALIZADAS DE CONSTRUCCIÓN | Secundaria 1 - 7730 - ALQUILER Y ARRENDAMIENTO DE OTROS TIPOS DE MAQUINARIA, EQUIPO Y BIENES TANGIBLES | Secundaria 2 - 4923 - TRANSPORTE DE CARGA POR CARRETERA",0,0,0,0,23/09/2026 22:14,1,1,1,71.6,Alto
20401507818,ABACO CONSTRUCTORES SR LTDA,-,2024,JUNIN,29/01/1998,29/01/1998,1998.0,26.0,0,2024,0,1,1,100000.0,1,1.0,1.0,SOC.COM.RESPONS. LTDA,ACTIVO,HABIDO,,JUNIN/HUANCAYO/HUANCAYO,Principal - 4100 - CONSTRUCCIÓN DE EDIFICIOS,2.0,Principal - 4100 - CONSTRUCCIÓN DE EDIFICIOS | Secundaria 1 - 4210 - CONSTRUCCIÓN DE CARRETERAS Y VÍAS DE FERROCARRIL,0,0,0,0,23/09/2026 22:14,1,1,1,71.6,Alto
20407412592,CONSTRUCTORA NEPAL S.A.C. CONSULTORES Y CONTRATISTAS GENERALES,CONSTRUCTORA NEPAL SAC,2024,JUNIN,16/04/1999,16/04/1999,1999.0,25.0,0,2006,18,2,2,122807577.22,2,0.0,0.0,SOCIEDAD ANONIMA,ACTIVO,HABIDO,,AYACUCHO/HUAMANGA/AYACUCHO,Principal - 4100 - CONSTRUCCIÓN DE EDIFICIOS,3.0,Principal - 4100 - CONSTRUCCIÓN DE EDIFICIOS | Secundaria 1 - 4210 - CONSTRUCCIÓN DE CARRETERAS Y VÍAS DE FERROCARRIL | Secundaria 2 - 4923 - TRANSPORTE DE CARGA POR CARRETERA,0,0,0,0,23/09/2026 22:14,1,1,1,71.6,Alto
20461112227,GRUPO EMPRESARIAL DE LOGISTICA INTEGRAL SOCIEDAD ANONIMA CERRADA - GELI S.A.C.,CSSI SAC,2024,JUNIN,19/07/2007,01/02/2000,2000.0,24.0,0,2010,14,1,2,103818565.5,1,0.0,0.0,SOCIEDAD ANONIMA CERRADA,BAJA DEFINITIVA,NO HABIDO,01/03/2024,LIMA/LIMA/LA VICTORIA,Principal - 4923 - TRANSPORTE DE CARGA POR CARRETERA,2.0,"Principal - 4923 - TRANSPORTE DE CARGA POR CARRETERA | Secundaria 2 - 4663 - VENTA AL POR MAYOR DE MATERIALES DE CONSTRUCCIÓN, ARTÍCULOS DE FERRETERÍA Y EQUIPO Y MATERIALES DE FONTANERÍA Y CALEFACCIÓN",2,0,0,0,23/09/2026 22:21,1,1,1,71.6,Alto
20486093847,RAMIRO QUINTANILLA SOCIEDAD COMERCIAL DE RESPONSABILIDAD LIMITADA,RQ S.R.L.,2024,JUNIN,31/07/2003,01/08/2003,2003.0,21.0,0,2012,12,1,1,100000.0,1,1.0,1.0,SOC.COM.RESPONS. LTDA,BAJA PROV. POR OFICIO,HABIDO,31/08/2026,LIMA/LIMA/SAN MARTIN DE PORRES,Principal - 4390 - OTRAS ACTIVIDADES ESPECIALIZADAS DE CONSTRUCCIÓN,3.0,"Principal - 4390 - OTRAS ACTIVIDADES ESPECIALIZADAS DE CONSTRUCCIÓN | Secundaria 1 - 4923 - TRANSPORTE DE CARGA POR CARRETERA | Secundaria 2 - 7730 - ALQUILER Y ARRENDAMIENTO DE OTROS TIPOS DE MAQUINARIA, EQUIPO Y BIENES TANGIBLES",0,0,0,0,23/09/2026 22:26,1,1,1,71.6,Alto
20486103079,GIRASOL E.I.R.L,-,2024,JUNIN,23/02/2011,01/03/2011,2011.0,13.0,0,2011,13,4,1,93557039.54,4,0.0,0.0,EMPRESA INDIVIDUAL DE RESP. LTDA,ACTIVO,HABIDO,,LIMA/LIMA/EL AGUSTINO,Principal - 4100 - CONSTRUCCIÓN DE EDIFICIOS,3.0,Principal - 4100 - CONSTRUCCIÓN DE EDIFICIOS | Secundaria 1 - 4210 - CONSTRUCCIÓN DE CARRETERAS Y VÍAS DE FERROCARRIL | Secundaria 2 - 7110 - ACTIVIDADES DE ARQUITECTURA E INGENIERÍA Y ACTIVIDADES CONEXAS DE CONSULTORÍA TÉCNICA,1,1,0,0,23/09/2026 22:26,1,1,1,71.6,Alto
20486132338,ZUASPONG SRL,-,2024,JUNIN,05/12/2003,05/12/2003,2003.0,21.0,0,2014,10,3,1,57123400.61,3,0.0,0.0,SOC.COM.RESPONS. LTDA,ACTIVO,HABIDO,,JUNIN/HUANCAYO/CHILCA,Principal - 4100 - CONSTRUCCIÓN DE EDIFICIOS,3.0,"Principal - 4100 - CONSTRUCCIÓN DE EDIFICIOS | Secundaria 1 - 4210 - CONSTRUCCIÓN DE CARRETERAS Y VÍAS DE FERROCARRIL | Secundaria 2 - 7730 - ALQUILER Y ARRENDAMIENTO DE OTROS TIPOS DE MAQUINARIA, EQUIPO Y BIENES TANGIBLES",0,1,0,0,23/09/2026 22:26,1,1,1,71.6,Alto
20486243750,CONSTRUCTORA G Y P.CH.CONTRATISTAS GENERALES E.I.R.L.,CONCRETERA PERÚ PERÚ,2024,JUNIN,04/10/2013,03/10/2013,2013.0,11.0,0,2024,0,1,1,500000.0,1,1.0,1.0,EMPRESA INDIVIDUAL DE RESP. LTDA,ACTIVO,HABIDO,,JUNIN/HUANCAYO/HUANCAYO,Principal - 4100 - CONSTRUCCIÓN DE EDIFICIOS,3.0,Principal - 4100 - CONSTRUCCIÓN DE EDIFICIOS | Secundaria 1 - 4390 - OTRAS ACTIVIDADES ESPECIALIZADAS DE CONSTRUCCIÓN | Secundaria 2 - 4290 - CONSTRUCCIÓN DE OTRAS OBRAS DE INGENIERÍA CIVIL,0,0,0,0,23/09/2026 22:26,1,1,1,71.6,Alto
20486404273,GIR INGENIERIA Y CONSTRUCCION CONTRATISTAS GENERALES S.A.C.,-,2024,JUNIN,14/02/2006,09/05/2006,2006.0,18.0,0,2013,11,1,2,100000.0,1,1.0,1.0,SOCIEDAD ANONIMA CERRADA,ACTIVO,HABIDO,,LIMA/LIMA/ATE,Principal - 4923 - TRANSPORTE DE CARGA POR CARRETERA,3.0,"Principal - 4923 - TRANSPORTE DE CARGA POR CARRETERA | Secundaria 1 - 2395 - FABRICACIÓN DE ARTÍCULOS DE HORMIGÓN, CEMENTO Y YESO | Secundaria 2 - 4210 - CONSTRUCCIÓN DE CARRETERAS Y VÍAS DE FERROCARRIL",1,7,0,0,23/09/2026 22:27,1,1,1,71.6,Alto
20486558742,CONSTRUCTORA PAUCAR ESPINOZA SOCIEDAD ANONIMA CERRADA,-,2024,JUNIN,27/09/2016,27/09/2016,2016.0,8.0,0,2011,13,1,1,100000.0,1,1.0,1.0,SOCIEDAD ANONIMA CERRADA,ACTIVO,HABIDO,,HUANCAVELICA/HUANCAVELICA/ASCENSION,Principal - 4100 - CONSTRUCCIÓN DE EDIFICIOS,3.0,Principal - 4100 - CONSTRUCCIÓN DE EDIFICIOS | Secundaria 1 - 7110 - ACTIVIDADES DE ARQUITECTURA E INGENIERÍA Y ACTIVIDADES CONEXAS DE CONSULTORÍA TÉCNICA | Secundaria 2 - 4210 - CONSTRUCCIÓN DE CARRETERAS Y VÍAS DE FERROCARRIL,1,0,0,0,23/09/2026 22:27,1,1,1,71.6,Alto
20486573113,CONSORCIO REBOLLAR S.R.L.,-,2024,JUNIN,19/02/2007,19/02/2007,2007.0,17.0,0,2014,10,1,1,100000.0,1,1.0,1.0,SOC.COM.RESPONS. LTDA,ACTIVO,HABIDO,,JUNIN/HUANCAYO/EL TAMBO,Principal - 4100 - CONSTRUCCIÓN DE EDIFICIOS,3.0,Principal - 4100 - CONSTRUCCIÓN DE EDIFICIOS | Secundaria 1 - 4210 - CONSTRUCCIÓN DE CARRETERAS Y VÍAS DE FERROCARRIL | Secundaria 2 - 4290 - CONSTRUCCIÓN DE OTRAS OBRAS DE INGENIERÍA CIVIL,2,0,0,0,23/09/2026 22:27,1,1,1,71.6,Alto
20486625954,GRUPO EJECUTOR DE OBRAS CIVILES-CONSTRUCTORES E.I.R.L.,GEOCI CONSTRUCTORES E.I.R.L,2024,JUNIN,18/08/2009,25/09/2009,2009.0,15.0,0,2014,10,1,1,7236922.7,1,1.0,1.0,EMPRESA INDIVIDUAL DE RESP. LTDA,ACTIVO,HABIDO,,LIMA/LIMA/SAN JUAN DE LURIGANCHO,Principal - 4390 - OTRAS ACTIVIDADES ESPECIALIZADAS DE CONSTRUCCIÓN,3.0,"Principal - 4390 - OTRAS ACTIVIDADES ESPECIALIZADAS DE CONSTRUCCIÓN | Secundaria 1 - 4923 - TRANSPORTE DE CARGA POR CARRETERA | Secundaria 2 - 7730 - ALQUILER Y ARRENDAMIENTO DE OTROS TIPOS DE MAQUINARIA, EQUIPO Y BIENES TANGIBLES",0,0,0,0,23/09/2026 22:27,1,1,1,71.6,Alto
20486743302,CONSTRUCTORA DEL CENTRO E.I.R.L.,CONCEN EIRL,2024,JUNIN,18/12/2007,01/01/2008,2008.0,16.0,0,2024,0,1,3,28933255.05,1,0.0,0.0,EMPRESA INDIVIDUAL DE RESP. LTDA,ACTIVO,HABIDO,,JUNIN/TARMA/TARMA,Principal - 4290 - CONSTRUCCIÓN DE OTRAS OBRAS DE INGENIERÍA CIVIL,3.0,Principal - 4290 - CONSTRUCCIÓN DE OTRAS OBRAS DE INGENIERÍA CIVIL | Secundaria 1 - 7110 - ACTIVIDADES DE ARQUITECTURA E INGENIERÍA Y ACTIVIDADES CONEXAS DE CONSULTORÍA TÉCNICA | Secundaria 2 - 4210 - CONSTRUCCIÓN DE CARRETERAS Y VÍAS DE FERROCARRIL,1,0,0,0,23/09/2026 22:27,1,1,1,71.6,Alto
20486807122,EMPRESA CONSTRUCTORA MARBELLA E.I.R.L,-,2024,JUNIN,26/03/2008,01/04/2008,2008.0,16.0,0,2014,10,1,1,85707492.28,1,0.0,0.0,EMPRESA INDIVIDUAL DE RESP. LTDA,ACTIVO,HABIDO,,LIMA/LIMA/LA VICTORIA,Principal - 4100 - CONSTRUCCIÓN DE EDIFICIOS,3.0,Principal - 4100 - CONSTRUCCIÓN DE EDIFICIOS | Secundaria 1 - 74218 - ACTIV.DE ARQUITECTURA E INGENIERIA | Secundaria 2 - 7110 - ACTIVIDADES DE ARQUITECTURA E INGENIERÍA Y ACTIVIDADES CONEXAS DE CONSULTORÍA TÉCNICA,0,0,0,0,23/09/2026 22:27,1,1,1,71.6,Alto
20486812479,GMC CONSULTORES Y CONSTRUCTORES SOCIEDAD ANONIMA CERRADA,GMC SAC,2024,JUNIN,04/04/2008,13/05/2008,2008.0,16.0,0,2009,15,1,1,100000.0,1,1.0,1.0,SOCIEDAD ANONIMA CERRADA,BAJA PROV. POR OFICIO,HABIDO,31/08/2026,HUANCAVELICA/HUANCAVELICA/ASCENSION,Principal - 2511 - FABRICACION DE PRODUCTOS METALICOS PARA USO ESTRUCTURAL,3.0,"Principal - 2511 - FABRICACION DE PRODUCTOS METALICOS PARA USO ESTRUCTURAL | Secundaria 1 - 7110 - ACTIVIDADES DE ARQUITECTURA E INGENIERÍA Y ACTIVIDADES CONEXAS DE CONSULTORÍA TÉCNICA | Secundaria 2 - 7730 - ALQUILER Y ARRENDAMIENTO DE OTROS TIPOS DE MAQUINARIA, EQUIPO Y BIENES TANGIBLES",0,0,0,0,23/09/2026 22:28,1,1,1,71.6,Alto
20486887568,W & M CONSTRUCTORES SOCIEDAD ANONIMA CERRADA,W & M CONSTRUCTORES S.A.C.,2024,JUNIN,07/08/2008,07/08/2008,2008.0,16.0,0,2012,12,1,1,100000.0,1,1.0,1.0,SOCIEDAD ANONIMA CERRADA,ACTIVO,HABIDO,,LIMA/LIMA/CHORRILLOS,Principal - 4290 - CONSTRUCCIÓN DE OTRAS OBRAS DE INGENIERÍA CIVIL,3.0,"Principal - 4290 - CONSTRUCCIÓN DE OTRAS OBRAS DE INGENIERÍA CIVIL | Secundaria 1 - 4663 - VENTA AL POR MAYOR DE MATERIALES DE CONSTRUCCIÓN, ARTÍCULOS DE FERRETERÍA Y EQUIPO Y MATERIALES DE FONTANERÍA Y CALEFACCIÓN | Secundaria 2 - 7730 - ALQUILER Y ARRENDAMIENTO DE OTROS TIPOS DE MAQUINARIA, EQUIPO Y BIENES TANGIBLES",1,0,0,0,23/09/2026 22:28,1,1,1,71.6,Alto
20486960401,CORPORACION DOMINUS SOCIEDAD ANONIMA CERRADA,CORPORACION DOMINUS SAC,2024,JUNIN,03/12/2008,03/12/2008,2008.0,16.0,0,2012,12,3,1,294813583.41,3,0.0,0.0,SOCIEDAD ANONIMA CERRADA,ACTIVO,HABIDO,,LIMA/LIMA/SAN ISIDRO,Principal - 4923 - TRANSPORTE DE CARGA POR CARRETERA,3.0,Principal - 4923 - TRANSPORTE DE CARGA POR CARRETERA | Secundaria 1 - 7110 - ACTIVIDADES DE ARQUITECTURA E INGENIERÍA Y ACTIVIDADES CONEXAS DE CONSULTORÍA TÉCNICA | Secundaria 2 - 4210 - CONSTRUCCIÓN DE CARRETERAS Y VÍAS DE FERROCARRIL,1,4,0,0,23/09/2026 22:28,1,1,1,71.6,Alto
20486995450,MEGAN CONSTRUCCIONES S.A.C.,-,2024,JUNIN,28/01/2009,28/01/2009,2009.0,15.0,0,2018,6,1,1,100000.0,1,1.0,1.0,SOCIEDAD ANONIMA CERRADA,SUSPENSION TEMPORAL,HABIDO,,LIMA/LIMA/SAN ISIDRO,"Principal - 7730 - ALQUILER Y ARRENDAMIENTO DE OTROS TIPOS DE MAQUINARIA, EQUIPO Y BIENES TANGIBLES",3.0,"Principal - 7730 - ALQUILER Y ARRENDAMIENTO DE OTROS TIPOS DE MAQUINARIA, EQUIPO Y BIENES TANGIBLES | Secundaria 1 - 4923 - TRANSPORTE DE CARGA POR CARRETERA | Secundaria 2 - 4663 - VENTA AL POR MAYOR DE MATERIALES DE CONSTRUCCIÓN, ARTÍCULOS DE FERRETERÍA Y EQUIPO Y MATERIALES DE FONTANERÍA Y CALEFACCIÓN",2,0,0,0,23/09/2026 22:28,1,1,1,71.6,Alto
20487047512,CONSTRUCTORA E INVERSIONES LANSER E.I.R.L.,CONSTRUCTORA LANSER,2024,JUNIN,03/04/2009,22/08/2009,2009.0,15.0,0,2023,1,3,1,2550578.71,3,3.0,1.0,EMPRESA INDIVIDUAL DE RESP. LTDA,ACTIVO,HABIDO,,LIMA/LIMA/ATE,Principal - 4100 - CONSTRUCCIÓN DE EDIFICIOS,3.0,Principal - 4100 - CONSTRUCCIÓN DE EDIFICIOS | Secundaria 1 - 4210 - CONSTRUCCIÓN DE CARRETERAS Y VÍAS DE FERROCARRIL | Secundaria 2 - 4923 - TRANSPORTE DE CARGA POR CARRETERA,0,0,0,0,23/09/2026 22:28,1,1,1,71.6,Alto
20487065502,CONSTRUCTORA CLASE S.A.C.,-,2024,JUNIN,11/01/2011,02/07/2012,2012.0,12.0,0,2014,10,1,1,500000.0,1,1.0,1.0,SOCIEDAD ANONIMA CERRADA,ACTIVO,HABIDO,,LIMA/LIMA/SANTIAGO DE SURCO,Principal - 4210 - CONSTRUCCIÓN DE CARRETERAS Y VÍAS DE FERROCARRIL,3.0,Principal - 4210 - CONSTRUCCIÓN DE CARRETERAS Y VÍAS DE FERROCARRIL | Secundaria 1 - 4100 - CONSTRUCCIÓN DE EDIFICIOS | Secundaria 2 - 4321 - INSTALACIONES ELÉCTRICAS,0,0,0,0,23/09/2026 22:28,1,1,1,71.6,Alto
20487176169,CONSTRUCTORA MJR S.A.,-,2024,JUNIN,19/10/2009,01/11/2009,2009.0,15.0,0,2013,11,1,1,500000.0,1,1.0,1.0,SOCIEDAD ANONIMA,ACTIVO,HABIDO,,LIMA/LIMA/ATE,Principal - 4100 - CONSTRUCCIÓN DE EDIFICIOS,3.0,Principal - 4100 - CONSTRUCCIÓN DE EDIFICIOS | Secundaria 1 - 7110 - ACTIVIDADES DE ARQUITECTURA E INGENIERÍA Y ACTIVIDADES CONEXAS DE CONSULTORÍA TÉCNICA | Secundaria 2 - 4210 - CONSTRUCCIÓN DE CARRETERAS Y VÍAS DE FERROCARRIL,0,0,0,0,23/09/2026 22:29,1,1,1,71.6,Alto
20489371791,INVERSIONES PACCHIONI E INGENIEROS CONTRATISTAS S.R.L.,INPACC S.R.L.,2024,JUNIN,23/02/2005,22/02/2005,2005.0,19.0,0,2011,13,1,1,100000.0,1,1.0,1.0,SOC.COM.RESPONS. LTDA,ACTIVO,HABIDO,,LIMA/LIMA/SAN ISIDRO,Principal - 4100 - CONSTRUCCIÓN DE EDIFICIOS,3.0,"Principal - 4100 - CONSTRUCCIÓN DE EDIFICIOS | Secundaria 1 - 4923 - TRANSPORTE DE CARGA POR CARRETERA | Secundaria 2 - 7730 - ALQUILER Y ARRENDAMIENTO DE OTROS TIPOS DE MAQUINARIA, EQUIPO Y BIENES TANGIBLES",0,0,0,0,23/09/2026 22:30,1,1,1,71.6,Alto
20489430399,CARBOZ CONSTRUCTORA & MINERIA EMPRESA INDIVIDUAL DE RESPONSABILIDAD LIMITADA - CARBOZ C & M E.I.R.L.,CARBOZ C&M EIRL,2024,JUNIN,13/02/2006,13/02/2006,2006.0,18.0,0,2011,13,1,1,100000.0,1,1.0,1.0,EMPRESA INDIVIDUAL DE RESP. LTDA,ACTIVO,HABIDO,,LIMA/LIMA/BREÑA,Principal - 4390 - OTRAS ACTIVIDADES ESPECIALIZADAS DE CONSTRUCCIÓN,3.0,"Principal - 4390 - OTRAS ACTIVIDADES ESPECIALIZADAS DE CONSTRUCCIÓN | Secundaria 1 - 0899 - EXPLOTACIÓN DE OTRAS MINAS Y CANTERAS N.C.P. | Secundaria 2 - 7730 - ALQUILER Y ARRENDAMIENTO DE OTROS TIPOS DE MAQUINARIA, EQUIPO Y BIENES TANGIBLES",0,0,0,0,23/09/2026 22:30,1,1,1,71.6,Alto
20489432413,GIOVANNY & ALI CONTRATISTAS SOCIEDAD COMERCIAL DE RESPONSABILIDAD LIMITADA,G&A CONTRATISTAS S.R.L.,2024,JUNIN,20/02/2006,01/03/2006,2006.0,18.0,0,2010,14,1,1,100000.0,1,1.0,1.0,SOC.COM.RESPONS. LTDA,ACTIVO,HABIDO,,HUANUCO/HUANUCO/HUANUCO,Principal - 4100 - CONSTRUCCIÓN DE EDIFICIOS,3.0,"Principal - 4100 - CONSTRUCCIÓN DE EDIFICIOS | Secundaria 1 - 4663 - VENTA AL POR MAYOR DE MATERIALES DE CONSTRUCCIÓN, ARTÍCULOS DE FERRETERÍA Y EQUIPO Y MATERIALES DE FONTANERÍA Y CALEFACCIÓN | Secundaria 2 - 7730 - ALQUILER Y ARRENDAMIENTO DE OTROS TIPOS DE MAQUINARIA, EQUIPO Y BIENES TANGIBLES",1,0,0,0,23/09/2026 22:30,1,1,1,71.6,Alto
20489544998,'E & S' SOCIEDAD ANONIMA,-,2024,JUNIN,01/06/2007,01/06/2007,2007.0,17.0,0,2010,14,2,2,236719862.42,2,0.0,0.0,SOCIEDAD ANONIMA,ACTIVO,HABIDO,,HUANUCO/HUANUCO/HUANUCO,Principal - 4210 - CONSTRUCCIÓN DE CARRETERAS Y VÍAS DE FERROCARRIL,3.0,"Principal - 4210 - CONSTRUCCIÓN DE CARRETERAS Y VÍAS DE FERROCARRIL | Secundaria 1 - 4220 - CONSTRUCCIÓN DE PROYECTOS DE SERVICIO PÚBLICO | Secundaria 2 - 7730 - ALQUILER Y ARRENDAMIENTO DE OTROS TIPOS DE MAQUINARIA, EQUIPO Y BIENES TANGIBLES",2,1,0,0,23/09/2026 22:31,1,1,1,71.6,Alto
20489626706,GRUPO SAN SEBASTIAN SOCIEDAD ANONIMA CERRADA - GRUPO SAN SEBASTIAN S.A.C.,-,2024,JUNIN,26/02/2008,01/02/2008,2008.0,16.0,0,2010,14,1,2,241904391.26,1,0.0,0.0,SOCIEDAD ANONIMA CERRADA,ACTIVO,HABIDO,,LIMA/LIMA/LINCE,Principal - 4290 - CONSTRUCCIÓN DE OTRAS OBRAS DE INGENIERÍA CIVIL,3.0,"Principal - 4290 - CONSTRUCCIÓN DE OTRAS OBRAS DE INGENIERÍA CIVIL | Secundaria 1 - 4923 - TRANSPORTE DE CARGA POR CARRETERA | Secundaria 2 - 4663 - VENTA AL POR MAYOR DE MATERIALES DE CONSTRUCCIÓN, ARTÍCULOS DE FERRETERÍA Y EQUIPO Y MATERIALES DE FONTANERÍA Y CALEFACCIÓN",2,0,0,0,23/09/2026 22:31,1,1,1,71.6,Alto
20489684145,CONSTRUCTORA & MINERIA URETA SOCIEDAD ANONIMA CERRADA,URETA CIMSAC,2024,JUNIN,01/08/2008,01/08/2008,2008.0,16.0,0,2024,0,1,2,13828252.25,1,0.0,0.0,SOCIEDAD ANONIMA CERRADA,ACTIVO,HABIDO,,PASCO/PASCO/CHAUPIMARCA,Principal - 4100 - CONSTRUCCIÓN DE EDIFICIOS,3.0,"Principal - 4100 - CONSTRUCCIÓN DE EDIFICIOS | Secundaria 1 - 4663 - VENTA AL POR MAYOR DE MATERIALES DE CONSTRUCCIÓN, ARTÍCULOS DE FERRETERÍA Y EQUIPO Y MATERIALES DE FONTANERÍA Y CALEFACCIÓN | Secundaria 2 - 4923 - TRANSPORTE DE CARGA POR CARRETERA",0,0,0,0,23/09/2026 22:32,1,1,1,71.6,Alto
20489739900,"EMPRESA CONSTRUCTORA ""RAMOS"" SOCIEDAD COMERCIAL DE RESPONSABILIDAD LIMITADA",ECORAM S.R.L.,2024,JUNIN,29/01/2009,01/02/2009,2009.0,15.0,0,2012,12,1,2,500000.0,1,1.0,1.0,SOC.COM.RESPONS. LTDA,ACTIVO,HABIDO,,PASCO/PASCO/YANACANCHA,Principal - 4100 - CONSTRUCCIÓN DE EDIFICIOS,3.0,"Principal - 4100 - CONSTRUCCIÓN DE EDIFICIOS | Secundaria 1 - 7730 - ALQUILER Y ARRENDAMIENTO DE OTROS TIPOS DE MAQUINARIA, EQUIPO Y BIENES TANGIBLES | Secundaria 2 - 4923 - TRANSPORTE DE CARGA POR CARRETERA",0,0,0,0,23/09/2026 22:32,1,1,1,71.6,Alto
20493537742,CONSTRUCTORA M & J S.A.C.,CONSTRUCTORA M & J SAC,2024,JUNIN,22/12/2006,01/01/2007,2007.0,17.0,0,2013,11,1,4,1098458521.47,1,0.0,0.0,SOCIEDAD ANONIMA CERRADA,ACTIVO,HABIDO,,LORETO/MAYNAS/IQUITOS,Principal - 4390 - OTRAS ACTIVIDADES ESPECIALIZADAS DE CONSTRUCCIÓN,3.0,"Principal - 4390 - OTRAS ACTIVIDADES ESPECIALIZADAS DE CONSTRUCCIÓN | Secundaria 1 - 7730 - ALQUILER Y ARRENDAMIENTO DE OTROS TIPOS DE MAQUINARIA, EQUIPO Y BIENES TANGIBLES | Secundaria 2 - 4923 - TRANSPORTE DE CARGA POR CARRETERA",1,0,0,0,23/09/2026 22:33,1,1,1,71.6,Alto
20494252521,KYZORCH E.I.R.L.,-,2024,JUNIN,02/03/2007,02/03/2007,2007.0,17.0,0,2014,10,2,1,334114411.5,2,0.0,0.0,EMPRESA INDIVIDUAL DE RESP. LTDA,ACTIVO,HABIDO,,LIMA/LIMA/SANTA ANITA,Principal - 4923 - TRANSPORTE DE CARGA POR CARRETERA,3.0,"Principal - 4923 - TRANSPORTE DE CARGA POR CARRETERA | Secundaria 1 - 2394 - FABRICACIÓN DE CEMENTO, CAL Y YESO | Secundaria 2 - 4290 - CONSTRUCCIÓN DE OTRAS OBRAS DE INGENIERÍA CIVIL",0,0,0,0,23/09/2026 22:34,1,1,1,71.6,Alto
20494854172,VIAS INGENIERIA Y CONSTRUCCION S.R.L. VICON S.R.L.,VIAS INGEN. Y CONTRUC. S.R.L.,2024,JUNIN,07/12/2009,07/12/2009,2009.0,15.0,0,2010,14,1,1,112856013.38,1,0.0,0.0,SOC.COM.RESPONS. LTDA,ACTIVO,HABIDO,,LIMA/LIMA/LIMA,Principal - 4290 - CONSTRUCCIÓN DE OTRAS OBRAS DE INGENIERÍA CIVIL,3.0,Principal - 4290 - CONSTRUCCIÓN DE OTRAS OBRAS DE INGENIERÍA CIVIL | Secundaria 1 - 4923 - TRANSPORTE DE CARGA POR CARRETERA | Secundaria 2 - 7710 - ALQUILER Y ARRENDAMIENTO DE VEHÍCULOS AUTOMOTORES,0,1,0,0,23/09/2026 22:35,1,1,1,71.6,Alto
20494951020,"ASESORIA, DISEÑO Y CONSTRUCCION CONTRATISTAS GENERALES SOCIEDAD ANONIMA CERRADA",ADC S.A.C.,2024,JUNIN,21/04/2010,21/04/2010,2010.0,14.0,0,2012,12,3,2,100000.0,3,3.0,1.0,SOCIEDAD ANONIMA CERRADA,ACTIVO,HABIDO,,ICA/ICA/ICA,Principal - 4100 - CONSTRUCCIÓN DE EDIFICIOS,3.0,"Principal - 4100 - CONSTRUCCIÓN DE EDIFICIOS | Secundaria 1 - 4210 - CONSTRUCCIÓN DE CARRETERAS Y VÍAS DE FERROCARRIL | Secundaria 2 - 7730 - ALQUILER Y ARRENDAMIENTO DE OTROS TIPOS DE MAQUINARIA, EQUIPO Y BIENES TANGIBLES",0,11,0,0,23/09/2026 22:35,1,1,1,71.6,Alto
20528917951,PILLCO201 E.I.R.L.,-,2024,JUNIN,02/04/2009,15/07/2009,2009.0,15.0,0,2015,9,2,1,100000.0,2,2.0,1.0,EMPRESA INDIVIDUAL DE RESP. LTDA,ACTIVO,HABIDO,,LIMA/LIMA/BARRANCO,Principal - 4100 - CONSTRUCCIÓN DE EDIFICIOS,3.0,Principal - 4100 - CONSTRUCCIÓN DE EDIFICIOS | Secundaria 1 - 4390 - OTRAS ACTIVIDADES ESPECIALIZADAS DE CONSTRUCCIÓN | Secundaria 2 - 2511 - FABRICACION DE PRODUCTOS METALICOS PARA USO ESTRUCTURAL,0,0,0,0,23/09/2026 22:43,1,1,1,71.6,Alto
20528924221,CONSULTORA Y CONSTRUCTORA G-ORTIZ INGENIEROS Y ARQUITECTOS S.A.C.,G-ORTIZ S.A.C.,2024,JUNIN,21/04/2009,01/09/2009,2009.0,15.0,0,2013,11,1,1,212066720.22,1,0.0,0.0,SOCIEDAD ANONIMA CERRADA,ACTIVO,HABIDO,,LIMA/LIMA/SANTIAGO DE SURCO,Principal - 4100 - CONSTRUCCIÓN DE EDIFICIOS,3.0,"Principal - 4100 - CONSTRUCCIÓN DE EDIFICIOS | Secundaria 1 - 4210 - CONSTRUCCIÓN DE CARRETERAS Y VÍAS DE FERROCARRIL | Secundaria 2 - 7730 - ALQUILER Y ARRENDAMIENTO DE OTROS TIPOS DE MAQUINARIA, EQUIPO Y BIENES TANGIBLES",1,0,0,0,23/09/2026 22:44,1,1,1,71.6,Alto
20529068655,CONSTRUCTION EVOLUTION SOCIEDAD ANONIMA CERRADA,-,2024,JUNIN,09/06/2010,09/06/2010,2010.0,14.0,0,2013,11,1,2,100000.0,1,1.0,1.0,SOCIEDAD ANONIMA CERRADA,ACTIVO,HABIDO,,LIMA/LIMA/LOS OLIVOS,"Principal - 7730 - ALQUILER Y ARRENDAMIENTO DE OTROS TIPOS DE MAQUINARIA, EQUIPO Y BIENES TANGIBLES",3.0,"Principal - 7730 - ALQUILER Y ARRENDAMIENTO DE OTROS TIPOS DE MAQUINARIA, EQUIPO Y BIENES TANGIBLES | Secundaria 1 - 4100 - CONSTRUCCIÓN DE EDIFICIOS | Secundaria 2 - 4663 - VENTA AL POR MAYOR DE MATERIALES DE CONSTRUCCIÓN, ARTÍCULOS DE FERRETERÍA Y EQUIPO Y MATERIALES DE FONTANERÍA Y CALEFACCIÓN",0,0,0,0,23/09/2026 22:44,1,1,1,71.6,Alto
20529104988,COMERCIALIZACIONES Y REPRESENTACIONES BARUJ HASHEM ADONAI S.A.C.,-,2024,JUNIN,22/10/2010,22/10/2010,2010.0,14.0,0,2012,12,1,1,500000.0,1,1.0,1.0,SOCIEDAD ANONIMA CERRADA,ACTIVO,HABIDO,,UCAYALI/CORONEL PORTILLO/YARINACOCHA,Principal - 4100 - CONSTRUCCIÓN DE EDIFICIOS,3.0,Principal - 4100 - CONSTRUCCIÓN DE EDIFICIOS | Secundaria 1 - 4923 - TRANSPORTE DE CARGA POR CARRETERA | Secundaria 2 - 4210 - CONSTRUCCIÓN DE CARRETERAS Y VÍAS DE FERROCARRIL,0,5,0,0,23/09/2026 22:44,1,1,1,71.6,Alto
20531455313,CONSTRUCTORA GUERRERO EIRL,-,2024,JUNIN,09/02/2004,09/02/2004,2004.0,20.0,0,2013,11,1,2,450000.0,1,1.0,1.0,EMPRESA INDIVIDUAL DE RESP. LTDA,ACTIVO,HABIDO,,SAN MARTIN/MOYOBAMBA/MOYOBAMBA,Principal - 4220 - CONSTRUCCIÓN DE PROYECTOS DE SERVICIO PÚBLICO,3.0,Principal - 4220 - CONSTRUCCIÓN DE PROYECTOS DE SERVICIO PÚBLICO | Secundaria 1 - 7110 - ACTIVIDADES DE ARQUITECTURA E INGENIERÍA Y ACTIVIDADES CONEXAS DE CONSULTORÍA TÉCNICA | Secundaria 2 - 4210 - CONSTRUCCIÓN DE CARRETERAS Y VÍAS DE FERROCARRIL,2,0,0,0,23/09/2026 22:47,1,1,1,71.6,Alto
20534666218,MIRMAS PERU CONTRATISTAS GENERALES S.A.C.,-,2024,JUNIN,06/08/2012,05/09/2012,2012.0,12.0,0,2013,11,1,1,19336780.0,1,1.0,1.0,SOCIEDAD ANONIMA CERRADA,ACTIVO,HABIDO,,LIMA/LIMA/JESUS MARIA,Principal - 4100 - CONSTRUCCIÓN DE EDIFICIOS,3.0,"Principal - 4100 - CONSTRUCCIÓN DE EDIFICIOS | Secundaria 1 - 7730 - ALQUILER Y ARRENDAMIENTO DE OTROS TIPOS DE MAQUINARIA, EQUIPO Y BIENES TANGIBLES | Secundaria 2 - 4923 - TRANSPORTE DE CARGA POR CARRETERA",0,0,0,0,23/09/2026 22:51,1,1,1,71.6,Alto
20534839091,"CONSTRUCTORES, CONSULTORÍA CISNEROS Y SERVICIOS GENERALES SOCIEDAD COMERCIAL DE RESPONSABILIDAD LTDA",C.C.C. S.R.L,2024,JUNIN,08/02/2013,08/02/2013,2013.0,11.0,0,2020,4,1,1,36846044.9,1,0.0,0.0,SOC.COM.RESPONS. LTDA,ACTIVO,HABIDO,,AYACUCHO/HUAMANGA/CARMEN ALTO,Principal - 4290 - CONSTRUCCIÓN DE OTRAS OBRAS DE INGENIERÍA CIVIL,3.0,Principal - 4290 - CONSTRUCCIÓN DE OTRAS OBRAS DE INGENIERÍA CIVIL | Secundaria 1 - 7110 - ACTIVIDADES DE ARQUITECTURA E INGENIERÍA Y ACTIVIDADES CONEXAS DE CONSULTORÍA TÉCNICA | Secundaria 2 - 4690 - VENTA AL POR MAYOR NO ESPECIALIZADA,0,0,0,0,23/09/2026 22:51,1,1,1,71.6,Alto
20535886033,SR3 INVERSIONES SOCIEDAD ANONIMA CERRADA,-,2024,JUNIN,08/08/2019,08/08/2019,2019.0,5.0,0,2024,0,1,1,100000.0,1,1.0,1.0,SOCIEDAD ANONIMA CERRADA,BAJA DE OFICIO,HABIDO,31/01/2025,JUNIN/YAULI/SANTA ROSA DE SACCO,Principal - 4100 - CONSTRUCCIÓN DE EDIFICIOS,3.0,"Principal - 4100 - CONSTRUCCIÓN DE EDIFICIOS | Secundaria 1 - 7110 - ACTIVIDADES DE ARQUITECTURA E INGENIERÍA Y ACTIVIDADES CONEXAS DE CONSULTORÍA TÉCNICA | Secundaria 2 - 7730 - ALQUILER Y ARRENDAMIENTO DE OTROS TIPOS DE MAQUINARIA, EQUIPO Y BIENES TANGIBLES",0,0,0,0,23/09/2026 22:51,1,1,1,71.6,Alto
20536612972,CMO GROUP S.A.C.,-,2024,JUNIN,25/06/2010,10/02/2011,2011.0,13.0,0,2012,12,1,5,819662336.32,1,0.0,0.0,SOCIEDAD ANONIMA CERRADA,ACTIVO,HABIDO,,LIMA/LIMA/MIRAFLORES,Principal - 4100 - CONSTRUCCIÓN DE EDIFICIOS,2.0,Principal - 4100 - CONSTRUCCIÓN DE EDIFICIOS | Secundaria 1 - 3313 - REPARACIÓN DE EQUIPO ELECTRÓNICO Y ÓPTICO,1,0,0,0,23/09/2026 22:52,1,1,1,71.6,Alto
20541417851,JHOMAR CONTRATISTAS GENERALES SOCIEDAD ANONIMA CERRADA - JHOMAR CONTRATISTAS GENERALES S.A.C.,-,2024,JUNIN,30/11/2010,30/11/2010,2010.0,14.0,0,2012,12,1,1,100000.0,1,1.0,1.0,SOCIEDAD ANONIMA CERRADA,ACTIVO,HABIDO,,LIMA/LIMA/SAN MARTIN DE PORRES,Principal - 4100 - CONSTRUCCIÓN DE EDIFICIOS,2.0,Principal - 4100 - CONSTRUCCIÓN DE EDIFICIOS | Secundaria 2 - 7310 - PUBLICIDAD,0,0,0,0,23/09/2026 22:53,1,1,1,71.6,Alto
20541453815,EJECUTORES & CONSULTORES RUMY SOCIEDAD ANONIMA CERRADA - EJECUTORES & CONSULTORES RUMY S.A.C.,-,2024,JUNIN,05/01/2011,05/01/2011,2011.0,13.0,0,2023,1,2,1,32531919.0,2,0.0,0.0,SOCIEDAD ANONIMA CERRADA,ACTIVO,HABIDO,,JUNIN/HUANCAYO/HUANCAYO,Principal - 4390 - OTRAS ACTIVIDADES ESPECIALIZADAS DE CONSTRUCCIÓN,3.0,Principal - 4390 - OTRAS ACTIVIDADES ESPECIALIZADAS DE CONSTRUCCIÓN | Secundaria 1 - 4210 - CONSTRUCCIÓN DE CARRETERAS Y VÍAS DE FERROCARRIL | Secundaria 2 - 4100 - CONSTRUCCIÓN DE EDIFICIOS,0,0,0,0,23/09/2026 22:53,1,1,1,71.6,Alto
20541462644,YURAQYAKU J & M S.A.C.,-,2024,JUNIN,14/01/2011,14/01/2011,2011.0,13.0,0,2011,13,2,1,100000.0,2,2.0,1.0,SOCIEDAD ANONIMA CERRADA,ACTIVO,HABIDO,,LIMA/LIMA/CHORRILLOS,Principal - 4100 - CONSTRUCCIÓN DE EDIFICIOS,3.0,Principal - 4100 - CONSTRUCCIÓN DE EDIFICIOS | Secundaria 1 - 7110 - ACTIVIDADES DE ARQUITECTURA E INGENIERÍA Y ACTIVIDADES CONEXAS DE CONSULTORÍA TÉCNICA | Secundaria 2 - 4210 - CONSTRUCCIÓN DE CARRETERAS Y VÍAS DE FERROCARRIL,1,0,0,0,23/09/2026 22:53,1,1,1,71.6,Alto
20541556380,CONSTRUCTORA CLEPER CONTRATISTAS GENERALES SOCIEDAD ANÓNIMA CERRADA,CONSTRUCTORA CLEPER,2024,JUNIN,24/03/2011,01/04/2011,2011.0,13.0,0,2013,11,1,1,100000.0,1,1.0,1.0,SOCIEDAD ANONIMA CERRADA,ACTIVO,HABIDO,,JUNIN/HUANCAYO/EL TAMBO,Principal - 4210 - CONSTRUCCIÓN DE CARRETERAS Y VÍAS DE FERROCARRIL,3.0,"Principal - 4210 - CONSTRUCCIÓN DE CARRETERAS Y VÍAS DE FERROCARRIL | Secundaria 1 - 4752 - VENTA AL POR MENOR DE ARTÍCULOS DE FERRETERÍA, PINTURAS Y PRODUCTOS DE VIDRIO EN COMERCIOS ESPECIALIZADOS | Secundaria 2 - 4100 - CONSTRUCCIÓN DE EDIFICIOS",0,0,0,0,23/09/2026 22:53,1,1,1,71.6,Alto
20541592777,CORPORACION CIMA S.A.C.,CORPORACION CIMA,2024,JUNIN,29/04/2011,21/06/2011,2011.0,13.0,0,2024,0,1,1,5007969334.24,1,0.0,0.0,SOCIEDAD ANONIMA CERRADA,ACTIVO,HABIDO,,LIMA/LIMA/SAN JUAN DE LURIGANCHO,Principal - 4100 - CONSTRUCCIÓN DE EDIFICIOS,3.0,"Principal - 4100 - CONSTRUCCIÓN DE EDIFICIOS | Secundaria 1 - 4663 - VENTA AL POR MAYOR DE MATERIALES DE CONSTRUCCIÓN, ARTÍCULOS DE FERRETERÍA Y EQUIPO Y MATERIALES DE FONTANERÍA Y CALEFACCIÓN | Secundaria 2 - 4390 - OTRAS ACTIVIDADES ESPECIALIZADAS DE CONSTRUCCIÓN",1,1,0,0,23/09/2026 22:54,1,1,1,71.6,Alto
20542153980,CONSTRUCTORA JAOR E.I.R.L.,-,2024,JUNIN,17/03/2011,17/03/2011,2011.0,13.0,0,2011,13,1,1,496671935.61,1,0.0,0.0,EMPRESA INDIVIDUAL DE RESP. LTDA,ACTIVO,HABIDO,,LIMA/LIMA/SANTIAGO DE SURCO,Principal - 4100 - CONSTRUCCIÓN DE EDIFICIOS,3.0,"Principal - 4100 - CONSTRUCCIÓN DE EDIFICIOS | Secundaria 1 - 7110 - ACTIVIDADES DE ARQUITECTURA E INGENIERÍA Y ACTIVIDADES CONEXAS DE CONSULTORÍA TÉCNICA | Secundaria 2 - 7730 - ALQUILER Y ARRENDAMIENTO DE OTROS TIPOS DE MAQUINARIA, EQUIPO Y BIENES TANGIBLES",0,0,0,0,23/09/2026 22:54,1,1,1,71.6,Alto
20546099220,GRUPO MONTERRICO S.A.C,"CONSTRUCCION, INMOBILIARIA Y M",2024,JUNIN,19/12/2011,08/02/2012,2012.0,12.0,0,2012,12,1,1,39354030.14,1,0.0,0.0,SOCIEDAD ANONIMA CERRADA,ACTIVO,HABIDO,,LIMA/LIMA/CIENEGUILLA,Principal - 4100 - CONSTRUCCIÓN DE EDIFICIOS,3.0,"Principal - 4100 - CONSTRUCCIÓN DE EDIFICIOS | Secundaria 1 - 4923 - TRANSPORTE DE CARGA POR CARRETERA | Secundaria 2 - 7730 - ALQUILER Y ARRENDAMIENTO DE OTROS TIPOS DE MAQUINARIA, EQUIPO Y BIENES TANGIBLES",0,0,0,0,23/09/2026 22:56,1,1,1,71.6,Alto
20557209752,OBRAS DE INFRAESTRUCTURA S.A.C.,OBRASIN,2024,JUNIN,02/04/2014,01/06/2014,2014.0,10.0,0,2020,4,1,1,108207863.38,1,0.0,0.0,SOCIEDAD ANONIMA CERRADA,ACTIVO,HABIDO,,LIMA/LIMA/SANTIAGO DE SURCO,Principal - 4100 - CONSTRUCCIÓN DE EDIFICIOS,3.0,"Principal - 4100 - CONSTRUCCIÓN DE EDIFICIOS | Secundaria 1 - 8299 - OTRAS ACTIVIDADES DE SERVICIOS DE APOYO A LAS EMPRESAS N.C.P. | Secundaria 2 - 7730 - ALQUILER Y ARRENDAMIENTO DE OTROS TIPOS DE MAQUINARIA, EQUIPO Y BIENES TANGIBLES",0,0,0,0,23/09/2026 22:58,1,1,1,71.6,Alto
20568003790,INVERSIONES IVAMAX S.A.C.,-,2024,JUNIN,01/02/2017,01/02/2017,2017.0,7.0,0,2024,0,1,1,500000.0,1,1.0,1.0,SOCIEDAD ANONIMA CERRADA,SUSPENSION TEMPORAL,NO HABIDO,,JUNIN/HUANCAYO/EL TAMBO,Principal - 4100 - CONSTRUCCIÓN DE EDIFICIOS,3.0,"Principal - 4100 - CONSTRUCCIÓN DE EDIFICIOS | Secundaria 1 - 4663 - VENTA AL POR MAYOR DE MATERIALES DE CONSTRUCCIÓN, ARTÍCULOS DE FERRETERÍA Y EQUIPO Y MATERIALES DE FONTANERÍA Y CALEFACCIÓN | Secundaria 2 - 7730 - ALQUILER Y ARRENDAMIENTO DE OTROS TIPOS DE MAQUINARIA, EQUIPO Y BIENES TANGIBLES",0,0,0,0,23/09/2026 22:59,1,1,1,71.6,Alto
20568050283,DIANEXPORT S.A.C.,-,2024,JUNIN,01/07/2011,01/07/2011,2011.0,13.0,0,2023,1,2,1,9328879.18,2,0.0,0.0,SOCIEDAD ANONIMA CERRADA,ACTIVO,HABIDO,,LIMA/LIMA/MAGDALENA DEL MAR,Principal - 4100 - CONSTRUCCIÓN DE EDIFICIOS,3.0,Principal - 4100 - CONSTRUCCIÓN DE EDIFICIOS | Secundaria 1 - 4210 - CONSTRUCCIÓN DE CARRETERAS Y VÍAS DE FERROCARRIL | Secundaria 2 - 4659 - VENTA AL POR MAYOR DE OTROS TIPOS DE MAQUINARIA Y EQUIPO,0,0,0,0,23/09/2026 22:59,1,1,1,71.6,Alto
20568161786,CONTRATISTAS GENERALES KER EMPRESA INDIVIDUAL DE RESPONSABILIDAD LIMITADA - CONGEKER E.I.R.L.,-,2024,JUNIN,15/11/2011,16/11/2011,2011.0,13.0,0,2020,4,4,1,123963796.08,4,0.0,0.0,EMPRESA INDIVIDUAL DE RESP. LTDA,ACTIVO,HABIDO,,LIMA/LIMA/VILLA EL SALVADOR,Principal - 4390 - OTRAS ACTIVIDADES ESPECIALIZADAS DE CONSTRUCCIÓN,3.0,"Principal - 4390 - OTRAS ACTIVIDADES ESPECIALIZADAS DE CONSTRUCCIÓN | Secundaria 1 - 4663 - VENTA AL POR MAYOR DE MATERIALES DE CONSTRUCCIÓN, ARTÍCULOS DE FERRETERÍA Y EQUIPO Y MATERIALES DE FONTANERÍA Y CALEFACCIÓN | Secundaria 2 - 7730 - ALQUILER Y ARRENDAMIENTO DE OTROS TIPOS DE MAQUINARIA, EQUIPO Y BIENES TANGIBLES",0,0,0,0,23/09/2026 22:59,1,1,1,71.6,Alto
20568163487,FLORES GUERRERO CONTRATISTAS GENERALES SOCIEDAD ANÓNIMA CERRADA-FOGUE CONTRATISTAS GENERALES S.A.C.,EL CONSTRUCTOR,2024,JUNIN,16/11/2011,01/01/2012,2012.0,12.0,0,2023,1,1,1,400000.0,1,1.0,1.0,SOCIEDAD ANONIMA CERRADA,ACTIVO,HABIDO,,JUNIN/HUANCAYO/EL TAMBO,Principal - 4100 - CONSTRUCCIÓN DE EDIFICIOS,3.0,"Principal - 4100 - CONSTRUCCIÓN DE EDIFICIOS | Secundaria 1 - 4923 - TRANSPORTE DE CARGA POR CARRETERA | Secundaria 2 - 4663 - VENTA AL POR MAYOR DE MATERIALES DE CONSTRUCCIÓN, ARTÍCULOS DE FERRETERÍA Y EQUIPO Y MATERIALES DE FONTANERÍA Y CALEFACCIÓN",0,0,0,0,23/09/2026 23:00,1,1,1,71.6,Alto
20568196491,J.K. MULTISERVICIOS Y REPRESENTACIONES EMPRESA INDIVIDUAL DE RESPONSABILIDAD LIMITADA,-,2024,JUNIN,23/12/2011,23/12/2011,2011.0,13.0,0,2024,0,1,1,100000.0,1,1.0,1.0,EMPRESA INDIVIDUAL DE RESP. LTDA,ACTIVO,HABIDO,,JUNIN/SATIPO/RIO NEGRO,Principal - 4210 - CONSTRUCCIÓN DE CARRETERAS Y VÍAS DE FERROCARRIL,3.0,Principal - 4210 - CONSTRUCCIÓN DE CARRETERAS Y VÍAS DE FERROCARRIL | Secundaria 1 - 7710 - ALQUILER Y ARRENDAMIENTO DE VEHÍCULOS AUTOMOTORES | Secundaria 2 - 3312 - REPARACIÓN DE MAQUINARIA,0,0,0,0,23/09/2026 23:00,1,1,1,71.6,Alto
20568210078,GARJAK SOCIEDAD DE RESPONSABILIDAD LIMITADA,-,2024,JUNIN,12/01/2012,19/11/2012,2012.0,12.0,0,2024,0,1,1,358237.9,1,1.0,1.0,SOC.COM.RESPONS. LTDA,ACTIVO,HABIDO,,JUNIN/HUANCAYO/EL TAMBO,Principal - 4290 - CONSTRUCCIÓN DE OTRAS OBRAS DE INGENIERÍA CIVIL,3.0,"Principal - 4290 - CONSTRUCCIÓN DE OTRAS OBRAS DE INGENIERÍA CIVIL | Secundaria 1 - 4312 - PREPARACIÓN DEL TERRENO | Secundaria 2 - 7730 - ALQUILER Y ARRENDAMIENTO DE OTROS TIPOS DE MAQUINARIA, EQUIPO Y BIENES TANGIBLES",0,0,0,0,23/09/2026 23:00,1,1,1,71.6,Alto
20568223307,CORAL ING'S ASOCIADOS CONTRATISTAS S.A.C.,-,2024,JUNIN,26/01/2012,01/02/2012,2012.0,12.0,0,2012,12,1,1,25421340.3,1,0.0,0.0,SOCIEDAD ANONIMA CERRADA,ACTIVO,HABIDO,,JUNIN/HUANCAYO/HUANCAYO,Principal - 4100 - CONSTRUCCIÓN DE EDIFICIOS,3.0,"Principal - 4100 - CONSTRUCCIÓN DE EDIFICIOS | Secundaria 1 - 7110 - ACTIVIDADES DE ARQUITECTURA E INGENIERÍA Y ACTIVIDADES CONEXAS DE CONSULTORÍA TÉCNICA | Secundaria 2 - 7730 - ALQUILER Y ARRENDAMIENTO DE OTROS TIPOS DE MAQUINARIA, EQUIPO Y BIENES TANGIBLES",0,0,0,0,23/09/2026 23:00,1,1,1,71.6,Alto
20568237430,ARCONS NUÑEZ CONTRATISTA GENERAL E.I.R.L.,-,2024,JUNIN,07/02/2012,07/02/2012,2012.0,12.0,0,2015,9,1,1,7504168.56,1,0.0,0.0,EMPRESA INDIVIDUAL DE RESP. LTDA,ACTIVO,HABIDO,,JUNIN/HUANCAYO/CHILCA,Principal - 4210 - CONSTRUCCIÓN DE CARRETERAS Y VÍAS DE FERROCARRIL,3.0,"Principal - 4210 - CONSTRUCCIÓN DE CARRETERAS Y VÍAS DE FERROCARRIL | Secundaria 1 - 7730 - ALQUILER Y ARRENDAMIENTO DE OTROS TIPOS DE MAQUINARIA, EQUIPO Y BIENES TANGIBLES | Secundaria 2 - 4663 - VENTA AL POR MAYOR DE MATERIALES DE CONSTRUCCIÓN, ARTÍCULOS DE FERRETERÍA Y EQUIPO Y MATERIALES DE FONTANERÍA Y CALEFACCIÓN",0,0,0,0,23/09/2026 23:00,1,1,1,71.6,Alto
20568275013,M & A CENTER WINNERS E.I.R.L.,CENTER WINNERS E.I.R.L.,2024,JUNIN,07/03/2012,08/03/2012,2012.0,12.0,0,2015,9,4,1,80628364.8,4,1.0,0.25,EMPRESA INDIVIDUAL DE RESP. LTDA,ACTIVO,HABIDO,,LIMA/LIMA/SAN JUAN DE LURIGANCHO,Principal - 4290 - CONSTRUCCIÓN DE OTRAS OBRAS DE INGENIERÍA CIVIL,3.0,"Principal - 4290 - CONSTRUCCIÓN DE OTRAS OBRAS DE INGENIERÍA CIVIL | Secundaria 1 - 4923 - TRANSPORTE DE CARGA POR CARRETERA | Secundaria 2 - 2395 - FABRICACIÓN DE ARTÍCULOS DE HORMIGÓN, CEMENTO Y YESO",0,0,0,0,23/09/2026 23:00,1,1,1,71.6,Alto
20568327773,COLCERH S.A.C.,-,2024,JUNIN,04/12/2024,04/12/2024,2024.0,0.0,0,2018,6,1,1,6870337.12,1,1.0,1.0,SOCIEDAD ANONIMA CERRADA,ACTIVO,HABIDO,,JUNIN/HUANCAYO/EL TAMBO,Principal - 4100 - CONSTRUCCIÓN DE EDIFICIOS,2.0,Principal - 4100 - CONSTRUCCIÓN DE EDIFICIOS | Secundaria 1 - 4923 - TRANSPORTE DE CARGA POR CARRETERA,1,0,0,0,23/09/2026 23:00,1,1,1,71.6,Alto
20568345755,MINERIA & CONSTRUCCION MORALITOS S.A.C.,-,2024,JUNIN,18/05/2012,01/06/2012,2012.0,12.0,0,2014,10,3,1,500000.0,3,3.0,1.0,SOCIEDAD ANONIMA CERRADA,ACTIVO,HABIDO,,LIMA/LIMA/CHORRILLOS,Principal - 4923 - TRANSPORTE DE CARGA POR CARRETERA,3.0,Principal - 4923 - TRANSPORTE DE CARGA POR CARRETERA | Secundaria 1 - 4210 - CONSTRUCCIÓN DE CARRETERAS Y VÍAS DE FERROCARRIL | Secundaria 2 - 7110 - ACTIVIDADES DE ARQUITECTURA E INGENIERÍA Y ACTIVIDADES CONEXAS DE CONSULTORÍA TÉCNICA,0,0,0,0,23/09/2026 23:00,1,1,1,71.6,Alto
20568360801,BRIJECC CONSULTORA CONSTRUCTORA SOCIEDAD ANONIMA CERRADA - BRIJECC S.A.C.,BRIJECC SAC,2024,JUNIN,02/06/2012,01/06/2012,2012.0,12.0,0,2024,0,1,1,3348669.82,1,1.0,1.0,SOCIEDAD ANONIMA CERRADA,ACTIVO,HABIDO,,LIMA/LIMA/SAN JUAN DE LURIGANCHO,Principal - 4210 - CONSTRUCCIÓN DE CARRETERAS Y VÍAS DE FERROCARRIL,3.0,"Principal - 4210 - CONSTRUCCIÓN DE CARRETERAS Y VÍAS DE FERROCARRIL | Secundaria 1 - 4290 - CONSTRUCCIÓN DE OTRAS OBRAS DE INGENIERÍA CIVIL | Secundaria 2 - 7730 - ALQUILER Y ARRENDAMIENTO DE OTROS TIPOS DE MAQUINARIA, EQUIPO Y BIENES TANGIBLES",0,0,0,0,23/09/2026 23:00,1,1,1,71.6,Alto
20568535376,R&E CONTRATISTAS SOCIEDAD ANONIMA CERRADA,-,2024,JUNIN,05/12/2012,05/12/2012,2012.0,12.0,0,2021,3,2,1,6389102.29,2,2.0,1.0,SOCIEDAD ANONIMA CERRADA,ACTIVO,HABIDO,,LIMA/LIMA/SANTA ANITA,Principal - 4210 - CONSTRUCCIÓN DE CARRETERAS Y VÍAS DE FERROCARRIL,3.0,Principal - 4210 - CONSTRUCCIÓN DE CARRETERAS Y VÍAS DE FERROCARRIL | Secundaria 1 - 4620 - VENTA AL POR MAYOR DE MATERIAS PRIMAS AGROPECUARIAS Y ANIMALES VIVOS | Secundaria 2 - 7110 - ACTIVIDADES DE ARQUITECTURA E INGENIERÍA Y ACTIVIDADES CONEXAS DE CONSULTORÍA TÉCNICA,0,0,0,0,23/09/2026 23:00,1,1,1,71.6,Alto
20568684614,CONSTRUCTORA D & G INGENIEROS EMPRESA INDIVIDUAL DE RESPONSABILIDAD LIMITADA,-,2024,JUNIN,07/05/2013,07/05/2013,2013.0,11.0,0,2024,0,1,1,100000.0,1,1.0,1.0,EMPRESA INDIVIDUAL DE RESP. LTDA,ACTIVO,HABIDO,,LIMA/LIMA/SANTA ANITA,Principal - 4923 - TRANSPORTE DE CARGA POR CARRETERA,3.0,"Principal - 4923 - TRANSPORTE DE CARGA POR CARRETERA | Secundaria 1 - 4663 - VENTA AL POR MAYOR DE MATERIALES DE CONSTRUCCIÓN, ARTÍCULOS DE FERRETERÍA Y EQUIPO Y MATERIALES DE FONTANERÍA Y CALEFACCIÓN | Secundaria 2 - 4100 - CONSTRUCCIÓN DE EDIFICIOS",1,0,0,0,23/09/2026 23:00,1,1,1,71.6,Alto
20568927886,HAYLLI JAYLLI E.I.R.L.,-,2024,JUNIN,16/06/2017,16/06/2017,2017.0,7.0,0,2024,0,1,1,100000.0,1,1.0,1.0,EMPRESA INDIVIDUAL DE RESP. LTDA,BAJA DE OFICIO,HABIDO,30/12/2025,HUANCAVELICA/HUANCAVELICA/HUANCAVELICA,Principal - 4290 - CONSTRUCCIÓN DE OTRAS OBRAS DE INGENIERÍA CIVIL,3.0,Principal - 4290 - CONSTRUCCIÓN DE OTRAS OBRAS DE INGENIERÍA CIVIL | Secundaria 1 - 7110 - ACTIVIDADES DE ARQUITECTURA E INGENIERÍA Y ACTIVIDADES CONEXAS DE CONSULTORÍA TÉCNICA | Secundaria 2 - 4923 - TRANSPORTE DE CARGA POR CARRETERA,0,0,0,0,23/09/2026 23:01,1,1,1,71.6,Alto
20568971273,HGD INGENIERIA S.A.C.,-,2024,JUNIN,12/03/2014,01/05/2014,2014.0,10.0,0,2014,10,1,1,49155120.1,1,0.0,0.0,SOCIEDAD ANONIMA CERRADA,ACTIVO,HABIDO,,LIMA/LIMA/SAN BORJA,Principal - 4100 - CONSTRUCCIÓN DE EDIFICIOS,3.0,Principal - 4100 - CONSTRUCCIÓN DE EDIFICIOS | Secundaria 1 - 1811 - IMPRESIÓN | Secundaria 2 - 9609 - OTRAS ACTIVIDADES DE SERVICIOS PERSONALES N.C.P.,0,0,0,0,23/09/2026 23:01,1,1,1,71.6,Alto
20569064792,CONSTRUCCION MEDIO AMBIENTE Y DESARROLLO SOSTENIBLE EMPRESA INDIVIDUAL DE RESPONSABILIDAD LIMITADA,-,2024,JUNIN,12/06/2014,24/06/2014,2014.0,10.0,0,2024,0,1,1,1914554.81,1,1.0,1.0,EMPRESA INDIVIDUAL DE RESP. LTDA,ACTIVO,HABIDO,,JUNIN/HUANCAYO/CHILCA,Principal - 4390 - OTRAS ACTIVIDADES ESPECIALIZADAS DE CONSTRUCCIÓN,3.0,"Principal - 4390 - OTRAS ACTIVIDADES ESPECIALIZADAS DE CONSTRUCCIÓN | Secundaria 1 - 7110 - ACTIVIDADES DE ARQUITECTURA E INGENIERÍA Y ACTIVIDADES CONEXAS DE CONSULTORÍA TÉCNICA | Secundaria 2 - 7730 - ALQUILER Y ARRENDAMIENTO DE OTROS TIPOS DE MAQUINARIA, EQUIPO Y BIENES TANGIBLES",0,0,0,0,23/09/2026 23:01,1,1,1,71.6,Alto
20571395283,INVERSIONES EVZA S.R.L.,-,2024,JUNIN,11/09/2012,01/10/2012,2012.0,12.0,0,2013,11,1,4,60678436.15,1,0.0,0.0,SOC.COM.RESPONS. LTDA,ACTIVO,HABIDO,,HUANUCO/HUANUCO/HUANUCO,Principal - 4100 - CONSTRUCCIÓN DE EDIFICIOS,3.0,"Principal - 4100 - CONSTRUCCIÓN DE EDIFICIOS | Secundaria 1 - 4663 - VENTA AL POR MAYOR DE MATERIALES DE CONSTRUCCIÓN, ARTÍCULOS DE FERRETERÍA Y EQUIPO Y MATERIALES DE FONTANERÍA Y CALEFACCIÓN | Secundaria 2 - 4923 - TRANSPORTE DE CARGA POR CARRETERA",0,0,0,0,23/09/2026 23:02,1,1,1,71.6,Alto
20573041977,CONSULTORA CONSTRUCTORA & SERVICIOS GENERALES LA TORRE DE BABEL E.I.R.L.,-,2024,JUNIN,07/02/2013,01/02/2013,2013.0,11.0,0,2020,4,1,2,5699650.25,1,0.0,0.0,EMPRESA INDIVIDUAL DE RESP. LTDA,ACTIVO,HABIDO,,HUANUCO/HUANUCO/AMARILIS,Principal - 4290 - CONSTRUCCIÓN DE OTRAS OBRAS DE INGENIERÍA CIVIL,3.0,"Principal - 4290 - CONSTRUCCIÓN DE OTRAS OBRAS DE INGENIERÍA CIVIL | Secundaria 1 - 7110 - ACTIVIDADES DE ARQUITECTURA E INGENIERÍA Y ACTIVIDADES CONEXAS DE CONSULTORÍA TÉCNICA | Secundaria 2 - 7730 - ALQUILER Y ARRENDAMIENTO DE OTROS TIPOS DE MAQUINARIA, EQUIPO Y BIENES TANGIBLES",0,0,0,0,23/09/2026 23:03,1,1,1,71.6,Alto
20573819731,GRUAND S.A.C.,-,2024,JUNIN,12/08/2014,12/08/2014,2014.0,10.0,0,2024,0,1,1,500000.0,1,1.0,1.0,SOCIEDAD ANONIMA CERRADA,ACTIVO,HABIDO,,LIMA/LIMA/SAN JUAN DE LURIGANCHO,Principal - 4210 - CONSTRUCCIÓN DE CARRETERAS Y VÍAS DE FERROCARRIL,3.0,Principal - 4210 - CONSTRUCCIÓN DE CARRETERAS Y VÍAS DE FERROCARRIL | Secundaria 1 - 4923 - TRANSPORTE DE CARGA POR CARRETERA | Secundaria 2 - 4330 - TERMINACIÓN Y ACABADO DE EDIFICIOS,0,0,0,0,23/09/2026 23:04,1,1,1,71.6,Alto
20573884711,CONSTRUCTORA INMOBILIARIA Y SERVICIOS MULTIPLES ECOGEMA E.I.R.L.,-,2024,JUNIN,29/10/2014,01/11/2014,2014.0,10.0,0,2023,1,2,1,1021314.86,2,2.0,1.0,EMPRESA INDIVIDUAL DE RESP. LTDA,ACTIVO,HABIDO,,JUNIN/JAUJA/JAUJA,Principal - 7110 - ACTIVIDADES DE ARQUITECTURA E INGENIERÍA Y ACTIVIDADES CONEXAS DE CONSULTORÍA TÉCNICA,3.0,Principal - 7110 - ACTIVIDADES DE ARQUITECTURA E INGENIERÍA Y ACTIVIDADES CONEXAS DE CONSULTORÍA TÉCNICA | Secundaria 1 - 4100 - CONSTRUCCIÓN DE EDIFICIOS | Secundaria 2 - 7020 - ACTIVIDADES DE CONSULTORÍA DE GESTIÓN,0,0,0,0,23/09/2026 23:04,1,1,1,71.6,Alto
20574702322,ERCONST E.I.R.L.,-,2024,JUNIN,26/02/2014,01/03/2014,2014.0,10.0,0,2023,1,1,1,3141594.95,1,1.0,1.0,EMPRESA INDIVIDUAL DE RESP. LTDA,SUSPENSION TEMPORAL,HABIDO,,LIMA/LIMA/SANTA ANITA,Principal - 4100 - CONSTRUCCIÓN DE EDIFICIOS,3.0,"Principal - 4100 - CONSTRUCCIÓN DE EDIFICIOS | Secundaria 1 - 4663 - VENTA AL POR MAYOR DE MATERIALES DE CONSTRUCCIÓN, ARTÍCULOS DE FERRETERÍA Y EQUIPO Y MATERIALES DE FONTANERÍA Y CALEFACCIÓN | Secundaria 2 - 4752 - VENTA AL POR MENOR DE ARTÍCULOS DE FERRETERÍA, PINTURAS Y PRODUCTOS DE VIDRIO EN COMERCIOS ESPECIALIZADOS",0,0,0,0,23/09/2026 23:04,1,1,1,71.6,Alto
20600021045,CORPORACION AGAPE C & N S.R.L.,-,2024,JUNIN,23/12/2014,01/02/2015,2015.0,9.0,0,2016,8,5,2,75475056.08,5,0.0,0.0,SOC.COM.RESPONS. LTDA,ACTIVO,HABIDO,,LIMA/LIMA/SAN ISIDRO,Principal - 4100 - CONSTRUCCIÓN DE EDIFICIOS,3.0,"Principal - 4100 - CONSTRUCCIÓN DE EDIFICIOS | Secundaria 1 - 4210 - CONSTRUCCIÓN DE CARRETERAS Y VÍAS DE FERROCARRIL | Secundaria 2 - 7730 - ALQUILER Y ARRENDAMIENTO DE OTROS TIPOS DE MAQUINARIA, EQUIPO Y BIENES TANGIBLES",0,0,0,0,23/09/2026 23:05,1,1,1,71.6,Alto
20600029798,CRAP INGENIERIA Y CONSTRUCCION S.R.L.,-,2024,JUNIN,30/12/2014,30/12/2014,2014.0,10.0,0,2018,6,3,3,25206231.47,3,0.0,0.0,SOC.COM.RESPONS. LTDA,ACTIVO,HABIDO,,JUNIN/HUANCAYO/HUANCAYO,Principal - 4100 - CONSTRUCCIÓN DE EDIFICIOS,3.0,"Principal - 4100 - CONSTRUCCIÓN DE EDIFICIOS | Secundaria 1 - 4210 - CONSTRUCCIÓN DE CARRETERAS Y VÍAS DE FERROCARRIL | Secundaria 2 - 7730 - ALQUILER Y ARRENDAMIENTO DE OTROS TIPOS DE MAQUINARIA, EQUIPO Y BIENES TANGIBLES",0,3,0,0,23/09/2026 23:05,1,1,1,71.6,Alto
20600060652,CONTRATISTAS GENERALES AI & CB S.R.L.,-,2024,JUNIN,16/01/2015,01/02/2014,2014.0,10.0,0,2015,9,1,1,100000.0,1,1.0,1.0,SOC.COM.RESPONS. LTDA,ACTIVO,HABIDO,,ANCASH/HUARAZ/INDEPENDENCIA,Principal - 7110 - ACTIVIDADES DE ARQUITECTURA E INGENIERÍA Y ACTIVIDADES CONEXAS DE CONSULTORÍA TÉCNICA,3.0,Principal - 7110 - ACTIVIDADES DE ARQUITECTURA E INGENIERÍA Y ACTIVIDADES CONEXAS DE CONSULTORÍA TÉCNICA | Secundaria 1 - 4390 - OTRAS ACTIVIDADES ESPECIALIZADAS DE CONSTRUCCIÓN | Secundaria 2 - 4921 - TRANSPORTE URBANO Y SUBURBANO DE PASAJEROS POR VÍA TERRESTRE,0,0,0,0,23/09/2026 23:05,1,1,1,71.6,Alto
20600140893,MONTOYA CALLERGOS GROUP S.A.C.,-,2024,JUNIN,16/02/2015,01/03/2015,2015.0,9.0,0,2017,7,1,1,500000.0,1,1.0,1.0,SOCIEDAD ANONIMA CERRADA,ACTIVO,HABIDO,,LIMA/LIMA/ATE,Principal - 4390 - OTRAS ACTIVIDADES ESPECIALIZADAS DE CONSTRUCCIÓN,3.0,"Principal - 4390 - OTRAS ACTIVIDADES ESPECIALIZADAS DE CONSTRUCCIÓN | Secundaria 1 - 4210 - CONSTRUCCIÓN DE CARRETERAS Y VÍAS DE FERROCARRIL | Secundaria 2 - 7730 - ALQUILER Y ARRENDAMIENTO DE OTROS TIPOS DE MAQUINARIA, EQUIPO Y BIENES TANGIBLES",0,0,0,0,23/09/2026 23:06,1,1,1,71.6,Alto
20600160347,C & G FORTALEZA S.R.L.,-,2024,JUNIN,23/02/2015,01/03/2015,2015.0,9.0,0,2022,2,2,1,100000.0,2,2.0,1.0,SOC.COM.RESPONS. LTDA,ACTIVO,HABIDO,,LIMA/LIMA/VILLA EL SALVADOR,Principal - 4100 - CONSTRUCCIÓN DE EDIFICIOS,3.0,"Principal - 4100 - CONSTRUCCIÓN DE EDIFICIOS | Secundaria 1 - 4210 - CONSTRUCCIÓN DE CARRETERAS Y VÍAS DE FERROCARRIL | Secundaria 2 - 7730 - ALQUILER Y ARRENDAMIENTO DE OTROS TIPOS DE MAQUINARIA, EQUIPO Y BIENES TANGIBLES",0,0,0,0,23/09/2026 23:06,1,1,1,71.6,Alto
20600180771,RBC CONSULTORES Y CONTRATISTAS S.A.C.,-,2024,JUNIN,02/03/2015,22/05/2015,2015.0,9.0,0,2018,6,3,1,38280289.29,3,2.0,0.6666666666666666,SOCIEDAD ANONIMA CERRADA,ACTIVO,HABIDO,,LIMA/LIMA/SANTA ANITA,Principal - 4210 - CONSTRUCCIÓN DE CARRETERAS Y VÍAS DE FERROCARRIL,3.0,"Principal - 4210 - CONSTRUCCIÓN DE CARRETERAS Y VÍAS DE FERROCARRIL | Secundaria 1 - 4923 - TRANSPORTE DE CARGA POR CARRETERA | Secundaria 2 - 7730 - ALQUILER Y ARRENDAMIENTO DE OTROS TIPOS DE MAQUINARIA, EQUIPO Y BIENES TANGIBLES",0,16,0,0,23/09/2026 23:07,1,1,1,71.6,Alto
20600258231,ECOCAM S.A.C.,-,2024,JUNIN,27/03/2015,01/04/2015,2015.0,9.0,0,2024,0,1,1,500000.0,1,1.0,1.0,SOCIEDAD ANONIMA CERRADA,ACTIVO,HABIDO,,JUNIN/HUANCAYO/EL TAMBO,Principal - 4210 - CONSTRUCCIÓN DE CARRETERAS Y VÍAS DE FERROCARRIL,3.0,"Principal - 4210 - CONSTRUCCIÓN DE CARRETERAS Y VÍAS DE FERROCARRIL | Secundaria 1 - 7730 - ALQUILER Y ARRENDAMIENTO DE OTROS TIPOS DE MAQUINARIA, EQUIPO Y BIENES TANGIBLES | Secundaria 2 - 4390 - OTRAS ACTIVIDADES ESPECIALIZADAS DE CONSTRUCCIÓN",0,0,0,0,23/09/2026 23:07,1,1,1,71.6,Alto
20600644531,GRUPO HE & TA S.A.C.,-,2024,JUNIN,04/09/2015,04/09/2015,2015.0,9.0,0,2024,0,1,1,500000.0,1,1.0,1.0,SOCIEDAD ANONIMA CERRADA,ACTIVO,HABIDO,,JUNIN/CHANCHAMAYO/SAN RAMON,Principal - 7110 - ACTIVIDADES DE ARQUITECTURA E INGENIERÍA Y ACTIVIDADES CONEXAS DE CONSULTORÍA TÉCNICA,2.0,Principal - 7110 - ACTIVIDADES DE ARQUITECTURA E INGENIERÍA Y ACTIVIDADES CONEXAS DE CONSULTORÍA TÉCNICA | Secundaria 1 - 4220 - CONSTRUCCIÓN DE PROYECTOS DE SERVICIO PÚBLICO,0,0,0,0,23/09/2026 23:10,1,1,1,71.6,Alto
20600696654,TITON E.I.R.L.,-,2024,JUNIN,26/09/2015,01/10/2015,2015.0,9.0,0,2022,2,1,1,100000.0,1,1.0,1.0,EMPRESA INDIVIDUAL DE RESP. LTDA,ACTIVO,HABIDO,,JUNIN/HUANCAYO/EL TAMBO,Principal - 4923 - TRANSPORTE DE CARGA POR CARRETERA,3.0,"Principal - 4923 - TRANSPORTE DE CARGA POR CARRETERA | Secundaria 1 - 7730 - ALQUILER Y ARRENDAMIENTO DE OTROS TIPOS DE MAQUINARIA, EQUIPO Y BIENES TANGIBLES | Secundaria 2 - 4210 - CONSTRUCCIÓN DE CARRETERAS Y VÍAS DE FERROCARRIL",0,0,0,0,23/09/2026 23:10,1,1,1,71.6,Alto
20600704762,CONSTRUCTORA MIALE EMPRESA INDIVIDUAL DE RESPONSABILIDAD LIMITADA,-,2024,JUNIN,30/09/2015,01/10/2015,2015.0,9.0,0,2024,0,1,1,1307334.79,1,1.0,1.0,EMPRESA INDIVIDUAL DE RESP. LTDA,ACTIVO,HABIDO,,PASCO/PASCO/HUARIACA,Principal - 4100 - CONSTRUCCIÓN DE EDIFICIOS,3.0,"Principal - 4100 - CONSTRUCCIÓN DE EDIFICIOS | Secundaria 1 - 7110 - ACTIVIDADES DE ARQUITECTURA E INGENIERÍA Y ACTIVIDADES CONEXAS DE CONSULTORÍA TÉCNICA | Secundaria 2 - 7730 - ALQUILER Y ARRENDAMIENTO DE OTROS TIPOS DE MAQUINARIA, EQUIPO Y BIENES TANGIBLES",0,0,0,0,23/09/2026 23:10,1,1,1,71.6,Alto
20601409829,ABDI CONSTRUCTORA Y CONSULTORA S.A.C.,ABDI S.A.C.,2024,JUNIN,08/08/2016,08/08/2016,2016.0,8.0,0,2024,0,1,1,100000.0,1,1.0,1.0,SOCIEDAD ANONIMA CERRADA,ACTIVO,HABIDO,,LIMA/LIMA/SAN JUAN DE LURIGANCHO,"Principal - 4663 - VENTA AL POR MAYOR DE MATERIALES DE CONSTRUCCIÓN, ARTÍCULOS DE FERRETERÍA Y EQUIPO Y MATERIALES DE FONTANERÍA Y CALEFACCIÓN",3.0,"Principal - 4663 - VENTA AL POR MAYOR DE MATERIALES DE CONSTRUCCIÓN, ARTÍCULOS DE FERRETERÍA Y EQUIPO Y MATERIALES DE FONTANERÍA Y CALEFACCIÓN | Secundaria 1 - 4390 - OTRAS ACTIVIDADES ESPECIALIZADAS DE CONSTRUCCIÓN | Secundaria 2 - 7730 - ALQUILER Y ARRENDAMIENTO DE OTROS TIPOS DE MAQUINARIA, EQUIPO Y BIENES TANGIBLES",0,0,0,0,23/09/2026 23:13,1,1,1,71.6,Alto
20601714966,GROUP AVEP S.A.C.,-,2024,JUNIN,07/12/2016,07/12/2016,2016.0,8.0,0,2018,6,1,1,744668025.98,1,0.0,0.0,SOCIEDAD ANONIMA CERRADA,ACTIVO,HABIDO,,LIMA/LIMA/SANTA ANITA,"Principal - 4663 - VENTA AL POR MAYOR DE MATERIALES DE CONSTRUCCIÓN, ARTÍCULOS DE FERRETERÍA Y EQUIPO Y MATERIALES DE FONTANERÍA Y CALEFACCIÓN",3.0,"Principal - 4663 - VENTA AL POR MAYOR DE MATERIALES DE CONSTRUCCIÓN, ARTÍCULOS DE FERRETERÍA Y EQUIPO Y MATERIALES DE FONTANERÍA Y CALEFACCIÓN | Secundaria 1 - 4100 - CONSTRUCCIÓN DE EDIFICIOS | Secundaria 2 - 7110 - ACTIVIDADES DE ARQUITECTURA E INGENIERÍA Y ACTIVIDADES CONEXAS DE CONSULTORÍA TÉCNICA",0,0,0,0,23/09/2026 23:14,1,1,1,71.6,Alto
20601762316,JHOMIRA EDIFICACIONES Y CONSULTORES E.I.R.L.,-,2024,JUNIN,28/12/2016,02/01/2017,2017.0,7.0,0,2024,0,1,1,100000.0,1,1.0,1.0,EMPRESA INDIVIDUAL DE RESP. LTDA,ACTIVO,HABIDO,,JUNIN/HUANCAYO/HUANCAYO,Principal - 4210 - CONSTRUCCIÓN DE CARRETERAS Y VÍAS DE FERROCARRIL,3.0,"Principal - 4210 - CONSTRUCCIÓN DE CARRETERAS Y VÍAS DE FERROCARRIL | Secundaria 1 - 4100 - CONSTRUCCIÓN DE EDIFICIOS | Secundaria 2 - 3600 - CAPTACIÓN, TRATAMIENTO Y DISTRIBUCIÓN DE AGUA",0,0,0,0,23/09/2026 23:14,1,1,1,71.6,Alto
20601792789,GRUPO FLOBA S.A.C.,-,2024,JUNIN,11/01/2017,11/01/2017,2017.0,7.0,0,2023,1,1,1,1174553.2,1,1.0,1.0,SOCIEDAD ANONIMA CERRADA,ACTIVO,HABIDO,,HUANCAVELICA/CHURCAMPA/SAN PEDRO DE CORIS,Principal - 4100 - CONSTRUCCIÓN DE EDIFICIOS,3.0,Principal - 4100 - CONSTRUCCIÓN DE EDIFICIOS | Secundaria 1 - 9329 - OTRAS ACTIVIDADES DE ESPARCIMIENTO Y RECREATIVAS N.C.P. | Secundaria 2 - 7310 - PUBLICIDAD,0,0,0,0,23/09/2026 23:14,1,1,1,71.6,Alto
20602125247,PENTAI INGENIERIA & CONSTRUCCION S.A.C.,-,2024,JUNIN,15/05/2017,16/05/2017,2017.0,7.0,0,2024,0,1,1,100000.0,1,1.0,1.0,SOCIEDAD ANONIMA CERRADA,ACTIVO,HABIDO,,JUNIN/HUANCAYO/HUANCAYO,Principal - 4290 - CONSTRUCCIÓN DE OTRAS OBRAS DE INGENIERÍA CIVIL,3.0,"Principal - 4290 - CONSTRUCCIÓN DE OTRAS OBRAS DE INGENIERÍA CIVIL | Secundaria 1 - 7730 - ALQUILER Y ARRENDAMIENTO DE OTROS TIPOS DE MAQUINARIA, EQUIPO Y BIENES TANGIBLES | Secundaria 2 - 4663 - VENTA AL POR MAYOR DE MATERIALES DE CONSTRUCCIÓN, ARTÍCULOS DE FERRETERÍA Y EQUIPO Y MATERIALES DE FONTANERÍA Y CALEFACCIÓN",0,0,0,0,23/09/2026 23:15,1,1,1,71.6,Alto
20602246575,INVERSIONES CONSTRUCTORA ANGELUS E.I.R.L.,-,2024,JUNIN,27/06/2017,27/06/2017,2017.0,7.0,0,2024,0,1,1,1214991.17,1,1.0,1.0,EMPRESA INDIVIDUAL DE RESP. LTDA,ACTIVO,HABIDO,,JUNIN/HUANCAYO/HUANCAYO,Principal - 7110 - ACTIVIDADES DE ARQUITECTURA E INGENIERÍA Y ACTIVIDADES CONEXAS DE CONSULTORÍA TÉCNICA,3.0,"Principal - 7110 - ACTIVIDADES DE ARQUITECTURA E INGENIERÍA Y ACTIVIDADES CONEXAS DE CONSULTORÍA TÉCNICA | Secundaria 1 - 4663 - VENTA AL POR MAYOR DE MATERIALES DE CONSTRUCCIÓN, ARTÍCULOS DE FERRETERÍA Y EQUIPO Y MATERIALES DE FONTANERÍA Y CALEFACCIÓN | Secundaria 2 - 4210 - CONSTRUCCIÓN DE CARRETERAS Y VÍAS DE FERROCARRIL",0,0,0,0,23/09/2026 23:16,1,1,1,71.6,Alto
20602262201,"""CORPORACIÓN TROMMEL INGENIERIA CONSULTORIA CONSTRUCCION S.A.C""",-,2024,JUNIN,31/07/2026,01/08/2026,2026.0,,1,2021,3,1,1,100000.0,1,1.0,1.0,SOCIEDAD ANONIMA CERRADA,ACTIVO,HABIDO,,AYACUCHO/HUAMANGA/AYACUCHO,Principal - 7110 - ACTIVIDADES DE ARQUITECTURA E INGENIERÍA Y ACTIVIDADES CONEXAS DE CONSULTORÍA TÉCNICA,1.0,Principal - 7110 - ACTIVIDADES DE ARQUITECTURA E INGENIERÍA Y ACTIVIDADES CONEXAS DE CONSULTORÍA TÉCNICA,0,0,0,0,23/09/2026 23:16,1,1,1,71.6,Alto
20602429670,KOMACV S.A.C.,CONSTRUCTORA KOMACV SAC,2024,JUNIN,05/09/2017,05/09/2017,2017.0,7.0,0,2024,0,1,2,355349495.52,1,0.0,0.0,SOCIEDAD ANONIMA CERRADA,ACTIVO,HABIDO,,LIMA/LIMA/LINCE,Principal - 4100 - CONSTRUCCIÓN DE EDIFICIOS,3.0,Principal - 4100 - CONSTRUCCIÓN DE EDIFICIOS | Secundaria 1 - 4210 - CONSTRUCCIÓN DE CARRETERAS Y VÍAS DE FERROCARRIL | Secundaria 2 - 4923 - TRANSPORTE DE CARGA POR CARRETERA,0,0,0,0,23/09/2026 23:16,1,1,1,71.6,Alto
20602648967,DRHACO E.I.R.L.,-,2024,JUNIN,22/11/2017,22/11/2017,2017.0,7.0,0,2024,0,1,1,100000.0,1,1.0,1.0,EMPRESA INDIVIDUAL DE RESP. LTDA,ACTIVO,HABIDO,,HUANUCO/HUANUCO/AMARILIS,Principal - 4290 - CONSTRUCCIÓN DE OTRAS OBRAS DE INGENIERÍA CIVIL,3.0,"Principal - 4290 - CONSTRUCCIÓN DE OTRAS OBRAS DE INGENIERÍA CIVIL | Secundaria 1 - 7730 - ALQUILER Y ARRENDAMIENTO DE OTROS TIPOS DE MAQUINARIA, EQUIPO Y BIENES TANGIBLES | Secundaria 2 - 4923 - TRANSPORTE DE CARGA POR CARRETERA",0,0,0,0,23/09/2026 23:17,1,1,1,71.6,Alto
20603206186,VERSALLES EMPRESA CONSTRUCTORA EMPRESA INDIVIDUAL DE RESPONSABILIDAD LIMITADA,-,2024,JUNIN,18/05/2018,18/05/2018,2018.0,6.0,0,2024,0,1,1,3457831.27,1,1.0,1.0,EMPRESA INDIVIDUAL DE RESP. LTDA,ACTIVO,HABIDO,,JUNIN/HUANCAYO/HUANCAYO,Principal - 4100 - CONSTRUCCIÓN DE EDIFICIOS,2.0,"Principal - 4100 - CONSTRUCCIÓN DE EDIFICIOS | Secundaria 1 - 7730 - ALQUILER Y ARRENDAMIENTO DE OTROS TIPOS DE MAQUINARIA, EQUIPO Y BIENES TANGIBLES",0,0,0,0,23/09/2026 23:19,1,1,1,71.6,Alto
20603433867,CONTRATISTAS Y CONSULTORES PALFIG S.A.C.,-,2024,JUNIN,30/07/2018,30/07/2018,2018.0,6.0,0,2024,0,2,1,12670484.67,2,0.0,0.0,SOCIEDAD ANONIMA CERRADA,ACTIVO,HABIDO,,LIMA/LIMA/CHORRILLOS,Principal - 4100 - CONSTRUCCIÓN DE EDIFICIOS,3.0,Principal - 4100 - CONSTRUCCIÓN DE EDIFICIOS | Secundaria 1 - 4290 - CONSTRUCCIÓN DE OTRAS OBRAS DE INGENIERÍA CIVIL | Secundaria 2 - 4923 - TRANSPORTE DE CARGA POR CARRETERA,0,0,0,0,23/09/2026 23:19,1,1,1,71.6,Alto
20603554257,RODRIGUEZ M. CONSTRUCCION AND SERVICES EMPRESA INDIVIDUAL DE RESPONSABILIDAD LIMITADA,SERVICES MANUEL,2024,JUNIN,03/09/2018,03/09/2018,2018.0,6.0,0,2024,0,1,1,100000.0,1,1.0,1.0,EMPRESA INDIVIDUAL DE RESP. LTDA,ACTIVO,HABIDO,,PROV. CONST. DEL CALLAO/PROV. CONST. DEL CALLAO/CALLAO,Principal - 4210 - CONSTRUCCIÓN DE CARRETERAS Y VÍAS DE FERROCARRIL,3.0,"Principal - 4210 - CONSTRUCCIÓN DE CARRETERAS Y VÍAS DE FERROCARRIL | Secundaria 1 - 4100 - CONSTRUCCIÓN DE EDIFICIOS | Secundaria 2 - 4663 - VENTA AL POR MAYOR DE MATERIALES DE CONSTRUCCIÓN, ARTÍCULOS DE FERRETERÍA Y EQUIPO Y MATERIALES DE FONTANERÍA Y CALEFACCIÓN",0,0,0,0,23/09/2026 23:19,1,1,1,71.6,Alto
20604863806,JOHAN CONSTRUCTORA Y CONTRATISTAS S.A.C.,-,2024,JUNIN,14/06/2019,14/06/2019,2019.0,5.0,0,2024,0,1,1,100000.0,1,1.0,1.0,SOCIEDAD ANONIMA CERRADA,ACTIVO,HABIDO,,CUSCO/LA CONVENCION/UNION ASHANINKA,Principal - 4100 - CONSTRUCCIÓN DE EDIFICIOS,3.0,"Principal - 4100 - CONSTRUCCIÓN DE EDIFICIOS | Secundaria 1 - 9311 - GESTIÓN DE INSTALACIONES DEPORTIVAS | Secundaria 2 - 7730 - ALQUILER Y ARRENDAMIENTO DE OTROS TIPOS DE MAQUINARIA, EQUIPO Y BIENES TANGIBLES",0,0,0,0,23/09/2026 23:22,1,1,1,71.6,Alto
20605423877,CORPORACION G & H INGENIERIA Y CONSTRUCCION S.R.L.,-,2024,JUNIN,23/10/2019,01/11/2019,2019.0,5.0,0,2024,0,1,1,100000.0,1,1.0,1.0,SOC.COM.RESPONS. LTDA,ACTIVO,HABIDO,,JUNIN/HUANCAYO/CHILCA,Principal - 4100 - CONSTRUCCIÓN DE EDIFICIOS,3.0,Principal - 4100 - CONSTRUCCIÓN DE EDIFICIOS | Secundaria 1 - 4923 - TRANSPORTE DE CARGA POR CARRETERA | Secundaria 2 - 9609 - OTRAS ACTIVIDADES DE SERVICIOS PERSONALES N.C.P.,0,0,0,0,23/09/2026 23:23,1,1,1,71.6,Alto
20605623612,SERVICIOS MULTIPLES P & C E.I.R.L.,-,2024,JUNIN,09/12/2019,09/12/2019,2019.0,5.0,0,2024,0,1,1,100000.0,1,1.0,1.0,EMPRESA INDIVIDUAL DE RESP. LTDA,ACTIVO,HABIDO,,JUNIN/CHANCHAMAYO/PERENE,Principal - 4620 - VENTA AL POR MAYOR DE MATERIAS PRIMAS AGROPECUARIAS Y ANIMALES VIVOS,3.0,"Principal - 4620 - VENTA AL POR MAYOR DE MATERIAS PRIMAS AGROPECUARIAS Y ANIMALES VIVOS | Secundaria 1 - 7490 - OTRAS ACTIVIDADES PROFESIONALES, CIENTÍFICAS Y TÉCNICAS N.C.P. | Secundaria 2 - 4290 - CONSTRUCCIÓN DE OTRAS OBRAS DE INGENIERÍA CIVIL",0,0,0,0,23/09/2026 23:23,1,1,1,71.6,Alto
20606460199,J & G CONSTRUCTORES S.A.C.,-,2024,JUNIN,04/09/2020,01/01/2021,2021.0,3.0,0,2024,0,1,1,100000.0,1,1.0,1.0,SOCIEDAD ANONIMA CERRADA,ACTIVO,HABIDO,,JUNIN/HUANCAYO/EL TAMBO,Principal - 4210 - CONSTRUCCIÓN DE CARRETERAS Y VÍAS DE FERROCARRIL,3.0,"Principal - 4210 - CONSTRUCCIÓN DE CARRETERAS Y VÍAS DE FERROCARRIL | Secundaria 1 - 4663 - VENTA AL POR MAYOR DE MATERIALES DE CONSTRUCCIÓN, ARTÍCULOS DE FERRETERÍA Y EQUIPO Y MATERIALES DE FONTANERÍA Y CALEFACCIÓN | Secundaria 2 - 1610 - ASERRADO Y ACEPILLADURA DE MADERA",0,0,0,0,23/09/2026 23:24,1,1,1,71.6,Alto
20607687898,CONSTRUCTION JMC E.I.R.L.,-,2024,JUNIN,22/03/2021,08/04/2021,2021.0,3.0,0,2024,0,1,1,100000.0,1,1.0,1.0,EMPRESA INDIVIDUAL DE RESP. LTDA,ACTIVO,HABIDO,,HUANCAVELICA/HUANCAVELICA/HUANCAVELICA,Principal - 7710 - ALQUILER Y ARRENDAMIENTO DE VEHÍCULOS AUTOMOTORES,3.0,"Principal - 7710 - ALQUILER Y ARRENDAMIENTO DE VEHÍCULOS AUTOMOTORES | Secundaria 1 - 4290 - CONSTRUCCIÓN DE OTRAS OBRAS DE INGENIERÍA CIVIL | Secundaria 2 - 4663 - VENTA AL POR MAYOR DE MATERIALES DE CONSTRUCCIÓN, ARTÍCULOS DE FERRETERÍA Y EQUIPO Y MATERIALES DE FONTANERÍA Y CALEFACCIÓN",0,0,0,0,23/09/2026 23:26,1,1,1,71.6,Alto
20607804134,"""SAN PABLO COMPANY S.A.C.""",-,2024,JUNIN,14/04/2021,14/04/2021,2021.0,3.0,0,2024,0,1,1,100000.0,1,1.0,1.0,SOCIEDAD ANONIMA CERRADA,BAJA PROV. POR OFICIO,NO HABIDO,31/07/2026,JUNIN/HUANCAYO/EL TAMBO,Principal - 4100 - CONSTRUCCIÓN DE EDIFICIOS,3.0,Principal - 4100 - CONSTRUCCIÓN DE EDIFICIOS | Secundaria 1 - 4923 - TRANSPORTE DE CARGA POR CARRETERA | Secundaria 2 - 7500 - ACTIVIDADES VETERINARIAS,0,0,0,0,23/09/2026 23:26,1,1,1,71.6,Alto
20608429191,LEVON SOUTH AMERICA S.A. SUCURSAL DEL PERU,-,2024,JUNIN,02/09/2021,15/09/2021,2021.0,3.0,0,2024,0,1,1,284997360.42,1,0.0,0.0,SUCURSALES O AG. DE EMP. EXTRANJ.,ACTIVO,HABIDO,,PUNO/SAN ROMAN/JULIACA,Principal - 4220 - CONSTRUCCIÓN DE PROYECTOS DE SERVICIO PÚBLICO,2.0,Principal - 4220 - CONSTRUCCIÓN DE PROYECTOS DE SERVICIO PÚBLICO | Secundaria 1 - 4210 - CONSTRUCCIÓN DE CARRETERAS Y VÍAS DE FERROCARRIL,1,0,0,0,23/09/2026 23:27,1,1,1,71.6,Alto
20608699181,GD CONTADORES & INGENIEROS EMPRESA INDIVIDUAL DE RESPONSABILIDAD LIMITADA,GESTIÓN Y DESARROLLO PERU,2024,JUNIN,05/11/2021,11/11/2021,2021.0,3.0,0,2024,0,1,1,100000.0,1,1.0,1.0,EMPRESA INDIVIDUAL DE RESP. LTDA,ACTIVO,HABIDO,,JUNIN/CHANCHAMAYO/PERENE,Principal - 7110 - ACTIVIDADES DE ARQUITECTURA E INGENIERÍA Y ACTIVIDADES CONEXAS DE CONSULTORÍA TÉCNICA,2.0,"Principal - 7110 - ACTIVIDADES DE ARQUITECTURA E INGENIERÍA Y ACTIVIDADES CONEXAS DE CONSULTORÍA TÉCNICA | Secundaria 1 - 7730 - ALQUILER Y ARRENDAMIENTO DE OTROS TIPOS DE MAQUINARIA, EQUIPO Y BIENES TANGIBLES",0,0,0,0,23/09/2026 23:27,1,1,1,71.6,Alto
20608817141,TRATOM INGENIERIA Y CONSTRUCCION S.A.C.,-,2024,JUNIN,02/12/2021,10/12/2021,2021.0,3.0,0,2023,1,1,1,100000.0,1,1.0,1.0,SOCIEDAD ANONIMA CERRADA,ACTIVO,HABIDO,,JUNIN/HUANCAYO/HUANCAYO,"Principal - 7730 - ALQUILER Y ARRENDAMIENTO DE OTROS TIPOS DE MAQUINARIA, EQUIPO Y BIENES TANGIBLES",3.0,"Principal - 7730 - ALQUILER Y ARRENDAMIENTO DE OTROS TIPOS DE MAQUINARIA, EQUIPO Y BIENES TANGIBLES | Secundaria 1 - 4290 - CONSTRUCCIÓN DE OTRAS OBRAS DE INGENIERÍA CIVIL | Secundaria 2 - 4923 - TRANSPORTE DE CARGA POR CARRETERA",0,0,0,0,23/09/2026 23:27,1,1,1,71.6,Alto
20609212129,KEMBRA SOCIEDAD ANÓNIMA CERRADA,KEMBRA SAC,2024,JUNIN,12/03/2022,01/04/2022,2022.0,2.0,0,2024,0,1,1,100000.0,1,1.0,1.0,SOCIEDAD ANONIMA CERRADA,ACTIVO,HABIDO,,LIMA/LIMA/LA VICTORIA,"Principal - 4663 - VENTA AL POR MAYOR DE MATERIALES DE CONSTRUCCIÓN, ARTÍCULOS DE FERRETERÍA Y EQUIPO Y MATERIALES DE FONTANERÍA Y CALEFACCIÓN",3.0,"Principal - 4663 - VENTA AL POR MAYOR DE MATERIALES DE CONSTRUCCIÓN, ARTÍCULOS DE FERRETERÍA Y EQUIPO Y MATERIALES DE FONTANERÍA Y CALEFACCIÓN | Secundaria 1 - 4100 - CONSTRUCCIÓN DE EDIFICIOS | Secundaria 2 - 7110 - ACTIVIDADES DE ARQUITECTURA E INGENIERÍA Y ACTIVIDADES CONEXAS DE CONSULTORÍA TÉCNICA",0,0,0,0,23/09/2026 23:28,1,1,1,71.6,Alto
20609958023,GSM GRUPO CONSTRUCTOR S.A.C.,GSM GRUPO CONSTRUCTOR,2024,JUNIN,08/09/2022,13/09/2022,2022.0,2.0,0,2024,0,1,1,300000.0,1,1.0,1.0,SOCIEDAD ANONIMA CERRADA,ACTIVO,HABIDO,,LIMA/LIMA/VILLA MARIA DEL TRIUNFO,Principal - 4290 - CONSTRUCCIÓN DE OTRAS OBRAS DE INGENIERÍA CIVIL,3.0,"Principal - 4290 - CONSTRUCCIÓN DE OTRAS OBRAS DE INGENIERÍA CIVIL | Secundaria 1 - 7110 - ACTIVIDADES DE ARQUITECTURA E INGENIERÍA Y ACTIVIDADES CONEXAS DE CONSULTORÍA TÉCNICA | Secundaria 2 - 4663 - VENTA AL POR MAYOR DE MATERIALES DE CONSTRUCCIÓN, ARTÍCULOS DE FERRETERÍA Y EQUIPO Y MATERIALES DE FONTANERÍA Y CALEFACCIÓN",0,0,0,0,23/09/2026 23:28,1,1,1,71.6,Alto
20610065571,HOMKAR GROUP INMOBILIARIO EMPRESA INDIVIDUAL DE RESPONSABILIDAD LIMITADA,HOMKAR GROUP IMOBILIARIO EIRL,2024,JUNIN,01/10/2022,03/10/2022,2022.0,2.0,0,2024,0,1,1,73622.04,1,1.0,1.0,EMPRESA INDIVIDUAL DE RESP. LTDA,ACTIVO,HABIDO,,LIMA/LIMA/MAGDALENA DEL MAR,Principal - 3900 - ACTIVIDADES DE DESCONTAMINACIÓN Y OTROS SERVICIOS DE GESTIÓN DE DESECHOS,3.0,Principal - 3900 - ACTIVIDADES DE DESCONTAMINACIÓN Y OTROS SERVICIOS DE GESTIÓN DE DESECHOS | Secundaria 1 - 4100 - CONSTRUCCIÓN DE EDIFICIOS | Secundaria 2 - 7110 - ACTIVIDADES DE ARQUITECTURA E INGENIERÍA Y ACTIVIDADES CONEXAS DE CONSULTORÍA TÉCNICA,0,0,0,0,23/09/2026 23:28,1,1,1,71.6,Alto
20610305670,CONTRATISTAS GENERALES LOS WAUKIS S.A.C.,CONTRATISTAS GENERALES LOS WAU,2024,JUNIN,29/11/2022,01/12/2022,2022.0,2.0,0,2024,0,1,1,100000.0,1,1.0,1.0,SOCIEDAD ANONIMA CERRADA,ACTIVO,HABIDO,,HUANCAVELICA/TAYACAJA/TINTAY PUNCU,"Principal - 4663 - VENTA AL POR MAYOR DE MATERIALES DE CONSTRUCCIÓN, ARTÍCULOS DE FERRETERÍA Y EQUIPO Y MATERIALES DE FONTANERÍA Y CALEFACCIÓN",3.0,"Principal - 4663 - VENTA AL POR MAYOR DE MATERIALES DE CONSTRUCCIÓN, ARTÍCULOS DE FERRETERÍA Y EQUIPO Y MATERIALES DE FONTANERÍA Y CALEFACCIÓN | Secundaria 1 - 4100 - CONSTRUCCIÓN DE EDIFICIOS | Secundaria 2 - 4641 - VENTA AL POR MAYOR DE PRODUCTOS TEXTILES, PRENDAS DE VESTIR Y CALZADO",0,0,0,0,23/09/2026 23:28,1,1,1,71.6,Alto
20610414878,PERLA NEGRA UNLIMITED S.A.C.,-,2024,JUNIN,29/12/2022,05/01/2023,2023.0,1.0,0,2024,0,1,1,480602.07,1,1.0,1.0,SOCIEDAD ANONIMA CERRADA,ACTIVO,HABIDO,,JUNIN/HUANCAYO/HUANCAYO,Principal - 4210 - CONSTRUCCIÓN DE CARRETERAS Y VÍAS DE FERROCARRIL,3.0,Principal - 4210 - CONSTRUCCIÓN DE CARRETERAS Y VÍAS DE FERROCARRIL | Secundaria 1 - 7110 - ACTIVIDADES DE ARQUITECTURA E INGENIERÍA Y ACTIVIDADES CONEXAS DE CONSULTORÍA TÉCNICA | Secundaria 2 - 7710 - ALQUILER Y ARRENDAMIENTO DE VEHÍCULOS AUTOMOTORES,0,0,0,0,23/09/2026 23:29,1,1,1,71.6,Alto
20610515887,CUYACU INGENIERIA Y CONSTRUCCION E.I.R.L,-,2024,JUNIN,25/01/2023,14/02/2023,2023.0,1.0,0,2023,1,1,1,450483.73,1,1.0,1.0,EMPRESA INDIVIDUAL DE RESP. LTDA,ACTIVO,HABIDO,,ICA/ICA/ICA,Principal - 4100 - CONSTRUCCIÓN DE EDIFICIOS,3.0,"Principal - 4100 - CONSTRUCCIÓN DE EDIFICIOS | Secundaria 1 - 4661 - VENTA AL POR MAYOR DE COMBUSTIBLES SÓLIDOS, LÍQUIDOS Y GASEOSOS Y PRODUCTOS CONEXOS | Secundaria 2 - 4923 - TRANSPORTE DE CARGA POR CARRETERA",0,0,0,0,23/09/2026 23:29,1,1,1,71.6,Alto
20610907076,CORPORACION E & M INGENIERIA CONSULTORIA CONSTRUCCION SOCIEDAD ANONIMA CERRADA,-,2024,JUNIN,24/04/2023,01/06/2023,2023.0,1.0,0,2024,0,1,1,452838.45,1,1.0,1.0,SOCIEDAD ANONIMA CERRADA,ACTIVO,HABIDO,,JUNIN/HUANCAYO/EL TAMBO,Principal - 4290 - CONSTRUCCIÓN DE OTRAS OBRAS DE INGENIERÍA CIVIL,3.0,"Principal - 4290 - CONSTRUCCIÓN DE OTRAS OBRAS DE INGENIERÍA CIVIL | Secundaria 1 - 4922 - OTRAS ACTIVIDADES DE TRANSPORTE POR VÍA TERRESTRE | Secundaria 2 - 4663 - VENTA AL POR MAYOR DE MATERIALES DE CONSTRUCCIÓN, ARTÍCULOS DE FERRETERÍA Y EQUIPO Y MATERIALES DE FONTANERÍA Y CALEFACCIÓN",0,0,0,0,23/09/2026 23:29,1,1,1,71.6,Alto
20611005734,ZAALMER INGENIEROS Y CONSULTORES SOCIEDAD ANONIMA CERRADA,-,2024,JUNIN,17/05/2023,22/05/2023,2023.0,1.0,0,2024,0,1,1,100000.0,1,1.0,1.0,SOCIEDAD ANONIMA CERRADA,ACTIVO,HABIDO,,JUNIN/HUANCAYO/EL TAMBO,Principal - 7110 - ACTIVIDADES DE ARQUITECTURA E INGENIERÍA Y ACTIVIDADES CONEXAS DE CONSULTORÍA TÉCNICA,3.0,Principal - 7110 - ACTIVIDADES DE ARQUITECTURA E INGENIERÍA Y ACTIVIDADES CONEXAS DE CONSULTORÍA TÉCNICA | Secundaria 1 - 8299 - OTRAS ACTIVIDADES DE SERVICIOS DE APOYO A LAS EMPRESAS N.C.P. | Secundaria 2 - 4520 - MANTENIMIENTO Y REPARACIÓN DE VEHÍCULOS AUTOMOTORES,0,0,0,0,23/09/2026 23:29,1,1,1,71.6,Alto
20611286962,CONSULTORES Y CONTRATISTAS DIEGO LEON SOCIEDAD ANONIMA CERRADA,-,2024,JUNIN,14/07/2023,14/07/2023,2023.0,1.0,0,2024,0,1,1,100000.0,1,1.0,1.0,SOCIEDAD ANONIMA CERRADA,ACTIVO,HABIDO,,JUNIN/HUANCAYO/EL TAMBO,Principal - 4290 - CONSTRUCCIÓN DE OTRAS OBRAS DE INGENIERÍA CIVIL,3.0,"Principal - 4290 - CONSTRUCCIÓN DE OTRAS OBRAS DE INGENIERÍA CIVIL | Secundaria 1 - 4210 - CONSTRUCCIÓN DE CARRETERAS Y VÍAS DE FERROCARRIL | Secundaria 2 - 4663 - VENTA AL POR MAYOR DE MATERIALES DE CONSTRUCCIÓN, ARTÍCULOS DE FERRETERÍA Y EQUIPO Y MATERIALES DE FONTANERÍA Y CALEFACCIÓN",0,0,0,0,23/09/2026 23:29,1,1,1,71.6,Alto
20611396652,CONSTRUCTORA GREEN FOREST S.A.C.,-,2024,JUNIN,09/08/2023,11/08/2023,2023.0,1.0,0,2024,0,1,1,8500174060.0,1,0.0,0.0,SOCIEDAD ANONIMA CERRADA,ACTIVO,HABIDO,,LIMA/LIMA/LOS OLIVOS,Principal - 4100 - CONSTRUCCIÓN DE EDIFICIOS,2.0,Principal - 4100 - CONSTRUCCIÓN DE EDIFICIOS | Secundaria 1 - 7020 - ACTIVIDADES DE CONSULTORÍA DE GESTIÓN,0,0,0,0,23/09/2026 23:30,1,1,1,71.6,Alto
10103154931,FLORES RAZURI MARCO ANTONIO,-,2024,LA LIBERTAD,29/06/1993,01/03/1993,1993.0,31.0,0,2008,16,1,1,450000.0,1,1.0,1.0,PERSONA NATURAL CON NEGOCIO,ACTIVO,HABIDO,,LIMA/LIMA/SAN BORJA,Principal - 7110 - ACTIVIDADES DE ARQUITECTURA E INGENIERÍA Y ACTIVIDADES CONEXAS DE CONSULTORÍA TÉCNICA,2.0,Principal - 7110 - ACTIVIDADES DE ARQUITECTURA E INGENIERÍA Y ACTIVIDADES CONEXAS DE CONSULTORÍA TÉCNICA | Secundaria 1 - 4100 - CONSTRUCCIÓN DE EDIFICIOS,0,0,0,0,23/09/2026 22:05,1,1,1,60.8,Alto
10167869667,COBEÑAS BALLES MARIO JAVIER,-,2024,LA LIBERTAD,27/09/2005,01/09/2005,2005.0,19.0,0,2024,0,2,1,,0,,,PERSONA NATURAL CON NEGOCIO,ACTIVO,HABIDO,,AMAZONAS/CONDORCANQUI/NIEVA,Principal - 7110 - ACTIVIDADES DE ARQUITECTURA E INGENIERÍA Y ACTIVIDADES CONEXAS DE CONSULTORÍA TÉCNICA,3.0,"Principal - 7110 - ACTIVIDADES DE ARQUITECTURA E INGENIERÍA Y ACTIVIDADES CONEXAS DE CONSULTORÍA TÉCNICA | Secundaria 1 - 6810 - ACTIVIDADES INMOBILIARIAS REALIZADAS CON BIENES PROPIOS O ARRENDADOS | Secundaria 2 - 4663 - VENTA AL POR MAYOR DE MATERIALES DE CONSTRUCCIÓN, ARTÍCULOS DE FERRETERÍA Y EQUIPO Y MATERIALES DE FONTANERÍA Y CALEFACCIÓN",0,0,0,0,23/09/2026 22:06,1,1,1,60.8,Alto
10179063455,SANCHEZ ARTEAGA LUIS OMAR,-,2024,LA LIBERTAD,23/08/1993,01/08/1993,1993.0,31.0,0,2009,15,2,1,,0,,,PERSONA NATURAL CON NEGOCIO,ACTIVO,HABIDO,,LA LIBERTAD/TRUJILLO/TRUJILLO,Principal - 4390 - OTRAS ACTIVIDADES ESPECIALIZADAS DE CONSTRUCCIÓN,2.0,Principal - 4390 - OTRAS ACTIVIDADES ESPECIALIZADAS DE CONSTRUCCIÓN | Secundaria 1 - 7110 - ACTIVIDADES DE ARQUITECTURA E INGENIERÍA Y ACTIVIDADES CONEXAS DE CONSULTORÍA TÉCNICA,2,0,0,0,23/09/2026 22:06,1,1,1,60.8,Alto
10267064780,AMAYO LOBATO RAUL MILTHON,-,2024,LA LIBERTAD,25/07/1995,06/07/1995,1995.0,29.0,0,2018,6,2,1,,0,,,PERSONA NATURAL CON NEGOCIO,ACTIVO,HABIDO,,LA LIBERTAD/TRUJILLO/TRUJILLO,Principal - 7110 - ACTIVIDADES DE ARQUITECTURA E INGENIERÍA Y ACTIVIDADES CONEXAS DE CONSULTORÍA TÉCNICA,3.0,Principal - 7110 - ACTIVIDADES DE ARQUITECTURA E INGENIERÍA Y ACTIVIDADES CONEXAS DE CONSULTORÍA TÉCNICA | Secundaria 1 - 4220 - CONSTRUCCIÓN DE PROYECTOS DE SERVICIO PÚBLICO | Secundaria 2 - 4290 - CONSTRUCCIÓN DE OTRAS OBRAS DE INGENIERÍA CIVIL,0,0,0,0,23/09/2026 22:06,1,1,1,60.8,Alto
10404371865,MURRIETA CORIAT WESTLY REYNERIO,-,2024,LA LIBERTAD,09/01/2001,09/01/2001,2001.0,23.0,0,2024,0,1,1,,0,,,PERSONA NATURAL CON NEGOCIO,ACTIVO,HABIDO,,LORETO/MAYNAS/IQUITOS,Principal - 7110 - ACTIVIDADES DE ARQUITECTURA E INGENIERÍA Y ACTIVIDADES CONEXAS DE CONSULTORÍA TÉCNICA,3.0,"Principal - 7110 - ACTIVIDADES DE ARQUITECTURA E INGENIERÍA Y ACTIVIDADES CONEXAS DE CONSULTORÍA TÉCNICA | Secundaria 1 - 8219 - FOTOCOPIADO, PREPARACIÓN DE DOCUMENTOS Y OTRAS ACTIVIDADES ESPECIALIZADAS DE APOYO DE OFICINA | Secundaria 2 - 7010 - ACTIVIDADES DE OFICINAS PRINCIPALES",0,0,0,0,23/09/2026 22:07,1,1,1,60.8,Alto
10405680888,BARRETO VASQUEZ DENIS DAVID,-,2024,LA LIBERTAD,04/04/2007,04/04/2007,2007.0,17.0,0,2024,0,1,1,100000.0,1,1.0,1.0,PERSONA NATURAL CON NEGOCIO,ACTIVO,HABIDO,,LA LIBERTAD/TRUJILLO/TRUJILLO,Principal - 7110 - ACTIVIDADES DE ARQUITECTURA E INGENIERÍA Y ACTIVIDADES CONEXAS DE CONSULTORÍA TÉCNICA,3.0,Principal - 7110 - ACTIVIDADES DE ARQUITECTURA E INGENIERÍA Y ACTIVIDADES CONEXAS DE CONSULTORÍA TÉCNICA | Secundaria 1 - 4100 - CONSTRUCCIÓN DE EDIFICIOS | Secundaria 2 - 1811 - IMPRESIÓN,0,0,0,0,23/09/2026 22:07,1,1,1,60.8,Alto
10413692518,ARGOMEDO ARTEAGA LENIN MIQUEAS,-,2024,LA LIBERTAD,23/04/2004,23/04/2004,2004.0,20.0,0,2024,0,1,1,75000.0,1,1.0,1.0,PERSONA NATURAL CON NEGOCIO,ACTIVO,HABIDO,,LIMA/LIMA/SANTIAGO DE SURCO,Principal - 7110 - ACTIVIDADES DE ARQUITECTURA E INGENIERÍA Y ACTIVIDADES CONEXAS DE CONSULTORÍA TÉCNICA,3.0,Principal - 7110 - ACTIVIDADES DE ARQUITECTURA E INGENIERÍA Y ACTIVIDADES CONEXAS DE CONSULTORÍA TÉCNICA | Secundaria 1 - 9609 - OTRAS ACTIVIDADES DE SERVICIOS PERSONALES N.C.P. | Secundaria 2 - 4922 - OTRAS ACTIVIDADES DE TRANSPORTE POR VÍA TERRESTRE,0,0,0,0,23/09/2026 22:07,1,1,1,60.8,Alto
10417310245,RAMIREZ PIZAN SAUL WILLIE,CONSTRUCTORA MW INGENIEROS,2024,LA LIBERTAD,02/12/2008,01/12/2008,2008.0,16.0,0,2024,0,1,1,755250.0,1,1.0,1.0,PERSONA NATURAL CON NEGOCIO,ACTIVO,HABIDO,,LIMA/LIMA/RIMAC,Principal - 7110 - ACTIVIDADES DE ARQUITECTURA E INGENIERÍA Y ACTIVIDADES CONEXAS DE CONSULTORÍA TÉCNICA,3.0,"Principal - 7110 - ACTIVIDADES DE ARQUITECTURA E INGENIERÍA Y ACTIVIDADES CONEXAS DE CONSULTORÍA TÉCNICA | Secundaria 1 - 9609 - OTRAS ACTIVIDADES DE SERVICIOS PERSONALES N.C.P. | Secundaria 2 - 2395 - FABRICACIÓN DE ARTÍCULOS DE HORMIGÓN, CEMENTO Y YESO",1,0,0,0,23/09/2026 22:07,1,1,1,60.8,Alto
10421685253,SANCHEZ DAVALOS LUIS GUSTAVO,-,2024,LA LIBERTAD,05/05/2009,01/05/2009,2009.0,15.0,0,2011,13,1,1,13801009.42,1,0.0,0.0,PERSONA NATURAL CON NEGOCIO,ACTIVO,HABIDO,,CAJAMARCA/CAJAMARCA/CAJAMARCA,Principal - 4390 - OTRAS ACTIVIDADES ESPECIALIZADAS DE CONSTRUCCIÓN,2.0,Principal - 4390 - OTRAS ACTIVIDADES ESPECIALIZADAS DE CONSTRUCCIÓN | Secundaria 1 - 4923 - TRANSPORTE DE CARGA POR CARRETERA,1,0,0,0,23/09/2026 22:07,1,1,1,60.8,Alto
10426481915,ASENCIO VASQUEZ GABRIEL ERNESTO,-,2024,LA LIBERTAD,12/07/2006,12/07/2006,2006.0,18.0,0,2024,0,1,1,100000.0,1,1.0,1.0,PERSONA NATURAL CON NEGOCIO,ACTIVO,HABIDO,,LIMA/LIMA/INDEPENDENCIA,Principal - 4100 - CONSTRUCCIÓN DE EDIFICIOS,3.0,Principal - 4100 - CONSTRUCCIÓN DE EDIFICIOS | Secundaria 1 - 7110 - ACTIVIDADES DE ARQUITECTURA E INGENIERÍA Y ACTIVIDADES CONEXAS DE CONSULTORÍA TÉCNICA | Secundaria 2 - 4210 - CONSTRUCCIÓN DE CARRETERAS Y VÍAS DE FERROCARRIL,0,0,0,0,23/09/2026 22:07,1,1,1,60.8,Alto
10453522542,POMA PUMACANCHARI JUAN IRWIN,-,2024,LA LIBERTAD,12/12/2006,12/12/2006,2006.0,18.0,0,2024,0,1,2,,0,,,PERSONA NATURAL CON NEGOCIO,ACTIVO,HABIDO,,AYACUCHO/HUAMANGA/AYACUCHO,Principal - 7110 - ACTIVIDADES DE ARQUITECTURA E INGENIERÍA Y ACTIVIDADES CONEXAS DE CONSULTORÍA TÉCNICA,2.0,"Principal - 7110 - ACTIVIDADES DE ARQUITECTURA E INGENIERÍA Y ACTIVIDADES CONEXAS DE CONSULTORÍA TÉCNICA | Secundaria 1 - 7490 - OTRAS ACTIVIDADES PROFESIONALES, CIENTÍFICAS Y TÉCNICAS N.C.P.",2,0,0,0,23/09/2026 22:07,1,1,1,60.8,Alto
20100028698,FERREYROS SOCIEDAD ANÓNIMA,-,2024,LA LIBERTAD,09/10/1992,29/04/1987,1987.0,37.0,0,2016,8,1,1,,0,,,SOCIEDAD ANONIMA,ACTIVO,HABIDO,,LIMA/LIMA/SANTIAGO DE SURCO,Principal - 4659 - VENTA AL POR MAYOR DE OTROS TIPOS DE MAQUINARIA Y EQUIPO,3.0,"Principal - 4659 - VENTA AL POR MAYOR DE OTROS TIPOS DE MAQUINARIA Y EQUIPO | Secundaria 1 - 3312 - REPARACIÓN DE MAQUINARIA | Secundaria 2 - 7730 - ALQUILER Y ARRENDAMIENTO DE OTROS TIPOS DE MAQUINARIA, EQUIPO Y BIENES TANGIBLES",0,0,0,0,23/09/2026 22:07,1,1,1,60.8,Alto
20134676508,MARQUISA S.A.C.CONTRATISTAS GENERALES,MARQUISA SAC,2024,LA LIBERTAD,08/05/1993,23/05/1988,1988.0,36.0,0,2008,16,1,1,100000.0,1,1.0,1.0,SOCIEDAD ANONIMA,ACTIVO,NO HABIDO,,LIMA/LIMA/SAN MARTIN DE PORRES,Principal - 4290 - CONSTRUCCIÓN DE OTRAS OBRAS DE INGENIERÍA CIVIL,3.0,"Principal - 4290 - CONSTRUCCIÓN DE OTRAS OBRAS DE INGENIERÍA CIVIL | Secundaria 1 - 7730 - ALQUILER Y ARRENDAMIENTO DE OTROS TIPOS DE MAQUINARIA, EQUIPO Y BIENES TANGIBLES | Secundaria 2 - 4923 - TRANSPORTE DE CARGA POR CARRETERA",2,0,0,0,23/09/2026 22:08,1,1,1,60.8,Alto
20144691173,CONSTRUCTORA VANESSA ORIETTA SRL,CONSTRUCTORA VANESSA ORIETTA,2024,LA LIBERTAD,29/06/1993,20/05/1993,1993.0,31.0,0,2006,18,2,1,60000000.0,2,0.0,0.0,SOC.COM.RESPONS. LTDA,ACTIVO,HABIDO,,LIMA/LIMA/SAN ISIDRO,Principal - 4390 - OTRAS ACTIVIDADES ESPECIALIZADAS DE CONSTRUCCIÓN,2.0,"Principal - 4390 - OTRAS ACTIVIDADES ESPECIALIZADAS DE CONSTRUCCIÓN | Secundaria 2 - 4663 - VENTA AL POR MAYOR DE MATERIALES DE CONSTRUCCIÓN, ARTÍCULOS DE FERRETERÍA Y EQUIPO Y MATERIALES DE FONTANERÍA Y CALEFACCIÓN",0,0,0,0,23/09/2026 22:08,1,1,1,60.8,Alto
20205328662,SAN AGUSTIN E.I.R.L CONTRATISTAS GENERALES,SAN AGUSTIN EIRL CONTRATISTAS,2024,LA LIBERTAD,14/01/1994,27/11/1989,1989.0,35.0,0,2013,11,3,2,145008025.78,3,0.0,0.0,EMPRESA INDIVIDUAL DE RESP. LTDA,ACTIVO,NO HALLADO,,LIMA/LIMA/LOS OLIVOS,Principal - 4390 - OTRAS ACTIVIDADES ESPECIALIZADAS DE CONSTRUCCIÓN,2.0,Principal - 4390 - OTRAS ACTIVIDADES ESPECIALIZADAS DE CONSTRUCCIÓN | Secundaria 1 - 7110 - ACTIVIDADES DE ARQUITECTURA E INGENIERÍA Y ACTIVIDADES CONEXAS DE CONSULTORÍA TÉCNICA,1,1,0,0,23/09/2026 22:09,1,1,1,60.8,Alto
20354444594,GRUPO G & G CONTRATISTAS GENERALES SRLTD,-,2024,LA LIBERTAD,03/02/1997,03/02/1997,1997.0,27.0,0,2009,15,1,1,500000.0,1,1.0,1.0,SOC.COM.RESPONS. LTDA,ACTIVO,HABIDO,,LA LIBERTAD/TRUJILLO/TRUJILLO,Principal - 4290 - CONSTRUCCIÓN DE OTRAS OBRAS DE INGENIERÍA CIVIL,2.0,"Principal - 4290 - CONSTRUCCIÓN DE OTRAS OBRAS DE INGENIERÍA CIVIL | Secundaria 1 - 7730 - ALQUILER Y ARRENDAMIENTO DE OTROS TIPOS DE MAQUINARIA, EQUIPO Y BIENES TANGIBLES",0,0,0,0,23/09/2026 22:11,1,1,1,60.8,Alto
20354826799,SERVICIOS GENERALES DE TELECOMUNICACIONES EIRL,SGT EIRL,2024,LA LIBERTAD,07/04/1997,07/04/1997,1997.0,27.0,0,2024,0,2,1,43652537.92,2,0.0,0.0,EMPRESA INDIVIDUAL DE RESP. LTDA,ACTIVO,HABIDO,,LIMA/LIMA/SAN ISIDRO,Principal - 6190 - OTRAS ACTIVIDADES DE TELECOMUNICACIONES,3.0,Principal - 6190 - OTRAS ACTIVIDADES DE TELECOMUNICACIONES | Secundaria 1 - 4100 - CONSTRUCCIÓN DE EDIFICIOS | Secundaria 2 - 7110 - ACTIVIDADES DE ARQUITECTURA E INGENIERÍA Y ACTIVIDADES CONEXAS DE CONSULTORÍA TÉCNICA,1,0,0,0,23/09/2026 22:11,1,1,1,60.8,Alto
20355337619,S G A S.R.L.,-,2024,LA LIBERTAD,23/06/1997,23/06/1997,1997.0,27.0,0,2013,11,2,1,81748708.08,2,0.0,0.0,SOC.COM.RESPONS. LTDA,ACTIVO,HABIDO,,LIMA/LIMA/INDEPENDENCIA,Principal - 4100 - CONSTRUCCIÓN DE EDIFICIOS,3.0,"Principal - 4100 - CONSTRUCCIÓN DE EDIFICIOS | Secundaria 1 - 7730 - ALQUILER Y ARRENDAMIENTO DE OTROS TIPOS DE MAQUINARIA, EQUIPO Y BIENES TANGIBLES | Secundaria 2 - 4663 - VENTA AL POR MAYOR DE MATERIALES DE CONSTRUCCIÓN, ARTÍCULOS DE FERRETERÍA Y EQUIPO Y MATERIALES DE FONTANERÍA Y CALEFACCIÓN",0,0,0,0,23/09/2026 22:11,1,1,1,60.8,Alto
20393340208,DAYAN CONTRATISTAS S.A.C.,-,2024,LA LIBERTAD,02/04/2007,02/04/2007,2007.0,17.0,0,2018,6,1,2,6041337.41,1,1.0,1.0,SOCIEDAD ANONIMA CERRADA,ACTIVO,HABIDO,,UCAYALI/CORONEL PORTILLO/CALLERIA,Principal - 4100 - CONSTRUCCIÓN DE EDIFICIOS,2.0,"Principal - 4100 - CONSTRUCCIÓN DE EDIFICIOS | Secundaria 1 - 4663 - VENTA AL POR MAYOR DE MATERIALES DE CONSTRUCCIÓN, ARTÍCULOS DE FERRETERÍA Y EQUIPO Y MATERIALES DE FONTANERÍA Y CALEFACCIÓN",0,0,0,0,23/09/2026 22:12,1,1,1,60.8,Alto
20398604734,CONSTRUCTORA SAN JORGE EIRL,CONSTRUCTORA SAN JORGE EIRL,2024,LA LIBERTAD,27/10/1997,15/11/1997,1997.0,27.0,0,2008,16,1,1,314882339.91,1,0.0,0.0,EMPRESA INDIVIDUAL DE RESP. LTDA,ACTIVO,HABIDO,,LIMA/LIMA/MIRAFLORES,Principal - 4100 - CONSTRUCCIÓN DE EDIFICIOS,3.0,Principal - 4100 - CONSTRUCCIÓN DE EDIFICIOS | Secundaria 1 - 7110 - ACTIVIDADES DE ARQUITECTURA E INGENIERÍA Y ACTIVIDADES CONEXAS DE CONSULTORÍA TÉCNICA | Secundaria 2 - 4923 - TRANSPORTE DE CARGA POR CARRETERA,0,0,0,0,23/09/2026 22:14,1,1,1,60.8,Alto
20438958771,INVERSIONES Y SERVICIOS FERBUCH S.A.C.,-,2024,LA LIBERTAD,10/12/1999,02/01/2000,2000.0,24.0,0,2024,0,1,1,4479475.17,1,0.0,0.0,SOCIEDAD ANONIMA CERRADA,ACTIVO,HABIDO,,LA LIBERTAD/TRUJILLO/HUANCHACO,"Principal - 4663 - VENTA AL POR MAYOR DE MATERIALES DE CONSTRUCCIÓN, ARTÍCULOS DE FERRETERÍA Y EQUIPO Y MATERIALES DE FONTANERÍA Y CALEFACCIÓN",3.0,"Principal - 4663 - VENTA AL POR MAYOR DE MATERIALES DE CONSTRUCCIÓN, ARTÍCULOS DE FERRETERÍA Y EQUIPO Y MATERIALES DE FONTANERÍA Y CALEFACCIÓN | Secundaria 1 - 4690 - VENTA AL POR MAYOR NO ESPECIALIZADA | Secundaria 2 - 4290 - CONSTRUCCIÓN DE OTRAS OBRAS DE INGENIERÍA CIVIL",0,0,0,0,23/09/2026 22:16,1,1,1,60.8,Alto
20440178147,ACOSTA COMBUSTIBLES S.A.C. - ACOSAC,ACOSAC,2024,LA LIBERTAD,14/06/2001,14/06/2001,2001.0,23.0,0,2014,10,1,1,72730808.26,1,0.0,0.0,SOCIEDAD ANONIMA CERRADA,ACTIVO,HABIDO,,LA LIBERTAD/TRUJILLO/TRUJILLO,Principal - 4730 - VENTA AL POR MENOR DE COMBUSTIBLES PARA VEHÍCULOS AUTOMOTORES EN COMERCIOS ESPECIALIZADOS,3.0,Principal - 4730 - VENTA AL POR MENOR DE COMBUSTIBLES PARA VEHÍCULOS AUTOMOTORES EN COMERCIOS ESPECIALIZADOS | Secundaria 1 - 9609 - OTRAS ACTIVIDADES DE SERVICIOS PERSONALES N.C.P. | Secundaria 2 - 4100 - CONSTRUCCIÓN DE EDIFICIOS,0,0,0,0,23/09/2026 22:16,1,1,1,60.8,Alto
20477156445,NJ PLUS CONSTRUCTORES GENERALES S.A.C.,-,2024,LA LIBERTAD,05/02/2011,05/02/2011,2011.0,13.0,0,2024,0,1,1,9191121.11,1,0.0,0.0,SOCIEDAD ANONIMA CERRADA,ACTIVO,HABIDO,,LA LIBERTAD/SANCHEZ CARRION/HUAMACHUCO,Principal - 4100 - CONSTRUCCIÓN DE EDIFICIOS,3.0,"Principal - 4100 - CONSTRUCCIÓN DE EDIFICIOS | Secundaria 1 - 4663 - VENTA AL POR MAYOR DE MATERIALES DE CONSTRUCCIÓN, ARTÍCULOS DE FERRETERÍA Y EQUIPO Y MATERIALES DE FONTANERÍA Y CALEFACCIÓN | Secundaria 2 - 7710 - ALQUILER Y ARRENDAMIENTO DE VEHÍCULOS AUTOMOTORES",0,0,0,0,23/09/2026 22:21,1,1,1,60.8,Alto
20477216952,SENCON SERVICIOS NEGOCIOS Y CONSTRUCCION S.A.C.,-,2024,LA LIBERTAD,03/04/2019,03/04/2019,2019.0,5.0,0,2022,2,1,1,6853566.12,1,1.0,1.0,SOCIEDAD ANONIMA CERRADA,ACTIVO,HABIDO,,LA LIBERTAD/TRUJILLO/TRUJILLO,Principal - 7110 - ACTIVIDADES DE ARQUITECTURA E INGENIERÍA Y ACTIVIDADES CONEXAS DE CONSULTORÍA TÉCNICA,3.0,Principal - 7110 - ACTIVIDADES DE ARQUITECTURA E INGENIERÍA Y ACTIVIDADES CONEXAS DE CONSULTORÍA TÉCNICA | Secundaria 1 - 4100 - CONSTRUCCIÓN DE EDIFICIOS | Secundaria 2 - 4923 - TRANSPORTE DE CARGA POR CARRETERA,0,0,0,0,23/09/2026 22:21,1,1,1,60.8,Alto
20481030146,COVIDA S.R.L.,-,2024,LA LIBERTAD,20/11/2004,20/11/2004,2004.0,20.0,0,2024,0,1,1,400000.0,1,1.0,1.0,SOC.COM.RESPONS. LTDA,ACTIVO,HABIDO,,LA LIBERTAD/TRUJILLO/TRUJILLO,Principal - 4290 - CONSTRUCCIÓN DE OTRAS OBRAS DE INGENIERÍA CIVIL,3.0,"Principal - 4290 - CONSTRUCCIÓN DE OTRAS OBRAS DE INGENIERÍA CIVIL | Secundaria 1 - 4923 - TRANSPORTE DE CARGA POR CARRETERA | Secundaria 2 - 7730 - ALQUILER Y ARRENDAMIENTO DE OTROS TIPOS DE MAQUINARIA, EQUIPO Y BIENES TANGIBLES",0,0,0,0,23/09/2026 22:24,1,1,1,60.8,Alto
20481146951,COAM CONTRATISTAS S.A.C.,-,2024,LA LIBERTAD,19/07/2005,20/09/2005,2005.0,19.0,0,2009,15,1,1,100000.0,1,1.0,1.0,SOCIEDAD ANONIMA CERRADA,ACTIVO,HABIDO,,LIMA/LIMA/MIRAFLORES,Principal - 4390 - OTRAS ACTIVIDADES ESPECIALIZADAS DE CONSTRUCCIÓN,1.0,Principal - 4390 - OTRAS ACTIVIDADES ESPECIALIZADAS DE CONSTRUCCIÓN,0,0,0,0,23/09/2026 22:24,1,1,1,60.8,Alto
20481265704,MAQUINARIA CONSTRUCCION Y MINERIA S.A.C,MACOMIC,2024,LA LIBERTAD,17/02/2006,17/02/2006,2006.0,18.0,0,2006,18,1,1,400000.0,1,1.0,1.0,SOCIEDAD ANONIMA CERRADA,ACTIVO,HABIDO,,LIMA/LIMA/MIRAFLORES,Principal - 4100 - CONSTRUCCIÓN DE EDIFICIOS,3.0,"Principal - 4100 - CONSTRUCCIÓN DE EDIFICIOS | Secundaria 1 - 4923 - TRANSPORTE DE CARGA POR CARRETERA | Secundaria 2 - 7730 - ALQUILER Y ARRENDAMIENTO DE OTROS TIPOS DE MAQUINARIA, EQUIPO Y BIENES TANGIBLES",2,0,0,0,23/09/2026 22:24,1,1,1,60.8,Alto
20481446326,INVERSIONES Y NEGOCIOS GENERALES MAFER S.A.C.,-,2024,LA LIBERTAD,29/11/2006,29/11/2006,2006.0,18.0,0,2010,14,1,1,30307519.9,1,0.0,0.0,SOCIEDAD ANONIMA CERRADA,ACTIVO,HABIDO,,LIMA/LIMA/SAN MARTIN DE PORRES,Principal - 7110 - ACTIVIDADES DE ARQUITECTURA E INGENIERÍA Y ACTIVIDADES CONEXAS DE CONSULTORÍA TÉCNICA,3.0,"Principal - 7110 - ACTIVIDADES DE ARQUITECTURA E INGENIERÍA Y ACTIVIDADES CONEXAS DE CONSULTORÍA TÉCNICA | Secundaria 1 - 4390 - OTRAS ACTIVIDADES ESPECIALIZADAS DE CONSTRUCCIÓN | Secundaria 2 - 4663 - VENTA AL POR MAYOR DE MATERIALES DE CONSTRUCCIÓN, ARTÍCULOS DE FERRETERÍA Y EQUIPO Y MATERIALES DE FONTANERÍA Y CALEFACCIÓN",1,0,0,0,23/09/2026 22:24,1,1,1,60.8,Alto
20481475342,R&C INGENIEROS CONSULTORES Y CONSTRUCTORES SRL,-,2024,LA LIBERTAD,10/01/2007,10/01/2007,2007.0,17.0,0,2015,9,1,1,113391376.6,1,0.0,0.0,SOC.COM.RESPONS. LTDA,ACTIVO,HABIDO,,LA LIBERTAD/TRUJILLO/TRUJILLO,Principal - 7110 - ACTIVIDADES DE ARQUITECTURA E INGENIERÍA Y ACTIVIDADES CONEXAS DE CONSULTORÍA TÉCNICA,3.0,Principal - 7110 - ACTIVIDADES DE ARQUITECTURA E INGENIERÍA Y ACTIVIDADES CONEXAS DE CONSULTORÍA TÉCNICA | Secundaria 1 - 4923 - TRANSPORTE DE CARGA POR CARRETERA | Secundaria 2 - 9609 - OTRAS ACTIVIDADES DE SERVICIOS PERSONALES N.C.P.,1,0,0,0,23/09/2026 22:24,1,1,1,60.8,Alto
20481561265,CRES PERU CONTRATISTAS GENERALES S.A.C.,-,2024,LA LIBERTAD,03/05/2007,03/05/2007,2007.0,17.0,0,2014,10,4,1,24091806.09,4,0.0,0.0,SOCIEDAD ANONIMA CERRADA,ACTIVO,HABIDO,,LA LIBERTAD/TRUJILLO/TRUJILLO,Principal - 4100 - CONSTRUCCIÓN DE EDIFICIOS,3.0,Principal - 4100 - CONSTRUCCIÓN DE EDIFICIOS | Secundaria 1 - 6810 - ACTIVIDADES INMOBILIARIAS REALIZADAS CON BIENES PROPIOS O ARRENDADOS | Secundaria 2 - 4923 - TRANSPORTE DE CARGA POR CARRETERA,0,1,0,0,23/09/2026 22:24,1,1,1,60.8,Alto
20481871027,BRALCO CONTRATISTAS GENERALES S.R.L.,-,2024,LA LIBERTAD,16/05/2008,16/05/2008,2008.0,16.0,0,2009,15,1,1,110217857.41,1,0.0,0.0,SOC.COM.RESPONS. LTDA,ACTIVO,HABIDO,,LA LIBERTAD/TRUJILLO/TRUJILLO,Principal - 4390 - OTRAS ACTIVIDADES ESPECIALIZADAS DE CONSTRUCCIÓN,3.0,"Principal - 4390 - OTRAS ACTIVIDADES ESPECIALIZADAS DE CONSTRUCCIÓN | Secundaria 1 - 7730 - ALQUILER Y ARRENDAMIENTO DE OTROS TIPOS DE MAQUINARIA, EQUIPO Y BIENES TANGIBLES | Secundaria 2 - 4663 - VENTA AL POR MAYOR DE MATERIALES DE CONSTRUCCIÓN, ARTÍCULOS DE FERRETERÍA Y EQUIPO Y MATERIALES DE FONTANERÍA Y CALEFACCIÓN",0,0,0,0,23/09/2026 22:25,1,1,1,60.8,Alto
20481966672,INMOBILIARIA Y CONSTRUCTORA SAN FERNANDO SAC,-,2024,LA LIBERTAD,25/08/2008,01/09/2008,2008.0,16.0,0,2015,9,1,1,66591549.0,1,0.0,0.0,SOCIEDAD ANONIMA CERRADA,ACTIVO,HABIDO,,LA LIBERTAD/TRUJILLO/TRUJILLO,Principal - 4290 - CONSTRUCCIÓN DE OTRAS OBRAS DE INGENIERÍA CIVIL,3.0,"Principal - 4290 - CONSTRUCCIÓN DE OTRAS OBRAS DE INGENIERÍA CIVIL | Secundaria 1 - 4923 - TRANSPORTE DE CARGA POR CARRETERA | Secundaria 2 - 7730 - ALQUILER Y ARRENDAMIENTO DE OTROS TIPOS DE MAQUINARIA, EQUIPO Y BIENES TANGIBLES",0,0,0,0,23/09/2026 22:25,1,1,1,60.8,Alto
20482100580,VARGAS ESCALANTE CONSTRUCCIONES S.A.C.,-,2024,LA LIBERTAD,26/01/2009,26/01/2009,2009.0,15.0,0,2015,9,1,2,100000.0,1,1.0,1.0,SOCIEDAD ANONIMA CERRADA,ACTIVO,HABIDO,,LA LIBERTAD/PACASMAYO/GUADALUPE,Principal - 4100 - CONSTRUCCIÓN DE EDIFICIOS,3.0,"Principal - 4100 - CONSTRUCCIÓN DE EDIFICIOS | Secundaria 1 - 7730 - ALQUILER Y ARRENDAMIENTO DE OTROS TIPOS DE MAQUINARIA, EQUIPO Y BIENES TANGIBLES | Secundaria 2 - 4210 - CONSTRUCCIÓN DE CARRETERAS Y VÍAS DE FERROCARRIL",1,0,0,0,23/09/2026 22:25,1,1,1,60.8,Alto
20482530592,CONSTRUCTORA JHAD S.A.C,-,2024,LA LIBERTAD,14/04/2010,14/04/2010,2010.0,14.0,0,2024,0,1,1,19663424.72,1,0.0,0.0,SOCIEDAD ANONIMA CERRADA,ACTIVO,HABIDO,,LAMBAYEQUE/CHICLAYO/CHICLAYO,Principal - 4100 - CONSTRUCCIÓN DE EDIFICIOS,3.0,"Principal - 4100 - CONSTRUCCIÓN DE EDIFICIOS | Secundaria 1 - 4663 - VENTA AL POR MAYOR DE MATERIALES DE CONSTRUCCIÓN, ARTÍCULOS DE FERRETERÍA Y EQUIPO Y MATERIALES DE FONTANERÍA Y CALEFACCIÓN | Secundaria 2 - 4923 - TRANSPORTE DE CARGA POR CARRETERA",0,0,0,0,23/09/2026 22:25,1,1,1,60.8,Alto
20494397090,CONSULTORES Y CONTRATISTAS HIDRO VIAL S.R.L.,C Y C HIDRO VIAL SRL,2024,LA LIBERTAD,05/12/2007,05/12/2007,2007.0,17.0,0,2010,14,1,1,213985145.94,1,0.0,0.0,SOC.COM.RESPONS. LTDA,ACTIVO,HABIDO,,AYACUCHO/HUAMANGA/AYACUCHO,Principal - 4290 - CONSTRUCCIÓN DE OTRAS OBRAS DE INGENIERÍA CIVIL,3.0,"Principal - 4290 - CONSTRUCCIÓN DE OTRAS OBRAS DE INGENIERÍA CIVIL | Secundaria 1 - 4923 - TRANSPORTE DE CARGA POR CARRETERA | Secundaria 2 - 7730 - ALQUILER Y ARRENDAMIENTO DE OTROS TIPOS DE MAQUINARIA, EQUIPO Y BIENES TANGIBLES",0,0,0,0,23/09/2026 22:35,1,1,1,60.8,Alto
20494883865,CONSULTORES & CONTRATISTAS GENERALES FOREPT S.A.C.,FOREPT S.A.C.,2024,LA LIBERTAD,21/01/2010,21/01/2010,2010.0,14.0,0,2024,0,1,2,100000.0,1,1.0,1.0,SOCIEDAD ANONIMA CERRADA,ACTIVO,HABIDO,,AYACUCHO/HUAMANGA/AYACUCHO,Principal - 7110 - ACTIVIDADES DE ARQUITECTURA E INGENIERÍA Y ACTIVIDADES CONEXAS DE CONSULTORÍA TÉCNICA,3.0,Principal - 7110 - ACTIVIDADES DE ARQUITECTURA E INGENIERÍA Y ACTIVIDADES CONEXAS DE CONSULTORÍA TÉCNICA | Secundaria 1 - 8299 - OTRAS ACTIVIDADES DE SERVICIOS DE APOYO A LAS EMPRESAS N.C.P. | Secundaria 2 - 0240 - SERVICIOS DE APOYO A LA SILVICULTURA,0,0,0,0,23/09/2026 22:35,1,1,1,60.8,Alto
20495042333,DLTA INGENIEROS CONSULTORES CONTRATISTAS S.R.L.,-,2024,LA LIBERTAD,02/09/2010,02/09/2010,2010.0,14.0,0,2018,6,1,1,85672831.46,1,0.0,0.0,SOC.COM.RESPONS. LTDA,ACTIVO,HABIDO,,AYACUCHO/HUAMANGA/AYACUCHO,Principal - 4100 - CONSTRUCCIÓN DE EDIFICIOS,3.0,"Principal - 4100 - CONSTRUCCIÓN DE EDIFICIOS | Secundaria 1 - 4923 - TRANSPORTE DE CARGA POR CARRETERA | Secundaria 2 - 7730 - ALQUILER Y ARRENDAMIENTO DE OTROS TIPOS DE MAQUINARIA, EQUIPO Y BIENES TANGIBLES",1,1,0,0,23/09/2026 22:36,1,1,1,60.8,Alto
20495875891,CONTRATISTAS NORPERU INGENIEROS ASOCIADOS SRL,-,2024,LA LIBERTAD,24/01/2007,24/01/2007,2007.0,17.0,0,2024,0,1,1,5236320.16,1,1.0,1.0,SOC.COM.RESPONS. LTDA,ACTIVO,HABIDO,,CAJAMARCA/CUTERVO/CUTERVO,Principal - 4100 - CONSTRUCCIÓN DE EDIFICIOS,3.0,Principal - 4100 - CONSTRUCCIÓN DE EDIFICIOS | Secundaria 1 - 4290 - CONSTRUCCIÓN DE OTRAS OBRAS DE INGENIERÍA CIVIL | Secundaria 2 - 0210 - SILVICULTURA Y OTRAS ACTIVIDADES FORESTALES,0,0,0,0,23/09/2026 22:36,1,1,1,60.8,Alto
20496014686,LA ROCA CONSTRUCCION Y MEDIO AMBIENTE SRL,-,2024,LA LIBERTAD,17/02/2025,01/02/2025,2025.0,,1,2019,5,1,1,500000.0,1,1.0,1.0,SOC.COM.RESPONS. LTDA,ACTIVO,HABIDO,,LIMA/LIMA/LINCE,Principal - 4100 - CONSTRUCCIÓN DE EDIFICIOS,3.0,Principal - 4100 - CONSTRUCCIÓN DE EDIFICIOS | Secundaria 1 - 7020 - ACTIVIDADES DE CONSULTORÍA DE GESTIÓN | Secundaria 2 - 7110 - ACTIVIDADES DE ARQUITECTURA E INGENIERÍA Y ACTIVIDADES CONEXAS DE CONSULTORÍA TÉCNICA,1,0,0,0,23/09/2026 22:36,1,1,1,60.8,Alto
20525333923,SERVAN CONTRATISTAS GENERALES S.R.L,-,2024,LA LIBERTAD,22/06/2006,22/06/2006,2006.0,18.0,0,2010,14,1,2,197163296.76,1,0.0,0.0,SOC.COM.RESPONS. LTDA,ACTIVO,HABIDO,,LIMA/LIMA/MIRAFLORES,Principal - 4100 - CONSTRUCCIÓN DE EDIFICIOS,3.0,"Principal - 4100 - CONSTRUCCIÓN DE EDIFICIOS | Secundaria 1 - 4923 - TRANSPORTE DE CARGA POR CARRETERA | Secundaria 2 - 4752 - VENTA AL POR MENOR DE ARTÍCULOS DE FERRETERÍA, PINTURAS Y PRODUCTOS DE VIDRIO EN COMERCIOS ESPECIALIZADOS",0,0,0,0,23/09/2026 22:40,1,1,1,60.8,Alto
20529656751,CONSTRUNORT CAJAMARCA S.R.L.,CONSTRUNORTCAJAMARCA,2024,LA LIBERTAD,01/02/2013,01/02/2013,2013.0,11.0,0,2021,3,2,1,253207203.78,2,0.0,0.0,SOC.COM.RESPONS. LTDA,ACTIVO,HABIDO,,LIMA/LIMA/LA VICTORIA,Principal - 4100 - CONSTRUCCIÓN DE EDIFICIOS,3.0,"Principal - 4100 - CONSTRUCCIÓN DE EDIFICIOS | Secundaria 1 - 4923 - TRANSPORTE DE CARGA POR CARRETERA | Secundaria 2 - 4752 - VENTA AL POR MENOR DE ARTÍCULOS DE FERRETERÍA, PINTURAS Y PRODUCTOS DE VIDRIO EN COMERCIOS ESPECIALIZADOS",0,0,0,0,23/09/2026 22:45,1,1,1,60.8,Alto
20536612972,CMO GROUP S.A.C.,-,2024,LA LIBERTAD,25/06/2010,10/02/2011,2011.0,13.0,0,2012,12,1,5,819662336.32,1,0.0,0.0,SOCIEDAD ANONIMA CERRADA,ACTIVO,HABIDO,,LIMA/LIMA/MIRAFLORES,Principal - 4100 - CONSTRUCCIÓN DE EDIFICIOS,2.0,Principal - 4100 - CONSTRUCCIÓN DE EDIFICIOS | Secundaria 1 - 3313 - REPARACIÓN DE EQUIPO ELECTRÓNICO Y ÓPTICO,1,0,0,0,23/09/2026 22:52,1,1,1,60.8,Alto
20537169207,RIVA SOCIEDAD ANONIMA INMOBILIARIA INDUSTRIAL COMERCIAL FINANCIERA Y AGROPECUARIA SUCURSAL DEL PERU,-,2024,LA LIBERTAD,20/08/2010,20/08/2010,2010.0,14.0,0,2012,12,1,2,100000.0,1,1.0,1.0,SUCURSALES O AG. DE EMP. EXTRANJ.,ACTIVO,HABIDO,,LIMA/LIMA/BARRANCO,Principal - 4390 - OTRAS ACTIVIDADES ESPECIALIZADAS DE CONSTRUCCIÓN,2.0,Principal - 4390 - OTRAS ACTIVIDADES ESPECIALIZADAS DE CONSTRUCCIÓN | Secundaria 1 - 7020 - ACTIVIDADES DE CONSULTORÍA DE GESTIÓN,4,1,0,0,23/09/2026 22:52,1,1,1,60.8,Alto
20539094930,INGENIEROS & ASOCIADOS SC SOCIEDAD COMERCIAL DE RESPONSABILIDAD LIMITADA,-,2024,LA LIBERTAD,22/03/2013,01/03/2013,2013.0,11.0,0,2020,4,1,1,30922459.87,1,0.0,0.0,SOC.COM.RESPONS. LTDA,ACTIVO,HABIDO,,LA LIBERTAD/TRUJILLO/HUANCHACO,Principal - 4390 - OTRAS ACTIVIDADES ESPECIALIZADAS DE CONSTRUCCIÓN,3.0,"Principal - 4390 - OTRAS ACTIVIDADES ESPECIALIZADAS DE CONSTRUCCIÓN | Secundaria 1 - 4922 - OTRAS ACTIVIDADES DE TRANSPORTE POR VÍA TERRESTRE | Secundaria 2 - 4663 - VENTA AL POR MAYOR DE MATERIALES DE CONSTRUCCIÓN, ARTÍCULOS DE FERRETERÍA Y EQUIPO Y MATERIALES DE FONTANERÍA Y CALEFACCIÓN",0,0,0,0,23/09/2026 22:52,1,1,1,60.8,Alto
20544771478,LCL CONTRATISTAS S.A.C.,-,2024,LA LIBERTAD,05/09/2011,05/09/2011,2011.0,13.0,0,2017,7,2,1,18936000.46,2,2.0,1.0,SOCIEDAD ANONIMA CERRADA,ACTIVO,HABIDO,,LA LIBERTAD/TRUJILLO/TRUJILLO,Principal - 4100 - CONSTRUCCIÓN DE EDIFICIOS,2.0,"Principal - 4100 - CONSTRUCCIÓN DE EDIFICIOS | Secundaria 1 - 7730 - ALQUILER Y ARRENDAMIENTO DE OTROS TIPOS DE MAQUINARIA, EQUIPO Y BIENES TANGIBLES",0,0,0,0,23/09/2026 22:56,1,1,1,60.8,Alto
20601226279,CASTRO Y ARAUJO CONSTRUCTORES S.A.C.,-,2024,LA LIBERTAD,14/05/2016,14/05/2016,2016.0,8.0,0,2016,8,3,1,6422921.96,3,1.0,0.3333333333333333,SOCIEDAD ANONIMA CERRADA,ACTIVO,HABIDO,,LA LIBERTAD/TRUJILLO/TRUJILLO,Principal - 4100 - CONSTRUCCIÓN DE EDIFICIOS,3.0,"Principal - 4100 - CONSTRUCCIÓN DE EDIFICIOS | Secundaria 1 - 4741 - VENTA AL POR MENOR DE ORDENADORES, EQUIPO PERIFÉRICO, PROGRAMA DE INFORM. Y EQU. DE TELEC. EN COMERCIOS ESPECIALIZADOS | Secundaria 2 - 4329 - OTRAS INSTALACIONES PARA OBRAS DE CONSTRUCCIÓN",1,0,0,0,23/09/2026 23:12,1,1,1,60.8,Alto
20601488257,CONSTRUCCIONES STEFANO S.R.L.,-,2024,LA LIBERTAD,08/09/2016,08/09/2016,2016.0,8.0,0,2024,0,1,1,3740988.98,1,1.0,1.0,SOC.COM.RESPONS. LTDA,ACTIVO,HABIDO,,CAJAMARCA/SAN MIGUEL/SAN MIGUEL,Principal - 4100 - CONSTRUCCIÓN DE EDIFICIOS,3.0,Principal - 4100 - CONSTRUCCIÓN DE EDIFICIOS | Secundaria 1 - 4210 - CONSTRUCCIÓN DE CARRETERAS Y VÍAS DE FERROCARRIL | Secundaria 2 - 4923 - TRANSPORTE DE CARGA POR CARRETERA,0,0,0,0,23/09/2026 23:13,1,1,1,60.8,Alto
20602455085,CORPORACION BRANDM S.A.C.,-,2024,LA LIBERTAD,14/09/2017,14/09/2017,2017.0,7.0,0,2024,0,1,1,2931026.68,1,1.0,1.0,SOCIEDAD ANONIMA CERRADA,ACTIVO,HABIDO,,SAN MARTIN/TOCACHE/UCHIZA,Principal - 4100 - CONSTRUCCIÓN DE EDIFICIOS,3.0,"Principal - 4100 - CONSTRUCCIÓN DE EDIFICIOS | Secundaria 1 - 7730 - ALQUILER Y ARRENDAMIENTO DE OTROS TIPOS DE MAQUINARIA, EQUIPO Y BIENES TANGIBLES | Secundaria 2 - 4923 - TRANSPORTE DE CARGA POR CARRETERA",0,0,0,0,23/09/2026 23:16,1,1,1,60.8,Alto
20602523129,CONSTRUCTORA COS VIL JC S.A.C.,-,2024,LA LIBERTAD,07/10/2017,07/10/2017,2017.0,7.0,0,2024,0,1,1,1993978.62,1,1.0,1.0,SOCIEDAD ANONIMA CERRADA,ACTIVO,HABIDO,,LA LIBERTAD/TRUJILLO/TRUJILLO,Principal - 4100 - CONSTRUCCIÓN DE EDIFICIOS,2.0,"Principal - 4100 - CONSTRUCCIÓN DE EDIFICIOS | Secundaria 1 - 7730 - ALQUILER Y ARRENDAMIENTO DE OTROS TIPOS DE MAQUINARIA, EQUIPO Y BIENES TANGIBLES",0,0,0,0,23/09/2026 23:17,1,1,1,60.8,Alto
20602842330,CONSULTORIA & CONSTRUCCION GRUPO PERGOLA S.A.C.,-,2024,LA LIBERTAD,26/01/2018,26/01/2018,2018.0,6.0,0,2023,1,1,2,100000.0,1,1.0,1.0,SOCIEDAD ANONIMA CERRADA,ACTIVO,HABIDO,,LIMA/LIMA/SANTIAGO DE SURCO,Principal - 4210 - CONSTRUCCIÓN DE CARRETERAS Y VÍAS DE FERROCARRIL,2.0,Principal - 4210 - CONSTRUCCIÓN DE CARRETERAS Y VÍAS DE FERROCARRIL | Secundaria 1 - 4290 - CONSTRUCCIÓN DE OTRAS OBRAS DE INGENIERÍA CIVIL,3,0,0,0,23/09/2026 23:18,1,1,1,60.8,Alto
20605515739,INVERSIONES JUANFER E.I.R.L.,-,2024,LA LIBERTAD,14/11/2019,14/11/2019,2019.0,5.0,0,2024,0,1,1,300000.0,1,1.0,1.0,EMPRESA INDIVIDUAL DE RESP. LTDA,ACTIVO,HABIDO,,LA LIBERTAD/SANCHEZ CARRION/HUAMACHUCO,Principal - 4100 - CONSTRUCCIÓN DE EDIFICIOS,3.0,"Principal - 4100 - CONSTRUCCIÓN DE EDIFICIOS | Secundaria 1 - 4772 - VENTA AL POR MENOR DE PRODUCTOS FARMACÉUTICOS Y MÉDICOS, COSMÉTICOS Y ARTÍCULOS DE TOCADOR EN COMERCIOS ESPECIALIZADOS | Secundaria 2 - 4690 - VENTA AL POR MAYOR NO ESPECIALIZADA",0,0,0,0,23/09/2026 23:23,1,1,1,60.8,Alto
20606265892,MESCO INGENIEROS S.A.C.,-,2024,LA LIBERTAD,30/07/2020,04/08/2020,2020.0,4.0,0,2023,1,1,1,2000765977.94,1,0.0,0.0,SOCIEDAD ANONIMA CERRADA,ACTIVO,HABIDO,,LIMA/LIMA/SANTIAGO DE SURCO,Principal - 4100 - CONSTRUCCIÓN DE EDIFICIOS,2.0,Principal - 4100 - CONSTRUCCIÓN DE EDIFICIOS | Secundaria 2 - 7020 - ACTIVIDADES DE CONSULTORÍA DE GESTIÓN,0,0,0,0,23/09/2026 23:24,1,1,1,60.8,Alto
20611394315,LC & EC CONSTRUCTORA CONSULTORA Y SERVICIOS SOCIEDAD ANONIMA CERRADA,LC & EC CONSTRUCTORA SAC,2024,LA LIBERTAD,09/08/2023,09/08/2023,2023.0,1.0,0,2024,0,1,1,100000.0,1,1.0,1.0,SOCIEDAD ANONIMA CERRADA,ACTIVO,HABIDO,,LIMA/LIMA/SAN ISIDRO,Principal - 4100 - CONSTRUCCIÓN DE EDIFICIOS,1.0,Principal - 4100 - CONSTRUCCIÓN DE EDIFICIOS,0,0,0,0,23/09/2026 23:30,1,1,1,60.8,Alto
10164660775,CASTILLO RUIZ JOSE HUMBERTO,-,2024,LAMBAYEQUE,19/08/1993,13/05/1993,1993.0,31.0,0,2005,19,2,1,240111921.18,2,0.0,0.0,PERSONA NATURAL CON NEGOCIO,ACTIVO,HABIDO,,PIURA/PIURA/PIURA,Principal - 4100 - CONSTRUCCIÓN DE EDIFICIOS,3.0,"Principal - 4100 - CONSTRUCCIÓN DE EDIFICIOS | Secundaria 1 - 4220 - CONSTRUCCIÓN DE PROYECTOS DE SERVICIO PÚBLICO | Secundaria 2 - 7730 - ALQUILER Y ARRENDAMIENTO DE OTROS TIPOS DE MAQUINARIA, EQUIPO Y BIENES TANGIBLES",0,0,0,0,23/09/2026 22:05,1,1,1,64.4,Alto
20164843263,GOBAR CONSTRUCCIONES S.R.L.,-,2024,LAMBAYEQUE,09/07/2014,01/07/2014,2014.0,10.0,0,2024,0,1,1,100000.0,1,1.0,1.0,SOC.COM.RESPONS. LTDA,ACTIVO,HABIDO,,LIMA/LIMA/ATE,Principal - 4100 - CONSTRUCCIÓN DE EDIFICIOS,3.0,"Principal - 4100 - CONSTRUCCIÓN DE EDIFICIOS | Secundaria 1 - 7730 - ALQUILER Y ARRENDAMIENTO DE OTROS TIPOS DE MAQUINARIA, EQUIPO Y BIENES TANGIBLES | Secundaria 2 - 4663 - VENTA AL POR MAYOR DE MATERIALES DE CONSTRUCCIÓN, ARTÍCULOS DE FERRETERÍA Y EQUIPO Y MATERIALES DE FONTANERÍA Y CALEFACCIÓN",0,0,0,0,23/09/2026 22:09,1,1,1,64.4,Alto
20445200019,CONSAGA INGENIEROS CONTRATISTAS GENERALES S.R.L.,-,2024,LAMBAYEQUE,14/02/2001,01/02/2001,2001.0,23.0,0,2014,10,1,2,219897733.07,1,0.0,0.0,SOC.COM.RESPONS. LTDA,ACTIVO,HABIDO,,LIMA/LIMA/RIMAC,Principal - 4100 - CONSTRUCCIÓN DE EDIFICIOS,3.0,"Principal - 4100 - CONSTRUCCIÓN DE EDIFICIOS | Secundaria 1 - 4210 - CONSTRUCCIÓN DE CARRETERAS Y VÍAS DE FERROCARRIL | Secundaria 2 - 4741 - VENTA AL POR MENOR DE ORDENADORES, EQUIPO PERIFÉRICO, PROGRAMA DE INFORM. Y EQU. DE TELEC. EN COMERCIOS ESPECIALIZADOS",0,0,0,0,23/09/2026 22:17,1,1,1,64.4,Alto
20480403496,BETA KONCRET SAC.,BEKSAC,2024,LAMBAYEQUE,11/06/2008,01/06/2008,2008.0,16.0,0,2011,13,3,2,168846560.66,3,0.0,0.0,SOCIEDAD ANONIMA CERRADA,ACTIVO,HABIDO,,LIMA/LIMA/SAN ISIDRO,Principal - 4210 - CONSTRUCCIÓN DE CARRETERAS Y VÍAS DE FERROCARRIL,3.0,"Principal - 4210 - CONSTRUCCIÓN DE CARRETERAS Y VÍAS DE FERROCARRIL | Secundaria 1 - 4390 - OTRAS ACTIVIDADES ESPECIALIZADAS DE CONSTRUCCIÓN | Secundaria 2 - 7730 - ALQUILER Y ARRENDAMIENTO DE OTROS TIPOS DE MAQUINARIA, EQUIPO Y BIENES TANGIBLES",0,0,0,0,23/09/2026 22:23,1,1,1,64.4,Alto
20487698882,CONSTRUCTORA VALLE GRANDE S.R.L.,-,2024,LAMBAYEQUE,22/06/2011,01/06/2011,2011.0,13.0,0,2024,0,1,1,500000.0,1,1.0,1.0,SOC.COM.RESPONS. LTDA,ACTIVO,HABIDO,,LAMBAYEQUE/CHICLAYO/CHICLAYO,"Principal - 7730 - ALQUILER Y ARRENDAMIENTO DE OTROS TIPOS DE MAQUINARIA, EQUIPO Y BIENES TANGIBLES",3.0,"Principal - 7730 - ALQUILER Y ARRENDAMIENTO DE OTROS TIPOS DE MAQUINARIA, EQUIPO Y BIENES TANGIBLES | Secundaria 1 - 4210 - CONSTRUCCIÓN DE CARRETERAS Y VÍAS DE FERROCARRIL | Secundaria 2 - 4100 - CONSTRUCCIÓN DE EDIFICIOS",0,0,0,0,23/09/2026 22:29,1,1,1,64.4,Alto
20487931854,SERVICIOS DE INGENIERIA LOS ANDES SAC,-,2024,LAMBAYEQUE,06/03/2012,01/08/2012,2012.0,12.0,0,2022,2,1,1,400000.0,1,0.0,0.0,SOCIEDAD ANONIMA CERRADA,ACTIVO,HABIDO,,LAMBAYEQUE/LAMBAYEQUE/LAMBAYEQUE,Principal - 7110 - ACTIVIDADES DE ARQUITECTURA E INGENIERÍA Y ACTIVIDADES CONEXAS DE CONSULTORÍA TÉCNICA,2.0,Principal - 7110 - ACTIVIDADES DE ARQUITECTURA E INGENIERÍA Y ACTIVIDADES CONEXAS DE CONSULTORÍA TÉCNICA | Secundaria 1 - 4390 - OTRAS ACTIVIDADES ESPECIALIZADAS DE CONSTRUCCIÓN,0,0,0,0,23/09/2026 22:29,1,1,1,64.4,Alto
20488351398,VIMCE S.R.L.,EMP. CONST.VIMCE S.R.L.,2024,LAMBAYEQUE,22/05/2000,01/06/2000,2000.0,24.0,0,2005,19,1,1,70079760.7,1,0.0,0.0,SOC.COM.RESPONS. LTDA,ACTIVO,HABIDO,,ANCASH/HUARAZ/HUARAZ,Principal - 4290 - CONSTRUCCIÓN DE OTRAS OBRAS DE INGENIERÍA CIVIL,3.0,Principal - 4290 - CONSTRUCCIÓN DE OTRAS OBRAS DE INGENIERÍA CIVIL | Secundaria 1 - 7710 - ALQUILER Y ARRENDAMIENTO DE VEHÍCULOS AUTOMOTORES | Secundaria 2 - 4923 - TRANSPORTE DE CARGA POR CARRETERA,0,0,0,0,23/09/2026 22:30,1,1,1,64.4,Alto
20491656761,FEDECO CONTRATISTAS GENERALES SOCIEDAD ANÓNIMA CERRADA,FEDECO SAC,2024,LAMBAYEQUE,03/02/2010,01/02/2010,2010.0,14.0,0,2015,9,2,2,154954475.34,2,0.0,0.0,SOCIEDAD ANONIMA CERRADA,ACTIVO,HABIDO,,CAJAMARCA/CHOTA/CHOTA,Principal - 4220 - CONSTRUCCIÓN DE PROYECTOS DE SERVICIO PÚBLICO,3.0,"Principal - 4220 - CONSTRUCCIÓN DE PROYECTOS DE SERVICIO PÚBLICO | Secundaria 1 - 4923 - TRANSPORTE DE CARGA POR CARRETERA | Secundaria 2 - 4663 - VENTA AL POR MAYOR DE MATERIALES DE CONSTRUCCIÓN, ARTÍCULOS DE FERRETERÍA Y EQUIPO Y MATERIALES DE FONTANERÍA Y CALEFACCIÓN",0,0,0,0,23/09/2026 22:33,1,1,1,64.4,Alto
20495669301,LA PALMA SAC,-,2024,LAMBAYEQUE,28/03/2005,01/04/2005,2005.0,19.0,0,2024,0,1,1,100000.0,1,1.0,1.0,SOCIEDAD ANONIMA CERRADA,ACTIVO,HABIDO,,CAJAMARCA/CHOTA/CHOTA,Principal - 7110 - ACTIVIDADES DE ARQUITECTURA E INGENIERÍA Y ACTIVIDADES CONEXAS DE CONSULTORÍA TÉCNICA,3.0,"Principal - 7110 - ACTIVIDADES DE ARQUITECTURA E INGENIERÍA Y ACTIVIDADES CONEXAS DE CONSULTORÍA TÉCNICA | Secundaria 1 - 4663 - VENTA AL POR MAYOR DE MATERIALES DE CONSTRUCCIÓN, ARTÍCULOS DE FERRETERÍA Y EQUIPO Y MATERIALES DE FONTANERÍA Y CALEFACCIÓN | Secundaria 2 - 7730 - ALQUILER Y ARRENDAMIENTO DE OTROS TIPOS DE MAQUINARIA, EQUIPO Y BIENES TANGIBLES",0,0,0,0,23/09/2026 22:36,1,1,1,64.4,Alto
20495973981,PRIMSA SRL,-,2024,LAMBAYEQUE,27/09/2007,01/10/2007,2007.0,17.0,0,2018,6,1,1,100000.0,1,1.0,1.0,SOC.COM.RESPONS. LTDA,BAJA DE OFICIO,HABIDO,27/02/2026,CAJAMARCA/CELENDIN/CELENDIN,Principal - 4100 - CONSTRUCCIÓN DE EDIFICIOS,2.0,"Principal - 4100 - CONSTRUCCIÓN DE EDIFICIOS | Secundaria 1 - 7730 - ALQUILER Y ARRENDAMIENTO DE OTROS TIPOS DE MAQUINARIA, EQUIPO Y BIENES TANGIBLES",2,0,0,0,23/09/2026 22:36,1,1,1,64.4,Alto
20496149425,EMPRESA CONSTRUCTORA & SERVICIOS GENERALES AKUNTA SRL,-,2024,LAMBAYEQUE,10/12/2008,10/12/2008,2008.0,16.0,0,2024,0,2,1,58604572.85,2,0.0,0.0,SOC.COM.RESPONS. LTDA,ACTIVO,HABIDO,,CAJAMARCA/CHOTA/CHOTA,Principal - 4100 - CONSTRUCCIÓN DE EDIFICIOS,3.0,"Principal - 4100 - CONSTRUCCIÓN DE EDIFICIOS | Secundaria 1 - 7730 - ALQUILER Y ARRENDAMIENTO DE OTROS TIPOS DE MAQUINARIA, EQUIPO Y BIENES TANGIBLES | Secundaria 2 - 7110 - ACTIVIDADES DE ARQUITECTURA E INGENIERÍA Y ACTIVIDADES CONEXAS DE CONSULTORÍA TÉCNICA",0,0,0,0,23/09/2026 22:36,1,1,1,64.4,Alto
20515422154,CONSTRUCTORA COPER S.A.C.,-,2024,LAMBAYEQUE,08/03/2007,08/03/2007,2007.0,17.0,0,2023,1,1,3,100095766.69,1,0.0,0.0,SOCIEDAD ANONIMA CERRADA,ACTIVO,HABIDO,,LIMA/LIMA/PUENTE PIEDRA,Principal - 4220 - CONSTRUCCIÓN DE PROYECTOS DE SERVICIO PÚBLICO,3.0,"Principal - 4220 - CONSTRUCCIÓN DE PROYECTOS DE SERVICIO PÚBLICO | Secundaria 1 - 4210 - CONSTRUCCIÓN DE CARRETERAS Y VÍAS DE FERROCARRIL | Secundaria 2 - 7730 - ALQUILER Y ARRENDAMIENTO DE OTROS TIPOS DE MAQUINARIA, EQUIPO Y BIENES TANGIBLES",0,0,0,0,23/09/2026 22:39,1,1,1,64.4,Alto
20517562158,CONSTRUCTORA & INMOBILIARIA SAGITARIO Y ASOCIADOS S.A.C. - SAGITARIO & ASOCIADOS S.A.C.,-,2024,LAMBAYEQUE,19/11/2007,19/11/2007,2007.0,17.0,0,2022,2,1,1,1417200052.37,1,0.0,0.0,SOCIEDAD ANONIMA CERRADA,ACTIVO,HABIDO,,LIMA/LIMA/LIMA,Principal - 4100 - CONSTRUCCIÓN DE EDIFICIOS,3.0,"Principal - 4100 - CONSTRUCCIÓN DE EDIFICIOS | Secundaria 1 - 4641 - VENTA AL POR MAYOR DE PRODUCTOS TEXTILES, PRENDAS DE VESTIR Y CALZADO | Secundaria 2 - 4210 - CONSTRUCCIÓN DE CARRETERAS Y VÍAS DE FERROCARRIL",4,2,0,0,23/09/2026 22:39,1,1,1,64.4,Alto
20525333923,SERVAN CONTRATISTAS GENERALES S.R.L,-,2024,LAMBAYEQUE,22/06/2006,22/06/2006,2006.0,18.0,0,2010,14,1,2,197163296.76,1,0.0,0.0,SOC.COM.RESPONS. LTDA,ACTIVO,HABIDO,,LIMA/LIMA/MIRAFLORES,Principal - 4100 - CONSTRUCCIÓN DE EDIFICIOS,3.0,"Principal - 4100 - CONSTRUCCIÓN DE EDIFICIOS | Secundaria 1 - 4923 - TRANSPORTE DE CARGA POR CARRETERA | Secundaria 2 - 4752 - VENTA AL POR MENOR DE ARTÍCULOS DE FERRETERÍA, PINTURAS Y PRODUCTOS DE VIDRIO EN COMERCIOS ESPECIALIZADOS",0,0,0,0,23/09/2026 22:40,1,1,1,64.4,Alto
20525909221,CONSTRUCTORA Y SERVICIOS GENERALES VISAP SOCIEDAD ANONIMA CERRADA,-,2024,LAMBAYEQUE,08/05/2009,08/05/2009,2009.0,15.0,0,2011,13,1,1,46869416.24,1,0.0,0.0,SOCIEDAD ANONIMA CERRADA,ACTIVO,HABIDO,,PIURA/PIURA/CASTILLA,Principal - 4100 - CONSTRUCCIÓN DE EDIFICIOS,3.0,"Principal - 4100 - CONSTRUCCIÓN DE EDIFICIOS | Secundaria 1 - 4663 - VENTA AL POR MAYOR DE MATERIALES DE CONSTRUCCIÓN, ARTÍCULOS DE FERRETERÍA Y EQUIPO Y MATERIALES DE FONTANERÍA Y CALEFACCIÓN | Secundaria 2 - 7020 - ACTIVIDADES DE CONSULTORÍA DE GESTIÓN",1,0,0,0,23/09/2026 22:41,1,1,1,64.4,Alto
20534166240,SCORPION CONTRATISTAS GENERALES S.A.C.,-,2024,LAMBAYEQUE,26/06/2019,01/07/2019,2019.0,5.0,0,2020,4,1,3,37096894.14,1,0.0,0.0,SOCIEDAD ANONIMA CERRADA,ACTIVO,HABIDO,,LIMA/LIMA/LOS OLIVOS,Principal - 4210 - CONSTRUCCIÓN DE CARRETERAS Y VÍAS DE FERROCARRIL,3.0,"Principal - 4210 - CONSTRUCCIÓN DE CARRETERAS Y VÍAS DE FERROCARRIL | Secundaria 1 - 4663 - VENTA AL POR MAYOR DE MATERIALES DE CONSTRUCCIÓN, ARTÍCULOS DE FERRETERÍA Y EQUIPO Y MATERIALES DE FONTANERÍA Y CALEFACCIÓN | Secundaria 2 - 7730 - ALQUILER Y ARRENDAMIENTO DE OTROS TIPOS DE MAQUINARIA, EQUIPO Y BIENES TANGIBLES",0,0,0,0,23/09/2026 22:50,1,1,1,64.4,Alto
20536612972,CMO GROUP S.A.C.,-,2024,LAMBAYEQUE,25/06/2010,10/02/2011,2011.0,13.0,0,2012,12,1,5,819662336.32,1,0.0,0.0,SOCIEDAD ANONIMA CERRADA,ACTIVO,HABIDO,,LIMA/LIMA/MIRAFLORES,Principal - 4100 - CONSTRUCCIÓN DE EDIFICIOS,2.0,Principal - 4100 - CONSTRUCCIÓN DE EDIFICIOS | Secundaria 1 - 3313 - REPARACIÓN DE EQUIPO ELECTRÓNICO Y ÓPTICO,1,0,0,0,23/09/2026 22:52,1,1,1,64.4,Alto
20539023323,CONSTRUCTORA Y CONSULTORA HCB SAC,-,2024,LAMBAYEQUE,12/01/2013,01/01/2013,2013.0,11.0,0,2019,5,4,1,52541211.6,4,0.0,0.0,SOCIEDAD ANONIMA CERRADA,ACTIVO,HABIDO,,LAMBAYEQUE/CHICLAYO/CHICLAYO,Principal - 4220 - CONSTRUCCIÓN DE PROYECTOS DE SERVICIO PÚBLICO,3.0,"Principal - 4220 - CONSTRUCCIÓN DE PROYECTOS DE SERVICIO PÚBLICO | Secundaria 1 - 4923 - TRANSPORTE DE CARGA POR CARRETERA | Secundaria 2 - 4663 - VENTA AL POR MAYOR DE MATERIALES DE CONSTRUCCIÓN, ARTÍCULOS DE FERRETERÍA Y EQUIPO Y MATERIALES DE FONTANERÍA Y CALEFACCIÓN",0,0,0,0,23/09/2026 22:52,1,1,1,64.4,Alto
20540071595,ARLED S.A.C.,-,2024,LAMBAYEQUE,22/03/2013,22/03/2013,2013.0,11.0,0,2024,0,1,1,100000.0,1,1.0,1.0,SOCIEDAD ANONIMA CERRADA,ACTIVO,HABIDO,,LAMBAYEQUE/CHICLAYO/CHICLAYO,Principal - 7110 - ACTIVIDADES DE ARQUITECTURA E INGENIERÍA Y ACTIVIDADES CONEXAS DE CONSULTORÍA TÉCNICA,3.0,"Principal - 7110 - ACTIVIDADES DE ARQUITECTURA E INGENIERÍA Y ACTIVIDADES CONEXAS DE CONSULTORÍA TÉCNICA | Secundaria 1 - 4100 - CONSTRUCCIÓN DE EDIFICIOS | Secundaria 2 - 4663 - VENTA AL POR MAYOR DE MATERIALES DE CONSTRUCCIÓN, ARTÍCULOS DE FERRETERÍA Y EQUIPO Y MATERIALES DE FONTANERÍA Y CALEFACCIÓN",2,0,0,0,23/09/2026 22:53,1,1,1,64.4,Alto
20542072637,CONSTRUCTORA ROMASI S.A.C.,-,2024,LAMBAYEQUE,05/01/2011,05/01/2011,2011.0,13.0,0,2020,4,1,1,500000.0,1,1.0,1.0,SOCIEDAD ANONIMA CERRADA,ACTIVO,HABIDO,,AMAZONAS/CHACHAPOYAS/CHACHAPOYAS,Principal - 4290 - CONSTRUCCIÓN DE OTRAS OBRAS DE INGENIERÍA CIVIL,3.0,"Principal - 4290 - CONSTRUCCIÓN DE OTRAS OBRAS DE INGENIERÍA CIVIL | Secundaria 1 - 7110 - ACTIVIDADES DE ARQUITECTURA E INGENIERÍA Y ACTIVIDADES CONEXAS DE CONSULTORÍA TÉCNICA | Secundaria 2 - 7730 - ALQUILER Y ARRENDAMIENTO DE OTROS TIPOS DE MAQUINARIA, EQUIPO Y BIENES TANGIBLES",0,0,0,0,23/09/2026 22:54,1,1,1,64.4,Alto
20542350033,ROIS OBRAS CIVILES S.A.C.,ROIS OBRAS CIVILES,2024,LAMBAYEQUE,06/12/2017,06/12/2017,2017.0,7.0,0,2024,0,1,3,203925490.74,1,0.0,0.0,SOCIEDAD ANONIMA CERRADA,ACTIVO,HABIDO,,SAN MARTIN/RIOJA/RIOJA,Principal - 4100 - CONSTRUCCIÓN DE EDIFICIOS,3.0,"Principal - 4100 - CONSTRUCCIÓN DE EDIFICIOS | Secundaria 1 - 4923 - TRANSPORTE DE CARGA POR CARRETERA | Secundaria 2 - 7730 - ALQUILER Y ARRENDAMIENTO DE OTROS TIPOS DE MAQUINARIA, EQUIPO Y BIENES TANGIBLES",1,0,0,0,23/09/2026 22:55,1,1,1,64.4,Alto
20560168994,CONSTRUCTORA Y CONSULTORA INPERA S.A.C,-,2024,LAMBAYEQUE,07/11/2014,07/11/2014,2014.0,10.0,0,2023,1,2,3,39727024.78,2,0.0,0.0,SOCIEDAD ANONIMA CERRADA,ACTIVO,HABIDO,,LAMBAYEQUE/LAMBAYEQUE/LAMBAYEQUE,Principal - 4100 - CONSTRUCCIÓN DE EDIFICIOS,3.0,Principal - 4100 - CONSTRUCCIÓN DE EDIFICIOS | Secundaria 1 - 4923 - TRANSPORTE DE CARGA POR CARRETERA | Secundaria 2 - 7110 - ACTIVIDADES DE ARQUITECTURA E INGENIERÍA Y ACTIVIDADES CONEXAS DE CONSULTORÍA TÉCNICA,0,0,0,0,23/09/2026 22:58,1,1,1,64.4,Alto
20561126934,SIE AMERICA S.A.C.,-,2024,LAMBAYEQUE,28/02/2017,28/02/2017,2017.0,7.0,0,2024,0,2,1,878285.1,2,2.0,1.0,SOCIEDAD ANONIMA CERRADA,ACTIVO,HABIDO,,LAMBAYEQUE/CHICLAYO/PIMENTEL,Principal - 4220 - CONSTRUCCIÓN DE PROYECTOS DE SERVICIO PÚBLICO,3.0,Principal - 4220 - CONSTRUCCIÓN DE PROYECTOS DE SERVICIO PÚBLICO | Secundaria 1 - 7110 - ACTIVIDADES DE ARQUITECTURA E INGENIERÍA Y ACTIVIDADES CONEXAS DE CONSULTORÍA TÉCNICA | Secundaria 2 - 7820 - ACTIVIDADES DE AGENCIAS DE EMPLEO TEMPORAL,0,0,0,0,23/09/2026 22:58,1,1,1,64.4,Alto
20571505488,GRUPO CONSTRUCTOR HAZ Y HNOS LA S.R.L.,-,2024,LAMBAYEQUE,26/06/2013,01/07/2013,2013.0,11.0,0,2018,6,1,1,74024083.53,1,0.0,0.0,SOC.COM.RESPONS. LTDA,ACTIVO,HABIDO,,LIMA/LIMA/LOS OLIVOS,Principal - 4100 - CONSTRUCCIÓN DE EDIFICIOS,3.0,Principal - 4100 - CONSTRUCCIÓN DE EDIFICIOS | Secundaria 1 - 4210 - CONSTRUCCIÓN DE CARRETERAS Y VÍAS DE FERROCARRIL | Secundaria 2 - 8129 - OTRAS ACTIVIDADES DE LIMPIEZA DE EDIFICIOS Y DE INSTALACIONES INDUSTRIALES,1,1,0,0,23/09/2026 23:02,1,1,1,64.4,Alto
20600721179,CORPORACION ALJAR SAC,-,2024,LAMBAYEQUE,07/10/2015,01/10/2015,2015.0,9.0,0,2021,3,2,2,112959729.78,2,0.0,0.0,SOCIEDAD ANONIMA CERRADA,ACTIVO,HABIDO,,LAMBAYEQUE/CHICLAYO/CHICLAYO,Principal - 4100 - CONSTRUCCIÓN DE EDIFICIOS,3.0,"Principal - 4100 - CONSTRUCCIÓN DE EDIFICIOS | Secundaria 1 - 4330 - TERMINACIÓN Y ACABADO DE EDIFICIOS | Secundaria 2 - 7730 - ALQUILER Y ARRENDAMIENTO DE OTROS TIPOS DE MAQUINARIA, EQUIPO Y BIENES TANGIBLES",0,0,0,0,23/09/2026 23:10,1,1,1,64.4,Alto
20601642604,GRUPO EMPRESARIAL ORSU HNOS NEGOCIOS CONSTRUCCIONES & SERVICIOS S.A.C.,ORSU CONSTRUCTION,2024,LAMBAYEQUE,10/11/2016,01/11/2016,2016.0,8.0,0,2024,0,1,1,5438758.61,1,0.0,0.0,SOCIEDAD ANONIMA CERRADA,ACTIVO,HABIDO,,LAMBAYEQUE/CHICLAYO/CHICLAYO,Principal - 4100 - CONSTRUCCIÓN DE EDIFICIOS,3.0,Principal - 4100 - CONSTRUCCIÓN DE EDIFICIOS | Secundaria 1 - 4290 - CONSTRUCCIÓN DE OTRAS OBRAS DE INGENIERÍA CIVIL | Secundaria 2 - 4330 - TERMINACIÓN Y ACABADO DE EDIFICIOS,1,0,0,0,23/09/2026 23:14,1,1,1,64.4,Alto
20602126120,QURMAQ SOCIEDAD ANONIMA CERRADA,-,2024,LAMBAYEQUE,16/05/2017,01/05/2017,2017.0,7.0,0,2024,0,2,1,21801832.0,2,0.0,0.0,SOCIEDAD ANONIMA CERRADA,ACTIVO,HABIDO,,LAMBAYEQUE/CHICLAYO/CHICLAYO,Principal - 4100 - CONSTRUCCIÓN DE EDIFICIOS,3.0,Principal - 4100 - CONSTRUCCIÓN DE EDIFICIOS | Secundaria 1 - 4220 - CONSTRUCCIÓN DE PROYECTOS DE SERVICIO PÚBLICO | Secundaria 2 - 7110 - ACTIVIDADES DE ARQUITECTURA E INGENIERÍA Y ACTIVIDADES CONEXAS DE CONSULTORÍA TÉCNICA,0,0,0,0,23/09/2026 23:15,1,1,1,64.4,Alto
20602698409,CONSTRUCTORA A & G GROUP S.A.C.,A&G GROUP SAC,2024,LAMBAYEQUE,11/12/2017,01/12/2017,2017.0,7.0,0,2021,3,2,1,6168049.53,2,1.0,0.5,SOCIEDAD ANONIMA CERRADA,ACTIVO,HABIDO,,LAMBAYEQUE/CHICLAYO/CHICLAYO,Principal - 4100 - CONSTRUCCIÓN DE EDIFICIOS,3.0,Principal - 4100 - CONSTRUCCIÓN DE EDIFICIOS | Secundaria 1 - 4210 - CONSTRUCCIÓN DE CARRETERAS Y VÍAS DE FERROCARRIL | Secundaria 2 - 7710 - ALQUILER Y ARRENDAMIENTO DE VEHÍCULOS AUTOMOTORES,0,0,0,0,23/09/2026 23:17,1,1,1,64.4,Alto
20603025301,VALUVA GRUPO EMPRESARIAL SOCIEDAD ANONIMA CERRADA,VALUVA GRUPO EMPRESARIAL S.A.C,2024,LAMBAYEQUE,21/03/2018,01/03/2018,2018.0,6.0,0,2018,6,1,1,100000.0,1,1.0,1.0,SOCIEDAD ANONIMA CERRADA,SUSPENSION TEMPORAL,HABIDO,,LAMBAYEQUE/CHICLAYO/CHICLAYO,Principal - 7110 - ACTIVIDADES DE ARQUITECTURA E INGENIERÍA Y ACTIVIDADES CONEXAS DE CONSULTORÍA TÉCNICA,2.0,Principal - 7110 - ACTIVIDADES DE ARQUITECTURA E INGENIERÍA Y ACTIVIDADES CONEXAS DE CONSULTORÍA TÉCNICA | Secundaria 1 - 4100 - CONSTRUCCIÓN DE EDIFICIOS,0,0,0,0,23/09/2026 23:18,1,1,1,64.4,Alto
20604451648,CONSULTORA Y CONSTRUCTORA JUANITA JRV S.A.C.,-,2024,LAMBAYEQUE,26/03/2019,01/03/2019,2019.0,5.0,0,2021,3,1,1,83723910.0,1,0.0,0.0,SOCIEDAD ANONIMA CERRADA,ACTIVO,HABIDO,,CAJAMARCA/JAEN/JAEN,Principal - 7110 - ACTIVIDADES DE ARQUITECTURA E INGENIERÍA Y ACTIVIDADES CONEXAS DE CONSULTORÍA TÉCNICA,3.0,Principal - 7110 - ACTIVIDADES DE ARQUITECTURA E INGENIERÍA Y ACTIVIDADES CONEXAS DE CONSULTORÍA TÉCNICA | Secundaria 1 - 4100 - CONSTRUCCIÓN DE EDIFICIOS | Secundaria 2 - 4923 - TRANSPORTE DE CARGA POR CARRETERA,1,0,0,0,23/09/2026 23:21,1,1,1,64.4,Alto
20604942480,COLLANTES CORPORACION S.A.C,CCOR SAC,2024,LAMBAYEQUE,02/07/2019,01/11/2019,2019.0,5.0,0,2023,1,1,1,100000.0,1,1.0,1.0,SOCIEDAD ANONIMA CERRADA,ACTIVO,HABIDO,,LAMBAYEQUE/LAMBAYEQUE/MORROPE,Principal - 7110 - ACTIVIDADES DE ARQUITECTURA E INGENIERÍA Y ACTIVIDADES CONEXAS DE CONSULTORÍA TÉCNICA,3.0,"Principal - 7110 - ACTIVIDADES DE ARQUITECTURA E INGENIERÍA Y ACTIVIDADES CONEXAS DE CONSULTORÍA TÉCNICA | Secundaria 1 - 4663 - VENTA AL POR MAYOR DE MATERIALES DE CONSTRUCCIÓN, ARTÍCULOS DE FERRETERÍA Y EQUIPO Y MATERIALES DE FONTANERÍA Y CALEFACCIÓN | Secundaria 2 - 7820 - ACTIVIDADES DE AGENCIAS DE EMPLEO TEMPORAL",2,0,0,0,23/09/2026 23:22,1,1,1,64.4,Alto
20605524649,LUNA ARQUITECTURA E INGENIERIA E.I.R.L.,-,2024,LAMBAYEQUE,15/11/2019,15/11/2019,2019.0,5.0,0,2024,0,1,1,7791289.54,1,0.0,0.0,EMPRESA INDIVIDUAL DE RESP. LTDA,ACTIVO,HABIDO,,LIMA/LIMA/LIMA,Principal - 7110 - ACTIVIDADES DE ARQUITECTURA E INGENIERÍA Y ACTIVIDADES CONEXAS DE CONSULTORÍA TÉCNICA,1.0,Principal - 7110 - ACTIVIDADES DE ARQUITECTURA E INGENIERÍA Y ACTIVIDADES CONEXAS DE CONSULTORÍA TÉCNICA,0,0,0,0,23/09/2026 23:23,1,1,1,64.4,Alto
20607488003,GRUPO EMPRESARIAL ORFA NEGOCIOS CONSTRUCCIONES & SERVICIOS S.A.C.,ORFA NORTE SAC,2024,LAMBAYEQUE,18/02/2021,19/02/2021,2021.0,3.0,0,2024,0,1,1,10163463.59,1,0.0,0.0,SOCIEDAD ANONIMA CERRADA,ACTIVO,HABIDO,,LAMBAYEQUE/CHICLAYO/CHICLAYO,"Principal - 4663 - VENTA AL POR MAYOR DE MATERIALES DE CONSTRUCCIÓN, ARTÍCULOS DE FERRETERÍA Y EQUIPO Y MATERIALES DE FONTANERÍA Y CALEFACCIÓN",3.0,"Principal - 4663 - VENTA AL POR MAYOR DE MATERIALES DE CONSTRUCCIÓN, ARTÍCULOS DE FERRETERÍA Y EQUIPO Y MATERIALES DE FONTANERÍA Y CALEFACCIÓN | Secundaria 1 - 4290 - CONSTRUCCIÓN DE OTRAS OBRAS DE INGENIERÍA CIVIL | Secundaria 2 - 4100 - CONSTRUCCIÓN DE EDIFICIOS",0,0,0,0,23/09/2026 23:26,1,1,1,64.4,Alto
99000035293,,,2024,LAMBAYEQUE,,,,,0,2023,1,1,3,100000.0,1,1.0,1.0,,,,,,,,,2,0,0,0,,0,1,1,64.4,Alto
20298049822,3T CONTRATISTAS GENERALES S.R.L.,-,2024,LIMA,16/09/2024,16/09/2024,2024.0,0.0,0,2011,13,1,1,81031841.2,1,0.0,0.0,SOC.COM.RESPONS. LTDA,ACTIVO,HABIDO,,LIMA/LIMA/MIRAFLORES,Principal - 4390 - OTRAS ACTIVIDADES ESPECIALIZADAS DE CONSTRUCCIÓN,1.0,Principal - 4390 - OTRAS ACTIVIDADES ESPECIALIZADAS DE CONSTRUCCIÓN,0,0,0,0,23/09/2026 22:10,1,1,1,63.2,Alto
20300116192,VACHAVEZ- CONTRATISTAS GENERALES SOCIEDAD COMERCIAL DE RESPONSABILIDAD LIMITADA-VACHAVEZ-C.G. S.R.L.,VACHAVEZ CONTRATISTAS,2024,LIMA,07/02/1996,15/02/1996,1996.0,28.0,0,2011,13,1,1,100553691.92,1,0.0,0.0,SOC.COM.RESPONS. LTDA,ACTIVO,HABIDO,,LIMA/LIMA/SAN MARTIN DE PORRES,Principal - 4923 - TRANSPORTE DE CARGA POR CARRETERA,3.0,"Principal - 4923 - TRANSPORTE DE CARGA POR CARRETERA | Secundaria 1 - 7730 - ALQUILER Y ARRENDAMIENTO DE OTROS TIPOS DE MAQUINARIA, EQUIPO Y BIENES TANGIBLES | Secundaria 2 - 4100 - CONSTRUCCIÓN DE EDIFICIOS",0,0,0,0,23/09/2026 22:10,1,1,1,63.2,Alto
20393340208,DAYAN CONTRATISTAS S.A.C.,-,2024,LIMA,02/04/2007,02/04/2007,2007.0,17.0,0,2018,6,1,2,6041337.41,1,0.0,0.0,SOCIEDAD ANONIMA CERRADA,ACTIVO,HABIDO,,UCAYALI/CORONEL PORTILLO/CALLERIA,Principal - 4100 - CONSTRUCCIÓN DE EDIFICIOS,2.0,"Principal - 4100 - CONSTRUCCIÓN DE EDIFICIOS | Secundaria 1 - 4663 - VENTA AL POR MAYOR DE MATERIALES DE CONSTRUCCIÓN, ARTÍCULOS DE FERRETERÍA Y EQUIPO Y MATERIALES DE FONTANERÍA Y CALEFACCIÓN",0,0,0,0,23/09/2026 22:12,1,1,1,63.2,Alto
20393667894,CONSTRUCTORA Y SERVICIOS GENERALES JJT S.R.L.,COSERGE JJT S.R.L.,2024,LIMA,25/02/2011,25/02/2011,2011.0,13.0,0,2015,9,1,1,32380654.84,1,0.0,0.0,SOC.COM.RESPONS. LTDA,ACTIVO,HABIDO,,UCAYALI/CORONEL PORTILLO/YARINACOCHA,"Principal - 7730 - ALQUILER Y ARRENDAMIENTO DE OTROS TIPOS DE MAQUINARIA, EQUIPO Y BIENES TANGIBLES",3.0,"Principal - 7730 - ALQUILER Y ARRENDAMIENTO DE OTROS TIPOS DE MAQUINARIA, EQUIPO Y BIENES TANGIBLES | Secundaria 1 - 0810 - EXTRACCIÓN DE PIEDRA, ARENA Y ARCILLA | Secundaria 2 - 4210 - CONSTRUCCIÓN DE CARRETERAS Y VÍAS DE FERROCARRIL",1,0,0,0,23/09/2026 22:13,1,1,1,63.2,Alto
20408010498,MUSAG CONSTRUCTORES S.A.C.,-,2024,LIMA,30/10/2009,01/11/2009,2009.0,15.0,0,2022,2,1,1,6889204.0,1,0.0,0.0,SOCIEDAD ANONIMA CERRADA,ACTIVO,HABIDO,,ANCASH/HUARAZ/INDEPENDENCIA,Principal - 4290 - CONSTRUCCIÓN DE OTRAS OBRAS DE INGENIERÍA CIVIL,3.0,Principal - 4290 - CONSTRUCCIÓN DE OTRAS OBRAS DE INGENIERÍA CIVIL | Secundaria 1 - 7110 - ACTIVIDADES DE ARQUITECTURA E INGENIERÍA Y ACTIVIDADES CONEXAS DE CONSULTORÍA TÉCNICA | Secundaria 2 - 4390 - OTRAS ACTIVIDADES ESPECIALIZADAS DE CONSTRUCCIÓN,0,0,0,0,23/09/2026 22:15,1,1,1,63.2,Alto
20445200019,CONSAGA INGENIEROS CONTRATISTAS GENERALES S.R.L.,-,2024,LIMA,14/02/2001,01/02/2001,2001.0,23.0,0,2014,10,2,2,219897733.07,2,0.0,0.0,SOC.COM.RESPONS. LTDA,ACTIVO,HABIDO,,LIMA/LIMA/RIMAC,Principal - 4100 - CONSTRUCCIÓN DE EDIFICIOS,3.0,"Principal - 4100 - CONSTRUCCIÓN DE EDIFICIOS | Secundaria 1 - 4210 - CONSTRUCCIÓN DE CARRETERAS Y VÍAS DE FERROCARRIL | Secundaria 2 - 4741 - VENTA AL POR MENOR DE ORDENADORES, EQUIPO PERIFÉRICO, PROGRAMA DE INFORM. Y EQU. DE TELEC. EN COMERCIOS ESPECIALIZADOS",0,0,0,0,23/09/2026 22:17,1,1,1,63.2,Alto
20445558592,CONSTRUCTORA QUIMERA S.A.C.,CONSTRUCTORA QUIMERA SAC,2024,LIMA,15/11/2006,01/11/2006,2006.0,18.0,0,2018,6,1,1,25309943.7,1,0.0,0.0,SOCIEDAD ANONIMA CERRADA,ACTIVO,HABIDO,,LIMA/LIMA/SANTIAGO DE SURCO,Principal - 7110 - ACTIVIDADES DE ARQUITECTURA E INGENIERÍA Y ACTIVIDADES CONEXAS DE CONSULTORÍA TÉCNICA,3.0,"Principal - 7110 - ACTIVIDADES DE ARQUITECTURA E INGENIERÍA Y ACTIVIDADES CONEXAS DE CONSULTORÍA TÉCNICA | Secundaria 1 - 4100 - CONSTRUCCIÓN DE EDIFICIOS | Secundaria 2 - 7730 - ALQUILER Y ARRENDAMIENTO DE OTROS TIPOS DE MAQUINARIA, EQUIPO Y BIENES TANGIBLES",1,0,0,0,23/09/2026 22:17,1,1,1,63.2,Alto
20481456712,GENESIS CONTRATISTAS GENERALES S.A.C.,-,2024,LIMA,14/12/2006,14/12/2006,2006.0,18.0,0,2012,12,2,1,100000.0,2,2.0,1.0,SOCIEDAD ANONIMA CERRADA,ACTIVO,HABIDO,,LIMA/LIMA/SAN MARTIN DE PORRES,Principal - 4210 - CONSTRUCCIÓN DE CARRETERAS Y VÍAS DE FERROCARRIL,3.0,"Principal - 4210 - CONSTRUCCIÓN DE CARRETERAS Y VÍAS DE FERROCARRIL | Secundaria 1 - 7730 - ALQUILER Y ARRENDAMIENTO DE OTROS TIPOS DE MAQUINARIA, EQUIPO Y BIENES TANGIBLES | Secundaria 2 - 4663 - VENTA AL POR MAYOR DE MATERIALES DE CONSTRUCCIÓN, ARTÍCULOS DE FERRETERÍA Y EQUIPO Y MATERIALES DE FONTANERÍA Y CALEFACCIÓN",0,0,0,0,23/09/2026 22:24,1,1,1,63.2,Alto
20482435417,ELMER PASCUAL CONTRATISTAS S.A.C.,EPCON SAC,2024,LIMA,11/01/2010,11/01/2010,2010.0,14.0,0,2013,11,1,1,3812352.24,1,0.0,0.0,SOCIEDAD ANONIMA CERRADA,ACTIVO,HABIDO,,LA LIBERTAD/TRUJILLO/HUANCHACO,Principal - 4100 - CONSTRUCCIÓN DE EDIFICIOS,3.0,"Principal - 4100 - CONSTRUCCIÓN DE EDIFICIOS | Secundaria 1 - 2511 - FABRICACION DE PRODUCTOS METALICOS PARA USO ESTRUCTURAL | Secundaria 2 - 4752 - VENTA AL POR MENOR DE ARTÍCULOS DE FERRETERÍA, PINTURAS Y PRODUCTOS DE VIDRIO EN COMERCIOS ESPECIALIZADOS",0,0,0,0,23/09/2026 22:25,1,1,1,63.2,Alto
20484107239,CONSTRUCTORA Y SERVICIOS GENERALES SULLANA S.R.L,CONSERGESUL S.R.L.,2024,LIMA,13/10/2003,13/10/2003,2003.0,21.0,0,2005,19,1,1,100000.0,1,1.0,1.0,SOC.COM.RESPONS. LTDA,BAJA DE OFICIO,NO HABIDO,31/01/2025,LIMA/LIMA/LIMA,Principal - 4290 - CONSTRUCCIÓN DE OTRAS OBRAS DE INGENIERÍA CIVIL,2.0,Principal - 4290 - CONSTRUCCIÓN DE OTRAS OBRAS DE INGENIERÍA CIVIL | Secundaria 1 - 4100 - CONSTRUCCIÓN DE EDIFICIOS,0,0,0,0,23/09/2026 22:26,1,1,1,63.2,Alto
20486743302,CONSTRUCTORA DEL CENTRO E.I.R.L.,CONCEN EIRL,2024,LIMA,18/12/2007,01/01/2008,2008.0,16.0,0,2024,0,2,3,28933255.05,2,0.0,0.0,EMPRESA INDIVIDUAL DE RESP. LTDA,ACTIVO,HABIDO,,JUNIN/TARMA/TARMA,Principal - 4290 - CONSTRUCCIÓN DE OTRAS OBRAS DE INGENIERÍA CIVIL,3.0,Principal - 4290 - CONSTRUCCIÓN DE OTRAS OBRAS DE INGENIERÍA CIVIL | Secundaria 1 - 7110 - ACTIVIDADES DE ARQUITECTURA E INGENIERÍA Y ACTIVIDADES CONEXAS DE CONSULTORÍA TÉCNICA | Secundaria 2 - 4210 - CONSTRUCCIÓN DE CARRETERAS Y VÍAS DE FERROCARRIL,1,0,0,0,23/09/2026 22:27,1,1,1,63.2,Alto
20486976404,TORRES CONTRATISTAS GENERALES E.I.R.L.,-,2024,LIMA,30/12/2008,01/01/2009,2009.0,15.0,0,2024,0,2,1,100000.0,2,2.0,1.0,EMPRESA INDIVIDUAL DE RESP. LTDA,ACTIVO,HABIDO,,JUNIN/SATIPO/RIO NEGRO,"Principal - 4663 - VENTA AL POR MAYOR DE MATERIALES DE CONSTRUCCIÓN, ARTÍCULOS DE FERRETERÍA Y EQUIPO Y MATERIALES DE FONTANERÍA Y CALEFACCIÓN",3.0,"Principal - 4663 - VENTA AL POR MAYOR DE MATERIALES DE CONSTRUCCIÓN, ARTÍCULOS DE FERRETERÍA Y EQUIPO Y MATERIALES DE FONTANERÍA Y CALEFACCIÓN | Secundaria 1 - 4390 - OTRAS ACTIVIDADES ESPECIALIZADAS DE CONSTRUCCIÓN | Secundaria 2 - 4100 - CONSTRUCCIÓN DE EDIFICIOS",0,0,0,0,23/09/2026 22:28,1,1,1,63.2,Alto
20486990903,CONSULTORA CONSTRUCTORA MONTALVAN M & K S.A.C.,-,2024,LIMA,23/01/2009,01/02/2009,2009.0,15.0,0,2018,6,1,1,100000.0,1,1.0,1.0,SOCIEDAD ANONIMA CERRADA,ACTIVO,HABIDO,,LIMA/LIMA/ATE,Principal - 4100 - CONSTRUCCIÓN DE EDIFICIOS,3.0,Principal - 4100 - CONSTRUCCIÓN DE EDIFICIOS | Secundaria 1 - 7110 - ACTIVIDADES DE ARQUITECTURA E INGENIERÍA Y ACTIVIDADES CONEXAS DE CONSULTORÍA TÉCNICA | Secundaria 2 - 1610 - ASERRADO Y ACEPILLADURA DE MADERA,2,0,0,0,23/09/2026 22:28,1,1,1,63.2,Alto
20489304687,CISMINIG DIAZ INGENIEROS S.C.R.L.,-,2024,LIMA,11/05/2012,11/05/2012,2012.0,12.0,0,2021,3,1,1,100000.0,1,1.0,1.0,SOC.COM.RESPONS. LTDA,ACTIVO,NO HABIDO,,LIMA/LIMA/BREÑA,Principal - 4100 - CONSTRUCCIÓN DE EDIFICIOS,3.0,"Principal - 4100 - CONSTRUCCIÓN DE EDIFICIOS | Secundaria 1 - 4663 - VENTA AL POR MAYOR DE MATERIALES DE CONSTRUCCIÓN, ARTÍCULOS DE FERRETERÍA Y EQUIPO Y MATERIALES DE FONTANERÍA Y CALEFACCIÓN | Secundaria 2 - 4210 - CONSTRUCCIÓN DE CARRETERAS Y VÍAS DE FERROCARRIL",0,0,0,0,23/09/2026 22:30,1,1,1,63.2,Alto
20489536979,CONSTRUCTORA Y CONSULTORA 'FISA' SOCIEDAD ANONIMA CERRADA,-,2024,LIMA,08/05/2007,05/07/2007,2007.0,17.0,0,2013,11,1,2,99122010.24,1,0.0,0.0,SOCIEDAD ANONIMA CERRADA,ACTIVO,HABIDO,,HUANUCO/HUANUCO/AMARILIS,Principal - 7110 - ACTIVIDADES DE ARQUITECTURA E INGENIERÍA Y ACTIVIDADES CONEXAS DE CONSULTORÍA TÉCNICA,3.0,Principal - 7110 - ACTIVIDADES DE ARQUITECTURA E INGENIERÍA Y ACTIVIDADES CONEXAS DE CONSULTORÍA TÉCNICA | Secundaria 1 - 4923 - TRANSPORTE DE CARGA POR CARRETERA | Secundaria 2 - 4210 - CONSTRUCCIÓN DE CARRETERAS Y VÍAS DE FERROCARRIL,0,2,0,0,23/09/2026 22:31,1,1,1,63.2,Alto
20489739900,"EMPRESA CONSTRUCTORA ""RAMOS"" SOCIEDAD COMERCIAL DE RESPONSABILIDAD LIMITADA",ECORAM S.R.L.,2024,LIMA,29/01/2009,01/02/2009,2009.0,15.0,0,2012,12,1,2,500000.0,1,1.0,1.0,SOC.COM.RESPONS. LTDA,ACTIVO,HABIDO,,PASCO/PASCO/YANACANCHA,Principal - 4100 - CONSTRUCCIÓN DE EDIFICIOS,3.0,"Principal - 4100 - CONSTRUCCIÓN DE EDIFICIOS | Secundaria 1 - 7730 - ALQUILER Y ARRENDAMIENTO DE OTROS TIPOS DE MAQUINARIA, EQUIPO Y BIENES TANGIBLES | Secundaria 2 - 4923 - TRANSPORTE DE CARGA POR CARRETERA",0,0,0,0,23/09/2026 22:32,1,1,1,63.2,Alto
20491358077,SERVICIOS FERRETEROS ALBERT S.A.C.,-,2024,LIMA,06/10/2010,05/10/2010,2010.0,14.0,0,2024,0,1,1,18053437.85,1,0.0,0.0,SOCIEDAD ANONIMA CERRADA,ACTIVO,HABIDO,,LIMA/CAÑETE/SAN VICENTE DE CAÑETE,Principal - 4923 - TRANSPORTE DE CARGA POR CARRETERA,3.0,"Principal - 4923 - TRANSPORTE DE CARGA POR CARRETERA | Secundaria 1 - 4752 - VENTA AL POR MENOR DE ARTÍCULOS DE FERRETERÍA, PINTURAS Y PRODUCTOS DE VIDRIO EN COMERCIOS ESPECIALIZADOS | Secundaria 2 - 4290 - CONSTRUCCIÓN DE OTRAS OBRAS DE INGENIERÍA CIVIL",0,0,0,0,23/09/2026 22:32,1,1,1,63.2,Alto
20495031137,GRUPO FASA S.A.C.,-,2024,LIMA,16/08/2010,16/08/2010,2010.0,14.0,0,2022,2,3,1,100000.0,3,3.0,1.0,SOCIEDAD ANONIMA CERRADA,ACTIVO,HABIDO,,ICA/ICA/ICA,Principal - 4390 - OTRAS ACTIVIDADES ESPECIALIZADAS DE CONSTRUCCIÓN,3.0,"Principal - 4390 - OTRAS ACTIVIDADES ESPECIALIZADAS DE CONSTRUCCIÓN | Secundaria 1 - 7110 - ACTIVIDADES DE ARQUITECTURA E INGENIERÍA Y ACTIVIDADES CONEXAS DE CONSULTORÍA TÉCNICA | Secundaria 2 - 4752 - VENTA AL POR MENOR DE ARTÍCULOS DE FERRETERÍA, PINTURAS Y PRODUCTOS DE VIDRIO EN COMERCIOS ESPECIALIZADOS",0,0,0,0,23/09/2026 22:35,1,1,1,63.2,Alto
20502322711,CONSTRUCTORA G.C. S.A.C.,-,2024,LIMA,13/06/2001,13/06/2001,2001.0,23.0,0,2010,14,1,1,49847654.54,1,0.0,0.0,SOCIEDAD ANONIMA CERRADA,ACTIVO,HABIDO,,LIMA/LIMA/SANTIAGO DE SURCO,Principal - 45207 - CONSTRUCCION EDIFICIOS COMPLETOS.,1.0,Principal - 45207 - CONSTRUCCION EDIFICIOS COMPLETOS.,1,0,0,0,23/09/2026 22:37,1,1,1,63.2,Alto
20502496035,NEGOCIACIONES Y REPRESENTACIONES MOLPAR'K E.I.R.L.,-,2024,LIMA,17/07/2001,23/07/2001,2001.0,23.0,0,2024,0,2,1,24505152.09,2,0.0,0.0,EMPRESA INDIVIDUAL DE RESP. LTDA,ACTIVO,HABIDO,,LIMA/LIMA/SURQUILLO,Principal - 4390 - OTRAS ACTIVIDADES ESPECIALIZADAS DE CONSTRUCCIÓN,3.0,Principal - 4390 - OTRAS ACTIVIDADES ESPECIALIZADAS DE CONSTRUCCIÓN | Secundaria 1 - 8211 - ACTIVIDADES COMBINADAS DE SERVICIOS ADMINISTRATIVOS DE OFICINA | Secundaria 2 - 5610 - ACTIVIDADES DE RESTAURANTES Y DE SERVICIO MÓVIL DE COMIDAS,0,0,0,0,23/09/2026 22:37,1,1,1,63.2,Alto
20506003351,MEJESA S.R.L.,-,2024,LIMA,19/02/2003,19/02/2003,2003.0,21.0,0,2006,18,1,1,2980477487.02,1,0.0,0.0,SOC.COM.RESPONS. LTDA,ACTIVO,HABIDO,,LIMA/LIMA/LOS OLIVOS,Principal - 4100 - CONSTRUCCIÓN DE EDIFICIOS,3.0,Principal - 4100 - CONSTRUCCIÓN DE EDIFICIOS | Secundaria 1 - 4210 - CONSTRUCCIÓN DE CARRETERAS Y VÍAS DE FERROCARRIL | Secundaria 2 - 4312 - PREPARACIÓN DEL TERRENO,5,4,0,0,23/09/2026 22:37,1,1,1,63.2,Alto
20507991662,MVR INGENIERIA Y CONSTRUCCION S.A.C.,-,2024,LIMA,30/01/2020,01/02/2020,2020.0,4.0,0,2009,15,1,1,47033522.59,1,0.0,0.0,SOCIEDAD ANONIMA CERRADA,ACTIVO,HABIDO,,LIMA/LIMA/SAN LUIS,Principal - 4100 - CONSTRUCCIÓN DE EDIFICIOS,3.0,"Principal - 4100 - CONSTRUCCIÓN DE EDIFICIOS | Secundaria 1 - 7730 - ALQUILER Y ARRENDAMIENTO DE OTROS TIPOS DE MAQUINARIA, EQUIPO Y BIENES TANGIBLES | Secundaria 2 - 4210 - CONSTRUCCIÓN DE CARRETERAS Y VÍAS DE FERROCARRIL",0,0,0,0,23/09/2026 22:38,1,1,1,63.2,Alto
20509958875,HORTELIUS INGENIEROS S.A.C,-,2024,LIMA,20/12/2004,27/01/2005,2005.0,19.0,0,2009,15,1,1,100000.0,1,1.0,1.0,SOCIEDAD ANONIMA CERRADA,ACTIVO,HABIDO,,LIMA/LIMA/SANTA ROSA,Principal - 4390 - OTRAS ACTIVIDADES ESPECIALIZADAS DE CONSTRUCCIÓN,3.0,Principal - 4390 - OTRAS ACTIVIDADES ESPECIALIZADAS DE CONSTRUCCIÓN | Secundaria 1 - 7020 - ACTIVIDADES DE CONSULTORÍA DE GESTIÓN | Secundaria 2 - 4659 - VENTA AL POR MAYOR DE OTROS TIPOS DE MAQUINARIA Y EQUIPO,0,0,0,0,23/09/2026 22:38,1,1,1,63.2,Alto
20514405442,METACONTROL S.A.C.,-,2024,LIMA,06/11/2006,06/11/2006,2006.0,18.0,0,2011,13,4,1,55545810.7,4,0.0,0.0,SOCIEDAD ANONIMA CERRADA,ACTIVO,HABIDO,,LIMA/LIMA/LOS OLIVOS,Principal - 4100 - CONSTRUCCIÓN DE EDIFICIOS,3.0,"Principal - 4100 - CONSTRUCCIÓN DE EDIFICIOS | Secundaria 1 - 4923 - TRANSPORTE DE CARGA POR CARRETERA | Secundaria 2 - 7730 - ALQUILER Y ARRENDAMIENTO DE OTROS TIPOS DE MAQUINARIA, EQUIPO Y BIENES TANGIBLES",0,0,0,0,23/09/2026 22:38,1,1,1,63.2,Alto
20515422154,CONSTRUCTORA COPER S.A.C.,-,2024,LIMA,08/03/2007,08/03/2007,2007.0,17.0,0,2023,1,1,3,100095766.69,1,0.0,0.0,SOCIEDAD ANONIMA CERRADA,ACTIVO,HABIDO,,LIMA/LIMA/PUENTE PIEDRA,Principal - 4220 - CONSTRUCCIÓN DE PROYECTOS DE SERVICIO PÚBLICO,3.0,"Principal - 4220 - CONSTRUCCIÓN DE PROYECTOS DE SERVICIO PÚBLICO | Secundaria 1 - 4210 - CONSTRUCCIÓN DE CARRETERAS Y VÍAS DE FERROCARRIL | Secundaria 2 - 7730 - ALQUILER Y ARRENDAMIENTO DE OTROS TIPOS DE MAQUINARIA, EQUIPO Y BIENES TANGIBLES",0,0,0,0,23/09/2026 22:39,1,1,1,63.2,Alto
20515485318,CORPORACION ATENEA GAALCA SAC,-,2024,LIMA,03/12/2009,15/03/2007,2007.0,17.0,0,2010,14,1,1,100000.0,1,1.0,1.0,SOCIEDAD ANONIMA CERRADA,ACTIVO,HABIDO,,LIMA/LIMA/LOS OLIVOS,Principal - 4390 - OTRAS ACTIVIDADES ESPECIALIZADAS DE CONSTRUCCIÓN,3.0,Principal - 4390 - OTRAS ACTIVIDADES ESPECIALIZADAS DE CONSTRUCCIÓN | Secundaria 1 - 7110 - ACTIVIDADES DE ARQUITECTURA E INGENIERÍA Y ACTIVIDADES CONEXAS DE CONSULTORÍA TÉCNICA | Secundaria 2 - 4210 - CONSTRUCCIÓN DE CARRETERAS Y VÍAS DE FERROCARRIL,0,0,0,0,23/09/2026 22:39,1,1,1,63.2,Alto
20516419572,CONTRATISTAS GENERALES A&L SAN PABLO S.A.C.,-,2024,LIMA,05/07/2007,05/07/2007,2007.0,17.0,0,2007,17,2,1,96360383.45,2,0.0,0.0,SOCIEDAD ANONIMA CERRADA,ACTIVO,HABIDO,,LIMA/LIMA/SANTA ROSA,Principal - 4100 - CONSTRUCCIÓN DE EDIFICIOS,3.0,Principal - 4100 - CONSTRUCCIÓN DE EDIFICIOS | Secundaria 1 - 4210 - CONSTRUCCIÓN DE CARRETERAS Y VÍAS DE FERROCARRIL | Secundaria 2 - 4923 - TRANSPORTE DE CARGA POR CARRETERA,0,0,0,0,23/09/2026 22:39,1,1,1,63.2,Alto
20517785530,CONSTRUCTORA Y CONSULTORA KMP SAC,-,2024,LIMA,13/12/2007,13/12/2007,2007.0,17.0,0,2015,9,1,1,34623696.21,1,0.0,0.0,SOCIEDAD ANONIMA CERRADA,ACTIVO,HABIDO,,LIMA/LIMA/COMAS,Principal - 4100 - CONSTRUCCIÓN DE EDIFICIOS,3.0,Principal - 4100 - CONSTRUCCIÓN DE EDIFICIOS | Secundaria 1 - 4923 - TRANSPORTE DE CARGA POR CARRETERA | Secundaria 2 - 4210 - CONSTRUCCIÓN DE CARRETERAS Y VÍAS DE FERROCARRIL,0,1,0,0,23/09/2026 22:39,1,1,1,63.2,Alto
20521479991,EMPRESA CONSTRUCTORA Y MANTENIMIENTO DE SERVICIOS EN GENERAL PEREZ S.R.L. - ECMASERG PEREZ S.R.L.,-,2024,LIMA,26/07/2012,26/07/2012,2012.0,12.0,0,2024,0,1,1,786785.5,1,1.0,1.0,SOC.COM.RESPONS. LTDA,ACTIVO,HABIDO,,LIMA/LIMA/PUENTE PIEDRA,Principal - 4390 - OTRAS ACTIVIDADES ESPECIALIZADAS DE CONSTRUCCIÓN,3.0,"Principal - 4390 - OTRAS ACTIVIDADES ESPECIALIZADAS DE CONSTRUCCIÓN | Secundaria 1 - 7110 - ACTIVIDADES DE ARQUITECTURA E INGENIERÍA Y ACTIVIDADES CONEXAS DE CONSULTORÍA TÉCNICA | Secundaria 2 - 4663 - VENTA AL POR MAYOR DE MATERIALES DE CONSTRUCCIÓN, ARTÍCULOS DE FERRETERÍA Y EQUIPO Y MATERIALES DE FONTANERÍA Y CALEFACCIÓN",0,0,0,0,23/09/2026 22:40,1,1,1,63.2,Alto
20523386469,ALTAVISTA INVERSIONES GLOBALES SOCIEDAD ANONIMA CERRADA - AIG S.A.C.,-,2024,LIMA,29/09/2009,01/10/2009,2009.0,15.0,0,2018,6,1,2,161957529.86,1,0.0,0.0,SOCIEDAD ANONIMA CERRADA,ACTIVO,HABIDO,,LIMA/LIMA/MIRAFLORES,Principal - 4100 - CONSTRUCCIÓN DE EDIFICIOS,3.0,"Principal - 4100 - CONSTRUCCIÓN DE EDIFICIOS | Secundaria 1 - 4290 - CONSTRUCCIÓN DE OTRAS OBRAS DE INGENIERÍA CIVIL | Secundaria 2 - 7730 - ALQUILER Y ARRENDAMIENTO DE OTROS TIPOS DE MAQUINARIA, EQUIPO Y BIENES TANGIBLES",0,1,0,0,23/09/2026 22:40,1,1,1,63.2,Alto
20529066521,RONY DIAZ CONTRATISTAS EMPRESA INDIVIDUAL DE RESPONSABILIDAD LIMITADA,-,2024,LIMA,02/06/2010,02/06/2010,2010.0,14.0,0,2014,10,1,3,120813293.51,1,0.0,0.0,EMPRESA INDIVIDUAL DE RESP. LTDA,ACTIVO,HABIDO,,LIMA/LIMA/BREÑA,Principal - 4923 - TRANSPORTE DE CARGA POR CARRETERA,3.0,Principal - 4923 - TRANSPORTE DE CARGA POR CARRETERA | Secundaria 1 - 4100 - CONSTRUCCIÓN DE EDIFICIOS | Secundaria 2 - 4210 - CONSTRUCCIÓN DE CARRETERAS Y VÍAS DE FERROCARRIL,0,0,0,0,23/09/2026 22:44,1,1,1,63.2,Alto
20529202998,CONSTRUCTORA MINERA DE SERVICIOS MULTIPLES SANTANA SOCIEDAD ANONIMA CERRADA,COMISEMS S.A.C.,2024,LIMA,07/04/2011,07/04/2011,2011.0,13.0,0,2013,11,2,4,49791999.33,2,0.0,0.0,SOCIEDAD ANONIMA CERRADA,ACTIVO,HABIDO,,LIMA/LIMA/SAN LUIS,Principal - 4210 - CONSTRUCCIÓN DE CARRETERAS Y VÍAS DE FERROCARRIL,3.0,Principal - 4210 - CONSTRUCCIÓN DE CARRETERAS Y VÍAS DE FERROCARRIL | Secundaria 1 - 5590 - OTRAS ACTIVIDADES DE ALOJAMIENTO | Secundaria 2 - 4390 - OTRAS ACTIVIDADES ESPECIALIZADAS DE CONSTRUCCIÓN,0,0,0,0,23/09/2026 22:45,1,1,1,63.2,Alto
20531049838,CONSTRUCTORA RASYR ING E.I.R.L.,-,2024,LIMA,26/12/2006,26/12/2006,2006.0,18.0,0,2011,13,1,1,100000.0,1,1.0,1.0,EMPRESA INDIVIDUAL DE RESP. LTDA,ACTIVO,HABIDO,,LIMA/LIMA/LOS OLIVOS,Principal - 4100 - CONSTRUCCIÓN DE EDIFICIOS,3.0,"Principal - 4100 - CONSTRUCCIÓN DE EDIFICIOS | Secundaria 1 - 4663 - VENTA AL POR MAYOR DE MATERIALES DE CONSTRUCCIÓN, ARTÍCULOS DE FERRETERÍA Y EQUIPO Y MATERIALES DE FONTANERÍA Y CALEFACCIÓN | Secundaria 2 - 4923 - TRANSPORTE DE CARGA POR CARRETERA",0,0,0,0,23/09/2026 22:46,1,1,1,63.2,Alto
20531065019,PALMA INGENIERIA-CONTRATISTAS GENERALES E.I.R.L.,PALMA ICG EIRL.,2024,LIMA,25/01/2007,10/03/2007,2007.0,17.0,0,2012,12,1,2,100000.0,1,1.0,1.0,EMPRESA INDIVIDUAL DE RESP. LTDA,ACTIVO,HABIDO,,LIMA/LIMA/JESUS MARIA,"Principal - 4663 - VENTA AL POR MAYOR DE MATERIALES DE CONSTRUCCIÓN, ARTÍCULOS DE FERRETERÍA Y EQUIPO Y MATERIALES DE FONTANERÍA Y CALEFACCIÓN",3.0,"Principal - 4663 - VENTA AL POR MAYOR DE MATERIALES DE CONSTRUCCIÓN, ARTÍCULOS DE FERRETERÍA Y EQUIPO Y MATERIALES DE FONTANERÍA Y CALEFACCIÓN | Secundaria 1 - 4220 - CONSTRUCCIÓN DE PROYECTOS DE SERVICIO PÚBLICO | Secundaria 2 - 7710 - ALQUILER Y ARRENDAMIENTO DE VEHÍCULOS AUTOMOTORES",0,0,0,0,23/09/2026 22:47,1,1,1,63.2,Alto
20531808763,CORPORACION Y SERVICIOS DE CHIMBOTE S.A.C,-,2024,LIMA,15/12/2022,15/12/2022,2022.0,2.0,0,2023,1,1,1,6697471.59,1,0.0,0.0,SOCIEDAD ANONIMA CERRADA,ACTIVO,HABIDO,,ANCASH/SANTA/CHIMBOTE,Principal - 7110 - ACTIVIDADES DE ARQUITECTURA E INGENIERÍA Y ACTIVIDADES CONEXAS DE CONSULTORÍA TÉCNICA,3.0,"Principal - 7110 - ACTIVIDADES DE ARQUITECTURA E INGENIERÍA Y ACTIVIDADES CONEXAS DE CONSULTORÍA TÉCNICA | Secundaria 1 - 7730 - ALQUILER Y ARRENDAMIENTO DE OTROS TIPOS DE MAQUINARIA, EQUIPO Y BIENES TANGIBLES | Secundaria 2 - 4100 - CONSTRUCCIÓN DE EDIFICIOS",0,0,0,0,23/09/2026 22:47,1,1,1,63.2,Alto
20531857381,CONSTRUCTORA GARVILL S.A.C.,-,2024,LIMA,24/04/2018,01/04/2018,2018.0,6.0,0,2013,11,1,1,8008118.83,1,0.0,0.0,SOCIEDAD ANONIMA CERRADA,ACTIVO,HABIDO,,LAMBAYEQUE/LAMBAYEQUE/PACORA,Principal - 4100 - CONSTRUCCIÓN DE EDIFICIOS,3.0,Principal - 4100 - CONSTRUCCIÓN DE EDIFICIOS | Secundaria 1 - 4390 - OTRAS ACTIVIDADES ESPECIALIZADAS DE CONSTRUCCIÓN | Secundaria 2 - 4210 - CONSTRUCCIÓN DE CARRETERAS Y VÍAS DE FERROCARRIL,0,0,0,0,23/09/2026 22:47,1,1,1,63.2,Alto
20533652213,NEFI CONSTRUCCIONES E.I.R.L.,-,2024,LIMA,29/04/2013,01/05/2013,2013.0,11.0,0,2021,3,3,3,91303714.42,3,0.0,0.0,EMPRESA INDIVIDUAL DE RESP. LTDA,ACTIVO,HABIDO,,ANCASH/HUARAZ/INDEPENDENCIA,Principal - 4210 - CONSTRUCCIÓN DE CARRETERAS Y VÍAS DE FERROCARRIL,3.0,Principal - 4210 - CONSTRUCCIÓN DE CARRETERAS Y VÍAS DE FERROCARRIL | Secundaria 1 - 4923 - TRANSPORTE DE CARGA POR CARRETERA | Secundaria 2 - 7110 - ACTIVIDADES DE ARQUITECTURA E INGENIERÍA Y ACTIVIDADES CONEXAS DE CONSULTORÍA TÉCNICA,0,0,0,0,23/09/2026 22:48,1,1,1,63.2,Alto
20533974415,CORPORACION PERUINSA S.A.C.,-,2024,LIMA,27/08/2007,01/10/2007,2007.0,17.0,0,2009,15,1,1,49440000.0,1,0.0,0.0,SOCIEDAD ANONIMA CERRADA,ACTIVO,HABIDO,,LIMA/LIMA/SAN ISIDRO,Principal - 4100 - CONSTRUCCIÓN DE EDIFICIOS,3.0,"Principal - 4100 - CONSTRUCCIÓN DE EDIFICIOS | Secundaria 1 - 4663 - VENTA AL POR MAYOR DE MATERIALES DE CONSTRUCCIÓN, ARTÍCULOS DE FERRETERÍA Y EQUIPO Y MATERIALES DE FONTANERÍA Y CALEFACCIÓN | Secundaria 2 - 5221 - ACTIVIDADES DE SERVICIOS VINCULADAS AL TRANSPORTE TERRESTRE",0,0,0,0,23/09/2026 22:49,1,1,1,63.2,Alto
20534002646,W_F CONSULTORES Y CONSTRUCTORES S.R.L.,-,2024,LIMA,12/11/2018,12/11/2018,2018.0,6.0,0,2024,0,1,1,15775905.9,1,0.0,0.0,SOC.COM.RESPONS. LTDA,ACTIVO,HABIDO,,ANCASH/HUARAZ/INDEPENDENCIA,Principal - 4210 - CONSTRUCCIÓN DE CARRETERAS Y VÍAS DE FERROCARRIL,3.0,"Principal - 4210 - CONSTRUCCIÓN DE CARRETERAS Y VÍAS DE FERROCARRIL | Secundaria 1 - 4220 - CONSTRUCCIÓN DE PROYECTOS DE SERVICIO PÚBLICO | Secundaria 2 - 7730 - ALQUILER Y ARRENDAMIENTO DE OTROS TIPOS DE MAQUINARIA, EQUIPO Y BIENES TANGIBLES",0,0,0,0,23/09/2026 22:49,1,1,1,63.2,Alto
20534016949,W & W CONSTRUCTORES S.A.C.,-,2024,LIMA,15/11/2007,01/12/2007,2007.0,17.0,0,2022,2,1,2,30770280.07,1,0.0,0.0,SOCIEDAD ANONIMA CERRADA,ACTIVO,HABIDO,,LIMA/LIMA/MIRAFLORES,Principal - 4100 - CONSTRUCCIÓN DE EDIFICIOS,3.0,"Principal - 4100 - CONSTRUCCIÓN DE EDIFICIOS | Secundaria 1 - 8130 - ACTIVIDADES DE PAISAJISMO Y SERVICIOS DE MANTENIMIENTO CONEXOS | Secundaria 2 - 4663 - VENTA AL POR MAYOR DE MATERIALES DE CONSTRUCCIÓN, ARTÍCULOS DE FERRETERÍA Y EQUIPO Y MATERIALES DE FONTANERÍA Y CALEFACCIÓN",1,1,0,0,23/09/2026 22:49,1,1,1,63.2,Alto
20534179571,EMPRESA CONSTRUCTORA CONSULTORA SERVICIOS GENERALES LOPEZ SAC,-,2024,LIMA,25/06/2008,01/08/2008,2008.0,16.0,0,2024,0,1,1,40056013.04,1,0.0,0.0,SOCIEDAD ANONIMA CERRADA,ACTIVO,HABIDO,,LIMA/HUAURA/HUACHO,Principal - 4100 - CONSTRUCCIÓN DE EDIFICIOS,3.0,"Principal - 4100 - CONSTRUCCIÓN DE EDIFICIOS | Secundaria 1 - 7730 - ALQUILER Y ARRENDAMIENTO DE OTROS TIPOS DE MAQUINARIA, EQUIPO Y BIENES TANGIBLES | Secundaria 2 - 4923 - TRANSPORTE DE CARGA POR CARRETERA",0,0,0,0,23/09/2026 22:50,1,1,1,63.2,Alto
20534861185,JGP CONTRATISTAS & CONSULTORES S.A.C.,-,2024,LIMA,04/03/2013,04/03/2013,2013.0,11.0,0,2024,0,1,1,8059001.74,1,0.0,0.0,SOCIEDAD ANONIMA CERRADA,ACTIVO,HABIDO,,ICA/ICA/ICA,Principal - 4100 - CONSTRUCCIÓN DE EDIFICIOS,3.0,"Principal - 4100 - CONSTRUCCIÓN DE EDIFICIOS | Secundaria 1 - 7110 - ACTIVIDADES DE ARQUITECTURA E INGENIERÍA Y ACTIVIDADES CONEXAS DE CONSULTORÍA TÉCNICA | Secundaria 2 - 7730 - ALQUILER Y ARRENDAMIENTO DE OTROS TIPOS DE MAQUINARIA, EQUIPO Y BIENES TANGIBLES",0,0,0,0,23/09/2026 22:51,1,1,1,63.2,Alto
20537185661,CORONEL EJECUTORES S.A.C.,-,2024,LIMA,23/08/2010,18/01/2011,2011.0,13.0,0,2017,7,1,1,33085392.54,1,0.0,0.0,SOCIEDAD ANONIMA CERRADA,ACTIVO,HABIDO,,LIMA/LIMA/LOS OLIVOS,Principal - 4390 - OTRAS ACTIVIDADES ESPECIALIZADAS DE CONSTRUCCIÓN,3.0,"Principal - 4390 - OTRAS ACTIVIDADES ESPECIALIZADAS DE CONSTRUCCIÓN | Secundaria 1 - 7110 - ACTIVIDADES DE ARQUITECTURA E INGENIERÍA Y ACTIVIDADES CONEXAS DE CONSULTORÍA TÉCNICA | Secundaria 2 - 7730 - ALQUILER Y ARRENDAMIENTO DE OTROS TIPOS DE MAQUINARIA, EQUIPO Y BIENES TANGIBLES",0,0,0,0,23/09/2026 22:52,1,1,1,63.2,Alto
20541546660,"CONSTRUCTORA DE ESTRUCTURAS, INSTALACIONES Y ACABADOS SOCIEDAD ANONIMA CERRADA -CEIA S.A.C.",-,2024,LIMA,16/03/2011,16/03/2011,2011.0,13.0,0,2024,0,1,1,100000.0,1,1.0,1.0,SOCIEDAD ANONIMA CERRADA,ACTIVO,HABIDO,,JUNIN/SATIPO/SATIPO,Principal - 4100 - CONSTRUCCIÓN DE EDIFICIOS,2.0,"Principal - 4100 - CONSTRUCCIÓN DE EDIFICIOS | Secundaria 1 - 4663 - VENTA AL POR MAYOR DE MATERIALES DE CONSTRUCCIÓN, ARTÍCULOS DE FERRETERÍA Y EQUIPO Y MATERIALES DE FONTANERÍA Y CALEFACCIÓN",0,0,0,0,23/09/2026 22:53,1,1,1,63.2,Alto
20542059291,CORPORACION GRUPO IBIZA S.A.C.,-,2024,LIMA,16/12/2010,16/12/2010,2010.0,14.0,0,2013,11,2,1,28388505.22,2,0.0,0.0,SOCIEDAD ANONIMA CERRADA,ACTIVO,HABIDO,,ANCASH/HUARAZ/HUARAZ,Principal - 4100 - CONSTRUCCIÓN DE EDIFICIOS,3.0,"Principal - 4100 - CONSTRUCCIÓN DE EDIFICIOS | Secundaria 1 - 7730 - ALQUILER Y ARRENDAMIENTO DE OTROS TIPOS DE MAQUINARIA, EQUIPO Y BIENES TANGIBLES | Secundaria 2 - 7110 - ACTIVIDADES DE ARQUITECTURA E INGENIERÍA Y ACTIVIDADES CONEXAS DE CONSULTORÍA TÉCNICA",0,0,0,0,23/09/2026 22:54,1,1,1,63.2,Alto
20542191059,DAMBEZ COMPANY E.I.R.L.,-,2024,LIMA,07/05/2011,17/12/2011,2011.0,13.0,0,2020,4,1,2,163445326.5,1,0.0,0.0,EMPRESA INDIVIDUAL DE RESP. LTDA,ACTIVO,HABIDO,,ANCASH/HUARAZ/INDEPENDENCIA,Principal - 4290 - CONSTRUCCIÓN DE OTRAS OBRAS DE INGENIERÍA CIVIL,3.0,Principal - 4290 - CONSTRUCCIÓN DE OTRAS OBRAS DE INGENIERÍA CIVIL | Secundaria 1 - 4220 - CONSTRUCCIÓN DE PROYECTOS DE SERVICIO PÚBLICO | Secundaria 2 - 7110 - ACTIVIDADES DE ARQUITECTURA E INGENIERÍA Y ACTIVIDADES CONEXAS DE CONSULTORÍA TÉCNICA,0,1,0,0,23/09/2026 22:55,1,1,1,63.2,Alto
20543604951,INVERSIONES & CONTRATISTAS DAL S.A.C.,-,2024,LIMA,30/05/2011,30/05/2011,2011.0,13.0,0,2024,0,1,1,219229.83,1,1.0,1.0,SOCIEDAD ANONIMA CERRADA,ACTIVO,HABIDO,,LIMA/LIMA/CHORRILLOS,Principal - 4220 - CONSTRUCCIÓN DE PROYECTOS DE SERVICIO PÚBLICO,3.0,"Principal - 4220 - CONSTRUCCIÓN DE PROYECTOS DE SERVICIO PÚBLICO | Secundaria 1 - 4100 - CONSTRUCCIÓN DE EDIFICIOS | Secundaria 2 - 4663 - VENTA AL POR MAYOR DE MATERIALES DE CONSTRUCCIÓN, ARTÍCULOS DE FERRETERÍA Y EQUIPO Y MATERIALES DE FONTANERÍA Y CALEFACCIÓN",1,0,0,0,23/09/2026 22:56,1,1,1,63.2,Alto
20546813569,FALCON CONSTRUCCION & CONSULTORIA S.A.C.,FALCON CONST & CONSULTORIA,2024,LIMA,16/02/2012,15/05/2012,2012.0,12.0,0,2024,0,1,1,100000.0,1,1.0,1.0,SOCIEDAD ANONIMA CERRADA,ACTIVO,HABIDO,,LIMA/LIMA/LA VICTORIA,Principal - 4390 - OTRAS ACTIVIDADES ESPECIALIZADAS DE CONSTRUCCIÓN,2.0,"Principal - 4390 - OTRAS ACTIVIDADES ESPECIALIZADAS DE CONSTRUCCIÓN | Secundaria 1 - 4663 - VENTA AL POR MAYOR DE MATERIALES DE CONSTRUCCIÓN, ARTÍCULOS DE FERRETERÍA Y EQUIPO Y MATERIALES DE FONTANERÍA Y CALEFACCIÓN",1,0,0,0,23/09/2026 22:56,1,1,1,63.2,Alto
20549823565,JC & ED CONSTRUCTORA S.A.C,-,2024,LIMA,03/10/2012,05/10/2012,2012.0,12.0,0,2019,5,1,1,72696539.75,1,0.0,0.0,SOCIEDAD ANONIMA CERRADA,ACTIVO,HABIDO,,LIMA/LIMA/COMAS,Principal - 4290 - CONSTRUCCIÓN DE OTRAS OBRAS DE INGENIERÍA CIVIL,2.0,Principal - 4290 - CONSTRUCCIÓN DE OTRAS OBRAS DE INGENIERÍA CIVIL | Secundaria 1 - 4390 - OTRAS ACTIVIDADES ESPECIALIZADAS DE CONSTRUCCIÓN,0,0,0,0,23/09/2026 22:57,1,1,1,63.2,Alto
20552839073,JARO CONTRATISTA S.A.C.,-,2024,LIMA,16/02/2021,16/02/2021,2021.0,3.0,0,2024,0,1,2,36312594.55,1,0.0,0.0,SOCIEDAD ANONIMA CERRADA,ACTIVO,HABIDO,,LIMA/LIMA/LOS OLIVOS,Principal - 4220 - CONSTRUCCIÓN DE PROYECTOS DE SERVICIO PÚBLICO,3.0,"Principal - 4220 - CONSTRUCCIÓN DE PROYECTOS DE SERVICIO PÚBLICO | Secundaria 1 - 4210 - CONSTRUCCIÓN DE CARRETERAS Y VÍAS DE FERROCARRIL | Secundaria 2 - 7730 - ALQUILER Y ARRENDAMIENTO DE OTROS TIPOS DE MAQUINARIA, EQUIPO Y BIENES TANGIBLES",0,0,0,0,23/09/2026 22:57,1,1,1,63.2,Alto
20559507769,CONSTRUCTORES JASUJA INGENIEROS S.A.C.,CONSTRUCTORA JASUJA,2024,LIMA,25/01/2019,25/01/2019,2019.0,5.0,0,2023,1,1,2,100000.0,1,1.0,1.0,SOCIEDAD ANONIMA CERRADA,ACTIVO,HABIDO,,LA LIBERTAD/TRUJILLO/LA ESPERANZA,Principal - 4220 - CONSTRUCCIÓN DE PROYECTOS DE SERVICIO PÚBLICO,3.0,"Principal - 4220 - CONSTRUCCIÓN DE PROYECTOS DE SERVICIO PÚBLICO | Secundaria 1 - 7110 - ACTIVIDADES DE ARQUITECTURA E INGENIERÍA Y ACTIVIDADES CONEXAS DE CONSULTORÍA TÉCNICA | Secundaria 2 - 4663 - VENTA AL POR MAYOR DE MATERIALES DE CONSTRUCCIÓN, ARTÍCULOS DE FERRETERÍA Y EQUIPO Y MATERIALES DE FONTANERÍA Y CALEFACCIÓN",0,0,0,0,23/09/2026 22:58,1,1,1,63.2,Alto
20561206539,CONCERGE PERU S.A.C.,-,2024,LIMA,18/03/2014,01/03/2014,2014.0,10.0,0,2024,0,1,1,555064.6,1,1.0,1.0,SOCIEDAD ANONIMA CERRADA,ACTIVO,HABIDO,,CAJAMARCA/CUTERVO/CUTERVO,Principal - 4100 - CONSTRUCCIÓN DE EDIFICIOS,3.0,"Principal - 4100 - CONSTRUCCIÓN DE EDIFICIOS | Secundaria 1 - 4663 - VENTA AL POR MAYOR DE MATERIALES DE CONSTRUCCIÓN, ARTÍCULOS DE FERRETERÍA Y EQUIPO Y MATERIALES DE FONTANERÍA Y CALEFACCIÓN | Secundaria 2 - 7730 - ALQUILER Y ARRENDAMIENTO DE OTROS TIPOS DE MAQUINARIA, EQUIPO Y BIENES TANGIBLES",0,0,0,0,23/09/2026 22:58,1,1,1,63.2,Alto
20568778198,TRANSPORTES Y MAQUINARIAS PACIFICO E.I.R.L.,-,2024,LIMA,09/08/2013,09/08/2013,2013.0,11.0,0,2023,1,2,1,15090757.69,2,0.0,0.0,EMPRESA INDIVIDUAL DE RESP. LTDA,ACTIVO,HABIDO,,JUNIN/SATIPO/RIO NEGRO,Principal - 4390 - OTRAS ACTIVIDADES ESPECIALIZADAS DE CONSTRUCCIÓN,3.0,"Principal - 4390 - OTRAS ACTIVIDADES ESPECIALIZADAS DE CONSTRUCCIÓN | Secundaria 1 - 7730 - ALQUILER Y ARRENDAMIENTO DE OTROS TIPOS DE MAQUINARIA, EQUIPO Y BIENES TANGIBLES | Secundaria 2 - 4663 - VENTA AL POR MAYOR DE MATERIALES DE CONSTRUCCIÓN, ARTÍCULOS DE FERRETERÍA Y EQUIPO Y MATERIALES DE FONTANERÍA Y CALEFACCIÓN",1,0,0,0,23/09/2026 23:00,1,1,1,63.2,Alto
20571395283,INVERSIONES EVZA S.R.L.,-,2024,LIMA,11/09/2012,01/10/2012,2012.0,12.0,0,2013,11,1,4,60678436.15,1,0.0,0.0,SOC.COM.RESPONS. LTDA,ACTIVO,HABIDO,,HUANUCO/HUANUCO/HUANUCO,Principal - 4100 - CONSTRUCCIÓN DE EDIFICIOS,3.0,"Principal - 4100 - CONSTRUCCIÓN DE EDIFICIOS | Secundaria 1 - 4663 - VENTA AL POR MAYOR DE MATERIALES DE CONSTRUCCIÓN, ARTÍCULOS DE FERRETERÍA Y EQUIPO Y MATERIALES DE FONTANERÍA Y CALEFACCIÓN | Secundaria 2 - 4923 - TRANSPORTE DE CARGA POR CARRETERA",0,0,0,0,23/09/2026 23:02,1,1,1,63.2,Alto
20600029798,CRAP INGENIERIA Y CONSTRUCCION S.R.L.,-,2024,LIMA,30/12/2014,30/12/2014,2014.0,10.0,0,2018,6,1,3,25206231.47,1,0.0,0.0,SOC.COM.RESPONS. LTDA,ACTIVO,HABIDO,,JUNIN/HUANCAYO/HUANCAYO,Principal - 4100 - CONSTRUCCIÓN DE EDIFICIOS,3.0,"Principal - 4100 - CONSTRUCCIÓN DE EDIFICIOS | Secundaria 1 - 4210 - CONSTRUCCIÓN DE CARRETERAS Y VÍAS DE FERROCARRIL | Secundaria 2 - 7730 - ALQUILER Y ARRENDAMIENTO DE OTROS TIPOS DE MAQUINARIA, EQUIPO Y BIENES TANGIBLES",0,3,0,0,23/09/2026 23:05,1,1,1,63.2,Alto
20600129938,CONSTRUCCION Y TOPOGRAFIA MASTER E.I.R.L. - TOP PROYEC E.I.R.L.,-,2024,LIMA,11/02/2015,11/02/2015,2015.0,9.0,0,2024,0,1,1,6811659.48,1,0.0,0.0,EMPRESA INDIVIDUAL DE RESP. LTDA,ACTIVO,HABIDO,,ANCASH/ASUNCION/CHACAS,Principal - 4390 - OTRAS ACTIVIDADES ESPECIALIZADAS DE CONSTRUCCIÓN,1.0,Principal - 4390 - OTRAS ACTIVIDADES ESPECIALIZADAS DE CONSTRUCCIÓN,0,0,0,0,23/09/2026 23:06,1,1,1,63.2,Alto
20600373871,"CONSTRUCTORA HERRERA, CONTRATISTAS GENERALES SOCIEDAD ANONIMA CERRADA",CONSTHERRERA SAC,2024,LIMA,14/05/2015,01/05/2015,2015.0,9.0,0,2024,0,1,1,100000.0,1,1.0,1.0,SOCIEDAD ANONIMA CERRADA,ACTIVO,NO HABIDO,,LIMA/LIMA/LOS OLIVOS,Principal - 4100 - CONSTRUCCIÓN DE EDIFICIOS,3.0,"Principal - 4100 - CONSTRUCCIÓN DE EDIFICIOS | Secundaria 1 - 4663 - VENTA AL POR MAYOR DE MATERIALES DE CONSTRUCCIÓN, ARTÍCULOS DE FERRETERÍA Y EQUIPO Y MATERIALES DE FONTANERÍA Y CALEFACCIÓN | Secundaria 2 - 4772 - VENTA AL POR MENOR DE PRODUCTOS FARMACÉUTICOS Y MÉDICOS, COSMÉTICOS Y ARTÍCULOS DE TOCADOR EN COMERCIOS ESPECIALIZADOS",1,0,0,0,23/09/2026 23:08,1,1,1,63.2,Alto
20600433050,CORPORACION HEMAJOPE S.A.C.,-,2024,LIMA,01/09/2017,01/09/2017,2017.0,7.0,0,2024,0,2,1,100000.0,2,2.0,1.0,SOCIEDAD ANONIMA CERRADA,ACTIVO,HABIDO,,LIMA/LIMA/SANTIAGO DE SURCO,Principal - 4923 - TRANSPORTE DE CARGA POR CARRETERA,3.0,"Principal - 4923 - TRANSPORTE DE CARGA POR CARRETERA | Secundaria 1 - 7730 - ALQUILER Y ARRENDAMIENTO DE OTROS TIPOS DE MAQUINARIA, EQUIPO Y BIENES TANGIBLES | Secundaria 2 - 4100 - CONSTRUCCIÓN DE EDIFICIOS",0,0,0,0,23/09/2026 23:09,1,1,1,63.2,Alto
20600441001,CONSTRUCTORA Y SERVICIOS DIVERSOS M Y M S.A.C.,CONSEDIMYM SAC,2024,LIMA,09/06/2015,09/06/2015,2015.0,9.0,0,2024,0,2,1,1455954.42,2,1.0,0.5,SOCIEDAD ANONIMA CERRADA,ACTIVO,HABIDO,,LIMA/HUAROCHIRI/SANTA EULALIA,Principal - 4100 - CONSTRUCCIÓN DE EDIFICIOS,2.0,"Principal - 4100 - CONSTRUCCIÓN DE EDIFICIOS | Secundaria 1 - 4663 - VENTA AL POR MAYOR DE MATERIALES DE CONSTRUCCIÓN, ARTÍCULOS DE FERRETERÍA Y EQUIPO Y MATERIALES DE FONTANERÍA Y CALEFACCIÓN",0,0,0,0,23/09/2026 23:09,1,1,1,63.2,Alto
20600615581,GENESIS & CIA EMPRESA INDIVIDUAL DE RESPONSABILIDAD LIMITADA,-,2024,LIMA,25/08/2015,01/09/2015,2015.0,9.0,0,2024,0,1,1,100000.0,1,1.0,1.0,EMPRESA INDIVIDUAL DE RESP. LTDA,ACTIVO,HABIDO,,PASCO/PASCO/CHAUPIMARCA,Principal - 4100 - CONSTRUCCIÓN DE EDIFICIOS,3.0,"Principal - 4100 - CONSTRUCCIÓN DE EDIFICIOS | Secundaria 1 - 3510 - GENERACIÓN, TRANSMISIÓN Y DISTRIBUCIÓN DE ENERGÍA ELÉCTRICA | Secundaria 2 - 7110 - ACTIVIDADES DE ARQUITECTURA E INGENIERÍA Y ACTIVIDADES CONEXAS DE CONSULTORÍA TÉCNICA",0,0,0,0,23/09/2026 23:10,1,1,1,63.2,Alto
20600813804,LEVAZ CONTRATISTAS GENERALES S.A.C.,-,2024,LIMA,16/11/2015,17/11/2015,2015.0,9.0,0,2024,0,1,1,100000.0,1,1.0,1.0,SOCIEDAD ANONIMA CERRADA,ACTIVO,HABIDO,,LIMA/LIMA/CHACLACAYO,Principal - 4390 - OTRAS ACTIVIDADES ESPECIALIZADAS DE CONSTRUCCIÓN,3.0,"Principal - 4390 - OTRAS ACTIVIDADES ESPECIALIZADAS DE CONSTRUCCIÓN | Secundaria 1 - 7730 - ALQUILER Y ARRENDAMIENTO DE OTROS TIPOS DE MAQUINARIA, EQUIPO Y BIENES TANGIBLES | Secundaria 2 - 4663 - VENTA AL POR MAYOR DE MATERIALES DE CONSTRUCCIÓN, ARTÍCULOS DE FERRETERÍA Y EQUIPO Y MATERIALES DE FONTANERÍA Y CALEFACCIÓN",0,0,0,0,23/09/2026 23:11,1,1,1,63.2,Alto
20601324491,GOLDSTEEL CONSTRUCTORES & CONSULTORES S.A.C.,-,2024,LIMA,27/09/2023,01/10/2023,2023.0,1.0,0,2016,8,1,2,17449611.71,1,0.0,0.0,SOCIEDAD ANONIMA CERRADA,ACTIVO,HABIDO,,LORETO/MAYNAS/IQUITOS,Principal - 4100 - CONSTRUCCIÓN DE EDIFICIOS,1.0,Principal - 4100 - CONSTRUCCIÓN DE EDIFICIOS,1,0,0,0,23/09/2026 23:13,1,1,1,63.2,Alto
20601597773,INVERSIONES CARRANZA MCY S.A.C.,-,2024,LIMA,21/10/2016,02/01/2017,2017.0,7.0,0,2023,1,1,1,24814379.46,1,0.0,0.0,SOCIEDAD ANONIMA CERRADA,ACTIVO,HABIDO,,LIMA/LIMA/LURIGANCHO,Principal - 4100 - CONSTRUCCIÓN DE EDIFICIOS,3.0,Principal - 4100 - CONSTRUCCIÓN DE EDIFICIOS | Secundaria 1 - 7110 - ACTIVIDADES DE ARQUITECTURA E INGENIERÍA Y ACTIVIDADES CONEXAS DE CONSULTORÍA TÉCNICA | Secundaria 2 - 9609 - OTRAS ACTIVIDADES DE SERVICIOS PERSONALES N.C.P.,0,0,0,0,23/09/2026 23:14,1,1,1,63.2,Alto
20601831717,SERVICIOS GENERALES HCP.13 E.I.R.L.,-,2024,LIMA,26/01/2017,01/02/2017,2017.0,7.0,0,2024,0,1,1,11039946.47,1,0.0,0.0,EMPRESA INDIVIDUAL DE RESP. LTDA,ACTIVO,HABIDO,,LIMA/LIMA/ATE,Principal - 4100 - CONSTRUCCIÓN DE EDIFICIOS,3.0,"Principal - 4100 - CONSTRUCCIÓN DE EDIFICIOS | Secundaria 1 - 4520 - MANTENIMIENTO Y REPARACIÓN DE VEHÍCULOS AUTOMOTORES | Secundaria 2 - 4530 - VENTA DE PARTES, PIEZAS Y ACCESORIOS PARA VEHÍCULOS AUTOMOTORES",0,0,0,0,23/09/2026 23:15,1,1,1,63.2,Alto
20602164986,CONSTRUCTORA INGEOBRAS SOCIEDAD ANONIMA CERRADA,-,2024,LIMA,29/05/2017,01/06/2017,2017.0,7.0,0,2024,0,1,1,14411838.75,1,0.0,0.0,SOCIEDAD ANONIMA CERRADA,ACTIVO,HABIDO,,LIMA/LIMA/SAN MARTIN DE PORRES,Principal - 4100 - CONSTRUCCIÓN DE EDIFICIOS,2.0,"Principal - 4100 - CONSTRUCCIÓN DE EDIFICIOS | Secundaria 1 - 7490 - OTRAS ACTIVIDADES PROFESIONALES, CIENTÍFICAS Y TÉCNICAS N.C.P.",0,0,0,0,23/09/2026 23:15,1,1,1,63.2,Alto
20602480357,UNICON-A S.A.C.,-,2024,LIMA,22/09/2017,25/09/2017,2017.0,7.0,0,2024,0,1,1,400000.0,1,1.0,1.0,SOCIEDAD ANONIMA CERRADA,ACTIVO,HABIDO,,ANCASH/HUARAZ/HUARAZ,Principal - 7110 - ACTIVIDADES DE ARQUITECTURA E INGENIERÍA Y ACTIVIDADES CONEXAS DE CONSULTORÍA TÉCNICA,3.0,"Principal - 7110 - ACTIVIDADES DE ARQUITECTURA E INGENIERÍA Y ACTIVIDADES CONEXAS DE CONSULTORÍA TÉCNICA | Secundaria 1 - 4100 - CONSTRUCCIÓN DE EDIFICIOS | Secundaria 2 - 4663 - VENTA AL POR MAYOR DE MATERIALES DE CONSTRUCCIÓN, ARTÍCULOS DE FERRETERÍA Y EQUIPO Y MATERIALES DE FONTANERÍA Y CALEFACCIÓN",0,0,0,0,23/09/2026 23:16,1,1,1,63.2,Alto
20602747868,GRUPO SAN PABLO TECNOLOGIA E INGENIERIA SOCIEDAD ANONIMA CERRADA,-,2024,LIMA,27/12/2017,27/12/2017,2017.0,7.0,0,2023,1,1,1,3921504.06,1,1.0,1.0,SOCIEDAD ANONIMA CERRADA,ACTIVO,HABIDO,,LIMA/LIMA/SANTA ROSA,Principal - 4100 - CONSTRUCCIÓN DE EDIFICIOS,3.0,"Principal - 4100 - CONSTRUCCIÓN DE EDIFICIOS | Secundaria 1 - 7490 - OTRAS ACTIVIDADES PROFESIONALES, CIENTÍFICAS Y TÉCNICAS N.C.P. | Secundaria 2 - 4659 - VENTA AL POR MAYOR DE OTROS TIPOS DE MAQUINARIA Y EQUIPO",0,0,0,0,23/09/2026 23:17,1,1,1,63.2,Alto
20602932771,COHERSA S.A.C.,-,2024,LIMA,22/02/2018,01/02/2018,2018.0,6.0,0,2024,0,1,1,100000.0,1,1.0,1.0,SOCIEDAD ANONIMA CERRADA,ACTIVO,NO HABIDO,,LIMA/LIMA/SAN ISIDRO,Principal - 4100 - CONSTRUCCIÓN DE EDIFICIOS,3.0,"Principal - 4100 - CONSTRUCCIÓN DE EDIFICIOS | Secundaria 1 - 4663 - VENTA AL POR MAYOR DE MATERIALES DE CONSTRUCCIÓN, ARTÍCULOS DE FERRETERÍA Y EQUIPO Y MATERIALES DE FONTANERÍA Y CALEFACCIÓN | Secundaria 2 - 4923 - TRANSPORTE DE CARGA POR CARRETERA",0,0,0,0,23/09/2026 23:18,1,1,1,63.2,Alto
20603234279,AGRIBUSINESS CHEST S.A.C.,-,2024,LIMA,26/11/2021,01/12/2021,2021.0,3.0,0,2023,1,5,1,7907204.63,5,1.0,0.2,SOCIEDAD ANONIMA CERRADA,ACTIVO,HABIDO,,LIMA/HUAURA/HUALMAY,Principal - 4100 - CONSTRUCCIÓN DE EDIFICIOS,3.0,Principal - 4100 - CONSTRUCCIÓN DE EDIFICIOS | Secundaria 1 - 7710 - ALQUILER Y ARRENDAMIENTO DE VEHÍCULOS AUTOMOTORES | Secundaria 2 - 7110 - ACTIVIDADES DE ARQUITECTURA E INGENIERÍA Y ACTIVIDADES CONEXAS DE CONSULTORÍA TÉCNICA,0,0,0,0,23/09/2026 23:19,1,1,1,63.2,Alto
20603812388,SERVICIOS ESPECIALIZADOS MR ANCASH S.R.L.,-,2024,LIMA,15/11/2018,01/12/2018,2018.0,6.0,0,2024,0,1,1,13849971.84,1,0.0,0.0,SOC.COM.RESPONS. LTDA,ACTIVO,HABIDO,,ANCASH/HUARAZ/INDEPENDENCIA,Principal - 0990 - ACTIVIDADES DE APOYO PARA OTRAS ACTIVIDADES DE EXPLOTACIÓN DE MINAS Y CANTERAS,3.0,"Principal - 0990 - ACTIVIDADES DE APOYO PARA OTRAS ACTIVIDADES DE EXPLOTACIÓN DE MINAS Y CANTERAS | Secundaria 1 - 7730 - ALQUILER Y ARRENDAMIENTO DE OTROS TIPOS DE MAQUINARIA, EQUIPO Y BIENES TANGIBLES | Secundaria 2 - 4290 - CONSTRUCCIÓN DE OTRAS OBRAS DE INGENIERÍA CIVIL",0,0,0,0,23/09/2026 23:20,1,1,1,63.2,Alto
20604421633,CONSTRUCCIONES PROYECTOS CONSULTORIA Y SERVICIOS MULTIPLES LUZAL S.A.C.-CPCLUZALSAC,-,2024,LIMA,20/03/2019,20/03/2019,2019.0,5.0,0,2023,1,2,1,100000.0,2,2.0,1.0,SOCIEDAD ANONIMA CERRADA,ACTIVO,HABIDO,,LIMA/CAÑETE/MALA,Principal - 4923 - TRANSPORTE DE CARGA POR CARRETERA,3.0,Principal - 4923 - TRANSPORTE DE CARGA POR CARRETERA | Secundaria 1 - 7110 - ACTIVIDADES DE ARQUITECTURA E INGENIERÍA Y ACTIVIDADES CONEXAS DE CONSULTORÍA TÉCNICA | Secundaria 2 - 8010 - ACTIVIDADES DE SEGURIDAD PRIVADA,0,0,0,0,23/09/2026 23:21,1,1,1,63.2,Alto
20604488681,OUTIS SOCIEDAD ANÓNIMA CERRADA,-,2024,LIMA,01/04/2019,01/04/2019,2019.0,5.0,0,2023,1,2,1,100000.0,2,2.0,1.0,SOCIEDAD ANONIMA CERRADA,ACTIVO,HABIDO,,LIMA/BARRANCA/PATIVILCA,Principal - 4100 - CONSTRUCCIÓN DE EDIFICIOS,3.0,Principal - 4100 - CONSTRUCCIÓN DE EDIFICIOS | Secundaria 1 - 4520 - MANTENIMIENTO Y REPARACIÓN DE VEHÍCULOS AUTOMOTORES | Secundaria 2 - 7710 - ALQUILER Y ARRENDAMIENTO DE VEHÍCULOS AUTOMOTORES,0,0,0,0,23/09/2026 23:21,1,1,1,63.2,Alto
20604903328,RENATO´S INGENIERIA Y CONSTRUCCION S.A.C.,-,2024,LIMA,24/06/2019,24/06/2019,2019.0,5.0,0,2024,0,1,1,300000.0,1,1.0,1.0,SOCIEDAD ANONIMA CERRADA,ACTIVO,HABIDO,,ANCASH/HUARAZ/HUARAZ,Principal - 4100 - CONSTRUCCIÓN DE EDIFICIOS,3.0,"Principal - 4100 - CONSTRUCCIÓN DE EDIFICIOS | Secundaria 1 - 7110 - ACTIVIDADES DE ARQUITECTURA E INGENIERÍA Y ACTIVIDADES CONEXAS DE CONSULTORÍA TÉCNICA | Secundaria 2 - 7730 - ALQUILER Y ARRENDAMIENTO DE OTROS TIPOS DE MAQUINARIA, EQUIPO Y BIENES TANGIBLES",0,0,0,0,23/09/2026 23:22,1,1,1,63.2,Alto
20605324151,CORPORACION DAGOBA S.A.C. - CORP.DAGOBA S.A.C.,-,2024,LIMA,30/09/2019,01/10/2019,2019.0,5.0,0,2024,0,1,1,100000.0,1,1.0,1.0,SOCIEDAD ANONIMA CERRADA,ACTIVO,HABIDO,,LIMA/LIMA/LOS OLIVOS,Principal - 7110 - ACTIVIDADES DE ARQUITECTURA E INGENIERÍA Y ACTIVIDADES CONEXAS DE CONSULTORÍA TÉCNICA,3.0,Principal - 7110 - ACTIVIDADES DE ARQUITECTURA E INGENIERÍA Y ACTIVIDADES CONEXAS DE CONSULTORÍA TÉCNICA | Secundaria 1 - 4210 - CONSTRUCCIÓN DE CARRETERAS Y VÍAS DE FERROCARRIL | Secundaria 2 - 7710 - ALQUILER Y ARRENDAMIENTO DE VEHÍCULOS AUTOMOTORES,0,0,0,0,23/09/2026 23:23,1,1,1,63.2,Alto
20606580437,CONSULTORES & CONTRATISTAS GENERALES AZUR S.R.L.,-,2024,LIMA,25/09/2020,11/11/2020,2020.0,4.0,0,2023,1,1,1,687346.7,1,1.0,1.0,SOC.COM.RESPONS. LTDA,ACTIVO,HABIDO,,LIMA/HUAROCHIRI/SANTA EULALIA,Principal - 4100 - CONSTRUCCIÓN DE EDIFICIOS,2.0,"Principal - 4100 - CONSTRUCCIÓN DE EDIFICIOS | Secundaria 1 - 4752 - VENTA AL POR MENOR DE ARTÍCULOS DE FERRETERÍA, PINTURAS Y PRODUCTOS DE VIDRIO EN COMERCIOS ESPECIALIZADOS",0,0,0,0,23/09/2026 23:25,1,1,1,63.2,Alto
20606792752,DL GROUP S.A.C.,-,2024,LIMA,29/10/2020,01/12/2020,2020.0,4.0,0,2020,4,1,1,10183742.13,1,0.0,0.0,SOCIEDAD ANONIMA CERRADA,ACTIVO,HABIDO,,LIMA/LIMA/SANTIAGO DE SURCO,Principal - 4290 - CONSTRUCCIÓN DE OTRAS OBRAS DE INGENIERÍA CIVIL,3.0,Principal - 4290 - CONSTRUCCIÓN DE OTRAS OBRAS DE INGENIERÍA CIVIL | Secundaria 1 - 7110 - ACTIVIDADES DE ARQUITECTURA E INGENIERÍA Y ACTIVIDADES CONEXAS DE CONSULTORÍA TÉCNICA | Secundaria 2 - 4210 - CONSTRUCCIÓN DE CARRETERAS Y VÍAS DE FERROCARRIL,0,0,0,0,23/09/2026 23:25,1,1,1,63.2,Alto
20607057355,DESERET CONTRATISTAS GENERALES S.A.C.,-,2024,LIMA,11/12/2020,16/12/2020,2020.0,4.0,0,2024,0,1,1,5069063.23,1,0.0,0.0,SOCIEDAD ANONIMA CERRADA,ACTIVO,HABIDO,,ICA/CHINCHA/SUNAMPE,Principal - 4100 - CONSTRUCCIÓN DE EDIFICIOS,2.0,"Principal - 4100 - CONSTRUCCIÓN DE EDIFICIOS | Secundaria 1 - 4663 - VENTA AL POR MAYOR DE MATERIALES DE CONSTRUCCIÓN, ARTÍCULOS DE FERRETERÍA Y EQUIPO Y MATERIALES DE FONTANERÍA Y CALEFACCIÓN",1,0,0,0,23/09/2026 23:25,1,1,1,63.2,Alto
20608472208,MAVE GOLD COMPANY S.A.C.,MAVE GOLD COMPANY S.A.C,2024,LIMA,13/09/2021,01/10/2021,2021.0,3.0,0,2024,0,1,1,100000.0,1,1.0,1.0,SOCIEDAD ANONIMA CERRADA,ACTIVO,HABIDO,,ANCASH/HUARI/UCO,Principal - 4100 - CONSTRUCCIÓN DE EDIFICIOS,3.0,"Principal - 4100 - CONSTRUCCIÓN DE EDIFICIOS | Secundaria 1 - 4663 - VENTA AL POR MAYOR DE MATERIALES DE CONSTRUCCIÓN, ARTÍCULOS DE FERRETERÍA Y EQUIPO Y MATERIALES DE FONTANERÍA Y CALEFACCIÓN | Secundaria 2 - 4781 - VENTA AL POR MENOR DE ALIMENTOS, BEBIDAS Y TABACO EN PUESTOS DE VENTA Y MERCADOS",0,0,0,0,23/09/2026 23:27,1,1,1,63.2,Alto
20609067552,CORPORACION INTERNACIONAL VENUS S.A.C.,-,2024,LIMA,08/02/2022,01/02/2022,2022.0,2.0,0,2024,0,1,1,3150030938.7,1,0.0,0.0,SOCIEDAD ANONIMA CERRADA,ACTIVO,HABIDO,,ANCASH/HUARAZ/INDEPENDENCIA,Principal - 4210 - CONSTRUCCIÓN DE CARRETERAS Y VÍAS DE FERROCARRIL,2.0,"Principal - 4210 - CONSTRUCCIÓN DE CARRETERAS Y VÍAS DE FERROCARRIL | Secundaria 1 - 7730 - ALQUILER Y ARRENDAMIENTO DE OTROS TIPOS DE MAQUINARIA, EQUIPO Y BIENES TANGIBLES",0,0,0,0,23/09/2026 23:27,1,1,1,63.2,Alto
20611325739,GRUPO FRANCO CONSTRUCTORES S.A.C.,GRUPO FRANCO CONSTRUCTORES SAC,2024,LIMA,24/07/2023,25/07/2023,2023.0,1.0,0,2024,0,1,1,200000.0,1,1.0,1.0,SOCIEDAD ANONIMA CERRADA,ACTIVO,HABIDO,,LIMA/LIMA/SAN JUAN DE MIRAFLORES,Principal - 4290 - CONSTRUCCIÓN DE OTRAS OBRAS DE INGENIERÍA CIVIL,3.0,"Principal - 4290 - CONSTRUCCIÓN DE OTRAS OBRAS DE INGENIERÍA CIVIL | Secundaria 1 - 4520 - MANTENIMIENTO Y REPARACIÓN DE VEHÍCULOS AUTOMOTORES | Secundaria 2 - 4663 - VENTA AL POR MAYOR DE MATERIALES DE CONSTRUCCIÓN, ARTÍCULOS DE FERRETERÍA Y EQUIPO Y MATERIALES DE FONTANERÍA Y CALEFACCIÓN",0,0,0,0,23/09/2026 23:30,1,1,1,63.2,Alto
20103921288,LORINSA CONTRATISTAS GENERALES S.R.LTDA,LORINSA SRL,2024,LORETO,21/04/1993,22/03/1982,1982.0,42.0,0,2005,19,1,1,38153174.57,1,0.0,0.0,SOC.COM.RESPONS. LTDA,ACTIVO,HABIDO,,LORETO/MAYNAS/IQUITOS,Principal - 4100 - CONSTRUCCIÓN DE EDIFICIOS,3.0,"Principal - 4100 - CONSTRUCCIÓN DE EDIFICIOS | Secundaria 1 - 5221 - ACTIVIDADES DE SERVICIOS VINCULADAS AL TRANSPORTE TERRESTRE | Secundaria 2 - 7730 - ALQUILER Y ARRENDAMIENTO DE OTROS TIPOS DE MAQUINARIA, EQUIPO Y BIENES TANGIBLES",0,0,0,0,23/09/2026 22:08,1,1,1,67.9,Alto
20232650444,FALCON CONSULTORES Y CONSTRUCTORES SRLTD,FALCON GROUP,2024,LORETO,04/04/1995,17/03/1995,1995.0,29.0,0,2012,12,1,1,100000.0,1,1.0,1.0,SOC.COM.RESPONS. LTDA,ACTIVO,HABIDO,,PROV. CONST. DEL CALLAO/PROV. CONST. DEL CALLAO/VENTANILLA,Principal - 4100 - CONSTRUCCIÓN DE EDIFICIOS,3.0,Principal - 4100 - CONSTRUCCIÓN DE EDIFICIOS | Secundaria 1 - 7020 - ACTIVIDADES DE CONSULTORÍA DE GESTIÓN | Secundaria 2 - 7110 - ACTIVIDADES DE ARQUITECTURA E INGENIERÍA Y ACTIVIDADES CONEXAS DE CONSULTORÍA TÉCNICA,2,0,0,0,23/09/2026 22:09,1,1,1,67.9,Alto
20393633990,CONSTRUCTORA PREIMAQ S.A.C.,-,2024,LORETO,22/10/2010,01/11/2010,2010.0,14.0,0,2013,11,4,1,391155488.48,4,0.0,0.0,SOCIEDAD ANONIMA CERRADA,ACTIVO,HABIDO,,LORETO/MAYNAS/PUNCHANA,Principal - 4100 - CONSTRUCCIÓN DE EDIFICIOS,2.0,Principal - 4100 - CONSTRUCCIÓN DE EDIFICIOS | Secundaria 1 - 4923 - TRANSPORTE DE CARGA POR CARRETERA,0,0,0,0,23/09/2026 22:13,1,1,1,67.9,Alto
20393706628,EJECUTORES E INVERSIONES DE LA AMAZONIA S.R.L.,-,2024,LORETO,07/07/2011,07/07/2011,2011.0,13.0,0,2013,11,1,1,173647364.84,1,0.0,0.0,SOC.COM.RESPONS. LTDA,ACTIVO,HABIDO,,UCAYALI/CORONEL PORTILLO/CALLERIA,Principal - 4100 - CONSTRUCCIÓN DE EDIFICIOS,2.0,"Principal - 4100 - CONSTRUCCIÓN DE EDIFICIOS | Secundaria 1 - 4663 - VENTA AL POR MAYOR DE MATERIALES DE CONSTRUCCIÓN, ARTÍCULOS DE FERRETERÍA Y EQUIPO Y MATERIALES DE FONTANERÍA Y CALEFACCIÓN",1,0,0,0,23/09/2026 22:13,1,1,1,67.9,Alto
20393725509,CONSTRUCTORA KARELLY E.I.R.L.,-,2024,LORETO,20/09/2011,01/10/2011,2011.0,13.0,0,2016,8,2,1,100000.0,2,2.0,1.0,EMPRESA INDIVIDUAL DE RESP. LTDA,ACTIVO,HABIDO,,UCAYALI/CORONEL PORTILLO/CALLERIA,Principal - 4100 - CONSTRUCCIÓN DE EDIFICIOS,3.0,"Principal - 4100 - CONSTRUCCIÓN DE EDIFICIOS | Secundaria 1 - 7730 - ALQUILER Y ARRENDAMIENTO DE OTROS TIPOS DE MAQUINARIA, EQUIPO Y BIENES TANGIBLES | Secundaria 2 - 4663 - VENTA AL POR MAYOR DE MATERIALES DE CONSTRUCCIÓN, ARTÍCULOS DE FERRETERÍA Y EQUIPO Y MATERIALES DE FONTANERÍA Y CALEFACCIÓN",0,0,0,0,23/09/2026 22:13,1,1,1,67.9,Alto
20393758423,VICDA E.I.R.L.,-,2024,LORETO,06/01/2012,06/01/2012,2012.0,12.0,0,2016,8,1,1,100000.0,1,1.0,1.0,EMPRESA INDIVIDUAL DE RESP. LTDA,ACTIVO,HABIDO,,UCAYALI/CORONEL PORTILLO/CALLERIA,Principal - 4100 - CONSTRUCCIÓN DE EDIFICIOS,3.0,"Principal - 4100 - CONSTRUCCIÓN DE EDIFICIOS | Secundaria 1 - 4923 - TRANSPORTE DE CARGA POR CARRETERA | Secundaria 2 - 4663 - VENTA AL POR MAYOR DE MATERIALES DE CONSTRUCCIÓN, ARTÍCULOS DE FERRETERÍA Y EQUIPO Y MATERIALES DE FONTANERÍA Y CALEFACCIÓN",0,0,0,0,23/09/2026 22:13,1,1,1,67.9,Alto
20393877431,ESTORAQUE E.I.R.L.,-,2024,LORETO,09/08/2019,09/08/2019,2019.0,5.0,0,2019,5,3,1,4007646477.73,3,0.0,0.0,EMPRESA INDIVIDUAL DE RESP. LTDA,ACTIVO,HABIDO,,LORETO/MAYNAS/IQUITOS,Principal - 4100 - CONSTRUCCIÓN DE EDIFICIOS,3.0,"Principal - 4100 - CONSTRUCCIÓN DE EDIFICIOS | Secundaria 1 - 7730 - ALQUILER Y ARRENDAMIENTO DE OTROS TIPOS DE MAQUINARIA, EQUIPO Y BIENES TANGIBLES | Secundaria 2 - 1410 - FABRICACIÓN DE PRENDAS DE VESTIR, EXCEPTO PRENDAS DE PIEL",0,0,0,0,23/09/2026 22:13,1,1,1,67.9,Alto
20393973669,CAMINO DE TIGRE E.I.R.L.,-,2024,LORETO,18/12/2013,18/12/2013,2013.0,11.0,0,2024,0,5,1,100000.0,5,5.0,1.0,EMPRESA INDIVIDUAL DE RESP. LTDA,ACTIVO,HABIDO,,LORETO/MAYNAS/PUNCHANA,Principal - 4100 - CONSTRUCCIÓN DE EDIFICIOS,3.0,"Principal - 4100 - CONSTRUCCIÓN DE EDIFICIOS | Secundaria 1 - 7730 - ALQUILER Y ARRENDAMIENTO DE OTROS TIPOS DE MAQUINARIA, EQUIPO Y BIENES TANGIBLES | Secundaria 2 - 4220 - CONSTRUCCIÓN DE PROYECTOS DE SERVICIO PÚBLICO",0,0,0,0,23/09/2026 22:13,1,1,1,67.9,Alto
20399273146,BERAKA 0915 SOCIEDAD ANONIMA CERRADA,-,2024,LORETO,07/09/1998,07/09/1998,1998.0,26.0,0,2024,0,1,2,100000.0,1,1.0,1.0,SOCIEDAD ANONIMA CERRADA,BAJA DE OFICIO,HABIDO,14/08/2026,PIURA/PIURA/VEINTISEIS DE OCTUBRE,Principal - 4390 - OTRAS ACTIVIDADES ESPECIALIZADAS DE CONSTRUCCIÓN,3.0,"Principal - 4390 - OTRAS ACTIVIDADES ESPECIALIZADAS DE CONSTRUCCIÓN | Secundaria 1 - 7730 - ALQUILER Y ARRENDAMIENTO DE OTROS TIPOS DE MAQUINARIA, EQUIPO Y BIENES TANGIBLES | Secundaria 2 - 4923 - TRANSPORTE DE CARGA POR CARRETERA",0,0,0,0,23/09/2026 22:14,1,1,1,67.9,Alto
20450186440,CONSTRUCTORA Y REPRESENTACIONES CERRO VERDE S.A.C.,-,2024,LORETO,24/11/2006,24/11/2006,2006.0,18.0,0,2008,16,1,2,100000.0,1,1.0,1.0,SOCIEDAD ANONIMA CERRADA,ACTIVO,HABIDO,,SAN MARTIN/SAN MARTIN/TARAPOTO,Principal - 4220 - CONSTRUCCIÓN DE PROYECTOS DE SERVICIO PÚBLICO,3.0,"Principal - 4220 - CONSTRUCCIÓN DE PROYECTOS DE SERVICIO PÚBLICO | Secundaria 1 - 4663 - VENTA AL POR MAYOR DE MATERIALES DE CONSTRUCCIÓN, ARTÍCULOS DE FERRETERÍA Y EQUIPO Y MATERIALES DE FONTANERÍA Y CALEFACCIÓN | Secundaria 2 - 4390 - OTRAS ACTIVIDADES ESPECIALIZADAS DE CONSTRUCCIÓN",0,0,0,0,23/09/2026 22:19,1,1,1,67.9,Alto
20450296628,JS CONTRATISTAS GENERALES E.I.R.L.,-,2024,LORETO,07/02/2008,01/03/2008,2008.0,16.0,0,2009,15,1,1,500000.0,1,1.0,1.0,EMPRESA INDIVIDUAL DE RESP. LTDA,ACTIVO,NO HABIDO,,SAN MARTIN/SAN MARTIN/TARAPOTO,Principal - 4100 - CONSTRUCCIÓN DE EDIFICIOS,3.0,"Principal - 4100 - CONSTRUCCIÓN DE EDIFICIOS | Secundaria 1 - 7730 - ALQUILER Y ARRENDAMIENTO DE OTROS TIPOS DE MAQUINARIA, EQUIPO Y BIENES TANGIBLES | Secundaria 2 - 4752 - VENTA AL POR MENOR DE ARTÍCULOS DE FERRETERÍA, PINTURAS Y PRODUCTOS DE VIDRIO EN COMERCIOS ESPECIALIZADOS",0,0,0,0,23/09/2026 22:19,1,1,1,67.9,Alto
20450402592,H & S CONSTRUCTORA Y SERVICIOS GENERALES E.I.R.L.,-,2024,LORETO,26/01/2009,26/01/2009,2009.0,15.0,0,2018,6,2,1,100000.0,2,2.0,1.0,EMPRESA INDIVIDUAL DE RESP. LTDA,ACTIVO,HABIDO,,LORETO/ALTO AMAZONAS/YURIMAGUAS,Principal - 4100 - CONSTRUCCIÓN DE EDIFICIOS,3.0,"Principal - 4100 - CONSTRUCCIÓN DE EDIFICIOS | Secundaria 1 - 4663 - VENTA AL POR MAYOR DE MATERIALES DE CONSTRUCCIÓN, ARTÍCULOS DE FERRETERÍA Y EQUIPO Y MATERIALES DE FONTANERÍA Y CALEFACCIÓN | Secundaria 2 - 7730 - ALQUILER Y ARRENDAMIENTO DE OTROS TIPOS DE MAQUINARIA, EQUIPO Y BIENES TANGIBLES",0,0,0,0,23/09/2026 22:19,1,1,1,67.9,Alto
20450905152,CIA INMOBILIARIA MONTENEGRO S.A.C.,CIMO SAC,2024,LORETO,01/12/1999,01/12/1999,1999.0,25.0,0,2009,15,1,1,2824986693.64,1,0.0,0.0,SOCIEDAD ANONIMA,ACTIVO,HABIDO,,LIMA/LIMA/SAN MARTIN DE PORRES,Principal - 4390 - OTRAS ACTIVIDADES ESPECIALIZADAS DE CONSTRUCCIÓN,3.0,"Principal - 4390 - OTRAS ACTIVIDADES ESPECIALIZADAS DE CONSTRUCCIÓN | Secundaria 1 - 51502 - VTA. MAY. MAQUINARIA, EQUIPO Y MATER. | Secundaria 2 - 4659 - VENTA AL POR MAYOR DE OTROS TIPOS DE MAQUINARIA Y EQUIPO",2,0,0,0,23/09/2026 22:20,1,1,1,67.9,Alto
20451375548,CONSTRUCTORA YAVARI S.R.L.,-,2024,LORETO,17/04/2001,17/04/2001,2001.0,23.0,0,2005,19,3,1,181002554.68,3,0.0,0.0,SOC.COM.RESPONS. LTDA,ACTIVO,HABIDO,,LORETO/MAYNAS/IQUITOS,Principal - 4100 - CONSTRUCCIÓN DE EDIFICIOS,2.0,Principal - 4100 - CONSTRUCCIÓN DE EDIFICIOS | Secundaria 2 - 4210 - CONSTRUCCIÓN DE CARRETERAS Y VÍAS DE FERROCARRIL,0,0,0,0,23/09/2026 22:20,1,1,1,67.9,Alto
20493231236,ALVIME E.I.R.L.,-,2024,LORETO,06/05/2003,06/05/2003,2003.0,21.0,0,2009,15,1,1,100000.0,1,1.0,1.0,EMPRESA INDIVIDUAL DE RESP. LTDA,ACTIVO,HABIDO,,LORETO/MAYNAS/BELEN,Principal - 4390 - OTRAS ACTIVIDADES ESPECIALIZADAS DE CONSTRUCCIÓN,1.0,Principal - 4390 - OTRAS ACTIVIDADES ESPECIALIZADAS DE CONSTRUCCIÓN,0,0,0,0,23/09/2026 22:33,1,1,1,67.9,Alto
20493477405,INVERSIONES JAGOC E.I.R.L.,-,2024,LORETO,08/05/2006,08/05/2006,2006.0,18.0,0,2020,4,1,1,100000.0,1,1.0,1.0,EMPRESA INDIVIDUAL DE RESP. LTDA,ACTIVO,HABIDO,,LORETO/MAYNAS/IQUITOS,Principal - 4100 - CONSTRUCCIÓN DE EDIFICIOS,3.0,"Principal - 4100 - CONSTRUCCIÓN DE EDIFICIOS | Secundaria 1 - 4630 - VENTA AL POR MAYOR DE ALIMENTOS, BEBIDAS Y TABACO | Secundaria 2 - 5221 - ACTIVIDADES DE SERVICIOS VINCULADAS AL TRANSPORTE TERRESTRE",0,0,0,0,23/09/2026 22:33,1,1,1,67.9,Alto
20493537742,CONSTRUCTORA M & J S.A.C.,CONSTRUCTORA M & J SAC,2024,LORETO,22/12/2006,01/01/2007,2007.0,17.0,0,2013,11,4,4,1098458521.47,4,0.0,0.0,SOCIEDAD ANONIMA CERRADA,ACTIVO,HABIDO,,LORETO/MAYNAS/IQUITOS,Principal - 4390 - OTRAS ACTIVIDADES ESPECIALIZADAS DE CONSTRUCCIÓN,3.0,"Principal - 4390 - OTRAS ACTIVIDADES ESPECIALIZADAS DE CONSTRUCCIÓN | Secundaria 1 - 7730 - ALQUILER Y ARRENDAMIENTO DE OTROS TIPOS DE MAQUINARIA, EQUIPO Y BIENES TANGIBLES | Secundaria 2 - 4923 - TRANSPORTE DE CARGA POR CARRETERA",1,0,0,0,23/09/2026 22:33,1,1,1,67.9,Alto
20493538633,INVERSIONES SAVAREN S.R.L.,-,2024,LORETO,26/12/2006,17/05/2007,2007.0,17.0,0,2022,2,1,1,39073079.86,1,0.0,0.0,SOC.COM.RESPONS. LTDA,ACTIVO,HABIDO,,LORETO/MAYNAS/IQUITOS,"Principal - 7730 - ALQUILER Y ARRENDAMIENTO DE OTROS TIPOS DE MAQUINARIA, EQUIPO Y BIENES TANGIBLES",3.0,"Principal - 7730 - ALQUILER Y ARRENDAMIENTO DE OTROS TIPOS DE MAQUINARIA, EQUIPO Y BIENES TANGIBLES | Secundaria 1 - 4663 - VENTA AL POR MAYOR DE MATERIALES DE CONSTRUCCIÓN, ARTÍCULOS DE FERRETERÍA Y EQUIPO Y MATERIALES DE FONTANERÍA Y CALEFACCIÓN | Secundaria 2 - 4100 - CONSTRUCCIÓN DE EDIFICIOS",0,0,0,0,23/09/2026 22:33,1,1,1,67.9,Alto
20493543122,R Y S CONSTRUCCIONES E.I.R.L.,-,2024,LORETO,10/01/2007,10/01/2007,2007.0,17.0,0,2012,12,1,1,6923193.27,1,0.0,0.0,EMPRESA INDIVIDUAL DE RESP. LTDA,ACTIVO,HABIDO,,SAN MARTIN/SAN MARTIN/TARAPOTO,Principal - 4100 - CONSTRUCCIÓN DE EDIFICIOS,3.0,"Principal - 4100 - CONSTRUCCIÓN DE EDIFICIOS | Secundaria 1 - 4663 - VENTA AL POR MAYOR DE MATERIALES DE CONSTRUCCIÓN, ARTÍCULOS DE FERRETERÍA Y EQUIPO Y MATERIALES DE FONTANERÍA Y CALEFACCIÓN | Secundaria 2 - 7110 - ACTIVIDADES DE ARQUITECTURA E INGENIERÍA Y ACTIVIDADES CONEXAS DE CONSULTORÍA TÉCNICA",0,0,0,0,23/09/2026 22:33,1,1,1,67.9,Alto
20493589891,NACIB SUMINISTROS SERVICIOS GENERALES E.I.R.L.,-,2024,LORETO,12/11/2019,12/11/2019,2019.0,5.0,0,2024,0,1,1,100000.0,1,1.0,1.0,EMPRESA INDIVIDUAL DE RESP. LTDA,ACTIVO,HABIDO,,LORETO/MAYNAS/BELEN,Principal - 4100 - CONSTRUCCIÓN DE EDIFICIOS,3.0,"Principal - 4100 - CONSTRUCCIÓN DE EDIFICIOS | Secundaria 1 - 4663 - VENTA AL POR MAYOR DE MATERIALES DE CONSTRUCCIÓN, ARTÍCULOS DE FERRETERÍA Y EQUIPO Y MATERIALES DE FONTANERÍA Y CALEFACCIÓN | Secundaria 2 - 3230 - FABRICACIÓN DE ARTÍCULOS DE DEPORTE",0,0,0,0,23/09/2026 22:33,1,1,1,67.9,Alto
20493640322,CONSTRUCTORA O.M.C. SRL,-,2024,LORETO,19/10/2007,01/11/2007,2007.0,17.0,0,2022,2,2,1,71693594.46,2,0.0,0.0,SOC.COM.RESPONS. LTDA,ACTIVO,HABIDO,,LORETO/MAYNAS/IQUITOS,Principal - 4390 - OTRAS ACTIVIDADES ESPECIALIZADAS DE CONSTRUCCIÓN,1.0,Principal - 4390 - OTRAS ACTIVIDADES ESPECIALIZADAS DE CONSTRUCCIÓN,0,0,0,0,23/09/2026 22:33,1,1,1,67.9,Alto
20493644824,APJ CONTRATISTAS Y CONSULTORES S.R.L.,-,2024,LORETO,07/11/2007,07/11/2007,2007.0,17.0,0,2022,2,2,1,100000.0,2,2.0,1.0,SOC.COM.RESPONS. LTDA,ACTIVO,HABIDO,,LORETO/MAYNAS/IQUITOS,"Principal - 7730 - ALQUILER Y ARRENDAMIENTO DE OTROS TIPOS DE MAQUINARIA, EQUIPO Y BIENES TANGIBLES",3.0,"Principal - 7730 - ALQUILER Y ARRENDAMIENTO DE OTROS TIPOS DE MAQUINARIA, EQUIPO Y BIENES TANGIBLES | Secundaria 1 - 4100 - CONSTRUCCIÓN DE EDIFICIOS | Secundaria 2 - 4220 - CONSTRUCCIÓN DE PROYECTOS DE SERVICIO PÚBLICO",1,0,0,0,23/09/2026 22:33,1,1,1,67.9,Alto
20493733096,M.L. CONTRATISTAS Y SERVICIOS GENERALES E.I.R.L.,-,2024,LORETO,05/03/2008,05/03/2008,2008.0,16.0,0,2020,4,2,1,38703046.74,2,0.0,0.0,EMPRESA INDIVIDUAL DE RESP. LTDA,ACTIVO,HABIDO,,LORETO/MAYNAS/IQUITOS,Principal - 4390 - OTRAS ACTIVIDADES ESPECIALIZADAS DE CONSTRUCCIÓN,3.0,"Principal - 4390 - OTRAS ACTIVIDADES ESPECIALIZADAS DE CONSTRUCCIÓN | Secundaria 1 - 4663 - VENTA AL POR MAYOR DE MATERIALES DE CONSTRUCCIÓN, ARTÍCULOS DE FERRETERÍA Y EQUIPO Y MATERIALES DE FONTANERÍA Y CALEFACCIÓN | Secundaria 2 - 4922 - OTRAS ACTIVIDADES DE TRANSPORTE POR VÍA TERRESTRE",0,0,0,0,23/09/2026 22:33,1,1,1,67.9,Alto
20493747399,ALFA & OMEGA CONSTRUCCIONES BIENES Y SERVICIOS E.I.R.L.,ALFOCOBES E.I.R.L.,2024,LORETO,31/03/2008,01/04/2008,2008.0,16.0,0,2020,4,2,1,100000.0,2,2.0,1.0,EMPRESA INDIVIDUAL DE RESP. LTDA,ACTIVO,HABIDO,,LORETO/MAYNAS/SAN JUAN BAUTISTA,Principal - 4100 - CONSTRUCCIÓN DE EDIFICIOS,2.0,Principal - 4100 - CONSTRUCCIÓN DE EDIFICIOS | Secundaria 1 - 4719 - OTRAS ACTIVIDADES DE VENTA AL POR MENOR EN COMERCIOS NO ESPECIALIZADOS,0,0,0,0,23/09/2026 22:33,1,1,1,67.9,Alto
20493748018,SERVICIOS Y CONSTRUCCIONES DIAZ EIRL,SERVICON DIAZ EIRL,2024,LORETO,02/04/2008,02/04/2008,2008.0,16.0,0,2019,5,1,1,101739812.12,1,0.0,0.0,EMPRESA INDIVIDUAL DE RESP. LTDA,ACTIVO,HABIDO,,LORETO/MAYNAS/SAN JUAN BAUTISTA,Principal - 4100 - CONSTRUCCIÓN DE EDIFICIOS,3.0,"Principal - 4100 - CONSTRUCCIÓN DE EDIFICIOS | Secundaria 1 - 4663 - VENTA AL POR MAYOR DE MATERIALES DE CONSTRUCCIÓN, ARTÍCULOS DE FERRETERÍA Y EQUIPO Y MATERIALES DE FONTANERÍA Y CALEFACCIÓN | Secundaria 2 - 7730 - ALQUILER Y ARRENDAMIENTO DE OTROS TIPOS DE MAQUINARIA, EQUIPO Y BIENES TANGIBLES",0,0,0,0,23/09/2026 22:34,1,1,1,67.9,Alto
20493870751,CONSTRUCCIONES GENERALES H & R S.R.L.,-,2024,LORETO,06/04/2021,06/04/2021,2021.0,3.0,0,2023,1,1,1,100000.0,1,1.0,1.0,SOC.COM.RESPONS. LTDA,ACTIVO,HABIDO,,LORETO/MAYNAS/PUNCHANA,Principal - 4100 - CONSTRUCCIÓN DE EDIFICIOS,3.0,"Principal - 4100 - CONSTRUCCIÓN DE EDIFICIOS | Secundaria 1 - 4663 - VENTA AL POR MAYOR DE MATERIALES DE CONSTRUCCIÓN, ARTÍCULOS DE FERRETERÍA Y EQUIPO Y MATERIALES DE FONTANERÍA Y CALEFACCIÓN | Secundaria 2 - 4752 - VENTA AL POR MENOR DE ARTÍCULOS DE FERRETERÍA, PINTURAS Y PRODUCTOS DE VIDRIO EN COMERCIOS ESPECIALIZADOS",0,0,0,0,23/09/2026 22:34,1,1,1,67.9,Alto
20493874587,MACO CONSTRUCTORES S.A.C.,-,2024,LORETO,01/07/2010,01/07/2010,2010.0,14.0,0,2013,11,2,1,100000.0,2,2.0,1.0,SOCIEDAD ANONIMA CERRADA,ACTIVO,HABIDO,,LORETO/ALTO AMAZONAS/YURIMAGUAS,Principal - 4290 - CONSTRUCCIÓN DE OTRAS OBRAS DE INGENIERÍA CIVIL,2.0,"Principal - 4290 - CONSTRUCCIÓN DE OTRAS OBRAS DE INGENIERÍA CIVIL | Secundaria 1 - 7730 - ALQUILER Y ARRENDAMIENTO DE OTROS TIPOS DE MAQUINARIA, EQUIPO Y BIENES TANGIBLES",0,0,0,0,23/09/2026 22:34,1,1,1,67.9,Alto
20494100429,BARRANCA CONSTRUCCIONES E.I.R.L.,-,2024,LORETO,04/01/2012,04/01/2012,2012.0,12.0,0,2022,2,1,1,100000.0,1,1.0,1.0,EMPRESA INDIVIDUAL DE RESP. LTDA,ACTIVO,HABIDO,,LORETO/ALTO AMAZONAS/YURIMAGUAS,Principal - 4100 - CONSTRUCCIÓN DE EDIFICIOS,3.0,"Principal - 4100 - CONSTRUCCIÓN DE EDIFICIOS | Secundaria 1 - 7110 - ACTIVIDADES DE ARQUITECTURA E INGENIERÍA Y ACTIVIDADES CONEXAS DE CONSULTORÍA TÉCNICA | Secundaria 2 - 6920 - ACTIVIDADES DE CONTABILIDAD, TENEDURÍA DE LIBROS Y AUDITORÍA; CONSULTORÍA FISCAL",0,0,0,0,23/09/2026 22:34,1,1,1,67.9,Alto
20494686369,CONSTRUCTORA E INMOBILIARIA ENMANUEL & LUCIANO SOCIEDAD ANONIMA CERRADA,COINELU S.A.C.,2024,LORETO,28/04/2017,28/04/2017,2017.0,7.0,0,2013,11,1,1,122568885.39,1,0.0,0.0,SOCIEDAD ANONIMA CERRADA,ACTIVO,HABIDO,,ICA/NASCA/NASCA,Principal - 4210 - CONSTRUCCIÓN DE CARRETERAS Y VÍAS DE FERROCARRIL,2.0,Principal - 4210 - CONSTRUCCIÓN DE CARRETERAS Y VÍAS DE FERROCARRIL | Secundaria 2 - 4100 - CONSTRUCCIÓN DE EDIFICIOS,3,0,0,0,23/09/2026 22:35,1,1,1,67.9,Alto
20523013603,DESIAL S.A.C.,-,2024,LORETO,26/08/2009,02/09/2009,2009.0,15.0,0,2016,8,1,1,16748600.78,1,1.0,1.0,SOCIEDAD ANONIMA CERRADA,ACTIVO,HABIDO,,UCAYALI/CORONEL PORTILLO/CALLERIA,Principal - 4100 - CONSTRUCCIÓN DE EDIFICIOS,3.0,"Principal - 4100 - CONSTRUCCIÓN DE EDIFICIOS | Secundaria 1 - 7730 - ALQUILER Y ARRENDAMIENTO DE OTROS TIPOS DE MAQUINARIA, EQUIPO Y BIENES TANGIBLES | Secundaria 2 - 4210 - CONSTRUCCIÓN DE CARRETERAS Y VÍAS DE FERROCARRIL",1,0,0,0,23/09/2026 22:40,1,1,1,67.9,Alto
20528115897,CABALLERO CONTRATISTAS GENERALES E.I.R.L.,CABALLERO CONTRATISTAS GENERAL,2024,LORETO,01/09/2008,01/09/2008,2008.0,16.0,0,2012,12,5,1,653125769.72,5,0.0,0.0,EMPRESA INDIVIDUAL DE RESP. LTDA,ACTIVO,HABIDO,,LORETO/DATEM DEL MARAÑON/MANSERICHE,Principal - 4220 - CONSTRUCCIÓN DE PROYECTOS DE SERVICIO PÚBLICO,3.0,"Principal - 4220 - CONSTRUCCIÓN DE PROYECTOS DE SERVICIO PÚBLICO | Secundaria 1 - 7730 - ALQUILER Y ARRENDAMIENTO DE OTROS TIPOS DE MAQUINARIA, EQUIPO Y BIENES TANGIBLES | Secundaria 2 - 4663 - VENTA AL POR MAYOR DE MATERIALES DE CONSTRUCCIÓN, ARTÍCULOS DE FERRETERÍA Y EQUIPO Y MATERIALES DE FONTANERÍA Y CALEFACCIÓN",0,0,0,0,23/09/2026 22:42,1,1,1,67.9,Alto
20528149953,CONSTRUCTORA IMPORTADORA J.J.J. ORBA E.I.R.L.,-,2024,LORETO,19/12/2008,19/12/2008,2008.0,16.0,0,2012,12,2,1,57987242.46,2,0.0,0.0,EMPRESA INDIVIDUAL DE RESP. LTDA,ACTIVO,HABIDO,,LORETO/MAYNAS/IQUITOS,Principal - 4390 - OTRAS ACTIVIDADES ESPECIALIZADAS DE CONSTRUCCIÓN,3.0,"Principal - 4390 - OTRAS ACTIVIDADES ESPECIALIZADAS DE CONSTRUCCIÓN | Secundaria 1 - 9411 - ACTIVIDADES DE ASOCIACIONES EMPRESARIALES Y DE EMPLEADORES | Secundaria 2 - 4663 - VENTA AL POR MAYOR DE MATERIALES DE CONSTRUCCIÓN, ARTÍCULOS DE FERRETERÍA Y EQUIPO Y MATERIALES DE FONTANERÍA Y CALEFACCIÓN",0,0,0,0,23/09/2026 22:42,1,1,1,67.9,Alto
20528181334,CPM INGENIERIA & CONSTRUCCION S.A.C,-,2024,LORETO,19/03/2009,19/03/2009,2009.0,15.0,0,2020,4,1,1,156685356.99,1,0.0,0.0,SOCIEDAD ANONIMA CERRADA,ACTIVO,HABIDO,,LORETO/MAYNAS/IQUITOS,Principal - 4290 - CONSTRUCCIÓN DE OTRAS OBRAS DE INGENIERÍA CIVIL,3.0,"Principal - 4290 - CONSTRUCCIÓN DE OTRAS OBRAS DE INGENIERÍA CIVIL | Secundaria 1 - 7110 - ACTIVIDADES DE ARQUITECTURA E INGENIERÍA Y ACTIVIDADES CONEXAS DE CONSULTORÍA TÉCNICA | Secundaria 2 - 4663 - VENTA AL POR MAYOR DE MATERIALES DE CONSTRUCCIÓN, ARTÍCULOS DE FERRETERÍA Y EQUIPO Y MATERIALES DE FONTANERÍA Y CALEFACCIÓN",0,0,0,0,23/09/2026 22:43,1,1,1,67.9,Alto
20528255982,ACES SOCIEDAD COMERCIAL DE RESPONSABILIDAD LIMITADA,ACES S.R.L.,2024,LORETO,28/09/2009,28/09/2009,2009.0,15.0,0,2016,8,1,1,100000.0,1,1.0,1.0,SOC.COM.RESPONS. LTDA,ACTIVO,HABIDO,,LORETO/MAYNAS/PUNCHANA,Principal - 4100 - CONSTRUCCIÓN DE EDIFICIOS,3.0,Principal - 4100 - CONSTRUCCIÓN DE EDIFICIOS | Secundaria 1 - 6810 - ACTIVIDADES INMOBILIARIAS REALIZADAS CON BIENES PROPIOS O ARRENDADOS | Secundaria 2 - 5510 - ACTIVIDADES DE ALOJAMIENTO PARA ESTANCIAS CORTAS,0,0,0,0,23/09/2026 22:43,1,1,1,67.9,Alto
20528388869,CONSTRUCTORA E INMOBILIARIA AMAZONICA E.I.R.L.,-,2024,LORETO,20/12/2010,20/12/2010,2010.0,14.0,0,2019,5,1,1,31769454.24,1,0.0,0.0,EMPRESA INDIVIDUAL DE RESP. LTDA,ACTIVO,HABIDO,,LORETO/MAYNAS/SAN JUAN BAUTISTA,Principal - 4100 - CONSTRUCCIÓN DE EDIFICIOS,3.0,"Principal - 4100 - CONSTRUCCIÓN DE EDIFICIOS | Secundaria 1 - 7730 - ALQUILER Y ARRENDAMIENTO DE OTROS TIPOS DE MAQUINARIA, EQUIPO Y BIENES TANGIBLES | Secundaria 2 - 4663 - VENTA AL POR MAYOR DE MATERIALES DE CONSTRUCCIÓN, ARTÍCULOS DE FERRETERÍA Y EQUIPO Y MATERIALES DE FONTANERÍA Y CALEFACCIÓN",0,0,0,0,23/09/2026 22:43,1,1,1,67.9,Alto
20528457691,SERVICIOS PARA LA INDUSTRIA DE LA CONSTRUCCION CIVIL AMAZONICA CONSULTORES Y EJECUTORES E.I.R.L.,SICCA CONSULTORES Y EJECUTORES,2024,LORETO,03/06/2011,03/06/2011,2011.0,13.0,0,2018,6,3,1,57808025.4,3,0.0,0.0,EMPRESA INDIVIDUAL DE RESP. LTDA,ACTIVO,HABIDO,,LORETO/MAYNAS/SAN JUAN BAUTISTA,Principal - 4100 - CONSTRUCCIÓN DE EDIFICIOS,3.0,Principal - 4100 - CONSTRUCCIÓN DE EDIFICIOS | Secundaria 1 - 4330 - TERMINACIÓN Y ACABADO DE EDIFICIOS | Secundaria 2 - 4210 - CONSTRUCCIÓN DE CARRETERAS Y VÍAS DE FERROCARRIL,0,0,0,0,23/09/2026 22:43,1,1,1,67.9,Alto
20528476300,CONSTRUCCIONES Y EDIFICACIONES VULCANO E.I.R.L.,-,2024,LORETO,21/07/2011,01/08/2011,2011.0,13.0,0,2020,4,1,1,400000.0,1,1.0,1.0,EMPRESA INDIVIDUAL DE RESP. LTDA,ACTIVO,HABIDO,,LORETO/MAYNAS/IQUITOS,Principal - 4220 - CONSTRUCCIÓN DE PROYECTOS DE SERVICIO PÚBLICO,3.0,Principal - 4220 - CONSTRUCCIÓN DE PROYECTOS DE SERVICIO PÚBLICO | Secundaria 1 - 7110 - ACTIVIDADES DE ARQUITECTURA E INGENIERÍA Y ACTIVIDADES CONEXAS DE CONSULTORÍA TÉCNICA | Secundaria 2 - 0161 - ACTIVIDADES DE APOYO A LA AGRICULTURA,0,0,0,0,23/09/2026 22:43,1,1,1,67.9,Alto
20529089571,CONSTRUCCIONES E INVERSIONES NUEVO HORIZONTE S.R.L,CONINHOR S.R.L.,2024,LORETO,02/09/2010,02/09/2010,2010.0,14.0,0,2018,6,1,1,37793725.98,1,0.0,0.0,SOC.COM.RESPONS. LTDA,ACTIVO,HABIDO,,HUANUCO/HUANUCO/HUANUCO,Principal - 4100 - CONSTRUCCIÓN DE EDIFICIOS,3.0,"Principal - 4100 - CONSTRUCCIÓN DE EDIFICIOS | Secundaria 1 - 4530 - VENTA DE PARTES, PIEZAS Y ACCESORIOS PARA VEHÍCULOS AUTOMOTORES | Secundaria 2 - 4752 - VENTA AL POR MENOR DE ARTÍCULOS DE FERRETERÍA, PINTURAS Y PRODUCTOS DE VIDRIO EN COMERCIOS ESPECIALIZADOS",0,0,0,0,23/09/2026 22:44,1,1,1,67.9,Alto
20531302321,RAMOS CONTRATISTAS GENERALES S.A.C.,-,2024,LORETO,07/09/2001,04/09/2001,2001.0,23.0,0,2012,12,1,1,125205857.94,1,0.0,0.0,SOCIEDAD ANONIMA CERRADA,ACTIVO,HABIDO,,LORETO/ALTO AMAZONAS/YURIMAGUAS,Principal - 4100 - CONSTRUCCIÓN DE EDIFICIOS,2.0,"Principal - 4100 - CONSTRUCCIÓN DE EDIFICIOS | Secundaria 1 - 4752 - VENTA AL POR MENOR DE ARTÍCULOS DE FERRETERÍA, PINTURAS Y PRODUCTOS DE VIDRIO EN COMERCIOS ESPECIALIZADOS",0,0,0,0,23/09/2026 22:47,1,1,1,67.9,Alto
20531396635,CONSTRUCTORA B&V S.R.L.,-,2024,LORETO,04/04/2003,04/04/2003,2003.0,21.0,0,2005,19,1,1,100000.0,1,1.0,1.0,SOC.COM.RESPONS. LTDA,ACTIVO,HABIDO,,LORETO/ALTO AMAZONAS/YURIMAGUAS,Principal - 4100 - CONSTRUCCIÓN DE EDIFICIOS,3.0,"Principal - 4100 - CONSTRUCCIÓN DE EDIFICIOS | Secundaria 1 - 4663 - VENTA AL POR MAYOR DE MATERIALES DE CONSTRUCCIÓN, ARTÍCULOS DE FERRETERÍA Y EQUIPO Y MATERIALES DE FONTANERÍA Y CALEFACCIÓN | Secundaria 2 - 3314 - REPARACIÓN DE EQUIPO ELÉCTRICO",0,0,0,0,23/09/2026 22:47,1,1,1,67.9,Alto
20541112660,M&M INGENIEROS CONSTRUCTORES Y CONSULTORES E.I.R.L.,-,2024,LORETO,07/11/2011,07/11/2011,2011.0,13.0,0,2024,0,1,1,100000.0,1,1.0,1.0,EMPRESA INDIVIDUAL DE RESP. LTDA,ACTIVO,HABIDO,,LORETO/MAYNAS/PUNCHANA,Principal - 4290 - CONSTRUCCIÓN DE OTRAS OBRAS DE INGENIERÍA CIVIL,3.0,"Principal - 4290 - CONSTRUCCIÓN DE OTRAS OBRAS DE INGENIERÍA CIVIL | Secundaria 1 - 7730 - ALQUILER Y ARRENDAMIENTO DE OTROS TIPOS DE MAQUINARIA, EQUIPO Y BIENES TANGIBLES | Secundaria 2 - 5022 - TRANSPORTE DE CARGA POR VÍAS DE NAVEGACIÓN INTERIORES",0,0,0,0,23/09/2026 22:53,1,1,1,67.9,Alto
20541143549,AMAZOONS CONSTRUCTORES Y SERVICIOS GENERALES S.R.L.,-,2024,LORETO,07/02/2012,20/03/2012,2012.0,12.0,0,2015,9,1,1,100000.0,1,1.0,1.0,SOC.COM.RESPONS. LTDA,ACTIVO,HABIDO,,LORETO/MAYNAS/IQUITOS,Principal - 4329 - OTRAS INSTALACIONES PARA OBRAS DE CONSTRUCCIÓN,3.0,Principal - 4329 - OTRAS INSTALACIONES PARA OBRAS DE CONSTRUCCIÓN | Secundaria 1 - 4330 - TERMINACIÓN Y ACABADO DE EDIFICIOS | Secundaria 2 - 8299 - OTRAS ACTIVIDADES DE SERVICIOS DE APOYO A LAS EMPRESAS N.C.P.,2,0,0,0,23/09/2026 22:53,1,1,1,67.9,Alto
20541243250,INVERSIONES Y SERVICIOS SANTA MARTHA E.I.R.L.,-,2024,LORETO,05/12/2012,05/12/2012,2012.0,12.0,0,2017,7,1,1,16123667.22,1,0.0,0.0,EMPRESA INDIVIDUAL DE RESP. LTDA,ACTIVO,HABIDO,,LORETO/MAYNAS/IQUITOS,Principal - 4100 - CONSTRUCCIÓN DE EDIFICIOS,3.0,Principal - 4100 - CONSTRUCCIÓN DE EDIFICIOS | Secundaria 1 - 7110 - ACTIVIDADES DE ARQUITECTURA E INGENIERÍA Y ACTIVIDADES CONEXAS DE CONSULTORÍA TÉCNICA | Secundaria 2 - 4659 - VENTA AL POR MAYOR DE OTROS TIPOS DE MAQUINARIA Y EQUIPO,0,0,0,0,23/09/2026 22:53,1,1,1,67.9,Alto
20541261401,HCV INGENIERIA SAC,HCV INGENIERIA SAC,2024,LORETO,27/01/2017,27/01/2017,2017.0,7.0,0,2022,2,1,1,833292484.74,1,0.0,0.0,SOCIEDAD ANONIMA CERRADA,ACTIVO,HABIDO,,LORETO/MAYNAS/IQUITOS,Principal - 4100 - CONSTRUCCIÓN DE EDIFICIOS,1.0,Principal - 4100 - CONSTRUCCIÓN DE EDIFICIOS,0,0,0,0,23/09/2026 22:53,1,1,1,67.9,Alto
20541653156,CORPORACION ANDINA YIRET E.I.R.L.,-,2024,LORETO,16/03/2012,01/05/2012,2012.0,12.0,0,2017,7,5,3,38600390.99,5,0.0,0.0,EMPRESA INDIVIDUAL DE RESP. LTDA,ACTIVO,HABIDO,,LIMA/LIMA/SAN JUAN DE MIRAFLORES,Principal - 4100 - CONSTRUCCIÓN DE EDIFICIOS,2.0,Principal - 4100 - CONSTRUCCIÓN DE EDIFICIOS | Secundaria 1 - 4390 - OTRAS ACTIVIDADES ESPECIALIZADAS DE CONSTRUCCIÓN,0,0,0,0,23/09/2026 22:54,1,1,1,67.9,Alto
20542301172,EMPRESA CONSTRUCTORA E INMOBILIARIA IBAÑEZ RUIZ S.A.C.,ECOIIR S.A.C.,2024,LORETO,13/03/2013,12/03/2013,2013.0,11.0,0,2023,1,1,1,19394830.16,1,0.0,0.0,SOCIEDAD ANONIMA CERRADA,ACTIVO,HABIDO,,LORETO/ALTO AMAZONAS/YURIMAGUAS,Principal - 4923 - TRANSPORTE DE CARGA POR CARRETERA,3.0,Principal - 4923 - TRANSPORTE DE CARGA POR CARRETERA | Secundaria 1 - 2399 - FABRICACIÓN DE OTROS PRODUCTOS MINERALES NO METÁLICOS N.C.P. | Secundaria 2 - 4220 - CONSTRUCCIÓN DE PROYECTOS DE SERVICIO PÚBLICO,0,0,0,0,23/09/2026 22:55,1,1,1,67.9,Alto
20559937691,CONSTRUCTORA & CONSULTORA ALRO S.A.C.,-,2024,LORETO,14/04/2014,14/04/2014,2014.0,10.0,0,2024,0,3,1,100000.0,3,3.0,1.0,SOCIEDAD ANONIMA CERRADA,ACTIVO,HABIDO,,LORETO/LORETO/NAUTA,Principal - 4390 - OTRAS ACTIVIDADES ESPECIALIZADAS DE CONSTRUCCIÓN,3.0,"Principal - 4390 - OTRAS ACTIVIDADES ESPECIALIZADAS DE CONSTRUCCIÓN | Secundaria 1 - 4663 - VENTA AL POR MAYOR DE MATERIALES DE CONSTRUCCIÓN, ARTÍCULOS DE FERRETERÍA Y EQUIPO Y MATERIALES DE FONTANERÍA Y CALEFACCIÓN | Secundaria 2 - 5022 - TRANSPORTE DE CARGA POR VÍAS DE NAVEGACIÓN INTERIORES",0,0,0,0,23/09/2026 22:58,1,1,1,67.9,Alto
20567140220,JVC CONSULTORES Y EJECUTORES E.I.R.L.,-,2024,LORETO,25/09/2013,25/09/2013,2013.0,11.0,0,2019,5,2,2,1163624724.74,2,0.0,0.0,EMPRESA INDIVIDUAL DE RESP. LTDA,ACTIVO,HABIDO,,LORETO/MAYNAS/IQUITOS,Principal - 4220 - CONSTRUCCIÓN DE PROYECTOS DE SERVICIO PÚBLICO,3.0,"Principal - 4220 - CONSTRUCCIÓN DE PROYECTOS DE SERVICIO PÚBLICO | Secundaria 1 - 7120 - ENSAYOS Y ANÁLISIS TÉCNICOS | Secundaria 2 - 7730 - ALQUILER Y ARRENDAMIENTO DE OTROS TIPOS DE MAQUINARIA, EQUIPO Y BIENES TANGIBLES",0,0,0,0,23/09/2026 22:59,1,1,1,67.9,Alto
20567237061,CONSTRUCTORA MIDATO E.I.R.L.,-,2024,LORETO,17/06/2014,17/06/2014,2014.0,10.0,0,2020,4,2,1,509283968.8,2,0.0,0.0,EMPRESA INDIVIDUAL DE RESP. LTDA,ACTIVO,HABIDO,,LORETO/MAYNAS/IQUITOS,Principal - 4100 - CONSTRUCCIÓN DE EDIFICIOS,2.0,"Principal - 4100 - CONSTRUCCIÓN DE EDIFICIOS | Secundaria 1 - 4663 - VENTA AL POR MAYOR DE MATERIALES DE CONSTRUCCIÓN, ARTÍCULOS DE FERRETERÍA Y EQUIPO Y MATERIALES DE FONTANERÍA Y CALEFACCIÓN",1,0,0,0,23/09/2026 22:59,1,1,1,67.9,Alto
20567287247,OMEGA SERVICE CONTRATISTAS Y CONSULTORES E.I.R.L.,OMEGA CONTRATISTAS EIRL,2024,LORETO,03/11/2014,03/11/2014,2014.0,10.0,0,2018,6,2,1,12481467.31,2,0.0,0.0,EMPRESA INDIVIDUAL DE RESP. LTDA,ACTIVO,HABIDO,,LORETO/MAYNAS/IQUITOS,Principal - 7110 - ACTIVIDADES DE ARQUITECTURA E INGENIERÍA Y ACTIVIDADES CONEXAS DE CONSULTORÍA TÉCNICA,3.0,"Principal - 7110 - ACTIVIDADES DE ARQUITECTURA E INGENIERÍA Y ACTIVIDADES CONEXAS DE CONSULTORÍA TÉCNICA | Secundaria 1 - 7730 - ALQUILER Y ARRENDAMIENTO DE OTROS TIPOS DE MAQUINARIA, EQUIPO Y BIENES TANGIBLES | Secundaria 2 - 4663 - VENTA AL POR MAYOR DE MATERIALES DE CONSTRUCCIÓN, ARTÍCULOS DE FERRETERÍA Y EQUIPO Y MATERIALES DE FONTANERÍA Y CALEFACCIÓN",0,0,0,0,23/09/2026 22:59,1,1,1,67.9,Alto
20572288901,F & P CONSTRUCTORA ENALTA S.A.C.,-,2024,LORETO,28/11/2014,28/11/2014,2014.0,10.0,0,2019,5,1,1,37640903.75,1,0.0,0.0,SOCIEDAD ANONIMA CERRADA,ACTIVO,HABIDO,,LORETO/ALTO AMAZONAS/YURIMAGUAS,Principal - 4210 - CONSTRUCCIÓN DE CARRETERAS Y VÍAS DE FERROCARRIL,3.0,Principal - 4210 - CONSTRUCCIÓN DE CARRETERAS Y VÍAS DE FERROCARRIL | Secundaria 1 - 4100 - CONSTRUCCIÓN DE EDIFICIOS | Secundaria 2 - 7110 - ACTIVIDADES DE ARQUITECTURA E INGENIERÍA Y ACTIVIDADES CONEXAS DE CONSULTORÍA TÉCNICA,0,0,0,0,23/09/2026 23:03,1,1,1,67.9,Alto
20600002717,CAFELE CONSULTORES Y CONTRATISTAS EMPRESA INDIVIDUAL DE RESPONSABILIDAD LIMITADA,-,2024,LORETO,16/12/2014,01/01/2015,2015.0,9.0,0,2016,8,1,2,45702373.57,1,0.0,0.0,EMPRESA INDIVIDUAL DE RESP. LTDA,ACTIVO,HABIDO,,AREQUIPA/AREQUIPA/PAUCARPATA,Principal - 7110 - ACTIVIDADES DE ARQUITECTURA E INGENIERÍA Y ACTIVIDADES CONEXAS DE CONSULTORÍA TÉCNICA,3.0,Principal - 7110 - ACTIVIDADES DE ARQUITECTURA E INGENIERÍA Y ACTIVIDADES CONEXAS DE CONSULTORÍA TÉCNICA | Secundaria 1 - 4923 - TRANSPORTE DE CARGA POR CARRETERA | Secundaria 2 - 4290 - CONSTRUCCIÓN DE OTRAS OBRAS DE INGENIERÍA CIVIL,0,0,0,0,23/09/2026 23:05,1,1,1,67.9,Alto
20600182693,INVERSIONES ALFA Y MARFIL E.I.R.L.,INVALMA,2024,LORETO,02/03/2015,02/03/2015,2015.0,9.0,0,2024,0,3,1,2163868.93,3,0.0,0.0,EMPRESA INDIVIDUAL DE RESP. LTDA,ACTIVO,HABIDO,,UCAYALI/CORONEL PORTILLO/CALLERIA,Principal - 4100 - CONSTRUCCIÓN DE EDIFICIOS,3.0,Principal - 4100 - CONSTRUCCIÓN DE EDIFICIOS | Secundaria 1 - 7110 - ACTIVIDADES DE ARQUITECTURA E INGENIERÍA Y ACTIVIDADES CONEXAS DE CONSULTORÍA TÉCNICA | Secundaria 2 - 4390 - OTRAS ACTIVIDADES ESPECIALIZADAS DE CONSTRUCCIÓN,1,0,0,0,23/09/2026 23:07,1,1,1,67.9,Alto
20600409311,MARCHAND RAMOS CONTRATISTAS GENERALES E.I.R.L.,MR CONTRATISTAS GENERALES,2024,LORETO,28/05/2015,01/06/2015,2015.0,9.0,0,2018,6,1,1,604947673.52,1,0.0,0.0,EMPRESA INDIVIDUAL DE RESP. LTDA,ACTIVO,HABIDO,,UCAYALI/CORONEL PORTILLO/CALLERIA,Principal - 4100 - CONSTRUCCIÓN DE EDIFICIOS,3.0,"Principal - 4100 - CONSTRUCCIÓN DE EDIFICIOS | Secundaria 1 - 4663 - VENTA AL POR MAYOR DE MATERIALES DE CONSTRUCCIÓN, ARTÍCULOS DE FERRETERÍA Y EQUIPO Y MATERIALES DE FONTANERÍA Y CALEFACCIÓN | Secundaria 2 - 3312 - REPARACIÓN DE MAQUINARIA",0,0,0,0,23/09/2026 23:08,1,1,1,67.9,Alto
20600523571,GEN & FER CONSTRUCCIONES Y SERVICIOS E.I.R.L.,-,2024,LORETO,13/07/2015,13/07/2015,2015.0,9.0,0,2024,0,1,1,100000.0,1,1.0,1.0,EMPRESA INDIVIDUAL DE RESP. LTDA,ACTIVO,HABIDO,,LORETO/MAYNAS/PUNCHANA,Principal - 4100 - CONSTRUCCIÓN DE EDIFICIOS,3.0,"Principal - 4100 - CONSTRUCCIÓN DE EDIFICIOS | Secundaria 1 - 7730 - ALQUILER Y ARRENDAMIENTO DE OTROS TIPOS DE MAQUINARIA, EQUIPO Y BIENES TANGIBLES | Secundaria 2 - 4663 - VENTA AL POR MAYOR DE MATERIALES DE CONSTRUCCIÓN, ARTÍCULOS DE FERRETERÍA Y EQUIPO Y MATERIALES DE FONTANERÍA Y CALEFACCIÓN",0,0,0,0,23/09/2026 23:09,1,1,1,67.9,Alto
20601131367,INVERSIONES CORPORATIVAS HAMIAK EMPRESA INDIVIDUAL DE RESPONSABILIDAD LIMITADA,-,2024,LORETO,03/01/2019,03/01/2019,2019.0,5.0,0,2024,0,1,1,100000.0,1,1.0,1.0,EMPRESA INDIVIDUAL DE RESP. LTDA,ACTIVO,HABIDO,,LORETO/MAYNAS/IQUITOS,Principal - 4100 - CONSTRUCCIÓN DE EDIFICIOS,3.0,"Principal - 4100 - CONSTRUCCIÓN DE EDIFICIOS | Secundaria 1 - 4663 - VENTA AL POR MAYOR DE MATERIALES DE CONSTRUCCIÓN, ARTÍCULOS DE FERRETERÍA Y EQUIPO Y MATERIALES DE FONTANERÍA Y CALEFACCIÓN | Secundaria 2 - 7110 - ACTIVIDADES DE ARQUITECTURA E INGENIERÍA Y ACTIVIDADES CONEXAS DE CONSULTORÍA TÉCNICA",0,0,0,0,23/09/2026 23:12,1,1,1,67.9,Alto
20601202574,JADE VARGAS CONTRATISTAS E.I.R.L.,-,2024,LORETO,05/05/2016,05/05/2016,2016.0,8.0,0,2021,3,1,2,500000.0,1,1.0,1.0,EMPRESA INDIVIDUAL DE RESP. LTDA,ACTIVO,HABIDO,,LORETO/MAYNAS/IQUITOS,"Principal - 4663 - VENTA AL POR MAYOR DE MATERIALES DE CONSTRUCCIÓN, ARTÍCULOS DE FERRETERÍA Y EQUIPO Y MATERIALES DE FONTANERÍA Y CALEFACCIÓN",2.0,"Principal - 4663 - VENTA AL POR MAYOR DE MATERIALES DE CONSTRUCCIÓN, ARTÍCULOS DE FERRETERÍA Y EQUIPO Y MATERIALES DE FONTANERÍA Y CALEFACCIÓN | Secundaria 1 - 4100 - CONSTRUCCIÓN DE EDIFICIOS",0,0,0,0,23/09/2026 23:12,1,1,1,67.9,Alto
20601282063,CORPORACION 3MC EMPRESA INDIVIDUAL DE RESPONSABILIDAD LIMITADA,-,2024,LORETO,07/06/2016,22/08/2016,2016.0,8.0,0,2024,0,1,1,16174806.9,1,0.0,0.0,EMPRESA INDIVIDUAL DE RESP. LTDA,ACTIVO,HABIDO,,LIMA/LIMA/LOS OLIVOS,Principal - 4220 - CONSTRUCCIÓN DE PROYECTOS DE SERVICIO PÚBLICO,3.0,Principal - 4220 - CONSTRUCCIÓN DE PROYECTOS DE SERVICIO PÚBLICO | Secundaria 1 - 9609 - OTRAS ACTIVIDADES DE SERVICIOS PERSONALES N.C.P. | Secundaria 2 - 4290 - CONSTRUCCIÓN DE OTRAS OBRAS DE INGENIERÍA CIVIL,1,0,0,0,23/09/2026 23:12,1,1,1,67.9,Alto
20601324491,GOLDSTEEL CONSTRUCTORES & CONSULTORES S.A.C.,-,2024,LORETO,27/09/2023,01/10/2023,2023.0,1.0,0,2016,8,1,2,17449611.71,1,0.0,0.0,SOCIEDAD ANONIMA CERRADA,ACTIVO,HABIDO,,LORETO/MAYNAS/IQUITOS,Principal - 4100 - CONSTRUCCIÓN DE EDIFICIOS,1.0,Principal - 4100 - CONSTRUCCIÓN DE EDIFICIOS,1,0,0,0,23/09/2026 23:13,1,1,1,67.9,Alto
20601693659,GRUPO VILLAN E.I.R.L,-,2024,LORETO,29/11/2016,01/12/2016,2016.0,8.0,0,2024,0,1,1,542866.76,1,1.0,1.0,EMPRESA INDIVIDUAL DE RESP. LTDA,ACTIVO,HABIDO,,LORETO/ALTO AMAZONAS/YURIMAGUAS,Principal - 7110 - ACTIVIDADES DE ARQUITECTURA E INGENIERÍA Y ACTIVIDADES CONEXAS DE CONSULTORÍA TÉCNICA,3.0,"Principal - 7110 - ACTIVIDADES DE ARQUITECTURA E INGENIERÍA Y ACTIVIDADES CONEXAS DE CONSULTORÍA TÉCNICA | Secundaria 1 - 4220 - CONSTRUCCIÓN DE PROYECTOS DE SERVICIO PÚBLICO | Secundaria 2 - 7730 - ALQUILER Y ARRENDAMIENTO DE OTROS TIPOS DE MAQUINARIA, EQUIPO Y BIENES TANGIBLES",0,0,0,0,23/09/2026 23:14,1,1,1,67.9,Alto
20601911915,ASESORES Y SERVICIOS GENERALES GRUPO B & M E.I.R.L.,-,2024,LORETO,24/02/2017,01/03/2017,2017.0,7.0,0,2024,0,2,1,100000.0,2,2.0,1.0,EMPRESA INDIVIDUAL DE RESP. LTDA,SUSPENSION TEMPORAL,HABIDO,,SAN MARTIN/SAN MARTIN/TARAPOTO,Principal - 7020 - ACTIVIDADES DE CONSULTORÍA DE GESTIÓN,3.0,Principal - 7020 - ACTIVIDADES DE CONSULTORÍA DE GESTIÓN | Secundaria 1 - 5022 - TRANSPORTE DE CARGA POR VÍAS DE NAVEGACIÓN INTERIORES | Secundaria 2 - 4290 - CONSTRUCCIÓN DE OTRAS OBRAS DE INGENIERÍA CIVIL,0,0,0,0,23/09/2026 23:15,1,1,1,67.9,Alto
20601944384,SIPAN-SOSA CONSTRUCCIONES Y SERVICIOS S.R.L.,S & S S.R.L.,2024,LORETO,09/03/2017,25/02/2017,2017.0,7.0,0,2023,1,1,1,100000.0,1,1.0,1.0,SOC.COM.RESPONS. LTDA,ACTIVO,HABIDO,,LORETO/MAYNAS/IQUITOS,"Principal - 4663 - VENTA AL POR MAYOR DE MATERIALES DE CONSTRUCCIÓN, ARTÍCULOS DE FERRETERÍA Y EQUIPO Y MATERIALES DE FONTANERÍA Y CALEFACCIÓN",3.0,"Principal - 4663 - VENTA AL POR MAYOR DE MATERIALES DE CONSTRUCCIÓN, ARTÍCULOS DE FERRETERÍA Y EQUIPO Y MATERIALES DE FONTANERÍA Y CALEFACCIÓN | Secundaria 1 - 4641 - VENTA AL POR MAYOR DE PRODUCTOS TEXTILES, PRENDAS DE VESTIR Y CALZADO | Secundaria 2 - 4520 - MANTENIMIENTO Y REPARACIÓN DE VEHÍCULOS AUTOMOTORES",0,0,0,0,23/09/2026 23:15,1,1,1,67.9,Alto
20602797016,D ROCA INGENIERIA Y CONSTRUCCION SAC,-,2024,LORETO,15/01/2018,10/01/2018,2018.0,6.0,0,2022,2,1,1,400000.0,1,1.0,1.0,SOCIEDAD ANONIMA CERRADA,ACTIVO,HABIDO,,LORETO/MAYNAS/IQUITOS,Principal - 4100 - CONSTRUCCIÓN DE EDIFICIOS,3.0,Principal - 4100 - CONSTRUCCIÓN DE EDIFICIOS | Secundaria 1 - 4330 - TERMINACIÓN Y ACABADO DE EDIFICIOS | Secundaria 2 - 7020 - ACTIVIDADES DE CONSULTORÍA DE GESTIÓN,0,0,0,0,23/09/2026 23:17,1,1,1,67.9,Alto
20603476400,CONSTRUCOES ENGENHARIA E PAVIMENTACAO ENPAVI LTDA SUCURSAL DEL PERU,-,2024,LORETO,09/08/2018,09/08/2018,2018.0,6.0,0,2020,4,1,2,470313192.14,1,0.0,0.0,SUCURSALES O AG. DE EMP. EXTRANJ.,ACTIVO,HABIDO,,LIMA/LIMA/SANTIAGO DE SURCO,Principal - 7110 - ACTIVIDADES DE ARQUITECTURA E INGENIERÍA Y ACTIVIDADES CONEXAS DE CONSULTORÍA TÉCNICA,1.0,Principal - 7110 - ACTIVIDADES DE ARQUITECTURA E INGENIERÍA Y ACTIVIDADES CONEXAS DE CONSULTORÍA TÉCNICA,1,0,0,0,23/09/2026 23:19,1,1,1,67.9,Alto
20608845934,CONSTRUCTORA ATSA EMPRESA INDIVIDUAL DE RESPONSABILIDAD LIMITADA,-,2024,LORETO,10/12/2021,10/12/2021,2021.0,3.0,0,2022,2,2,1,100000.0,2,2.0,1.0,EMPRESA INDIVIDUAL DE RESP. LTDA,ACTIVO,HABIDO,,LORETO/MAYNAS/IQUITOS,Principal - 4100 - CONSTRUCCIÓN DE EDIFICIOS,2.0,Principal - 4100 - CONSTRUCCIÓN DE EDIFICIOS | Secundaria 1 - 7110 - ACTIVIDADES DE ARQUITECTURA E INGENIERÍA Y ACTIVIDADES CONEXAS DE CONSULTORÍA TÉCNICA,0,0,0,0,23/09/2026 23:27,1,1,1,67.9,Alto
20610436499,ADPR CONSULTORIA Y EJECUCION DE OBRAS E.I.R.L.,ADPR CONSULTORIA Y EJECUCION D,2024,LORETO,05/01/2023,26/01/2023,2023.0,1.0,0,2024,0,1,1,100000.0,1,1.0,1.0,EMPRESA INDIVIDUAL DE RESP. LTDA,ACTIVO,HABIDO,,LORETO/MAYNAS/IQUITOS,Principal - 7110 - ACTIVIDADES DE ARQUITECTURA E INGENIERÍA Y ACTIVIDADES CONEXAS DE CONSULTORÍA TÉCNICA,3.0,Principal - 7110 - ACTIVIDADES DE ARQUITECTURA E INGENIERÍA Y ACTIVIDADES CONEXAS DE CONSULTORÍA TÉCNICA | Secundaria 1 - 4290 - CONSTRUCCIÓN DE OTRAS OBRAS DE INGENIERÍA CIVIL | Secundaria 2 - 9609 - OTRAS ACTIVIDADES DE SERVICIOS PERSONALES N.C.P.,0,0,0,0,23/09/2026 23:29,1,1,1,67.9,Alto
20610618015,S3 CONSTRUCTORES Y CONSULTORES E.I.R.L,-,2024,LORETO,17/02/2023,11/02/2023,2023.0,1.0,0,2024,0,1,1,100000.0,1,1.0,1.0,EMPRESA INDIVIDUAL DE RESP. LTDA,ACTIVO,HABIDO,,LORETO/MAYNAS/IQUITOS,"Principal - 4663 - VENTA AL POR MAYOR DE MATERIALES DE CONSTRUCCIÓN, ARTÍCULOS DE FERRETERÍA Y EQUIPO Y MATERIALES DE FONTANERÍA Y CALEFACCIÓN",2.0,"Principal - 4663 - VENTA AL POR MAYOR DE MATERIALES DE CONSTRUCCIÓN, ARTÍCULOS DE FERRETERÍA Y EQUIPO Y MATERIALES DE FONTANERÍA Y CALEFACCIÓN | Secundaria 1 - 3290 - OTRAS INDUSTRIAS MANUFACTURERAS N.C.P.",0,0,0,0,23/09/2026 23:29,1,1,1,67.9,Alto
20611139684,INVERSIONES GENERALES DAROGA E.I.R.L.,INVERSIONES DAROGA EIRL,2024,LORETO,13/06/2023,01/07/2023,2023.0,1.0,0,2024,0,1,1,300000.0,1,1.0,1.0,EMPRESA INDIVIDUAL DE RESP. LTDA,ACTIVO,HABIDO,,LORETO/MAYNAS/PUNCHANA,Principal - 4659 - VENTA AL POR MAYOR DE OTROS TIPOS DE MAQUINARIA Y EQUIPO,3.0,"Principal - 4659 - VENTA AL POR MAYOR DE OTROS TIPOS DE MAQUINARIA Y EQUIPO | Secundaria 1 - 4759 - VENTA AL POR MENOR DE APARATOS ELÉCTRICOS DE USO DOMÉSTICO, MUEBLES, EQU. DE ILUMINACIÓN Y OTROS ENSERES EN COM. ESPECIALIZADOS | Secundaria 2 - 4100 - CONSTRUCCIÓN DE EDIFICIOS",0,0,0,0,23/09/2026 23:29,1,1,1,67.9,Alto
20612633917,CONSULTORA Y CONSTRUCCIONES SEGURA E.I.R.L.,CYC SEGURA EIRL.,2024,LORETO,20/05/2024,24/05/2024,2024.0,0.0,0,2024,0,1,1,24195.18,1,1.0,1.0,EMPRESA INDIVIDUAL DE RESP. LTDA,ACTIVO,HABIDO,,LORETO/MAYNAS/SAN JUAN BAUTISTA,Principal - 4100 - CONSTRUCCIÓN DE EDIFICIOS,3.0,Principal - 4100 - CONSTRUCCIÓN DE EDIFICIOS | Secundaria 1 - 7110 - ACTIVIDADES DE ARQUITECTURA E INGENIERÍA Y ACTIVIDADES CONEXAS DE CONSULTORÍA TÉCNICA | Secundaria 2 - 4719 - OTRAS ACTIVIDADES DE VENTA AL POR MENOR EN COMERCIOS NO ESPECIALIZADOS,0,0,0,0,23/09/2026 23:30,1,1,1,67.9,Alto
10324057035,BISBAL VILLANUEVA JORGE LUIS,-,2024,PASCO,12/07/2000,01/07/2000,2000.0,24.0,0,2024,0,1,1,,0,,,PERSONA NATURAL CON NEGOCIO,ACTIVO,HABIDO,,LIMA/LIMA/SAN MIGUEL,Principal - 7110 - ACTIVIDADES DE ARQUITECTURA E INGENIERÍA Y ACTIVIDADES CONEXAS DE CONSULTORÍA TÉCNICA,2.0,"Principal - 7110 - ACTIVIDADES DE ARQUITECTURA E INGENIERÍA Y ACTIVIDADES CONEXAS DE CONSULTORÍA TÉCNICA | Secundaria 2 - 7730 - ALQUILER Y ARRENDAMIENTO DE OTROS TIPOS DE MAQUINARIA, EQUIPO Y BIENES TANGIBLES",0,2,0,0,23/09/2026 22:06,1,1,1,61.4,Alto
10411982438,MEJIA LOARTE ROOSVELT NIGUERT,-,2024,PASCO,13/11/2008,13/11/2008,2008.0,16.0,0,2024,0,1,1,,0,,,PERSONA NATURAL CON NEGOCIO,ACTIVO,HABIDO,,HUANUCO/HUANUCO/HUANUCO,Principal - 7110 - ACTIVIDADES DE ARQUITECTURA E INGENIERÍA Y ACTIVIDADES CONEXAS DE CONSULTORÍA TÉCNICA,3.0,"Principal - 7110 - ACTIVIDADES DE ARQUITECTURA E INGENIERÍA Y ACTIVIDADES CONEXAS DE CONSULTORÍA TÉCNICA | Secundaria 1 - 4663 - VENTA AL POR MAYOR DE MATERIALES DE CONSTRUCCIÓN, ARTÍCULOS DE FERRETERÍA Y EQUIPO Y MATERIALES DE FONTANERÍA Y CALEFACCIÓN | Secundaria 2 - 4661 - VENTA AL POR MAYOR DE COMBUSTIBLES SÓLIDOS, LÍQUIDOS Y GASEOSOS Y PRODUCTOS CONEXOS",0,1,0,0,23/09/2026 22:07,1,1,1,61.4,Alto
10805536867,RUBIO GABRIEL NEILL MICHAEL,CONTRATISTAS GENERALES RUBIO,2024,PASCO,25/01/2002,25/01/2002,2002.0,22.0,0,2019,5,1,1,500000.0,1,1.0,1.0,PERSONA NATURAL CON NEGOCIO,ACTIVO,HABIDO,,HUANUCO/HUANUCO/PILLCO MARCA,Principal - 4290 - CONSTRUCCIÓN DE OTRAS OBRAS DE INGENIERÍA CIVIL,3.0,Principal - 4290 - CONSTRUCCIÓN DE OTRAS OBRAS DE INGENIERÍA CIVIL | Secundaria 1 - 7110 - ACTIVIDADES DE ARQUITECTURA E INGENIERÍA Y ACTIVIDADES CONEXAS DE CONSULTORÍA TÉCNICA | Secundaria 2 - 4210 - CONSTRUCCIÓN DE CARRETERAS Y VÍAS DE FERROCARRIL,0,1,0,0,23/09/2026 22:07,1,1,1,61.4,Alto
20393675480,GINNICO INGENIEROS CONTRATISTAS E.I.R.L.,-,2024,PASCO,23/03/2011,23/03/2011,2011.0,13.0,0,2015,9,1,2,104386132.84,1,0.0,0.0,EMPRESA INDIVIDUAL DE RESP. LTDA,ACTIVO,HABIDO,,UCAYALI/CORONEL PORTILLO/CALLERIA,Principal - 4390 - OTRAS ACTIVIDADES ESPECIALIZADAS DE CONSTRUCCIÓN,3.0,"Principal - 4390 - OTRAS ACTIVIDADES ESPECIALIZADAS DE CONSTRUCCIÓN | Secundaria 1 - 4752 - VENTA AL POR MENOR DE ARTÍCULOS DE FERRETERÍA, PINTURAS Y PRODUCTOS DE VIDRIO EN COMERCIOS ESPECIALIZADOS | Secundaria 2 - 7730 - ALQUILER Y ARRENDAMIENTO DE OTROS TIPOS DE MAQUINARIA, EQUIPO Y BIENES TANGIBLES",0,0,0,0,23/09/2026 22:13,1,1,1,61.4,Alto
20407836872,'CONSTRUCTORA ANAID' E.I.R.L.,'CONSTRUCTORA ANAID' E.I.R.L.,2024,PASCO,06/01/2009,15/01/2009,2009.0,15.0,0,2024,0,5,2,32190460.87,5,0.0,0.0,EMPRESA INDIVIDUAL DE RESP. LTDA,ACTIVO,HABIDO,,ANCASH/CARLOS F. FITZCARRALD/SAN LUIS,Principal - 4210 - CONSTRUCCIÓN DE CARRETERAS Y VÍAS DE FERROCARRIL,3.0,"Principal - 4210 - CONSTRUCCIÓN DE CARRETERAS Y VÍAS DE FERROCARRIL | Secundaria 1 - 3600 - CAPTACIÓN, TRATAMIENTO Y DISTRIBUCIÓN DE AGUA | Secundaria 2 - 7730 - ALQUILER Y ARRENDAMIENTO DE OTROS TIPOS DE MAQUINARIA, EQUIPO Y BIENES TANGIBLES",0,0,0,0,23/09/2026 22:14,1,1,1,61.4,Alto
20446927753,EMPRESA DE SERVICIOS MULTIPLES M&J SRL,-,2024,PASCO,26/11/1999,01/12/1999,1999.0,25.0,0,2013,11,2,1,75450475.76,2,0.0,0.0,SOC.COM.RESPONS. LTDA,ACTIVO,HABIDO,,PASCO/PASCO/SIMON BOLIVAR,Principal - 4100 - CONSTRUCCIÓN DE EDIFICIOS,3.0,"Principal - 4100 - CONSTRUCCIÓN DE EDIFICIOS | Secundaria 1 - 7730 - ALQUILER Y ARRENDAMIENTO DE OTROS TIPOS DE MAQUINARIA, EQUIPO Y BIENES TANGIBLES | Secundaria 2 - 4923 - TRANSPORTE DE CARGA POR CARRETERA",0,0,0,0,23/09/2026 22:17,1,1,1,61.4,Alto
20486845725,PERU AMERICA CONTRATISTAS GENERALES SOCIEDAD ANONIMA CERRADA,PERU AMERICA CONT. GRALES. SAC,2024,PASCO,28/05/2008,28/05/2008,2008.0,16.0,0,2011,13,1,1,100000.0,1,1.0,1.0,SOCIEDAD ANONIMA CERRADA,ACTIVO,HABIDO,,LIMA/LIMA/LIMA,Principal - 4100 - CONSTRUCCIÓN DE EDIFICIOS,3.0,"Principal - 4100 - CONSTRUCCIÓN DE EDIFICIOS | Secundaria 1 - 4923 - TRANSPORTE DE CARGA POR CARRETERA | Secundaria 2 - 4663 - VENTA AL POR MAYOR DE MATERIALES DE CONSTRUCCIÓN, ARTÍCULOS DE FERRETERÍA Y EQUIPO Y MATERIALES DE FONTANERÍA Y CALEFACCIÓN",1,0,0,0,23/09/2026 22:28,1,1,1,61.4,Alto
20486975939,CONSTRUCTORA INMOBILIARIA GOLD S.A.C.,-,2024,PASCO,30/12/2008,30/12/2008,2008.0,16.0,0,2014,10,1,1,125866033.84,1,0.0,0.0,SOCIEDAD ANONIMA CERRADA,ACTIVO,HABIDO,,LIMA/LIMA/CHORRILLOS,Principal - 4100 - CONSTRUCCIÓN DE EDIFICIOS,3.0,"Principal - 4100 - CONSTRUCCIÓN DE EDIFICIOS | Secundaria 1 - 4210 - CONSTRUCCIÓN DE CARRETERAS Y VÍAS DE FERROCARRIL | Secundaria 2 - 4663 - VENTA AL POR MAYOR DE MATERIALES DE CONSTRUCCIÓN, ARTÍCULOS DE FERRETERÍA Y EQUIPO Y MATERIALES DE FONTANERÍA Y CALEFACCIÓN",0,0,0,0,23/09/2026 22:28,1,1,1,61.4,Alto
20489537436,"CONSTRUCTORA, CONSULTORA E INMOBILIARIA NEON S.R.L.",-,2024,PASCO,09/05/2007,09/05/2007,2007.0,17.0,0,2012,12,1,1,500000.0,1,1.0,1.0,SOC.COM.RESPONS. LTDA,ACTIVO,HABIDO,,HUANUCO/HUANUCO/AMARILIS,Principal - 4100 - CONSTRUCCIÓN DE EDIFICIOS,3.0,Principal - 4100 - CONSTRUCCIÓN DE EDIFICIOS | Secundaria 1 - 4220 - CONSTRUCCIÓN DE PROYECTOS DE SERVICIO PÚBLICO | Secundaria 2 - 4210 - CONSTRUCCIÓN DE CARRETERAS Y VÍAS DE FERROCARRIL,0,0,0,0,23/09/2026 22:31,1,1,1,61.4,Alto
20489594235,CONTRATISTAS GENERALES VIJOVIR SOCIEDAD ANONIMA CERRADA,COGEN VIJOVIR S.A.C.,2024,PASCO,30/11/2007,28/12/2007,2007.0,17.0,0,2020,4,1,1,19267945.29,1,0.0,0.0,SOCIEDAD ANONIMA CERRADA,ACTIVO,HABIDO,,PASCO/PASCO/TINYAHUARCO,Principal - 4100 - CONSTRUCCIÓN DE EDIFICIOS,3.0,"Principal - 4100 - CONSTRUCCIÓN DE EDIFICIOS | Secundaria 1 - 4923 - TRANSPORTE DE CARGA POR CARRETERA | Secundaria 2 - 7730 - ALQUILER Y ARRENDAMIENTO DE OTROS TIPOS DE MAQUINARIA, EQUIPO Y BIENES TANGIBLES",0,0,0,0,23/09/2026 22:31,1,1,1,61.4,Alto
20489626706,GRUPO SAN SEBASTIAN SOCIEDAD ANONIMA CERRADA - GRUPO SAN SEBASTIAN S.A.C.,-,2024,PASCO,26/02/2008,01/02/2008,2008.0,16.0,0,2010,14,1,2,241904391.26,1,0.0,0.0,SOCIEDAD ANONIMA CERRADA,ACTIVO,HABIDO,,LIMA/LIMA/LINCE,Principal - 4290 - CONSTRUCCIÓN DE OTRAS OBRAS DE INGENIERÍA CIVIL,3.0,"Principal - 4290 - CONSTRUCCIÓN DE OTRAS OBRAS DE INGENIERÍA CIVIL | Secundaria 1 - 4923 - TRANSPORTE DE CARGA POR CARRETERA | Secundaria 2 - 4663 - VENTA AL POR MAYOR DE MATERIALES DE CONSTRUCCIÓN, ARTÍCULOS DE FERRETERÍA Y EQUIPO Y MATERIALES DE FONTANERÍA Y CALEFACCIÓN",2,0,0,0,23/09/2026 22:31,1,1,1,61.4,Alto
20489650674,INVERSIONES Y NEGOCIACIONES ORIENTE E.I.R.L.,-,2024,PASCO,24/04/2008,01/05/2008,2008.0,16.0,0,2010,14,1,2,100000.0,1,1.0,1.0,EMPRESA INDIVIDUAL DE RESP. LTDA,ACTIVO,HABIDO,,HUANUCO/HUANUCO/AMARILIS,Principal - 4100 - CONSTRUCCIÓN DE EDIFICIOS,3.0,Principal - 4100 - CONSTRUCCIÓN DE EDIFICIOS | Secundaria 1 - 4210 - CONSTRUCCIÓN DE CARRETERAS Y VÍAS DE FERROCARRIL | Secundaria 2 - 5221 - ACTIVIDADES DE SERVICIOS VINCULADAS AL TRANSPORTE TERRESTRE,1,0,0,0,23/09/2026 22:31,1,1,1,61.4,Alto
20489684145,CONSTRUCTORA & MINERIA URETA SOCIEDAD ANONIMA CERRADA,URETA CIMSAC,2024,PASCO,01/08/2008,01/08/2008,2008.0,16.0,0,2024,0,1,2,13828252.25,1,0.0,0.0,SOCIEDAD ANONIMA CERRADA,ACTIVO,HABIDO,,PASCO/PASCO/CHAUPIMARCA,Principal - 4100 - CONSTRUCCIÓN DE EDIFICIOS,3.0,"Principal - 4100 - CONSTRUCCIÓN DE EDIFICIOS | Secundaria 1 - 4663 - VENTA AL POR MAYOR DE MATERIALES DE CONSTRUCCIÓN, ARTÍCULOS DE FERRETERÍA Y EQUIPO Y MATERIALES DE FONTANERÍA Y CALEFACCIÓN | Secundaria 2 - 4923 - TRANSPORTE DE CARGA POR CARRETERA",0,0,0,0,23/09/2026 22:32,1,1,1,61.4,Alto
20489747244,CORPORACIÓN LUSAC E.I.R.L.,-,2024,PASCO,12/02/2009,12/02/2009,2009.0,15.0,0,2010,14,1,1,100000.0,1,1.0,1.0,EMPRESA INDIVIDUAL DE RESP. LTDA,ACTIVO,HABIDO,,HUANUCO/HUANUCO/AMARILIS,Principal - 4100 - CONSTRUCCIÓN DE EDIFICIOS,3.0,"Principal - 4100 - CONSTRUCCIÓN DE EDIFICIOS | Secundaria 1 - 4659 - VENTA AL POR MAYOR DE OTROS TIPOS DE MAQUINARIA Y EQUIPO | Secundaria 2 - 7730 - ALQUILER Y ARRENDAMIENTO DE OTROS TIPOS DE MAQUINARIA, EQUIPO Y BIENES TANGIBLES",0,0,0,0,23/09/2026 22:32,1,1,1,61.4,Alto
20494951020,"ASESORIA, DISEÑO Y CONSTRUCCION CONTRATISTAS GENERALES SOCIEDAD ANONIMA CERRADA",ADC S.A.C.,2024,PASCO,21/04/2010,21/04/2010,2010.0,14.0,0,2012,12,1,2,100000.0,1,1.0,1.0,SOCIEDAD ANONIMA CERRADA,ACTIVO,HABIDO,,ICA/ICA/ICA,Principal - 4100 - CONSTRUCCIÓN DE EDIFICIOS,3.0,"Principal - 4100 - CONSTRUCCIÓN DE EDIFICIOS | Secundaria 1 - 4210 - CONSTRUCCIÓN DE CARRETERAS Y VÍAS DE FERROCARRIL | Secundaria 2 - 7730 - ALQUILER Y ARRENDAMIENTO DE OTROS TIPOS DE MAQUINARIA, EQUIPO Y BIENES TANGIBLES",0,11,0,0,23/09/2026 22:35,1,1,1,61.4,Alto
20495931472,KUNTUR WASI INGENIEROS S.R.L.,-,2024,PASCO,09/11/2015,01/11/2015,2015.0,9.0,0,2024,0,1,2,1530984924.84,1,0.0,0.0,SOC.COM.RESPONS. LTDA,ACTIVO,HABIDO,,LIMA/LIMA/SAN JUAN DE LURIGANCHO,Principal - 4210 - CONSTRUCCIÓN DE CARRETERAS Y VÍAS DE FERROCARRIL,3.0,Principal - 4210 - CONSTRUCCIÓN DE CARRETERAS Y VÍAS DE FERROCARRIL | Secundaria 1 - 7110 - ACTIVIDADES DE ARQUITECTURA E INGENIERÍA Y ACTIVIDADES CONEXAS DE CONSULTORÍA TÉCNICA | Secundaria 2 - 4923 - TRANSPORTE DE CARGA POR CARRETERA,0,0,0,0,23/09/2026 22:36,1,1,1,61.4,Alto
20506298301,CONTRATISTAS Y MAQUINARIAS CAMPOS SOCIEDAD ANONIMA,CYM CAMPOS S.A.,2024,PASCO,07/04/2003,07/04/2003,2003.0,21.0,0,2010,14,1,1,49297095.74,1,0.0,0.0,SOCIEDAD ANONIMA,ACTIVO,HABIDO,,LIMA/LIMA/LA MOLINA,Principal - 4100 - CONSTRUCCIÓN DE EDIFICIOS,3.0,"Principal - 4100 - CONSTRUCCIÓN DE EDIFICIOS | Secundaria 1 - 7110 - ACTIVIDADES DE ARQUITECTURA E INGENIERÍA Y ACTIVIDADES CONEXAS DE CONSULTORÍA TÉCNICA | Secundaria 2 - 4663 - VENTA AL POR MAYOR DE MATERIALES DE CONSTRUCCIÓN, ARTÍCULOS DE FERRETERÍA Y EQUIPO Y MATERIALES DE FONTANERÍA Y CALEFACCIÓN",0,0,0,0,23/09/2026 22:37,1,1,1,61.4,Alto
20528901361,JD LATIN COMPANY SOCIEDAD ANONIMA CERRADA,""" LATIN COMPANY "" S.A.C.",2024,PASCO,24/02/2009,01/03/2009,2009.0,15.0,0,2021,3,1,1,24348511.0,1,0.0,0.0,SOCIEDAD ANONIMA CERRADA,ACTIVO,HABIDO,,LIMA/LIMA/SAN MIGUEL,Principal - 4210 - CONSTRUCCIÓN DE CARRETERAS Y VÍAS DE FERROCARRIL,2.0,Principal - 4210 - CONSTRUCCIÓN DE CARRETERAS Y VÍAS DE FERROCARRIL | Secundaria 1 - 4100 - CONSTRUCCIÓN DE EDIFICIOS,0,0,0,0,23/09/2026 22:43,1,1,1,61.4,Alto
20528932321,CONSTRUCTORA NOR ORIENTAL Y SERVICIOS SOCIEDAD COMERCIAL DE RESPONSABILIDAD LIMITADA,CONNOR'S S.R.L.,2024,PASCO,12/05/2009,12/05/2009,2009.0,15.0,0,2013,11,1,1,502911822.28,1,0.0,0.0,SOC.COM.RESPONS. LTDA,ACTIVO,HABIDO,,HUANUCO/HUANUCO/HUANUCO,Principal - 4100 - CONSTRUCCIÓN DE EDIFICIOS,3.0,Principal - 4100 - CONSTRUCCIÓN DE EDIFICIOS | Secundaria 1 - 4330 - TERMINACIÓN Y ACABADO DE EDIFICIOS | Secundaria 2 - 7110 - ACTIVIDADES DE ARQUITECTURA E INGENIERÍA Y ACTIVIDADES CONEXAS DE CONSULTORÍA TÉCNICA,0,0,0,0,23/09/2026 22:44,1,1,1,61.4,Alto
20528973516,GUERRA CONSTRUCTORES Y CONSULTORES S.R.L.,GUERRA CONSTRUCTORES,2024,PASCO,11/09/2009,01/09/2009,2009.0,15.0,0,2011,13,1,1,100000.0,1,1.0,1.0,SOC.COM.RESPONS. LTDA,ACTIVO,HABIDO,,HUANUCO/HUANUCO/AMARILIS,Principal - 4100 - CONSTRUCCIÓN DE EDIFICIOS,3.0,"Principal - 4100 - CONSTRUCCIÓN DE EDIFICIOS | Secundaria 1 - 7730 - ALQUILER Y ARRENDAMIENTO DE OTROS TIPOS DE MAQUINARIA, EQUIPO Y BIENES TANGIBLES | Secundaria 2 - 4663 - VENTA AL POR MAYOR DE MATERIALES DE CONSTRUCCIÓN, ARTÍCULOS DE FERRETERÍA Y EQUIPO Y MATERIALES DE FONTANERÍA Y CALEFACCIÓN",0,0,0,0,23/09/2026 22:44,1,1,1,61.4,Alto
20529030330,CONSTRUCTORA DELV SOCIEDAD ANONIMA,-,2024,PASCO,19/02/2010,19/02/2010,2010.0,14.0,0,2012,12,1,1,100000.0,1,1.0,1.0,SOCIEDAD ANONIMA,ACTIVO,HABIDO,,HUANUCO/HUANUCO/HUANUCO,Principal - 4100 - CONSTRUCCIÓN DE EDIFICIOS,3.0,"Principal - 4100 - CONSTRUCCIÓN DE EDIFICIOS | Secundaria 1 - 4752 - VENTA AL POR MENOR DE ARTÍCULOS DE FERRETERÍA, PINTURAS Y PRODUCTOS DE VIDRIO EN COMERCIOS ESPECIALIZADOS | Secundaria 2 - 7110 - ACTIVIDADES DE ARQUITECTURA E INGENIERÍA Y ACTIVIDADES CONEXAS DE CONSULTORÍA TÉCNICA",1,0,0,0,23/09/2026 22:44,1,1,1,61.4,Alto
20529033274,INVERSIONES & SERVICIOS CAISSA EMPRESA INDIVIDUAL DE RESPONSABILIDAD LIMITADA,INVERSIONES & SERVICIOS CAISSA,2024,PASCO,24/02/2010,24/02/2010,2010.0,14.0,0,2010,14,1,1,1131760623.51,1,0.0,0.0,EMPRESA INDIVIDUAL DE RESP. LTDA,ACTIVO,HABIDO,,LIMA/LIMA/SAN MARTIN DE PORRES,Principal - 4290 - CONSTRUCCIÓN DE OTRAS OBRAS DE INGENIERÍA CIVIL,3.0,"Principal - 4290 - CONSTRUCCIÓN DE OTRAS OBRAS DE INGENIERÍA CIVIL | Secundaria 1 - 7110 - ACTIVIDADES DE ARQUITECTURA E INGENIERÍA Y ACTIVIDADES CONEXAS DE CONSULTORÍA TÉCNICA | Secundaria 2 - 4663 - VENTA AL POR MAYOR DE MATERIALES DE CONSTRUCCIÓN, ARTÍCULOS DE FERRETERÍA Y EQUIPO Y MATERIALES DE FONTANERÍA Y CALEFACCIÓN",0,0,0,0,23/09/2026 22:44,1,1,1,61.4,Alto
20529066521,RONY DIAZ CONTRATISTAS EMPRESA INDIVIDUAL DE RESPONSABILIDAD LIMITADA,-,2024,PASCO,02/06/2010,02/06/2010,2010.0,14.0,0,2014,10,1,3,120813293.51,1,0.0,0.0,EMPRESA INDIVIDUAL DE RESP. LTDA,ACTIVO,HABIDO,,LIMA/LIMA/BREÑA,Principal - 4923 - TRANSPORTE DE CARGA POR CARRETERA,3.0,Principal - 4923 - TRANSPORTE DE CARGA POR CARRETERA | Secundaria 1 - 4100 - CONSTRUCCIÓN DE EDIFICIOS | Secundaria 2 - 4210 - CONSTRUCCIÓN DE CARRETERAS Y VÍAS DE FERROCARRIL,0,0,0,0,23/09/2026 22:44,1,1,1,61.4,Alto
20529068655,CONSTRUCTION EVOLUTION SOCIEDAD ANONIMA CERRADA,-,2024,PASCO,09/06/2010,09/06/2010,2010.0,14.0,0,2013,11,3,2,100000.0,3,3.0,1.0,SOCIEDAD ANONIMA CERRADA,ACTIVO,HABIDO,,LIMA/LIMA/LOS OLIVOS,"Principal - 7730 - ALQUILER Y ARRENDAMIENTO DE OTROS TIPOS DE MAQUINARIA, EQUIPO Y BIENES TANGIBLES",3.0,"Principal - 7730 - ALQUILER Y ARRENDAMIENTO DE OTROS TIPOS DE MAQUINARIA, EQUIPO Y BIENES TANGIBLES | Secundaria 1 - 4100 - CONSTRUCCIÓN DE EDIFICIOS | Secundaria 2 - 4663 - VENTA AL POR MAYOR DE MATERIALES DE CONSTRUCCIÓN, ARTÍCULOS DE FERRETERÍA Y EQUIPO Y MATERIALES DE FONTANERÍA Y CALEFACCIÓN",0,0,0,0,23/09/2026 22:44,1,1,1,61.4,Alto
20529111259,CONSTRUCTORA E INVERSIONES MUÑASQUI SOCIEDAD ANONIMA CERRADA,-,2024,PASCO,09/11/2010,09/11/2010,2010.0,14.0,0,2020,4,1,1,100000.0,1,1.0,1.0,SOCIEDAD ANONIMA CERRADA,ACTIVO,HABIDO,,LIMA/LIMA/ATE,Principal - 4290 - CONSTRUCCIÓN DE OTRAS OBRAS DE INGENIERÍA CIVIL,3.0,"Principal - 4290 - CONSTRUCCIÓN DE OTRAS OBRAS DE INGENIERÍA CIVIL | Secundaria 1 - 7730 - ALQUILER Y ARRENDAMIENTO DE OTROS TIPOS DE MAQUINARIA, EQUIPO Y BIENES TANGIBLES | Secundaria 2 - 7110 - ACTIVIDADES DE ARQUITECTURA E INGENIERÍA Y ACTIVIDADES CONEXAS DE CONSULTORÍA TÉCNICA",0,0,0,0,23/09/2026 22:44,1,1,1,61.4,Alto
20529202998,CONSTRUCTORA MINERA DE SERVICIOS MULTIPLES SANTANA SOCIEDAD ANONIMA CERRADA,COMISEMS S.A.C.,2024,PASCO,07/04/2011,07/04/2011,2011.0,13.0,0,2013,11,1,4,49791999.33,1,0.0,0.0,SOCIEDAD ANONIMA CERRADA,ACTIVO,HABIDO,,LIMA/LIMA/SAN LUIS,Principal - 4210 - CONSTRUCCIÓN DE CARRETERAS Y VÍAS DE FERROCARRIL,3.0,Principal - 4210 - CONSTRUCCIÓN DE CARRETERAS Y VÍAS DE FERROCARRIL | Secundaria 1 - 5590 - OTRAS ACTIVIDADES DE ALOJAMIENTO | Secundaria 2 - 4390 - OTRAS ACTIVIDADES ESPECIALIZADAS DE CONSTRUCCIÓN,0,0,0,0,23/09/2026 22:45,1,1,1,61.4,Alto
20529215038,CONSTRUCTORA MARIN CONDEZO EMPRESA INDIVIDUAL DE RESPONSABILIDAD LIMITADA,-,2024,PASCO,29/04/2011,01/06/2011,2011.0,13.0,0,2017,7,2,1,16122368.22,2,0.0,0.0,EMPRESA INDIVIDUAL DE RESP. LTDA,ACTIVO,HABIDO,,PASCO/PASCO/SIMON BOLIVAR,Principal - 4100 - CONSTRUCCIÓN DE EDIFICIOS,3.0,"Principal - 4100 - CONSTRUCCIÓN DE EDIFICIOS | Secundaria 1 - 4752 - VENTA AL POR MENOR DE ARTÍCULOS DE FERRETERÍA, PINTURAS Y PRODUCTOS DE VIDRIO EN COMERCIOS ESPECIALIZADOS | Secundaria 2 - 4923 - TRANSPORTE DE CARGA POR CARRETERA",0,0,0,0,23/09/2026 22:45,1,1,1,61.4,Alto
20542350033,ROIS OBRAS CIVILES S.A.C.,ROIS OBRAS CIVILES,2024,PASCO,06/12/2017,06/12/2017,2017.0,7.0,0,2024,0,1,3,203925490.74,1,0.0,0.0,SOCIEDAD ANONIMA CERRADA,ACTIVO,HABIDO,,SAN MARTIN/RIOJA/RIOJA,Principal - 4100 - CONSTRUCCIÓN DE EDIFICIOS,3.0,"Principal - 4100 - CONSTRUCCIÓN DE EDIFICIOS | Secundaria 1 - 4923 - TRANSPORTE DE CARGA POR CARRETERA | Secundaria 2 - 7730 - ALQUILER Y ARRENDAMIENTO DE OTROS TIPOS DE MAQUINARIA, EQUIPO Y BIENES TANGIBLES",1,0,0,0,23/09/2026 22:55,1,1,1,61.4,Alto
20542489627,MINERA VALE SOCIEDAD ANONIMA CERRADA,MINERA VALE S.A.C.,2024,PASCO,16/03/2012,16/03/2012,2012.0,12.0,0,2020,4,1,1,100000.0,1,1.0,1.0,SOCIEDAD ANONIMA CERRADA,ACTIVO,HABIDO,,PASCO/PASCO/CHAUPIMARCA,Principal - 4100 - CONSTRUCCIÓN DE EDIFICIOS,3.0,Principal - 4100 - CONSTRUCCIÓN DE EDIFICIOS | Secundaria 1 - 7110 - ACTIVIDADES DE ARQUITECTURA E INGENIERÍA Y ACTIVIDADES CONEXAS DE CONSULTORÍA TÉCNICA | Secundaria 2 - 4330 - TERMINACIÓN Y ACABADO DE EDIFICIOS,0,0,0,0,23/09/2026 22:56,1,1,1,61.4,Alto
20568073658,ECAN INGENIERIA SOCIEDAD COMERCIAL DE RESPONSABILIDAD LIMITADA - ECAN INGENIERIA S.R.L.,-,2024,PASCO,03/08/2011,01/09/2011,2011.0,13.0,0,2024,0,1,1,38039532.72,1,0.0,0.0,SOC.COM.RESPONS. LTDA,ACTIVO,HABIDO,,PASCO/OXAPAMPA/OXAPAMPA,Principal - 4210 - CONSTRUCCIÓN DE CARRETERAS Y VÍAS DE FERROCARRIL,3.0,"Principal - 4210 - CONSTRUCCIÓN DE CARRETERAS Y VÍAS DE FERROCARRIL | Secundaria 1 - 4663 - VENTA AL POR MAYOR DE MATERIALES DE CONSTRUCCIÓN, ARTÍCULOS DE FERRETERÍA Y EQUIPO Y MATERIALES DE FONTANERÍA Y CALEFACCIÓN | Secundaria 2 - 7730 - ALQUILER Y ARRENDAMIENTO DE OTROS TIPOS DE MAQUINARIA, EQUIPO Y BIENES TANGIBLES",0,1,0,0,23/09/2026 22:59,1,1,1,61.4,Alto
20571395283,INVERSIONES EVZA S.R.L.,-,2024,PASCO,11/09/2012,01/10/2012,2012.0,12.0,0,2013,11,2,4,60678436.15,2,0.0,0.0,SOC.COM.RESPONS. LTDA,ACTIVO,HABIDO,,HUANUCO/HUANUCO/HUANUCO,Principal - 4100 - CONSTRUCCIÓN DE EDIFICIOS,3.0,"Principal - 4100 - CONSTRUCCIÓN DE EDIFICIOS | Secundaria 1 - 4663 - VENTA AL POR MAYOR DE MATERIALES DE CONSTRUCCIÓN, ARTÍCULOS DE FERRETERÍA Y EQUIPO Y MATERIALES DE FONTANERÍA Y CALEFACCIÓN | Secundaria 2 - 4923 - TRANSPORTE DE CARGA POR CARRETERA",0,0,0,0,23/09/2026 23:02,1,1,1,61.4,Alto
20573066619,GRUPO TOVALINO SOCIEDAD ANONIMA CERRADA,GRUPO TOVALINO S.A.C.,2024,PASCO,16/03/2013,16/03/2013,2013.0,11.0,0,2024,0,1,1,100000.0,1,1.0,1.0,SOCIEDAD ANONIMA CERRADA,ACTIVO,HABIDO,,PASCO/PASCO/YANACANCHA,Principal - 4100 - CONSTRUCCIÓN DE EDIFICIOS,3.0,"Principal - 4100 - CONSTRUCCIÓN DE EDIFICIOS | Secundaria 1 - 4210 - CONSTRUCCIÓN DE CARRETERAS Y VÍAS DE FERROCARRIL | Secundaria 2 - 4663 - VENTA AL POR MAYOR DE MATERIALES DE CONSTRUCCIÓN, ARTÍCULOS DE FERRETERÍA Y EQUIPO Y MATERIALES DE FONTANERÍA Y CALEFACCIÓN",0,0,0,0,23/09/2026 23:03,1,1,1,61.4,Alto
20573098731,N & R CONSTRUCTORA SOCIEDAD ANONIMA CERRADA,-,2024,PASCO,23/05/2013,01/06/2013,2013.0,11.0,0,2022,2,1,2,11413179.26,1,0.0,0.0,SOCIEDAD ANONIMA CERRADA,ACTIVO,HABIDO,,PASCO/PASCO/YANACANCHA,Principal - 4290 - CONSTRUCCIÓN DE OTRAS OBRAS DE INGENIERÍA CIVIL,3.0,"Principal - 4290 - CONSTRUCCIÓN DE OTRAS OBRAS DE INGENIERÍA CIVIL | Secundaria 1 - 7120 - ENSAYOS Y ANÁLISIS TÉCNICOS | Secundaria 2 - 4663 - VENTA AL POR MAYOR DE MATERIALES DE CONSTRUCCIÓN, ARTÍCULOS DE FERRETERÍA Y EQUIPO Y MATERIALES DE FONTANERÍA Y CALEFACCIÓN",0,0,0,0,23/09/2026 23:03,1,1,1,61.4,Alto
20573144946,AUSTRAL H & J SOCIEDAD ANONIMA CERRADA,-,2024,PASCO,14/06/2019,14/06/2019,2019.0,5.0,0,2024,0,1,1,100000.0,1,1.0,1.0,SOCIEDAD ANONIMA CERRADA,ACTIVO,HABIDO,,PASCO/PASCO/CHAUPIMARCA,Principal - 7020 - ACTIVIDADES DE CONSULTORÍA DE GESTIÓN,3.0,Principal - 7020 - ACTIVIDADES DE CONSULTORÍA DE GESTIÓN | Secundaria 1 - 7110 - ACTIVIDADES DE ARQUITECTURA E INGENIERÍA Y ACTIVIDADES CONEXAS DE CONSULTORÍA TÉCNICA | Secundaria 2 - 6202 - CONSULTORÍA DE INFORMÁTICA Y GESTIÓN DE INSTALACIONES INFORMÁTICAS,0,0,0,0,23/09/2026 23:04,1,1,1,61.4,Alto
20573225199,INVERSIONES G. CH. M. EMPRESA INDIVIDUAL DE RESPONSABILIDAD LIMITADA,-,2024,PASCO,03/06/2019,03/06/2019,2019.0,5.0,0,2024,0,4,1,350000.0,4,4.0,1.0,EMPRESA INDIVIDUAL DE RESP. LTDA,ACTIVO,HABIDO,,PASCO/PASCO/PAUCARTAMBO,Principal - 4100 - CONSTRUCCIÓN DE EDIFICIOS,3.0,Principal - 4100 - CONSTRUCCIÓN DE EDIFICIOS | Secundaria 1 - 7020 - ACTIVIDADES DE CONSULTORÍA DE GESTIÓN | Secundaria 2 - 4210 - CONSTRUCCIÓN DE CARRETERAS Y VÍAS DE FERROCARRIL,0,0,0,0,23/09/2026 23:04,1,1,1,61.4,Alto
20573333081,PROYECTOS SERVICIOS INNOVADORES & CONSTRUCCIONES DE VANGUARDIA EMPRESA INDIVIDUAL DE RESPONSABILIDAD,PS & C DE VANGUARDIA E.I.R.L,2024,PASCO,16/03/2018,09/03/2018,2018.0,6.0,0,2019,5,1,2,7066601.44,1,0.0,0.0,EMPRESA INDIVIDUAL DE RESP. LTDA,ACTIVO,HABIDO,,HUANUCO/HUANUCO/PILLCO MARCA,Principal - 4210 - CONSTRUCCIÓN DE CARRETERAS Y VÍAS DE FERROCARRIL,3.0,"Principal - 4210 - CONSTRUCCIÓN DE CARRETERAS Y VÍAS DE FERROCARRIL | Secundaria 1 - 7110 - ACTIVIDADES DE ARQUITECTURA E INGENIERÍA Y ACTIVIDADES CONEXAS DE CONSULTORÍA TÉCNICA | Secundaria 2 - 7730 - ALQUILER Y ARRENDAMIENTO DE OTROS TIPOS DE MAQUINARIA, EQUIPO Y BIENES TANGIBLES",2,2,0,0,23/09/2026 23:04,1,1,1,61.4,Alto
20573338554,EMPRESA CONSTRUCTORA Y MULTISERVICIOS AVITOSA SOCIEDAD COMERCIAL DE RESPONSABILIDAD LIMITADA,-,2024,PASCO,01/12/2014,01/12/2014,2014.0,10.0,0,2024,0,1,1,500000.0,1,1.0,1.0,SOC.COM.RESPONS. LTDA,ACTIVO,HABIDO,,PASCO/PASCO/CHAUPIMARCA,Principal - 4100 - CONSTRUCCIÓN DE EDIFICIOS,3.0,"Principal - 4100 - CONSTRUCCIÓN DE EDIFICIOS | Secundaria 1 - 7110 - ACTIVIDADES DE ARQUITECTURA E INGENIERÍA Y ACTIVIDADES CONEXAS DE CONSULTORÍA TÉCNICA | Secundaria 2 - 4663 - VENTA AL POR MAYOR DE MATERIALES DE CONSTRUCCIÓN, ARTÍCULOS DE FERRETERÍA Y EQUIPO Y MATERIALES DE FONTANERÍA Y CALEFACCIÓN",0,0,0,0,23/09/2026 23:04,1,1,1,61.4,Alto
20600079493,ENJU MINERIA Y CONSTRUCCION EMPRESA INDIVIDUAL DE RESPONSABILIDAD LIMITADA,-,2024,PASCO,23/01/2015,01/02/2015,2015.0,9.0,0,2020,4,1,1,500000.0,1,1.0,1.0,EMPRESA INDIVIDUAL DE RESP. LTDA,ACTIVO,HABIDO,,PASCO/PASCO/YANACANCHA,Principal - 4390 - OTRAS ACTIVIDADES ESPECIALIZADAS DE CONSTRUCCIÓN,2.0,Principal - 4390 - OTRAS ACTIVIDADES ESPECIALIZADAS DE CONSTRUCCIÓN | Secundaria 1 - 2599 - FABRICACIÓN DE OTROS PRODUCTOS ELABORADOS DE METAL N.C.P.,0,0,0,0,23/09/2026 23:05,1,1,1,61.4,Alto
20600099541,GRUPO RAVYS ASOCIADOS SOCIEDAD COMERCIAL DE RESPONSABILIDAD LIMITADA,-,2024,PASCO,31/01/2015,01/02/2015,2015.0,9.0,0,2024,0,1,1,400000.0,1,1.0,1.0,SOC.COM.RESPONS. LTDA,ACTIVO,HABIDO,,HUANUCO/HUANUCO/HUANUCO,Principal - 4210 - CONSTRUCCIÓN DE CARRETERAS Y VÍAS DE FERROCARRIL,3.0,"Principal - 4210 - CONSTRUCCIÓN DE CARRETERAS Y VÍAS DE FERROCARRIL | Secundaria 1 - 4923 - TRANSPORTE DE CARGA POR CARRETERA | Secundaria 2 - 7730 - ALQUILER Y ARRENDAMIENTO DE OTROS TIPOS DE MAQUINARIA, EQUIPO Y BIENES TANGIBLES",0,0,0,0,23/09/2026 23:06,1,1,1,61.4,Alto
20600119703,CERRON SOCIEDAD ANONIMA CERRADA,-,2024,PASCO,06/02/2015,01/03/2015,2015.0,9.0,0,2024,0,1,1,4337442.64,1,1.0,1.0,SOCIEDAD ANONIMA CERRADA,ACTIVO,HABIDO,,PASCO/DANIEL ALCIDES CARRION/YANAHUANCA,Principal - 4100 - CONSTRUCCIÓN DE EDIFICIOS,3.0,"Principal - 4100 - CONSTRUCCIÓN DE EDIFICIOS | Secundaria 1 - 7730 - ALQUILER Y ARRENDAMIENTO DE OTROS TIPOS DE MAQUINARIA, EQUIPO Y BIENES TANGIBLES | Secundaria 2 - 4220 - CONSTRUCCIÓN DE PROYECTOS DE SERVICIO PÚBLICO",0,0,0,0,23/09/2026 23:06,1,1,1,61.4,Alto
20600592786,CONSULTING CENTER S & Q SOCIEDAD COMERCIAL DE RESPONSABILIDAD LIMITADA,CONSULTING SCRL.,2024,PASCO,14/08/2015,01/01/2016,2016.0,8.0,0,2022,2,1,1,3589878.85,1,0.0,0.0,SOC.COM.RESPONS. LTDA,ACTIVO,HABIDO,,HUANUCO/HUANUCO/AMARILIS,Principal - 4100 - CONSTRUCCIÓN DE EDIFICIOS,3.0,"Principal - 4100 - CONSTRUCCIÓN DE EDIFICIOS | Secundaria 1 - 3600 - CAPTACIÓN, TRATAMIENTO Y DISTRIBUCIÓN DE AGUA | Secundaria 2 - 4312 - PREPARACIÓN DEL TERRENO",0,0,0,0,23/09/2026 23:10,1,1,1,61.4,Alto
20600630963,CONSTRUCTORA & CONSULTORA JCAROM EMPRESA INDIVIDUAL DE RESPONSABILIDAD LIMITADA,-,2024,PASCO,31/08/2015,31/08/2015,2015.0,9.0,0,2019,5,1,1,762575.7,1,1.0,1.0,EMPRESA INDIVIDUAL DE RESP. LTDA,ACTIVO,HABIDO,,PASCO/PASCO/HUARIACA,Principal - 4210 - CONSTRUCCIÓN DE CARRETERAS Y VÍAS DE FERROCARRIL,3.0,Principal - 4210 - CONSTRUCCIÓN DE CARRETERAS Y VÍAS DE FERROCARRIL | Secundaria 1 - 4100 - CONSTRUCCIÓN DE EDIFICIOS | Secundaria 2 - 1071 - ELABORACIÓN DE PRODUCTOS DE PANADERÍA,0,0,0,0,23/09/2026 23:10,1,1,1,61.4,Alto
20600967496,CORPORACION RACIVA SOCIEDAD ANONIMA CERRADA,-,2024,PASCO,28/01/2016,01/02/2016,2016.0,8.0,0,2017,7,1,1,14404574.1,1,0.0,0.0,SOCIEDAD ANONIMA CERRADA,ACTIVO,HABIDO,,LIMA/LIMA/ATE,Principal - 4220 - CONSTRUCCIÓN DE PROYECTOS DE SERVICIO PÚBLICO,3.0,Principal - 4220 - CONSTRUCCIÓN DE PROYECTOS DE SERVICIO PÚBLICO | Secundaria 1 - 0729 - EXTRACCIÓN DE OTROS MINERALES METALÍFEROS NO FERROSOS | Secundaria 2 - 6810 - ACTIVIDADES INMOBILIARIAS REALIZADAS CON BIENES PROPIOS O ARRENDADOS,0,0,0,0,23/09/2026 23:11,1,1,1,61.4,Alto
20601277078,CONSTRUCTORA KATHALEYA SOCIEDAD ANÓNIMA CERRADA,-,2024,PASCO,06/06/2016,06/06/2016,2016.0,8.0,0,2019,5,1,1,100000.0,1,1.0,1.0,SOCIEDAD ANONIMA CERRADA,ACTIVO,HABIDO,,LIMA/LIMA/LIMA,Principal - 4100 - CONSTRUCCIÓN DE EDIFICIOS,3.0,"Principal - 4100 - CONSTRUCCIÓN DE EDIFICIOS | Secundaria 1 - 7110 - ACTIVIDADES DE ARQUITECTURA E INGENIERÍA Y ACTIVIDADES CONEXAS DE CONSULTORÍA TÉCNICA | Secundaria 2 - 7730 - ALQUILER Y ARRENDAMIENTO DE OTROS TIPOS DE MAQUINARIA, EQUIPO Y BIENES TANGIBLES",0,0,0,0,23/09/2026 23:12,1,1,1,61.4,Alto
20601771641,GENUS SVC S.A.C.,-,2024,PASCO,03/01/2017,03/01/2017,2017.0,7.0,0,2017,7,2,2,1369406455.98,2,0.0,0.0,SOCIEDAD ANONIMA CERRADA,ACTIVO,HABIDO,,LIMA/LIMA/COMAS,Principal - 4100 - CONSTRUCCIÓN DE EDIFICIOS,3.0,"Principal - 4100 - CONSTRUCCIÓN DE EDIFICIOS | Secundaria 1 - 7730 - ALQUILER Y ARRENDAMIENTO DE OTROS TIPOS DE MAQUINARIA, EQUIPO Y BIENES TANGIBLES | Secundaria 2 - 2395 - FABRICACIÓN DE ARTÍCULOS DE HORMIGÓN, CEMENTO Y YESO",0,0,0,0,23/09/2026 23:14,1,1,1,61.4,Alto
20602486894,MOINA GROUP SAC,-,2024,PASCO,22/08/2019,01/10/2018,2018.0,6.0,0,2024,0,1,2,400000.0,1,1.0,1.0,SOCIEDAD ANONIMA CERRADA,ACTIVO,HABIDO,,HUANUCO/LEONCIO PRADO/RUPA-RUPA,Principal - 8129 - OTRAS ACTIVIDADES DE LIMPIEZA DE EDIFICIOS Y DE INSTALACIONES INDUSTRIALES,3.0,"Principal - 8129 - OTRAS ACTIVIDADES DE LIMPIEZA DE EDIFICIOS Y DE INSTALACIONES INDUSTRIALES | Secundaria 1 - 4290 - CONSTRUCCIÓN DE OTRAS OBRAS DE INGENIERÍA CIVIL | Secundaria 2 - 4663 - VENTA AL POR MAYOR DE MATERIALES DE CONSTRUCCIÓN, ARTÍCULOS DE FERRETERÍA Y EQUIPO Y MATERIALES DE FONTANERÍA Y CALEFACCIÓN",0,0,0,0,23/09/2026 23:16,1,1,1,61.4,Alto
20602581234,ORLANDO SEPULVEDA CELY & CIA S.A.S.SUCURSAL DEL PERU,-,2024,PASCO,11/09/2020,27/10/2017,2017.0,7.0,0,2024,0,1,1,100000.0,1,1.0,1.0,SUCURSALES O AG. DE EMP. EXTRANJ.,ACTIVO,HABIDO,,LIMA/LIMA/SAN ISIDRO,Principal - 4100 - CONSTRUCCIÓN DE EDIFICIOS,3.0,Principal - 4100 - CONSTRUCCIÓN DE EDIFICIOS | Secundaria 1 - 4210 - CONSTRUCCIÓN DE CARRETERAS Y VÍAS DE FERROCARRIL | Secundaria 2 - 4220 - CONSTRUCCIÓN DE PROYECTOS DE SERVICIO PÚBLICO,0,0,0,0,23/09/2026 23:17,1,1,1,61.4,Alto
20602640079,CSB CONSULTING SOCIEDAD ANONIMA,-,2024,PASCO,20/11/2017,20/11/2017,2017.0,7.0,0,2024,0,1,1,100000.0,1,1.0,1.0,SOCIEDAD ANONIMA,ACTIVO,NO HABIDO,,LIMA/LIMA/MIRAFLORES,Principal - 4100 - CONSTRUCCIÓN DE EDIFICIOS,2.0,"Principal - 4100 - CONSTRUCCIÓN DE EDIFICIOS | Secundaria 1 - 4663 - VENTA AL POR MAYOR DE MATERIALES DE CONSTRUCCIÓN, ARTÍCULOS DE FERRETERÍA Y EQUIPO Y MATERIALES DE FONTANERÍA Y CALEFACCIÓN",1,0,0,0,23/09/2026 23:17,1,1,1,61.4,Alto
20603013540,DICONST JAROME SOCIEDAD COMERCIAL DE RESPONSABILIDAD LIMITADA,-,2024,PASCO,16/03/2018,16/03/2018,2018.0,6.0,0,2024,0,1,1,88749065.9,1,0.0,0.0,SOC.COM.RESPONS. LTDA,ACTIVO,HABIDO,,HUANUCO/HUANUCO/AMARILIS,Principal - 4100 - CONSTRUCCIÓN DE EDIFICIOS,3.0,"Principal - 4100 - CONSTRUCCIÓN DE EDIFICIOS | Secundaria 1 - 4210 - CONSTRUCCIÓN DE CARRETERAS Y VÍAS DE FERROCARRIL | Secundaria 2 - 4663 - VENTA AL POR MAYOR DE MATERIALES DE CONSTRUCCIÓN, ARTÍCULOS DE FERRETERÍA Y EQUIPO Y MATERIALES DE FONTANERÍA Y CALEFACCIÓN",0,0,0,0,23/09/2026 23:18,1,1,1,61.4,Alto
20603398573,ALTAIR INGENIEROS CONTRATISTAS GENERALES SOCIEDAD ANONIMA CERRADA,-,2024,PASCO,18/07/2018,01/08/2018,2018.0,6.0,0,2024,0,1,1,100000.0,1,1.0,1.0,SOCIEDAD ANONIMA CERRADA,ACTIVO,HABIDO,,PASCO/PASCO/YANACANCHA,Principal - 4290 - CONSTRUCCIÓN DE OTRAS OBRAS DE INGENIERÍA CIVIL,3.0,Principal - 4290 - CONSTRUCCIÓN DE OTRAS OBRAS DE INGENIERÍA CIVIL | Secundaria 1 - 9511 - REPARACIÓN DE ORDENADORES Y EQUIPO PERIFÉRICO | Secundaria 2 - 3314 - REPARACIÓN DE EQUIPO ELÉCTRICO,0,0,0,0,23/09/2026 23:19,1,1,1,61.4,Alto
20603549261,ANSUHID SOCIEDAD ANONIMA CERRADA,COINCO,2024,PASCO,29/08/2018,01/09/2018,2018.0,6.0,0,2024,0,1,1,100000.0,1,1.0,1.0,SOCIEDAD ANONIMA CERRADA,ACTIVO,HABIDO,,PASCO/PASCO/YANACANCHA,Principal - 4100 - CONSTRUCCIÓN DE EDIFICIOS,3.0,Principal - 4100 - CONSTRUCCIÓN DE EDIFICIOS | Secundaria 1 - 4659 - VENTA AL POR MAYOR DE OTROS TIPOS DE MAQUINARIA Y EQUIPO | Secundaria 2 - 4620 - VENTA AL POR MAYOR DE MATERIAS PRIMAS AGROPECUARIAS Y ANIMALES VIVOS,0,0,0,0,23/09/2026 23:19,1,1,1,61.4,Alto
20603641834,CARE INGENIEROS S.A.,-,2024,PASCO,27/09/2018,27/09/2018,2018.0,6.0,0,2024,0,1,1,7486369.34,1,0.0,0.0,SOCIEDAD ANONIMA,ACTIVO,HABIDO,,AYACUCHO/HUAMANGA/SAN JUAN BAUTISTA,Principal - 7110 - ACTIVIDADES DE ARQUITECTURA E INGENIERÍA Y ACTIVIDADES CONEXAS DE CONSULTORÍA TÉCNICA,3.0,"Principal - 7110 - ACTIVIDADES DE ARQUITECTURA E INGENIERÍA Y ACTIVIDADES CONEXAS DE CONSULTORÍA TÉCNICA | Secundaria 1 - 7730 - ALQUILER Y ARRENDAMIENTO DE OTROS TIPOS DE MAQUINARIA, EQUIPO Y BIENES TANGIBLES | Secundaria 2 - 4210 - CONSTRUCCIÓN DE CARRETERAS Y VÍAS DE FERROCARRIL",0,0,0,0,23/09/2026 23:20,1,1,1,61.4,Alto
20603919395,WCR CONSTRUCCIONES EMPRESA INDIVIDUAL DE RESPONSABILIDAD LIMITADA,-,2024,PASCO,13/12/2018,13/12/2018,2018.0,6.0,0,2024,0,1,1,185991.0,1,1.0,1.0,EMPRESA INDIVIDUAL DE RESP. LTDA,ACTIVO,HABIDO,,HUANUCO/HUANUCO/HUANUCO,Principal - 4210 - CONSTRUCCIÓN DE CARRETERAS Y VÍAS DE FERROCARRIL,3.0,"Principal - 4210 - CONSTRUCCIÓN DE CARRETERAS Y VÍAS DE FERROCARRIL | Secundaria 1 - 4290 - CONSTRUCCIÓN DE OTRAS OBRAS DE INGENIERÍA CIVIL | Secundaria 2 - 4752 - VENTA AL POR MENOR DE ARTÍCULOS DE FERRETERÍA, PINTURAS Y PRODUCTOS DE VIDRIO EN COMERCIOS ESPECIALIZADOS",0,0,0,0,23/09/2026 23:20,1,1,1,61.4,Alto
20604695067,E & C PEÑA SOCIEDAD ANONIMA CERRADA - E & C PEÑA S.A.C.,-,2024,PASCO,13/05/2019,13/05/2019,2019.0,5.0,0,2024,0,1,1,100000.0,1,1.0,1.0,SOCIEDAD ANONIMA CERRADA,ACTIVO,HABIDO,,PASCO/PASCO/HUARIACA,Principal - 4210 - CONSTRUCCIÓN DE CARRETERAS Y VÍAS DE FERROCARRIL,3.0,"Principal - 4210 - CONSTRUCCIÓN DE CARRETERAS Y VÍAS DE FERROCARRIL | Secundaria 1 - 4290 - CONSTRUCCIÓN DE OTRAS OBRAS DE INGENIERÍA CIVIL | Secundaria 2 - 4663 - VENTA AL POR MAYOR DE MATERIALES DE CONSTRUCCIÓN, ARTÍCULOS DE FERRETERÍA Y EQUIPO Y MATERIALES DE FONTANERÍA Y CALEFACCIÓN",0,0,0,0,23/09/2026 23:22,1,1,1,61.4,Alto
20604906475,CONSECO GROUP S.R.L.,-,2024,PASCO,25/06/2019,25/06/2019,2019.0,5.0,0,2024,0,1,1,8882612.26,1,0.0,0.0,SOC.COM.RESPONS. LTDA,ACTIVO,HABIDO,,HUANUCO/HUANUCO/HUANUCO,"Principal - 7730 - ALQUILER Y ARRENDAMIENTO DE OTROS TIPOS DE MAQUINARIA, EQUIPO Y BIENES TANGIBLES",3.0,"Principal - 7730 - ALQUILER Y ARRENDAMIENTO DE OTROS TIPOS DE MAQUINARIA, EQUIPO Y BIENES TANGIBLES | Secundaria 1 - 4100 - CONSTRUCCIÓN DE EDIFICIOS | Secundaria 2 - 4210 - CONSTRUCCIÓN DE CARRETERAS Y VÍAS DE FERROCARRIL",0,0,0,0,23/09/2026 23:22,1,1,1,61.4,Alto
20605286306,ENFIL S.A CONTROLE AMBIENTAL SUCURSAL DO PERU,-,2024,PASCO,20/09/2019,01/10/2019,2019.0,5.0,0,2024,0,1,1,486989315.03,1,0.0,0.0,SUCURSALES O AG. DE EMP. EXTRANJ.,ACTIVO,HABIDO,,LIMA/LIMA/SAN ISIDRO,Principal - 7110 - ACTIVIDADES DE ARQUITECTURA E INGENIERÍA Y ACTIVIDADES CONEXAS DE CONSULTORÍA TÉCNICA,1.0,Principal - 7110 - ACTIVIDADES DE ARQUITECTURA E INGENIERÍA Y ACTIVIDADES CONEXAS DE CONSULTORÍA TÉCNICA,0,0,0,0,23/09/2026 23:23,1,1,1,61.4,Alto
20605875778,KICNAKO SOCIEDAD ANONIMA CERRADA,-,2024,PASCO,06/02/2020,06/02/2020,2020.0,4.0,0,2024,0,1,1,100000.0,1,1.0,1.0,SOCIEDAD ANONIMA CERRADA,ACTIVO,HABIDO,,HUANUCO/HUANUCO/AMARILIS,Principal - 4290 - CONSTRUCCIÓN DE OTRAS OBRAS DE INGENIERÍA CIVIL,3.0,"Principal - 4290 - CONSTRUCCIÓN DE OTRAS OBRAS DE INGENIERÍA CIVIL | Secundaria 1 - 4663 - VENTA AL POR MAYOR DE MATERIALES DE CONSTRUCCIÓN, ARTÍCULOS DE FERRETERÍA Y EQUIPO Y MATERIALES DE FONTANERÍA Y CALEFACCIÓN | Secundaria 2 - 7730 - ALQUILER Y ARRENDAMIENTO DE OTROS TIPOS DE MAQUINARIA, EQUIPO Y BIENES TANGIBLES",0,0,0,0,23/09/2026 23:24,1,1,1,61.4,Alto
20608077163,G Y M CONSULTORES Y CONSTRUCTORES S.R.L.,-,2024,PASCO,08/06/2021,08/06/2021,2021.0,3.0,0,2022,2,3,3,4636396.79,3,3.0,1.0,SOC.COM.RESPONS. LTDA,ACTIVO,HABIDO,,HUANUCO/HUANUCO/HUANUCO,Principal - 7110 - ACTIVIDADES DE ARQUITECTURA E INGENIERÍA Y ACTIVIDADES CONEXAS DE CONSULTORÍA TÉCNICA,2.0,Principal - 7110 - ACTIVIDADES DE ARQUITECTURA E INGENIERÍA Y ACTIVIDADES CONEXAS DE CONSULTORÍA TÉCNICA | Secundaria 1 - 4100 - CONSTRUCCIÓN DE EDIFICIOS,0,0,0,0,23/09/2026 23:26,1,1,1,61.4,Alto
20611372338,CORPORACIÓN B & M TANISH SOCIEDAD ANÓNIMA CERRADA,-,2024,PASCO,03/08/2023,01/09/2023,2023.0,1.0,0,2024,0,1,1,100000.0,1,1.0,1.0,SOCIEDAD ANONIMA CERRADA,ACTIVO,HABIDO,,PASCO/PASCO/CHAUPIMARCA,Principal - 4100 - CONSTRUCCIÓN DE EDIFICIOS,3.0,"Principal - 4100 - CONSTRUCCIÓN DE EDIFICIOS | Secundaria 1 - 4663 - VENTA AL POR MAYOR DE MATERIALES DE CONSTRUCCIÓN, ARTÍCULOS DE FERRETERÍA Y EQUIPO Y MATERIALES DE FONTANERÍA Y CALEFACCIÓN | Secundaria 2 - 4210 - CONSTRUCCIÓN DE CARRETERAS Y VÍAS DE FERROCARRIL",0,0,0,0,23/09/2026 23:30,1,1,1,61.4,Alto
20613220004,ALVISUN EMPRESA INDIVIDUAL DE RESPONSABILIDAD LIMITADA,-,2024,PASCO,30/09/2024,08/11/2024,2024.0,0.0,0,2024,0,1,1,100000.0,1,1.0,1.0,EMPRESA INDIVIDUAL DE RESP. LTDA,ACTIVO,HABIDO,,PASCO/PASCO/YANACANCHA,Principal - 4100 - CONSTRUCCIÓN DE EDIFICIOS,2.0,Principal - 4100 - CONSTRUCCIÓN DE EDIFICIOS | Secundaria 1 - 7110 - ACTIVIDADES DE ARQUITECTURA E INGENIERÍA Y ACTIVIDADES CONEXAS DE CONSULTORÍA TÉCNICA,0,0,0,0,23/09/2026 23:30,1,1,1,61.4,Alto
20613377205,CORPORACION OXAVAL EMPRESA INDIVIDUAL DE RESPONSABILIDAD LIMITADA,CORP. OXAVAL EIRL,2024,PASCO,04/11/2024,06/11/2024,2024.0,0.0,0,2024,0,1,1,400000.0,1,1.0,1.0,EMPRESA INDIVIDUAL DE RESP. LTDA,ACTIVO,HABIDO,,PASCO/OXAPAMPA/OXAPAMPA,Principal - 4100 - CONSTRUCCIÓN DE EDIFICIOS,3.0,"Principal - 4100 - CONSTRUCCIÓN DE EDIFICIOS | Secundaria 1 - 7020 - ACTIVIDADES DE CONSULTORÍA DE GESTIÓN | Secundaria 2 - 7730 - ALQUILER Y ARRENDAMIENTO DE OTROS TIPOS DE MAQUINARIA, EQUIPO Y BIENES TANGIBLES",0,0,0,0,23/09/2026 23:30,1,1,1,61.4,Alto
99000035293,,,2024,PASCO,,,,,0,2023,1,1,3,100000.0,1,1.0,1.0,,,,,,,,,2,0,0,0,,0,1,1,61.4,Alto
10176407471,ARRIETA NIÑO LUIS FRANCISCO,ARRIETA,2024,PIURA,09/03/1999,01/03/1999,1999.0,25.0,0,2006,18,1,1,111739078.45,1,0.0,0.0,PERSONA NATURAL CON NEGOCIO,ACTIVO,HABIDO,,PIURA/PIURA/CASTILLA,Principal - 4100 - CONSTRUCCIÓN DE EDIFICIOS,3.0,"Principal - 4100 - CONSTRUCCIÓN DE EDIFICIOS | Secundaria 1 - 4923 - TRANSPORTE DE CARGA POR CARRETERA | Secundaria 2 - 7730 - ALQUILER Y ARRENDAMIENTO DE OTROS TIPOS DE MAQUINARIA, EQUIPO Y BIENES TANGIBLES",0,0,0,0,23/09/2026 22:06,1,1,1,60.3,Alto
20154727826,CONSTRUCTORA Y SERVICIOS RODEMA E.I.R.L,COSERO EIRL,2024,PIURA,04/07/1993,01/07/1993,1993.0,31.0,0,2006,18,1,1,420347214.87,1,0.0,0.0,EMPRESA INDIVIDUAL DE RESP. LTDA,ACTIVO,HABIDO,,LIMA/LIMA/SAN ISIDRO,Principal - 7110 - ACTIVIDADES DE ARQUITECTURA E INGENIERÍA Y ACTIVIDADES CONEXAS DE CONSULTORÍA TÉCNICA,3.0,"Principal - 7110 - ACTIVIDADES DE ARQUITECTURA E INGENIERÍA Y ACTIVIDADES CONEXAS DE CONSULTORÍA TÉCNICA | Secundaria 1 - 7730 - ALQUILER Y ARRENDAMIENTO DE OTROS TIPOS DE MAQUINARIA, EQUIPO Y BIENES TANGIBLES | Secundaria 2 - 4210 - CONSTRUCCIÓN DE CARRETERAS Y VÍAS DE FERROCARRIL",1,0,0,0,23/09/2026 22:08,1,1,1,60.3,Alto
20261295246,FM CONTRATISTAS GENERALES S.R.L.,-,2024,PIURA,06/01/1995,14/01/1995,1995.0,29.0,0,2012,12,1,2,400000.0,1,1.0,1.0,SOC.COM.RESPONS. LTDA,ACTIVO,HABIDO,,LIMA/LIMA/LOS OLIVOS,Principal - 4100 - CONSTRUCCIÓN DE EDIFICIOS,3.0,Principal - 4100 - CONSTRUCCIÓN DE EDIFICIOS | Secundaria 1 - 4390 - OTRAS ACTIVIDADES ESPECIALIZADAS DE CONSTRUCCIÓN | Secundaria 2 - 4210 - CONSTRUCCIÓN DE CARRETERAS Y VÍAS DE FERROCARRIL,2,0,0,0,23/09/2026 22:09,1,1,1,60.3,Alto
20274419637,JCA CONTRATISTAS GENERALES SRL,-,2024,PIURA,01/06/1995,01/06/1995,1995.0,29.0,0,2009,15,1,1,118309035.08,1,0.0,0.0,SOC.COM.RESPONS. LTDA,ACTIVO,HABIDO,,LA LIBERTAD/TRUJILLO/TRUJILLO,Principal - 4100 - CONSTRUCCIÓN DE EDIFICIOS,3.0,Principal - 4100 - CONSTRUCCIÓN DE EDIFICIOS | Secundaria 1 - 4923 - TRANSPORTE DE CARGA POR CARRETERA | Secundaria 2 - 7710 - ALQUILER Y ARRENDAMIENTO DE VEHÍCULOS AUTOMOTORES,0,0,0,0,23/09/2026 22:10,1,1,1,60.3,Alto
20339480932,KRANFORT CONTRATISTAS GENERALES S.A.,-,2024,PIURA,14/01/1997,14/01/1997,1997.0,27.0,0,2005,19,1,1,33815605.01,1,0.0,0.0,SOCIEDAD ANONIMA,ACTIVO,HABIDO,,LIMA/LIMA/SAN MARTIN DE PORRES,Principal - 4390 - OTRAS ACTIVIDADES ESPECIALIZADAS DE CONSTRUCCIÓN,2.0,Principal - 4390 - OTRAS ACTIVIDADES ESPECIALIZADAS DE CONSTRUCCIÓN | Secundaria 1 - 6120 - ACTIVIDADES DE TELECOMUNICACIONES INALÁMBRICAS,0,0,0,0,23/09/2026 22:10,1,1,1,60.3,Alto
20480188404,MAS CAMUS INGENIEROS E.I.R.L.,-,2024,PIURA,18/06/2007,01/06/2007,2007.0,17.0,0,2011,13,1,3,54400790.36,1,0.0,0.0,EMPRESA INDIVIDUAL DE RESP. LTDA,ACTIVO,HABIDO,,AMAZONAS/CHACHAPOYAS/CHACHAPOYAS,Principal - 4100 - CONSTRUCCIÓN DE EDIFICIOS,3.0,Principal - 4100 - CONSTRUCCIÓN DE EDIFICIOS | Secundaria 1 - 4210 - CONSTRUCCIÓN DE CARRETERAS Y VÍAS DE FERROCARRIL | Secundaria 2 - 7110 - ACTIVIDADES DE ARQUITECTURA E INGENIERÍA Y ACTIVIDADES CONEXAS DE CONSULTORÍA TÉCNICA,0,0,0,0,23/09/2026 22:23,1,1,1,60.3,Alto
20525491677,CONSTRUCTORA SAN SEBASTIAN PIURA SOCIEDAD ANONIMA CERRADA - CONSTRUCTORA SAN SEBASTIAN PIURA S.A.C.,-,2024,PIURA,11/04/2007,11/04/2007,2007.0,17.0,0,2010,14,1,1,467867912.05,1,0.0,0.0,SOCIEDAD ANONIMA CERRADA,ACTIVO,HABIDO,,LIMA/LIMA/SAN MARTIN DE PORRES,Principal - 4923 - TRANSPORTE DE CARGA POR CARRETERA,3.0,"Principal - 4923 - TRANSPORTE DE CARGA POR CARRETERA | Secundaria 1 - 4100 - CONSTRUCCIÓN DE EDIFICIOS | Secundaria 2 - 4663 - VENTA AL POR MAYOR DE MATERIALES DE CONSTRUCCIÓN, ARTÍCULOS DE FERRETERÍA Y EQUIPO Y MATERIALES DE FONTANERÍA Y CALEFACCIÓN",0,0,0,0,23/09/2026 22:40,1,1,1,60.3,Alto
20525637639,DUPIU SOCIEDAD COMERCIAL DE RESPONSABILIDAD LIMITADA - DUPIU S.R.L.,-,2024,PIURA,15/01/2008,15/01/2008,2008.0,16.0,0,2024,0,1,1,3546056.25,1,1.0,1.0,SOC.COM.RESPONS. LTDA,ACTIVO,HABIDO,,PIURA/PIURA/VEINTISEIS DE OCTUBRE,Principal - 4100 - CONSTRUCCIÓN DE EDIFICIOS,3.0,"Principal - 4100 - CONSTRUCCIÓN DE EDIFICIOS | Secundaria 1 - 2511 - FABRICACION DE PRODUCTOS METALICOS PARA USO ESTRUCTURAL | Secundaria 2 - 4752 - VENTA AL POR MENOR DE ARTÍCULOS DE FERRETERÍA, PINTURAS Y PRODUCTOS DE VIDRIO EN COMERCIOS ESPECIALIZADOS",1,0,0,0,23/09/2026 22:41,1,1,1,60.3,Alto
20525822029,SERVICIOS Y CONSTRUCCIONES EL MANTARO SOCIEDAD ANONIMA CERRADA,EL MANTARO JC,2024,PIURA,01/12/2008,25/03/2009,2009.0,15.0,0,2012,12,1,1,47996025.57,1,0.0,0.0,SOCIEDAD ANONIMA CERRADA,ACTIVO,HABIDO,,PIURA/PIURA/PIURA,Principal - 4100 - CONSTRUCCIÓN DE EDIFICIOS,3.0,"Principal - 4100 - CONSTRUCCIÓN DE EDIFICIOS | Secundaria 1 - 4322 - INSTALACIONES DE FONTANERÍA, CALEFACCIÓN Y AIRE ACONDICIONADO | Secundaria 2 - 7730 - ALQUILER Y ARRENDAMIENTO DE OTROS TIPOS DE MAQUINARIA, EQUIPO Y BIENES TANGIBLES",0,0,0,0,23/09/2026 22:41,1,1,1,60.3,Alto
20526032854,GA INGENIEROS CONSTRUCTORES S.A.C.,-,2024,PIURA,09/12/2009,09/12/2009,2009.0,15.0,0,2011,13,2,1,95551505.74,2,1.0,0.5,SOCIEDAD ANONIMA CERRADA,ACTIVO,HABIDO,,LIMA/LIMA/SANTIAGO DE SURCO,Principal - 4923 - TRANSPORTE DE CARGA POR CARRETERA,3.0,Principal - 4923 - TRANSPORTE DE CARGA POR CARRETERA | Secundaria 1 - 4100 - CONSTRUCCIÓN DE EDIFICIOS | Secundaria 2 - 4220 - CONSTRUCCIÓN DE PROYECTOS DE SERVICIO PÚBLICO,0,0,0,0,23/09/2026 22:41,1,1,1,60.3,Alto
20526146191,EXAMOVA MAQUINARIAS Y SERVICIOS E.I.R.L.,-,2024,PIURA,14/06/2010,14/06/2010,2010.0,14.0,0,2021,3,1,1,200271819.7,1,0.0,0.0,EMPRESA INDIVIDUAL DE RESP. LTDA,ACTIVO,HABIDO,,LIMA/LIMA/MAGDALENA DEL MAR,Principal - 4923 - TRANSPORTE DE CARGA POR CARRETERA,3.0,"Principal - 4923 - TRANSPORTE DE CARGA POR CARRETERA | Secundaria 1 - 4290 - CONSTRUCCIÓN DE OTRAS OBRAS DE INGENIERÍA CIVIL | Secundaria 2 - 7730 - ALQUILER Y ARRENDAMIENTO DE OTROS TIPOS DE MAQUINARIA, EQUIPO Y BIENES TANGIBLES",0,0,0,0,23/09/2026 22:41,1,1,1,60.3,Alto
20526201478,CONSTRUCTORA BIDOLINO EMPRESA INDIVIDUAL DE RESPONSABILIDAD LIMITADA,-,2024,PIURA,10/04/2013,10/04/2013,2013.0,11.0,0,2024,0,3,1,109504054.35,3,0.0,0.0,EMPRESA INDIVIDUAL DE RESP. LTDA,ACTIVO,HABIDO,,PIURA/SULLANA/SULLANA,Principal - 4210 - CONSTRUCCIÓN DE CARRETERAS Y VÍAS DE FERROCARRIL,3.0,"Principal - 4210 - CONSTRUCCIÓN DE CARRETERAS Y VÍAS DE FERROCARRIL | Secundaria 1 - 7730 - ALQUILER Y ARRENDAMIENTO DE OTROS TIPOS DE MAQUINARIA, EQUIPO Y BIENES TANGIBLES | Secundaria 2 - 4390 - OTRAS ACTIVIDADES ESPECIALIZADAS DE CONSTRUCCIÓN",0,0,0,0,23/09/2026 22:41,1,1,1,60.3,Alto
20526203501,CONSTRUCTORA SANCHEZ CERRO EMPRESA INDIVIDUAL DE RESPONSABILIDAD LIMITADA,-,2024,PIURA,14/09/2010,14/09/2010,2010.0,14.0,0,2024,0,1,1,87656207.01,1,0.0,0.0,EMPRESA INDIVIDUAL DE RESP. LTDA,ACTIVO,HABIDO,,PIURA/SULLANA/SULLANA,Principal - 4390 - OTRAS ACTIVIDADES ESPECIALIZADAS DE CONSTRUCCIÓN,3.0,"Principal - 4390 - OTRAS ACTIVIDADES ESPECIALIZADAS DE CONSTRUCCIÓN | Secundaria 1 - 4663 - VENTA AL POR MAYOR DE MATERIALES DE CONSTRUCCIÓN, ARTÍCULOS DE FERRETERÍA Y EQUIPO Y MATERIALES DE FONTANERÍA Y CALEFACCIÓN | Secundaria 2 - 5510 - ACTIVIDADES DE ALOJAMIENTO PARA ESTANCIAS CORTAS",0,0,0,0,23/09/2026 22:41,1,1,1,60.3,Alto
20526652135,INVERSIONES RIO INAMBARI SOCIEDAD COMERCIAL DE RESPONSABILIDAD LIMITADA - IRINAM S.R.L.,-,2024,PIURA,02/05/2012,14/08/2012,2012.0,12.0,0,2024,0,1,1,18456915.88,1,0.0,0.0,SOC.COM.RESPONS. LTDA,ACTIVO,HABIDO,,PIURA/PIURA/VEINTISEIS DE OCTUBRE,Principal - 4100 - CONSTRUCCIÓN DE EDIFICIOS,3.0,Principal - 4100 - CONSTRUCCIÓN DE EDIFICIOS | Secundaria 1 - 7110 - ACTIVIDADES DE ARQUITECTURA E INGENIERÍA Y ACTIVIDADES CONEXAS DE CONSULTORÍA TÉCNICA | Secundaria 2 - 2511 - FABRICACION DE PRODUCTOS METALICOS PARA USO ESTRUCTURAL,1,0,0,0,23/09/2026 22:42,1,1,1,60.3,Alto
20526657871,CONSTRUCTORA Y SERVICIOS DEFRANK SOCIEDAD ANONIMA CERRADA,-,2024,PIURA,10/05/2012,10/05/2012,2012.0,12.0,0,2024,0,1,1,23425196.93,1,0.0,0.0,SOCIEDAD ANONIMA CERRADA,ACTIVO,HABIDO,,PIURA/PIURA/PIURA,Principal - 4390 - OTRAS ACTIVIDADES ESPECIALIZADAS DE CONSTRUCCIÓN,1.0,Principal - 4390 - OTRAS ACTIVIDADES ESPECIALIZADAS DE CONSTRUCCIÓN,0,0,0,0,23/09/2026 22:42,1,1,1,60.3,Alto
20529940395,CAMAFRA MOTORS S.A.C.,-,2024,PIURA,21/05/2013,21/05/2013,2013.0,11.0,0,2024,0,1,1,86006224.63,1,1.0,1.0,SOCIEDAD ANONIMA CERRADA,ACTIVO,HABIDO,,PIURA/SULLANA/SULLANA,Principal - 4923 - TRANSPORTE DE CARGA POR CARRETERA,3.0,"Principal - 4923 - TRANSPORTE DE CARGA POR CARRETERA | Secundaria 1 - 7730 - ALQUILER Y ARRENDAMIENTO DE OTROS TIPOS DE MAQUINARIA, EQUIPO Y BIENES TANGIBLES | Secundaria 2 - 4290 - CONSTRUCCIÓN DE OTRAS OBRAS DE INGENIERÍA CIVIL",0,0,0,0,23/09/2026 22:45,1,1,1,60.3,Alto
20529966351,KR CONSTRUCCIONES Y SERVICIOS GENERALES EMPRESA INDIVIDUAL DE RESPONSABILIDAD LIMITADA,-,2024,PIURA,25/06/2013,01/07/2013,2013.0,11.0,0,2024,0,1,1,4984433.32,1,0.0,0.0,EMPRESA INDIVIDUAL DE RESP. LTDA,ACTIVO,HABIDO,,PIURA/PIURA/CASTILLA,Principal - 45207 - CONSTRUCCION EDIFICIOS COMPLETOS.,2.0,Principal - 45207 - CONSTRUCCION EDIFICIOS COMPLETOS. | Secundaria 1 - 74996 - OTRAS ACTIVIDADES EMPRESARIALES NCP.,0,0,0,0,23/09/2026 22:45,1,1,1,60.3,Alto
20530036481,LAN & GROUP CONSTRUCTORES SOCIEDAD ANONIMA CERRADA,-,2024,PIURA,26/09/2013,01/10/2013,2013.0,11.0,0,2015,9,1,1,78297600.85,1,0.0,0.0,SOCIEDAD ANONIMA CERRADA,ACTIVO,HABIDO,,PIURA/PIURA/CASTILLA,Principal - 4100 - CONSTRUCCIÓN DE EDIFICIOS,3.0,"Principal - 4100 - CONSTRUCCIÓN DE EDIFICIOS | Secundaria 1 - 4923 - TRANSPORTE DE CARGA POR CARRETERA | Secundaria 2 - 7730 - ALQUILER Y ARRENDAMIENTO DE OTROS TIPOS DE MAQUINARIA, EQUIPO Y BIENES TANGIBLES",0,0,0,0,23/09/2026 22:46,1,1,1,60.3,Alto
20530091075,HTYV CORPORACION EMPRESARIAL S.A.C.,-,2024,PIURA,13/12/2013,01/04/2014,2014.0,10.0,0,2021,3,2,1,265868239.56,2,0.0,0.0,SOCIEDAD ANONIMA CERRADA,ACTIVO,HABIDO,,PIURA/PIURA/VEINTISEIS DE OCTUBRE,Principal - 4210 - CONSTRUCCIÓN DE CARRETERAS Y VÍAS DE FERROCARRIL,3.0,"Principal - 4210 - CONSTRUCCIÓN DE CARRETERAS Y VÍAS DE FERROCARRIL | Secundaria 1 - 4290 - CONSTRUCCIÓN DE OTRAS OBRAS DE INGENIERÍA CIVIL | Secundaria 2 - 4663 - VENTA AL POR MAYOR DE MATERIALES DE CONSTRUCCIÓN, ARTÍCULOS DE FERRETERÍA Y EQUIPO Y MATERIALES DE FONTANERÍA Y CALEFACCIÓN",0,0,0,0,23/09/2026 22:46,1,1,1,60.3,Alto
20533651918,CONSTRUCTORA Y MINERA SERPIENTE DE ORO E.I.R.L.,-,2024,PIURA,29/04/2013,20/07/2013,2013.0,11.0,0,2020,4,1,2,527316072.22,1,0.0,0.0,EMPRESA INDIVIDUAL DE RESP. LTDA,ACTIVO,HABIDO,,LIMA/LIMA/JESUS MARIA,Principal - 4100 - CONSTRUCCIÓN DE EDIFICIOS,3.0,"Principal - 4100 - CONSTRUCCIÓN DE EDIFICIOS | Secundaria 1 - 7110 - ACTIVIDADES DE ARQUITECTURA E INGENIERÍA Y ACTIVIDADES CONEXAS DE CONSULTORÍA TÉCNICA | Secundaria 2 - 7490 - OTRAS ACTIVIDADES PROFESIONALES, CIENTÍFICAS Y TÉCNICAS N.C.P.",0,0,0,0,23/09/2026 22:48,1,1,1,60.3,Alto
20600085841,CONSTRUCTORA E INMOBILIARIA HUANGAR S.A.C.,-,2024,PIURA,27/01/2015,27/01/2015,2015.0,9.0,0,2023,1,2,1,60103523.49,2,0.0,0.0,SOCIEDAD ANONIMA CERRADA,ACTIVO,HABIDO,,PIURA/SULLANA/SULLANA,Principal - 4100 - CONSTRUCCIÓN DE EDIFICIOS,3.0,"Principal - 4100 - CONSTRUCCIÓN DE EDIFICIOS | Secundaria 1 - 7710 - ALQUILER Y ARRENDAMIENTO DE VEHÍCULOS AUTOMOTORES | Secundaria 2 - 4663 - VENTA AL POR MAYOR DE MATERIALES DE CONSTRUCCIÓN, ARTÍCULOS DE FERRETERÍA Y EQUIPO Y MATERIALES DE FONTANERÍA Y CALEFACCIÓN",0,0,0,0,23/09/2026 23:06,1,1,1,60.3,Alto
20600419839,"SUDAMERICANA INTEGRAL DE CONSTRUCCIONES SUDINCO S.A., SUCURSAL PERÚ",SUDINCO S.A. SUCURSAL PERÚ,2024,PIURA,01/06/2015,01/06/2015,2015.0,9.0,0,2024,0,1,1,11031813750.8,1,0.0,0.0,SUCURSALES O AG. DE EMP. EXTRANJ.,ACTIVO,HABIDO,,LIMA/LIMA/SAN ISIDRO,Principal - 7110 - ACTIVIDADES DE ARQUITECTURA E INGENIERÍA Y ACTIVIDADES CONEXAS DE CONSULTORÍA TÉCNICA,2.0,Principal - 7110 - ACTIVIDADES DE ARQUITECTURA E INGENIERÍA Y ACTIVIDADES CONEXAS DE CONSULTORÍA TÉCNICA | Secundaria 1 - 2399 - FABRICACIÓN DE OTROS PRODUCTOS MINERALES NO METÁLICOS N.C.P.,0,0,0,0,23/09/2026 23:08,1,1,1,60.3,Alto
20600480996,DIVINO GROUP E.I.R.L.,-,2024,PIURA,30/09/2019,30/09/2019,2019.0,5.0,0,2024,0,1,1,100000.0,1,1.0,1.0,EMPRESA INDIVIDUAL DE RESP. LTDA,ACTIVO,HABIDO,,LIMA/LIMA/COMAS,Principal - 4100 - CONSTRUCCIÓN DE EDIFICIOS,3.0,Principal - 4100 - CONSTRUCCIÓN DE EDIFICIOS | Secundaria 1 - 3100 - FABRICACIÓN DE MUEBLES | Secundaria 2 - 4649 - VENTA AL POR MAYOR DE OTROS ENSERES DOMÉSTICOS,0,0,0,0,23/09/2026 23:09,1,1,1,60.3,Alto
20602951830,JAZA CONSTRUCTORES Y SERVICIOS GENERALES EMPRESA INDIVIDUAL DE RESPONSABILIDAD LIMITADA,-,2024,PIURA,27/02/2018,27/02/2018,2018.0,6.0,0,2024,0,1,1,15203509.0,1,0.0,0.0,EMPRESA INDIVIDUAL DE RESP. LTDA,ACTIVO,HABIDO,,PIURA/PIURA/PIURA,Principal - 4100 - CONSTRUCCIÓN DE EDIFICIOS,3.0,"Principal - 4100 - CONSTRUCCIÓN DE EDIFICIOS | Secundaria 1 - 7110 - ACTIVIDADES DE ARQUITECTURA E INGENIERÍA Y ACTIVIDADES CONEXAS DE CONSULTORÍA TÉCNICA | Secundaria 2 - 7730 - ALQUILER Y ARRENDAMIENTO DE OTROS TIPOS DE MAQUINARIA, EQUIPO Y BIENES TANGIBLES",0,0,0,0,23/09/2026 23:18,1,1,1,60.3,Alto
20605435077,BEYAND CONSTRUCTORA EMPRESA INDIVIDUAL DE RESPONSABILIDAD LIMITADA - BEYAND CONSTRUCTORA E.I.R.L.,BEYAND CONSTRUCTORA EIRL,2024,PIURA,25/10/2019,25/10/2019,2019.0,5.0,0,2024,0,1,1,763868.1,1,1.0,1.0,EMPRESA INDIVIDUAL DE RESP. LTDA,ACTIVO,HABIDO,,PIURA/MORROPON/CHULUCANAS,Principal - 4100 - CONSTRUCCIÓN DE EDIFICIOS,2.0,"Principal - 4100 - CONSTRUCCIÓN DE EDIFICIOS | Secundaria 1 - 4663 - VENTA AL POR MAYOR DE MATERIALES DE CONSTRUCCIÓN, ARTÍCULOS DE FERRETERÍA Y EQUIPO Y MATERIALES DE FONTANERÍA Y CALEFACCIÓN",0,0,0,0,23/09/2026 23:23,1,1,1,60.3,Alto
20605547436,CLARA INGENIERIA Y CONSTRUCCION E.I.R.L.,-,2024,PIURA,21/11/2019,01/12/2019,2019.0,5.0,0,2024,0,1,1,127151567.9,1,0.0,0.0,EMPRESA INDIVIDUAL DE RESP. LTDA,ACTIVO,HABIDO,,PIURA/PIURA/PIURA,Principal - 4100 - CONSTRUCCIÓN DE EDIFICIOS,1.0,Principal - 4100 - CONSTRUCCIÓN DE EDIFICIOS,0,0,0,0,23/09/2026 23:23,1,1,1,60.3,Alto
20605622080,CONSULTORES Y CONSTRUCTORES Q + WORKS E.I.R.L.,-,2024,PIURA,09/12/2019,09/12/2019,2019.0,5.0,0,2024,0,2,1,26812057.92,2,0.0,0.0,EMPRESA INDIVIDUAL DE RESP. LTDA,ACTIVO,HABIDO,,PIURA/PIURA/PIURA,Principal - 4100 - CONSTRUCCIÓN DE EDIFICIOS,3.0,"Principal - 4100 - CONSTRUCCIÓN DE EDIFICIOS | Secundaria 1 - 4923 - TRANSPORTE DE CARGA POR CARRETERA | Secundaria 2 - 4663 - VENTA AL POR MAYOR DE MATERIALES DE CONSTRUCCIÓN, ARTÍCULOS DE FERRETERÍA Y EQUIPO Y MATERIALES DE FONTANERÍA Y CALEFACCIÓN",0,0,0,0,23/09/2026 23:23,1,1,1,60.3,Alto
20608080784,"""WARMY PERU"" E.I.R.L.",-,2024,PIURA,09/06/2021,09/06/2021,2021.0,3.0,0,2024,0,1,1,6929024.49,1,0.0,0.0,EMPRESA INDIVIDUAL DE RESP. LTDA,ACTIVO,HABIDO,,PIURA/PIURA/VEINTISEIS DE OCTUBRE,Principal - 4100 - CONSTRUCCIÓN DE EDIFICIOS,3.0,"Principal - 4100 - CONSTRUCCIÓN DE EDIFICIOS | Secundaria 1 - 4663 - VENTA AL POR MAYOR DE MATERIALES DE CONSTRUCCIÓN, ARTÍCULOS DE FERRETERÍA Y EQUIPO Y MATERIALES DE FONTANERÍA Y CALEFACCIÓN | Secundaria 2 - 5221 - ACTIVIDADES DE SERVICIOS VINCULADAS AL TRANSPORTE TERRESTRE",0,0,0,0,23/09/2026 23:26,1,1,1,60.3,Alto
20106758477,MANT.CONST.Y PROYECTOS GRALES S.A.C.,MANTTO S.A.C.,2024,PUNO,21/04/1993,01/06/1991,1991.0,33.0,0,2008,16,1,2,100000.0,1,1.0,1.0,SOCIEDAD ANONIMA CERRADA,ACTIVO,HABIDO,,LIMA/LIMA/PACHACAMAC,Principal - 4100 - CONSTRUCCIÓN DE EDIFICIOS,1.0,Principal - 4100 - CONSTRUCCIÓN DE EDIFICIOS,2,0,0,0,23/09/2026 22:08,1,1,1,63.7,Alto
20518145763,INVERSIONES & NEGOCIOS SAN CRISTOBAL E.I.R.L.,-,2024,PUNO,21/07/2014,21/07/2014,2014.0,10.0,0,2024,0,1,1,801089140.5,1,0.0,0.0,EMPRESA INDIVIDUAL DE RESP. LTDA,ACTIVO,HABIDO,,LIMA/LIMA/SAN BORJA,Principal - 7110 - ACTIVIDADES DE ARQUITECTURA E INGENIERÍA Y ACTIVIDADES CONEXAS DE CONSULTORÍA TÉCNICA,3.0,"Principal - 7110 - ACTIVIDADES DE ARQUITECTURA E INGENIERÍA Y ACTIVIDADES CONEXAS DE CONSULTORÍA TÉCNICA | Secundaria 1 - 4663 - VENTA AL POR MAYOR DE MATERIALES DE CONSTRUCCIÓN, ARTÍCULOS DE FERRETERÍA Y EQUIPO Y MATERIALES DE FONTANERÍA Y CALEFACCIÓN | Secundaria 2 - 1392 - FABRICACIÓN DE ARTÍCULOS CONFECCIONADOS DE MATERIALES TEXTILES, EXCEPTO PRENDAS DE VESTIR",1,0,0,0,23/09/2026 22:39,1,1,1,63.7,Alto
20536612972,CMO GROUP S.A.C.,-,2024,PUNO,25/06/2010,10/02/2011,2011.0,13.0,0,2012,12,1,5,819662336.32,1,0.0,0.0,SOCIEDAD ANONIMA CERRADA,ACTIVO,HABIDO,,LIMA/LIMA/MIRAFLORES,Principal - 4100 - CONSTRUCCIÓN DE EDIFICIOS,2.0,Principal - 4100 - CONSTRUCCIÓN DE EDIFICIOS | Secundaria 1 - 3313 - REPARACIÓN DE EQUIPO ELECTRÓNICO Y ÓPTICO,1,0,0,0,23/09/2026 22:52,1,1,1,63.7,Alto
20602241671,OPERACIONES Y SERVICIOS TITAN DEL PERU E.I.R.L.,-,2024,PUNO,24/06/2017,01/07/2017,2017.0,7.0,0,2024,0,1,1,800510539.14,1,0.0,0.0,EMPRESA INDIVIDUAL DE RESP. LTDA,ACTIVO,HABIDO,,LIMA/LIMA/SAN BORJA,Principal - 7110 - ACTIVIDADES DE ARQUITECTURA E INGENIERÍA Y ACTIVIDADES CONEXAS DE CONSULTORÍA TÉCNICA,3.0,Principal - 7110 - ACTIVIDADES DE ARQUITECTURA E INGENIERÍA Y ACTIVIDADES CONEXAS DE CONSULTORÍA TÉCNICA | Secundaria 1 - 4773 - VENTA AL POR MENOR DE OTROS PRODUCTOS NUEVOS EN COMERCIOS ESPECIALIZADOS | Secundaria 2 - 4100 - CONSTRUCCIÓN DE EDIFICIOS,0,1,0,0,23/09/2026 23:16,1,1,1,63.7,Alto
20450151221,ZIMMER CONTRATISTAS GENERALES S.A.C.,-,2024,SAN MARTIN,15/06/2006,19/06/2006,2006.0,18.0,0,2007,17,1,1,100000.0,1,1.0,1.0,SOCIEDAD ANONIMA CERRADA,ACTIVO,HABIDO,,SAN MARTIN/SAN MARTIN/TARAPOTO,Principal - 4100 - CONSTRUCCIÓN DE EDIFICIOS,3.0,"Principal - 4100 - CONSTRUCCIÓN DE EDIFICIOS | Secundaria 1 - 7730 - ALQUILER Y ARRENDAMIENTO DE OTROS TIPOS DE MAQUINARIA, EQUIPO Y BIENES TANGIBLES | Secundaria 2 - 4663 - VENTA AL POR MAYOR DE MATERIALES DE CONSTRUCCIÓN, ARTÍCULOS DE FERRETERÍA Y EQUIPO Y MATERIALES DE FONTANERÍA Y CALEFACCIÓN",0,0,0,0,23/09/2026 22:18,1,1,1,48.3,Mediano alto
20450186440,CONSTRUCTORA Y REPRESENTACIONES CERRO VERDE S.A.C.,-,2024,SAN MARTIN,24/11/2006,24/11/2006,2006.0,18.0,0,2008,16,1,2,100000.0,1,1.0,1.0,SOCIEDAD ANONIMA CERRADA,ACTIVO,HABIDO,,SAN MARTIN/SAN MARTIN/TARAPOTO,Principal - 4220 - CONSTRUCCIÓN DE PROYECTOS DE SERVICIO PÚBLICO,3.0,"Principal - 4220 - CONSTRUCCIÓN DE PROYECTOS DE SERVICIO PÚBLICO | Secundaria 1 - 4663 - VENTA AL POR MAYOR DE MATERIALES DE CONSTRUCCIÓN, ARTÍCULOS DE FERRETERÍA Y EQUIPO Y MATERIALES DE FONTANERÍA Y CALEFACCIÓN | Secundaria 2 - 4390 - OTRAS ACTIVIDADES ESPECIALIZADAS DE CONSTRUCCIÓN",0,0,0,0,23/09/2026 22:19,1,1,1,48.3,Mediano alto
20450278051,CONSTRUCTORA INMOBILIARIA RIO HUALLAGA S.A.C,COIRH S.A.C.,2024,SAN MARTIN,28/11/2007,01/12/2007,2007.0,17.0,0,2009,15,2,1,562761980.39,2,0.0,0.0,SOCIEDAD ANONIMA CERRADA,ACTIVO,HABIDO,,SAN MARTIN/SAN MARTIN/TARAPOTO,Principal - 4100 - CONSTRUCCIÓN DE EDIFICIOS,3.0,"Principal - 4100 - CONSTRUCCIÓN DE EDIFICIOS | Secundaria 1 - 4923 - TRANSPORTE DE CARGA POR CARRETERA | Secundaria 2 - 4663 - VENTA AL POR MAYOR DE MATERIALES DE CONSTRUCCIÓN, ARTÍCULOS DE FERRETERÍA Y EQUIPO Y MATERIALES DE FONTANERÍA Y CALEFACCIÓN",1,0,0,0,23/09/2026 22:19,1,1,1,48.3,Mediano alto
20450299139,HORUS CONTRATISTAS GENERALES S.A.C.,-,2024,SAN MARTIN,18/02/2008,18/02/2008,2008.0,16.0,0,2016,8,2,1,158336017.8,2,0.0,0.0,SOCIEDAD ANONIMA CERRADA,ACTIVO,HABIDO,,SAN MARTIN/SAN MARTIN/TARAPOTO,Principal - 4210 - CONSTRUCCIÓN DE CARRETERAS Y VÍAS DE FERROCARRIL,3.0,"Principal - 4210 - CONSTRUCCIÓN DE CARRETERAS Y VÍAS DE FERROCARRIL | Secundaria 1 - 4100 - CONSTRUCCIÓN DE EDIFICIOS | Secundaria 2 - 7730 - ALQUILER Y ARRENDAMIENTO DE OTROS TIPOS DE MAQUINARIA, EQUIPO Y BIENES TANGIBLES",1,0,0,0,23/09/2026 22:19,1,1,1,48.3,Mediano alto
20450302377,VIZA CONSTRUCTORES S.A.C.,VIZA CONSTRUCTORES,2024,SAN MARTIN,26/02/2008,01/03/2008,2008.0,16.0,0,2024,0,1,1,500000.0,1,1.0,1.0,SOCIEDAD ANONIMA CERRADA,ACTIVO,HABIDO,,SAN MARTIN/MARISCAL CACERES/JUANJUI,Principal - 4100 - CONSTRUCCIÓN DE EDIFICIOS,2.0,"Principal - 4100 - CONSTRUCCIÓN DE EDIFICIOS | Secundaria 1 - 4663 - VENTA AL POR MAYOR DE MATERIALES DE CONSTRUCCIÓN, ARTÍCULOS DE FERRETERÍA Y EQUIPO Y MATERIALES DE FONTANERÍA Y CALEFACCIÓN",0,0,0,0,23/09/2026 22:19,1,1,1,48.3,Mediano alto
20450445305,"M & C CONTRATISTAS, CONSULTORES Y SERVICIOS GENERALES E.I.R.L.",-,2024,SAN MARTIN,23/09/2021,01/10/2021,2021.0,3.0,0,2024,0,1,1,100000.0,1,1.0,1.0,EMPRESA INDIVIDUAL DE RESP. LTDA,ACTIVO,HABIDO,,SAN MARTIN/MOYOBAMBA/MOYOBAMBA,Principal - 4100 - CONSTRUCCIÓN DE EDIFICIOS,3.0,Principal - 4100 - CONSTRUCCIÓN DE EDIFICIOS | Secundaria 1 - 7110 - ACTIVIDADES DE ARQUITECTURA E INGENIERÍA Y ACTIVIDADES CONEXAS DE CONSULTORÍA TÉCNICA | Secundaria 2 - 4390 - OTRAS ACTIVIDADES ESPECIALIZADAS DE CONSTRUCCIÓN,0,0,0,0,23/09/2026 22:19,1,1,1,48.3,Mediano alto
20480188404,MAS CAMUS INGENIEROS E.I.R.L.,-,2024,SAN MARTIN,18/06/2007,01/06/2007,2007.0,17.0,0,2011,13,2,3,54400790.36,2,0.0,0.0,EMPRESA INDIVIDUAL DE RESP. LTDA,ACTIVO,HABIDO,,AMAZONAS/CHACHAPOYAS/CHACHAPOYAS,Principal - 4100 - CONSTRUCCIÓN DE EDIFICIOS,3.0,Principal - 4100 - CONSTRUCCIÓN DE EDIFICIOS | Secundaria 1 - 4210 - CONSTRUCCIÓN DE CARRETERAS Y VÍAS DE FERROCARRIL | Secundaria 2 - 7110 - ACTIVIDADES DE ARQUITECTURA E INGENIERÍA Y ACTIVIDADES CONEXAS DE CONSULTORÍA TÉCNICA,0,0,0,0,23/09/2026 22:23,1,1,1,48.3,Mediano alto
20480403496,BETA KONCRET SAC.,BEKSAC,2024,SAN MARTIN,11/06/2008,01/06/2008,2008.0,16.0,0,2011,13,1,2,168846560.66,1,0.0,0.0,SOCIEDAD ANONIMA CERRADA,ACTIVO,HABIDO,,LIMA/LIMA/SAN ISIDRO,Principal - 4210 - CONSTRUCCIÓN DE CARRETERAS Y VÍAS DE FERROCARRIL,3.0,"Principal - 4210 - CONSTRUCCIÓN DE CARRETERAS Y VÍAS DE FERROCARRIL | Secundaria 1 - 4390 - OTRAS ACTIVIDADES ESPECIALIZADAS DE CONSTRUCCIÓN | Secundaria 2 - 7730 - ALQUILER Y ARRENDAMIENTO DE OTROS TIPOS DE MAQUINARIA, EQUIPO Y BIENES TANGIBLES",0,0,0,0,23/09/2026 22:23,1,1,1,48.3,Mediano alto
20480686692,FLOGAING CONTRATISTAS GENERALES S.A.C.,-,2024,SAN MARTIN,31/08/2009,01/09/2009,2009.0,15.0,0,2017,7,1,1,100000.0,1,1.0,1.0,SOCIEDAD ANONIMA CERRADA,ACTIVO,HABIDO,,AMAZONAS/CONDORCANQUI/NIEVA,Principal - 4100 - CONSTRUCCIÓN DE EDIFICIOS,3.0,"Principal - 4100 - CONSTRUCCIÓN DE EDIFICIOS | Secundaria 1 - 4210 - CONSTRUCCIÓN DE CARRETERAS Y VÍAS DE FERROCARRIL | Secundaria 2 - 4663 - VENTA AL POR MAYOR DE MATERIALES DE CONSTRUCCIÓN, ARTÍCULOS DE FERRETERÍA Y EQUIPO Y MATERIALES DE FONTANERÍA Y CALEFACCIÓN",2,2,0,0,23/09/2026 22:23,1,1,1,48.3,Mediano alto
20489532981,MEGA INVERSIONES S.R.L.,-,2024,SAN MARTIN,19/04/2007,01/05/2007,2007.0,17.0,0,2010,14,1,3,100000.0,1,1.0,1.0,SOC.COM.RESPONS. LTDA,ACTIVO,HABIDO,,LIMA/LIMA/JESUS MARIA,Principal - 7110 - ACTIVIDADES DE ARQUITECTURA E INGENIERÍA Y ACTIVIDADES CONEXAS DE CONSULTORÍA TÉCNICA,3.0,"Principal - 7110 - ACTIVIDADES DE ARQUITECTURA E INGENIERÍA Y ACTIVIDADES CONEXAS DE CONSULTORÍA TÉCNICA | Secundaria 1 - 4210 - CONSTRUCCIÓN DE CARRETERAS Y VÍAS DE FERROCARRIL | Secundaria 2 - 7730 - ALQUILER Y ARRENDAMIENTO DE OTROS TIPOS DE MAQUINARIA, EQUIPO Y BIENES TANGIBLES",0,1,0,0,23/09/2026 22:31,1,1,1,48.3,Mediano alto
20493537742,CONSTRUCTORA M & J S.A.C.,CONSTRUCTORA M & J SAC,2024,SAN MARTIN,22/12/2006,01/01/2007,2007.0,17.0,0,2013,11,1,4,1098458521.47,1,0.0,0.0,SOCIEDAD ANONIMA CERRADA,ACTIVO,HABIDO,,LORETO/MAYNAS/IQUITOS,Principal - 4390 - OTRAS ACTIVIDADES ESPECIALIZADAS DE CONSTRUCCIÓN,3.0,"Principal - 4390 - OTRAS ACTIVIDADES ESPECIALIZADAS DE CONSTRUCCIÓN | Secundaria 1 - 7730 - ALQUILER Y ARRENDAMIENTO DE OTROS TIPOS DE MAQUINARIA, EQUIPO Y BIENES TANGIBLES | Secundaria 2 - 4923 - TRANSPORTE DE CARGA POR CARRETERA",1,0,0,0,23/09/2026 22:33,1,1,1,48.3,Mediano alto
20493836651,CONSTRUCTORA HT SAC,CONSTRUCTORA HT SAC,2024,SAN MARTIN,15/03/2010,15/03/2010,2010.0,14.0,0,2020,4,1,1,146216234.68,1,0.0,0.0,SOCIEDAD ANONIMA CERRADA,ACTIVO,HABIDO,,SAN MARTIN/MOYOBAMBA/MOYOBAMBA,Principal - 4923 - TRANSPORTE DE CARGA POR CARRETERA,3.0,"Principal - 4923 - TRANSPORTE DE CARGA POR CARRETERA | Secundaria 1 - 4100 - CONSTRUCCIÓN DE EDIFICIOS | Secundaria 2 - 7730 - ALQUILER Y ARRENDAMIENTO DE OTROS TIPOS DE MAQUINARIA, EQUIPO Y BIENES TANGIBLES",0,0,0,0,23/09/2026 22:34,1,1,1,48.3,Mediano alto
20493953614,MARRUFO INGENIERIA Y CONSTRUCCION S.A.C.,MAINCO,2024,SAN MARTIN,20/01/2011,19/01/2011,2011.0,13.0,0,2013,11,1,1,7890131.74,1,0.0,0.0,SOCIEDAD ANONIMA CERRADA,ACTIVO,HABIDO,,SAN MARTIN/RIOJA/RIOJA,"Principal - 7730 - ALQUILER Y ARRENDAMIENTO DE OTROS TIPOS DE MAQUINARIA, EQUIPO Y BIENES TANGIBLES",3.0,"Principal - 7730 - ALQUILER Y ARRENDAMIENTO DE OTROS TIPOS DE MAQUINARIA, EQUIPO Y BIENES TANGIBLES | Secundaria 1 - 7110 - ACTIVIDADES DE ARQUITECTURA E INGENIERÍA Y ACTIVIDADES CONEXAS DE CONSULTORÍA TÉCNICA | Secundaria 2 - 4220 - CONSTRUCCIÓN DE PROYECTOS DE SERVICIO PÚBLICO",0,0,0,0,23/09/2026 22:34,1,1,1,48.3,Mediano alto
20494017521,ROCA CONSTRUCTORES EIRL,ROCA CONSTRUCTORES,2024,SAN MARTIN,14/06/2011,01/07/2011,2011.0,13.0,0,2024,0,1,1,100000.0,1,1.0,1.0,EMPRESA INDIVIDUAL DE RESP. LTDA,ACTIVO,HABIDO,,SAN MARTIN/SAN MARTIN/MORALES,Principal - 4100 - CONSTRUCCIÓN DE EDIFICIOS,3.0,Principal - 4100 - CONSTRUCCIÓN DE EDIFICIOS | Secundaria 1 - 4390 - OTRAS ACTIVIDADES ESPECIALIZADAS DE CONSTRUCCIÓN | Secundaria 2 - 4923 - TRANSPORTE DE CARGA POR CARRETERA,1,0,0,0,23/09/2026 22:34,1,1,1,48.3,Mediano alto
20496054041,GRUPO AURORA E.I.R.L.,-,2024,SAN MARTIN,18/07/2012,01/07/2012,2012.0,12.0,0,2024,0,1,1,14370365.64,1,1.0,1.0,EMPRESA INDIVIDUAL DE RESP. LTDA,ACTIVO,HABIDO,,CAJAMARCA/CAJAMARCA/CAJAMARCA,Principal - 4100 - CONSTRUCCIÓN DE EDIFICIOS,3.0,"Principal - 4100 - CONSTRUCCIÓN DE EDIFICIOS | Secundaria 1 - 1410 - FABRICACIÓN DE PRENDAS DE VESTIR, EXCEPTO PRENDAS DE PIEL | Secundaria 2 - 7730 - ALQUILER Y ARRENDAMIENTO DE OTROS TIPOS DE MAQUINARIA, EQUIPO Y BIENES TANGIBLES",0,0,0,0,23/09/2026 22:36,1,1,1,48.3,Mediano alto
20529457554,CORPORACION DACMAR S.A.C.,DACMAR,2024,SAN MARTIN,23/01/2012,23/01/2012,2012.0,12.0,0,2018,6,1,1,450000.0,1,1.0,1.0,SOCIEDAD ANONIMA CERRADA,ACTIVO,HABIDO,,LIMA/LIMA/LOS OLIVOS,"Principal - 4772 - VENTA AL POR MENOR DE PRODUCTOS FARMACÉUTICOS Y MÉDICOS, COSMÉTICOS Y ARTÍCULOS DE TOCADOR EN COMERCIOS ESPECIALIZADOS",3.0,"Principal - 4772 - VENTA AL POR MENOR DE PRODUCTOS FARMACÉUTICOS Y MÉDICOS, COSMÉTICOS Y ARTÍCULOS DE TOCADOR EN COMERCIOS ESPECIALIZADOS | Secundaria 1 - 4510 - VENTA DE VEHÍCULOS AUTOMOTORES | Secundaria 2 - 4290 - CONSTRUCCIÓN DE OTRAS OBRAS DE INGENIERÍA CIVIL",0,0,0,0,23/09/2026 22:45,1,1,1,48.3,Mediano alto
20533651918,CONSTRUCTORA Y MINERA SERPIENTE DE ORO E.I.R.L.,-,2024,SAN MARTIN,29/04/2013,20/07/2013,2013.0,11.0,0,2020,4,1,2,527316072.22,1,0.0,0.0,EMPRESA INDIVIDUAL DE RESP. LTDA,ACTIVO,HABIDO,,LIMA/LIMA/JESUS MARIA,Principal - 4100 - CONSTRUCCIÓN DE EDIFICIOS,3.0,"Principal - 4100 - CONSTRUCCIÓN DE EDIFICIOS | Secundaria 1 - 7110 - ACTIVIDADES DE ARQUITECTURA E INGENIERÍA Y ACTIVIDADES CONEXAS DE CONSULTORÍA TÉCNICA | Secundaria 2 - 7490 - OTRAS ACTIVIDADES PROFESIONALES, CIENTÍFICAS Y TÉCNICAS N.C.P.",0,0,0,0,23/09/2026 22:48,1,1,1,48.3,Mediano alto
20534016949,W & W CONSTRUCTORES S.A.C.,-,2024,SAN MARTIN,15/11/2007,01/12/2007,2007.0,17.0,0,2022,2,1,2,30770280.07,1,0.0,0.0,SOCIEDAD ANONIMA CERRADA,ACTIVO,HABIDO,,LIMA/LIMA/MIRAFLORES,Principal - 4100 - CONSTRUCCIÓN DE EDIFICIOS,3.0,"Principal - 4100 - CONSTRUCCIÓN DE EDIFICIOS | Secundaria 1 - 8130 - ACTIVIDADES DE PAISAJISMO Y SERVICIOS DE MANTENIMIENTO CONEXOS | Secundaria 2 - 4663 - VENTA AL POR MAYOR DE MATERIALES DE CONSTRUCCIÓN, ARTÍCULOS DE FERRETERÍA Y EQUIPO Y MATERIALES DE FONTANERÍA Y CALEFACCIÓN",1,1,0,0,23/09/2026 22:49,1,1,1,48.3,Mediano alto
20539158091,CORPORACION ARECO SAC,-,2024,SAN MARTIN,27/05/2013,01/05/2013,2013.0,11.0,0,2024,0,1,1,638494158.78,1,0.0,0.0,SOCIEDAD ANONIMA CERRADA,ACTIVO,HABIDO,,LIMA/LIMA/RIMAC,Principal - 4210 - CONSTRUCCIÓN DE CARRETERAS Y VÍAS DE FERROCARRIL,1.0,Principal - 4210 - CONSTRUCCIÓN DE CARRETERAS Y VÍAS DE FERROCARRIL,1,0,0,0,23/09/2026 22:52,1,1,1,48.3,Mediano alto
20542350033,ROIS OBRAS CIVILES S.A.C.,ROIS OBRAS CIVILES,2024,SAN MARTIN,06/12/2017,06/12/2017,2017.0,7.0,0,2024,0,2,3,203925490.74,2,0.0,0.0,SOCIEDAD ANONIMA CERRADA,ACTIVO,HABIDO,,SAN MARTIN/RIOJA/RIOJA,Principal - 4100 - CONSTRUCCIÓN DE EDIFICIOS,3.0,"Principal - 4100 - CONSTRUCCIÓN DE EDIFICIOS | Secundaria 1 - 4923 - TRANSPORTE DE CARGA POR CARRETERA | Secundaria 2 - 7730 - ALQUILER Y ARRENDAMIENTO DE OTROS TIPOS DE MAQUINARIA, EQUIPO Y BIENES TANGIBLES",1,0,0,0,23/09/2026 22:55,1,1,1,48.3,Mediano alto
20560034289,CHIKAN QHARI CONSTRUCTORES Y SERVICIOS GENERALES S.A.C.,-,2024,SAN MARTIN,10/07/2014,10/07/2014,2014.0,10.0,0,2022,2,1,1,500000.0,1,1.0,1.0,SOCIEDAD ANONIMA CERRADA,ACTIVO,HABIDO,,LA LIBERTAD/TRUJILLO/TRUJILLO,Principal - 4100 - CONSTRUCCIÓN DE EDIFICIOS,3.0,"Principal - 4100 - CONSTRUCCIÓN DE EDIFICIOS | Secundaria 1 - 4923 - TRANSPORTE DE CARGA POR CARRETERA | Secundaria 2 - 4663 - VENTA AL POR MAYOR DE MATERIALES DE CONSTRUCCIÓN, ARTÍCULOS DE FERRETERÍA Y EQUIPO Y MATERIALES DE FONTANERÍA Y CALEFACCIÓN",0,0,0,0,23/09/2026 22:58,1,1,1,48.3,Mediano alto
20560168994,CONSTRUCTORA Y CONSULTORA INPERA S.A.C,-,2024,SAN MARTIN,07/11/2014,07/11/2014,2014.0,10.0,0,2023,1,1,3,39727024.78,1,0.0,0.0,SOCIEDAD ANONIMA CERRADA,ACTIVO,HABIDO,,LAMBAYEQUE/LAMBAYEQUE/LAMBAYEQUE,Principal - 4100 - CONSTRUCCIÓN DE EDIFICIOS,3.0,Principal - 4100 - CONSTRUCCIÓN DE EDIFICIOS | Secundaria 1 - 4923 - TRANSPORTE DE CARGA POR CARRETERA | Secundaria 2 - 7110 - ACTIVIDADES DE ARQUITECTURA E INGENIERÍA Y ACTIVIDADES CONEXAS DE CONSULTORÍA TÉCNICA,0,0,0,0,23/09/2026 22:58,1,1,1,48.3,Mediano alto
20570866533,"""H & J CONSTRUCTION ENGINEER S.A.C.""",-,2024,SAN MARTIN,17/10/2014,01/11/2014,2014.0,10.0,0,2024,0,1,1,13104828.0,1,0.0,0.0,SOCIEDAD ANONIMA CERRADA,ACTIVO,HABIDO,,CAJAMARCA/JAEN/JAEN,Principal - 7110 - ACTIVIDADES DE ARQUITECTURA E INGENIERÍA Y ACTIVIDADES CONEXAS DE CONSULTORÍA TÉCNICA,3.0,"Principal - 7110 - ACTIVIDADES DE ARQUITECTURA E INGENIERÍA Y ACTIVIDADES CONEXAS DE CONSULTORÍA TÉCNICA | Secundaria 1 - 4663 - VENTA AL POR MAYOR DE MATERIALES DE CONSTRUCCIÓN, ARTÍCULOS DE FERRETERÍA Y EQUIPO Y MATERIALES DE FONTANERÍA Y CALEFACCIÓN | Secundaria 2 - 4100 - CONSTRUCCIÓN DE EDIFICIOS",1,1,0,0,23/09/2026 23:01,1,1,1,48.3,Mediano alto
20572125191,CESPEDES INGENIERIA & CONSTRUCCIONES S.A.C.,-,2024,SAN MARTIN,16/12/2013,16/12/2013,2013.0,11.0,0,2020,4,3,1,100000.0,3,3.0,1.0,SOCIEDAD ANONIMA CERRADA,ACTIVO,HABIDO,,SAN MARTIN/RIOJA/NUEVA CAJAMARCA,Principal - 4100 - CONSTRUCCIÓN DE EDIFICIOS,3.0,"Principal - 4100 - CONSTRUCCIÓN DE EDIFICIOS | Secundaria 1 - 7730 - ALQUILER Y ARRENDAMIENTO DE OTROS TIPOS DE MAQUINARIA, EQUIPO Y BIENES TANGIBLES | Secundaria 2 - 1410 - FABRICACIÓN DE PRENDAS DE VESTIR, EXCEPTO PRENDAS DE PIEL",0,0,0,0,23/09/2026 23:03,1,1,1,48.3,Mediano alto
20572164331,KJ & P INGENIEROS CONSTRUCTORES SOCIEDAD ANONIMA CERRADA,-,2024,SAN MARTIN,07/03/2014,07/03/2014,2014.0,10.0,0,2024,0,1,1,68002534.58,1,0.0,0.0,SOCIEDAD ANONIMA CERRADA,ACTIVO,HABIDO,,SAN MARTIN/SAN MARTIN/MORALES,Principal - 4210 - CONSTRUCCIÓN DE CARRETERAS Y VÍAS DE FERROCARRIL,3.0,"Principal - 4210 - CONSTRUCCIÓN DE CARRETERAS Y VÍAS DE FERROCARRIL | Secundaria 1 - 4752 - VENTA AL POR MENOR DE ARTÍCULOS DE FERRETERÍA, PINTURAS Y PRODUCTOS DE VIDRIO EN COMERCIOS ESPECIALIZADOS | Secundaria 2 - 7730 - ALQUILER Y ARRENDAMIENTO DE OTROS TIPOS DE MAQUINARIA, EQUIPO Y BIENES TANGIBLES",0,0,0,0,23/09/2026 23:03,1,1,1,48.3,Mediano alto
20572224849,COMPAÑIA CONSTRUCTORA AJJ S.A.C.,-,2024,SAN MARTIN,18/07/2014,18/07/2014,2014.0,10.0,0,2024,0,1,1,100000.0,1,1.0,1.0,SOCIEDAD ANONIMA CERRADA,ACTIVO,HABIDO,,SAN MARTIN/MOYOBAMBA/MOYOBAMBA,Principal - 4100 - CONSTRUCCIÓN DE EDIFICIOS,3.0,"Principal - 4100 - CONSTRUCCIÓN DE EDIFICIOS | Secundaria 1 - 4663 - VENTA AL POR MAYOR DE MATERIALES DE CONSTRUCCIÓN, ARTÍCULOS DE FERRETERÍA Y EQUIPO Y MATERIALES DE FONTANERÍA Y CALEFACCIÓN | Secundaria 2 - 7730 - ALQUILER Y ARRENDAMIENTO DE OTROS TIPOS DE MAQUINARIA, EQUIPO Y BIENES TANGIBLES",0,0,0,0,23/09/2026 23:03,1,1,1,48.3,Mediano alto
20600194861,U & S CONSULTORES Y CONTRATISTAS GENERALES S.A.C.,USHIOBRAS,2024,SAN MARTIN,06/03/2015,01/04/2015,2015.0,9.0,0,2020,4,2,1,13274448.48,2,0.0,0.0,SOCIEDAD ANONIMA CERRADA,ACTIVO,HABIDO,,SAN MARTIN/RIOJA/NUEVA CAJAMARCA,Principal - 4100 - CONSTRUCCIÓN DE EDIFICIOS,3.0,Principal - 4100 - CONSTRUCCIÓN DE EDIFICIOS | Secundaria 1 - 4390 - OTRAS ACTIVIDADES ESPECIALIZADAS DE CONSTRUCCIÓN | Secundaria 2 - 7110 - ACTIVIDADES DE ARQUITECTURA E INGENIERÍA Y ACTIVIDADES CONEXAS DE CONSULTORÍA TÉCNICA,0,0,0,0,23/09/2026 23:07,1,1,1,48.3,Mediano alto
20600683650,CORPORACION DIAMANTE JUBERS S.A.C.,-,2024,SAN MARTIN,21/09/2015,21/09/2015,2015.0,9.0,0,2019,5,1,1,2157432332.42,1,0.0,0.0,SOCIEDAD ANONIMA CERRADA,ACTIVO,HABIDO,,LIMA/LIMA/LINCE,Principal - 4100 - CONSTRUCCIÓN DE EDIFICIOS,3.0,"Principal - 4100 - CONSTRUCCIÓN DE EDIFICIOS | Secundaria 1 - 4663 - VENTA AL POR MAYOR DE MATERIALES DE CONSTRUCCIÓN, ARTÍCULOS DE FERRETERÍA Y EQUIPO Y MATERIALES DE FONTANERÍA Y CALEFACCIÓN | Secundaria 2 - 7730 - ALQUILER Y ARRENDAMIENTO DE OTROS TIPOS DE MAQUINARIA, EQUIPO Y BIENES TANGIBLES",3,0,0,0,23/09/2026 23:10,1,1,1,48.3,Mediano alto
20600721179,CORPORACION ALJAR SAC,-,2024,SAN MARTIN,07/10/2015,01/10/2015,2015.0,9.0,0,2021,3,1,2,112959729.78,1,0.0,0.0,SOCIEDAD ANONIMA CERRADA,ACTIVO,HABIDO,,LAMBAYEQUE/CHICLAYO/CHICLAYO,Principal - 4100 - CONSTRUCCIÓN DE EDIFICIOS,3.0,"Principal - 4100 - CONSTRUCCIÓN DE EDIFICIOS | Secundaria 1 - 4330 - TERMINACIÓN Y ACABADO DE EDIFICIOS | Secundaria 2 - 7730 - ALQUILER Y ARRENDAMIENTO DE OTROS TIPOS DE MAQUINARIA, EQUIPO Y BIENES TANGIBLES",0,0,0,0,23/09/2026 23:10,1,1,1,48.3,Mediano alto
20601290309,PROYECTA CONSULTORIA Y CONSTRUCCIONES S.A.C.,-,2024,SAN MARTIN,10/06/2016,01/06/2016,2016.0,8.0,0,2024,0,1,1,500000.0,1,1.0,1.0,SOCIEDAD ANONIMA CERRADA,ACTIVO,HABIDO,,LAMBAYEQUE/CHICLAYO/CHICLAYO,Principal - 4290 - CONSTRUCCIÓN DE OTRAS OBRAS DE INGENIERÍA CIVIL,3.0,"Principal - 4290 - CONSTRUCCIÓN DE OTRAS OBRAS DE INGENIERÍA CIVIL | Secundaria 1 - 7110 - ACTIVIDADES DE ARQUITECTURA E INGENIERÍA Y ACTIVIDADES CONEXAS DE CONSULTORÍA TÉCNICA | Secundaria 2 - 4663 - VENTA AL POR MAYOR DE MATERIALES DE CONSTRUCCIÓN, ARTÍCULOS DE FERRETERÍA Y EQUIPO Y MATERIALES DE FONTANERÍA Y CALEFACCIÓN",0,0,0,0,23/09/2026 23:12,1,1,1,48.3,Mediano alto
20601500214,INFRATECHO S.A.C.,-,2024,SAN MARTIN,13/09/2016,13/09/2016,2016.0,8.0,0,2024,0,1,1,100000.0,1,1.0,1.0,SOCIEDAD ANONIMA CERRADA,ACTIVO,HABIDO,,SAN MARTIN/RIOJA/ELIAS SOPLIN VARGAS,Principal - 4100 - CONSTRUCCIÓN DE EDIFICIOS,3.0,"Principal - 4100 - CONSTRUCCIÓN DE EDIFICIOS | Secundaria 1 - 7730 - ALQUILER Y ARRENDAMIENTO DE OTROS TIPOS DE MAQUINARIA, EQUIPO Y BIENES TANGIBLES | Secundaria 2 - 4663 - VENTA AL POR MAYOR DE MATERIALES DE CONSTRUCCIÓN, ARTÍCULOS DE FERRETERÍA Y EQUIPO Y MATERIALES DE FONTANERÍA Y CALEFACCIÓN",0,0,0,0,23/09/2026 23:13,1,1,1,48.3,Mediano alto
20601533171,V & V COMPANY CONSTRUCTION S.A.C.,-,2024,SAN MARTIN,27/09/2016,01/10/2016,2016.0,8.0,0,2024,0,1,1,100000.0,1,1.0,1.0,SOCIEDAD ANONIMA CERRADA,ACTIVO,HABIDO,,SAN MARTIN/MOYOBAMBA/MOYOBAMBA,Principal - 4100 - CONSTRUCCIÓN DE EDIFICIOS,2.0,Principal - 4100 - CONSTRUCCIÓN DE EDIFICIOS | Secundaria 1 - 7110 - ACTIVIDADES DE ARQUITECTURA E INGENIERÍA Y ACTIVIDADES CONEXAS DE CONSULTORÍA TÉCNICA,0,0,0,0,23/09/2026 23:14,1,1,1,48.3,Mediano alto
20602811914,MA ARCHITECTS E.I.R.L.,-,2024,SAN MARTIN,18/01/2018,18/01/2018,2018.0,6.0,0,2024,0,1,1,291203.97,1,1.0,1.0,EMPRESA INDIVIDUAL DE RESP. LTDA,ACTIVO,HABIDO,,SAN MARTIN/SAN MARTIN/TARAPOTO,Principal - 4100 - CONSTRUCCIÓN DE EDIFICIOS,3.0,"Principal - 4100 - CONSTRUCCIÓN DE EDIFICIOS | Secundaria 1 - 4663 - VENTA AL POR MAYOR DE MATERIALES DE CONSTRUCCIÓN, ARTÍCULOS DE FERRETERÍA Y EQUIPO Y MATERIALES DE FONTANERÍA Y CALEFACCIÓN | Secundaria 2 - 4771 - VENTA AL POR MENOR DE PRENDAS DE VESTIR, CALZADO Y ARTÍCULOS DE CUERO EN COMERCIOS ESPECIALIZADOS",0,0,0,0,23/09/2026 23:18,1,1,1,48.3,Mediano alto
20604572968,COSTASELVA ARQUITECTURA E INGENIERIA S.A.C.,-,2024,SAN MARTIN,16/04/2019,16/04/2019,2019.0,5.0,0,2024,0,1,1,44185499.16,1,1.0,1.0,SOCIEDAD ANONIMA CERRADA,ACTIVO,HABIDO,,LA LIBERTAD/TRUJILLO/TRUJILLO,Principal - 4220 - CONSTRUCCIÓN DE PROYECTOS DE SERVICIO PÚBLICO,3.0,Principal - 4220 - CONSTRUCCIÓN DE PROYECTOS DE SERVICIO PÚBLICO | Secundaria 1 - 4923 - TRANSPORTE DE CARGA POR CARRETERA | Secundaria 2 - 7110 - ACTIVIDADES DE ARQUITECTURA E INGENIERÍA Y ACTIVIDADES CONEXAS DE CONSULTORÍA TÉCNICA,0,0,0,0,23/09/2026 23:21,1,1,1,48.3,Mediano alto
20609697238,CONSTRUCCIONES Y ACABADOS Z&M E.I.R.L,-,2024,SAN MARTIN,05/07/2022,16/08/2022,2022.0,2.0,0,2024,0,1,1,100000.0,1,1.0,1.0,EMPRESA INDIVIDUAL DE RESP. LTDA,ACTIVO,HABIDO,,SAN MARTIN/SAN MARTIN/MORALES,Principal - 4100 - CONSTRUCCIÓN DE EDIFICIOS,3.0,Principal - 4100 - CONSTRUCCIÓN DE EDIFICIOS | Secundaria 1 - 4390 - OTRAS ACTIVIDADES ESPECIALIZADAS DE CONSTRUCCIÓN | Secundaria 2 - 4321 - INSTALACIONES ELÉCTRICAS,0,0,0,0,23/09/2026 23:28,1,1,1,48.3,Mediano alto
20609836149,CONSULTORA R & G S.A.C.,GRUPO R&G SOLUCIONES,2024,SAN MARTIN,09/08/2022,31/08/2022,2022.0,2.0,0,2024,0,1,1,100000.0,1,1.0,1.0,SOCIEDAD ANONIMA CERRADA,ACTIVO,HABIDO,,SAN MARTIN/SAN MARTIN/TARAPOTO,Principal - 7110 - ACTIVIDADES DE ARQUITECTURA E INGENIERÍA Y ACTIVIDADES CONEXAS DE CONSULTORÍA TÉCNICA,3.0,Principal - 7110 - ACTIVIDADES DE ARQUITECTURA E INGENIERÍA Y ACTIVIDADES CONEXAS DE CONSULTORÍA TÉCNICA | Secundaria 1 - 4100 - CONSTRUCCIÓN DE EDIFICIOS | Secundaria 2 - 1610 - ASERRADO Y ACEPILLADURA DE MADERA,0,0,0,0,23/09/2026 23:28,1,1,1,48.3,Mediano alto
20610467190,GENESIS CAMILA CONTRATISTAS GENERALES S.A.C.,-,2024,SAN MARTIN,13/01/2023,02/01/2023,2023.0,1.0,0,2024,0,2,1,152515.0,2,2.0,1.0,SOCIEDAD ANONIMA CERRADA,ACTIVO,HABIDO,,AMAZONAS/CHACHAPOYAS/CHACHAPOYAS,Principal - 4100 - CONSTRUCCIÓN DE EDIFICIOS,3.0,"Principal - 4100 - CONSTRUCCIÓN DE EDIFICIOS | Secundaria 1 - 7110 - ACTIVIDADES DE ARQUITECTURA E INGENIERÍA Y ACTIVIDADES CONEXAS DE CONSULTORÍA TÉCNICA | Secundaria 2 - 4663 - VENTA AL POR MAYOR DE MATERIALES DE CONSTRUCCIÓN, ARTÍCULOS DE FERRETERÍA Y EQUIPO Y MATERIALES DE FONTANERÍA Y CALEFACCIÓN",0,0,0,0,23/09/2026 23:29,1,1,1,48.3,Mediano alto
20611692928,MAGREDA CONTRATISTAS GENERALES E.I.R.L.,-,2024,SAN MARTIN,16/10/2023,01/11/2023,2023.0,1.0,0,2024,0,1,1,765299.23,1,1.0,1.0,EMPRESA INDIVIDUAL DE RESP. LTDA,ACTIVO,HABIDO,,LAMBAYEQUE/CHICLAYO/CHICLAYO,Principal - 7110 - ACTIVIDADES DE ARQUITECTURA E INGENIERÍA Y ACTIVIDADES CONEXAS DE CONSULTORÍA TÉCNICA,3.0,"Principal - 7110 - ACTIVIDADES DE ARQUITECTURA E INGENIERÍA Y ACTIVIDADES CONEXAS DE CONSULTORÍA TÉCNICA | Secundaria 1 - 7730 - ALQUILER Y ARRENDAMIENTO DE OTROS TIPOS DE MAQUINARIA, EQUIPO Y BIENES TANGIBLES | Secundaria 2 - 4752 - VENTA AL POR MENOR DE ARTÍCULOS DE FERRETERÍA, PINTURAS Y PRODUCTOS DE VIDRIO EN COMERCIOS ESPECIALIZADOS",0,0,0,0,23/09/2026 23:30,1,1,1,48.3,Mediano alto
20612549258,MAQUINARIA Y CONSTRUCCIONES CVP S.A.C.,-,2024,SAN MARTIN,02/05/2024,16/05/2024,2024.0,0.0,0,2024,0,1,1,100000.0,1,1.0,1.0,SOCIEDAD ANONIMA CERRADA,SUSPENSION TEMPORAL,HABIDO,,SAN MARTIN/MARISCAL CACERES/JUANJUI,Principal - 4100 - CONSTRUCCIÓN DE EDIFICIOS,3.0,"Principal - 4100 - CONSTRUCCIÓN DE EDIFICIOS | Secundaria 1 - 4663 - VENTA AL POR MAYOR DE MATERIALES DE CONSTRUCCIÓN, ARTÍCULOS DE FERRETERÍA Y EQUIPO Y MATERIALES DE FONTANERÍA Y CALEFACCIÓN | Secundaria 2 - 4923 - TRANSPORTE DE CARGA POR CARRETERA",0,0,0,0,23/09/2026 23:30,1,1,1,48.3,Mediano alto
20612984515,TRACTORES Y CAMIONES S.A.C.,-,2024,SAN MARTIN,09/08/2024,15/08/2024,2024.0,0.0,0,2024,0,1,1,100000.0,1,1.0,1.0,SOCIEDAD ANONIMA CERRADA,ACTIVO,HABIDO,,SAN MARTIN/SAN MARTIN/LA BANDA DE SHILCAYO,Principal - 4100 - CONSTRUCCIÓN DE EDIFICIOS,1.0,Principal - 4100 - CONSTRUCCIÓN DE EDIFICIOS,0,0,0,0,23/09/2026 23:30,1,1,1,48.3,Mediano alto
20612988723,INVERSIONES Y CONSTRUCCIONES MEGA E.I.R.L.,-,2024,SAN MARTIN,12/08/2024,16/08/2024,2024.0,0.0,0,2024,0,1,1,0.0,1,1.0,1.0,EMPRESA INDIVIDUAL DE RESP. LTDA,ACTIVO,HABIDO,,SAN MARTIN/SAN MARTIN/TARAPOTO,Principal - 4100 - CONSTRUCCIÓN DE EDIFICIOS,3.0,"Principal - 4100 - CONSTRUCCIÓN DE EDIFICIOS | Secundaria 1 - 4752 - VENTA AL POR MENOR DE ARTÍCULOS DE FERRETERÍA, PINTURAS Y PRODUCTOS DE VIDRIO EN COMERCIOS ESPECIALIZADOS | Secundaria 2 - 7730 - ALQUILER Y ARRENDAMIENTO DE OTROS TIPOS DE MAQUINARIA, EQUIPO Y BIENES TANGIBLES",1,0,0,0,23/09/2026 23:30,1,1,1,48.3,Mediano alto
20133176404,JAST S.A.C.,-,2024,TACNA,06/05/1993,04/11/1992,1992.0,32.0,0,2016,8,1,1,353853660.15,1,0.0,0.0,SOCIEDAD ANONIMA CERRADA,ACTIVO,HABIDO,,AREQUIPA/AREQUIPA/AREQUIPA,Principal - 4100 - CONSTRUCCIÓN DE EDIFICIOS,2.0,"Principal - 4100 - CONSTRUCCIÓN DE EDIFICIOS | Secundaria 2 - 7730 - ALQUILER Y ARRENDAMIENTO DE OTROS TIPOS DE MAQUINARIA, EQUIPO Y BIENES TANGIBLES",0,0,0,0,23/09/2026 22:08,1,1,1,63.2,Alto
20257427022,CONSTRUCTORA C & R S.A. CONTRATISTAS GENERALES Y SERVICIOS CONSTR. C & R S.A.,-,2024,TACNA,06/10/1994,06/10/1994,1994.0,30.0,0,2006,18,1,1,45690781.99,1,0.0,0.0,SOCIEDAD ANONIMA,ACTIVO,HABIDO,,LIMA/LIMA/SAN JUAN DE LURIGANCHO,Principal - 7110 - ACTIVIDADES DE ARQUITECTURA E INGENIERÍA Y ACTIVIDADES CONEXAS DE CONSULTORÍA TÉCNICA,1.0,Principal - 7110 - ACTIVIDADES DE ARQUITECTURA E INGENIERÍA Y ACTIVIDADES CONEXAS DE CONSULTORÍA TÉCNICA,0,0,0,0,23/09/2026 22:09,1,1,1,63.2,Alto
20406330495,NAZRA CONSTRUCTORES S.R.L.,-,2024,TACNA,04/02/2003,04/02/2003,2003.0,21.0,0,2021,3,1,1,100000.0,1,1.0,1.0,SOC.COM.RESPONS. LTDA,ACTIVO,HABIDO,,LIMA/LIMA/SAN JUAN DE MIRAFLORES,Principal - 4100 - CONSTRUCCIÓN DE EDIFICIOS,3.0,"Principal - 4100 - CONSTRUCCIÓN DE EDIFICIOS | Secundaria 1 - 7730 - ALQUILER Y ARRENDAMIENTO DE OTROS TIPOS DE MAQUINARIA, EQUIPO Y BIENES TANGIBLES | Secundaria 2 - 4651 - VENTA AL POR MAYOR DE ORDENADORES, EQUIPO PERIFÉRICO Y PROGRAMAS DE INFORMÁTICA",0,0,0,0,23/09/2026 22:14,1,1,1,63.2,Alto
20453991769,JOSAVA S.A.C. CONTRATISTAS GENERALES,-,2024,TACNA,11/04/2005,11/04/2005,2005.0,19.0,0,2016,8,1,1,38377398.72,1,1.0,1.0,SOCIEDAD ANONIMA CERRADA,ACTIVO,HABIDO,,AREQUIPA/AREQUIPA/CERRO COLORADO,Principal - 4100 - CONSTRUCCIÓN DE EDIFICIOS,3.0,"Principal - 4100 - CONSTRUCCIÓN DE EDIFICIOS | Secundaria 1 - 4312 - PREPARACIÓN DEL TERRENO | Secundaria 2 - 7730 - ALQUILER Y ARRENDAMIENTO DE OTROS TIPOS DE MAQUINARIA, EQUIPO Y BIENES TANGIBLES",0,0,0,0,23/09/2026 22:21,1,1,1,63.2,Alto
20456323007,E & F TRANSMAQ S.A.C.,-,2024,TACNA,16/01/2012,27/06/2012,2012.0,12.0,0,2020,4,1,1,160569756.78,1,0.0,0.0,SOCIEDAD ANONIMA CERRADA,ACTIVO,HABIDO,,AREQUIPA/AREQUIPA/PAUCARPATA,Principal - 4290 - CONSTRUCCIÓN DE OTRAS OBRAS DE INGENIERÍA CIVIL,2.0,"Principal - 4290 - CONSTRUCCIÓN DE OTRAS OBRAS DE INGENIERÍA CIVIL | Secundaria 1 - 2395 - FABRICACIÓN DE ARTÍCULOS DE HORMIGÓN, CEMENTO Y YESO",1,0,0,0,23/09/2026 22:21,1,1,1,63.2,Alto
20494637074,AHREN CONTRATISTAS GENERALES S.A.C,-,2024,TACNA,10/01/2009,10/01/2009,2009.0,15.0,0,2014,10,1,2,555480151.85,1,0.0,0.0,SOCIEDAD ANONIMA CERRADA,ACTIVO,HABIDO,,LIMA/LIMA/MIRAFLORES,Principal - 4210 - CONSTRUCCIÓN DE CARRETERAS Y VÍAS DE FERROCARRIL,3.0,Principal - 4210 - CONSTRUCCIÓN DE CARRETERAS Y VÍAS DE FERROCARRIL | Secundaria 1 - 7110 - ACTIVIDADES DE ARQUITECTURA E INGENIERÍA Y ACTIVIDADES CONEXAS DE CONSULTORÍA TÉCNICA | Secundaria 2 - 4923 - TRANSPORTE DE CARGA POR CARRETERA,3,1,0,0,23/09/2026 22:35,1,1,1,63.2,Alto
20519658501,INGENIERIA EN CONSTRUCCION DE OBRAS SOCIEDAD ANONIMA CERRADA,ICOSAC,2024,TACNA,15/01/2002,15/01/2002,2002.0,22.0,0,2008,16,1,1,124261732.73,1,0.0,0.0,SOCIEDAD ANONIMA,ACTIVO,HABIDO,,TACNA/TACNA/CRL. GREG. ALBARRACIN LANCHIP,Principal - 4220 - CONSTRUCCIÓN DE PROYECTOS DE SERVICIO PÚBLICO,3.0,"Principal - 4220 - CONSTRUCCIÓN DE PROYECTOS DE SERVICIO PÚBLICO | Secundaria 1 - 7730 - ALQUILER Y ARRENDAMIENTO DE OTROS TIPOS DE MAQUINARIA, EQUIPO Y BIENES TANGIBLES | Secundaria 2 - 4390 - OTRAS ACTIVIDADES ESPECIALIZADAS DE CONSTRUCCIÓN",0,0,0,0,23/09/2026 22:39,1,1,1,63.2,Alto
20529202998,CONSTRUCTORA MINERA DE SERVICIOS MULTIPLES SANTANA SOCIEDAD ANONIMA CERRADA,COMISEMS S.A.C.,2024,TACNA,07/04/2011,07/04/2011,2011.0,13.0,0,2013,11,1,4,49791999.33,1,0.0,0.0,SOCIEDAD ANONIMA CERRADA,ACTIVO,HABIDO,,LIMA/LIMA/SAN LUIS,Principal - 4210 - CONSTRUCCIÓN DE CARRETERAS Y VÍAS DE FERROCARRIL,3.0,Principal - 4210 - CONSTRUCCIÓN DE CARRETERAS Y VÍAS DE FERROCARRIL | Secundaria 1 - 5590 - OTRAS ACTIVIDADES DE ALOJAMIENTO | Secundaria 2 - 4390 - OTRAS ACTIVIDADES ESPECIALIZADAS DE CONSTRUCCIÓN,0,0,0,0,23/09/2026 22:45,1,1,1,63.2,Alto
20532656347,OCRAM_29 GEIN SOCIEDAD COMERCIAL DE RESPONSABILIDAD LIMITADA,OCRAM_29 GEIN S.R.L,2024,TACNA,10/02/2011,14/02/2011,2011.0,13.0,0,2018,6,1,1,100000.0,1,1.0,1.0,SOC.COM.RESPONS. LTDA,ACTIVO,HABIDO,,LIMA/LIMA/MIRAFLORES,Principal - 4100 - CONSTRUCCIÓN DE EDIFICIOS,3.0,"Principal - 4100 - CONSTRUCCIÓN DE EDIFICIOS | Secundaria 1 - 4923 - TRANSPORTE DE CARGA POR CARRETERA | Secundaria 2 - 7730 - ALQUILER Y ARRENDAMIENTO DE OTROS TIPOS DE MAQUINARIA, EQUIPO Y BIENES TANGIBLES",0,0,0,0,23/09/2026 22:48,1,1,1,63.2,Alto
20533652213,NEFI CONSTRUCCIONES E.I.R.L.,-,2024,TACNA,29/04/2013,01/05/2013,2013.0,11.0,0,2021,3,1,3,91303714.42,1,0.0,0.0,EMPRESA INDIVIDUAL DE RESP. LTDA,ACTIVO,HABIDO,,ANCASH/HUARAZ/INDEPENDENCIA,Principal - 4210 - CONSTRUCCIÓN DE CARRETERAS Y VÍAS DE FERROCARRIL,3.0,Principal - 4210 - CONSTRUCCIÓN DE CARRETERAS Y VÍAS DE FERROCARRIL | Secundaria 1 - 4923 - TRANSPORTE DE CARGA POR CARRETERA | Secundaria 2 - 7110 - ACTIVIDADES DE ARQUITECTURA E INGENIERÍA Y ACTIVIDADES CONEXAS DE CONSULTORÍA TÉCNICA,0,0,0,0,23/09/2026 22:48,1,1,1,63.2,Alto
20536907930,INVERSIONES Y CONTRATISTAS GRUPO 7 S.A.C.,-,2024,TACNA,23/07/2010,01/08/2010,2010.0,14.0,0,2015,9,1,1,43036688.34,1,0.0,0.0,SOCIEDAD ANONIMA CERRADA,ACTIVO,HABIDO,,LIMA/LIMA/SAN MARTIN DE PORRES,Principal - 4390 - OTRAS ACTIVIDADES ESPECIALIZADAS DE CONSTRUCCIÓN,3.0,"Principal - 4390 - OTRAS ACTIVIDADES ESPECIALIZADAS DE CONSTRUCCIÓN | Secundaria 1 - 4690 - VENTA AL POR MAYOR NO ESPECIALIZADA | Secundaria 2 - 7730 - ALQUILER Y ARRENDAMIENTO DE OTROS TIPOS DE MAQUINARIA, EQUIPO Y BIENES TANGIBLES",0,0,0,0,23/09/2026 22:52,1,1,1,63.2,Alto
20547282559,ARO CONSTRUCTORA Y MINEROS EIRL,-,2024,TACNA,20/03/2012,01/04/2012,2012.0,12.0,0,2022,2,1,1,135689244.58,1,0.0,0.0,EMPRESA INDIVIDUAL DE RESP. LTDA,ACTIVO,HABIDO,,LIMA/LIMA/LIMA,Principal - 4100 - CONSTRUCCIÓN DE EDIFICIOS,2.0,Principal - 4100 - CONSTRUCCIÓN DE EDIFICIOS | Secundaria 1 - 4312 - PREPARACIÓN DEL TERRENO,0,0,0,0,23/09/2026 22:56,1,1,1,63.2,Alto
20563050684,CONSTRUCTORA NANI SOCIEDAD ANONIMA CERRADA - CONSTRUCTORA NANI S.A.C.,-,2024,TACNA,30/06/2014,30/06/2014,2014.0,10.0,0,2024,0,1,1,100000.0,1,1.0,1.0,SOCIEDAD ANONIMA CERRADA,ACTIVO,HABIDO,,LIMA/LIMA/SAN JUAN DE LURIGANCHO,Principal - 4390 - OTRAS ACTIVIDADES ESPECIALIZADAS DE CONSTRUCCIÓN,2.0,Principal - 4390 - OTRAS ACTIVIDADES ESPECIALIZADAS DE CONSTRUCCIÓN | Secundaria 1 - 4923 - TRANSPORTE DE CARGA POR CARRETERA,0,0,0,0,23/09/2026 22:58,1,1,1,63.2,Alto
20565699955,CONSTRUCTORA RMI EMPRESA INDIVIDUAL DE RESPONSABILIDAD LIMITADA - CONSTRUCTORA RMI E.I.R.L.,-,2024,TACNA,29/09/2014,29/09/2014,2014.0,10.0,0,2022,2,1,2,40724784.93,1,0.0,0.0,EMPRESA INDIVIDUAL DE RESP. LTDA,ACTIVO,HABIDO,,LIMA/LIMA/SAN JUAN DE LURIGANCHO,Principal - 4100 - CONSTRUCCIÓN DE EDIFICIOS,1.0,Principal - 4100 - CONSTRUCCIÓN DE EDIFICIOS,0,0,0,0,23/09/2026 22:59,1,1,1,63.2,Alto
20608077163,G Y M CONSULTORES Y CONSTRUCTORES S.R.L.,-,2024,TACNA,08/06/2021,08/06/2021,2021.0,3.0,0,2022,2,1,3,4636396.79,1,0.0,0.0,SOC.COM.RESPONS. LTDA,ACTIVO,HABIDO,,HUANUCO/HUANUCO/HUANUCO,Principal - 7110 - ACTIVIDADES DE ARQUITECTURA E INGENIERÍA Y ACTIVIDADES CONEXAS DE CONSULTORÍA TÉCNICA,2.0,Principal - 7110 - ACTIVIDADES DE ARQUITECTURA E INGENIERÍA Y ACTIVIDADES CONEXAS DE CONSULTORÍA TÉCNICA | Secundaria 1 - 4100 - CONSTRUCCIÓN DE EDIFICIOS,0,0,0,0,23/09/2026 23:26,1,1,1,63.2,Alto
20609409445,F & A ENGINEERING GROUP S.A.C.,-,2024,TACNA,27/04/2022,02/05/2022,2022.0,2.0,0,2024,0,1,1,100000.0,1,1.0,1.0,SOCIEDAD ANONIMA CERRADA,ACTIVO,HABIDO,,TACNA/TACNA/TACNA,Principal - 7110 - ACTIVIDADES DE ARQUITECTURA E INGENIERÍA Y ACTIVIDADES CONEXAS DE CONSULTORÍA TÉCNICA,2.0,Principal - 7110 - ACTIVIDADES DE ARQUITECTURA E INGENIERÍA Y ACTIVIDADES CONEXAS DE CONSULTORÍA TÉCNICA | Secundaria 2 - 8130 - ACTIVIDADES DE PAISAJISMO Y SERVICIOS DE MANTENIMIENTO CONEXOS,0,0,0,0,23/09/2026 23:28,1,1,1,63.2,Alto
20409316868,PEMO CONTRATISTAS Y CONSULTORES SOCIEDAD COMERCIAL DE RESPONSABILIDAD LIMITADA,-,2024,TUMBES,22/11/2010,12/01/2011,2011.0,13.0,0,2019,5,1,1,4461524.78,1,0.0,0.0,SOC.COM.RESPONS. LTDA,ACTIVO,HABIDO,,TUMBES/TUMBES/TUMBES,Principal - 4290 - CONSTRUCCIÓN DE OTRAS OBRAS DE INGENIERÍA CIVIL,3.0,"Principal - 4290 - CONSTRUCCIÓN DE OTRAS OBRAS DE INGENIERÍA CIVIL | Secundaria 1 - 4322 - INSTALACIONES DE FONTANERÍA, CALEFACCIÓN Y AIRE ACONDICIONADO | Secundaria 2 - 4741 - VENTA AL POR MENOR DE ORDENADORES, EQUIPO PERIFÉRICO, PROGRAMA DE INFORM. Y EQU. DE TELEC. EN COMERCIOS ESPECIALIZADOS",0,0,0,0,23/09/2026 22:15,1,1,1,62.0,Alto
20409339728,CONSTRUCTORA Y SERVICIOS GENERALES JHONSEMM EMPRESA INDIVIDUAL DE RESPONSABILIDAD LIMITADA,-,2024,TUMBES,14/09/2016,14/09/2016,2016.0,8.0,0,2019,5,2,1,985309.16,2,2.0,1.0,EMPRESA INDIVIDUAL DE RESP. LTDA,ACTIVO,HABIDO,,TUMBES/ZARUMILLA/ZARUMILLA,Principal - 4290 - CONSTRUCCIÓN DE OTRAS OBRAS DE INGENIERÍA CIVIL,3.0,"Principal - 4290 - CONSTRUCCIÓN DE OTRAS OBRAS DE INGENIERÍA CIVIL | Secundaria 1 - 7729 - ALQUILER Y ARRENDAMIENTO DE OTROS EFECTOS PERSONALES Y ENSERES DOMÉSTICOS | Secundaria 2 - 7730 - ALQUILER Y ARRENDAMIENTO DE OTROS TIPOS DE MAQUINARIA, EQUIPO Y BIENES TANGIBLES",0,0,0,0,23/09/2026 22:15,1,1,1,62.0,Alto
20409357203,COMERCIALIZADORA MARASAWI S.R.L.,MARASAWI S.R.L.,2024,TUMBES,03/02/2015,20/05/2015,2015.0,9.0,0,2017,7,1,1,21186175.45,1,0.0,0.0,SOC.COM.RESPONS. LTDA,ACTIVO,HABIDO,,TUMBES/CONTRALMIRANTE VILLAR/CASITAS,Principal - 4923 - TRANSPORTE DE CARGA POR CARRETERA,3.0,Principal - 4923 - TRANSPORTE DE CARGA POR CARRETERA | Secundaria 1 - 4100 - CONSTRUCCIÓN DE EDIFICIOS | Secundaria 2 - 4290 - CONSTRUCCIÓN DE OTRAS OBRAS DE INGENIERÍA CIVIL,0,0,0,0,23/09/2026 22:16,1,1,1,62.0,Alto
20409401113,PROYECTOS Y CONSTRUCCIONES TUMBES E.I.R.L,-,2024,TUMBES,16/10/2015,16/10/2015,2015.0,9.0,0,2022,2,2,1,500000.0,2,2.0,1.0,EMPRESA INDIVIDUAL DE RESP. LTDA,ACTIVO,HABIDO,,TUMBES/TUMBES/TUMBES,Principal - 4100 - CONSTRUCCIÓN DE EDIFICIOS,3.0,Principal - 4100 - CONSTRUCCIÓN DE EDIFICIOS | Secundaria 1 - 4330 - TERMINACIÓN Y ACABADO DE EDIFICIOS | Secundaria 2 - 4390 - OTRAS ACTIVIDADES ESPECIALIZADAS DE CONSTRUCCIÓN,0,0,0,0,23/09/2026 22:16,1,1,1,62.0,Alto
20409481125,CONSEG AVE FENIX S.R.L.,-,2024,TUMBES,07/05/2014,07/05/2014,2014.0,10.0,0,2024,0,1,1,100000.0,1,1.0,1.0,SOC.COM.RESPONS. LTDA,ACTIVO,HABIDO,,TUMBES/TUMBES/TUMBES,Principal - 4210 - CONSTRUCCIÓN DE CARRETERAS Y VÍAS DE FERROCARRIL,1.0,Principal - 4210 - CONSTRUCCIÓN DE CARRETERAS Y VÍAS DE FERROCARRIL,0,0,0,0,23/09/2026 22:16,1,1,1,62.0,Alto
20409487913,EMPRESA CONSTRUCTORA Y SERVICIOS EN GENERAL R & B S.R.L.,-,2024,TUMBES,16/06/2014,16/06/2014,2014.0,10.0,0,2019,5,1,1,4982935.61,1,0.0,0.0,SOC.COM.RESPONS. LTDA,ACTIVO,HABIDO,,TUMBES/TUMBES/TUMBES,Principal - 4100 - CONSTRUCCIÓN DE EDIFICIOS,3.0,Principal - 4100 - CONSTRUCCIÓN DE EDIFICIOS | Secundaria 1 - 4290 - CONSTRUCCIÓN DE OTRAS OBRAS DE INGENIERÍA CIVIL | Secundaria 2 - 3311 - REPARACIÓN DE PRODUCTOS ELABORADOS DE METAL,0,0,0,0,23/09/2026 22:16,1,1,1,62.0,Alto
20483981202,ICSA CONSTRUCTORES SOCIEDAD COMERCIAL DE RESPONSABILIDAD LIMITADA,-,2024,TUMBES,28/10/2002,28/10/2002,2002.0,22.0,0,2005,19,1,1,108341074.28,1,0.0,0.0,SOC.COM.RESPONS. LTDA,ACTIVO,HABIDO,,TUMBES/TUMBES/TUMBES,Principal - 4100 - CONSTRUCCIÓN DE EDIFICIOS,1.0,Principal - 4100 - CONSTRUCCIÓN DE EDIFICIOS,0,0,0,0,23/09/2026 22:26,1,1,1,62.0,Alto
20484228451,CONSTRUCCIONES Y SERVICIOS GENERALES CIX EMPRESA INDIVIDUAL DE RESPONSABILIDAD LIMITADA,CONSSERG CIX,2024,TUMBES,06/09/2004,06/09/2004,2004.0,20.0,0,2005,19,1,1,14427256.36,1,0.0,0.0,EMPRESA INDIVIDUAL DE RESP. LTDA,ACTIVO,HABIDO,,TUMBES/TUMBES/TUMBES,Principal - 4390 - OTRAS ACTIVIDADES ESPECIALIZADAS DE CONSTRUCCIÓN,3.0,"Principal - 4390 - OTRAS ACTIVIDADES ESPECIALIZADAS DE CONSTRUCCIÓN | Secundaria 1 - 2511 - FABRICACION DE PRODUCTOS METALICOS PARA USO ESTRUCTURAL | Secundaria 2 - 1410 - FABRICACIÓN DE PRENDAS DE VESTIR, EXCEPTO PRENDAS DE PIEL",0,0,0,0,23/09/2026 22:26,1,1,1,62.0,Alto
20525954529,INVERSIONES OBERTI S.R.L.,-,2024,TUMBES,30/07/2009,01/08/2009,2009.0,15.0,0,2018,6,1,1,635776120.86,1,0.0,0.0,SOC.COM.RESPONS. LTDA,ACTIVO,HABIDO,,PIURA/PIURA/CASTILLA,Principal - 4100 - CONSTRUCCIÓN DE EDIFICIOS,3.0,"Principal - 4100 - CONSTRUCCIÓN DE EDIFICIOS | Secundaria 1 - 4923 - TRANSPORTE DE CARGA POR CARRETERA | Secundaria 2 - 7730 - ALQUILER Y ARRENDAMIENTO DE OTROS TIPOS DE MAQUINARIA, EQUIPO Y BIENES TANGIBLES",0,0,0,0,23/09/2026 22:41,1,1,1,62.0,Alto
20526688679,CONTRATISTAS GENERALES ADALET S.A.C.,-,2024,TUMBES,18/06/2012,01/07/2012,2012.0,12.0,0,2015,9,1,1,7074872.32,1,0.0,0.0,SOCIEDAD ANONIMA CERRADA,ACTIVO,HABIDO,,PIURA/PIURA/PIURA,Principal - 4290 - CONSTRUCCIÓN DE OTRAS OBRAS DE INGENIERÍA CIVIL,2.0,"Principal - 4290 - CONSTRUCCIÓN DE OTRAS OBRAS DE INGENIERÍA CIVIL | Secundaria 1 - 4772 - VENTA AL POR MENOR DE PRODUCTOS FARMACÉUTICOS Y MÉDICOS, COSMÉTICOS Y ARTÍCULOS DE TOCADOR EN COMERCIOS ESPECIALIZADOS",0,0,0,0,23/09/2026 22:42,1,1,1,62.0,Alto
20529698918,GRUCONS J & M CONTRATISTAS GENERALES S.A.C.,-,2024,TUMBES,02/04/2013,01/04/2013,2013.0,11.0,0,2015,9,1,1,100000.0,1,1.0,1.0,SOCIEDAD ANONIMA CERRADA,ACTIVO,HABIDO,,CAJAMARCA/SAN MIGUEL/SAN MIGUEL,Principal - 4100 - CONSTRUCCIÓN DE EDIFICIOS,3.0,"Principal - 4100 - CONSTRUCCIÓN DE EDIFICIOS | Secundaria 1 - 4752 - VENTA AL POR MENOR DE ARTÍCULOS DE FERRETERÍA, PINTURAS Y PRODUCTOS DE VIDRIO EN COMERCIOS ESPECIALIZADOS | Secundaria 2 - 4210 - CONSTRUCCIÓN DE CARRETERAS Y VÍAS DE FERROCARRIL",1,0,0,0,23/09/2026 22:45,1,1,1,62.0,Alto
20553546266,ASFALTOS Y PAVIMENTOS CONTRATISTAS GENERALES SOCIEDAD ANONIMA CERRADA,-,2024,TUMBES,05/07/2013,01/08/2013,2013.0,11.0,0,2024,0,1,1,19134459.59,1,0.0,0.0,SOCIEDAD ANONIMA CERRADA,ACTIVO,HABIDO,,LIMA/LIMA/SANTIAGO DE SURCO,Principal - 4390 - OTRAS ACTIVIDADES ESPECIALIZADAS DE CONSTRUCCIÓN,2.0,"Principal - 4390 - OTRAS ACTIVIDADES ESPECIALIZADAS DE CONSTRUCCIÓN | Secundaria 1 - 7730 - ALQUILER Y ARRENDAMIENTO DE OTROS TIPOS DE MAQUINARIA, EQUIPO Y BIENES TANGIBLES",0,0,0,0,23/09/2026 22:57,1,1,1,62.0,Alto
20565699955,CONSTRUCTORA RMI EMPRESA INDIVIDUAL DE RESPONSABILIDAD LIMITADA - CONSTRUCTORA RMI E.I.R.L.,-,2024,TUMBES,29/09/2014,29/09/2014,2014.0,10.0,0,2022,2,1,2,40724784.93,1,0.0,0.0,EMPRESA INDIVIDUAL DE RESP. LTDA,ACTIVO,HABIDO,,LIMA/LIMA/SAN JUAN DE LURIGANCHO,Principal - 4100 - CONSTRUCCIÓN DE EDIFICIOS,1.0,Principal - 4100 - CONSTRUCCIÓN DE EDIFICIOS,0,0,0,0,23/09/2026 22:59,1,1,1,62.0,Alto
20600381726,JOSE MARIA INGENIEROS CONTRATISTAS E.I.R.L.,JOMAING EIRL,2024,TUMBES,18/05/2015,01/05/2015,2015.0,9.0,0,2020,4,1,1,10273375.32,1,0.0,0.0,EMPRESA INDIVIDUAL DE RESP. LTDA,ACTIVO,HABIDO,,LA LIBERTAD/TRUJILLO/VICTOR LARCO HERRERA,Principal - 4100 - CONSTRUCCIÓN DE EDIFICIOS,3.0,"Principal - 4100 - CONSTRUCCIÓN DE EDIFICIOS | Secundaria 1 - 4923 - TRANSPORTE DE CARGA POR CARRETERA | Secundaria 2 - 7730 - ALQUILER Y ARRENDAMIENTO DE OTROS TIPOS DE MAQUINARIA, EQUIPO Y BIENES TANGIBLES",0,0,0,0,23/09/2026 23:08,1,1,1,62.0,Alto
20600475496,"EDIFICACIONES, CONSTRUCCIONES BENJAMIN E.I.R.L.",COMERCIAL BENJAMIN E.I.R.L,2024,TUMBES,23/06/2015,23/06/2015,2015.0,9.0,0,2024,0,1,1,100000.0,1,1.0,1.0,EMPRESA INDIVIDUAL DE RESP. LTDA,ACTIVO,HABIDO,,PIURA/PIURA/PIURA,Principal - 4100 - CONSTRUCCIÓN DE EDIFICIOS,2.0,"Principal - 4100 - CONSTRUCCIÓN DE EDIFICIOS | Secundaria 1 - 7730 - ALQUILER Y ARRENDAMIENTO DE OTROS TIPOS DE MAQUINARIA, EQUIPO Y BIENES TANGIBLES",0,0,0,0,23/09/2026 23:09,1,1,1,62.0,Alto
20600508653,BIENES Y SERVICIOS VELMAC E.I.R.L.,VELMAC,2024,TUMBES,07/07/2015,07/07/2015,2015.0,9.0,0,2024,0,1,1,100000.0,1,1.0,1.0,EMPRESA INDIVIDUAL DE RESP. LTDA,ACTIVO,HABIDO,,LIMA/LIMA/JESUS MARIA,Principal - 4659 - VENTA AL POR MAYOR DE OTROS TIPOS DE MAQUINARIA Y EQUIPO,2.0,Principal - 4659 - VENTA AL POR MAYOR DE OTROS TIPOS DE MAQUINARIA Y EQUIPO | Secundaria 1 - 4290 - CONSTRUCCIÓN DE OTRAS OBRAS DE INGENIERÍA CIVIL,0,0,0,0,23/09/2026 23:09,1,1,1,62.0,Alto
20602429670,KOMACV S.A.C.,CONSTRUCTORA KOMACV SAC,2024,TUMBES,05/09/2017,05/09/2017,2017.0,7.0,0,2024,0,1,2,355349495.52,1,0.0,0.0,SOCIEDAD ANONIMA CERRADA,ACTIVO,HABIDO,,LIMA/LIMA/LINCE,Principal - 4100 - CONSTRUCCIÓN DE EDIFICIOS,3.0,Principal - 4100 - CONSTRUCCIÓN DE EDIFICIOS | Secundaria 1 - 4210 - CONSTRUCCIÓN DE CARRETERAS Y VÍAS DE FERROCARRIL | Secundaria 2 - 4923 - TRANSPORTE DE CARGA POR CARRETERA,0,0,0,0,23/09/2026 23:16,1,1,1,62.0,Alto
20606891947,AGUILAR TALLEDO & ASOCIADOS S.A.C.,-,2024,TUMBES,13/11/2020,16/11/2020,2020.0,4.0,0,2023,1,1,1,12177513.0,1,0.0,0.0,SOCIEDAD ANONIMA CERRADA,ACTIVO,HABIDO,,TUMBES/TUMBES/TUMBES,"Principal - 4752 - VENTA AL POR MENOR DE ARTÍCULOS DE FERRETERÍA, PINTURAS Y PRODUCTOS DE VIDRIO EN COMERCIOS ESPECIALIZADOS",3.0,"Principal - 4752 - VENTA AL POR MENOR DE ARTÍCULOS DE FERRETERÍA, PINTURAS Y PRODUCTOS DE VIDRIO EN COMERCIOS ESPECIALIZADOS | Secundaria 1 - 4100 - CONSTRUCCIÓN DE EDIFICIOS | Secundaria 2 - 7730 - ALQUILER Y ARRENDAMIENTO DE OTROS TIPOS DE MAQUINARIA, EQUIPO Y BIENES TANGIBLES",0,0,0,0,23/09/2026 23:25,1,1,1,62.0,Alto
20609370743,CORPORACION C & D EMPRESA INDIVIDUAL DE RESPONSABILIDAD LIMITADA,-,2024,TUMBES,19/04/2022,01/05/2022,2022.0,2.0,0,2024,0,1,1,100000.0,1,1.0,1.0,EMPRESA INDIVIDUAL DE RESP. LTDA,ACTIVO,HABIDO,,TUMBES/TUMBES/CORRALES,Principal - 4100 - CONSTRUCCIÓN DE EDIFICIOS,3.0,"Principal - 4100 - CONSTRUCCIÓN DE EDIFICIOS | Secundaria 1 - 4741 - VENTA AL POR MENOR DE ORDENADORES, EQUIPO PERIFÉRICO, PROGRAMA DE INFORM. Y EQU. DE TELEC. EN COMERCIOS ESPECIALIZADOS | Secundaria 2 - 0161 - ACTIVIDADES DE APOYO A LA AGRICULTURA",0,0,0,0,23/09/2026 23:28,1,1,1,62.0,Alto
20610312251,CONSTRUCTORES Y CONSULTORES JBAN EMPRESA INDIVIDUAL DE RESPONSABILIDAD LIMITADA,-,2024,TUMBES,30/11/2022,30/11/2022,2022.0,2.0,0,2023,1,1,1,100000.0,1,1.0,1.0,EMPRESA INDIVIDUAL DE RESP. LTDA,ACTIVO,HABIDO,,TUMBES/ZARUMILLA/ZARUMILLA,Principal - 4100 - CONSTRUCCIÓN DE EDIFICIOS,2.0,Principal - 4100 - CONSTRUCCIÓN DE EDIFICIOS | Secundaria 1 - 7110 - ACTIVIDADES DE ARQUITECTURA E INGENIERÍA Y ACTIVIDADES CONEXAS DE CONSULTORÍA TÉCNICA,0,0,0,0,23/09/2026 23:28,1,1,1,62.0,Alto
20610504486,INGENIERIA PROYECTOS Y CONSTRUCCIONES IDROGO EMPRESA INDIVIDUAL DE RESPONSABILIDAD LIMITADA,-,2024,TUMBES,24/01/2023,05/10/2023,2023.0,1.0,0,2024,0,1,1,500000.0,1,1.0,1.0,EMPRESA INDIVIDUAL DE RESP. LTDA,ACTIVO,HABIDO,,TUMBES/TUMBES/TUMBES,Principal - 4100 - CONSTRUCCIÓN DE EDIFICIOS,3.0,"Principal - 4100 - CONSTRUCCIÓN DE EDIFICIOS | Secundaria 1 - 4290 - CONSTRUCCIÓN DE OTRAS OBRAS DE INGENIERÍA CIVIL | Secundaria 2 - 2395 - FABRICACIÓN DE ARTÍCULOS DE HORMIGÓN, CEMENTO Y YESO",0,0,0,0,23/09/2026 23:29,1,1,1,62.0,Alto
20393151812,CALYPSO CONTRATISTAS GENERALES S.A.C.,-,2024,UCAYALI,18/06/2004,18/06/2004,2004.0,20.0,0,2005,19,1,1,26688669.07,1,0.0,0.0,SOCIEDAD ANONIMA CERRADA,ACTIVO,HABIDO,,UCAYALI/CORONEL PORTILLO/YARINACOCHA,Principal - 4100 - CONSTRUCCIÓN DE EDIFICIOS,3.0,"Principal - 4100 - CONSTRUCCIÓN DE EDIFICIOS | Secundaria 1 - 4663 - VENTA AL POR MAYOR DE MATERIALES DE CONSTRUCCIÓN, ARTÍCULOS DE FERRETERÍA Y EQUIPO Y MATERIALES DE FONTANERÍA Y CALEFACCIÓN | Secundaria 2 - 7730 - ALQUILER Y ARRENDAMIENTO DE OTROS TIPOS DE MAQUINARIA, EQUIPO Y BIENES TANGIBLES",0,0,0,0,23/09/2026 22:12,1,1,1,64.0,Alto
20393281279,CONSTRUCTORA EL HALCON S.A.C.,-,2024,UCAYALI,18/07/2006,18/07/2006,2006.0,18.0,0,2011,13,1,1,65104449.14,1,0.0,0.0,SOCIEDAD ANONIMA CERRADA,ACTIVO,HABIDO,,UCAYALI/CORONEL PORTILLO/CALLERIA,Principal - 4100 - CONSTRUCCIÓN DE EDIFICIOS,1.0,Principal - 4100 - CONSTRUCCIÓN DE EDIFICIOS,1,0,0,0,23/09/2026 22:12,1,1,1,64.0,Alto
20393418321,N & L CONSTRUCTORAS GENERALES EIRL,-,2024,UCAYALI,17/03/2008,17/03/2008,2008.0,16.0,0,2012,12,1,1,123727596.21,1,0.0,0.0,EMPRESA INDIVIDUAL DE RESP. LTDA,ACTIVO,HABIDO,,UCAYALI/CORONEL PORTILLO/YARINACOCHA,Principal - 4220 - CONSTRUCCIÓN DE PROYECTOS DE SERVICIO PÚBLICO,3.0,Principal - 4220 - CONSTRUCCIÓN DE PROYECTOS DE SERVICIO PÚBLICO | Secundaria 1 - 4390 - OTRAS ACTIVIDADES ESPECIALIZADAS DE CONSTRUCCIÓN | Secundaria 2 - 4210 - CONSTRUCCIÓN DE CARRETERAS Y VÍAS DE FERROCARRIL,0,0,0,0,23/09/2026 22:12,1,1,1,64.0,Alto
20393469669,CONSTRUCTORA N&S S.A.C.,-,2024,UCAYALI,15/10/2008,15/10/2008,2008.0,16.0,0,2024,0,1,1,7124936.24,1,1.0,1.0,SOCIEDAD ANONIMA CERRADA,ACTIVO,HABIDO,,UCAYALI/CORONEL PORTILLO/CALLERIA,Principal - 4100 - CONSTRUCCIÓN DE EDIFICIOS,3.0,"Principal - 4100 - CONSTRUCCIÓN DE EDIFICIOS | Secundaria 1 - 4663 - VENTA AL POR MAYOR DE MATERIALES DE CONSTRUCCIÓN, ARTÍCULOS DE FERRETERÍA Y EQUIPO Y MATERIALES DE FONTANERÍA Y CALEFACCIÓN | Secundaria 2 - 7730 - ALQUILER Y ARRENDAMIENTO DE OTROS TIPOS DE MAQUINARIA, EQUIPO Y BIENES TANGIBLES",0,0,0,0,23/09/2026 22:12,1,1,1,64.0,Alto
20393513587,INVERSIONES SAV & ASOCIADOS S.R.L.,-,2024,UCAYALI,15/05/2009,15/05/2009,2009.0,15.0,0,2019,5,1,1,100000.0,1,1.0,1.0,SOC.COM.RESPONS. LTDA,SUSPENSION TEMPORAL,HABIDO,,UCAYALI/CORONEL PORTILLO/YARINACOCHA,Principal - 4100 - CONSTRUCCIÓN DE EDIFICIOS,3.0,"Principal - 4100 - CONSTRUCCIÓN DE EDIFICIOS | Secundaria 1 - 7730 - ALQUILER Y ARRENDAMIENTO DE OTROS TIPOS DE MAQUINARIA, EQUIPO Y BIENES TANGIBLES | Secundaria 2 - 4210 - CONSTRUCCIÓN DE CARRETERAS Y VÍAS DE FERROCARRIL",0,0,0,0,23/09/2026 22:12,1,1,1,64.0,Alto
20393665506,DISEÑO Y CONSTRUCCIONES ARGOS EIRL,-,2024,UCAYALI,22/02/2011,22/02/2011,2011.0,13.0,0,2014,10,1,1,77652398.3,1,0.0,0.0,EMPRESA INDIVIDUAL DE RESP. LTDA,ACTIVO,HABIDO,,UCAYALI/CORONEL PORTILLO/YARINACOCHA,Principal - 4390 - OTRAS ACTIVIDADES ESPECIALIZADAS DE CONSTRUCCIÓN,3.0,"Principal - 4390 - OTRAS ACTIVIDADES ESPECIALIZADAS DE CONSTRUCCIÓN | Secundaria 1 - 7730 - ALQUILER Y ARRENDAMIENTO DE OTROS TIPOS DE MAQUINARIA, EQUIPO Y BIENES TANGIBLES | Secundaria 2 - 4663 - VENTA AL POR MAYOR DE MATERIALES DE CONSTRUCCIÓN, ARTÍCULOS DE FERRETERÍA Y EQUIPO Y MATERIALES DE FONTANERÍA Y CALEFACCIÓN",0,1,0,0,23/09/2026 22:13,1,1,1,64.0,Alto
20393675480,GINNICO INGENIEROS CONTRATISTAS E.I.R.L.,-,2024,UCAYALI,23/03/2011,23/03/2011,2011.0,13.0,0,2015,9,2,2,104386132.84,2,0.0,0.0,EMPRESA INDIVIDUAL DE RESP. LTDA,ACTIVO,HABIDO,,UCAYALI/CORONEL PORTILLO/CALLERIA,Principal - 4390 - OTRAS ACTIVIDADES ESPECIALIZADAS DE CONSTRUCCIÓN,3.0,"Principal - 4390 - OTRAS ACTIVIDADES ESPECIALIZADAS DE CONSTRUCCIÓN | Secundaria 1 - 4752 - VENTA AL POR MENOR DE ARTÍCULOS DE FERRETERÍA, PINTURAS Y PRODUCTOS DE VIDRIO EN COMERCIOS ESPECIALIZADOS | Secundaria 2 - 7730 - ALQUILER Y ARRENDAMIENTO DE OTROS TIPOS DE MAQUINARIA, EQUIPO Y BIENES TANGIBLES",0,0,0,0,23/09/2026 22:13,1,1,1,64.0,Alto
20393801370,CONSULTORA & EDIFICACIONES ARTETA E.I.R.L.,-,2024,UCAYALI,22/05/2012,22/05/2012,2012.0,12.0,0,2017,7,1,1,400000.0,1,1.0,1.0,EMPRESA INDIVIDUAL DE RESP. LTDA,ACTIVO,HABIDO,,UCAYALI/PADRE ABAD/PADRE ABAD,Principal - 4210 - CONSTRUCCIÓN DE CARRETERAS Y VÍAS DE FERROCARRIL,3.0,"Principal - 4210 - CONSTRUCCIÓN DE CARRETERAS Y VÍAS DE FERROCARRIL | Secundaria 1 - 7730 - ALQUILER Y ARRENDAMIENTO DE OTROS TIPOS DE MAQUINARIA, EQUIPO Y BIENES TANGIBLES | Secundaria 2 - 4663 - VENTA AL POR MAYOR DE MATERIALES DE CONSTRUCCIÓN, ARTÍCULOS DE FERRETERÍA Y EQUIPO Y MATERIALES DE FONTANERÍA Y CALEFACCIÓN",0,0,0,0,23/09/2026 22:13,1,1,1,64.0,Alto
20393945886,INVERSIONES S & Y S.A.C.,-,2024,UCAYALI,26/09/2013,01/10/2013,2013.0,11.0,0,2017,7,1,1,8073542.37,1,0.0,0.0,SOCIEDAD ANONIMA CERRADA,ACTIVO,HABIDO,,UCAYALI/CORONEL PORTILLO/YARINACOCHA,"Principal - 4663 - VENTA AL POR MAYOR DE MATERIALES DE CONSTRUCCIÓN, ARTÍCULOS DE FERRETERÍA Y EQUIPO Y MATERIALES DE FONTANERÍA Y CALEFACCIÓN",3.0,"Principal - 4663 - VENTA AL POR MAYOR DE MATERIALES DE CONSTRUCCIÓN, ARTÍCULOS DE FERRETERÍA Y EQUIPO Y MATERIALES DE FONTANERÍA Y CALEFACCIÓN | Secundaria 1 - 4210 - CONSTRUCCIÓN DE CARRETERAS Y VÍAS DE FERROCARRIL | Secundaria 2 - 4220 - CONSTRUCCIÓN DE PROYECTOS DE SERVICIO PÚBLICO",0,0,0,0,23/09/2026 22:13,1,1,1,64.0,Alto
20393987538,CONSTRUCCIVIL E.I.R.L.,-,2024,UCAYALI,30/01/2014,01/02/2014,2014.0,10.0,0,2024,0,1,1,15072604.4,1,0.0,0.0,EMPRESA INDIVIDUAL DE RESP. LTDA,ACTIVO,HABIDO,,HUANUCO/HUANUCO/PILLCO MARCA,Principal - 4100 - CONSTRUCCIÓN DE EDIFICIOS,3.0,Principal - 4100 - CONSTRUCCIÓN DE EDIFICIOS | Secundaria 1 - 4210 - CONSTRUCCIÓN DE CARRETERAS Y VÍAS DE FERROCARRIL | Secundaria 2 - 7110 - ACTIVIDADES DE ARQUITECTURA E INGENIERÍA Y ACTIVIDADES CONEXAS DE CONSULTORÍA TÉCNICA,0,0,0,0,23/09/2026 22:13,1,1,1,64.0,Alto
20491560496,CONSULTORA Y EJECUTORA GRUPO GALVEZ SOCIEDAD ANONIMA CERRADA,GRUPO GALVEZ SAC,2024,UCAYALI,20/05/2009,20/05/2009,2009.0,15.0,0,2024,0,1,2,173715252.66,1,0.0,0.0,SOCIEDAD ANONIMA CERRADA,ACTIVO,HABIDO,,LAMBAYEQUE/CHICLAYO/CHICLAYO,Principal - 4220 - CONSTRUCCIÓN DE PROYECTOS DE SERVICIO PÚBLICO,3.0,Principal - 4220 - CONSTRUCCIÓN DE PROYECTOS DE SERVICIO PÚBLICO | Secundaria 1 - 4330 - TERMINACIÓN Y ACABADO DE EDIFICIOS | Secundaria 2 - 4321 - INSTALACIONES ELÉCTRICAS,0,0,0,0,23/09/2026 22:32,1,1,1,64.0,Alto
20491656761,FEDECO CONTRATISTAS GENERALES SOCIEDAD ANÓNIMA CERRADA,FEDECO SAC,2024,UCAYALI,03/02/2010,01/02/2010,2010.0,14.0,0,2015,9,1,2,154954475.34,1,0.0,0.0,SOCIEDAD ANONIMA CERRADA,ACTIVO,HABIDO,,CAJAMARCA/CHOTA/CHOTA,Principal - 4220 - CONSTRUCCIÓN DE PROYECTOS DE SERVICIO PÚBLICO,3.0,"Principal - 4220 - CONSTRUCCIÓN DE PROYECTOS DE SERVICIO PÚBLICO | Secundaria 1 - 4923 - TRANSPORTE DE CARGA POR CARRETERA | Secundaria 2 - 4663 - VENTA AL POR MAYOR DE MATERIALES DE CONSTRUCCIÓN, ARTÍCULOS DE FERRETERÍA Y EQUIPO Y MATERIALES DE FONTANERÍA Y CALEFACCIÓN",0,0,0,0,23/09/2026 22:33,1,1,1,64.0,Alto
20533652213,NEFI CONSTRUCCIONES E.I.R.L.,-,2024,UCAYALI,29/04/2013,01/05/2013,2013.0,11.0,0,2021,3,1,3,91303714.42,1,0.0,0.0,EMPRESA INDIVIDUAL DE RESP. LTDA,ACTIVO,HABIDO,,ANCASH/HUARAZ/INDEPENDENCIA,Principal - 4210 - CONSTRUCCIÓN DE CARRETERAS Y VÍAS DE FERROCARRIL,3.0,Principal - 4210 - CONSTRUCCIÓN DE CARRETERAS Y VÍAS DE FERROCARRIL | Secundaria 1 - 4923 - TRANSPORTE DE CARGA POR CARRETERA | Secundaria 2 - 7110 - ACTIVIDADES DE ARQUITECTURA E INGENIERÍA Y ACTIVIDADES CONEXAS DE CONSULTORÍA TÉCNICA,0,0,0,0,23/09/2026 22:48,1,1,1,64.0,Alto
20534013923,CORPORACION ARIES MINERIA Y CONSTRUCCION S.A.C.,CAMYC S.A.C.,2024,UCAYALI,12/11/2007,12/11/2007,2007.0,17.0,0,2012,12,1,1,50302567.76,1,0.0,0.0,SOCIEDAD ANONIMA CERRADA,ACTIVO,HABIDO,,ANCASH/HUARAZ/HUARAZ,Principal - 7110 - ACTIVIDADES DE ARQUITECTURA E INGENIERÍA Y ACTIVIDADES CONEXAS DE CONSULTORÍA TÉCNICA,2.0,Principal - 7110 - ACTIVIDADES DE ARQUITECTURA E INGENIERÍA Y ACTIVIDADES CONEXAS DE CONSULTORÍA TÉCNICA | Secundaria 1 - 4100 - CONSTRUCCIÓN DE EDIFICIOS,0,0,0,0,23/09/2026 22:49,1,1,1,64.0,Alto
20567140220,JVC CONSULTORES Y EJECUTORES E.I.R.L.,-,2024,UCAYALI,25/09/2013,25/09/2013,2013.0,11.0,0,2019,5,1,2,1163624724.74,1,0.0,0.0,EMPRESA INDIVIDUAL DE RESP. LTDA,ACTIVO,HABIDO,,LORETO/MAYNAS/IQUITOS,Principal - 4220 - CONSTRUCCIÓN DE PROYECTOS DE SERVICIO PÚBLICO,3.0,"Principal - 4220 - CONSTRUCCIÓN DE PROYECTOS DE SERVICIO PÚBLICO | Secundaria 1 - 7120 - ENSAYOS Y ANÁLISIS TÉCNICOS | Secundaria 2 - 7730 - ALQUILER Y ARRENDAMIENTO DE OTROS TIPOS DE MAQUINARIA, EQUIPO Y BIENES TANGIBLES",0,0,0,0,23/09/2026 22:59,1,1,1,64.0,Alto
20571266122,PAVITECK TERMINEX S.A.C,-,2024,UCAYALI,24/07/2019,24/07/2019,2019.0,5.0,0,2023,1,1,1,100000.0,1,1.0,1.0,SOCIEDAD ANONIMA CERRADA,ACTIVO,HABIDO,,ANCASH/HUARAZ/INDEPENDENCIA,Principal - 4210 - CONSTRUCCIÓN DE CARRETERAS Y VÍAS DE FERROCARRIL,3.0,Principal - 4210 - CONSTRUCCIÓN DE CARRETERAS Y VÍAS DE FERROCARRIL | Secundaria 1 - 4100 - CONSTRUCCIÓN DE EDIFICIOS | Secundaria 2 - 7020 - ACTIVIDADES DE CONSULTORÍA DE GESTIÓN,1,0,0,0,23/09/2026 23:02,1,1,1,64.0,Alto
20601202574,JADE VARGAS CONTRATISTAS E.I.R.L.,-,2024,UCAYALI,05/05/2016,05/05/2016,2016.0,8.0,0,2021,3,1,2,500000.0,1,1.0,1.0,EMPRESA INDIVIDUAL DE RESP. LTDA,ACTIVO,HABIDO,,LORETO/MAYNAS/IQUITOS,"Principal - 4663 - VENTA AL POR MAYOR DE MATERIALES DE CONSTRUCCIÓN, ARTÍCULOS DE FERRETERÍA Y EQUIPO Y MATERIALES DE FONTANERÍA Y CALEFACCIÓN",2.0,"Principal - 4663 - VENTA AL POR MAYOR DE MATERIALES DE CONSTRUCCIÓN, ARTÍCULOS DE FERRETERÍA Y EQUIPO Y MATERIALES DE FONTANERÍA Y CALEFACCIÓN | Secundaria 1 - 4100 - CONSTRUCCIÓN DE EDIFICIOS",0,0,0,0,23/09/2026 23:12,1,1,1,64.0,Alto
20601888361,OSMIO CONSULTORES Y EJECUTORES S.A.C.,-,2024,UCAYALI,16/02/2017,16/02/2017,2017.0,7.0,0,2018,6,1,1,29829936.27,1,0.0,0.0,SOCIEDAD ANONIMA CERRADA,ACTIVO,HABIDO,,UCAYALI/CORONEL PORTILLO/YARINACOCHA,Principal - 4100 - CONSTRUCCIÓN DE EDIFICIOS,1.0,Principal - 4100 - CONSTRUCCIÓN DE EDIFICIOS,1,1,0,0,23/09/2026 23:15,1,1,1,64.0,Alto
20602237282,GRUPO CORPORATIVO EL MANTARO S.R.L.,EL MANTARO SRL,2024,UCAYALI,22/06/2017,22/06/2017,2017.0,7.0,0,2024,0,1,1,100000.0,1,1.0,1.0,SOC.COM.RESPONS. LTDA,ACTIVO,HABIDO,,UCAYALI/CORONEL PORTILLO/YARINACOCHA,Principal - 4210 - CONSTRUCCIÓN DE CARRETERAS Y VÍAS DE FERROCARRIL,3.0,"Principal - 4210 - CONSTRUCCIÓN DE CARRETERAS Y VÍAS DE FERROCARRIL | Secundaria 1 - 4663 - VENTA AL POR MAYOR DE MATERIALES DE CONSTRUCCIÓN, ARTÍCULOS DE FERRETERÍA Y EQUIPO Y MATERIALES DE FONTANERÍA Y CALEFACCIÓN | Secundaria 2 - 4923 - TRANSPORTE DE CARGA POR CARRETERA",0,0,0,0,23/09/2026 23:16,1,1,1,64.0,Alto
20604031509,CONSTRUCTORA Y CONSULTORES JR FLOSAN E.I.R.L.,-,2024,UCAYALI,11/01/2019,11/01/2019,2019.0,5.0,0,2024,0,1,1,500000.0,1,1.0,1.0,EMPRESA INDIVIDUAL DE RESP. LTDA,ACTIVO,HABIDO,,UCAYALI/CORONEL PORTILLO/MANANTAY,Principal - 4210 - CONSTRUCCIÓN DE CARRETERAS Y VÍAS DE FERROCARRIL,3.0,"Principal - 4210 - CONSTRUCCIÓN DE CARRETERAS Y VÍAS DE FERROCARRIL | Secundaria 1 - 7730 - ALQUILER Y ARRENDAMIENTO DE OTROS TIPOS DE MAQUINARIA, EQUIPO Y BIENES TANGIBLES | Secundaria 2 - 7110 - ACTIVIDADES DE ARQUITECTURA E INGENIERÍA Y ACTIVIDADES CONEXAS DE CONSULTORÍA TÉCNICA",0,0,0,0,23/09/2026 23:20,1,1,1,64.0,Alto
