ruc,anio,gore,n_contratos_relacion,degree_centrality,weighted_degree,closeness_centrality,hhi_gore,supplier_share_gore,dependencia_empresa_gore,dependencia_gore_empresa,duracion_vinculo,n_gores_atendidos
20136318323,2021,AMAZONAS,1,0.043478260869565216,1,0.18437381887010323,0.04432132963988919,0.07894736842105263,1.0,0.02631578947368421,1,2
20450157008,2021,AMAZONAS,1,0.08695652173913043,2,0.226211993412861,0.04432132963988919,0.07894736842105263,0.5,0.02631578947368421,1,3
20450326713,2021,AMAZONAS,3,0.043478260869565216,3,0.18437381887010323,0.04432132963988919,0.07894736842105263,1.0,0.07894736842105263,2,2
20477530665,2021,AMAZONAS,1,0.08695652173913043,2,0.19584796745140315,0.04432132963988919,0.07894736842105263,0.5,0.02631578947368421,1,2
20479683728,2021,AMAZONAS,1,0.043478260869565216,1,0.18437381887010323,0.04432132963988919,0.07894736842105263,1.0,0.02631578947368421,1,1
20479790303,2021,AMAZONAS,1,0.043478260869565216,1,0.18437381887010323,0.04432132963988919,0.07894736842105263,1.0,0.02631578947368421,3,1
20480427913,2021,AMAZONAS,1,0.043478260869565216,1,0.18437381887010323,0.04432132963988919,0.07894736842105263,1.0,0.02631578947368421,3,1
20480774397,2021,AMAZONAS,1,0.043478260869565216,1,0.18437381887010323,0.04432132963988919,0.07894736842105263,1.0,0.02631578947368421,1,1
20480791305,2021,AMAZONAS,2,0.043478260869565216,2,0.18437381887010323,0.04432132963988919,0.07894736842105263,1.0,0.05263157894736842,2,1
20480836252,2021,AMAZONAS,3,0.043478260869565216,3,0.18437381887010323,0.04432132963988919,0.07894736842105263,1.0,0.07894736842105263,2,1
20487499685,2021,AMAZONAS,2,0.08695652173913043,3,0.21048840567399985,0.04432132963988919,0.07894736842105263,0.6666666666666666,0.05263157894736842,3,2
20487611191,2021,AMAZONAS,1,0.043478260869565216,1,0.18437381887010323,0.04432132963988919,0.07894736842105263,1.0,0.02631578947368421,1,1
20487909336,2021,AMAZONAS,1,0.043478260869565216,1,0.18437381887010323,0.04432132963988919,0.07894736842105263,1.0,0.02631578947368421,1,1
20494079713,2021,AMAZONAS,1,0.043478260869565216,1,0.18437381887010323,0.04432132963988919,0.07894736842105263,1.0,0.02631578947368421,1,2
20534166240,2021,AMAZONAS,1,0.08695652173913043,2,0.226211993412861,0.04432132963988919,0.07894736842105263,0.5,0.02631578947368421,1,5
20539016629,2021,AMAZONAS,1,0.043478260869565216,1,0.18437381887010323,0.04432132963988919,0.07894736842105263,1.0,0.02631578947368421,1,1
20539201281,2021,AMAZONAS,3,0.043478260869565216,3,0.18437381887010323,0.04432132963988919,0.07894736842105263,1.0,0.07894736842105263,1,1
20539273605,2021,AMAZONAS,2,0.043478260869565216,2,0.18437381887010323,0.04432132963988919,0.07894736842105263,1.0,0.05263157894736842,1,1
20542271834,2021,AMAZONAS,1,0.043478260869565216,1,0.18437381887010323,0.04432132963988919,0.07894736842105263,1.0,0.02631578947368421,1,1
20542312450,2021,AMAZONAS,1,0.08695652173913043,2,0.19118214333106,0.04432132963988919,0.07894736842105263,0.5,0.02631578947368421,1,2
20561152005,2021,AMAZONAS,2,0.043478260869565216,2,0.18437381887010323,0.04432132963988919,0.07894736842105263,1.0,0.05263157894736842,1,1
20600147600,2021,AMAZONAS,1,0.043478260869565216,1,0.18437381887010323,0.04432132963988919,0.07894736842105263,1.0,0.02631578947368421,2,1
20600542525,2021,AMAZONAS,1,0.043478260869565216,1,0.18437381887010323,0.04432132963988919,0.07894736842105263,1.0,0.02631578947368421,2,1
20600798937,2021,AMAZONAS,1,0.043478260869565216,1,0.18437381887010323,0.04432132963988919,0.07894736842105263,1.0,0.02631578947368421,1,2
20602698409,2021,AMAZONAS,1,0.043478260869565216,1,0.18437381887010323,0.04432132963988919,0.07894736842105263,1.0,0.02631578947368421,1,2
20604115923,2021,AMAZONAS,1,0.043478260869565216,1,0.18437381887010323,0.04432132963988919,0.07894736842105263,1.0,0.02631578947368421,1,1
20604451648,2021,AMAZONAS,1,0.043478260869565216,1,0.18437381887010323,0.04432132963988919,0.07894736842105263,1.0,0.02631578947368421,1,2
20604775010,2021,AMAZONAS,1,0.043478260869565216,1,0.18437381887010323,0.04432132963988919,0.07894736842105263,1.0,0.02631578947368421,1,1
20126533447,2021,ANCASH,1,0.043478260869565216,1,0.2048467253687618,0.017438024318974454,0.04854368932038835,1.0,0.009708737864077669,1,1
20260236611,2021,ANCASH,1,0.043478260869565216,1,0.2048467253687618,0.017438024318974454,0.04854368932038835,1.0,0.009708737864077669,2,1
20407893248,2021,ANCASH,1,0.043478260869565216,1,0.2048467253687618,0.017438024318974454,0.04854368932038835,1.0,0.009708737864077669,1,1
20407909268,2021,ANCASH,1,0.043478260869565216,1,0.2048467253687618,0.017438024318974454,0.04854368932038835,1.0,0.009708737864077669,1,1
20408018804,2021,ANCASH,3,0.043478260869565216,3,0.2048467253687618,0.017438024318974454,0.04854368932038835,1.0,0.02912621359223301,2,1
20408114943,2021,ANCASH,1,0.043478260869565216,1,0.2048467253687618,0.017438024318974454,0.04854368932038835,1.0,0.009708737864077669,1,1
20445575411,2021,ANCASH,2,0.043478260869565216,2,0.2048467253687618,0.017438024318974454,0.04854368932038835,1.0,0.019417475728155338,1,2
20445582973,2021,ANCASH,1,0.043478260869565216,1,0.2048467253687618,0.017438024318974454,0.04854368932038835,1.0,0.009708737864077669,1,1
20445667618,2021,ANCASH,1,0.043478260869565216,1,0.2048467253687618,0.017438024318974454,0.04854368932038835,1.0,0.009708737864077669,1,2
20450157008,2021,ANCASH,1,0.08695652173913043,2,0.226211993412861,0.017438024318974454,0.04854368932038835,0.5,0.009708737864077669,1,3
20453649840,2021,ANCASH,1,0.08695652173913043,2,0.22368976909606253,0.017438024318974454,0.04854368932038835,0.5,0.009708737864077669,1,3
20461192077,2021,ANCASH,1,0.043478260869565216,1,0.2048467253687618,0.017438024318974454,0.04854368932038835,1.0,0.009708737864077669,2,1
20486290910,2021,ANCASH,2,0.043478260869565216,2,0.2048467253687618,0.017438024318974454,0.04854368932038835,1.0,0.019417475728155338,2,1
20486419971,2021,ANCASH,2,0.043478260869565216,2,0.2048467253687618,0.017438024318974454,0.04854368932038835,1.0,0.019417475728155338,1,1
20487110141,2021,ANCASH,1,0.043478260869565216,1,0.2048467253687618,0.017438024318974454,0.04854368932038835,1.0,0.009708737864077669,2,1
20488351398,2021,ANCASH,3,0.043478260869565216,3,0.2048467253687618,0.017438024318974454,0.04854368932038835,1.0,0.02912621359223301,2,2
20488415973,2021,ANCASH,1,0.043478260869565216,1,0.2048467253687618,0.017438024318974454,0.04854368932038835,1.0,0.009708737864077669,1,1
20529066521,2021,ANCASH,1,0.08695652173913043,2,0.21131982794789317,0.017438024318974454,0.04854368932038835,0.5,0.009708737864077669,1,5
20530585078,2021,ANCASH,1,0.043478260869565216,1,0.2048467253687618,0.017438024318974454,0.04854368932038835,1.0,0.009708737864077669,1,1
20530592520,2021,ANCASH,1,0.043478260869565216,1,0.2048467253687618,0.017438024318974454,0.04854368932038835,1.0,0.009708737864077669,2,1
20530706398,2021,ANCASH,1,0.043478260869565216,1,0.2048467253687618,0.017438024318974454,0.04854368932038835,1.0,0.009708737864077669,2,1
20530933882,2021,ANCASH,1,0.043478260869565216,1,0.2048467253687618,0.017438024318974454,0.04854368932038835,1.0,0.009708737864077669,2,1
20530990681,2021,ANCASH,1,0.043478260869565216,1,0.2048467253687618,0.017438024318974454,0.04854368932038835,1.0,0.009708737864077669,2,1
20531000316,2021,ANCASH,1,0.043478260869565216,1,0.2048467253687618,0.017438024318974454,0.04854368932038835,1.0,0.009708737864077669,1,1
20531065019,2021,ANCASH,2,0.043478260869565216,2,0.2048467253687618,0.017438024318974454,0.04854368932038835,1.0,0.019417475728155338,2,3
20531084072,2021,ANCASH,3,0.043478260869565216,3,0.2048467253687618,0.017438024318974454,0.04854368932038835,1.0,0.02912621359223301,1,1
20531820542,2021,ANCASH,1,0.043478260869565216,1,0.2048467253687618,0.017438024318974454,0.04854368932038835,1.0,0.009708737864077669,2,1
20531884435,2021,ANCASH,1,0.043478260869565216,1,0.2048467253687618,0.017438024318974454,0.04854368932038835,1.0,0.009708737864077669,1,1
20533086510,2021,ANCASH,1,0.043478260869565216,1,0.2048467253687618,0.017438024318974454,0.04854368932038835,1.0,0.009708737864077669,1,1
20533631305,2021,ANCASH,2,0.043478260869565216,2,0.2048467253687618,0.017438024318974454,0.04854368932038835,1.0,0.019417475728155338,1,1
20533652213,2021,ANCASH,1,0.043478260869565216,1,0.2048467253687618,0.017438024318974454,0.04854368932038835,1.0,0.009708737864077669,1,4
20533729615,2021,ANCASH,1,0.043478260869565216,1,0.2048467253687618,0.017438024318974454,0.04854368932038835,1.0,0.009708737864077669,2,1
20533751386,2021,ANCASH,1,0.043478260869565216,1,0.2048467253687618,0.017438024318974454,0.04854368932038835,1.0,0.009708737864077669,2,1
20533786333,2021,ANCASH,1,0.043478260869565216,1,0.2048467253687618,0.017438024318974454,0.04854368932038835,1.0,0.009708737864077669,1,1
20533788891,2021,ANCASH,1,0.043478260869565216,1,0.2048467253687618,0.017438024318974454,0.04854368932038835,1.0,0.009708737864077669,2,1
20534013923,2021,ANCASH,1,0.043478260869565216,1,0.2048467253687618,0.017438024318974454,0.04854368932038835,1.0,0.009708737864077669,2,2
20534027126,2021,ANCASH,1,0.043478260869565216,1,0.2048467253687618,0.017438024318974454,0.04854368932038835,1.0,0.009708737864077669,2,1
20534158069,2021,ANCASH,2,0.043478260869565216,2,0.2048467253687618,0.017438024318974454,0.04854368932038835,1.0,0.019417475728155338,2,1
20534166240,2021,ANCASH,1,0.08695652173913043,2,0.226211993412861,0.017438024318974454,0.04854368932038835,0.5,0.009708737864077669,2,5
20534171910,2021,ANCASH,1,0.043478260869565216,1,0.2048467253687618,0.017438024318974454,0.04854368932038835,1.0,0.009708737864077669,1,1
20534197986,2021,ANCASH,1,0.043478260869565216,1,0.2048467253687618,0.017438024318974454,0.04854368932038835,1.0,0.009708737864077669,1,1
20541445553,2021,ANCASH,1,0.043478260869565216,1,0.2048467253687618,0.017438024318974454,0.04854368932038835,1.0,0.009708737864077669,1,1
20541706454,2021,ANCASH,2,0.08695652173913043,3,0.20830293228608032,0.017438024318974454,0.04854368932038835,0.6666666666666666,0.019417475728155338,1,2
20542030802,2021,ANCASH,1,0.043478260869565216,1,0.2048467253687618,0.017438024318974454,0.04854368932038835,1.0,0.009708737864077669,1,1
20542040786,2021,ANCASH,1,0.043478260869565216,1,0.2048467253687618,0.017438024318974454,0.04854368932038835,1.0,0.009708737864077669,1,1
20542049228,2021,ANCASH,1,0.043478260869565216,1,0.2048467253687618,0.017438024318974454,0.04854368932038835,1.0,0.009708737864077669,2,2
20542132982,2021,ANCASH,1,0.043478260869565216,1,0.2048467253687618,0.017438024318974454,0.04854368932038835,1.0,0.009708737864077669,1,1
20542141116,2021,ANCASH,1,0.043478260869565216,1,0.2048467253687618,0.017438024318974454,0.04854368932038835,1.0,0.009708737864077669,1,1
20542191059,2021,ANCASH,5,0.08695652173913043,7,0.20911714570218223,0.017438024318974454,0.04854368932038835,0.7142857142857143,0.04854368932038835,2,4
20542438984,2021,ANCASH,1,0.043478260869565216,1,0.2048467253687618,0.017438024318974454,0.04854368932038835,1.0,0.009708737864077669,2,1
20544063392,2021,ANCASH,1,0.043478260869565216,1,0.2048467253687618,0.017438024318974454,0.04854368932038835,1.0,0.009708737864077669,1,1
20549761608,2021,ANCASH,1,0.043478260869565216,1,0.2048467253687618,0.017438024318974454,0.04854368932038835,1.0,0.009708737864077669,2,1
20569181756,2021,ANCASH,1,0.043478260869565216,1,0.2048467253687618,0.017438024318974454,0.04854368932038835,1.0,0.009708737864077669,2,1
20571135885,2021,ANCASH,4,0.043478260869565216,4,0.2048467253687618,0.017438024318974454,0.04854368932038835,1.0,0.038834951456310676,2,3
20571184151,2021,ANCASH,2,0.043478260869565216,2,0.2048467253687618,0.017438024318974454,0.04854368932038835,1.0,0.019417475728155338,3,1
20571238269,2021,ANCASH,1,0.043478260869565216,1,0.2048467253687618,0.017438024318974454,0.04854368932038835,1.0,0.009708737864077669,1,1
20571250552,2021,ANCASH,1,0.043478260869565216,1,0.2048467253687618,0.017438024318974454,0.04854368932038835,1.0,0.009708737864077669,2,1
20571288363,2021,ANCASH,1,0.043478260869565216,1,0.2048467253687618,0.017438024318974454,0.04854368932038835,1.0,0.009708737864077669,1,2
20571309891,2021,ANCASH,1,0.043478260869565216,1,0.2048467253687618,0.017438024318974454,0.04854368932038835,1.0,0.009708737864077669,2,1
20571395283,2021,ANCASH,4,0.043478260869565216,4,0.2048467253687618,0.017438024318974454,0.04854368932038835,1.0,0.038834951456310676,2,5
20571395364,2021,ANCASH,2,0.043478260869565216,2,0.2048467253687618,0.017438024318974454,0.04854368932038835,1.0,0.019417475728155338,2,2
20600403207,2021,ANCASH,1,0.043478260869565216,1,0.2048467253687618,0.017438024318974454,0.04854368932038835,1.0,0.009708737864077669,2,1
20600683650,2021,ANCASH,2,0.08695652173913043,3,0.24080631556852944,0.017438024318974454,0.04854368932038835,0.6666666666666666,0.019417475728155338,2,3
20600770226,2021,ANCASH,1,0.043478260869565216,1,0.2048467253687618,0.017438024318974454,0.04854368932038835,1.0,0.009708737864077669,2,1
20601052980,2021,ANCASH,1,0.043478260869565216,1,0.2048467253687618,0.017438024318974454,0.04854368932038835,1.0,0.009708737864077669,1,1
20601175411,2021,ANCASH,1,0.043478260869565216,1,0.2048467253687618,0.017438024318974454,0.04854368932038835,1.0,0.009708737864077669,1,1
20601568561,2021,ANCASH,1,0.043478260869565216,1,0.2048467253687618,0.017438024318974454,0.04854368932038835,1.0,0.009708737864077669,2,1
20602541216,2021,ANCASH,1,0.043478260869565216,1,0.2048467253687618,0.017438024318974454,0.04854368932038835,1.0,0.009708737864077669,1,1
20603092440,2021,ANCASH,1,0.043478260869565216,1,0.2048467253687618,0.017438024318974454,0.04854368932038835,1.0,0.009708737864077669,1,1
20603321309,2021,ANCASH,1,0.043478260869565216,1,0.2048467253687618,0.017438024318974454,0.04854368932038835,1.0,0.009708737864077669,2,1
20604232610,2021,ANCASH,1,0.043478260869565216,1,0.2048467253687618,0.017438024318974454,0.04854368932038835,1.0,0.009708737864077669,1,1
20605871420,2021,ANCASH,1,0.043478260869565216,1,0.2048467253687618,0.017438024318974454,0.04854368932038835,1.0,0.009708737864077669,1,1
20605992146,2021,ANCASH,1,0.043478260869565216,1,0.2048467253687618,0.017438024318974454,0.04854368932038835,1.0,0.009708737864077669,1,1
20606854081,2021,ANCASH,1,0.043478260869565216,1,0.2048467253687618,0.017438024318974454,0.04854368932038835,1.0,0.009708737864077669,1,1
20608456857,2021,ANCASH,1,0.043478260869565216,1,0.2048467253687618,0.017438024318974454,0.04854368932038835,1.0,0.009708737864077669,1,1
20608495267,2021,ANCASH,1,0.043478260869565216,1,0.2048467253687618,0.017438024318974454,0.04854368932038835,1.0,0.009708737864077669,2,1
20608705334,2021,ANCASH,1,0.043478260869565216,1,0.2048467253687618,0.017438024318974454,0.04854368932038835,1.0,0.009708737864077669,1,1
20527479704,2021,APURIMAC,1,0.08695652173913043,3,0.010578583765112263,0.5,0.5,0.3333333333333333,0.5,1,2
20527760071,2021,APURIMAC,1,0.043478260869565216,1,0.005770136599152142,0.5,0.5,1.0,0.5,1,1
20264545812,2021,AREQUIPA,1,0.043478260869565216,1,0.09825369410861638,0.14285714285714285,0.14285714285714285,1.0,0.14285714285714285,1,1
20344483702,2021,AREQUIPA,1,0.08695652173913043,2,0.12456143525527735,0.14285714285714285,0.14285714285714285,0.5,0.14285714285714285,1,2
20456323007,2021,AREQUIPA,1,0.043478260869565216,1,0.09825369410861638,0.14285714285714285,0.14285714285714285,1.0,0.14285714285714285,1,2
20534029927,2021,AREQUIPA,1,0.08695652173913043,2,0.12456143525527735,0.14285714285714285,0.14285714285714285,0.5,0.14285714285714285,1,2
20563373009,2021,AREQUIPA,1,0.043478260869565216,1,0.09825369410861638,0.14285714285714285,0.14285714285714285,1.0,0.14285714285714285,1,1
20600929438,2021,AREQUIPA,1,0.043478260869565216,1,0.09825369410861638,0.14285714285714285,0.14285714285714285,1.0,0.14285714285714285,1,1
20601116082,2021,AREQUIPA,1,0.043478260869565216,1,0.09825369410861638,0.14285714285714285,0.14285714285714285,1.0,0.14285714285714285,1,1
20218090550,2021,AYACUCHO,1,0.043478260869565216,1,0.13584207306510782,0.25,0.25,1.0,0.25,1,2
20407412592,2021,AYACUCHO,1,0.08695652173913043,2,0.19255837951580668,0.25,0.25,0.5,0.25,1,3
20476423539,2021,AYACUCHO,1,0.043478260869565216,1,0.13584207306510782,0.25,0.25,1.0,0.25,1,1
20494485118,2021,AYACUCHO,1,0.043478260869565216,1,0.13584207306510782,0.25,0.25,1.0,0.25,1,1
20453627951,2021,CAJAMARCA,1,0.043478260869565216,1,0.13515571311698937,0.14049586776859505,0.18181818181818182,1.0,0.09090909090909091,1,1
20481813841,2021,CAJAMARCA,1,0.13043478260869565,3,0.19027552972901587,0.14049586776859505,0.18181818181818182,0.3333333333333333,0.09090909090909091,1,3
20495656234,2021,CAJAMARCA,1,0.043478260869565216,1,0.13515571311698937,0.14049586776859505,0.18181818181818182,1.0,0.09090909090909091,1,1
20495865747,2021,CAJAMARCA,2,0.08695652173913043,3,0.16709777129247774,0.14049586776859505,0.18181818181818182,0.6666666666666666,0.18181818181818182,2,2
20496021038,2021,CAJAMARCA,1,0.043478260869565216,1,0.13515571311698937,0.14049586776859505,0.18181818181818182,1.0,0.09090909090909091,1,1
20496159811,2021,CAJAMARCA,2,0.043478260869565216,2,0.13515571311698937,0.14049586776859505,0.18181818181818182,1.0,0.18181818181818182,1,1
20529467606,2021,CAJAMARCA,2,0.043478260869565216,2,0.13515571311698937,0.14049586776859505,0.18181818181818182,1.0,0.18181818181818182,1,1
20601473454,2021,CAJAMARCA,1,0.043478260869565216,1,0.13515571311698937,0.14049586776859505,0.18181818181818182,1.0,0.09090909090909091,1,1
20261295246,2021,CALLAO,1,0.043478260869565216,1,0.14531227643859201,0.06371191135734071,0.10526315789473684,1.0,0.05263157894736842,1,4
20296637697,2021,CALLAO,1,0.043478260869565216,1,0.14531227643859201,0.06371191135734071,0.10526315789473684,1.0,0.05263157894736842,1,1
20335343701,2021,CALLAO,1,0.043478260869565216,1,0.14531227643859201,0.06371191135734071,0.10526315789473684,1.0,0.05263157894736842,1,2
20489539137,2021,CALLAO,1,0.043478260869565216,1,0.14531227643859201,0.06371191135734071,0.10526315789473684,1.0,0.05263157894736842,1,1
20489665604,2021,CALLAO,1,0.043478260869565216,1,0.14531227643859201,0.06371191135734071,0.10526315789473684,1.0,0.05263157894736842,1,1
20493043073,2021,CALLAO,2,0.043478260869565216,2,0.14531227643859201,0.06371191135734071,0.10526315789473684,1.0,0.10526315789473684,2,1
20506003351,2021,CALLAO,1,0.043478260869565216,1,0.14531227643859201,0.06371191135734071,0.10526315789473684,1.0,0.05263157894736842,1,4
20507503889,2021,CALLAO,1,0.043478260869565216,1,0.14531227643859201,0.06371191135734071,0.10526315789473684,1.0,0.05263157894736842,1,1
20513051833,2021,CALLAO,1,0.08695652173913043,2,0.15851595982856778,0.06371191135734071,0.10526315789473684,0.5,0.05263157894736842,1,2
20521401703,2021,CALLAO,1,0.043478260869565216,1,0.14531227643859201,0.06371191135734071,0.10526315789473684,1.0,0.05263157894736842,1,1
20525089917,2021,CALLAO,1,0.043478260869565216,1,0.14531227643859201,0.06371191135734071,0.10526315789473684,1.0,0.05263157894736842,1,1
20534004185,2021,CALLAO,1,0.043478260869565216,1,0.14531227643859201,0.06371191135734071,0.10526315789473684,1.0,0.05263157894736842,1,2
20543060918,2021,CALLAO,2,0.043478260869565216,2,0.14531227643859201,0.06371191135734071,0.10526315789473684,1.0,0.10526315789473684,1,1
20546240852,2021,CALLAO,1,0.043478260869565216,1,0.14531227643859201,0.06371191135734071,0.10526315789473684,1.0,0.05263157894736842,1,1
20547896026,2021,CALLAO,1,0.043478260869565216,1,0.14531227643859201,0.06371191135734071,0.10526315789473684,1.0,0.05263157894736842,1,1
20601500648,2021,CALLAO,1,0.043478260869565216,1,0.14531227643859201,0.06371191135734071,0.10526315789473684,1.0,0.05263157894736842,1,1
20602979173,2021,CALLAO,1,0.08695652173913043,3,0.19974786474975095,0.06371191135734071,0.10526315789473684,0.3333333333333333,0.05263157894736842,1,3
20524375631,2021,CUSCO,1,0.043478260869565216,1,0.11103245197262185,0.20000000000000004,0.2,1.0,0.2,1,1
20527109362,2021,CUSCO,1,0.043478260869565216,1,0.11103245197262185,0.20000000000000004,0.2,1.0,0.2,1,1
20527942773,2021,CUSCO,1,0.043478260869565216,1,0.11103245197262185,0.20000000000000004,0.2,1.0,0.2,1,1
20528003401,2021,CUSCO,1,0.043478260869565216,1,0.11103245197262185,0.20000000000000004,0.2,1.0,0.2,1,1
20547097069,2021,CUSCO,1,0.08695652173913043,2,0.14610597116652244,0.20000000000000004,0.2,0.5,0.2,1,5
10206701248,2021,HUANCAVELICA,1,0.043478260869565216,1,0.14785574327630113,0.03923900118906064,0.06896551724137931,1.0,0.034482758620689655,1,1
10295928234,2021,HUANCAVELICA,1,0.043478260869565216,1,0.14785574327630113,0.03923900118906064,0.06896551724137931,1.0,0.034482758620689655,1,1
10410713506,2021,HUANCAVELICA,1,0.043478260869565216,1,0.14785574327630113,0.03923900118906064,0.06896551724137931,1.0,0.034482758620689655,1,1
20451961196,2021,HUANCAVELICA,1,0.043478260869565216,1,0.14785574327630113,0.03923900118906064,0.06896551724137931,1.0,0.034482758620689655,1,1
20452840775,2021,HUANCAVELICA,1,0.043478260869565216,1,0.14785574327630113,0.03923900118906064,0.06896551724137931,1.0,0.034482758620689655,1,1
20486136830,2021,HUANCAVELICA,1,0.043478260869565216,1,0.14785574327630113,0.03923900118906064,0.06896551724137931,1.0,0.034482758620689655,1,1
20486404273,2021,HUANCAVELICA,2,0.043478260869565216,2,0.14785574327630113,0.03923900118906064,0.06896551724137931,1.0,0.06896551724137931,2,2
20486974886,2021,HUANCAVELICA,1,0.043478260869565216,1,0.14785574327630113,0.03923900118906064,0.06896551724137931,1.0,0.034482758620689655,2,1
20487064522,2021,HUANCAVELICA,1,0.043478260869565216,1,0.14785574327630113,0.03923900118906064,0.06896551724137931,1.0,0.034482758620689655,1,1
20494341973,2021,HUANCAVELICA,1,0.043478260869565216,1,0.14785574327630113,0.03923900118906064,0.06896551724137931,1.0,0.034482758620689655,1,1
20494665876,2021,HUANCAVELICA,1,0.043478260869565216,1,0.14785574327630113,0.03923900118906064,0.06896551724137931,1.0,0.034482758620689655,1,2
20494947774,2021,HUANCAVELICA,1,0.043478260869565216,1,0.14785574327630113,0.03923900118906064,0.06896551724137931,1.0,0.034482758620689655,1,1
20494951020,2021,HUANCAVELICA,2,0.043478260869565216,2,0.14785574327630113,0.03923900118906064,0.06896551724137931,1.0,0.06896551724137931,1,3
20503865549,2021,HUANCAVELICA,1,0.043478260869565216,1,0.14785574327630113,0.03923900118906064,0.06896551724137931,1.0,0.034482758620689655,1,1
20520970704,2021,HUANCAVELICA,1,0.043478260869565216,1,0.14785574327630113,0.03923900118906064,0.06896551724137931,1.0,0.034482758620689655,1,1
20568355041,2021,HUANCAVELICA,1,0.043478260869565216,1,0.14785574327630113,0.03923900118906064,0.06896551724137931,1.0,0.034482758620689655,2,1
20600180771,2021,HUANCAVELICA,1,0.043478260869565216,1,0.14785574327630113,0.03923900118906064,0.06896551724137931,1.0,0.034482758620689655,2,3
20600601891,2021,HUANCAVELICA,1,0.043478260869565216,1,0.14785574327630113,0.03923900118906064,0.06896551724137931,1.0,0.034482758620689655,1,1
20600661966,2021,HUANCAVELICA,1,0.043478260869565216,1,0.14785574327630113,0.03923900118906064,0.06896551724137931,1.0,0.034482758620689655,1,1
20600977661,2021,HUANCAVELICA,1,0.08695652173913043,2,0.1527819222526653,0.03923900118906064,0.06896551724137931,0.5,0.034482758620689655,1,2
20601480493,2021,HUANCAVELICA,1,0.043478260869565216,1,0.14785574327630113,0.03923900118906064,0.06896551724137931,1.0,0.034482758620689655,1,1
20601714966,2021,HUANCAVELICA,1,0.043478260869565216,1,0.14785574327630113,0.03923900118906064,0.06896551724137931,1.0,0.034482758620689655,1,2
20604269009,2021,HUANCAVELICA,1,0.08695652173913043,2,0.20226516613286058,0.03923900118906064,0.06896551724137931,0.5,0.034482758620689655,1,2
20604315582,2021,HUANCAVELICA,1,0.043478260869565216,1,0.14785574327630113,0.03923900118906064,0.06896551724137931,1.0,0.034482758620689655,1,1
20605034684,2021,HUANCAVELICA,1,0.043478260869565216,1,0.14785574327630113,0.03923900118906064,0.06896551724137931,1.0,0.034482758620689655,1,1
20605487051,2021,HUANCAVELICA,1,0.043478260869565216,1,0.14785574327630113,0.03923900118906064,0.06896551724137931,1.0,0.034482758620689655,1,1
99000030216,2021,HUANCAVELICA,1,0.043478260869565216,1,0.14785574327630113,0.03923900118906064,0.06896551724137931,1.0,0.034482758620689655,1,1
20393151812,2021,HUANUCO,1,0.043478260869565216,1,0.14544395951647018,0.09722222222222221,0.16666666666666666,1.0,0.08333333333333333,1,2
20489536979,2021,HUANUCO,1,0.043478260869565216,1,0.14544395951647018,0.09722222222222221,0.16666666666666666,1.0,0.08333333333333333,3,4
20492255981,2021,HUANUCO,1,0.043478260869565216,1,0.14544395951647018,0.09722222222222221,0.16666666666666666,1.0,0.08333333333333333,1,1
20516615088,2021,HUANUCO,1,0.043478260869565216,1,0.14544395951647018,0.09722222222222221,0.16666666666666666,1.0,0.08333333333333333,1,1
20542191059,2021,HUANUCO,2,0.08695652173913043,7,0.20911714570218223,0.09722222222222221,0.16666666666666666,0.2857142857142857,0.16666666666666666,2,4
20547097069,2021,HUANUCO,1,0.08695652173913043,2,0.14610597116652244,0.09722222222222221,0.16666666666666666,0.5,0.08333333333333333,1,5
20600106351,2021,HUANUCO,1,0.043478260869565216,1,0.14544395951647018,0.09722222222222221,0.16666666666666666,1.0,0.08333333333333333,1,1
20601263158,2021,HUANUCO,1,0.043478260869565216,1,0.14544395951647018,0.09722222222222221,0.16666666666666666,1.0,0.08333333333333333,2,2
20602631258,2021,HUANUCO,1,0.043478260869565216,1,0.14544395951647018,0.09722222222222221,0.16666666666666666,1.0,0.08333333333333333,1,1
20604540764,2021,HUANUCO,1,0.043478260869565216,1,0.14544395951647018,0.09722222222222221,0.16666666666666666,1.0,0.08333333333333333,1,1
20606474254,2021,HUANUCO,1,0.043478260869565216,1,0.14544395951647018,0.09722222222222221,0.16666666666666666,1.0,0.08333333333333333,1,1
20367759551,2021,ICA,1,0.043478260869565216,1,0.007933937823834196,0.2222222222222222,0.3333333333333333,1.0,0.16666666666666666,2,1
20452468418,2021,ICA,1,0.043478260869565216,1,0.007933937823834196,0.2222222222222222,0.3333333333333333,1.0,0.16666666666666666,2,1
20508326433,2021,ICA,1,0.043478260869565216,1,0.007933937823834196,0.2222222222222222,0.3333333333333333,1.0,0.16666666666666666,2,1
20527267511,2021,ICA,1,0.043478260869565216,1,0.007933937823834196,0.2222222222222222,0.3333333333333333,1.0,0.16666666666666666,1,1
20527479704,2021,ICA,2,0.08695652173913043,3,0.010578583765112263,0.2222222222222222,0.3333333333333333,0.6666666666666666,0.3333333333333333,1,2
20232650444,2021,JUNIN,1,0.043478260869565216,1,0.19163869770319386,0.03510204081632653,0.08571428571428572,1.0,0.02857142857142857,1,5
20377890117,2021,JUNIN,1,0.043478260869565216,1,0.19163869770319386,0.03510204081632653,0.08571428571428572,1.0,0.02857142857142857,1,1
20407412592,2021,JUNIN,1,0.08695652173913043,2,0.19255837951580668,0.03510204081632653,0.08571428571428572,0.5,0.02857142857142857,2,3
20438494171,2021,JUNIN,1,0.043478260869565216,1,0.19163869770319386,0.03510204081632653,0.08571428571428572,1.0,0.02857142857142857,1,1
20444927098,2021,JUNIN,1,0.043478260869565216,1,0.19163869770319386,0.03510204081632653,0.08571428571428572,1.0,0.02857142857142857,1,1
20461112227,2021,JUNIN,1,0.043478260869565216,1,0.19163869770319386,0.03510204081632653,0.08571428571428572,1.0,0.02857142857142857,2,3
20486573113,2021,JUNIN,1,0.043478260869565216,1,0.19163869770319386,0.03510204081632653,0.08571428571428572,1.0,0.02857142857142857,3,1
20486693283,2021,JUNIN,1,0.043478260869565216,1,0.19163869770319386,0.03510204081632653,0.08571428571428572,1.0,0.02857142857142857,1,1
20486887568,2021,JUNIN,1,0.043478260869565216,1,0.19163869770319386,0.03510204081632653,0.08571428571428572,1.0,0.02857142857142857,2,1
20486960401,2021,JUNIN,1,0.08695652173913043,2,0.19302153857657833,0.03510204081632653,0.08571428571428572,0.5,0.02857142857142857,2,6
20487499685,2021,JUNIN,1,0.08695652173913043,3,0.21048840567399985,0.03510204081632653,0.08571428571428572,0.3333333333333333,0.02857142857142857,1,2
20487950301,2021,JUNIN,1,0.08695652173913043,3,0.20776363666851116,0.03510204081632653,0.08571428571428572,0.3333333333333333,0.02857142857142857,1,2
20494854172,2021,JUNIN,3,0.043478260869565216,3,0.19163869770319386,0.03510204081632653,0.08571428571428572,1.0,0.08571428571428572,2,1
20495042333,2021,JUNIN,1,0.043478260869565216,1,0.19163869770319386,0.03510204081632653,0.08571428571428572,1.0,0.02857142857142857,1,2
20514402346,2021,JUNIN,1,0.043478260869565216,1,0.19163869770319386,0.03510204081632653,0.08571428571428572,1.0,0.02857142857142857,1,2
20523070071,2021,JUNIN,1,0.043478260869565216,1,0.19163869770319386,0.03510204081632653,0.08571428571428572,1.0,0.02857142857142857,1,2
20528901361,2021,JUNIN,1,0.043478260869565216,1,0.19163869770319386,0.03510204081632653,0.08571428571428572,1.0,0.02857142857142857,1,3
20529166151,2021,JUNIN,1,0.043478260869565216,1,0.19163869770319386,0.03510204081632653,0.08571428571428572,1.0,0.02857142857142857,1,2
20541462644,2021,JUNIN,1,0.043478260869565216,1,0.19163869770319386,0.03510204081632653,0.08571428571428572,1.0,0.02857142857142857,2,1
20568071876,2021,JUNIN,1,0.043478260869565216,1,0.19163869770319386,0.03510204081632653,0.08571428571428572,1.0,0.02857142857142857,1,1
20568112220,2021,JUNIN,1,0.043478260869565216,1,0.19163869770319386,0.03510204081632653,0.08571428571428572,1.0,0.02857142857142857,1,1
20568223307,2021,JUNIN,1,0.043478260869565216,1,0.19163869770319386,0.03510204081632653,0.08571428571428572,1.0,0.02857142857142857,2,2
20568437528,2021,JUNIN,1,0.043478260869565216,1,0.19163869770319386,0.03510204081632653,0.08571428571428572,1.0,0.02857142857142857,1,1
20568535376,2021,JUNIN,1,0.043478260869565216,1,0.19163869770319386,0.03510204081632653,0.08571428571428572,1.0,0.02857142857142857,2,1
20568838352,2021,JUNIN,1,0.043478260869565216,1,0.19163869770319386,0.03510204081632653,0.08571428571428572,1.0,0.02857142857142857,1,2
20568992351,2021,JUNIN,1,0.043478260869565216,1,0.19163869770319386,0.03510204081632653,0.08571428571428572,1.0,0.02857142857142857,1,1
20574732400,2021,JUNIN,1,0.043478260869565216,1,0.19163869770319386,0.03510204081632653,0.08571428571428572,1.0,0.02857142857142857,2,1
20600683650,2021,JUNIN,1,0.08695652173913043,3,0.24080631556852944,0.03510204081632653,0.08571428571428572,0.3333333333333333,0.02857142857142857,1,3
20602262201,2021,JUNIN,1,0.043478260869565216,1,0.19163869770319386,0.03510204081632653,0.08571428571428572,1.0,0.02857142857142857,2,1
20602979173,2021,JUNIN,2,0.08695652173913043,3,0.19974786474975095,0.03510204081632653,0.08571428571428572,0.6666666666666666,0.05714285714285714,1,3
20604269009,2021,JUNIN,1,0.08695652173913043,2,0.20226516613286058,0.03510204081632653,0.08571428571428572,0.5,0.02857142857142857,1,2
20604384002,2021,JUNIN,1,0.043478260869565216,1,0.19163869770319386,0.03510204081632653,0.08571428571428572,1.0,0.02857142857142857,1,1
10266854892,2021,LA LIBERTAD,1,0.043478260869565216,1,0.1658887951694314,0.048828125,0.125,1.0,0.03125,1,1
20121907608,2021,LA LIBERTAD,1,0.043478260869565216,1,0.1658887951694314,0.048828125,0.125,1.0,0.03125,1,1
20134483611,2021,LA LIBERTAD,1,0.043478260869565216,1,0.1658887951694314,0.048828125,0.125,1.0,0.03125,1,1
20453649840,2021,LA LIBERTAD,1,0.08695652173913043,2,0.22368976909606253,0.048828125,0.125,0.5,0.03125,1,3
20477150242,2021,LA LIBERTAD,1,0.08695652173913043,2,0.17138004199297904,0.048828125,0.125,0.5,0.03125,1,3
20477458883,2021,LA LIBERTAD,1,0.043478260869565216,1,0.1658887951694314,0.048828125,0.125,1.0,0.03125,2,1
20477460357,2021,LA LIBERTAD,1,0.043478260869565216,1,0.1658887951694314,0.048828125,0.125,1.0,0.03125,1,1
20477617434,2021,LA LIBERTAD,1,0.043478260869565216,1,0.1658887951694314,0.048828125,0.125,1.0,0.03125,1,1
20481813841,2021,LA LIBERTAD,1,0.13043478260869565,3,0.19027552972901587,0.048828125,0.125,0.3333333333333333,0.03125,1,3
20482206574,2021,LA LIBERTAD,1,0.043478260869565216,1,0.1658887951694314,0.048828125,0.125,1.0,0.03125,1,1
20489304687,2021,LA LIBERTAD,1,0.08695652173913043,2,0.17010854194639627,0.048828125,0.125,0.5,0.03125,1,3
20495865747,2021,LA LIBERTAD,1,0.08695652173913043,3,0.16709777129247774,0.048828125,0.125,0.3333333333333333,0.03125,1,2
20495934498,2021,LA LIBERTAD,1,0.043478260869565216,1,0.1658887951694314,0.048828125,0.125,1.0,0.03125,1,1
20501430669,2021,LA LIBERTAD,2,0.043478260869565216,2,0.1658887951694314,0.048828125,0.125,1.0,0.0625,1,2
20504553516,2021,LA LIBERTAD,1,0.043478260869565216,1,0.1658887951694314,0.048828125,0.125,1.0,0.03125,1,1
20529440074,2021,LA LIBERTAD,1,0.043478260869565216,1,0.1658887951694314,0.048828125,0.125,1.0,0.03125,1,1
20529656751,2021,LA LIBERTAD,2,0.043478260869565216,2,0.1658887951694314,0.048828125,0.125,1.0,0.0625,3,1
20529688017,2021,LA LIBERTAD,1,0.043478260869565216,1,0.1658887951694314,0.048828125,0.125,1.0,0.03125,1,1
20531750749,2021,LA LIBERTAD,1,0.043478260869565216,1,0.1658887951694314,0.048828125,0.125,1.0,0.03125,1,2
20539094930,2021,LA LIBERTAD,4,0.043478260869565216,4,0.1658887951694314,0.048828125,0.125,1.0,0.125,2,1
20544771478,2021,LA LIBERTAD,2,0.043478260869565216,2,0.1658887951694314,0.048828125,0.125,1.0,0.0625,2,1
20559687643,2021,LA LIBERTAD,1,0.043478260869565216,1,0.1658887951694314,0.048828125,0.125,1.0,0.03125,1,1
20603089619,2021,LA LIBERTAD,1,0.043478260869565216,1,0.1658887951694314,0.048828125,0.125,1.0,0.03125,1,1
20603716176,2021,LA LIBERTAD,1,0.043478260869565216,1,0.1658887951694314,0.048828125,0.125,1.0,0.03125,1,1
20606525690,2021,LA LIBERTAD,1,0.043478260869565216,1,0.1658887951694314,0.048828125,0.125,1.0,0.03125,1,1
99000028271,2021,LA LIBERTAD,1,0.043478260869565216,1,0.1658887951694314,0.048828125,0.125,1.0,0.03125,1,1
20348938704,2021,LAMBAYEQUE,1,0.043478260869565216,1,0.15514490993371183,0.06790123456790123,0.1111111111111111,1.0,0.05555555555555555,1,1
20353947614,2021,LAMBAYEQUE,2,0.043478260869565216,2,0.15514490993371183,0.06790123456790123,0.1111111111111111,1.0,0.1111111111111111,1,2
20409234462,2021,LAMBAYEQUE,1,0.043478260869565216,1,0.15514490993371183,0.06790123456790123,0.1111111111111111,1.0,0.05555555555555555,1,1
20479892998,2021,LAMBAYEQUE,1,0.043478260869565216,1,0.15514490993371183,0.06790123456790123,0.1111111111111111,1.0,0.05555555555555555,1,1
20480403496,2021,LAMBAYEQUE,1,0.043478260869565216,1,0.15514490993371183,0.06790123456790123,0.1111111111111111,1.0,0.05555555555555555,3,2
20480686692,2021,LAMBAYEQUE,1,0.043478260869565216,1,0.15514490993371183,0.06790123456790123,0.1111111111111111,1.0,0.05555555555555555,1,2
20481813841,2021,LAMBAYEQUE,1,0.13043478260869565,3,0.19027552972901587,0.06790123456790123,0.1111111111111111,0.3333333333333333,0.05555555555555555,1,3
20487913791,2021,LAMBAYEQUE,1,0.043478260869565216,1,0.15514490993371183,0.06790123456790123,0.1111111111111111,1.0,0.05555555555555555,2,2
20487950301,2021,LAMBAYEQUE,2,0.08695652173913043,3,0.20776363666851116,0.06790123456790123,0.1111111111111111,0.6666666666666666,0.1111111111111111,1,2
20505655215,2021,LAMBAYEQUE,1,0.043478260869565216,1,0.15514490993371183,0.06790123456790123,0.1111111111111111,1.0,0.05555555555555555,1,1
20526193513,2021,LAMBAYEQUE,1,0.043478260869565216,1,0.15514490993371183,0.06790123456790123,0.1111111111111111,1.0,0.05555555555555555,1,1
20545316561,2021,LAMBAYEQUE,1,0.043478260869565216,1,0.15514490993371183,0.06790123456790123,0.1111111111111111,1.0,0.05555555555555555,2,2
20561274968,2021,LAMBAYEQUE,1,0.043478260869565216,1,0.15514490993371183,0.06790123456790123,0.1111111111111111,1.0,0.05555555555555555,2,1
20568161786,2021,LAMBAYEQUE,1,0.043478260869565216,1,0.15514490993371183,0.06790123456790123,0.1111111111111111,1.0,0.05555555555555555,1,2
20602235352,2021,LAMBAYEQUE,1,0.043478260869565216,1,0.15514490993371183,0.06790123456790123,0.1111111111111111,1.0,0.05555555555555555,1,1
20602922368,2021,LAMBAYEQUE,1,0.043478260869565216,1,0.15514490993371183,0.06790123456790123,0.1111111111111111,1.0,0.05555555555555555,2,1
20231662244,2021,LIMA,1,0.043478260869565216,1,0.020100053600142935,0.07479224376731301,0.10526315789473684,1.0,0.05263157894736842,2,1
20407917104,2021,LIMA,2,0.043478260869565216,2,0.020100053600142935,0.07479224376731301,0.10526315789473684,1.0,0.10526315789473684,2,1
20408135517,2021,LIMA,1,0.043478260869565216,1,0.020100053600142935,0.07479224376731301,0.10526315789473684,1.0,0.05263157894736842,1,2
20445200019,2021,LIMA,1,0.043478260869565216,1,0.020100053600142935,0.07479224376731301,0.10526315789473684,1.0,0.05263157894736842,3,2
20494682703,2021,LIMA,1,0.043478260869565216,1,0.020100053600142935,0.07479224376731301,0.10526315789473684,1.0,0.05263157894736842,1,1
20523386469,2021,LIMA,1,0.043478260869565216,1,0.020100053600142935,0.07479224376731301,0.10526315789473684,1.0,0.05263157894736842,3,4
20532064768,2021,LIMA,1,0.043478260869565216,1,0.020100053600142935,0.07479224376731301,0.10526315789473684,1.0,0.05263157894736842,1,1
20533990615,2021,LIMA,1,0.043478260869565216,1,0.020100053600142935,0.07479224376731301,0.10526315789473684,1.0,0.05263157894736842,1,1
20534094079,2021,LIMA,1,0.043478260869565216,1,0.020100053600142935,0.07479224376731301,0.10526315789473684,1.0,0.05263157894736842,2,1
20541653156,2021,LIMA,1,0.043478260869565216,1,0.020100053600142935,0.07479224376731301,0.10526315789473684,1.0,0.05263157894736842,1,4
20600386981,2021,LIMA,1,0.043478260869565216,1,0.020100053600142935,0.07479224376731301,0.10526315789473684,1.0,0.05263157894736842,1,1
20600721179,2021,LIMA,2,0.043478260869565216,2,0.020100053600142935,0.07479224376731301,0.10526315789473684,1.0,0.10526315789473684,1,3
20602076882,2021,LIMA,2,0.043478260869565216,2,0.020100053600142935,0.07479224376731301,0.10526315789473684,1.0,0.10526315789473684,1,1
20603550677,2021,LIMA,2,0.043478260869565216,2,0.020100053600142935,0.07479224376731301,0.10526315789473684,1.0,0.10526315789473684,2,1
20607462403,2021,LIMA,1,0.043478260869565216,1,0.020100053600142935,0.07479224376731301,0.10526315789473684,1.0,0.05263157894736842,1,1
10053878488,2021,LORETO,1,0.043478260869565216,1,0.15696568149283607,0.04682622268470343,0.06451612903225806,1.0,0.03225806451612903,1,1
20393358247,2021,LORETO,1,0.043478260869565216,1,0.15696568149283607,0.04682622268470343,0.06451612903225806,1.0,0.03225806451612903,1,1
20393584336,2021,LORETO,1,0.043478260869565216,1,0.15696568149283607,0.04682622268470343,0.06451612903225806,1.0,0.03225806451612903,1,1
20393633990,2021,LORETO,2,0.043478260869565216,2,0.15696568149283607,0.04682622268470343,0.06451612903225806,1.0,0.06451612903225806,3,1
20450256243,2021,LORETO,1,0.043478260869565216,1,0.15696568149283607,0.04682622268470343,0.06451612903225806,1.0,0.03225806451612903,1,1
20451375548,2021,LORETO,2,0.043478260869565216,2,0.15696568149283607,0.04682622268470343,0.06451612903225806,1.0,0.06451612903225806,2,1
20489304687,2021,LORETO,1,0.08695652173913043,2,0.17010854194639627,0.04682622268470343,0.06451612903225806,0.5,0.03225806451612903,1,3
20489627770,2021,LORETO,1,0.043478260869565216,1,0.15696568149283607,0.04682622268470343,0.06451612903225806,1.0,0.03225806451612903,1,2
20493606736,2021,LORETO,1,0.043478260869565216,1,0.15696568149283607,0.04682622268470343,0.06451612903225806,1.0,0.03225806451612903,1,2
20493748018,2021,LORETO,1,0.043478260869565216,1,0.15696568149283607,0.04682622268470343,0.06451612903225806,1.0,0.03225806451612903,2,1
20493874587,2021,LORETO,2,0.043478260869565216,2,0.15696568149283607,0.04682622268470343,0.06451612903225806,1.0,0.06451612903225806,3,1
20528115897,2021,LORETO,2,0.043478260869565216,2,0.15696568149283607,0.04682622268470343,0.06451612903225806,1.0,0.06451612903225806,3,1
20528181334,2021,LORETO,1,0.043478260869565216,1,0.15696568149283607,0.04682622268470343,0.06451612903225806,1.0,0.03225806451612903,3,1
20528255982,2021,LORETO,2,0.043478260869565216,2,0.15696568149283607,0.04682622268470343,0.06451612903225806,1.0,0.06451612903225806,3,1
20528428755,2021,LORETO,1,0.043478260869565216,1,0.15696568149283607,0.04682622268470343,0.06451612903225806,1.0,0.03225806451612903,1,1
20529066521,2021,LORETO,1,0.08695652173913043,2,0.21131982794789317,0.04682622268470343,0.06451612903225806,0.5,0.03225806451612903,1,5
20531396635,2021,LORETO,1,0.043478260869565216,1,0.15696568149283607,0.04682622268470343,0.06451612903225806,1.0,0.03225806451612903,3,1
20541181556,2021,LORETO,2,0.043478260869565216,2,0.15696568149283607,0.04682622268470343,0.06451612903225806,1.0,0.06451612903225806,2,1
20542531097,2021,LORETO,1,0.043478260869565216,1,0.15696568149283607,0.04682622268470343,0.06451612903225806,1.0,0.03225806451612903,1,2
20567140220,2021,LORETO,2,0.043478260869565216,2,0.15696568149283607,0.04682622268470343,0.06451612903225806,1.0,0.06451612903225806,3,2
20600114965,2021,LORETO,1,0.043478260869565216,1,0.15696568149283607,0.04682622268470343,0.06451612903225806,1.0,0.03225806451612903,1,1
20600898800,2021,LORETO,1,0.043478260869565216,1,0.15696568149283607,0.04682622268470343,0.06451612903225806,1.0,0.03225806451612903,1,1
20601202574,2021,LORETO,1,0.043478260869565216,1,0.15696568149283607,0.04682622268470343,0.06451612903225806,1.0,0.03225806451612903,2,2
20602078788,2021,LORETO,1,0.043478260869565216,1,0.15696568149283607,0.04682622268470343,0.06451612903225806,1.0,0.03225806451612903,1,1
20344483702,2021,PASCO,1,0.08695652173913043,2,0.12456143525527735,0.10059171597633138,0.15384615384615385,0.5,0.07692307692307693,1,2
20456317376,2021,PASCO,1,0.08695652173913043,4,0.1529274981671509,0.10059171597633138,0.15384615384615385,0.25,0.07692307692307693,1,2
20486783606,2021,PASCO,1,0.043478260869565216,1,0.12398409372454607,0.10059171597633138,0.15384615384615385,1.0,0.07692307692307693,1,1
20486867290,2021,PASCO,1,0.043478260869565216,1,0.12398409372454607,0.10059171597633138,0.15384615384615385,1.0,0.07692307692307693,1,1
20489682363,2021,PASCO,2,0.043478260869565216,2,0.12398409372454607,0.10059171597633138,0.15384615384615385,1.0,0.15384615384615385,1,1
20529230851,2021,PASCO,1,0.043478260869565216,1,0.12398409372454607,0.10059171597633138,0.15384615384615385,1.0,0.07692307692307693,2,1
20534029927,2021,PASCO,1,0.08695652173913043,2,0.12456143525527735,0.10059171597633138,0.15384615384615385,0.5,0.07692307692307693,1,2
20573212020,2021,PASCO,1,0.043478260869565216,1,0.12398409372454607,0.10059171597633138,0.15384615384615385,1.0,0.07692307692307693,1,1
20600079787,2021,PASCO,1,0.043478260869565216,1,0.12398409372454607,0.10059171597633138,0.15384615384615385,1.0,0.07692307692307693,1,1
20600819331,2021,PASCO,2,0.043478260869565216,2,0.12398409372454607,0.10059171597633138,0.15384615384615385,1.0,0.15384615384615385,1,1
20600977661,2021,PASCO,1,0.08695652173913043,2,0.1527819222526653,0.10059171597633138,0.15384615384615385,0.5,0.07692307692307693,1,2
20275449751,2021,PIURA,1,0.043478260869565216,1,0.1340270641556784,0.05817174515235456,0.10526315789473684,1.0,0.05263157894736842,1,1
20357499691,2021,PIURA,1,0.043478260869565216,1,0.1340270641556784,0.05817174515235456,0.10526315789473684,1.0,0.05263157894736842,2,1
20426128803,2021,PIURA,1,0.043478260869565216,1,0.1340270641556784,0.05817174515235456,0.10526315789473684,1.0,0.05263157894736842,1,1
20440577947,2021,PIURA,1,0.043478260869565216,1,0.1340270641556784,0.05817174515235456,0.10526315789473684,1.0,0.05263157894736842,1,1
20477150242,2021,PIURA,1,0.08695652173913043,2,0.17138004199297904,0.05817174515235456,0.10526315789473684,0.5,0.05263157894736842,1,3
20477366172,2021,PIURA,1,0.08695652173913043,2,0.1543986621706829,0.05817174515235456,0.10526315789473684,0.5,0.05263157894736842,1,3
20483778075,2021,PIURA,1,0.043478260869565216,1,0.1340270641556784,0.05817174515235456,0.10526315789473684,1.0,0.05263157894736842,1,1
20483851171,2021,PIURA,1,0.043478260869565216,1,0.1340270641556784,0.05817174515235456,0.10526315789473684,1.0,0.05263157894736842,1,1
20491656761,2021,PIURA,1,0.043478260869565216,1,0.1340270641556784,0.05817174515235456,0.10526315789473684,1.0,0.05263157894736842,1,3
20525491677,2021,PIURA,1,0.043478260869565216,1,0.1340270641556784,0.05817174515235456,0.10526315789473684,1.0,0.05263157894736842,3,1
20525985751,2021,PIURA,2,0.043478260869565216,2,0.1340270641556784,0.05817174515235456,0.10526315789473684,1.0,0.10526315789473684,1,1
20526146191,2021,PIURA,1,0.043478260869565216,1,0.1340270641556784,0.05817174515235456,0.10526315789473684,1.0,0.05263157894736842,3,1
20526331762,2021,PIURA,1,0.043478260869565216,1,0.1340270641556784,0.05817174515235456,0.10526315789473684,1.0,0.05263157894736842,2,1
20528964878,2021,PIURA,1,0.043478260869565216,1,0.1340270641556784,0.05817174515235456,0.10526315789473684,1.0,0.05263157894736842,1,1
20530035671,2021,PIURA,1,0.043478260869565216,1,0.1340270641556784,0.05817174515235456,0.10526315789473684,1.0,0.05263157894736842,1,1
20530091075,2021,PIURA,1,0.043478260869565216,1,0.1340270641556784,0.05817174515235456,0.10526315789473684,1.0,0.05263157894736842,3,1
20600456467,2021,PIURA,1,0.043478260869565216,1,0.1340270641556784,0.05817174515235456,0.10526315789473684,1.0,0.05263157894736842,1,1
20600625498,2021,PIURA,1,0.043478260869565216,1,0.1340270641556784,0.05817174515235456,0.10526315789473684,1.0,0.05263157894736842,1,1
20447677831,2021,PUNO,1,0.043478260869565216,1,0.13630353233666656,0.18367346938775508,0.2857142857142857,1.0,0.14285714285714285,1,1
20448307523,2021,PUNO,1,0.043478260869565216,1,0.13630353233666656,0.18367346938775508,0.2857142857142857,1.0,0.14285714285714285,1,1
20448497047,2021,PUNO,1,0.043478260869565216,1,0.13630353233666656,0.18367346938775508,0.2857142857142857,1.0,0.14285714285714285,1,1
20448562396,2021,PUNO,2,0.043478260869565216,2,0.13630353233666656,0.18367346938775508,0.2857142857142857,1.0,0.2857142857142857,1,1
20486960401,2021,PUNO,1,0.08695652173913043,2,0.19302153857657833,0.18367346938775508,0.2857142857142857,0.5,0.14285714285714285,1,6
20542703483,2021,PUNO,1,0.043478260869565216,1,0.13630353233666656,0.18367346938775508,0.2857142857142857,1.0,0.14285714285714285,1,2
20450324184,2021,SAN MARTIN,1,0.043478260869565216,1,0.14222189572567556,0.08163265306122448,0.14285714285714285,1.0,0.07142857142857142,1,1
20477366172,2021,SAN MARTIN,1,0.08695652173913043,2,0.1543986621706829,0.08163265306122448,0.14285714285714285,0.5,0.07142857142857142,1,3
20489174023,2021,SAN MARTIN,1,0.043478260869565216,1,0.14222189572567556,0.08163265306122448,0.14285714285714285,1.0,0.07142857142857142,1,1
20489747244,2021,SAN MARTIN,1,0.043478260869565216,1,0.14222189572567556,0.08163265306122448,0.14285714285714285,1.0,0.07142857142857142,1,3
20542312450,2021,SAN MARTIN,1,0.08695652173913043,2,0.19118214333106,0.08163265306122448,0.14285714285714285,0.5,0.07142857142857142,2,2
20542330512,2021,SAN MARTIN,1,0.043478260869565216,1,0.14222189572567556,0.08163265306122448,0.14285714285714285,1.0,0.07142857142857142,2,1
20542374218,2021,SAN MARTIN,2,0.043478260869565216,2,0.14222189572567556,0.08163265306122448,0.14285714285714285,1.0,0.14285714285714285,1,1
20572218369,2021,SAN MARTIN,1,0.043478260869565216,1,0.14222189572567556,0.08163265306122448,0.14285714285714285,1.0,0.07142857142857142,1,1
20572250505,2021,SAN MARTIN,1,0.043478260869565216,1,0.14222189572567556,0.08163265306122448,0.14285714285714285,1.0,0.07142857142857142,1,1
20600179714,2021,SAN MARTIN,1,0.043478260869565216,1,0.14222189572567556,0.08163265306122448,0.14285714285714285,1.0,0.07142857142857142,1,1
20600453565,2021,SAN MARTIN,1,0.043478260869565216,1,0.14222189572567556,0.08163265306122448,0.14285714285714285,1.0,0.07142857142857142,1,1
20601456070,2021,SAN MARTIN,1,0.043478260869565216,1,0.14222189572567556,0.08163265306122448,0.14285714285714285,1.0,0.07142857142857142,2,1
20603358504,2021,SAN MARTIN,1,0.043478260869565216,1,0.14222189572567556,0.08163265306122448,0.14285714285714285,1.0,0.07142857142857142,1,1
10004760617,2021,TACNA,3,0.043478260869565216,3,0.1467740368783035,0.07015457788347206,0.10344827586206896,1.0,0.10344827586206896,2,1
20119916705,2021,TACNA,1,0.043478260869565216,1,0.1467740368783035,0.07015457788347206,0.10344827586206896,1.0,0.034482758620689655,2,1
20133176404,2021,TACNA,1,0.043478260869565216,1,0.1467740368783035,0.07015457788347206,0.10344827586206896,1.0,0.034482758620689655,2,1
20406330495,2021,TACNA,2,0.043478260869565216,2,0.1467740368783035,0.07015457788347206,0.10344827586206896,1.0,0.06896551724137931,3,1
20447647096,2021,TACNA,2,0.043478260869565216,2,0.1467740368783035,0.07015457788347206,0.10344827586206896,1.0,0.06896551724137931,2,1
20449384050,2021,TACNA,1,0.043478260869565216,1,0.1467740368783035,0.07015457788347206,0.10344827586206896,1.0,0.034482758620689655,2,1
20456317376,2021,TACNA,3,0.08695652173913043,4,0.1529274981671509,0.07015457788347206,0.10344827586206896,0.75,0.10344827586206896,1,2
20477530665,2021,TACNA,1,0.08695652173913043,2,0.19584796745140315,0.07015457788347206,0.10344827586206896,0.5,0.034482758620689655,1,2
20513051833,2021,TACNA,1,0.08695652173913043,2,0.15851595982856778,0.07015457788347206,0.10344827586206896,0.5,0.034482758620689655,1,2
20519658501,2021,TACNA,1,0.043478260869565216,1,0.1467740368783035,0.07015457788347206,0.10344827586206896,1.0,0.034482758620689655,2,1
20520021338,2021,TACNA,1,0.043478260869565216,1,0.1467740368783035,0.07015457788347206,0.10344827586206896,1.0,0.034482758620689655,1,1
20521378531,2021,TACNA,1,0.043478260869565216,1,0.1467740368783035,0.07015457788347206,0.10344827586206896,1.0,0.034482758620689655,1,1
20532656347,2021,TACNA,3,0.043478260869565216,3,0.1467740368783035,0.07015457788347206,0.10344827586206896,1.0,0.10344827586206896,3,1
20533059890,2021,TACNA,2,0.043478260869565216,2,0.1467740368783035,0.07015457788347206,0.10344827586206896,1.0,0.06896551724137931,1,1
20601016347,2021,TACNA,1,0.043478260869565216,1,0.1467740368783035,0.07015457788347206,0.10344827586206896,1.0,0.034482758620689655,2,2
20601265002,2021,TACNA,1,0.043478260869565216,1,0.1467740368783035,0.07015457788347206,0.10344827586206896,1.0,0.034482758620689655,1,1
20601898463,2021,TACNA,3,0.043478260869565216,3,0.1467740368783035,0.07015457788347206,0.10344827586206896,1.0,0.10344827586206896,1,1
20604357951,2021,TACNA,1,0.043478260869565216,1,0.1467740368783035,0.07015457788347206,0.10344827586206896,1.0,0.034482758620689655,1,1
20409211411,2021,TUMBES,1,0.043478260869565216,1,0.012343797622676013,0.1111111111111111,0.1111111111111111,1.0,0.1111111111111111,1,1
20409461019,2021,TUMBES,1,0.043478260869565216,1,0.012343797622676013,0.1111111111111111,0.1111111111111111,1.0,0.1111111111111111,1,1
20479087360,2021,TUMBES,1,0.043478260869565216,1,0.012343797622676013,0.1111111111111111,0.1111111111111111,1.0,0.1111111111111111,1,1
20484206997,2021,TUMBES,1,0.043478260869565216,1,0.012343797622676013,0.1111111111111111,0.1111111111111111,1.0,0.1111111111111111,2,1
20488071603,2021,TUMBES,1,0.043478260869565216,1,0.012343797622676013,0.1111111111111111,0.1111111111111111,1.0,0.1111111111111111,1,2
20525460950,2021,TUMBES,1,0.043478260869565216,1,0.012343797622676013,0.1111111111111111,0.1111111111111111,1.0,0.1111111111111111,2,1
20529698918,2021,TUMBES,1,0.043478260869565216,1,0.012343797622676013,0.1111111111111111,0.1111111111111111,1.0,0.1111111111111111,2,3
20600983025,2021,TUMBES,1,0.043478260869565216,1,0.012343797622676013,0.1111111111111111,0.1111111111111111,1.0,0.1111111111111111,1,1
20604329494,2021,TUMBES,1,0.043478260869565216,1,0.012343797622676013,0.1111111111111111,0.1111111111111111,1.0,0.1111111111111111,1,1
20352428648,2021,UCAYALI,1,0.043478260869565216,1,0.14465742165518242,0.08444444444444445,0.13333333333333333,1.0,0.06666666666666667,2,1
20393242532,2021,UCAYALI,1,0.043478260869565216,1,0.14465742165518242,0.08444444444444445,0.13333333333333333,1.0,0.06666666666666667,1,1
20393345188,2021,UCAYALI,1,0.043478260869565216,1,0.14465742165518242,0.08444444444444445,0.13333333333333333,1.0,0.06666666666666667,1,1
20393352800,2021,UCAYALI,1,0.043478260869565216,1,0.14465742165518242,0.08444444444444445,0.13333333333333333,1.0,0.06666666666666667,1,1
20393665506,2021,UCAYALI,1,0.043478260869565216,1,0.14465742165518242,0.08444444444444445,0.13333333333333333,1.0,0.06666666666666667,2,1
20393758423,2021,UCAYALI,2,0.043478260869565216,2,0.14465742165518242,0.08444444444444445,0.13333333333333333,1.0,0.13333333333333333,1,2
20393877431,2021,UCAYALI,2,0.043478260869565216,2,0.14465742165518242,0.08444444444444445,0.13333333333333333,1.0,0.13333333333333333,1,2
20493477405,2021,UCAYALI,1,0.043478260869565216,1,0.14465742165518242,0.08444444444444445,0.13333333333333333,1.0,0.06666666666666667,1,2
20501522601,2021,UCAYALI,1,0.043478260869565216,1,0.14465742165518242,0.08444444444444445,0.13333333333333333,1.0,0.06666666666666667,2,1
20541706454,2021,UCAYALI,1,0.08695652173913043,3,0.20830293228608032,0.08444444444444445,0.13333333333333333,0.3333333333333333,0.06666666666666667,1,2
20567223605,2021,UCAYALI,1,0.043478260869565216,1,0.14465742165518242,0.08444444444444445,0.13333333333333333,1.0,0.06666666666666667,1,1
20603607610,2021,UCAYALI,1,0.043478260869565216,1,0.14465742165518242,0.08444444444444445,0.13333333333333333,1.0,0.06666666666666667,1,1
20607266175,2021,UCAYALI,1,0.043478260869565216,1,0.14465742165518242,0.08444444444444445,0.13333333333333333,1.0,0.06666666666666667,1,1
20450186440,2022,AMAZONAS,1,0.08333333333333333,2,0.17757133347725965,0.050754458161865565,0.1111111111111111,0.5,0.037037037037037035,1,3
20450326713,2022,AMAZONAS,2,0.08333333333333333,5,0.17757133347725965,0.050754458161865565,0.1111111111111111,0.4,0.07407407407407407,2,2
20479764728,2022,AMAZONAS,3,0.041666666666666664,3,0.1314455750462992,0.050754458161865565,0.1111111111111111,1.0,0.1111111111111111,1,1
20479790303,2022,AMAZONAS,1,0.041666666666666664,1,0.1314455750462992,0.050754458161865565,0.1111111111111111,1.0,0.037037037037037035,3,1
20480134142,2022,AMAZONAS,1,0.041666666666666664,1,0.1314455750462992,0.050754458161865565,0.1111111111111111,1.0,0.037037037037037035,1,1
20480188404,2022,AMAZONAS,1,0.041666666666666664,1,0.1314455750462992,0.050754458161865565,0.1111111111111111,1.0,0.037037037037037035,1,4
20480391200,2022,AMAZONAS,1,0.041666666666666664,1,0.1314455750462992,0.050754458161865565,0.1111111111111111,1.0,0.037037037037037035,1,1
20480427913,2022,AMAZONAS,1,0.041666666666666664,1,0.1314455750462992,0.050754458161865565,0.1111111111111111,1.0,0.037037037037037035,3,1
20480811934,2022,AMAZONAS,1,0.041666666666666664,1,0.1314455750462992,0.050754458161865565,0.1111111111111111,1.0,0.037037037037037035,1,1
20487419754,2022,AMAZONAS,1,0.041666666666666664,1,0.1314455750462992,0.050754458161865565,0.1111111111111111,1.0,0.037037037037037035,1,1
20487499685,2022,AMAZONAS,1,0.041666666666666664,1,0.1314455750462992,0.050754458161865565,0.1111111111111111,1.0,0.037037037037037035,3,2
20487818535,2022,AMAZONAS,1,0.041666666666666664,1,0.1314455750462992,0.050754458161865565,0.1111111111111111,1.0,0.037037037037037035,1,1
20487980634,2022,AMAZONAS,1,0.041666666666666664,1,0.1314455750462992,0.050754458161865565,0.1111111111111111,1.0,0.037037037037037035,1,1
20495136231,2022,AMAZONAS,1,0.041666666666666664,1,0.1314455750462992,0.050754458161865565,0.1111111111111111,1.0,0.037037037037037035,1,1
20528217461,2022,AMAZONAS,1,0.041666666666666664,1,0.1314455750462992,0.050754458161865565,0.1111111111111111,1.0,0.037037037037037035,1,1
20572141986,2022,AMAZONAS,1,0.041666666666666664,1,0.1314455750462992,0.050754458161865565,0.1111111111111111,1.0,0.037037037037037035,1,1
20600504500,2022,AMAZONAS,1,0.041666666666666664,1,0.1314455750462992,0.050754458161865565,0.1111111111111111,1.0,0.037037037037037035,1,1
20600542525,2022,AMAZONAS,1,0.041666666666666664,1,0.1314455750462992,0.050754458161865565,0.1111111111111111,1.0,0.037037037037037035,2,1
20601832811,2022,AMAZONAS,1,0.041666666666666664,1,0.1314455750462992,0.050754458161865565,0.1111111111111111,1.0,0.037037037037037035,2,1
20602979173,2022,AMAZONAS,2,0.041666666666666664,2,0.1314455750462992,0.050754458161865565,0.1111111111111111,1.0,0.07407407407407407,1,3
20605899227,2022,AMAZONAS,1,0.041666666666666664,1,0.1314455750462992,0.050754458161865565,0.1111111111111111,1.0,0.037037037037037035,1,1
20608056026,2022,AMAZONAS,1,0.041666666666666664,1,0.1314455750462992,0.050754458161865565,0.1111111111111111,1.0,0.037037037037037035,1,1
20608518763,2022,AMAZONAS,1,0.041666666666666664,1,0.1314455750462992,0.050754458161865565,0.1111111111111111,1.0,0.037037037037037035,1,1
10166241141,2022,ANCASH,1,0.041666666666666664,1,0.2392540072114656,0.010024999368702811,0.035175879396984924,1.0,0.005025125628140704,1,1
20107211480,2022,ANCASH,1,0.041666666666666664,1,0.2392540072114656,0.010024999368702811,0.035175879396984924,1.0,0.005025125628140704,1,1
20136318323,2022,ANCASH,1,0.041666666666666664,1,0.2392540072114656,0.010024999368702811,0.035175879396984924,1.0,0.005025125628140704,1,2
20144691173,2022,ANCASH,1,0.125,3,0.2757831832366742,0.010024999368702811,0.035175879396984924,0.3333333333333333,0.005025125628140704,1,3
20260236611,2022,ANCASH,4,0.041666666666666664,4,0.2392540072114656,0.010024999368702811,0.035175879396984924,1.0,0.020100502512562814,2,1
20274419637,2022,ANCASH,1,0.041666666666666664,1,0.2392540072114656,0.010024999368702811,0.035175879396984924,1.0,0.005025125628140704,1,2
20319536699,2022,ANCASH,1,0.041666666666666664,1,0.2392540072114656,0.010024999368702811,0.035175879396984924,1.0,0.005025125628140704,1,1
20323041092,2022,ANCASH,5,0.041666666666666664,5,0.2392540072114656,0.010024999368702811,0.035175879396984924,1.0,0.02512562814070352,1,1
20339480932,2022,ANCASH,2,0.041666666666666664,2,0.2392540072114656,0.010024999368702811,0.035175879396984924,1.0,0.010050251256281407,1,2
20407011920,2022,ANCASH,1,0.041666666666666664,1,0.2392540072114656,0.010024999368702811,0.035175879396984924,1.0,0.005025125628140704,1,1
20407769407,2022,ANCASH,1,0.041666666666666664,1,0.2392540072114656,0.010024999368702811,0.035175879396984924,1.0,0.005025125628140704,1,1
20407851677,2022,ANCASH,1,0.041666666666666664,1,0.2392540072114656,0.010024999368702811,0.035175879396984924,1.0,0.005025125628140704,1,1
20407863250,2022,ANCASH,4,0.041666666666666664,4,0.2392540072114656,0.010024999368702811,0.035175879396984924,1.0,0.020100502512562814,1,1
20407871279,2022,ANCASH,1,0.041666666666666664,1,0.2392540072114656,0.010024999368702811,0.035175879396984924,1.0,0.005025125628140704,1,1
20407978588,2022,ANCASH,1,0.041666666666666664,1,0.2392540072114656,0.010024999368702811,0.035175879396984924,1.0,0.005025125628140704,1,1
20408010498,2022,ANCASH,1,0.041666666666666664,1,0.2392540072114656,0.010024999368702811,0.035175879396984924,1.0,0.005025125628140704,1,2
20408018804,2022,ANCASH,2,0.041666666666666664,2,0.2392540072114656,0.010024999368702811,0.035175879396984924,1.0,0.010050251256281407,2,1
20408061726,2022,ANCASH,1,0.041666666666666664,1,0.2392540072114656,0.010024999368702811,0.035175879396984924,1.0,0.005025125628140704,1,1
20408130396,2022,ANCASH,1,0.041666666666666664,1,0.2392540072114656,0.010024999368702811,0.035175879396984924,1.0,0.005025125628140704,1,1
20408135517,2022,ANCASH,1,0.041666666666666664,1,0.2392540072114656,0.010024999368702811,0.035175879396984924,1.0,0.005025125628140704,1,2
20445685438,2022,ANCASH,1,0.041666666666666664,1,0.2392540072114656,0.010024999368702811,0.035175879396984924,1.0,0.005025125628140704,1,1
20445700178,2022,ANCASH,1,0.041666666666666664,1,0.2392540072114656,0.010024999368702811,0.035175879396984924,1.0,0.005025125628140704,1,1
20445710211,2022,ANCASH,1,0.041666666666666664,1,0.2392540072114656,0.010024999368702811,0.035175879396984924,1.0,0.005025125628140704,1,1
20461192077,2022,ANCASH,2,0.041666666666666664,2,0.2392540072114656,0.010024999368702811,0.035175879396984924,1.0,0.010050251256281407,2,1
20477160710,2022,ANCASH,2,0.041666666666666664,2,0.2392540072114656,0.010024999368702811,0.035175879396984924,1.0,0.010050251256281407,1,1
20477886095,2022,ANCASH,1,0.041666666666666664,1,0.2392540072114656,0.010024999368702811,0.035175879396984924,1.0,0.005025125628140704,1,1
20478157976,2022,ANCASH,1,0.041666666666666664,1,0.2392540072114656,0.010024999368702811,0.035175879396984924,1.0,0.005025125628140704,1,2
20481520585,2022,ANCASH,1,0.041666666666666664,1,0.2392540072114656,0.010024999368702811,0.035175879396984924,1.0,0.005025125628140704,1,1
20481605491,2022,ANCASH,1,0.041666666666666664,1,0.2392540072114656,0.010024999368702811,0.035175879396984924,1.0,0.005025125628140704,1,1
20486290910,2022,ANCASH,1,0.041666666666666664,1,0.2392540072114656,0.010024999368702811,0.035175879396984924,1.0,0.005025125628140704,2,1
20486397714,2022,ANCASH,1,0.08333333333333333,2,0.2630179057098079,0.010024999368702811,0.035175879396984924,0.5,0.005025125628140704,1,2
20486960401,2022,ANCASH,1,0.16666666666666666,4,0.27085359306958373,0.010024999368702811,0.035175879396984924,0.25,0.005025125628140704,1,6
20487110141,2022,ANCASH,1,0.041666666666666664,1,0.2392540072114656,0.010024999368702811,0.035175879396984924,1.0,0.005025125628140704,2,1
20488252578,2022,ANCASH,1,0.041666666666666664,1,0.2392540072114656,0.010024999368702811,0.035175879396984924,1.0,0.005025125628140704,1,1
20488351398,2022,ANCASH,1,0.041666666666666664,1,0.2392540072114656,0.010024999368702811,0.035175879396984924,1.0,0.005025125628140704,2,2
20489585325,2022,ANCASH,1,0.08333333333333333,2,0.2630179057098079,0.010024999368702811,0.035175879396984924,0.5,0.005025125628140704,1,2
20504220461,2022,ANCASH,1,0.041666666666666664,1,0.2392540072114656,0.010024999368702811,0.035175879396984924,1.0,0.005025125628140704,1,1
20506003351,2022,ANCASH,1,0.08333333333333333,2,0.24094484825182932,0.010024999368702811,0.035175879396984924,0.5,0.005025125628140704,1,4
20507991662,2022,ANCASH,1,0.08333333333333333,2,0.24418045498752983,0.010024999368702811,0.035175879396984924,0.5,0.005025125628140704,1,3
20516256096,2022,ANCASH,1,0.041666666666666664,1,0.2392540072114656,0.010024999368702811,0.035175879396984924,1.0,0.005025125628140704,1,1
20516419572,2022,ANCASH,1,0.041666666666666664,1,0.2392540072114656,0.010024999368702811,0.035175879396984924,1.0,0.005025125628140704,1,2
20523814363,2022,ANCASH,1,0.041666666666666664,1,0.2392540072114656,0.010024999368702811,0.035175879396984924,1.0,0.005025125628140704,1,1
20528901361,2022,ANCASH,1,0.08333333333333333,4,0.2630179057098079,0.010024999368702811,0.035175879396984924,0.25,0.005025125628140704,1,3
20530592520,2022,ANCASH,5,0.041666666666666664,5,0.2392540072114656,0.010024999368702811,0.035175879396984924,1.0,0.02512562814070352,2,1
20530706398,2022,ANCASH,3,0.041666666666666664,3,0.2392540072114656,0.010024999368702811,0.035175879396984924,1.0,0.01507537688442211,2,1
20530862764,2022,ANCASH,2,0.041666666666666664,2,0.2392540072114656,0.010024999368702811,0.035175879396984924,1.0,0.010050251256281407,1,1
20530933882,2022,ANCASH,2,0.041666666666666664,2,0.2392540072114656,0.010024999368702811,0.035175879396984924,1.0,0.010050251256281407,2,1
20530990681,2022,ANCASH,1,0.041666666666666664,1,0.2392540072114656,0.010024999368702811,0.035175879396984924,1.0,0.005025125628140704,2,1
20531055722,2022,ANCASH,1,0.08333333333333333,3,0.24977066686911242,0.010024999368702811,0.035175879396984924,0.3333333333333333,0.005025125628140704,1,2
20531064047,2022,ANCASH,1,0.041666666666666664,1,0.2392540072114656,0.010024999368702811,0.035175879396984924,1.0,0.005025125628140704,1,1
20531065019,2022,ANCASH,1,0.041666666666666664,1,0.2392540072114656,0.010024999368702811,0.035175879396984924,1.0,0.005025125628140704,2,3
20531750749,2022,ANCASH,1,0.041666666666666664,1,0.2392540072114656,0.010024999368702811,0.035175879396984924,1.0,0.005025125628140704,1,2
20531820542,2022,ANCASH,1,0.041666666666666664,1,0.2392540072114656,0.010024999368702811,0.035175879396984924,1.0,0.005025125628140704,2,1
20531866453,2022,ANCASH,1,0.041666666666666664,1,0.2392540072114656,0.010024999368702811,0.035175879396984924,1.0,0.005025125628140704,1,1
20531897413,2022,ANCASH,1,0.041666666666666664,1,0.2392540072114656,0.010024999368702811,0.035175879396984924,1.0,0.005025125628140704,1,1
20531927851,2022,ANCASH,1,0.041666666666666664,1,0.2392540072114656,0.010024999368702811,0.035175879396984924,1.0,0.005025125628140704,1,1
20532002819,2022,ANCASH,2,0.08333333333333333,3,0.25022896167070713,0.010024999368702811,0.035175879396984924,0.6666666666666666,0.010050251256281407,1,2
20532033293,2022,ANCASH,1,0.041666666666666664,1,0.2392540072114656,0.010024999368702811,0.035175879396984924,1.0,0.005025125628140704,1,1
20533621768,2022,ANCASH,1,0.041666666666666664,1,0.2392540072114656,0.010024999368702811,0.035175879396984924,1.0,0.005025125628140704,1,1
20533675183,2022,ANCASH,1,0.041666666666666664,1,0.2392540072114656,0.010024999368702811,0.035175879396984924,1.0,0.005025125628140704,1,1
20533693327,2022,ANCASH,1,0.041666666666666664,1,0.2392540072114656,0.010024999368702811,0.035175879396984924,1.0,0.005025125628140704,1,1
20533729615,2022,ANCASH,1,0.041666666666666664,1,0.2392540072114656,0.010024999368702811,0.035175879396984924,1.0,0.005025125628140704,2,1
20533744509,2022,ANCASH,2,0.041666666666666664,2,0.2392540072114656,0.010024999368702811,0.035175879396984924,1.0,0.010050251256281407,1,1
20533751386,2022,ANCASH,1,0.041666666666666664,1,0.2392540072114656,0.010024999368702811,0.035175879396984924,1.0,0.005025125628140704,2,1
20533788891,2022,ANCASH,1,0.041666666666666664,1,0.2392540072114656,0.010024999368702811,0.035175879396984924,1.0,0.005025125628140704,2,1
20533974415,2022,ANCASH,2,0.041666666666666664,2,0.2392540072114656,0.010024999368702811,0.035175879396984924,1.0,0.010050251256281407,1,2
20534010151,2022,ANCASH,1,0.041666666666666664,1,0.2392540072114656,0.010024999368702811,0.035175879396984924,1.0,0.005025125628140704,1,1
20534013923,2022,ANCASH,2,0.041666666666666664,2,0.2392540072114656,0.010024999368702811,0.035175879396984924,1.0,0.010050251256281407,2,2
20534016949,2022,ANCASH,1,0.041666666666666664,1,0.2392540072114656,0.010024999368702811,0.035175879396984924,1.0,0.005025125628140704,1,3
20534022914,2022,ANCASH,1,0.041666666666666664,1,0.2392540072114656,0.010024999368702811,0.035175879396984924,1.0,0.005025125628140704,1,1
20534027126,2022,ANCASH,1,0.041666666666666664,1,0.2392540072114656,0.010024999368702811,0.035175879396984924,1.0,0.005025125628140704,2,1
20534040068,2022,ANCASH,1,0.041666666666666664,1,0.2392540072114656,0.010024999368702811,0.035175879396984924,1.0,0.005025125628140704,1,1
20534098732,2022,ANCASH,1,0.041666666666666664,1,0.2392540072114656,0.010024999368702811,0.035175879396984924,1.0,0.005025125628140704,1,1
20534121734,2022,ANCASH,1,0.041666666666666664,1,0.2392540072114656,0.010024999368702811,0.035175879396984924,1.0,0.005025125628140704,1,1
20534145757,2022,ANCASH,1,0.041666666666666664,1,0.2392540072114656,0.010024999368702811,0.035175879396984924,1.0,0.005025125628140704,1,1
20534157500,2022,ANCASH,2,0.041666666666666664,2,0.2392540072114656,0.010024999368702811,0.035175879396984924,1.0,0.010050251256281407,1,1
20534158069,2022,ANCASH,2,0.041666666666666664,2,0.2392540072114656,0.010024999368702811,0.035175879396984924,1.0,0.010050251256281407,2,1
20534166240,2022,ANCASH,1,0.041666666666666664,1,0.2392540072114656,0.010024999368702811,0.035175879396984924,1.0,0.005025125628140704,2,5
20534489685,2022,ANCASH,2,0.041666666666666664,2,0.2392540072114656,0.010024999368702811,0.035175879396984924,1.0,0.010050251256281407,1,1
20539979885,2022,ANCASH,1,0.041666666666666664,1,0.2392540072114656,0.010024999368702811,0.035175879396984924,1.0,0.005025125628140704,1,1
20541616382,2022,ANCASH,1,0.041666666666666664,1,0.2392540072114656,0.010024999368702811,0.035175879396984924,1.0,0.005025125628140704,1,1
20541769537,2022,ANCASH,1,0.041666666666666664,1,0.2392540072114656,0.010024999368702811,0.035175879396984924,1.0,0.005025125628140704,1,1
20542049228,2022,ANCASH,7,0.08333333333333333,8,0.2424440606409518,0.010024999368702811,0.035175879396984924,0.875,0.035175879396984924,2,2
20542073013,2022,ANCASH,1,0.041666666666666664,1,0.2392540072114656,0.010024999368702811,0.035175879396984924,1.0,0.005025125628140704,1,1
20542083329,2022,ANCASH,2,0.041666666666666664,2,0.2392540072114656,0.010024999368702811,0.035175879396984924,1.0,0.010050251256281407,1,1
20542149362,2022,ANCASH,1,0.041666666666666664,1,0.2392540072114656,0.010024999368702811,0.035175879396984924,1.0,0.005025125628140704,1,1
20542191059,2022,ANCASH,2,0.08333333333333333,3,0.2711228312336688,0.010024999368702811,0.035175879396984924,0.6666666666666666,0.010050251256281407,2,4
20542438984,2022,ANCASH,1,0.041666666666666664,1,0.2392540072114656,0.010024999368702811,0.035175879396984924,1.0,0.005025125628140704,2,1
20549761608,2022,ANCASH,1,0.041666666666666664,1,0.2392540072114656,0.010024999368702811,0.035175879396984924,1.0,0.005025125628140704,2,1
20568223307,2022,ANCASH,1,0.041666666666666664,1,0.2392540072114656,0.010024999368702811,0.035175879396984924,1.0,0.005025125628140704,1,2
20569181756,2022,ANCASH,3,0.041666666666666664,3,0.2392540072114656,0.010024999368702811,0.035175879396984924,1.0,0.01507537688442211,2,1
20571131464,2022,ANCASH,3,0.041666666666666664,3,0.2392540072114656,0.010024999368702811,0.035175879396984924,1.0,0.01507537688442211,1,1
20571135885,2022,ANCASH,1,0.08333333333333333,2,0.24977066686911242,0.010024999368702811,0.035175879396984924,0.5,0.005025125628140704,2,3
20571153867,2022,ANCASH,2,0.041666666666666664,2,0.2392540072114656,0.010024999368702811,0.035175879396984924,1.0,0.010050251256281407,1,1
20571184151,2022,ANCASH,1,0.041666666666666664,1,0.2392540072114656,0.010024999368702811,0.035175879396984924,1.0,0.005025125628140704,3,1
20571250552,2022,ANCASH,1,0.041666666666666664,1,0.2392540072114656,0.010024999368702811,0.035175879396984924,1.0,0.005025125628140704,2,1
20571273501,2022,ANCASH,2,0.041666666666666664,2,0.2392540072114656,0.010024999368702811,0.035175879396984924,1.0,0.010050251256281407,1,1
20571309891,2022,ANCASH,3,0.041666666666666664,3,0.2392540072114656,0.010024999368702811,0.035175879396984924,1.0,0.01507537688442211,2,1
20571395283,2022,ANCASH,4,0.041666666666666664,4,0.2392540072114656,0.010024999368702811,0.035175879396984924,1.0,0.020100502512562814,2,5
20571395364,2022,ANCASH,1,0.041666666666666664,1,0.2392540072114656,0.010024999368702811,0.035175879396984924,1.0,0.005025125628140704,2,2
20571420067,2022,ANCASH,3,0.041666666666666664,3,0.2392540072114656,0.010024999368702811,0.035175879396984924,1.0,0.01507537688442211,1,2
20600044207,2022,ANCASH,1,0.08333333333333333,2,0.2420138138607549,0.010024999368702811,0.035175879396984924,0.5,0.005025125628140704,1,2
20600095936,2022,ANCASH,2,0.041666666666666664,2,0.2392540072114656,0.010024999368702811,0.035175879396984924,1.0,0.010050251256281407,1,1
20600140893,2022,ANCASH,1,0.041666666666666664,1,0.2392540072114656,0.010024999368702811,0.035175879396984924,1.0,0.005025125628140704,1,2
20600180771,2022,ANCASH,1,0.08333333333333333,2,0.24094484825182932,0.010024999368702811,0.035175879396984924,0.5,0.005025125628140704,1,3
20600194420,2022,ANCASH,1,0.041666666666666664,1,0.2392540072114656,0.010024999368702811,0.035175879396984924,1.0,0.005025125628140704,1,1
20600253027,2022,ANCASH,1,0.041666666666666664,1,0.2392540072114656,0.010024999368702811,0.035175879396984924,1.0,0.005025125628140704,1,1
20600285956,2022,ANCASH,1,0.041666666666666664,1,0.2392540072114656,0.010024999368702811,0.035175879396984924,1.0,0.005025125628140704,1,1
20600309481,2022,ANCASH,1,0.041666666666666664,1,0.2392540072114656,0.010024999368702811,0.035175879396984924,1.0,0.005025125628140704,1,1
20600403207,2022,ANCASH,1,0.041666666666666664,1,0.2392540072114656,0.010024999368702811,0.035175879396984924,1.0,0.005025125628140704,2,1
20600454693,2022,ANCASH,1,0.041666666666666664,1,0.2392540072114656,0.010024999368702811,0.035175879396984924,1.0,0.005025125628140704,1,1
20600459211,2022,ANCASH,1,0.041666666666666664,1,0.2392540072114656,0.010024999368702811,0.035175879396984924,1.0,0.005025125628140704,1,1
20600683650,2022,ANCASH,1,0.08333333333333333,2,0.25254589650099146,0.010024999368702811,0.035175879396984924,0.5,0.005025125628140704,2,3
20600770226,2022,ANCASH,1,0.041666666666666664,1,0.2392540072114656,0.010024999368702811,0.035175879396984924,1.0,0.005025125628140704,2,1
20600805348,2022,ANCASH,1,0.041666666666666664,1,0.2392540072114656,0.010024999368702811,0.035175879396984924,1.0,0.005025125628140704,1,1
20601050987,2022,ANCASH,1,0.041666666666666664,1,0.2392540072114656,0.010024999368702811,0.035175879396984924,1.0,0.005025125628140704,1,1
20601485088,2022,ANCASH,3,0.041666666666666664,3,0.2392540072114656,0.010024999368702811,0.035175879396984924,1.0,0.01507537688442211,1,1
20601568561,2022,ANCASH,2,0.041666666666666664,2,0.2392540072114656,0.010024999368702811,0.035175879396984924,1.0,0.010050251256281407,2,1
20601649161,2022,ANCASH,1,0.08333333333333333,2,0.2711228312336688,0.010024999368702811,0.035175879396984924,0.5,0.005025125628140704,1,2
20601994322,2022,ANCASH,1,0.041666666666666664,1,0.2392540072114656,0.010024999368702811,0.035175879396984924,1.0,0.005025125628140704,1,1
20602002285,2022,ANCASH,1,0.041666666666666664,1,0.2392540072114656,0.010024999368702811,0.035175879396984924,1.0,0.005025125628140704,1,1
20602406939,2022,ANCASH,1,0.041666666666666664,1,0.2392540072114656,0.010024999368702811,0.035175879396984924,1.0,0.005025125628140704,1,1
20602691528,2022,ANCASH,1,0.041666666666666664,1,0.2392540072114656,0.010024999368702811,0.035175879396984924,1.0,0.005025125628140704,1,1
20602797016,2022,ANCASH,1,0.041666666666666664,1,0.2392540072114656,0.010024999368702811,0.035175879396984924,1.0,0.005025125628140704,1,2
20603096763,2022,ANCASH,1,0.041666666666666664,1,0.2392540072114656,0.010024999368702811,0.035175879396984924,1.0,0.005025125628140704,1,1
20603321309,2022,ANCASH,1,0.041666666666666664,1,0.2392540072114656,0.010024999368702811,0.035175879396984924,1.0,0.005025125628140704,2,1
20603354185,2022,ANCASH,2,0.041666666666666664,2,0.2392540072114656,0.010024999368702811,0.035175879396984924,1.0,0.010050251256281407,1,1
20603373945,2022,ANCASH,1,0.041666666666666664,1,0.2392540072114656,0.010024999368702811,0.035175879396984924,1.0,0.005025125628140704,1,1
20603432224,2022,ANCASH,1,0.041666666666666664,1,0.2392540072114656,0.010024999368702811,0.035175879396984924,1.0,0.005025125628140704,1,1
20604129240,2022,ANCASH,1,0.041666666666666664,1,0.2392540072114656,0.010024999368702811,0.035175879396984924,1.0,0.005025125628140704,1,1
20604155828,2022,ANCASH,1,0.041666666666666664,1,0.2392540072114656,0.010024999368702811,0.035175879396984924,1.0,0.005025125628140704,1,1
20604803595,2022,ANCASH,1,0.041666666666666664,1,0.2392540072114656,0.010024999368702811,0.035175879396984924,1.0,0.005025125628140704,1,1
20605106910,2022,ANCASH,1,0.041666666666666664,1,0.2392540072114656,0.010024999368702811,0.035175879396984924,1.0,0.005025125628140704,1,1
20605233083,2022,ANCASH,2,0.041666666666666664,2,0.2392540072114656,0.010024999368702811,0.035175879396984924,1.0,0.010050251256281407,1,1
20605308423,2022,ANCASH,2,0.041666666666666664,2,0.2392540072114656,0.010024999368702811,0.035175879396984924,1.0,0.010050251256281407,1,1
20605432477,2022,ANCASH,1,0.041666666666666664,1,0.2392540072114656,0.010024999368702811,0.035175879396984924,1.0,0.005025125628140704,1,1
20607764621,2022,ANCASH,1,0.041666666666666664,1,0.2392540072114656,0.010024999368702811,0.035175879396984924,1.0,0.005025125628140704,1,1
20607925136,2022,ANCASH,1,0.041666666666666664,1,0.2392540072114656,0.010024999368702811,0.035175879396984924,1.0,0.005025125628140704,1,1
20607977454,2022,ANCASH,1,0.041666666666666664,1,0.2392540072114656,0.010024999368702811,0.035175879396984924,1.0,0.005025125628140704,1,1
20608495267,2022,ANCASH,1,0.041666666666666664,1,0.2392540072114656,0.010024999368702811,0.035175879396984924,1.0,0.005025125628140704,2,1
20608582801,2022,ANCASH,1,0.041666666666666664,1,0.2392540072114656,0.010024999368702811,0.035175879396984924,1.0,0.005025125628140704,1,1
20609991969,2022,ANCASH,1,0.041666666666666664,1,0.2392540072114656,0.010024999368702811,0.035175879396984924,1.0,0.005025125628140704,1,1
20527814261,2022,APURIMAC,1,0.041666666666666664,1,0.0023028209556706964,0.5,0.5,1.0,0.5,1,1
20564340384,2022,APURIMAC,1,0.041666666666666664,1,0.0023028209556706964,0.5,0.5,1.0,0.5,1,1
20101884407,2022,AREQUIPA,1,0.08333333333333333,2,0.17132510566650175,0.12000000000000002,0.2,0.5,0.1,1,2
20447714036,2022,AREQUIPA,1,0.041666666666666664,1,0.12715597586063906,0.12000000000000002,0.2,1.0,0.1,1,1
20447909716,2022,AREQUIPA,1,0.041666666666666664,1,0.12715597586063906,0.12000000000000002,0.2,1.0,0.1,1,1
20454785992,2022,AREQUIPA,1,0.041666666666666664,1,0.12715597586063906,0.12000000000000002,0.2,1.0,0.1,1,1
20456315918,2022,AREQUIPA,1,0.041666666666666664,1,0.12715597586063906,0.12000000000000002,0.2,1.0,0.1,1,1
20551773923,2022,AREQUIPA,1,0.041666666666666664,1,0.12715597586063906,0.12000000000000002,0.2,1.0,0.1,1,1
20571505488,2022,AREQUIPA,1,0.041666666666666664,1,0.12715597586063906,0.12000000000000002,0.2,1.0,0.1,1,2
20574662517,2022,AREQUIPA,1,0.041666666666666664,1,0.12715597586063906,0.12000000000000002,0.2,1.0,0.1,1,1
20604675198,2022,AREQUIPA,2,0.041666666666666664,2,0.12715597586063906,0.12000000000000002,0.2,1.0,0.2,1,1
20102008066,2022,AYACUCHO,1,0.041666666666666664,1,0.1995241903592325,0.058823529411764705,0.058823529411764705,1.0,0.058823529411764705,1,1
20144691173,2022,AYACUCHO,1,0.125,3,0.2757831832366742,0.058823529411764705,0.058823529411764705,0.3333333333333333,0.058823529411764705,1,3
20489517320,2022,AYACUCHO,1,0.08333333333333333,2,0.21143377381478357,0.058823529411764705,0.058823529411764705,0.5,0.058823529411764705,1,2
20489536979,2022,AYACUCHO,1,0.125,5,0.21663984767360667,0.058823529411764705,0.058823529411764705,0.2,0.058823529411764705,1,4
20494226287,2022,AYACUCHO,1,0.041666666666666664,1,0.1995241903592325,0.058823529411764705,0.058823529411764705,1.0,0.058823529411764705,1,1
20494397090,2022,AYACUCHO,1,0.041666666666666664,1,0.1995241903592325,0.058823529411764705,0.058823529411764705,1.0,0.058823529411764705,1,2
20517562158,2022,AYACUCHO,1,0.08333333333333333,3,0.20964609394394376,0.058823529411764705,0.058823529411764705,0.3333333333333333,0.058823529411764705,1,3
20517623394,2022,AYACUCHO,1,0.125,4,0.21527195597558862,0.058823529411764705,0.058823529411764705,0.25,0.058823529411764705,1,4
20527026238,2022,AYACUCHO,1,0.041666666666666664,1,0.1995241903592325,0.058823529411764705,0.058823529411764705,1.0,0.058823529411764705,1,1
20528917951,2022,AYACUCHO,1,0.08333333333333333,3,0.20900350055254469,0.058823529411764705,0.058823529411764705,0.3333333333333333,0.058823529411764705,1,3
20534576146,2022,AYACUCHO,1,0.041666666666666664,1,0.1995241903592325,0.058823529411764705,0.058823529411764705,1.0,0.058823529411764705,1,1
20534604701,2022,AYACUCHO,1,0.041666666666666664,1,0.1995241903592325,0.058823529411764705,0.058823529411764705,1.0,0.058823529411764705,1,1
20534714981,2022,AYACUCHO,1,0.041666666666666664,1,0.1995241903592325,0.058823529411764705,0.058823529411764705,1.0,0.058823529411764705,1,1
20574605980,2022,AYACUCHO,1,0.041666666666666664,1,0.1995241903592325,0.058823529411764705,0.058823529411764705,1.0,0.058823529411764705,1,1
20574750301,2022,AYACUCHO,1,0.08333333333333333,2,0.21143377381478357,0.058823529411764705,0.058823529411764705,0.5,0.058823529411764705,1,2
20600239598,2022,AYACUCHO,1,0.041666666666666664,1,0.1995241903592325,0.058823529411764705,0.058823529411764705,1.0,0.058823529411764705,1,1
20601143021,2022,AYACUCHO,1,0.08333333333333333,2,0.21143377381478357,0.058823529411764705,0.058823529411764705,0.5,0.058823529411764705,1,2
20355337619,2022,CAJAMARCA,1,0.08333333333333333,2,0.19981653349528997,0.08163265306122448,0.14285714285714285,0.5,0.07142857142857142,1,2
20439586665,2022,CAJAMARCA,1,0.041666666666666664,1,0.17665127475457953,0.08163265306122448,0.14285714285714285,1.0,0.07142857142857142,1,1
20453649840,2022,CAJAMARCA,1,0.041666666666666664,1,0.17665127475457953,0.08163265306122448,0.14285714285714285,1.0,0.07142857142857142,1,3
20495751229,2022,CAJAMARCA,1,0.041666666666666664,1,0.17665127475457953,0.08163265306122448,0.14285714285714285,1.0,0.07142857142857142,2,1
20495865747,2022,CAJAMARCA,1,0.041666666666666664,1,0.17665127475457953,0.08163265306122448,0.14285714285714285,1.0,0.07142857142857142,2,2
20495999352,2022,CAJAMARCA,2,0.041666666666666664,2,0.17665127475457953,0.08163265306122448,0.14285714285714285,1.0,0.14285714285714285,1,1
20529626330,2022,CAJAMARCA,1,0.041666666666666664,1,0.17665127475457953,0.08163265306122448,0.14285714285714285,1.0,0.07142857142857142,1,1
20529698918,2022,CAJAMARCA,1,0.08333333333333333,2,0.19981653349528997,0.08163265306122448,0.14285714285714285,0.5,0.07142857142857142,1,3
20535757811,2022,CAJAMARCA,1,0.041666666666666664,1,0.17665127475457953,0.08163265306122448,0.14285714285714285,1.0,0.07142857142857142,1,1
20554659242,2022,CAJAMARCA,1,0.041666666666666664,1,0.17665127475457953,0.08163265306122448,0.14285714285714285,1.0,0.07142857142857142,1,1
20560107006,2022,CAJAMARCA,1,0.041666666666666664,1,0.17665127475457953,0.08163265306122448,0.14285714285714285,1.0,0.07142857142857142,1,1
20600044207,2022,CAJAMARCA,1,0.08333333333333333,2,0.2420138138607549,0.08163265306122448,0.14285714285714285,0.5,0.07142857142857142,1,2
20601525594,2022,CAJAMARCA,1,0.041666666666666664,1,0.17665127475457953,0.08163265306122448,0.14285714285714285,1.0,0.07142857142857142,1,1
10086203753,2022,CALLAO,1,0.041666666666666664,1,0.18954104810359335,0.05668934240362811,0.09523809523809523,1.0,0.047619047619047616,1,1
10232487149,2022,CALLAO,1,0.041666666666666664,1,0.18954104810359335,0.05668934240362811,0.09523809523809523,1.0,0.047619047619047616,1,1
20173126345,2022,CALLAO,1,0.041666666666666664,1,0.18954104810359335,0.05668934240362811,0.09523809523809523,1.0,0.047619047619047616,1,1
20232650444,2022,CALLAO,1,0.125,3,0.20461332949817765,0.05668934240362811,0.09523809523809523,0.3333333333333333,0.047619047619047616,1,5
20379560742,2022,CALLAO,1,0.041666666666666664,1,0.18954104810359335,0.05668934240362811,0.09523809523809523,1.0,0.047619047619047616,1,1
20451738284,2022,CALLAO,1,0.041666666666666664,1,0.18954104810359335,0.05668934240362811,0.09523809523809523,1.0,0.047619047619047616,1,1
20478169559,2022,CALLAO,2,0.041666666666666664,2,0.18954104810359335,0.05668934240362811,0.09523809523809523,1.0,0.09523809523809523,1,1
20486960401,2022,CALLAO,1,0.16666666666666666,4,0.27085359306958373,0.05668934240362811,0.09523809523809523,0.25,0.047619047619047616,1,6
20493043073,2022,CALLAO,2,0.041666666666666664,2,0.18954104810359335,0.05668934240362811,0.09523809523809523,1.0,0.09523809523809523,2,1
20501581951,2022,CALLAO,1,0.041666666666666664,1,0.18954104810359335,0.05668934240362811,0.09523809523809523,1.0,0.047619047619047616,1,1
20503953839,2022,CALLAO,1,0.041666666666666664,1,0.18954104810359335,0.05668934240362811,0.09523809523809523,1.0,0.047619047619047616,1,1
20508794968,2022,CALLAO,1,0.041666666666666664,1,0.18954104810359335,0.05668934240362811,0.09523809523809523,1.0,0.047619047619047616,1,1
20517623394,2022,CALLAO,1,0.125,4,0.21527195597558862,0.05668934240362811,0.09523809523809523,0.25,0.047619047619047616,1,4
20547097069,2022,CALLAO,1,0.125,3,0.22247109969092235,0.05668934240362811,0.09523809523809523,0.3333333333333333,0.047619047619047616,1,5
20553453845,2022,CALLAO,1,0.041666666666666664,1,0.18954104810359335,0.05668934240362811,0.09523809523809523,1.0,0.047619047619047616,1,1
20553668027,2022,CALLAO,1,0.041666666666666664,1,0.18954104810359335,0.05668934240362811,0.09523809523809523,1.0,0.047619047619047616,1,1
20600655095,2022,CALLAO,1,0.041666666666666664,1,0.18954104810359335,0.05668934240362811,0.09523809523809523,1.0,0.047619047619047616,1,1
20603613474,2022,CALLAO,1,0.041666666666666664,1,0.18954104810359335,0.05668934240362811,0.09523809523809523,1.0,0.047619047619047616,1,1
20607284033,2022,CALLAO,1,0.041666666666666664,1,0.18954104810359335,0.05668934240362811,0.09523809523809523,1.0,0.047619047619047616,1,1
20451624432,2022,CUSCO,1,0.041666666666666664,1,0.12727464686004236,0.25259515570934254,0.47058823529411764,1.0,0.058823529411764705,1,1
20452440912,2022,CUSCO,1,0.08333333333333333,2,0.17143278957955427,0.25259515570934254,0.47058823529411764,0.5,0.058823529411764705,1,2
20490197771,2022,CUSCO,1,0.041666666666666664,1,0.12727464686004236,0.25259515570934254,0.47058823529411764,1.0,0.058823529411764705,1,1
20494299161,2022,CUSCO,1,0.041666666666666664,1,0.12727464686004236,0.25259515570934254,0.47058823529411764,1.0,0.058823529411764705,1,1
20523071042,2022,CUSCO,1,0.041666666666666664,1,0.12727464686004236,0.25259515570934254,0.47058823529411764,1.0,0.058823529411764705,1,2
20525716342,2022,CUSCO,8,0.041666666666666664,8,0.12727464686004236,0.25259515570934254,0.47058823529411764,1.0,0.47058823529411764,1,1
20527164207,2022,CUSCO,1,0.041666666666666664,1,0.12727464686004236,0.25259515570934254,0.47058823529411764,1.0,0.058823529411764705,2,1
20564059171,2022,CUSCO,1,0.041666666666666664,1,0.12727464686004236,0.25259515570934254,0.47058823529411764,1.0,0.058823529411764705,1,1
20601338361,2022,CUSCO,1,0.041666666666666664,1,0.12727464686004236,0.25259515570934254,0.47058823529411764,1.0,0.058823529411764705,1,1
20601665591,2022,CUSCO,1,0.041666666666666664,1,0.12727464686004236,0.25259515570934254,0.47058823529411764,1.0,0.058823529411764705,1,1
20335343701,2022,HUANCAVELICA,1,0.041666666666666664,1,0.17495161527971187,0.10743801652892562,0.18181818181818182,1.0,0.09090909090909091,1,2
20392986601,2022,HUANCAVELICA,1,0.041666666666666664,1,0.17495161527971187,0.10743801652892562,0.18181818181818182,1.0,0.09090909090909091,1,1
20486960401,2022,HUANCAVELICA,1,0.16666666666666666,4,0.27085359306958373,0.10743801652892562,0.18181818181818182,0.25,0.09090909090909091,1,6
20486974886,2022,HUANCAVELICA,2,0.041666666666666664,2,0.17495161527971187,0.10743801652892562,0.18181818181818182,1.0,0.18181818181818182,2,1
20506003351,2022,HUANCAVELICA,1,0.08333333333333333,2,0.24094484825182932,0.10743801652892562,0.18181818181818182,0.5,0.09090909090909091,1,4
20568355041,2022,HUANCAVELICA,1,0.041666666666666664,1,0.17495161527971187,0.10743801652892562,0.18181818181818182,1.0,0.09090909090909091,2,1
20600180771,2022,HUANCAVELICA,1,0.08333333333333333,2,0.24094484825182932,0.10743801652892562,0.18181818181818182,0.5,0.09090909090909091,2,3
20601593476,2022,HUANCAVELICA,1,0.041666666666666664,1,0.17495161527971187,0.10743801652892562,0.18181818181818182,1.0,0.09090909090909091,1,1
20606820993,2022,HUANCAVELICA,1,0.041666666666666664,1,0.17495161527971187,0.10743801652892562,0.18181818181818182,1.0,0.09090909090909091,1,1
20608145088,2022,HUANCAVELICA,1,0.041666666666666664,1,0.17495161527971187,0.10743801652892562,0.18181818181818182,1.0,0.09090909090909091,1,1
20226217003,2022,HUANUCO,1,0.041666666666666664,1,0.18317633863067212,0.05246913580246913,0.1111111111111111,1.0,0.027777777777777776,2,2
20482474587,2022,HUANUCO,1,0.041666666666666664,1,0.18317633863067212,0.05246913580246913,0.1111111111111111,1.0,0.027777777777777776,1,1
20486834529,2022,HUANUCO,4,0.08333333333333333,5,0.20129119425909284,0.05246913580246913,0.1111111111111111,0.8,0.1111111111111111,1,2
20489532981,2022,HUANUCO,2,0.041666666666666664,2,0.18317633863067212,0.05246913580246913,0.1111111111111111,1.0,0.05555555555555555,1,4
20489536979,2022,HUANUCO,1,0.125,5,0.21663984767360667,0.05246913580246913,0.1111111111111111,0.2,0.027777777777777776,3,4
20489643627,2022,HUANUCO,1,0.041666666666666664,1,0.18317633863067212,0.05246913580246913,0.1111111111111111,1.0,0.027777777777777776,1,1
20489680310,2022,HUANUCO,1,0.041666666666666664,1,0.18317633863067212,0.05246913580246913,0.1111111111111111,1.0,0.027777777777777776,1,1
20489688647,2022,HUANUCO,1,0.041666666666666664,1,0.18317633863067212,0.05246913580246913,0.1111111111111111,1.0,0.027777777777777776,1,1
20510591829,2022,HUANUCO,2,0.041666666666666664,2,0.18317633863067212,0.05246913580246913,0.1111111111111111,1.0,0.05555555555555555,1,1
20528932321,2022,HUANUCO,1,0.041666666666666664,1,0.18317633863067212,0.05246913580246913,0.1111111111111111,1.0,0.027777777777777776,1,2
20529286997,2022,HUANUCO,1,0.041666666666666664,1,0.18317633863067212,0.05246913580246913,0.1111111111111111,1.0,0.027777777777777776,1,1
20531055722,2022,HUANUCO,2,0.08333333333333333,3,0.24977066686911242,0.05246913580246913,0.1111111111111111,0.6666666666666666,0.05555555555555555,1,2
20534004185,2022,HUANUCO,1,0.041666666666666664,1,0.18317633863067212,0.05246913580246913,0.1111111111111111,1.0,0.027777777777777776,1,2
20534013508,2022,HUANUCO,2,0.041666666666666664,2,0.18317633863067212,0.05246913580246913,0.1111111111111111,1.0,0.05555555555555555,2,1
20542408562,2022,HUANUCO,3,0.041666666666666664,3,0.18317633863067212,0.05246913580246913,0.1111111111111111,1.0,0.08333333333333333,1,1
20573078897,2022,HUANUCO,2,0.041666666666666664,2,0.18317633863067212,0.05246913580246913,0.1111111111111111,1.0,0.05555555555555555,2,1
20573140959,2022,HUANUCO,2,0.041666666666666664,2,0.18317633863067212,0.05246913580246913,0.1111111111111111,1.0,0.05555555555555555,1,1
20573320779,2022,HUANUCO,1,0.041666666666666664,1,0.18317633863067212,0.05246913580246913,0.1111111111111111,1.0,0.027777777777777776,1,1
20573333081,2022,HUANUCO,1,0.041666666666666664,1,0.18317633863067212,0.05246913580246913,0.1111111111111111,1.0,0.027777777777777776,2,2
20600013255,2022,HUANUCO,1,0.041666666666666664,1,0.18317633863067212,0.05246913580246913,0.1111111111111111,1.0,0.027777777777777776,1,1
20601263158,2022,HUANUCO,1,0.08333333333333333,2,0.2049207875440051,0.05246913580246913,0.1111111111111111,0.5,0.027777777777777776,2,2
20603194676,2022,HUANUCO,1,0.08333333333333333,2,0.20129119425909284,0.05246913580246913,0.1111111111111111,0.5,0.027777777777777776,1,2
20608077163,2022,HUANUCO,2,0.041666666666666664,2,0.18317633863067212,0.05246913580246913,0.1111111111111111,1.0,0.05555555555555555,2,3
20610153021,2022,HUANUCO,1,0.041666666666666664,1,0.18317633863067212,0.05246913580246913,0.1111111111111111,1.0,0.027777777777777776,1,1
20261295246,2022,ICA,1,0.041666666666666664,1,0.1875856727792784,0.043158861340679526,0.06060606060606061,1.0,0.030303030303030304,1,4
20268887785,2022,ICA,1,0.08333333333333333,2,0.20129119425909284,0.043158861340679526,0.06060606060606061,0.5,0.030303030303030304,1,2
20367759551,2022,ICA,1,0.041666666666666664,1,0.1875856727792784,0.043158861340679526,0.06060606060606061,1.0,0.030303030303030304,2,1
20445575411,2022,ICA,1,0.041666666666666664,1,0.1875856727792784,0.043158861340679526,0.06060606060606061,1.0,0.030303030303030304,1,2
20452371414,2022,ICA,1,0.041666666666666664,1,0.1875856727792784,0.043158861340679526,0.06060606060606061,1.0,0.030303030303030304,1,1
20452457726,2022,ICA,1,0.041666666666666664,1,0.1875856727792784,0.043158861340679526,0.06060606060606061,1.0,0.030303030303030304,2,1
20452468418,2022,ICA,1,0.041666666666666664,1,0.1875856727792784,0.043158861340679526,0.06060606060606061,1.0,0.030303030303030304,2,1
20485988468,2022,ICA,1,0.041666666666666664,1,0.1875856727792784,0.043158861340679526,0.06060606060606061,1.0,0.030303030303030304,1,1
20486753791,2022,ICA,2,0.041666666666666664,2,0.1875856727792784,0.043158861340679526,0.06060606060606061,1.0,0.06060606060606061,1,1
20494263484,2022,ICA,2,0.041666666666666664,2,0.1875856727792784,0.043158861340679526,0.06060606060606061,1.0,0.06060606060606061,2,1
20495031137,2022,ICA,1,0.041666666666666664,1,0.1875856727792784,0.043158861340679526,0.06060606060606061,1.0,0.030303030303030304,1,2
20508326433,2022,ICA,2,0.041666666666666664,2,0.1875856727792784,0.043158861340679526,0.06060606060606061,1.0,0.06060606060606061,2,1
20510711824,2022,ICA,1,0.041666666666666664,1,0.1875856727792784,0.043158861340679526,0.06060606060606061,1.0,0.030303030303030304,2,1
20514444341,2022,ICA,1,0.041666666666666664,1,0.1875856727792784,0.043158861340679526,0.06060606060606061,1.0,0.030303030303030304,1,1
20517562158,2022,ICA,2,0.08333333333333333,3,0.20964609394394376,0.043158861340679526,0.06060606060606061,0.6666666666666666,0.06060606060606061,1,3
20523386469,2022,ICA,1,0.125,4,0.2127531733393688,0.043158861340679526,0.06060606060606061,0.25,0.030303030303030304,1,4
20531659075,2022,ICA,1,0.041666666666666664,1,0.1875856727792784,0.043158861340679526,0.06060606060606061,1.0,0.030303030303030304,1,1
20532002819,2022,ICA,1,0.08333333333333333,3,0.25022896167070713,0.043158861340679526,0.06060606060606061,0.3333333333333333,0.030303030303030304,1,2
20534393572,2022,ICA,1,0.041666666666666664,1,0.1875856727792784,0.043158861340679526,0.06060606060606061,1.0,0.030303030303030304,1,1
20534749008,2022,ICA,1,0.041666666666666664,1,0.1875856727792784,0.043158861340679526,0.06060606060606061,1.0,0.030303030303030304,1,1
20536704231,2022,ICA,1,0.08333333333333333,2,0.20143985836120443,0.043158861340679526,0.06060606060606061,0.5,0.030303030303030304,1,2
20537169207,2022,ICA,2,0.041666666666666664,2,0.1875856727792784,0.043158861340679526,0.06060606060606061,1.0,0.06060606060606061,1,3
20547282559,2022,ICA,2,0.041666666666666664,2,0.1875856727792784,0.043158861340679526,0.06060606060606061,1.0,0.06060606060606061,1,2
20600472233,2022,ICA,2,0.041666666666666664,2,0.1875856727792784,0.043158861340679526,0.06060606060606061,1.0,0.06060606060606061,2,1
20600689020,2022,ICA,1,0.041666666666666664,1,0.1875856727792784,0.043158861340679526,0.06060606060606061,1.0,0.030303030303030304,1,1
20602258395,2022,ICA,1,0.041666666666666664,1,0.1875856727792784,0.043158861340679526,0.06060606060606061,1.0,0.030303030303030304,1,1
20101884407,2022,JUNIN,1,0.08333333333333333,2,0.17132510566650175,0.07407407407407407,0.16666666666666666,0.5,0.05555555555555555,1,2
20452440912,2022,JUNIN,1,0.08333333333333333,2,0.17143278957955427,0.07407407407407407,0.16666666666666666,0.5,0.05555555555555555,1,2
20486573113,2022,JUNIN,1,0.041666666666666664,1,0.17036200388574066,0.07407407407407407,0.16666666666666666,1.0,0.05555555555555555,3,1
20486975939,2022,JUNIN,1,0.08333333333333333,2,0.2156123068941271,0.07407407407407407,0.16666666666666666,0.5,0.05555555555555555,1,2
20489517320,2022,JUNIN,1,0.08333333333333333,2,0.21143377381478357,0.07407407407407407,0.16666666666666666,0.5,0.05555555555555555,1,2
20501430669,2022,JUNIN,1,0.041666666666666664,1,0.17036200388574066,0.07407407407407407,0.16666666666666666,1.0,0.05555555555555555,1,2
20514014419,2022,JUNIN,1,0.041666666666666664,1,0.17036200388574066,0.07407407407407407,0.16666666666666666,1.0,0.05555555555555555,1,1
20529104988,2022,JUNIN,1,0.041666666666666664,1,0.17036200388574066,0.07407407407407407,0.16666666666666666,1.0,0.05555555555555555,2,1
20547097069,2022,JUNIN,1,0.125,3,0.22247109969092235,0.07407407407407407,0.16666666666666666,0.3333333333333333,0.05555555555555555,1,5
20574732400,2022,JUNIN,1,0.041666666666666664,1,0.17036200388574066,0.07407407407407407,0.16666666666666666,1.0,0.05555555555555555,2,1
20574750301,2022,JUNIN,1,0.08333333333333333,2,0.21143377381478357,0.07407407407407407,0.16666666666666666,0.5,0.05555555555555555,1,2
20600192087,2022,JUNIN,1,0.041666666666666664,1,0.17036200388574066,0.07407407407407407,0.16666666666666666,1.0,0.05555555555555555,1,1
20600696654,2022,JUNIN,1,0.041666666666666664,1,0.17036200388574066,0.07407407407407407,0.16666666666666666,1.0,0.05555555555555555,2,1
20601143021,2022,JUNIN,1,0.08333333333333333,2,0.21143377381478357,0.07407407407407407,0.16666666666666666,0.5,0.05555555555555555,1,2
20602371442,2022,JUNIN,3,0.08333333333333333,4,0.1725171209494439,0.07407407407407407,0.16666666666666666,0.75,0.16666666666666666,1,2
20603476400,2022,JUNIN,1,0.125,4,0.2261605043292461,0.07407407407407407,0.16666666666666666,0.25,0.05555555555555555,1,5
20144691173,2022,LA LIBERTAD,1,0.125,3,0.2757831832366742,0.030245746691871453,0.06521739130434782,0.3333333333333333,0.021739130434782608,2,3
20205328662,2022,LA LIBERTAD,1,0.041666666666666664,1,0.1980752129419541,0.030245746691871453,0.06521739130434782,1.0,0.021739130434782608,2,2
20326387593,2022,LA LIBERTAD,2,0.041666666666666664,2,0.1980752129419541,0.030245746691871453,0.06521739130434782,1.0,0.043478260869565216,1,1
20355337619,2022,LA LIBERTAD,1,0.08333333333333333,2,0.19981653349528997,0.030245746691871453,0.06521739130434782,0.5,0.021739130434782608,2,2
20397595782,2022,LA LIBERTAD,1,0.041666666666666664,1,0.1980752129419541,0.030245746691871453,0.06521739130434782,1.0,0.021739130434782608,1,1
20440439129,2022,LA LIBERTAD,1,0.041666666666666664,1,0.1980752129419541,0.030245746691871453,0.06521739130434782,1.0,0.021739130434782608,1,2
20461642706,2022,LA LIBERTAD,1,0.041666666666666664,1,0.1980752129419541,0.030245746691871453,0.06521739130434782,1.0,0.021739130434782608,1,1
20477304908,2022,LA LIBERTAD,2,0.041666666666666664,2,0.1980752129419541,0.030245746691871453,0.06521739130434782,1.0,0.043478260869565216,1,1
20477458883,2022,LA LIBERTAD,2,0.041666666666666664,2,0.1980752129419541,0.030245746691871453,0.06521739130434782,1.0,0.043478260869565216,2,1
20481188955,2022,LA LIBERTAD,1,0.041666666666666664,1,0.1980752129419541,0.030245746691871453,0.06521739130434782,1.0,0.021739130434782608,1,1
20481456712,2022,LA LIBERTAD,1,0.041666666666666664,1,0.1980752129419541,0.030245746691871453,0.06521739130434782,1.0,0.021739130434782608,1,2
20481475342,2022,LA LIBERTAD,1,0.041666666666666664,1,0.1980752129419541,0.030245746691871453,0.06521739130434782,1.0,0.021739130434782608,2,1
20481561265,2022,LA LIBERTAD,2,0.041666666666666664,2,0.1980752129419541,0.030245746691871453,0.06521739130434782,1.0,0.043478260869565216,2,1
20481728062,2022,LA LIBERTAD,1,0.041666666666666664,1,0.1980752129419541,0.030245746691871453,0.06521739130434782,1.0,0.021739130434782608,1,1
20481791422,2022,LA LIBERTAD,1,0.041666666666666664,1,0.1980752129419541,0.030245746691871453,0.06521739130434782,1.0,0.021739130434782608,1,1
20481871027,2022,LA LIBERTAD,1,0.041666666666666664,1,0.1980752129419541,0.030245746691871453,0.06521739130434782,1.0,0.021739130434782608,2,1
20481966672,2022,LA LIBERTAD,1,0.041666666666666664,1,0.1980752129419541,0.030245746691871453,0.06521739130434782,1.0,0.021739130434782608,2,1
20482093354,2022,LA LIBERTAD,1,0.041666666666666664,1,0.1980752129419541,0.030245746691871453,0.06521739130434782,1.0,0.021739130434782608,1,1
20482247921,2022,LA LIBERTAD,1,0.041666666666666664,1,0.1980752129419541,0.030245746691871453,0.06521739130434782,1.0,0.021739130434782608,1,1
20482261168,2022,LA LIBERTAD,1,0.041666666666666664,1,0.1980752129419541,0.030245746691871453,0.06521739130434782,1.0,0.021739130434782608,1,1
20482644253,2022,LA LIBERTAD,1,0.041666666666666664,1,0.1980752129419541,0.030245746691871453,0.06521739130434782,1.0,0.021739130434782608,1,1
20482840516,2022,LA LIBERTAD,1,0.041666666666666664,1,0.1980752129419541,0.030245746691871453,0.06521739130434782,1.0,0.021739130434782608,1,1
20484228451,2022,LA LIBERTAD,1,0.041666666666666664,1,0.1980752129419541,0.030245746691871453,0.06521739130434782,1.0,0.021739130434782608,1,2
20494784450,2022,LA LIBERTAD,1,0.041666666666666664,1,0.1980752129419541,0.030245746691871453,0.06521739130434782,1.0,0.021739130434782608,1,2
20502322711,2022,LA LIBERTAD,1,0.041666666666666664,1,0.1980752129419541,0.030245746691871453,0.06521739130434782,1.0,0.021739130434782608,1,2
20523386469,2022,LA LIBERTAD,1,0.125,4,0.2127531733393688,0.030245746691871453,0.06521739130434782,0.25,0.021739130434782608,1,4
20529656751,2022,LA LIBERTAD,3,0.041666666666666664,3,0.1980752129419541,0.030245746691871453,0.06521739130434782,1.0,0.06521739130434782,3,1
20529698918,2022,LA LIBERTAD,1,0.08333333333333333,2,0.19981653349528997,0.030245746691871453,0.06521739130434782,0.5,0.021739130434782608,1,3
20530147127,2022,LA LIBERTAD,1,0.08333333333333333,2,0.20158874221808631,0.030245746691871453,0.06521739130434782,0.5,0.021739130434782608,1,2
20531309091,2022,LA LIBERTAD,1,0.041666666666666664,1,0.1980752129419541,0.030245746691871453,0.06521739130434782,1.0,0.021739130434782608,1,1
20538913571,2022,LA LIBERTAD,1,0.041666666666666664,1,0.1980752129419541,0.030245746691871453,0.06521739130434782,1.0,0.021739130434782608,1,1
20542191059,2022,LA LIBERTAD,1,0.08333333333333333,3,0.2711228312336688,0.030245746691871453,0.06521739130434782,0.3333333333333333,0.021739130434782608,1,4
20553792119,2022,LA LIBERTAD,1,0.041666666666666664,1,0.1980752129419541,0.030245746691871453,0.06521739130434782,1.0,0.021739130434782608,1,1
20600167571,2022,LA LIBERTAD,2,0.041666666666666664,2,0.1980752129419541,0.030245746691871453,0.06521739130434782,1.0,0.043478260869565216,1,1
20601226279,2022,LA LIBERTAD,1,0.041666666666666664,1,0.1980752129419541,0.030245746691871453,0.06521739130434782,1.0,0.021739130434782608,2,1
20601649161,2022,LA LIBERTAD,1,0.08333333333333333,2,0.2711228312336688,0.030245746691871453,0.06521739130434782,0.5,0.021739130434782608,1,2
20602206085,2022,LA LIBERTAD,1,0.041666666666666664,1,0.1980752129419541,0.030245746691871453,0.06521739130434782,1.0,0.021739130434782608,1,1
20603476400,2022,LA LIBERTAD,2,0.125,4,0.2261605043292461,0.030245746691871453,0.06521739130434782,0.5,0.043478260869565216,1,5
10166907271,2022,LAMBAYEQUE,1,0.041666666666666664,1,0.011675302245250433,0.0859375,0.125,1.0,0.0625,1,1
20230509353,2022,LAMBAYEQUE,2,0.041666666666666664,2,0.011675302245250433,0.0859375,0.125,1.0,0.125,1,1
20445576060,2022,LAMBAYEQUE,1,0.041666666666666664,1,0.011675302245250433,0.0859375,0.125,1.0,0.0625,1,1
20477366172,2022,LAMBAYEQUE,1,0.041666666666666664,1,0.011675302245250433,0.0859375,0.125,1.0,0.0625,1,3
20480403496,2022,LAMBAYEQUE,2,0.041666666666666664,2,0.011675302245250433,0.0859375,0.125,1.0,0.125,3,2
20480489196,2022,LAMBAYEQUE,1,0.041666666666666664,1,0.011675302245250433,0.0859375,0.125,1.0,0.0625,1,1
20481446326,2022,LAMBAYEQUE,1,0.041666666666666664,1,0.011675302245250433,0.0859375,0.125,1.0,0.0625,1,2
20487913791,2022,LAMBAYEQUE,1,0.041666666666666664,1,0.011675302245250433,0.0859375,0.125,1.0,0.0625,2,2
20487931854,2022,LAMBAYEQUE,1,0.041666666666666664,1,0.011675302245250433,0.0859375,0.125,1.0,0.0625,2,1
20509186961,2022,LAMBAYEQUE,1,0.041666666666666664,1,0.011675302245250433,0.0859375,0.125,1.0,0.0625,1,1
20545316561,2022,LAMBAYEQUE,1,0.041666666666666664,1,0.011675302245250433,0.0859375,0.125,1.0,0.0625,2,2
20561274968,2022,LAMBAYEQUE,2,0.041666666666666664,2,0.011675302245250433,0.0859375,0.125,1.0,0.125,2,1
20602922368,2022,LAMBAYEQUE,1,0.041666666666666664,1,0.011675302245250433,0.0859375,0.125,1.0,0.0625,2,1
10076160312,2022,LIMA,1,0.041666666666666664,1,0.16273840585982746,0.04296875,0.09375,1.0,0.03125,1,1
10103454731,2022,LIMA,3,0.041666666666666664,3,0.16273840585982746,0.04296875,0.09375,1.0,0.09375,1,1
20231662244,2022,LIMA,1,0.041666666666666664,1,0.16273840585982746,0.04296875,0.09375,1.0,0.03125,2,1
20393675480,2022,LIMA,1,0.041666666666666664,1,0.16273840585982746,0.04296875,0.09375,1.0,0.03125,1,3
20407917104,2022,LIMA,1,0.041666666666666664,1,0.16273840585982746,0.04296875,0.09375,1.0,0.03125,2,1
20445200019,2022,LIMA,1,0.041666666666666664,1,0.16273840585982746,0.04296875,0.09375,1.0,0.03125,3,2
20489688990,2022,LIMA,1,0.041666666666666664,1,0.16273840585982746,0.04296875,0.09375,1.0,0.03125,1,1
20491331543,2022,LIMA,1,0.041666666666666664,1,0.16273840585982746,0.04296875,0.09375,1.0,0.03125,1,1
20494686369,2022,LIMA,1,0.041666666666666664,1,0.16273840585982746,0.04296875,0.09375,1.0,0.03125,1,2
20523386469,2022,LIMA,2,0.125,4,0.2127531733393688,0.04296875,0.09375,0.5,0.0625,3,4
20529032464,2022,LIMA,1,0.041666666666666664,1,0.16273840585982746,0.04296875,0.09375,1.0,0.03125,1,1
20531049838,2022,LIMA,1,0.041666666666666664,1,0.16273840585982746,0.04296875,0.09375,1.0,0.03125,2,1
20531897251,2022,LIMA,1,0.041666666666666664,1,0.16273840585982746,0.04296875,0.09375,1.0,0.03125,1,1
20534094079,2022,LIMA,1,0.041666666666666664,1,0.16273840585982746,0.04296875,0.09375,1.0,0.03125,2,1
20536704231,2022,LIMA,1,0.08333333333333333,2,0.20143985836120443,0.04296875,0.09375,0.5,0.03125,1,2
20542154366,2022,LIMA,2,0.041666666666666664,2,0.16273840585982746,0.04296875,0.09375,1.0,0.0625,1,1
20556414123,2022,LIMA,1,0.041666666666666664,1,0.16273840585982746,0.04296875,0.09375,1.0,0.03125,1,1
20600021045,2022,LIMA,1,0.041666666666666664,1,0.16273840585982746,0.04296875,0.09375,1.0,0.03125,1,3
20600046218,2022,LIMA,1,0.041666666666666664,1,0.16273840585982746,0.04296875,0.09375,1.0,0.03125,1,1
20600160347,2022,LIMA,1,0.041666666666666664,1,0.16273840585982746,0.04296875,0.09375,1.0,0.03125,1,2
20600362161,2022,LIMA,1,0.041666666666666664,1,0.16273840585982746,0.04296875,0.09375,1.0,0.03125,1,1
20600377818,2022,LIMA,1,0.041666666666666664,1,0.16273840585982746,0.04296875,0.09375,1.0,0.03125,1,1
20601263158,2022,LIMA,1,0.08333333333333333,2,0.2049207875440051,0.04296875,0.09375,0.5,0.03125,1,2
20601955165,2022,LIMA,1,0.041666666666666664,1,0.16273840585982746,0.04296875,0.09375,1.0,0.03125,1,1
20603476400,2022,LIMA,1,0.125,4,0.2261605043292461,0.04296875,0.09375,0.25,0.03125,1,5
20603550677,2022,LIMA,2,0.041666666666666664,2,0.16273840585982746,0.04296875,0.09375,1.0,0.0625,2,1
20604654531,2022,LIMA,1,0.041666666666666664,1,0.16273840585982746,0.04296875,0.09375,1.0,0.03125,1,1
20103921288,2022,LORETO,4,0.041666666666666664,4,0.16993742568291018,0.03351698806244261,0.07575757575757576,1.0,0.06060606060606061,2,1
20351988143,2022,LORETO,1,0.041666666666666664,1,0.16993742568291018,0.03351698806244261,0.07575757575757576,1.0,0.015151515151515152,1,1
20392307045,2022,LORETO,1,0.041666666666666664,1,0.16993742568291018,0.03351698806244261,0.07575757575757576,1.0,0.015151515151515152,1,1
20393633990,2022,LORETO,5,0.041666666666666664,5,0.16993742568291018,0.03351698806244261,0.07575757575757576,1.0,0.07575757575757576,3,1
20393644509,2022,LORETO,1,0.041666666666666664,1,0.16993742568291018,0.03351698806244261,0.07575757575757576,1.0,0.015151515151515152,1,1
20393706628,2022,LORETO,1,0.041666666666666664,1,0.16993742568291018,0.03351698806244261,0.07575757575757576,1.0,0.015151515151515152,2,1
20393877431,2022,LORETO,1,0.041666666666666664,1,0.16993742568291018,0.03351698806244261,0.07575757575757576,1.0,0.015151515151515152,2,2
20450157008,2022,LORETO,1,0.041666666666666664,1,0.16993742568291018,0.03351698806244261,0.07575757575757576,1.0,0.015151515151515152,1,3
20450252418,2022,LORETO,1,0.08333333333333333,3,0.17653693735991638,0.03351698806244261,0.07575757575757576,0.3333333333333333,0.015151515151515152,1,2
20489747244,2022,LORETO,1,0.041666666666666664,1,0.16993742568291018,0.03351698806244261,0.07575757575757576,1.0,0.015151515151515152,1,3
20493231236,2022,LORETO,2,0.041666666666666664,2,0.16993742568291018,0.03351698806244261,0.07575757575757576,1.0,0.030303030303030304,2,1
20493538633,2022,LORETO,1,0.041666666666666664,1,0.16993742568291018,0.03351698806244261,0.07575757575757576,1.0,0.015151515151515152,2,1
20493640322,2022,LORETO,1,0.041666666666666664,1,0.16993742568291018,0.03351698806244261,0.07575757575757576,1.0,0.015151515151515152,2,1
20493644824,2022,LORETO,2,0.041666666666666664,2,0.16993742568291018,0.03351698806244261,0.07575757575757576,1.0,0.030303030303030304,2,1
20493747399,2022,LORETO,1,0.041666666666666664,1,0.16993742568291018,0.03351698806244261,0.07575757575757576,1.0,0.015151515151515152,2,1
20493874587,2022,LORETO,2,0.041666666666666664,2,0.16993742568291018,0.03351698806244261,0.07575757575757576,1.0,0.030303030303030304,3,1
20494100429,2022,LORETO,1,0.041666666666666664,1,0.16993742568291018,0.03351698806244261,0.07575757575757576,1.0,0.015151515151515152,2,1
20523070071,2022,LORETO,1,0.041666666666666664,1,0.16993742568291018,0.03351698806244261,0.07575757575757576,1.0,0.015151515151515152,1,2
20528115897,2022,LORETO,3,0.041666666666666664,3,0.16993742568291018,0.03351698806244261,0.07575757575757576,1.0,0.045454545454545456,3,1
20528162895,2022,LORETO,1,0.041666666666666664,1,0.16993742568291018,0.03351698806244261,0.07575757575757576,1.0,0.015151515151515152,1,1
20528181334,2022,LORETO,2,0.041666666666666664,2,0.16993742568291018,0.03351698806244261,0.07575757575757576,1.0,0.030303030303030304,3,1
20528255982,2022,LORETO,1,0.041666666666666664,1,0.16993742568291018,0.03351698806244261,0.07575757575757576,1.0,0.015151515151515152,3,1
20528323571,2022,LORETO,1,0.041666666666666664,1,0.16993742568291018,0.03351698806244261,0.07575757575757576,1.0,0.015151515151515152,1,1
20528383808,2022,LORETO,2,0.041666666666666664,2,0.16993742568291018,0.03351698806244261,0.07575757575757576,1.0,0.030303030303030304,1,1
20528457691,2022,LORETO,1,0.041666666666666664,1,0.16993742568291018,0.03351698806244261,0.07575757575757576,1.0,0.015151515151515152,2,1
20528476300,2022,LORETO,2,0.041666666666666664,2,0.16993742568291018,0.03351698806244261,0.07575757575757576,1.0,0.030303030303030304,2,1
20528481991,2022,LORETO,2,0.041666666666666664,2,0.16993742568291018,0.03351698806244261,0.07575757575757576,1.0,0.030303030303030304,1,1
20529234504,2022,LORETO,1,0.041666666666666664,1,0.16993742568291018,0.03351698806244261,0.07575757575757576,1.0,0.015151515151515152,1,1
20531396635,2022,LORETO,3,0.041666666666666664,3,0.16993742568291018,0.03351698806244261,0.07575757575757576,1.0,0.045454545454545456,3,1
20541181556,2022,LORETO,1,0.041666666666666664,1,0.16993742568291018,0.03351698806244261,0.07575757575757576,1.0,0.015151515151515152,2,1
20541243250,2022,LORETO,1,0.041666666666666664,1,0.16993742568291018,0.03351698806244261,0.07575757575757576,1.0,0.015151515151515152,2,1
20541261401,2022,LORETO,1,0.041666666666666664,1,0.16993742568291018,0.03351698806244261,0.07575757575757576,1.0,0.015151515151515152,2,1
20567140220,2022,LORETO,2,0.041666666666666664,2,0.16993742568291018,0.03351698806244261,0.07575757575757576,1.0,0.030303030303030304,3,2
20567237061,2022,LORETO,5,0.041666666666666664,5,0.16993742568291018,0.03351698806244261,0.07575757575757576,1.0,0.07575757575757576,2,1
20571135885,2022,LORETO,1,0.08333333333333333,2,0.24977066686911242,0.03351698806244261,0.07575757575757576,0.5,0.015151515151515152,1,3
20572123228,2022,LORETO,1,0.041666666666666664,1,0.16993742568291018,0.03351698806244261,0.07575757575757576,1.0,0.015151515151515152,1,1
20572260217,2022,LORETO,1,0.041666666666666664,1,0.16993742568291018,0.03351698806244261,0.07575757575757576,1.0,0.015151515151515152,1,1
20600421353,2022,LORETO,1,0.08333333333333333,2,0.17653693735991638,0.03351698806244261,0.07575757575757576,0.5,0.015151515151515152,1,2
20601740797,2022,LORETO,1,0.041666666666666664,1,0.16993742568291018,0.03351698806244261,0.07575757575757576,1.0,0.015151515151515152,1,1
20604346011,2022,LORETO,1,0.041666666666666664,1,0.16993742568291018,0.03351698806244261,0.07575757575757576,1.0,0.015151515151515152,1,1
20606258837,2022,LORETO,1,0.041666666666666664,1,0.16993742568291018,0.03351698806244261,0.07575757575757576,1.0,0.015151515151515152,1,1
20607715425,2022,LORETO,1,0.041666666666666664,1,0.16993742568291018,0.03351698806244261,0.07575757575757576,1.0,0.015151515151515152,1,1
20608845934,2022,LORETO,1,0.041666666666666664,1,0.16993742568291018,0.03351698806244261,0.07575757575757576,1.0,0.015151515151515152,2,1
20450252418,2022,MADRE DE DIOS,2,0.08333333333333333,3,0.17653693735991638,0.16049382716049382,0.2222222222222222,0.6666666666666666,0.2222222222222222,1,2
20450299139,2022,MADRE DE DIOS,2,0.08333333333333333,4,0.18062885312653695,0.16049382716049382,0.2222222222222222,0.5,0.2222222222222222,1,2
20489627770,2022,MADRE DE DIOS,1,0.041666666666666664,1,0.1348243046075486,0.16049382716049382,0.2222222222222222,1.0,0.1111111111111111,1,2
20492123057,2022,MADRE DE DIOS,1,0.041666666666666664,1,0.1348243046075486,0.16049382716049382,0.2222222222222222,1.0,0.1111111111111111,1,1
20600421353,2022,MADRE DE DIOS,1,0.08333333333333333,2,0.17653693735991638,0.16049382716049382,0.2222222222222222,0.5,0.1111111111111111,1,2
20605665196,2022,MADRE DE DIOS,1,0.041666666666666664,1,0.1348243046075486,0.16049382716049382,0.2222222222222222,1.0,0.1111111111111111,1,1
20606236892,2022,MADRE DE DIOS,1,0.041666666666666664,1,0.1348243046075486,0.16049382716049382,0.2222222222222222,1.0,0.1111111111111111,1,1
20450519783,2022,PASCO,1,0.041666666666666664,1,0.1944045390029015,0.02195533871270407,0.0410958904109589,1.0,0.0136986301369863,1,1
20486397714,2022,PASCO,1,0.08333333333333333,2,0.2630179057098079,0.02195533871270407,0.0410958904109589,0.5,0.0136986301369863,1,2
20486513137,2022,PASCO,2,0.041666666666666664,2,0.1944045390029015,0.02195533871270407,0.0410958904109589,1.0,0.0273972602739726,1,1
20486834529,2022,PASCO,1,0.08333333333333333,5,0.20129119425909284,0.02195533871270407,0.0410958904109589,0.2,0.0136986301369863,1,2
20486960401,2022,PASCO,1,0.16666666666666666,4,0.27085359306958373,0.02195533871270407,0.0410958904109589,0.25,0.0136986301369863,1,6
20486975939,2022,PASCO,1,0.08333333333333333,2,0.2156123068941271,0.02195533871270407,0.0410958904109589,0.5,0.0136986301369863,2,2
20487065502,2022,PASCO,1,0.041666666666666664,1,0.1944045390029015,0.02195533871270407,0.0410958904109589,1.0,0.0136986301369863,1,2
20489423775,2022,PASCO,1,0.041666666666666664,1,0.1944045390029015,0.02195533871270407,0.0410958904109589,1.0,0.0136986301369863,1,1
20489430399,2022,PASCO,1,0.041666666666666664,1,0.1944045390029015,0.02195533871270407,0.0410958904109589,1.0,0.0136986301369863,1,2
20489466741,2022,PASCO,1,0.041666666666666664,1,0.1944045390029015,0.02195533871270407,0.0410958904109589,1.0,0.0136986301369863,1,2
20489522242,2022,PASCO,1,0.041666666666666664,1,0.1944045390029015,0.02195533871270407,0.0410958904109589,1.0,0.0136986301369863,1,1
20489536979,2022,PASCO,3,0.125,5,0.21663984767360667,0.02195533871270407,0.0410958904109589,0.6,0.0410958904109589,1,4
20489537274,2022,PASCO,3,0.041666666666666664,3,0.1944045390029015,0.02195533871270407,0.0410958904109589,1.0,0.0410958904109589,1,1
20489544998,2022,PASCO,2,0.041666666666666664,2,0.1944045390029015,0.02195533871270407,0.0410958904109589,1.0,0.0273972602739726,1,3
20489585325,2022,PASCO,1,0.08333333333333333,2,0.2630179057098079,0.02195533871270407,0.0410958904109589,0.5,0.0136986301369863,1,2
20489739900,2022,PASCO,3,0.041666666666666664,3,0.1944045390029015,0.02195533871270407,0.0410958904109589,1.0,0.0410958904109589,1,3
20489748054,2022,PASCO,1,0.041666666666666664,1,0.1944045390029015,0.02195533871270407,0.0410958904109589,1.0,0.0136986301369863,1,1
20514402346,2022,PASCO,1,0.041666666666666664,1,0.1944045390029015,0.02195533871270407,0.0410958904109589,1.0,0.0136986301369863,1,2
20517623394,2022,PASCO,2,0.125,4,0.21527195597558862,0.02195533871270407,0.0410958904109589,0.5,0.0273972602739726,1,4
20528901361,2022,PASCO,3,0.08333333333333333,4,0.2630179057098079,0.02195533871270407,0.0410958904109589,0.75,0.0410958904109589,2,3
20528917951,2022,PASCO,2,0.08333333333333333,3,0.20900350055254469,0.02195533871270407,0.0410958904109589,0.6666666666666666,0.0273972602739726,1,3
20528924221,2022,PASCO,1,0.041666666666666664,1,0.1944045390029015,0.02195533871270407,0.0410958904109589,1.0,0.0136986301369863,1,2
20528953086,2022,PASCO,1,0.041666666666666664,1,0.1944045390029015,0.02195533871270407,0.0410958904109589,1.0,0.0136986301369863,1,1
20529068655,2022,PASCO,1,0.041666666666666664,1,0.1944045390029015,0.02195533871270407,0.0410958904109589,1.0,0.0136986301369863,2,2
20529111259,2022,PASCO,1,0.041666666666666664,1,0.1944045390029015,0.02195533871270407,0.0410958904109589,1.0,0.0136986301369863,2,1
20529137720,2022,PASCO,1,0.041666666666666664,1,0.1944045390029015,0.02195533871270407,0.0410958904109589,1.0,0.0136986301369863,1,1
20529166151,2022,PASCO,1,0.041666666666666664,1,0.1944045390029015,0.02195533871270407,0.0410958904109589,1.0,0.0136986301369863,1,2
20529186429,2022,PASCO,1,0.041666666666666664,1,0.1944045390029015,0.02195533871270407,0.0410958904109589,1.0,0.0136986301369863,1,1
20529202998,2022,PASCO,1,0.041666666666666664,1,0.1944045390029015,0.02195533871270407,0.0410958904109589,1.0,0.0136986301369863,2,4
20529230851,2022,PASCO,1,0.041666666666666664,1,0.1944045390029015,0.02195533871270407,0.0410958904109589,1.0,0.0136986301369863,2,1
20533976540,2022,PASCO,1,0.041666666666666664,1,0.1944045390029015,0.02195533871270407,0.0410958904109589,1.0,0.0136986301369863,1,1
20539807162,2022,PASCO,1,0.041666666666666664,1,0.1944045390029015,0.02195533871270407,0.0410958904109589,1.0,0.0136986301369863,1,1
20541541439,2022,PASCO,1,0.041666666666666664,1,0.1944045390029015,0.02195533871270407,0.0410958904109589,1.0,0.0136986301369863,1,1
20541559214,2022,PASCO,1,0.041666666666666664,1,0.1944045390029015,0.02195533871270407,0.0410958904109589,1.0,0.0136986301369863,1,1
20542451735,2022,PASCO,1,0.041666666666666664,1,0.1944045390029015,0.02195533871270407,0.0410958904109589,1.0,0.0136986301369863,1,1
20542471337,2022,PASCO,1,0.041666666666666664,1,0.1944045390029015,0.02195533871270407,0.0410958904109589,1.0,0.0136986301369863,1,1
20542577836,2022,PASCO,2,0.041666666666666664,2,0.1944045390029015,0.02195533871270407,0.0410958904109589,1.0,0.0273972602739726,1,1
20547097069,2022,PASCO,1,0.125,3,0.22247109969092235,0.02195533871270407,0.0410958904109589,0.3333333333333333,0.0136986301369863,1,5
20551950990,2022,PASCO,1,0.041666666666666664,1,0.1944045390029015,0.02195533871270407,0.0410958904109589,1.0,0.0136986301369863,1,1
20568235810,2022,PASCO,1,0.041666666666666664,1,0.1944045390029015,0.02195533871270407,0.0410958904109589,1.0,0.0136986301369863,1,1
20568894180,2022,PASCO,1,0.041666666666666664,1,0.1944045390029015,0.02195533871270407,0.0410958904109589,1.0,0.0136986301369863,1,1
20569048916,2022,PASCO,1,0.041666666666666664,1,0.1944045390029015,0.02195533871270407,0.0410958904109589,1.0,0.0136986301369863,1,1
20571244153,2022,PASCO,2,0.041666666666666664,2,0.1944045390029015,0.02195533871270407,0.0410958904109589,1.0,0.0273972602739726,1,1
20571288363,2022,PASCO,1,0.041666666666666664,1,0.1944045390029015,0.02195533871270407,0.0410958904109589,1.0,0.0136986301369863,1,2
20573098731,2022,PASCO,3,0.041666666666666664,3,0.1944045390029015,0.02195533871270407,0.0410958904109589,1.0,0.0410958904109589,2,2
20600592786,2022,PASCO,1,0.041666666666666664,1,0.1944045390029015,0.02195533871270407,0.0410958904109589,1.0,0.0136986301369863,2,1
20603194676,2022,PASCO,1,0.08333333333333333,2,0.20129119425909284,0.02195533871270407,0.0410958904109589,0.5,0.0136986301369863,1,2
20604063290,2022,PASCO,1,0.041666666666666664,1,0.1944045390029015,0.02195533871270407,0.0410958904109589,1.0,0.0136986301369863,1,1
20604441103,2022,PASCO,1,0.041666666666666664,1,0.1944045390029015,0.02195533871270407,0.0410958904109589,1.0,0.0136986301369863,1,1
20604520062,2022,PASCO,2,0.041666666666666664,2,0.1944045390029015,0.02195533871270407,0.0410958904109589,1.0,0.0273972602739726,1,1
20604553947,2022,PASCO,1,0.041666666666666664,1,0.1944045390029015,0.02195533871270407,0.0410958904109589,1.0,0.0136986301369863,1,1
20604694621,2022,PASCO,1,0.041666666666666664,1,0.1944045390029015,0.02195533871270407,0.0410958904109589,1.0,0.0136986301369863,1,1
20604977411,2022,PASCO,1,0.041666666666666664,1,0.1944045390029015,0.02195533871270407,0.0410958904109589,1.0,0.0136986301369863,1,1
20606797533,2022,PASCO,1,0.041666666666666664,1,0.1944045390029015,0.02195533871270407,0.0410958904109589,1.0,0.0136986301369863,1,1
20608946889,2022,PASCO,1,0.041666666666666664,1,0.1944045390029015,0.02195533871270407,0.0410958904109589,1.0,0.0136986301369863,1,1
20609789621,2022,PASCO,1,0.041666666666666664,1,0.1944045390029015,0.02195533871270407,0.0410958904109589,1.0,0.0136986301369863,1,1
20102428197,2022,PIURA,1,0.041666666666666664,1,0.14423562571183013,0.04682622268470343,0.06451612903225806,1.0,0.03225806451612903,1,1
20353947614,2022,PIURA,1,0.041666666666666664,1,0.14423562571183013,0.04682622268470343,0.06451612903225806,1.0,0.03225806451612903,1,2
20357499691,2022,PIURA,2,0.041666666666666664,2,0.14423562571183013,0.04682622268470343,0.06451612903225806,1.0,0.06451612903225806,2,1
20399546487,2022,PIURA,1,0.041666666666666664,1,0.14423562571183013,0.04682622268470343,0.06451612903225806,1.0,0.03225806451612903,1,1
20445667618,2022,PIURA,1,0.041666666666666664,1,0.14423562571183013,0.04682622268470343,0.06451612903225806,1.0,0.03225806451612903,1,2
20484104302,2022,PIURA,1,0.041666666666666664,1,0.14423562571183013,0.04682622268470343,0.06451612903225806,1.0,0.03225806451612903,1,1
20488077717,2022,PIURA,1,0.041666666666666664,1,0.14423562571183013,0.04682622268470343,0.06451612903225806,1.0,0.03225806451612903,1,1
20525441220,2022,PIURA,1,0.041666666666666664,1,0.14423562571183013,0.04682622268470343,0.06451612903225806,1.0,0.03225806451612903,1,1
20525491677,2022,PIURA,1,0.041666666666666664,1,0.14423562571183013,0.04682622268470343,0.06451612903225806,1.0,0.03225806451612903,3,1
20525526721,2022,PIURA,1,0.041666666666666664,1,0.14423562571183013,0.04682622268470343,0.06451612903225806,1.0,0.03225806451612903,1,1
20525975950,2022,PIURA,2,0.041666666666666664,2,0.14423562571183013,0.04682622268470343,0.06451612903225806,1.0,0.06451612903225806,1,1
20526090111,2022,PIURA,2,0.041666666666666664,2,0.14423562571183013,0.04682622268470343,0.06451612903225806,1.0,0.06451612903225806,1,1
20526146191,2022,PIURA,2,0.041666666666666664,2,0.14423562571183013,0.04682622268470343,0.06451612903225806,1.0,0.06451612903225806,3,1
20526323581,2022,PIURA,1,0.041666666666666664,1,0.14423562571183013,0.04682622268470343,0.06451612903225806,1.0,0.03225806451612903,1,1
20526331762,2022,PIURA,2,0.041666666666666664,2,0.14423562571183013,0.04682622268470343,0.06451612903225806,1.0,0.06451612903225806,2,1
20530091075,2022,PIURA,2,0.041666666666666664,2,0.14423562571183013,0.04682622268470343,0.06451612903225806,1.0,0.06451612903225806,3,1
20530147127,2022,PIURA,1,0.08333333333333333,2,0.20158874221808631,0.04682622268470343,0.06451612903225806,0.5,0.03225806451612903,1,2
20530192262,2022,PIURA,1,0.041666666666666664,1,0.14423562571183013,0.04682622268470343,0.06451612903225806,1.0,0.03225806451612903,1,1
20602350364,2022,PIURA,1,0.041666666666666664,1,0.14423562571183013,0.04682622268470343,0.06451612903225806,1.0,0.03225806451612903,1,1
20602773133,2022,PIURA,1,0.041666666666666664,1,0.14423562571183013,0.04682622268470343,0.06451612903225806,1.0,0.03225806451612903,1,1
20605474960,2022,PIURA,1,0.041666666666666664,1,0.14423562571183013,0.04682622268470343,0.06451612903225806,1.0,0.03225806451612903,1,1
20605845101,2022,PIURA,2,0.041666666666666664,2,0.14423562571183013,0.04682622268470343,0.06451612903225806,1.0,0.06451612903225806,1,1
20606291729,2022,PIURA,1,0.041666666666666664,1,0.14423562571183013,0.04682622268470343,0.06451612903225806,1.0,0.03225806451612903,1,1
20606584653,2022,PIURA,1,0.041666666666666664,1,0.14423562571183013,0.04682622268470343,0.06451612903225806,1.0,0.03225806451612903,1,1
20232650444,2022,PUNO,1,0.125,3,0.20461332949817765,0.2222222222222222,0.3333333333333333,0.3333333333333333,0.16666666666666666,1,5
20384753125,2022,PUNO,1,0.041666666666666664,1,0.14431194085770943,0.2222222222222222,0.3333333333333333,1.0,0.16666666666666666,1,1
20447845211,2022,PUNO,1,0.041666666666666664,1,0.14431194085770943,0.2222222222222222,0.3333333333333333,1.0,0.16666666666666666,1,1
20448053599,2022,PUNO,2,0.041666666666666664,2,0.14431194085770943,0.2222222222222222,0.3333333333333333,1.0,0.3333333333333333,1,1
20461112227,2022,PUNO,1,0.041666666666666664,1,0.14431194085770943,0.2222222222222222,0.3333333333333333,1.0,0.16666666666666666,1,3
20363610936,2022,SAN MARTIN,1,0.08333333333333333,2,0.1923480734986395,0.03615702479338843,0.06818181818181818,0.5,0.022727272727272728,1,2
20393885531,2022,SAN MARTIN,2,0.041666666666666664,2,0.17506390771570657,0.03615702479338843,0.06818181818181818,1.0,0.045454545454545456,1,1
20450119254,2022,SAN MARTIN,2,0.041666666666666664,2,0.17506390771570657,0.03615702479338843,0.06818181818181818,1.0,0.045454545454545456,1,1
20450186440,2022,SAN MARTIN,1,0.08333333333333333,2,0.17757133347725965,0.03615702479338843,0.06818181818181818,0.5,0.022727272727272728,2,3
20450278051,2022,SAN MARTIN,3,0.041666666666666664,3,0.17506390771570657,0.03615702479338843,0.06818181818181818,1.0,0.06818181818181818,2,1
20450299139,2022,SAN MARTIN,2,0.08333333333333333,4,0.18062885312653695,0.03615702479338843,0.06818181818181818,0.5,0.045454545454545456,2,2
20450312259,2022,SAN MARTIN,2,0.041666666666666664,2,0.17506390771570657,0.03615702479338843,0.06818181818181818,1.0,0.045454545454545456,1,1
20450326713,2022,SAN MARTIN,3,0.08333333333333333,5,0.17757133347725965,0.03615702479338843,0.06818181818181818,0.6,0.06818181818181818,1,2
20452477671,2022,SAN MARTIN,2,0.041666666666666664,2,0.17506390771570657,0.03615702479338843,0.06818181818181818,1.0,0.045454545454545456,1,1
20477150242,2022,SAN MARTIN,1,0.041666666666666664,1,0.17506390771570657,0.03615702479338843,0.06818181818181818,1.0,0.022727272727272728,1,3
20493537742,2022,SAN MARTIN,1,0.041666666666666664,1,0.17506390771570657,0.03615702479338843,0.06818181818181818,1.0,0.022727272727272728,2,4
20493975421,2022,SAN MARTIN,1,0.041666666666666664,1,0.17506390771570657,0.03615702479338843,0.06818181818181818,1.0,0.022727272727272728,1,1
20494015740,2022,SAN MARTIN,2,0.041666666666666664,2,0.17506390771570657,0.03615702479338843,0.06818181818181818,1.0,0.045454545454545456,1,1
20494079713,2022,SAN MARTIN,1,0.041666666666666664,1,0.17506390771570657,0.03615702479338843,0.06818181818181818,1.0,0.022727272727272728,1,2
20528350462,2022,SAN MARTIN,1,0.041666666666666664,1,0.17506390771570657,0.03615702479338843,0.06818181818181818,1.0,0.022727272727272728,1,1
20531599404,2022,SAN MARTIN,1,0.041666666666666664,1,0.17506390771570657,0.03615702479338843,0.06818181818181818,1.0,0.022727272727272728,1,1
20533651918,2022,SAN MARTIN,1,0.041666666666666664,1,0.17506390771570657,0.03615702479338843,0.06818181818181818,1.0,0.022727272727272728,2,2
20542247453,2022,SAN MARTIN,1,0.041666666666666664,1,0.17506390771570657,0.03615702479338843,0.06818181818181818,1.0,0.022727272727272728,1,1
20542312450,2022,SAN MARTIN,1,0.041666666666666664,1,0.17506390771570657,0.03615702479338843,0.06818181818181818,1.0,0.022727272727272728,2,2
20542330512,2022,SAN MARTIN,1,0.041666666666666664,1,0.17506390771570657,0.03615702479338843,0.06818181818181818,1.0,0.022727272727272728,2,1
20547581891,2022,SAN MARTIN,1,0.041666666666666664,1,0.17506390771570657,0.03615702479338843,0.06818181818181818,1.0,0.022727272727272728,1,1
20560034289,2022,SAN MARTIN,2,0.041666666666666664,2,0.17506390771570657,0.03615702479338843,0.06818181818181818,1.0,0.045454545454545456,2,1
20572185924,2022,SAN MARTIN,1,0.041666666666666664,1,0.17506390771570657,0.03615702479338843,0.06818181818181818,1.0,0.022727272727272728,1,1
20600505557,2022,SAN MARTIN,1,0.041666666666666664,1,0.17506390771570657,0.03615702479338843,0.06818181818181818,1.0,0.022727272727272728,1,1
20600683650,2022,SAN MARTIN,1,0.08333333333333333,2,0.25254589650099146,0.03615702479338843,0.06818181818181818,0.5,0.022727272727272728,2,3
20601123844,2022,SAN MARTIN,1,0.041666666666666664,1,0.17506390771570657,0.03615702479338843,0.06818181818181818,1.0,0.022727272727272728,1,1
20601139457,2022,SAN MARTIN,1,0.041666666666666664,1,0.17506390771570657,0.03615702479338843,0.06818181818181818,1.0,0.022727272727272728,1,1
20601456070,2022,SAN MARTIN,1,0.041666666666666664,1,0.17506390771570657,0.03615702479338843,0.06818181818181818,1.0,0.022727272727272728,2,1
20601638488,2022,SAN MARTIN,1,0.041666666666666664,1,0.17506390771570657,0.03615702479338843,0.06818181818181818,1.0,0.022727272727272728,1,1
20602206174,2022,SAN MARTIN,1,0.041666666666666664,1,0.17506390771570657,0.03615702479338843,0.06818181818181818,1.0,0.022727272727272728,1,1
20603282265,2022,SAN MARTIN,1,0.041666666666666664,1,0.17506390771570657,0.03615702479338843,0.06818181818181818,1.0,0.022727272727272728,1,1
20604718598,2022,SAN MARTIN,1,0.041666666666666664,1,0.17506390771570657,0.03615702479338843,0.06818181818181818,1.0,0.022727272727272728,1,1
20607046175,2022,SAN MARTIN,1,0.041666666666666664,1,0.17506390771570657,0.03615702479338843,0.06818181818181818,1.0,0.022727272727272728,1,1
10004760617,2022,TACNA,1,0.041666666666666664,1,0.1842902487980208,0.06804733727810652,0.11538461538461539,1.0,0.038461538461538464,2,1
20119916705,2022,TACNA,1,0.041666666666666664,1,0.1842902487980208,0.06804733727810652,0.11538461538461539,1.0,0.038461538461538464,2,1
20218090550,2022,TACNA,2,0.041666666666666664,2,0.1842902487980208,0.06804733727810652,0.11538461538461539,1.0,0.07692307692307693,1,2
20232650444,2022,TACNA,1,0.125,3,0.20461332949817765,0.06804733727810652,0.11538461538461539,0.3333333333333333,0.038461538461538464,1,5
20268887785,2022,TACNA,1,0.08333333333333333,2,0.20129119425909284,0.06804733727810652,0.11538461538461539,0.5,0.038461538461538464,1,2
20363610936,2022,TACNA,1,0.08333333333333333,2,0.1923480734986395,0.06804733727810652,0.11538461538461539,0.5,0.038461538461538464,1,2
20406330495,2022,TACNA,3,0.041666666666666664,3,0.1842902487980208,0.06804733727810652,0.11538461538461539,1.0,0.11538461538461539,3,1
20447647096,2022,TACNA,2,0.041666666666666664,2,0.1842902487980208,0.06804733727810652,0.11538461538461539,1.0,0.07692307692307693,2,1
20447781655,2022,TACNA,2,0.041666666666666664,2,0.1842902487980208,0.06804733727810652,0.11538461538461539,1.0,0.07692307692307693,1,1
20448245668,2022,TACNA,1,0.041666666666666664,1,0.1842902487980208,0.06804733727810652,0.11538461538461539,1.0,0.038461538461538464,1,1
20449384050,2022,TACNA,1,0.041666666666666664,1,0.1842902487980208,0.06804733727810652,0.11538461538461539,1.0,0.038461538461538464,2,1
20507991662,2022,TACNA,1,0.08333333333333333,2,0.24418045498752983,0.06804733727810652,0.11538461538461539,0.5,0.038461538461538464,1,3
20532656347,2022,TACNA,3,0.041666666666666664,3,0.1842902487980208,0.06804733727810652,0.11538461538461539,1.0,0.11538461538461539,3,1
20542703483,2022,TACNA,1,0.041666666666666664,1,0.1842902487980208,0.06804733727810652,0.11538461538461539,1.0,0.038461538461538464,1,2
20565699955,2022,TACNA,1,0.041666666666666664,1,0.1842902487980208,0.06804733727810652,0.11538461538461539,1.0,0.038461538461538464,2,2
20600426975,2022,TACNA,2,0.041666666666666664,2,0.1842902487980208,0.06804733727810652,0.11538461538461539,1.0,0.07692307692307693,1,1
20601016347,2022,TACNA,1,0.041666666666666664,1,0.1842902487980208,0.06804733727810652,0.11538461538461539,1.0,0.038461538461538464,2,2
20601771641,2022,TACNA,1,0.041666666666666664,1,0.1842902487980208,0.06804733727810652,0.11538461538461539,1.0,0.038461538461538464,1,3
20409278753,2022,TUMBES,1,0.041666666666666664,1,0.12847365436696695,0.07270233196159122,0.18518518518518517,1.0,0.037037037037037035,1,1
20409285024,2022,TUMBES,1,0.041666666666666664,1,0.12847365436696695,0.07270233196159122,0.18518518518518517,1.0,0.037037037037037035,1,1
20409366024,2022,TUMBES,1,0.041666666666666664,1,0.12847365436696695,0.07270233196159122,0.18518518518518517,1.0,0.037037037037037035,1,1
20409401113,2022,TUMBES,1,0.041666666666666664,1,0.12847365436696695,0.07270233196159122,0.18518518518518517,1.0,0.037037037037037035,2,1
20409462091,2022,TUMBES,1,0.041666666666666664,1,0.12847365436696695,0.07270233196159122,0.18518518518518517,1.0,0.037037037037037035,1,1
20409472991,2022,TUMBES,1,0.041666666666666664,1,0.12847365436696695,0.07270233196159122,0.18518518518518517,1.0,0.037037037037037035,1,1
20409473700,2022,TUMBES,1,0.041666666666666664,1,0.12847365436696695,0.07270233196159122,0.18518518518518517,1.0,0.037037037037037035,1,1
20409487913,2022,TUMBES,1,0.041666666666666664,1,0.12847365436696695,0.07270233196159122,0.18518518518518517,1.0,0.037037037037037035,2,1
20477216952,2022,TUMBES,1,0.041666666666666664,1,0.12847365436696695,0.07270233196159122,0.18518518518518517,1.0,0.037037037037037035,1,2
20481014612,2022,TUMBES,1,0.041666666666666664,1,0.12847365436696695,0.07270233196159122,0.18518518518518517,1.0,0.037037037037037035,1,1
20483789867,2022,TUMBES,1,0.041666666666666664,1,0.12847365436696695,0.07270233196159122,0.18518518518518517,1.0,0.037037037037037035,1,1
20483981202,2022,TUMBES,1,0.041666666666666664,1,0.12847365436696695,0.07270233196159122,0.18518518518518517,1.0,0.037037037037037035,2,1
20484022675,2022,TUMBES,1,0.041666666666666664,1,0.12847365436696695,0.07270233196159122,0.18518518518518517,1.0,0.037037037037037035,1,1
20484033952,2022,TUMBES,5,0.041666666666666664,5,0.12847365436696695,0.07270233196159122,0.18518518518518517,1.0,0.18518518518518517,1,1
20484206997,2022,TUMBES,2,0.041666666666666664,2,0.12847365436696695,0.07270233196159122,0.18518518518518517,1.0,0.07407407407407407,2,1
20525413871,2022,TUMBES,2,0.041666666666666664,2,0.12847365436696695,0.07270233196159122,0.18518518518518517,1.0,0.07407407407407407,1,1
20525460950,2022,TUMBES,2,0.041666666666666664,2,0.12847365436696695,0.07270233196159122,0.18518518518518517,1.0,0.07407407407407407,2,1
20600122526,2022,TUMBES,1,0.041666666666666664,1,0.12847365436696695,0.07270233196159122,0.18518518518518517,1.0,0.037037037037037035,1,1
20600588151,2022,TUMBES,1,0.041666666666666664,1,0.12847365436696695,0.07270233196159122,0.18518518518518517,1.0,0.037037037037037035,1,1
20602371442,2022,TUMBES,1,0.08333333333333333,4,0.1725171209494439,0.07270233196159122,0.18518518518518517,0.25,0.037037037037037035,1,2
20351699621,2022,UCAYALI,1,0.041666666666666664,1,0.16312773218963564,0.0703125,0.125,1.0,0.0625,1,1
20352127109,2022,UCAYALI,1,0.041666666666666664,1,0.16312773218963564,0.0703125,0.125,1.0,0.0625,1,1
20352428648,2022,UCAYALI,1,0.041666666666666664,1,0.16312773218963564,0.0703125,0.125,1.0,0.0625,2,1
20378395152,2022,UCAYALI,1,0.041666666666666664,1,0.16312773218963564,0.0703125,0.125,1.0,0.0625,1,1
20393281279,2022,UCAYALI,2,0.041666666666666664,2,0.16312773218963564,0.0703125,0.125,1.0,0.125,2,1
20393313146,2022,UCAYALI,1,0.041666666666666664,1,0.16312773218963564,0.0703125,0.125,1.0,0.0625,1,1
20393336863,2022,UCAYALI,1,0.041666666666666664,1,0.16312773218963564,0.0703125,0.125,1.0,0.0625,1,1
20393340208,2022,UCAYALI,1,0.041666666666666664,1,0.16312773218963564,0.0703125,0.125,1.0,0.0625,1,3
20393418321,2022,UCAYALI,1,0.041666666666666664,1,0.16312773218963564,0.0703125,0.125,1.0,0.0625,2,1
20393523973,2022,UCAYALI,1,0.041666666666666664,1,0.16312773218963564,0.0703125,0.125,1.0,0.0625,1,1
20393667894,2022,UCAYALI,1,0.041666666666666664,1,0.16312773218963564,0.0703125,0.125,1.0,0.0625,1,2
20501522601,2022,UCAYALI,1,0.041666666666666664,1,0.16312773218963564,0.0703125,0.125,1.0,0.0625,2,1
20523013603,2022,UCAYALI,1,0.041666666666666664,1,0.16312773218963564,0.0703125,0.125,1.0,0.0625,1,2
20542049228,2022,UCAYALI,1,0.08333333333333333,8,0.2424440606409518,0.0703125,0.125,0.125,0.0625,1,2
20601888361,2022,UCAYALI,1,0.041666666666666664,1,0.16312773218963564,0.0703125,0.125,1.0,0.0625,2,1
10466648707,2024,AMAZONAS,1,0.045454545454545456,1,0.19959443800695248,0.06163194444444445,0.20833333333333334,1.0,0.020833333333333332,1,1
20479790303,2024,AMAZONAS,1,0.045454545454545456,1,0.19959443800695248,0.06163194444444445,0.20833333333333334,1.0,0.020833333333333332,3,1
20479808440,2024,AMAZONAS,1,0.045454545454545456,1,0.19959443800695248,0.06163194444444445,0.20833333333333334,1.0,0.020833333333333332,1,1
20480059850,2024,AMAZONAS,1,0.045454545454545456,1,0.19959443800695248,0.06163194444444445,0.20833333333333334,1.0,0.020833333333333332,1,1
20480113064,2024,AMAZONAS,1,0.045454545454545456,1,0.19959443800695248,0.06163194444444445,0.20833333333333334,1.0,0.020833333333333332,1,1
20480123884,2024,AMAZONAS,1,0.045454545454545456,1,0.19959443800695248,0.06163194444444445,0.20833333333333334,1.0,0.020833333333333332,1,1
20480427913,2024,AMAZONAS,1,0.045454545454545456,1,0.19959443800695248,0.06163194444444445,0.20833333333333334,1.0,0.020833333333333332,3,1
20480791305,2024,AMAZONAS,1,0.045454545454545456,1,0.19959443800695248,0.06163194444444445,0.20833333333333334,1.0,0.020833333333333332,2,1
20480836252,2024,AMAZONAS,1,0.045454545454545456,1,0.19959443800695248,0.06163194444444445,0.20833333333333334,1.0,0.020833333333333332,2,1
20487499685,2024,AMAZONAS,1,0.045454545454545456,1,0.19959443800695248,0.06163194444444445,0.20833333333333334,1.0,0.020833333333333332,3,2
20487976955,2024,AMAZONAS,10,0.045454545454545456,10,0.19959443800695248,0.06163194444444445,0.20833333333333334,1.0,0.20833333333333334,1,1
20488071603,2024,AMAZONAS,1,0.045454545454545456,1,0.19959443800695248,0.06163194444444445,0.20833333333333334,1.0,0.020833333333333332,1,2
20491560496,2024,AMAZONAS,1,0.09090909090909091,2,0.22312176165803108,0.06163194444444445,0.20833333333333334,0.5,0.020833333333333332,1,2
20491617439,2024,AMAZONAS,1,0.045454545454545456,1,0.19959443800695248,0.06163194444444445,0.20833333333333334,1.0,0.020833333333333332,1,1
20495931472,2024,AMAZONAS,1,0.09090909090909091,2,0.231986531986532,0.06163194444444445,0.20833333333333334,0.5,0.020833333333333332,1,2
20510100604,2024,AMAZONAS,1,0.045454545454545456,1,0.19959443800695248,0.06163194444444445,0.20833333333333334,1.0,0.020833333333333332,1,1
20515869647,2024,AMAZONAS,1,0.045454545454545456,1,0.19959443800695248,0.06163194444444445,0.20833333333333334,1.0,0.020833333333333332,1,1
20517623394,2024,AMAZONAS,1,0.045454545454545456,1,0.19959443800695248,0.06163194444444445,0.20833333333333334,1.0,0.020833333333333332,1,4
20531455313,2024,AMAZONAS,1,0.09090909090909091,2,0.2708333333333333,0.06163194444444445,0.20833333333333334,0.5,0.020833333333333332,1,2
20560168994,2024,AMAZONAS,2,0.13636363636363635,5,0.25728155339805825,0.06163194444444445,0.20833333333333334,0.4,0.041666666666666664,1,3
20561239542,2024,AMAZONAS,1,0.045454545454545456,1,0.19959443800695248,0.06163194444444445,0.20833333333333334,1.0,0.020833333333333332,1,1
20561260070,2024,AMAZONAS,1,0.045454545454545456,1,0.19959443800695248,0.06163194444444445,0.20833333333333334,1.0,0.020833333333333332,1,1
20570698304,2024,AMAZONAS,1,0.09090909090909091,3,0.20904126213592233,0.06163194444444445,0.20833333333333334,0.3333333333333333,0.020833333333333332,1,2
20600040040,2024,AMAZONAS,1,0.045454545454545456,1,0.19959443800695248,0.06163194444444445,0.20833333333333334,1.0,0.020833333333333332,1,1
20600143051,2024,AMAZONAS,1,0.045454545454545456,1,0.19959443800695248,0.06163194444444445,0.20833333333333334,1.0,0.020833333333333332,1,1
20600147600,2024,AMAZONAS,1,0.045454545454545456,1,0.19959443800695248,0.06163194444444445,0.20833333333333334,1.0,0.020833333333333332,2,1
20600197739,2024,AMAZONAS,1,0.045454545454545456,1,0.19959443800695248,0.06163194444444445,0.20833333333333334,1.0,0.020833333333333332,1,1
20600357248,2024,AMAZONAS,1,0.045454545454545456,1,0.19959443800695248,0.06163194444444445,0.20833333333333334,1.0,0.020833333333333332,1,1
20600979192,2024,AMAZONAS,1,0.045454545454545456,1,0.19959443800695248,0.06163194444444445,0.20833333333333334,1.0,0.020833333333333332,1,1
20601446741,2024,AMAZONAS,1,0.045454545454545456,1,0.19959443800695248,0.06163194444444445,0.20833333333333334,1.0,0.020833333333333332,1,1
20601832811,2024,AMAZONAS,1,0.045454545454545456,1,0.19959443800695248,0.06163194444444445,0.20833333333333334,1.0,0.020833333333333332,2,1
20606918144,2024,AMAZONAS,1,0.045454545454545456,1,0.19959443800695248,0.06163194444444445,0.20833333333333334,1.0,0.020833333333333332,1,1
20607214914,2024,AMAZONAS,1,0.045454545454545456,1,0.19959443800695248,0.06163194444444445,0.20833333333333334,1.0,0.020833333333333332,1,1
20607492337,2024,AMAZONAS,1,0.045454545454545456,1,0.19959443800695248,0.06163194444444445,0.20833333333333334,1.0,0.020833333333333332,1,1
20610241191,2024,AMAZONAS,1,0.09090909090909091,2,0.20904126213592233,0.06163194444444445,0.20833333333333334,0.5,0.020833333333333332,1,2
20610381538,2024,AMAZONAS,1,0.045454545454545456,1,0.19959443800695248,0.06163194444444445,0.20833333333333334,1.0,0.020833333333333332,1,1
20611111241,2024,AMAZONAS,2,0.045454545454545456,2,0.19959443800695248,0.06163194444444445,0.20833333333333334,1.0,0.041666666666666664,1,1
20205328662,2024,ANCASH,1,0.09090909090909091,4,0.21122011036174126,0.20000000000000004,0.2,0.25,0.2,1,2
20461112227,2024,ANCASH,1,0.09090909090909091,2,0.265,0.20000000000000004,0.2,0.5,0.2,1,3
20489532981,2024,ANCASH,1,0.13636363636363635,3,0.25747384155455905,0.20000000000000004,0.2,0.3333333333333333,0.2,1,4
20571184151,2024,ANCASH,1,0.045454545454545456,1,0.18970264317180616,0.20000000000000004,0.2,1.0,0.2,3,1
20602937934,2024,ANCASH,1,0.045454545454545456,1,0.18970264317180616,0.20000000000000004,0.2,1.0,0.2,1,1
10004967122,2024,AREQUIPA,1,0.045454545454545456,1,0.22168597168597168,0.025826446280991736,0.045454545454545456,1.0,0.022727272727272728,1,1
10005125583,2024,AREQUIPA,1,0.045454545454545456,1,0.22168597168597168,0.025826446280991736,0.045454545454545456,1.0,0.022727272727272728,1,1
10181420761,2024,AREQUIPA,1,0.045454545454545456,1,0.22168597168597168,0.025826446280991736,0.045454545454545456,1.0,0.022727272727272728,1,1
10224118100,2024,AREQUIPA,1,0.045454545454545456,1,0.22168597168597168,0.025826446280991736,0.045454545454545456,1.0,0.022727272727272728,1,1
10293806492,2024,AREQUIPA,1,0.045454545454545456,1,0.22168597168597168,0.025826446280991736,0.045454545454545456,1.0,0.022727272727272728,1,1
10295907024,2024,AREQUIPA,1,0.045454545454545456,1,0.22168597168597168,0.025826446280991736,0.045454545454545456,1.0,0.022727272727272728,1,1
10453522542,2024,AREQUIPA,1,0.09090909090909091,2,0.24981870920957217,0.025826446280991736,0.045454545454545456,0.5,0.022727272727272728,1,2
20226217003,2024,AREQUIPA,1,0.09090909090909091,2,0.2494569152787835,0.025826446280991736,0.045454545454545456,0.5,0.022727272727272728,1,2
20406455603,2024,AREQUIPA,1,0.045454545454545456,1,0.22168597168597168,0.025826446280991736,0.045454545454545456,1.0,0.022727272727272728,1,1
20412823711,2024,AREQUIPA,1,0.045454545454545456,1,0.22168597168597168,0.025826446280991736,0.045454545454545456,1.0,0.022727272727272728,1,1
20447635080,2024,AREQUIPA,1,0.045454545454545456,1,0.22168597168597168,0.025826446280991736,0.045454545454545456,1.0,0.022727272727272728,1,1
20448056261,2024,AREQUIPA,1,0.045454545454545456,1,0.22168597168597168,0.025826446280991736,0.045454545454545456,1.0,0.022727272727272728,1,1
20448080308,2024,AREQUIPA,1,0.045454545454545456,1,0.22168597168597168,0.025826446280991736,0.045454545454545456,1.0,0.022727272727272728,1,1
20452345251,2024,AREQUIPA,1,0.045454545454545456,1,0.22168597168597168,0.025826446280991736,0.045454545454545456,1.0,0.022727272727272728,1,1
20478157976,2024,AREQUIPA,1,0.045454545454545456,1,0.22168597168597168,0.025826446280991736,0.045454545454545456,1.0,0.022727272727272728,1,2
20482396331,2024,AREQUIPA,1,0.045454545454545456,1,0.22168597168597168,0.025826446280991736,0.045454545454545456,1.0,0.022727272727272728,1,1
20488496442,2024,AREQUIPA,1,0.045454545454545456,1,0.22168597168597168,0.025826446280991736,0.045454545454545456,1.0,0.022727272727272728,1,1
20489532981,2024,AREQUIPA,1,0.13636363636363635,3,0.25747384155455905,0.025826446280991736,0.045454545454545456,0.3333333333333333,0.022727272727272728,1,4
20494637074,2024,AREQUIPA,1,0.09090909090909091,2,0.2295136575616256,0.025826446280991736,0.045454545454545456,0.5,0.022727272727272728,1,2
20494784450,2024,AREQUIPA,1,0.045454545454545456,1,0.22168597168597168,0.025826446280991736,0.045454545454545456,1.0,0.022727272727272728,1,2
20494883865,2024,AREQUIPA,2,0.09090909090909091,3,0.24981870920957217,0.025826446280991736,0.045454545454545456,0.6666666666666666,0.045454545454545456,1,2
20498258116,2024,AREQUIPA,1,0.045454545454545456,1,0.22168597168597168,0.025826446280991736,0.045454545454545456,1.0,0.022727272727272728,1,1
20506606722,2024,AREQUIPA,1,0.045454545454545456,1,0.22168597168597168,0.025826446280991736,0.045454545454545456,1.0,0.022727272727272728,1,1
20523386469,2024,AREQUIPA,1,0.09090909090909091,2,0.257089552238806,0.025826446280991736,0.045454545454545456,0.5,0.022727272727272728,1,4
20523534590,2024,AREQUIPA,1,0.045454545454545456,1,0.22168597168597168,0.025826446280991736,0.045454545454545456,1.0,0.022727272727272728,1,1
20531607784,2024,AREQUIPA,1,0.045454545454545456,1,0.22168597168597168,0.025826446280991736,0.045454545454545456,1.0,0.022727272727272728,1,1
20534166240,2024,AREQUIPA,2,0.13636363636363635,4,0.26059001512859303,0.025826446280991736,0.045454545454545456,0.5,0.045454545454545456,1,5
20536290916,2024,AREQUIPA,1,0.045454545454545456,1,0.22168597168597168,0.025826446280991736,0.045454545454545456,1.0,0.022727272727272728,1,1
20539013441,2024,AREQUIPA,1,0.045454545454545456,1,0.22168597168597168,0.025826446280991736,0.045454545454545456,1.0,0.022727272727272728,1,1
20541653156,2024,AREQUIPA,1,0.13636363636363635,7,0.2596081386586285,0.025826446280991736,0.045454545454545456,0.14285714285714285,0.022727272727272728,1,4
20564171761,2024,AREQUIPA,1,0.045454545454545456,1,0.22168597168597168,0.025826446280991736,0.045454545454545456,1.0,0.022727272727272728,1,1
20571395364,2024,AREQUIPA,1,0.045454545454545456,1,0.22168597168597168,0.025826446280991736,0.045454545454545456,1.0,0.022727272727272728,1,2
20600002717,2024,AREQUIPA,1,0.09090909090909091,2,0.25330882352941175,0.025826446280991736,0.045454545454545456,0.5,0.022727272727272728,1,2
20600935845,2024,AREQUIPA,1,0.045454545454545456,1,0.22168597168597168,0.025826446280991736,0.045454545454545456,1.0,0.022727272727272728,1,1
20601016347,2024,AREQUIPA,1,0.045454545454545456,1,0.22168597168597168,0.025826446280991736,0.045454545454545456,1.0,0.022727272727272728,1,2
20601771641,2024,AREQUIPA,1,0.09090909090909091,3,0.257089552238806,0.025826446280991736,0.045454545454545456,0.3333333333333333,0.022727272727272728,1,3
20603147465,2024,AREQUIPA,1,0.045454545454545456,1,0.22168597168597168,0.025826446280991736,0.045454545454545456,1.0,0.022727272727272728,1,1
20603476400,2024,AREQUIPA,1,0.09090909090909091,2,0.25330882352941175,0.025826446280991736,0.045454545454545456,0.5,0.022727272727272728,1,5
20611168528,2024,AREQUIPA,1,0.045454545454545456,1,0.22168597168597168,0.025826446280991736,0.045454545454545456,1.0,0.022727272727272728,1,1
99000032707,2024,AREQUIPA,1,0.045454545454545456,1,0.22168597168597168,0.025826446280991736,0.045454545454545456,1.0,0.022727272727272728,1,1
99000035293,2024,AREQUIPA,2,0.13636363636363635,4,0.26438986953184956,0.025826446280991736,0.045454545454545456,0.5,0.045454545454545456,1,3
20536612972,2024,AYACUCHO,1,0.2272727272727273,5,0.2934412265758092,0.3333333333333333,0.3333333333333333,0.2,0.3333333333333333,1,5
20537169207,2024,AYACUCHO,1,0.09090909090909091,2,0.2062874251497006,0.3333333333333333,0.3333333333333333,0.5,0.3333333333333333,1,3
20602842330,2024,AYACUCHO,1,0.09090909090909091,2,0.2062874251497006,0.3333333333333333,0.3333333333333333,0.5,0.3333333333333333,1,2
20119756821,2024,CAJAMARCA,1,0.045454545454545456,1,0.18198626518753303,0.0726643598615917,0.11764705882352941,1.0,0.058823529411764705,1,1
20368833089,2024,CAJAMARCA,1,0.045454545454545456,1,0.18198626518753303,0.0726643598615917,0.11764705882352941,1.0,0.058823529411764705,1,1
20451464567,2024,CAJAMARCA,1,0.045454545454545456,1,0.18198626518753303,0.0726643598615917,0.11764705882352941,1.0,0.058823529411764705,1,1
20480188404,2024,CAJAMARCA,1,0.13636363636363635,4,0.23340108401084012,0.0726643598615917,0.11764705882352941,0.25,0.058823529411764705,1,4
20491552981,2024,CAJAMARCA,2,0.045454545454545456,2,0.18198626518753303,0.0726643598615917,0.11764705882352941,1.0,0.11764705882352941,1,1
20495751229,2024,CAJAMARCA,1,0.045454545454545456,1,0.18198626518753303,0.0726643598615917,0.11764705882352941,1.0,0.058823529411764705,2,1
20534166240,2024,CAJAMARCA,1,0.13636363636363635,4,0.26059001512859303,0.0726643598615917,0.11764705882352941,0.25,0.058823529411764705,1,5
20570646681,2024,CAJAMARCA,1,0.045454545454545456,1,0.18198626518753303,0.0726643598615917,0.11764705882352941,1.0,0.058823529411764705,1,1
20570690079,2024,CAJAMARCA,1,0.045454545454545456,1,0.18198626518753303,0.0726643598615917,0.11764705882352941,1.0,0.058823529411764705,1,1
20570698304,2024,CAJAMARCA,2,0.09090909090909091,3,0.20904126213592233,0.0726643598615917,0.11764705882352941,0.6666666666666666,0.11764705882352941,1,2
20570709861,2024,CAJAMARCA,1,0.045454545454545456,1,0.18198626518753303,0.0726643598615917,0.11764705882352941,1.0,0.058823529411764705,1,1
20570740866,2024,CAJAMARCA,1,0.045454545454545456,1,0.18198626518753303,0.0726643598615917,0.11764705882352941,1.0,0.058823529411764705,1,1
20600798937,2024,CAJAMARCA,1,0.045454545454545456,1,0.18198626518753303,0.0726643598615917,0.11764705882352941,1.0,0.058823529411764705,1,2
20609906066,2024,CAJAMARCA,1,0.045454545454545456,1,0.18198626518753303,0.0726643598615917,0.11764705882352941,1.0,0.058823529411764705,1,1
20610241191,2024,CAJAMARCA,1,0.09090909090909091,2,0.20904126213592233,0.0726643598615917,0.11764705882352941,0.5,0.058823529411764705,1,2
20215462910,2024,CALLAO,1,0.045454545454545456,1,0.172336168084042,0.07142857142857142,0.07142857142857142,1.0,0.07142857142857142,1,1
20399019355,2024,CALLAO,1,0.045454545454545456,1,0.172336168084042,0.07142857142857142,0.07142857142857142,1.0,0.07142857142857142,1,1
20440439129,2024,CALLAO,1,0.045454545454545456,1,0.172336168084042,0.07142857142857142,0.07142857142857142,1.0,0.07142857142857142,1,2
20481567549,2024,CALLAO,1,0.045454545454545456,1,0.172336168084042,0.07142857142857142,0.07142857142857142,1.0,0.07142857142857142,1,1
20482100580,2024,CALLAO,1,0.09090909090909091,2,0.207905853952927,0.07142857142857142,0.07142857142857142,0.5,0.07142857142857142,1,2
20482817026,2024,CALLAO,1,0.045454545454545456,1,0.172336168084042,0.07142857142857142,0.07142857142857142,1.0,0.07142857142857142,1,1
20523071042,2024,CALLAO,1,0.045454545454545456,1,0.172336168084042,0.07142857142857142,0.07142857142857142,1.0,0.07142857142857142,1,2
20545316561,2024,CALLAO,1,0.045454545454545456,1,0.172336168084042,0.07142857142857142,0.07142857142857142,1.0,0.07142857142857142,1,2
20552238665,2024,CALLAO,1,0.045454545454545456,1,0.172336168084042,0.07142857142857142,0.07142857142857142,1.0,0.07142857142857142,1,1
20556700487,2024,CALLAO,1,0.045454545454545456,1,0.172336168084042,0.07142857142857142,0.07142857142857142,1.0,0.07142857142857142,1,1
20559507769,2024,CALLAO,1,0.09090909090909091,2,0.24891618497109827,0.07142857142857142,0.07142857142857142,0.5,0.07142857142857142,1,2
20601460204,2024,CALLAO,1,0.045454545454545456,1,0.172336168084042,0.07142857142857142,0.07142857142857142,1.0,0.07142857142857142,1,1
20601595096,2024,CALLAO,1,0.045454545454545456,1,0.172336168084042,0.07142857142857142,0.07142857142857142,1.0,0.07142857142857142,1,1
20609132079,2024,CALLAO,1,0.045454545454545456,1,0.172336168084042,0.07142857142857142,0.07142857142857142,1.0,0.07142857142857142,1,1
20106758477,2024,CUSCO,1,0.09090909090909091,2,0.20579450418160095,0.14285714285714285,0.14285714285714285,0.5,0.14285714285714285,1,2
20489558433,2024,CUSCO,1,0.09090909090909091,2,0.233085250338295,0.14285714285714285,0.14285714285714285,0.5,0.14285714285714285,1,2
20493537742,2024,CUSCO,1,0.18181818181818182,7,0.2962166809974205,0.14285714285714285,0.14285714285714285,0.14285714285714285,0.14285714285714285,1,4
20527164207,2024,CUSCO,1,0.045454545454545456,1,0.19430344049633388,0.14285714285714285,0.14285714285714285,1.0,0.14285714285714285,2,1
20559291901,2024,CUSCO,1,0.045454545454545456,1,0.19430344049633388,0.14285714285714285,0.14285714285714285,1.0,0.14285714285714285,1,1
20606079941,2024,CUSCO,1,0.045454545454545456,1,0.19430344049633388,0.14285714285714285,0.14285714285714285,1.0,0.14285714285714285,1,1
20611055944,2024,CUSCO,1,0.045454545454545456,1,0.19430344049633388,0.14285714285714285,0.14285714285714285,1.0,0.14285714285714285,1,1
20100047218,2024,HUANCAVELICA,1,0.045454545454545456,1,0.17113760556383506,0.18367346938775508,0.2857142857142857,1.0,0.14285714285714285,1,1
20486299038,2024,HUANCAVELICA,1,0.045454545454545456,1,0.17113760556383506,0.18367346938775508,0.2857142857142857,1.0,0.14285714285714285,1,1
20486404273,2024,HUANCAVELICA,2,0.09090909090909091,3,0.25902255639097743,0.18367346938775508,0.2857142857142857,0.6666666666666666,0.2857142857142857,2,2
20600827252,2024,HUANCAVELICA,1,0.045454545454545456,1,0.17113760556383506,0.18367346938775508,0.2857142857142857,1.0,0.14285714285714285,1,1
20602768261,2024,HUANCAVELICA,1,0.045454545454545456,1,0.17113760556383506,0.18367346938775508,0.2857142857142857,1.0,0.14285714285714285,1,1
20605238468,2024,HUANCAVELICA,1,0.045454545454545456,1,0.17113760556383506,0.18367346938775508,0.2857142857142857,1.0,0.14285714285714285,1,1
20226217003,2024,HUANUCO,1,0.09090909090909091,2,0.2494569152787835,0.019044321329639888,0.039473684210526314,0.5,0.013157894736842105,2,2
20407836872,2024,HUANUCO,1,0.09090909090909091,6,0.23840830449826989,0.019044321329639888,0.039473684210526314,0.16666666666666666,0.013157894736842105,1,2
20486743302,2024,HUANUCO,1,0.13636363636363635,4,0.3032570422535211,0.019044321329639888,0.039473684210526314,0.25,0.013157894736842105,1,3
20486751151,2024,HUANUCO,2,0.045454545454545456,2,0.21721311475409835,0.019044321329639888,0.039473684210526314,1.0,0.02631578947368421,1,1
20487913791,2024,HUANUCO,2,0.045454545454545456,2,0.21721311475409835,0.019044321329639888,0.039473684210526314,1.0,0.02631578947368421,1,2
20489466741,2024,HUANUCO,1,0.045454545454545456,1,0.21721311475409835,0.019044321329639888,0.039473684210526314,1.0,0.013157894736842105,1,2
20489475228,2024,HUANUCO,1,0.045454545454545456,1,0.21721311475409835,0.019044321329639888,0.039473684210526314,1.0,0.013157894736842105,1,1
20489536979,2024,HUANUCO,2,0.09090909090909091,3,0.25766641735228124,0.019044321329639888,0.039473684210526314,0.6666666666666666,0.02631578947368421,3,4
20489544998,2024,HUANUCO,1,0.09090909090909091,3,0.2789473684210526,0.019044321329639888,0.039473684210526314,0.3333333333333333,0.013157894736842105,1,3
20489558433,2024,HUANUCO,1,0.09090909090909091,2,0.233085250338295,0.019044321329639888,0.039473684210526314,0.5,0.013157894736842105,1,2
20489650674,2024,HUANUCO,1,0.09090909090909091,2,0.23840830449826989,0.019044321329639888,0.039473684210526314,0.5,0.013157894736842105,1,2
20489717175,2024,HUANUCO,1,0.045454545454545456,1,0.21721311475409835,0.019044321329639888,0.039473684210526314,1.0,0.013157894736842105,1,1
20514155403,2024,HUANUCO,1,0.045454545454545456,1,0.21721311475409835,0.019044321329639888,0.039473684210526314,1.0,0.013157894736842105,1,1
20515422154,2024,HUANUCO,1,0.13636363636363635,3,0.27472089314194575,0.019044321329639888,0.039473684210526314,0.3333333333333333,0.013157894736842105,1,3
20528910433,2024,HUANUCO,1,0.09090909090909091,2,0.23136333109469442,0.019044321329639888,0.039473684210526314,0.5,0.013157894736842105,1,2
20529066521,2024,HUANUCO,1,0.13636363636363635,3,0.2758206565252202,0.019044321329639888,0.039473684210526314,0.3333333333333333,0.013157894736842105,1,5
20529169842,2024,HUANUCO,1,0.045454545454545456,1,0.21721311475409835,0.019044321329639888,0.039473684210526314,1.0,0.013157894736842105,1,1
20529202998,2024,HUANUCO,1,0.18181818181818182,5,0.28353909465020577,0.019044321329639888,0.039473684210526314,0.2,0.013157894736842105,1,4
20531054327,2024,HUANUCO,1,0.045454545454545456,1,0.21721311475409835,0.019044321329639888,0.039473684210526314,1.0,0.013157894736842105,1,1
20534013508,2024,HUANUCO,1,0.045454545454545456,1,0.21721311475409835,0.019044321329639888,0.039473684210526314,1.0,0.013157894736842105,2,1
20542191059,2024,HUANUCO,3,0.09090909090909091,4,0.25766641735228124,0.019044321329639888,0.039473684210526314,0.75,0.039473684210526314,2,4
20542344653,2024,HUANUCO,1,0.045454545454545456,1,0.21721311475409835,0.019044321329639888,0.039473684210526314,1.0,0.013157894736842105,1,1
20542531097,2024,HUANUCO,1,0.045454545454545456,1,0.21721311475409835,0.019044321329639888,0.039473684210526314,1.0,0.013157894736842105,1,2
20552839073,2024,HUANUCO,1,0.09090909090909091,2,0.25766641735228124,0.019044321329639888,0.039473684210526314,0.5,0.013157894736842105,1,2
20568838352,2024,HUANUCO,1,0.045454545454545456,1,0.21721311475409835,0.019044321329639888,0.039473684210526314,1.0,0.013157894736842105,1,2
20571135885,2024,HUANUCO,2,0.045454545454545456,2,0.21721311475409835,0.019044321329639888,0.039473684210526314,1.0,0.02631578947368421,1,3
20571395283,2024,HUANUCO,1,0.18181818181818182,5,0.31721915285451197,0.019044321329639888,0.039473684210526314,0.2,0.013157894736842105,1,5
20571420067,2024,HUANUCO,3,0.045454545454545456,3,0.21721311475409835,0.019044321329639888,0.039473684210526314,1.0,0.039473684210526314,1,2
20573041977,2024,HUANUCO,1,0.09090909090909091,2,0.2789473684210526,0.019044321329639888,0.039473684210526314,0.5,0.013157894736842105,1,2
20573068743,2024,HUANUCO,1,0.045454545454545456,1,0.21721311475409835,0.019044321329639888,0.039473684210526314,1.0,0.013157894736842105,1,1
20573078897,2024,HUANUCO,1,0.045454545454545456,1,0.21721311475409835,0.019044321329639888,0.039473684210526314,1.0,0.013157894736842105,2,1
20573098731,2024,HUANUCO,2,0.09090909090909091,3,0.23840830449826989,0.019044321329639888,0.039473684210526314,0.6666666666666666,0.02631578947368421,1,2
20573195427,2024,HUANUCO,1,0.045454545454545456,1,0.21721311475409835,0.019044321329639888,0.039473684210526314,1.0,0.013157894736842105,1,1
20573264097,2024,HUANUCO,1,0.045454545454545456,1,0.21721311475409835,0.019044321329639888,0.039473684210526314,1.0,0.013157894736842105,1,1
20573333081,2024,HUANUCO,2,0.09090909090909091,3,0.23840830449826989,0.019044321329639888,0.039473684210526314,0.6666666666666666,0.02631578947368421,2,2
20600021045,2024,HUANUCO,1,0.09090909090909091,6,0.2789473684210526,0.019044321329639888,0.039473684210526314,0.16666666666666666,0.013157894736842105,1,3
20600142152,2024,HUANUCO,1,0.045454545454545456,1,0.21721311475409835,0.019044321329639888,0.039473684210526314,1.0,0.013157894736842105,1,1
20600172744,2024,HUANUCO,1,0.045454545454545456,1,0.21721311475409835,0.019044321329639888,0.039473684210526314,1.0,0.013157894736842105,1,1
20600184416,2024,HUANUCO,1,0.045454545454545456,1,0.21721311475409835,0.019044321329639888,0.039473684210526314,1.0,0.013157894736842105,1,1
20600259688,2024,HUANUCO,1,0.045454545454545456,1,0.21721311475409835,0.019044321329639888,0.039473684210526314,1.0,0.013157894736842105,1,1
20600330722,2024,HUANUCO,1,0.045454545454545456,1,0.21721311475409835,0.019044321329639888,0.039473684210526314,1.0,0.013157894736842105,1,1
20600347633,2024,HUANUCO,1,0.045454545454545456,1,0.21721311475409835,0.019044321329639888,0.039473684210526314,1.0,0.013157894736842105,1,1
20600349466,2024,HUANUCO,1,0.045454545454545456,1,0.21721311475409835,0.019044321329639888,0.039473684210526314,1.0,0.013157894736842105,1,1
20601161321,2024,HUANUCO,1,0.045454545454545456,1,0.21721311475409835,0.019044321329639888,0.039473684210526314,1.0,0.013157894736842105,1,1
20601421586,2024,HUANUCO,1,0.045454545454545456,1,0.21721311475409835,0.019044321329639888,0.039473684210526314,1.0,0.013157894736842105,1,1
20601486505,2024,HUANUCO,1,0.045454545454545456,1,0.21721311475409835,0.019044321329639888,0.039473684210526314,1.0,0.013157894736842105,1,1
20602473903,2024,HUANUCO,1,0.045454545454545456,1,0.21721311475409835,0.019044321329639888,0.039473684210526314,1.0,0.013157894736842105,1,1
20602486894,2024,HUANUCO,1,0.09090909090909091,2,0.23840830449826989,0.019044321329639888,0.039473684210526314,0.5,0.013157894736842105,1,2
20602500463,2024,HUANUCO,1,0.045454545454545456,1,0.21721311475409835,0.019044321329639888,0.039473684210526314,1.0,0.013157894736842105,1,1
20602633960,2024,HUANUCO,1,0.045454545454545456,1,0.21721311475409835,0.019044321329639888,0.039473684210526314,1.0,0.013157894736842105,1,1
20602924701,2024,HUANUCO,2,0.045454545454545456,2,0.21721311475409835,0.019044321329639888,0.039473684210526314,1.0,0.02631578947368421,1,1
20604048746,2024,HUANUCO,1,0.045454545454545456,1,0.21721311475409835,0.019044321329639888,0.039473684210526314,1.0,0.013157894736842105,1,1
20604488517,2024,HUANUCO,1,0.045454545454545456,1,0.21721311475409835,0.019044321329639888,0.039473684210526314,1.0,0.013157894736842105,1,1
20605583718,2024,HUANUCO,1,0.045454545454545456,1,0.21721311475409835,0.019044321329639888,0.039473684210526314,1.0,0.013157894736842105,1,1
20606330732,2024,HUANUCO,1,0.045454545454545456,1,0.21721311475409835,0.019044321329639888,0.039473684210526314,1.0,0.013157894736842105,1,1
20606862581,2024,HUANUCO,1,0.045454545454545456,1,0.21721311475409835,0.019044321329639888,0.039473684210526314,1.0,0.013157894736842105,1,1
20606908815,2024,HUANUCO,1,0.045454545454545456,1,0.21721311475409835,0.019044321329639888,0.039473684210526314,1.0,0.013157894736842105,1,1
20608077163,2024,HUANUCO,3,0.13636363636363635,7,0.24432624113475176,0.019044321329639888,0.039473684210526314,0.42857142857142855,0.039473684210526314,2,3
20608386794,2024,HUANUCO,2,0.045454545454545456,2,0.21721311475409835,0.019044321329639888,0.039473684210526314,1.0,0.02631578947368421,1,1
20608515551,2024,HUANUCO,1,0.045454545454545456,1,0.21721311475409835,0.019044321329639888,0.039473684210526314,1.0,0.013157894736842105,1,1
20610563580,2024,HUANUCO,1,0.045454545454545456,1,0.21721311475409835,0.019044321329639888,0.039473684210526314,1.0,0.013157894736842105,1,1
20610882499,2024,HUANUCO,1,0.045454545454545456,1,0.21721311475409835,0.019044321329639888,0.039473684210526314,1.0,0.013157894736842105,1,1
10401925461,2024,ICA,1,0.045454545454545456,1,0.20916818457802064,0.036250000000000004,0.075,1.0,0.025,1,1
20407412592,2024,ICA,1,0.09090909090909091,3,0.2706205813040063,0.036250000000000004,0.075,0.3333333333333333,0.025,1,3
20452457726,2024,ICA,1,0.045454545454545456,1,0.20916818457802064,0.036250000000000004,0.075,1.0,0.025,2,1
20452777470,2024,ICA,1,0.045454545454545456,1,0.20916818457802064,0.036250000000000004,0.075,1.0,0.025,1,1
20452795532,2024,ICA,1,0.045454545454545456,1,0.20916818457802064,0.036250000000000004,0.075,1.0,0.025,1,1
20493606736,2024,ICA,1,0.045454545454545456,1,0.20916818457802064,0.036250000000000004,0.075,1.0,0.025,1,2
20494263484,2024,ICA,2,0.045454545454545456,2,0.20916818457802064,0.036250000000000004,0.075,1.0,0.05,2,1
20494565065,2024,ICA,1,0.045454545454545456,1,0.20916818457802064,0.036250000000000004,0.075,1.0,0.025,1,1
20494665876,2024,ICA,1,0.045454545454545456,1,0.20916818457802064,0.036250000000000004,0.075,1.0,0.025,1,2
20494674352,2024,ICA,1,0.045454545454545456,1,0.20916818457802064,0.036250000000000004,0.075,1.0,0.025,1,1
20494690552,2024,ICA,3,0.045454545454545456,3,0.20916818457802064,0.036250000000000004,0.075,1.0,0.075,1,1
20510711824,2024,ICA,1,0.045454545454545456,1,0.20916818457802064,0.036250000000000004,0.075,1.0,0.025,2,1
20528910433,2024,ICA,1,0.09090909090909091,2,0.23136333109469442,0.036250000000000004,0.075,0.5,0.025,1,2
20531065019,2024,ICA,1,0.09090909090909091,2,0.2521961932650073,0.036250000000000004,0.075,0.5,0.025,1,3
20534175664,2024,ICA,1,0.045454545454545456,1,0.20916818457802064,0.036250000000000004,0.075,1.0,0.025,1,1
20534220473,2024,ICA,2,0.045454545454545456,2,0.20916818457802064,0.036250000000000004,0.075,1.0,0.05,1,1
20534500247,2024,ICA,3,0.045454545454545456,3,0.20916818457802064,0.036250000000000004,0.075,1.0,0.075,1,1
20534517131,2024,ICA,1,0.045454545454545456,1,0.20916818457802064,0.036250000000000004,0.075,1.0,0.025,1,1
20535195715,2024,ICA,1,0.045454545454545456,1,0.20916818457802064,0.036250000000000004,0.075,1.0,0.025,1,1
20541653156,2024,ICA,1,0.13636363636363635,7,0.2596081386586285,0.036250000000000004,0.075,0.14285714285714285,0.025,1,4
20544528026,2024,ICA,1,0.045454545454545456,1,0.20916818457802064,0.036250000000000004,0.075,1.0,0.025,1,1
20600029798,2024,ICA,1,0.13636363636363635,5,0.29775280898876405,0.036250000000000004,0.075,0.2,0.025,1,3
20600136586,2024,ICA,1,0.045454545454545456,1,0.20916818457802064,0.036250000000000004,0.075,1.0,0.025,1,1
20600292979,2024,ICA,1,0.045454545454545456,1,0.20916818457802064,0.036250000000000004,0.075,1.0,0.025,1,1
20600472233,2024,ICA,1,0.045454545454545456,1,0.20916818457802064,0.036250000000000004,0.075,1.0,0.025,2,1
20600998448,2024,ICA,1,0.045454545454545456,1,0.20916818457802064,0.036250000000000004,0.075,1.0,0.025,1,1
20601158362,2024,ICA,1,0.045454545454545456,1,0.20916818457802064,0.036250000000000004,0.075,1.0,0.025,1,1
20603202954,2024,ICA,1,0.045454545454545456,1,0.20916818457802064,0.036250000000000004,0.075,1.0,0.025,1,1
20604191522,2024,ICA,1,0.045454545454545456,1,0.20916818457802064,0.036250000000000004,0.075,1.0,0.025,1,1
20604749591,2024,ICA,1,0.045454545454545456,1,0.20916818457802064,0.036250000000000004,0.075,1.0,0.025,1,1
20605898905,2024,ICA,2,0.045454545454545456,2,0.20916818457802064,0.036250000000000004,0.075,1.0,0.05,1,1
20606457945,2024,ICA,1,0.045454545454545456,1,0.20916818457802064,0.036250000000000004,0.075,1.0,0.025,1,1
20607935972,2024,ICA,1,0.045454545454545456,1,0.20916818457802064,0.036250000000000004,0.075,1.0,0.025,1,1
20261295246,2024,JUNIN,1,0.09090909090909091,2,0.2658179012345679,0.011747618437353157,0.032679738562091505,0.5,0.006535947712418301,1,4
20282062080,2024,JUNIN,2,0.045454545454545456,2,0.2578592814371258,0.011747618437353157,0.032679738562091505,1.0,0.013071895424836602,1,1
20399273146,2024,JUNIN,1,0.09090909090909091,2,0.28191489361702127,0.011747618437353157,0.032679738562091505,0.5,0.006535947712418301,1,2
20401507818,2024,JUNIN,1,0.045454545454545456,1,0.2578592814371258,0.011747618437353157,0.032679738562091505,1.0,0.006535947712418301,1,1
20407412592,2024,JUNIN,2,0.09090909090909091,3,0.2706205813040063,0.011747618437353157,0.032679738562091505,0.6666666666666666,0.013071895424836602,2,3
20461112227,2024,JUNIN,1,0.09090909090909091,2,0.265,0.011747618437353157,0.032679738562091505,0.5,0.006535947712418301,2,3
20486093847,2024,JUNIN,1,0.045454545454545456,1,0.2578592814371258,0.011747618437353157,0.032679738562091505,1.0,0.006535947712418301,1,1
20486103079,2024,JUNIN,4,0.045454545454545456,4,0.2578592814371258,0.011747618437353157,0.032679738562091505,1.0,0.026143790849673203,1,1
20486132338,2024,JUNIN,3,0.045454545454545456,3,0.2578592814371258,0.011747618437353157,0.032679738562091505,1.0,0.0196078431372549,1,1
20486243750,2024,JUNIN,1,0.045454545454545456,1,0.2578592814371258,0.011747618437353157,0.032679738562091505,1.0,0.006535947712418301,1,1
20486404273,2024,JUNIN,1,0.09090909090909091,3,0.25902255639097743,0.011747618437353157,0.032679738562091505,0.3333333333333333,0.006535947712418301,1,2
20486558742,2024,JUNIN,1,0.045454545454545456,1,0.2578592814371258,0.011747618437353157,0.032679738562091505,1.0,0.006535947712418301,1,1
20486573113,2024,JUNIN,1,0.045454545454545456,1,0.2578592814371258,0.011747618437353157,0.032679738562091505,1.0,0.006535947712418301,3,1
20486625954,2024,JUNIN,1,0.045454545454545456,1,0.2578592814371258,0.011747618437353157,0.032679738562091505,1.0,0.006535947712418301,1,1
20486743302,2024,JUNIN,1,0.13636363636363635,4,0.3032570422535211,0.011747618437353157,0.032679738562091505,0.25,0.006535947712418301,1,3
20486807122,2024,JUNIN,1,0.045454545454545456,1,0.2578592814371258,0.011747618437353157,0.032679738562091505,1.0,0.006535947712418301,1,1
20486812479,2024,JUNIN,1,0.045454545454545456,1,0.2578592814371258,0.011747618437353157,0.032679738562091505,1.0,0.006535947712418301,1,1
20486887568,2024,JUNIN,1,0.045454545454545456,1,0.2578592814371258,0.011747618437353157,0.032679738562091505,1.0,0.006535947712418301,2,1
20486960401,2024,JUNIN,3,0.045454545454545456,3,0.2578592814371258,0.011747618437353157,0.032679738562091505,1.0,0.0196078431372549,2,6
20486995450,2024,JUNIN,1,0.045454545454545456,1,0.2578592814371258,0.011747618437353157,0.032679738562091505,1.0,0.006535947712418301,1,1
20487047512,2024,JUNIN,3,0.045454545454545456,3,0.2578592814371258,0.011747618437353157,0.032679738562091505,1.0,0.0196078431372549,1,1
20487065502,2024,JUNIN,1,0.045454545454545456,1,0.2578592814371258,0.011747618437353157,0.032679738562091505,1.0,0.006535947712418301,1,2
20487176169,2024,JUNIN,1,0.045454545454545456,1,0.2578592814371258,0.011747618437353157,0.032679738562091505,1.0,0.006535947712418301,1,1
20489371791,2024,JUNIN,1,0.045454545454545456,1,0.2578592814371258,0.011747618437353157,0.032679738562091505,1.0,0.006535947712418301,1,1
20489430399,2024,JUNIN,1,0.045454545454545456,1,0.2578592814371258,0.011747618437353157,0.032679738562091505,1.0,0.006535947712418301,1,2
20489432413,2024,JUNIN,1,0.045454545454545456,1,0.2578592814371258,0.011747618437353157,0.032679738562091505,1.0,0.006535947712418301,1,1
20489544998,2024,JUNIN,2,0.09090909090909091,3,0.2789473684210526,0.011747618437353157,0.032679738562091505,0.6666666666666666,0.013071895424836602,1,3
20489626706,2024,JUNIN,1,0.09090909090909091,2,0.28237704918032785,0.011747618437353157,0.032679738562091505,0.5,0.006535947712418301,1,2
20489684145,2024,JUNIN,1,0.09090909090909091,2,0.28237704918032785,0.011747618437353157,0.032679738562091505,0.5,0.006535947712418301,1,2
20489739900,2024,JUNIN,1,0.09090909090909091,2,0.289983164983165,0.011747618437353157,0.032679738562091505,0.5,0.006535947712418301,1,3
20493537742,2024,JUNIN,1,0.18181818181818182,7,0.2962166809974205,0.011747618437353157,0.032679738562091505,0.14285714285714285,0.006535947712418301,1,4
20494252521,2024,JUNIN,2,0.045454545454545456,2,0.2578592814371258,0.011747618437353157,0.032679738562091505,1.0,0.013071895424836602,1,1
20494854172,2024,JUNIN,1,0.045454545454545456,1,0.2578592814371258,0.011747618437353157,0.032679738562091505,1.0,0.006535947712418301,2,1
20494951020,2024,JUNIN,3,0.09090909090909091,4,0.28237704918032785,0.011747618437353157,0.032679738562091505,0.75,0.0196078431372549,1,3
20528917951,2024,JUNIN,2,0.045454545454545456,2,0.2578592814371258,0.011747618437353157,0.032679738562091505,1.0,0.013071895424836602,1,3
20528924221,2024,JUNIN,1,0.045454545454545456,1,0.2578592814371258,0.011747618437353157,0.032679738562091505,1.0,0.006535947712418301,1,2
20529068655,2024,JUNIN,1,0.09090909090909091,4,0.28237704918032785,0.011747618437353157,0.032679738562091505,0.25,0.006535947712418301,1,2
20529104988,2024,JUNIN,1,0.045454545454545456,1,0.2578592814371258,0.011747618437353157,0.032679738562091505,1.0,0.006535947712418301,2,1
20531455313,2024,JUNIN,1,0.09090909090909091,2,0.2708333333333333,0.011747618437353157,0.032679738562091505,0.5,0.006535947712418301,1,2
20534666218,2024,JUNIN,1,0.045454545454545456,1,0.2578592814371258,0.011747618437353157,0.032679738562091505,1.0,0.006535947712418301,1,1
20534839091,2024,JUNIN,1,0.045454545454545456,1,0.2578592814371258,0.011747618437353157,0.032679738562091505,1.0,0.006535947712418301,1,1
20535886033,2024,JUNIN,1,0.045454545454545456,1,0.2578592814371258,0.011747618437353157,0.032679738562091505,1.0,0.006535947712418301,1,1
20536612972,2024,JUNIN,1,0.2272727272727273,5,0.2934412265758092,0.011747618437353157,0.032679738562091505,0.2,0.006535947712418301,1,5
20541417851,2024,JUNIN,1,0.045454545454545456,1,0.2578592814371258,0.011747618437353157,0.032679738562091505,1.0,0.006535947712418301,1,1
20541453815,2024,JUNIN,2,0.045454545454545456,2,0.2578592814371258,0.011747618437353157,0.032679738562091505,1.0,0.013071895424836602,1,1
20541462644,2024,JUNIN,2,0.045454545454545456,2,0.2578592814371258,0.011747618437353157,0.032679738562091505,1.0,0.013071895424836602,2,1
20541556380,2024,JUNIN,1,0.045454545454545456,1,0.2578592814371258,0.011747618437353157,0.032679738562091505,1.0,0.006535947712418301,1,1
20541592777,2024,JUNIN,1,0.045454545454545456,1,0.2578592814371258,0.011747618437353157,0.032679738562091505,1.0,0.006535947712418301,1,1
20542153980,2024,JUNIN,1,0.045454545454545456,1,0.2578592814371258,0.011747618437353157,0.032679738562091505,1.0,0.006535947712418301,1,1
20546099220,2024,JUNIN,1,0.045454545454545456,1,0.2578592814371258,0.011747618437353157,0.032679738562091505,1.0,0.006535947712418301,1,1
20557209752,2024,JUNIN,1,0.045454545454545456,1,0.2578592814371258,0.011747618437353157,0.032679738562091505,1.0,0.006535947712418301,1,1
20568003790,2024,JUNIN,1,0.045454545454545456,1,0.2578592814371258,0.011747618437353157,0.032679738562091505,1.0,0.006535947712418301,1,1
20568050283,2024,JUNIN,2,0.045454545454545456,2,0.2578592814371258,0.011747618437353157,0.032679738562091505,1.0,0.013071895424836602,1,1
20568161786,2024,JUNIN,4,0.045454545454545456,4,0.2578592814371258,0.011747618437353157,0.032679738562091505,1.0,0.026143790849673203,1,2
20568163487,2024,JUNIN,1,0.045454545454545456,1,0.2578592814371258,0.011747618437353157,0.032679738562091505,1.0,0.006535947712418301,1,1
20568196491,2024,JUNIN,1,0.045454545454545456,1,0.2578592814371258,0.011747618437353157,0.032679738562091505,1.0,0.006535947712418301,1,1
20568210078,2024,JUNIN,1,0.045454545454545456,1,0.2578592814371258,0.011747618437353157,0.032679738562091505,1.0,0.006535947712418301,1,1
20568223307,2024,JUNIN,1,0.045454545454545456,1,0.2578592814371258,0.011747618437353157,0.032679738562091505,1.0,0.006535947712418301,2,2
20568237430,2024,JUNIN,1,0.045454545454545456,1,0.2578592814371258,0.011747618437353157,0.032679738562091505,1.0,0.006535947712418301,1,1
20568275013,2024,JUNIN,4,0.045454545454545456,4,0.2578592814371258,0.011747618437353157,0.032679738562091505,1.0,0.026143790849673203,1,1
20568327773,2024,JUNIN,1,0.045454545454545456,1,0.2578592814371258,0.011747618437353157,0.032679738562091505,1.0,0.006535947712418301,1,1
20568345755,2024,JUNIN,3,0.045454545454545456,3,0.2578592814371258,0.011747618437353157,0.032679738562091505,1.0,0.0196078431372549,1,1
20568360801,2024,JUNIN,1,0.045454545454545456,1,0.2578592814371258,0.011747618437353157,0.032679738562091505,1.0,0.006535947712418301,1,1
20568535376,2024,JUNIN,2,0.045454545454545456,2,0.2578592814371258,0.011747618437353157,0.032679738562091505,1.0,0.013071895424836602,2,1
20568684614,2024,JUNIN,1,0.045454545454545456,1,0.2578592814371258,0.011747618437353157,0.032679738562091505,1.0,0.006535947712418301,1,1
20568927886,2024,JUNIN,1,0.045454545454545456,1,0.2578592814371258,0.011747618437353157,0.032679738562091505,1.0,0.006535947712418301,1,1
20568971273,2024,JUNIN,1,0.045454545454545456,1,0.2578592814371258,0.011747618437353157,0.032679738562091505,1.0,0.006535947712418301,1,1
20569064792,2024,JUNIN,1,0.045454545454545456,1,0.2578592814371258,0.011747618437353157,0.032679738562091505,1.0,0.006535947712418301,1,1
20571395283,2024,JUNIN,1,0.18181818181818182,5,0.31721915285451197,0.011747618437353157,0.032679738562091505,0.2,0.006535947712418301,1,5
20573041977,2024,JUNIN,1,0.09090909090909091,2,0.2789473684210526,0.011747618437353157,0.032679738562091505,0.5,0.006535947712418301,1,2
20573819731,2024,JUNIN,1,0.045454545454545456,1,0.2578592814371258,0.011747618437353157,0.032679738562091505,1.0,0.006535947712418301,1,1
20573884711,2024,JUNIN,2,0.045454545454545456,2,0.2578592814371258,0.011747618437353157,0.032679738562091505,1.0,0.013071895424836602,1,1
20574702322,2024,JUNIN,1,0.045454545454545456,1,0.2578592814371258,0.011747618437353157,0.032679738562091505,1.0,0.006535947712418301,1,1
20600021045,2024,JUNIN,5,0.09090909090909091,6,0.2789473684210526,0.011747618437353157,0.032679738562091505,0.8333333333333334,0.032679738562091505,1,3
20600029798,2024,JUNIN,3,0.13636363636363635,5,0.29775280898876405,0.011747618437353157,0.032679738562091505,0.6,0.0196078431372549,1,3
20600060652,2024,JUNIN,1,0.045454545454545456,1,0.2578592814371258,0.011747618437353157,0.032679738562091505,1.0,0.006535947712418301,1,1
20600140893,2024,JUNIN,1,0.045454545454545456,1,0.2578592814371258,0.011747618437353157,0.032679738562091505,1.0,0.006535947712418301,1,2
20600160347,2024,JUNIN,2,0.045454545454545456,2,0.2578592814371258,0.011747618437353157,0.032679738562091505,1.0,0.013071895424836602,1,2
20600180771,2024,JUNIN,3,0.045454545454545456,3,0.2578592814371258,0.011747618437353157,0.032679738562091505,1.0,0.0196078431372549,1,3
20600258231,2024,JUNIN,1,0.045454545454545456,1,0.2578592814371258,0.011747618437353157,0.032679738562091505,1.0,0.006535947712418301,1,1
20600644531,2024,JUNIN,1,0.045454545454545456,1,0.2578592814371258,0.011747618437353157,0.032679738562091505,1.0,0.006535947712418301,1,1
20600696654,2024,JUNIN,1,0.045454545454545456,1,0.2578592814371258,0.011747618437353157,0.032679738562091505,1.0,0.006535947712418301,2,1
20600704762,2024,JUNIN,1,0.045454545454545456,1,0.2578592814371258,0.011747618437353157,0.032679738562091505,1.0,0.006535947712418301,1,1
20601409829,2024,JUNIN,1,0.045454545454545456,1,0.2578592814371258,0.011747618437353157,0.032679738562091505,1.0,0.006535947712418301,1,1
20601714966,2024,JUNIN,1,0.045454545454545456,1,0.2578592814371258,0.011747618437353157,0.032679738562091505,1.0,0.006535947712418301,1,2
20601762316,2024,JUNIN,1,0.045454545454545456,1,0.2578592814371258,0.011747618437353157,0.032679738562091505,1.0,0.006535947712418301,1,1
20601792789,2024,JUNIN,1,0.045454545454545456,1,0.2578592814371258,0.011747618437353157,0.032679738562091505,1.0,0.006535947712418301,1,1
20602125247,2024,JUNIN,1,0.045454545454545456,1,0.2578592814371258,0.011747618437353157,0.032679738562091505,1.0,0.006535947712418301,1,1
20602246575,2024,JUNIN,1,0.045454545454545456,1,0.2578592814371258,0.011747618437353157,0.032679738562091505,1.0,0.006535947712418301,1,1
20602262201,2024,JUNIN,1,0.045454545454545456,1,0.2578592814371258,0.011747618437353157,0.032679738562091505,1.0,0.006535947712418301,2,1
20602429670,2024,JUNIN,1,0.09090909090909091,2,0.26459293394777267,0.011747618437353157,0.032679738562091505,0.5,0.006535947712418301,1,2
20602648967,2024,JUNIN,1,0.045454545454545456,1,0.2578592814371258,0.011747618437353157,0.032679738562091505,1.0,0.006535947712418301,1,1
20603206186,2024,JUNIN,1,0.045454545454545456,1,0.2578592814371258,0.011747618437353157,0.032679738562091505,1.0,0.006535947712418301,1,1
20603433867,2024,JUNIN,2,0.045454545454545456,2,0.2578592814371258,0.011747618437353157,0.032679738562091505,1.0,0.013071895424836602,1,1
20603554257,2024,JUNIN,1,0.045454545454545456,1,0.2578592814371258,0.011747618437353157,0.032679738562091505,1.0,0.006535947712418301,1,1
20604863806,2024,JUNIN,1,0.045454545454545456,1,0.2578592814371258,0.011747618437353157,0.032679738562091505,1.0,0.006535947712418301,1,1
20605423877,2024,JUNIN,1,0.045454545454545456,1,0.2578592814371258,0.011747618437353157,0.032679738562091505,1.0,0.006535947712418301,1,1
20605623612,2024,JUNIN,1,0.045454545454545456,1,0.2578592814371258,0.011747618437353157,0.032679738562091505,1.0,0.006535947712418301,1,1
20606460199,2024,JUNIN,1,0.045454545454545456,1,0.2578592814371258,0.011747618437353157,0.032679738562091505,1.0,0.006535947712418301,1,1
20607687898,2024,JUNIN,1,0.045454545454545456,1,0.2578592814371258,0.011747618437353157,0.032679738562091505,1.0,0.006535947712418301,1,1
20607804134,2024,JUNIN,1,0.045454545454545456,1,0.2578592814371258,0.011747618437353157,0.032679738562091505,1.0,0.006535947712418301,1,1
20608429191,2024,JUNIN,1,0.045454545454545456,1,0.2578592814371258,0.011747618437353157,0.032679738562091505,1.0,0.006535947712418301,1,1
20608699181,2024,JUNIN,1,0.045454545454545456,1,0.2578592814371258,0.011747618437353157,0.032679738562091505,1.0,0.006535947712418301,1,1
20608817141,2024,JUNIN,1,0.045454545454545456,1,0.2578592814371258,0.011747618437353157,0.032679738562091505,1.0,0.006535947712418301,1,1
20609212129,2024,JUNIN,1,0.045454545454545456,1,0.2578592814371258,0.011747618437353157,0.032679738562091505,1.0,0.006535947712418301,1,1
20609958023,2024,JUNIN,1,0.045454545454545456,1,0.2578592814371258,0.011747618437353157,0.032679738562091505,1.0,0.006535947712418301,1,1
20610065571,2024,JUNIN,1,0.045454545454545456,1,0.2578592814371258,0.011747618437353157,0.032679738562091505,1.0,0.006535947712418301,1,1
20610305670,2024,JUNIN,1,0.045454545454545456,1,0.2578592814371258,0.011747618437353157,0.032679738562091505,1.0,0.006535947712418301,1,1
20610414878,2024,JUNIN,1,0.045454545454545456,1,0.2578592814371258,0.011747618437353157,0.032679738562091505,1.0,0.006535947712418301,1,1
20610515887,2024,JUNIN,1,0.045454545454545456,1,0.2578592814371258,0.011747618437353157,0.032679738562091505,1.0,0.006535947712418301,1,1
20610907076,2024,JUNIN,1,0.045454545454545456,1,0.2578592814371258,0.011747618437353157,0.032679738562091505,1.0,0.006535947712418301,1,1
20611005734,2024,JUNIN,1,0.045454545454545456,1,0.2578592814371258,0.011747618437353157,0.032679738562091505,1.0,0.006535947712418301,1,1
20611286962,2024,JUNIN,1,0.045454545454545456,1,0.2578592814371258,0.011747618437353157,0.032679738562091505,1.0,0.006535947712418301,1,1
20611396652,2024,JUNIN,1,0.045454545454545456,1,0.2578592814371258,0.011747618437353157,0.032679738562091505,1.0,0.006535947712418301,1,1
10103154931,2024,LA LIBERTAD,1,0.045454545454545456,1,0.206163973668462,0.023356401384083045,0.058823529411764705,1.0,0.014705882352941176,1,1
10167869667,2024,LA LIBERTAD,2,0.045454545454545456,2,0.206163973668462,0.023356401384083045,0.058823529411764705,1.0,0.029411764705882353,1,1
10179063455,2024,LA LIBERTAD,2,0.045454545454545456,2,0.206163973668462,0.023356401384083045,0.058823529411764705,1.0,0.029411764705882353,1,1
10267064780,2024,LA LIBERTAD,2,0.045454545454545456,2,0.206163973668462,0.023356401384083045,0.058823529411764705,1.0,0.029411764705882353,1,1
10404371865,2024,LA LIBERTAD,1,0.045454545454545456,1,0.206163973668462,0.023356401384083045,0.058823529411764705,1.0,0.014705882352941176,1,1
10405680888,2024,LA LIBERTAD,1,0.045454545454545456,1,0.206163973668462,0.023356401384083045,0.058823529411764705,1.0,0.014705882352941176,1,1
10413692518,2024,LA LIBERTAD,1,0.045454545454545456,1,0.206163973668462,0.023356401384083045,0.058823529411764705,1.0,0.014705882352941176,1,1
10417310245,2024,LA LIBERTAD,1,0.045454545454545456,1,0.206163973668462,0.023356401384083045,0.058823529411764705,1.0,0.014705882352941176,1,1
10421685253,2024,LA LIBERTAD,1,0.045454545454545456,1,0.206163973668462,0.023356401384083045,0.058823529411764705,1.0,0.014705882352941176,1,1
10426481915,2024,LA LIBERTAD,1,0.045454545454545456,1,0.206163973668462,0.023356401384083045,0.058823529411764705,1.0,0.014705882352941176,1,1
10453522542,2024,LA LIBERTAD,1,0.09090909090909091,2,0.24981870920957217,0.023356401384083045,0.058823529411764705,0.5,0.014705882352941176,1,2
20100028698,2024,LA LIBERTAD,1,0.045454545454545456,1,0.206163973668462,0.023356401384083045,0.058823529411764705,1.0,0.014705882352941176,1,1
20134676508,2024,LA LIBERTAD,1,0.045454545454545456,1,0.206163973668462,0.023356401384083045,0.058823529411764705,1.0,0.014705882352941176,1,1
20144691173,2024,LA LIBERTAD,2,0.045454545454545456,2,0.206163973668462,0.023356401384083045,0.058823529411764705,1.0,0.029411764705882353,2,3
20205328662,2024,LA LIBERTAD,3,0.09090909090909091,4,0.21122011036174126,0.023356401384083045,0.058823529411764705,0.75,0.04411764705882353,2,2
20354444594,2024,LA LIBERTAD,1,0.045454545454545456,1,0.206163973668462,0.023356401384083045,0.058823529411764705,1.0,0.014705882352941176,1,1
20354826799,2024,LA LIBERTAD,2,0.045454545454545456,2,0.206163973668462,0.023356401384083045,0.058823529411764705,1.0,0.029411764705882353,1,1
20355337619,2024,LA LIBERTAD,2,0.045454545454545456,2,0.206163973668462,0.023356401384083045,0.058823529411764705,1.0,0.029411764705882353,2,2
20393340208,2024,LA LIBERTAD,1,0.09090909090909091,2,0.25766641735228124,0.023356401384083045,0.058823529411764705,0.5,0.014705882352941176,1,3
20398604734,2024,LA LIBERTAD,1,0.045454545454545456,1,0.206163973668462,0.023356401384083045,0.058823529411764705,1.0,0.014705882352941176,1,1
20438958771,2024,LA LIBERTAD,1,0.045454545454545456,1,0.206163973668462,0.023356401384083045,0.058823529411764705,1.0,0.014705882352941176,1,1
20440178147,2024,LA LIBERTAD,1,0.045454545454545456,1,0.206163973668462,0.023356401384083045,0.058823529411764705,1.0,0.014705882352941176,1,1
20477156445,2024,LA LIBERTAD,1,0.045454545454545456,1,0.206163973668462,0.023356401384083045,0.058823529411764705,1.0,0.014705882352941176,1,1
20477216952,2024,LA LIBERTAD,1,0.045454545454545456,1,0.206163973668462,0.023356401384083045,0.058823529411764705,1.0,0.014705882352941176,1,2
20481030146,2024,LA LIBERTAD,1,0.045454545454545456,1,0.206163973668462,0.023356401384083045,0.058823529411764705,1.0,0.014705882352941176,1,1
20481146951,2024,LA LIBERTAD,1,0.045454545454545456,1,0.206163973668462,0.023356401384083045,0.058823529411764705,1.0,0.014705882352941176,1,1
20481265704,2024,LA LIBERTAD,1,0.045454545454545456,1,0.206163973668462,0.023356401384083045,0.058823529411764705,1.0,0.014705882352941176,1,1
20481446326,2024,LA LIBERTAD,1,0.045454545454545456,1,0.206163973668462,0.023356401384083045,0.058823529411764705,1.0,0.014705882352941176,1,2
20481475342,2024,LA LIBERTAD,1,0.045454545454545456,1,0.206163973668462,0.023356401384083045,0.058823529411764705,1.0,0.014705882352941176,2,1
20481561265,2024,LA LIBERTAD,4,0.045454545454545456,4,0.206163973668462,0.023356401384083045,0.058823529411764705,1.0,0.058823529411764705,2,1
20481871027,2024,LA LIBERTAD,1,0.045454545454545456,1,0.206163973668462,0.023356401384083045,0.058823529411764705,1.0,0.014705882352941176,2,1
20481966672,2024,LA LIBERTAD,1,0.045454545454545456,1,0.206163973668462,0.023356401384083045,0.058823529411764705,1.0,0.014705882352941176,2,1
20482100580,2024,LA LIBERTAD,1,0.09090909090909091,2,0.207905853952927,0.023356401384083045,0.058823529411764705,0.5,0.014705882352941176,1,2
20482530592,2024,LA LIBERTAD,1,0.045454545454545456,1,0.206163973668462,0.023356401384083045,0.058823529411764705,1.0,0.014705882352941176,1,1
20494397090,2024,LA LIBERTAD,1,0.045454545454545456,1,0.206163973668462,0.023356401384083045,0.058823529411764705,1.0,0.014705882352941176,1,2
20494883865,2024,LA LIBERTAD,1,0.09090909090909091,3,0.24981870920957217,0.023356401384083045,0.058823529411764705,0.3333333333333333,0.014705882352941176,1,2
20495042333,2024,LA LIBERTAD,1,0.045454545454545456,1,0.206163973668462,0.023356401384083045,0.058823529411764705,1.0,0.014705882352941176,1,2
20495875891,2024,LA LIBERTAD,1,0.045454545454545456,1,0.206163973668462,0.023356401384083045,0.058823529411764705,1.0,0.014705882352941176,1,1
20496014686,2024,LA LIBERTAD,1,0.045454545454545456,1,0.206163973668462,0.023356401384083045,0.058823529411764705,1.0,0.014705882352941176,1,1
20525333923,2024,LA LIBERTAD,1,0.09090909090909091,2,0.23907009021512837,0.023356401384083045,0.058823529411764705,0.5,0.014705882352941176,1,2
20529656751,2024,LA LIBERTAD,2,0.045454545454545456,2,0.206163973668462,0.023356401384083045,0.058823529411764705,1.0,0.029411764705882353,3,1
20536612972,2024,LA LIBERTAD,1,0.2272727272727273,5,0.2934412265758092,0.023356401384083045,0.058823529411764705,0.2,0.014705882352941176,1,5
20537169207,2024,LA LIBERTAD,1,0.09090909090909091,2,0.2062874251497006,0.023356401384083045,0.058823529411764705,0.5,0.014705882352941176,1,3
20539094930,2024,LA LIBERTAD,1,0.045454545454545456,1,0.206163973668462,0.023356401384083045,0.058823529411764705,1.0,0.014705882352941176,2,1
20544771478,2024,LA LIBERTAD,2,0.045454545454545456,2,0.206163973668462,0.023356401384083045,0.058823529411764705,1.0,0.029411764705882353,2,1
20601226279,2024,LA LIBERTAD,3,0.045454545454545456,3,0.206163973668462,0.023356401384083045,0.058823529411764705,1.0,0.04411764705882353,2,1
20601488257,2024,LA LIBERTAD,1,0.045454545454545456,1,0.206163973668462,0.023356401384083045,0.058823529411764705,1.0,0.014705882352941176,1,1
20602455085,2024,LA LIBERTAD,1,0.045454545454545456,1,0.206163973668462,0.023356401384083045,0.058823529411764705,1.0,0.014705882352941176,1,1
20602523129,2024,LA LIBERTAD,1,0.045454545454545456,1,0.206163973668462,0.023356401384083045,0.058823529411764705,1.0,0.014705882352941176,1,1
20602842330,2024,LA LIBERTAD,1,0.09090909090909091,2,0.2062874251497006,0.023356401384083045,0.058823529411764705,0.5,0.014705882352941176,1,2
20605515739,2024,LA LIBERTAD,1,0.045454545454545456,1,0.206163973668462,0.023356401384083045,0.058823529411764705,1.0,0.014705882352941176,1,1
20606265892,2024,LA LIBERTAD,1,0.045454545454545456,1,0.206163973668462,0.023356401384083045,0.058823529411764705,1.0,0.014705882352941176,1,1
20611394315,2024,LA LIBERTAD,1,0.045454545454545456,1,0.206163973668462,0.023356401384083045,0.058823529411764705,1.0,0.014705882352941176,1,1
10164660775,2024,LAMBAYEQUE,2,0.045454545454545456,2,0.22829688535453943,0.03666817564508827,0.0851063829787234,1.0,0.0425531914893617,1,1
20164843263,2024,LAMBAYEQUE,1,0.045454545454545456,1,0.22829688535453943,0.03666817564508827,0.0851063829787234,1.0,0.02127659574468085,1,1
20445200019,2024,LAMBAYEQUE,1,0.09090909090909091,3,0.2621765601217656,0.03666817564508827,0.0851063829787234,0.3333333333333333,0.02127659574468085,1,2
20480403496,2024,LAMBAYEQUE,3,0.09090909090909091,4,0.25036337209302323,0.03666817564508827,0.0851063829787234,0.75,0.06382978723404255,3,2
20487698882,2024,LAMBAYEQUE,1,0.045454545454545456,1,0.22829688535453943,0.03666817564508827,0.0851063829787234,1.0,0.02127659574468085,1,1
20487931854,2024,LAMBAYEQUE,1,0.045454545454545456,1,0.22829688535453943,0.03666817564508827,0.0851063829787234,1.0,0.02127659574468085,2,1
20488351398,2024,LAMBAYEQUE,1,0.045454545454545456,1,0.22829688535453943,0.03666817564508827,0.0851063829787234,1.0,0.02127659574468085,1,2
20491656761,2024,LAMBAYEQUE,2,0.09090909090909091,3,0.24346289752650177,0.03666817564508827,0.0851063829787234,0.6666666666666666,0.0425531914893617,1,3
20495669301,2024,LAMBAYEQUE,1,0.045454545454545456,1,0.22829688535453943,0.03666817564508827,0.0851063829787234,1.0,0.02127659574468085,1,1
20495973981,2024,LAMBAYEQUE,1,0.045454545454545456,1,0.22829688535453943,0.03666817564508827,0.0851063829787234,1.0,0.02127659574468085,1,1
20496149425,2024,LAMBAYEQUE,2,0.045454545454545456,2,0.22829688535453943,0.03666817564508827,0.0851063829787234,1.0,0.0425531914893617,1,1
20515422154,2024,LAMBAYEQUE,1,0.13636363636363635,3,0.27472089314194575,0.03666817564508827,0.0851063829787234,0.3333333333333333,0.02127659574468085,1,3
20517562158,2024,LAMBAYEQUE,1,0.045454545454545456,1,0.22829688535453943,0.03666817564508827,0.0851063829787234,1.0,0.02127659574468085,1,3
20525333923,2024,LAMBAYEQUE,1,0.09090909090909091,2,0.23907009021512837,0.03666817564508827,0.0851063829787234,0.5,0.02127659574468085,1,2
20525909221,2024,LAMBAYEQUE,1,0.045454545454545456,1,0.22829688535453943,0.03666817564508827,0.0851063829787234,1.0,0.02127659574468085,1,1
20534166240,2024,LAMBAYEQUE,1,0.13636363636363635,4,0.26059001512859303,0.03666817564508827,0.0851063829787234,0.25,0.02127659574468085,1,5
20536612972,2024,LAMBAYEQUE,1,0.2272727272727273,5,0.2934412265758092,0.03666817564508827,0.0851063829787234,0.2,0.02127659574468085,1,5
20539023323,2024,LAMBAYEQUE,4,0.045454545454545456,4,0.22829688535453943,0.03666817564508827,0.0851063829787234,1.0,0.0851063829787234,1,1
20540071595,2024,LAMBAYEQUE,1,0.045454545454545456,1,0.22829688535453943,0.03666817564508827,0.0851063829787234,1.0,0.02127659574468085,1,1
20542072637,2024,LAMBAYEQUE,1,0.045454545454545456,1,0.22829688535453943,0.03666817564508827,0.0851063829787234,1.0,0.02127659574468085,1,1
20542350033,2024,LAMBAYEQUE,1,0.13636363636363635,4,0.26459293394777267,0.03666817564508827,0.0851063829787234,0.25,0.02127659574468085,1,3
20560168994,2024,LAMBAYEQUE,2,0.13636363636363635,5,0.25728155339805825,0.03666817564508827,0.0851063829787234,0.4,0.0425531914893617,1,3
20561126934,2024,LAMBAYEQUE,2,0.045454545454545456,2,0.22829688535453943,0.03666817564508827,0.0851063829787234,1.0,0.0425531914893617,1,1
20571505488,2024,LAMBAYEQUE,1,0.045454545454545456,1,0.22829688535453943,0.03666817564508827,0.0851063829787234,1.0,0.02127659574468085,1,2
20600721179,2024,LAMBAYEQUE,2,0.09090909090909091,3,0.25036337209302323,0.03666817564508827,0.0851063829787234,0.6666666666666666,0.0425531914893617,1,3
20601642604,2024,LAMBAYEQUE,1,0.045454545454545456,1,0.22829688535453943,0.03666817564508827,0.0851063829787234,1.0,0.02127659574468085,1,1
20602126120,2024,LAMBAYEQUE,2,0.045454545454545456,2,0.22829688535453943,0.03666817564508827,0.0851063829787234,1.0,0.0425531914893617,1,1
20602698409,2024,LAMBAYEQUE,2,0.045454545454545456,2,0.22829688535453943,0.03666817564508827,0.0851063829787234,1.0,0.0425531914893617,1,2
20603025301,2024,LAMBAYEQUE,1,0.045454545454545456,1,0.22829688535453943,0.03666817564508827,0.0851063829787234,1.0,0.02127659574468085,1,1
20604451648,2024,LAMBAYEQUE,1,0.045454545454545456,1,0.22829688535453943,0.03666817564508827,0.0851063829787234,1.0,0.02127659574468085,1,2
20604942480,2024,LAMBAYEQUE,1,0.045454545454545456,1,0.22829688535453943,0.03666817564508827,0.0851063829787234,1.0,0.02127659574468085,1,1
20605524649,2024,LAMBAYEQUE,1,0.045454545454545456,1,0.22829688535453943,0.03666817564508827,0.0851063829787234,1.0,0.02127659574468085,1,1
20607488003,2024,LAMBAYEQUE,1,0.045454545454545456,1,0.22829688535453943,0.03666817564508827,0.0851063829787234,1.0,0.02127659574468085,1,1
99000035293,2024,LAMBAYEQUE,1,0.13636363636363635,4,0.26438986953184956,0.03666817564508827,0.0851063829787234,0.25,0.02127659574468085,1,3
20298049822,2024,LIMA,1,0.045454545454545456,1,0.24642346208869814,0.016087278106508878,0.04807692307692308,1.0,0.009615384615384616,1,1
20300116192,2024,LIMA,1,0.045454545454545456,1,0.24642346208869814,0.016087278106508878,0.04807692307692308,1.0,0.009615384615384616,1,1
20393340208,2024,LIMA,1,0.09090909090909091,2,0.25766641735228124,0.016087278106508878,0.04807692307692308,0.5,0.009615384615384616,1,3
20393667894,2024,LIMA,1,0.045454545454545456,1,0.24642346208869814,0.016087278106508878,0.04807692307692308,1.0,0.009615384615384616,1,2
20408010498,2024,LIMA,1,0.045454545454545456,1,0.24642346208869814,0.016087278106508878,0.04807692307692308,1.0,0.009615384615384616,1,2
20445200019,2024,LIMA,2,0.09090909090909091,3,0.2621765601217656,0.016087278106508878,0.04807692307692308,0.6666666666666666,0.019230769230769232,3,2
20445558592,2024,LIMA,1,0.045454545454545456,1,0.24642346208869814,0.016087278106508878,0.04807692307692308,1.0,0.009615384615384616,1,1
20481456712,2024,LIMA,2,0.045454545454545456,2,0.24642346208869814,0.016087278106508878,0.04807692307692308,1.0,0.019230769230769232,1,2
20482435417,2024,LIMA,1,0.045454545454545456,1,0.24642346208869814,0.016087278106508878,0.04807692307692308,1.0,0.009615384615384616,1,1
20484107239,2024,LIMA,1,0.045454545454545456,1,0.24642346208869814,0.016087278106508878,0.04807692307692308,1.0,0.009615384615384616,1,1
20486743302,2024,LIMA,2,0.13636363636363635,4,0.3032570422535211,0.016087278106508878,0.04807692307692308,0.5,0.019230769230769232,1,3
20486976404,2024,LIMA,2,0.045454545454545456,2,0.24642346208869814,0.016087278106508878,0.04807692307692308,1.0,0.019230769230769232,1,1
20486990903,2024,LIMA,1,0.045454545454545456,1,0.24642346208869814,0.016087278106508878,0.04807692307692308,1.0,0.009615384615384616,1,1
20489304687,2024,LIMA,1,0.045454545454545456,1,0.24642346208869814,0.016087278106508878,0.04807692307692308,1.0,0.009615384615384616,1,3
20489536979,2024,LIMA,1,0.09090909090909091,3,0.25766641735228124,0.016087278106508878,0.04807692307692308,0.3333333333333333,0.009615384615384616,1,4
20489739900,2024,LIMA,1,0.09090909090909091,2,0.289983164983165,0.016087278106508878,0.04807692307692308,0.5,0.009615384615384616,1,3
20491358077,2024,LIMA,1,0.045454545454545456,1,0.24642346208869814,0.016087278106508878,0.04807692307692308,1.0,0.009615384615384616,1,1
20495031137,2024,LIMA,3,0.045454545454545456,3,0.24642346208869814,0.016087278106508878,0.04807692307692308,1.0,0.028846153846153848,1,2
20502322711,2024,LIMA,1,0.045454545454545456,1,0.24642346208869814,0.016087278106508878,0.04807692307692308,1.0,0.009615384615384616,1,2
20502496035,2024,LIMA,2,0.045454545454545456,2,0.24642346208869814,0.016087278106508878,0.04807692307692308,1.0,0.019230769230769232,1,1
20506003351,2024,LIMA,1,0.045454545454545456,1,0.24642346208869814,0.016087278106508878,0.04807692307692308,1.0,0.009615384615384616,1,4
20507991662,2024,LIMA,1,0.045454545454545456,1,0.24642346208869814,0.016087278106508878,0.04807692307692308,1.0,0.009615384615384616,1,3
20509958875,2024,LIMA,1,0.045454545454545456,1,0.24642346208869814,0.016087278106508878,0.04807692307692308,1.0,0.009615384615384616,1,1
20514405442,2024,LIMA,4,0.045454545454545456,4,0.24642346208869814,0.016087278106508878,0.04807692307692308,1.0,0.038461538461538464,1,1
20515422154,2024,LIMA,1,0.13636363636363635,3,0.27472089314194575,0.016087278106508878,0.04807692307692308,0.3333333333333333,0.009615384615384616,1,3
20515485318,2024,LIMA,1,0.045454545454545456,1,0.24642346208869814,0.016087278106508878,0.04807692307692308,1.0,0.009615384615384616,1,1
20516419572,2024,LIMA,2,0.045454545454545456,2,0.24642346208869814,0.016087278106508878,0.04807692307692308,1.0,0.019230769230769232,1,2
20517785530,2024,LIMA,1,0.045454545454545456,1,0.24642346208869814,0.016087278106508878,0.04807692307692308,1.0,0.009615384615384616,1,1
20521479991,2024,LIMA,1,0.045454545454545456,1,0.24642346208869814,0.016087278106508878,0.04807692307692308,1.0,0.009615384615384616,1,1
20523386469,2024,LIMA,1,0.09090909090909091,2,0.257089552238806,0.016087278106508878,0.04807692307692308,0.5,0.009615384615384616,3,4
20529066521,2024,LIMA,1,0.13636363636363635,3,0.2758206565252202,0.016087278106508878,0.04807692307692308,0.3333333333333333,0.009615384615384616,1,5
20529202998,2024,LIMA,2,0.18181818181818182,5,0.28353909465020577,0.016087278106508878,0.04807692307692308,0.4,0.019230769230769232,1,4
20531049838,2024,LIMA,1,0.045454545454545456,1,0.24642346208869814,0.016087278106508878,0.04807692307692308,1.0,0.009615384615384616,2,1
20531065019,2024,LIMA,1,0.09090909090909091,2,0.2521961932650073,0.016087278106508878,0.04807692307692308,0.5,0.009615384615384616,1,3
20531808763,2024,LIMA,1,0.045454545454545456,1,0.24642346208869814,0.016087278106508878,0.04807692307692308,1.0,0.009615384615384616,1,1
20531857381,2024,LIMA,1,0.045454545454545456,1,0.24642346208869814,0.016087278106508878,0.04807692307692308,1.0,0.009615384615384616,1,1
20533652213,2024,LIMA,3,0.13636363636363635,5,0.2631779984721161,0.016087278106508878,0.04807692307692308,0.6,0.028846153846153848,1,4
20533974415,2024,LIMA,1,0.045454545454545456,1,0.24642346208869814,0.016087278106508878,0.04807692307692308,1.0,0.009615384615384616,1,2
20534002646,2024,LIMA,1,0.045454545454545456,1,0.24642346208869814,0.016087278106508878,0.04807692307692308,1.0,0.009615384615384616,1,1
20534016949,2024,LIMA,1,0.09090909090909091,2,0.2699843260188088,0.016087278106508878,0.04807692307692308,0.5,0.009615384615384616,1,3
20534179571,2024,LIMA,1,0.045454545454545456,1,0.24642346208869814,0.016087278106508878,0.04807692307692308,1.0,0.009615384615384616,1,1
20534861185,2024,LIMA,1,0.045454545454545456,1,0.24642346208869814,0.016087278106508878,0.04807692307692308,1.0,0.009615384615384616,1,1
20537185661,2024,LIMA,1,0.045454545454545456,1,0.24642346208869814,0.016087278106508878,0.04807692307692308,1.0,0.009615384615384616,1,1
20541546660,2024,LIMA,1,0.045454545454545456,1,0.24642346208869814,0.016087278106508878,0.04807692307692308,1.0,0.009615384615384616,1,1
20542059291,2024,LIMA,2,0.045454545454545456,2,0.24642346208869814,0.016087278106508878,0.04807692307692308,1.0,0.019230769230769232,1,1
20542191059,2024,LIMA,1,0.09090909090909091,4,0.25766641735228124,0.016087278106508878,0.04807692307692308,0.25,0.009615384615384616,1,4
20543604951,2024,LIMA,1,0.045454545454545456,1,0.24642346208869814,0.016087278106508878,0.04807692307692308,1.0,0.009615384615384616,1,1
20546813569,2024,LIMA,1,0.045454545454545456,1,0.24642346208869814,0.016087278106508878,0.04807692307692308,1.0,0.009615384615384616,1,1
20549823565,2024,LIMA,1,0.045454545454545456,1,0.24642346208869814,0.016087278106508878,0.04807692307692308,1.0,0.009615384615384616,1,1
20552839073,2024,LIMA,1,0.09090909090909091,2,0.25766641735228124,0.016087278106508878,0.04807692307692308,0.5,0.009615384615384616,1,2
20559507769,2024,LIMA,1,0.09090909090909091,2,0.24891618497109827,0.016087278106508878,0.04807692307692308,0.5,0.009615384615384616,1,2
20561206539,2024,LIMA,1,0.045454545454545456,1,0.24642346208869814,0.016087278106508878,0.04807692307692308,1.0,0.009615384615384616,1,1
20568778198,2024,LIMA,2,0.045454545454545456,2,0.24642346208869814,0.016087278106508878,0.04807692307692308,1.0,0.019230769230769232,1,1
20571395283,2024,LIMA,1,0.18181818181818182,5,0.31721915285451197,0.016087278106508878,0.04807692307692308,0.2,0.009615384615384616,1,5
20600029798,2024,LIMA,1,0.13636363636363635,5,0.29775280898876405,0.016087278106508878,0.04807692307692308,0.2,0.009615384615384616,1,3
20600129938,2024,LIMA,1,0.045454545454545456,1,0.24642346208869814,0.016087278106508878,0.04807692307692308,1.0,0.009615384615384616,1,1
20600373871,2024,LIMA,1,0.045454545454545456,1,0.24642346208869814,0.016087278106508878,0.04807692307692308,1.0,0.009615384615384616,1,1
20600433050,2024,LIMA,2,0.045454545454545456,2,0.24642346208869814,0.016087278106508878,0.04807692307692308,1.0,0.019230769230769232,1,1
20600441001,2024,LIMA,2,0.045454545454545456,2,0.24642346208869814,0.016087278106508878,0.04807692307692308,1.0,0.019230769230769232,1,1
20600615581,2024,LIMA,1,0.045454545454545456,1,0.24642346208869814,0.016087278106508878,0.04807692307692308,1.0,0.009615384615384616,1,1
20600813804,2024,LIMA,1,0.045454545454545456,1,0.24642346208869814,0.016087278106508878,0.04807692307692308,1.0,0.009615384615384616,1,1
20601324491,2024,LIMA,1,0.09090909090909091,2,0.2603930461073318,0.016087278106508878,0.04807692307692308,0.5,0.009615384615384616,1,2
20601597773,2024,LIMA,1,0.045454545454545456,1,0.24642346208869814,0.016087278106508878,0.04807692307692308,1.0,0.009615384615384616,1,1
20601831717,2024,LIMA,1,0.045454545454545456,1,0.24642346208869814,0.016087278106508878,0.04807692307692308,1.0,0.009615384615384616,1,1
20602164986,2024,LIMA,1,0.045454545454545456,1,0.24642346208869814,0.016087278106508878,0.04807692307692308,1.0,0.009615384615384616,1,1
20602480357,2024,LIMA,1,0.045454545454545456,1,0.24642346208869814,0.016087278106508878,0.04807692307692308,1.0,0.009615384615384616,1,1
20602747868,2024,LIMA,1,0.045454545454545456,1,0.24642346208869814,0.016087278106508878,0.04807692307692308,1.0,0.009615384615384616,1,1
20602932771,2024,LIMA,1,0.045454545454545456,1,0.24642346208869814,0.016087278106508878,0.04807692307692308,1.0,0.009615384615384616,1,1
20603234279,2024,LIMA,5,0.045454545454545456,5,0.24642346208869814,0.016087278106508878,0.04807692307692308,1.0,0.04807692307692308,1,1
20603812388,2024,LIMA,1,0.045454545454545456,1,0.24642346208869814,0.016087278106508878,0.04807692307692308,1.0,0.009615384615384616,1,1
20604421633,2024,LIMA,2,0.045454545454545456,2,0.24642346208869814,0.016087278106508878,0.04807692307692308,1.0,0.019230769230769232,1,1
20604488681,2024,LIMA,2,0.045454545454545456,2,0.24642346208869814,0.016087278106508878,0.04807692307692308,1.0,0.019230769230769232,1,1
20604903328,2024,LIMA,1,0.045454545454545456,1,0.24642346208869814,0.016087278106508878,0.04807692307692308,1.0,0.009615384615384616,1,1
20605324151,2024,LIMA,1,0.045454545454545456,1,0.24642346208869814,0.016087278106508878,0.04807692307692308,1.0,0.009615384615384616,1,1
20606580437,2024,LIMA,1,0.045454545454545456,1,0.24642346208869814,0.016087278106508878,0.04807692307692308,1.0,0.009615384615384616,1,1
20606792752,2024,LIMA,1,0.045454545454545456,1,0.24642346208869814,0.016087278106508878,0.04807692307692308,1.0,0.009615384615384616,1,1
20607057355,2024,LIMA,1,0.045454545454545456,1,0.24642346208869814,0.016087278106508878,0.04807692307692308,1.0,0.009615384615384616,1,1
20608472208,2024,LIMA,1,0.045454545454545456,1,0.24642346208869814,0.016087278106508878,0.04807692307692308,1.0,0.009615384615384616,1,1
20609067552,2024,LIMA,1,0.045454545454545456,1,0.24642346208869814,0.016087278106508878,0.04807692307692308,1.0,0.009615384615384616,1,1
20611325739,2024,LIMA,1,0.045454545454545456,1,0.24642346208869814,0.016087278106508878,0.04807692307692308,1.0,0.009615384615384616,1,1
20103921288,2024,LORETO,1,0.045454545454545456,1,0.2155819774718398,0.020661157024793386,0.045454545454545456,1.0,0.00909090909090909,2,1
20232650444,2024,LORETO,1,0.045454545454545456,1,0.2155819774718398,0.020661157024793386,0.045454545454545456,1.0,0.00909090909090909,1,5
20393633990,2024,LORETO,4,0.045454545454545456,4,0.2155819774718398,0.020661157024793386,0.045454545454545456,1.0,0.03636363636363636,3,1
20393706628,2024,LORETO,1,0.045454545454545456,1,0.2155819774718398,0.020661157024793386,0.045454545454545456,1.0,0.00909090909090909,2,1
20393725509,2024,LORETO,2,0.045454545454545456,2,0.2155819774718398,0.020661157024793386,0.045454545454545456,1.0,0.01818181818181818,1,1
20393758423,2024,LORETO,1,0.045454545454545456,1,0.2155819774718398,0.020661157024793386,0.045454545454545456,1.0,0.00909090909090909,1,2
20393877431,2024,LORETO,3,0.045454545454545456,3,0.2155819774718398,0.020661157024793386,0.045454545454545456,1.0,0.02727272727272727,2,2
20393973669,2024,LORETO,5,0.045454545454545456,5,0.2155819774718398,0.020661157024793386,0.045454545454545456,1.0,0.045454545454545456,1,1
20399273146,2024,LORETO,1,0.09090909090909091,2,0.28191489361702127,0.020661157024793386,0.045454545454545456,0.5,0.00909090909090909,1,2
20450186440,2024,LORETO,1,0.09090909090909091,2,0.24519572953736654,0.020661157024793386,0.045454545454545456,0.5,0.00909090909090909,1,3
20450296628,2024,LORETO,1,0.045454545454545456,1,0.2155819774718398,0.020661157024793386,0.045454545454545456,1.0,0.00909090909090909,1,1
20450402592,2024,LORETO,2,0.045454545454545456,2,0.2155819774718398,0.020661157024793386,0.045454545454545456,1.0,0.01818181818181818,1,1
20450905152,2024,LORETO,1,0.045454545454545456,1,0.2155819774718398,0.020661157024793386,0.045454545454545456,1.0,0.00909090909090909,1,1
20451375548,2024,LORETO,3,0.045454545454545456,3,0.2155819774718398,0.020661157024793386,0.045454545454545456,1.0,0.02727272727272727,2,1
20493231236,2024,LORETO,1,0.045454545454545456,1,0.2155819774718398,0.020661157024793386,0.045454545454545456,1.0,0.00909090909090909,2,1
20493477405,2024,LORETO,1,0.045454545454545456,1,0.2155819774718398,0.020661157024793386,0.045454545454545456,1.0,0.00909090909090909,1,2
20493537742,2024,LORETO,4,0.18181818181818182,7,0.2962166809974205,0.020661157024793386,0.045454545454545456,0.5714285714285714,0.03636363636363636,1,4
20493538633,2024,LORETO,1,0.045454545454545456,1,0.2155819774718398,0.020661157024793386,0.045454545454545456,1.0,0.00909090909090909,2,1
20493543122,2024,LORETO,1,0.045454545454545456,1,0.2155819774718398,0.020661157024793386,0.045454545454545456,1.0,0.00909090909090909,1,1
20493589891,2024,LORETO,1,0.045454545454545456,1,0.2155819774718398,0.020661157024793386,0.045454545454545456,1.0,0.00909090909090909,1,1
20493640322,2024,LORETO,2,0.045454545454545456,2,0.2155819774718398,0.020661157024793386,0.045454545454545456,1.0,0.01818181818181818,2,1
20493644824,2024,LORETO,2,0.045454545454545456,2,0.2155819774718398,0.020661157024793386,0.045454545454545456,1.0,0.01818181818181818,2,1
20493733096,2024,LORETO,2,0.045454545454545456,2,0.2155819774718398,0.020661157024793386,0.045454545454545456,1.0,0.01818181818181818,1,1
20493747399,2024,LORETO,2,0.045454545454545456,2,0.2155819774718398,0.020661157024793386,0.045454545454545456,1.0,0.01818181818181818,2,1
20493748018,2024,LORETO,1,0.045454545454545456,1,0.2155819774718398,0.020661157024793386,0.045454545454545456,1.0,0.00909090909090909,2,1
20493870751,2024,LORETO,1,0.045454545454545456,1,0.2155819774718398,0.020661157024793386,0.045454545454545456,1.0,0.00909090909090909,1,1
20493874587,2024,LORETO,2,0.045454545454545456,2,0.2155819774718398,0.020661157024793386,0.045454545454545456,1.0,0.01818181818181818,3,1
20494100429,2024,LORETO,1,0.045454545454545456,1,0.2155819774718398,0.020661157024793386,0.045454545454545456,1.0,0.00909090909090909,2,1
20494686369,2024,LORETO,1,0.045454545454545456,1,0.2155819774718398,0.020661157024793386,0.045454545454545456,1.0,0.00909090909090909,1,2
20523013603,2024,LORETO,1,0.045454545454545456,1,0.2155819774718398,0.020661157024793386,0.045454545454545456,1.0,0.00909090909090909,1,2
20528115897,2024,LORETO,5,0.045454545454545456,5,0.2155819774718398,0.020661157024793386,0.045454545454545456,1.0,0.045454545454545456,3,1
20528149953,2024,LORETO,2,0.045454545454545456,2,0.2155819774718398,0.020661157024793386,0.045454545454545456,1.0,0.01818181818181818,1,1
20528181334,2024,LORETO,1,0.045454545454545456,1,0.2155819774718398,0.020661157024793386,0.045454545454545456,1.0,0.00909090909090909,3,1
20528255982,2024,LORETO,1,0.045454545454545456,1,0.2155819774718398,0.020661157024793386,0.045454545454545456,1.0,0.00909090909090909,3,1
20528388869,2024,LORETO,1,0.045454545454545456,1,0.2155819774718398,0.020661157024793386,0.045454545454545456,1.0,0.00909090909090909,1,1
20528457691,2024,LORETO,3,0.045454545454545456,3,0.2155819774718398,0.020661157024793386,0.045454545454545456,1.0,0.02727272727272727,2,1
20528476300,2024,LORETO,1,0.045454545454545456,1,0.2155819774718398,0.020661157024793386,0.045454545454545456,1.0,0.00909090909090909,2,1
20529089571,2024,LORETO,1,0.045454545454545456,1,0.2155819774718398,0.020661157024793386,0.045454545454545456,1.0,0.00909090909090909,1,1
20531302321,2024,LORETO,1,0.045454545454545456,1,0.2155819774718398,0.020661157024793386,0.045454545454545456,1.0,0.00909090909090909,1,1
20531396635,2024,LORETO,1,0.045454545454545456,1,0.2155819774718398,0.020661157024793386,0.045454545454545456,1.0,0.00909090909090909,3,1
20541112660,2024,LORETO,1,0.045454545454545456,1,0.2155819774718398,0.020661157024793386,0.045454545454545456,1.0,0.00909090909090909,1,1
20541143549,2024,LORETO,1,0.045454545454545456,1,0.2155819774718398,0.020661157024793386,0.045454545454545456,1.0,0.00909090909090909,1,1
20541243250,2024,LORETO,1,0.045454545454545456,1,0.2155819774718398,0.020661157024793386,0.045454545454545456,1.0,0.00909090909090909,2,1
20541261401,2024,LORETO,1,0.045454545454545456,1,0.2155819774718398,0.020661157024793386,0.045454545454545456,1.0,0.00909090909090909,2,1
20541653156,2024,LORETO,5,0.13636363636363635,7,0.2596081386586285,0.020661157024793386,0.045454545454545456,0.7142857142857143,0.045454545454545456,1,4
20542301172,2024,LORETO,1,0.045454545454545456,1,0.2155819774718398,0.020661157024793386,0.045454545454545456,1.0,0.00909090909090909,1,1
20559937691,2024,LORETO,3,0.045454545454545456,3,0.2155819774718398,0.020661157024793386,0.045454545454545456,1.0,0.02727272727272727,1,1
20567140220,2024,LORETO,2,0.09090909090909091,3,0.2367697594501718,0.020661157024793386,0.045454545454545456,0.6666666666666666,0.01818181818181818,3,2
20567237061,2024,LORETO,2,0.045454545454545456,2,0.2155819774718398,0.020661157024793386,0.045454545454545456,1.0,0.01818181818181818,2,1
20567287247,2024,LORETO,2,0.045454545454545456,2,0.2155819774718398,0.020661157024793386,0.045454545454545456,1.0,0.01818181818181818,1,1
20572288901,2024,LORETO,1,0.045454545454545456,1,0.2155819774718398,0.020661157024793386,0.045454545454545456,1.0,0.00909090909090909,1,1
20600002717,2024,LORETO,1,0.09090909090909091,2,0.25330882352941175,0.020661157024793386,0.045454545454545456,0.5,0.00909090909090909,1,2
20600182693,2024,LORETO,3,0.045454545454545456,3,0.2155819774718398,0.020661157024793386,0.045454545454545456,1.0,0.02727272727272727,1,1
20600409311,2024,LORETO,1,0.045454545454545456,1,0.2155819774718398,0.020661157024793386,0.045454545454545456,1.0,0.00909090909090909,1,1
20600523571,2024,LORETO,1,0.045454545454545456,1,0.2155819774718398,0.020661157024793386,0.045454545454545456,1.0,0.00909090909090909,1,1
20601131367,2024,LORETO,1,0.045454545454545456,1,0.2155819774718398,0.020661157024793386,0.045454545454545456,1.0,0.00909090909090909,1,1
20601202574,2024,LORETO,1,0.09090909090909091,2,0.2367697594501718,0.020661157024793386,0.045454545454545456,0.5,0.00909090909090909,2,2
20601282063,2024,LORETO,1,0.045454545454545456,1,0.2155819774718398,0.020661157024793386,0.045454545454545456,1.0,0.00909090909090909,1,1
20601324491,2024,LORETO,1,0.09090909090909091,2,0.2603930461073318,0.020661157024793386,0.045454545454545456,0.5,0.00909090909090909,1,2
20601693659,2024,LORETO,1,0.045454545454545456,1,0.2155819774718398,0.020661157024793386,0.045454545454545456,1.0,0.00909090909090909,1,1
20601911915,2024,LORETO,2,0.045454545454545456,2,0.2155819774718398,0.020661157024793386,0.045454545454545456,1.0,0.01818181818181818,1,1
20601944384,2024,LORETO,1,0.045454545454545456,1,0.2155819774718398,0.020661157024793386,0.045454545454545456,1.0,0.00909090909090909,1,1
20602797016,2024,LORETO,1,0.045454545454545456,1,0.2155819774718398,0.020661157024793386,0.045454545454545456,1.0,0.00909090909090909,1,2
20603476400,2024,LORETO,1,0.09090909090909091,2,0.25330882352941175,0.020661157024793386,0.045454545454545456,0.5,0.00909090909090909,1,5
20608845934,2024,LORETO,2,0.045454545454545456,2,0.2155819774718398,0.020661157024793386,0.045454545454545456,1.0,0.01818181818181818,2,1
20610436499,2024,LORETO,1,0.045454545454545456,1,0.2155819774718398,0.020661157024793386,0.045454545454545456,1.0,0.00909090909090909,1,1
20610618015,2024,LORETO,1,0.045454545454545456,1,0.2155819774718398,0.020661157024793386,0.045454545454545456,1.0,0.00909090909090909,1,1
20611139684,2024,LORETO,1,0.045454545454545456,1,0.2155819774718398,0.020661157024793386,0.045454545454545456,1.0,0.00909090909090909,1,1
20612633917,2024,LORETO,1,0.045454545454545456,1,0.2155819774718398,0.020661157024793386,0.045454545454545456,1.0,0.00909090909090909,1,1
10324057035,2024,PASCO,1,0.045454545454545456,1,0.2245762711864407,0.021757463315904876,0.06493506493506493,1.0,0.012987012987012988,1,1
10411982438,2024,PASCO,1,0.045454545454545456,1,0.2245762711864407,0.021757463315904876,0.06493506493506493,1.0,0.012987012987012988,1,1
10805536867,2024,PASCO,1,0.045454545454545456,1,0.2245762711864407,0.021757463315904876,0.06493506493506493,1.0,0.012987012987012988,1,1
20393675480,2024,PASCO,1,0.09090909090909091,3,0.2370956641431521,0.021757463315904876,0.06493506493506493,0.3333333333333333,0.012987012987012988,1,3
20407836872,2024,PASCO,5,0.09090909090909091,6,0.23840830449826989,0.021757463315904876,0.06493506493506493,0.8333333333333334,0.06493506493506493,1,2
20446927753,2024,PASCO,2,0.045454545454545456,2,0.2245762711864407,0.021757463315904876,0.06493506493506493,1.0,0.025974025974025976,1,1
20486845725,2024,PASCO,1,0.045454545454545456,1,0.2245762711864407,0.021757463315904876,0.06493506493506493,1.0,0.012987012987012988,1,1
20486975939,2024,PASCO,1,0.045454545454545456,1,0.2245762711864407,0.021757463315904876,0.06493506493506493,1.0,0.012987012987012988,2,2
20489537436,2024,PASCO,1,0.045454545454545456,1,0.2245762711864407,0.021757463315904876,0.06493506493506493,1.0,0.012987012987012988,1,1
20489594235,2024,PASCO,1,0.045454545454545456,1,0.2245762711864407,0.021757463315904876,0.06493506493506493,1.0,0.012987012987012988,1,1
20489626706,2024,PASCO,1,0.09090909090909091,2,0.28237704918032785,0.021757463315904876,0.06493506493506493,0.5,0.012987012987012988,1,2
20489650674,2024,PASCO,1,0.09090909090909091,2,0.23840830449826989,0.021757463315904876,0.06493506493506493,0.5,0.012987012987012988,1,2
20489684145,2024,PASCO,1,0.09090909090909091,2,0.28237704918032785,0.021757463315904876,0.06493506493506493,0.5,0.012987012987012988,1,2
20489747244,2024,PASCO,1,0.045454545454545456,1,0.2245762711864407,0.021757463315904876,0.06493506493506493,1.0,0.012987012987012988,1,3
20494951020,2024,PASCO,1,0.09090909090909091,4,0.28237704918032785,0.021757463315904876,0.06493506493506493,0.25,0.012987012987012988,1,3
20495931472,2024,PASCO,1,0.09090909090909091,2,0.231986531986532,0.021757463315904876,0.06493506493506493,0.5,0.012987012987012988,1,2
20506298301,2024,PASCO,1,0.045454545454545456,1,0.2245762711864407,0.021757463315904876,0.06493506493506493,1.0,0.012987012987012988,1,1
20528901361,2024,PASCO,1,0.045454545454545456,1,0.2245762711864407,0.021757463315904876,0.06493506493506493,1.0,0.012987012987012988,2,3
20528932321,2024,PASCO,1,0.045454545454545456,1,0.2245762711864407,0.021757463315904876,0.06493506493506493,1.0,0.012987012987012988,1,2
20528973516,2024,PASCO,1,0.045454545454545456,1,0.2245762711864407,0.021757463315904876,0.06493506493506493,1.0,0.012987012987012988,1,1
20529030330,2024,PASCO,1,0.045454545454545456,1,0.2245762711864407,0.021757463315904876,0.06493506493506493,1.0,0.012987012987012988,1,1
20529033274,2024,PASCO,1,0.045454545454545456,1,0.2245762711864407,0.021757463315904876,0.06493506493506493,1.0,0.012987012987012988,1,1
20529066521,2024,PASCO,1,0.13636363636363635,3,0.2758206565252202,0.021757463315904876,0.06493506493506493,0.3333333333333333,0.012987012987012988,1,5
20529068655,2024,PASCO,3,0.09090909090909091,4,0.28237704918032785,0.021757463315904876,0.06493506493506493,0.75,0.03896103896103896,2,2
20529111259,2024,PASCO,1,0.045454545454545456,1,0.2245762711864407,0.021757463315904876,0.06493506493506493,1.0,0.012987012987012988,2,1
20529202998,2024,PASCO,1,0.18181818181818182,5,0.28353909465020577,0.021757463315904876,0.06493506493506493,0.2,0.012987012987012988,2,4
20529215038,2024,PASCO,2,0.045454545454545456,2,0.2245762711864407,0.021757463315904876,0.06493506493506493,1.0,0.025974025974025976,1,1
20542350033,2024,PASCO,1,0.13636363636363635,4,0.26459293394777267,0.021757463315904876,0.06493506493506493,0.25,0.012987012987012988,1,3
20542489627,2024,PASCO,1,0.045454545454545456,1,0.2245762711864407,0.021757463315904876,0.06493506493506493,1.0,0.012987012987012988,1,1
20568073658,2024,PASCO,1,0.045454545454545456,1,0.2245762711864407,0.021757463315904876,0.06493506493506493,1.0,0.012987012987012988,1,1
20571395283,2024,PASCO,2,0.18181818181818182,5,0.31721915285451197,0.021757463315904876,0.06493506493506493,0.4,0.025974025974025976,1,5
20573066619,2024,PASCO,1,0.045454545454545456,1,0.2245762711864407,0.021757463315904876,0.06493506493506493,1.0,0.012987012987012988,1,1
20573098731,2024,PASCO,1,0.09090909090909091,3,0.23840830449826989,0.021757463315904876,0.06493506493506493,0.3333333333333333,0.012987012987012988,2,2
20573144946,2024,PASCO,1,0.045454545454545456,1,0.2245762711864407,0.021757463315904876,0.06493506493506493,1.0,0.012987012987012988,1,1
20573225199,2024,PASCO,4,0.045454545454545456,4,0.2245762711864407,0.021757463315904876,0.06493506493506493,1.0,0.05194805194805195,1,1
20573333081,2024,PASCO,1,0.09090909090909091,3,0.23840830449826989,0.021757463315904876,0.06493506493506493,0.3333333333333333,0.012987012987012988,1,2
20573338554,2024,PASCO,1,0.045454545454545456,1,0.2245762711864407,0.021757463315904876,0.06493506493506493,1.0,0.012987012987012988,1,1
20600079493,2024,PASCO,1,0.045454545454545456,1,0.2245762711864407,0.021757463315904876,0.06493506493506493,1.0,0.012987012987012988,1,1
20600099541,2024,PASCO,1,0.045454545454545456,1,0.2245762711864407,0.021757463315904876,0.06493506493506493,1.0,0.012987012987012988,1,1
20600119703,2024,PASCO,1,0.045454545454545456,1,0.2245762711864407,0.021757463315904876,0.06493506493506493,1.0,0.012987012987012988,1,1
20600592786,2024,PASCO,1,0.045454545454545456,1,0.2245762711864407,0.021757463315904876,0.06493506493506493,1.0,0.012987012987012988,2,1
20600630963,2024,PASCO,1,0.045454545454545456,1,0.2245762711864407,0.021757463315904876,0.06493506493506493,1.0,0.012987012987012988,1,1
20600967496,2024,PASCO,1,0.045454545454545456,1,0.2245762711864407,0.021757463315904876,0.06493506493506493,1.0,0.012987012987012988,1,1
20601277078,2024,PASCO,1,0.045454545454545456,1,0.2245762711864407,0.021757463315904876,0.06493506493506493,1.0,0.012987012987012988,1,1
20601771641,2024,PASCO,2,0.09090909090909091,3,0.257089552238806,0.021757463315904876,0.06493506493506493,0.6666666666666666,0.025974025974025976,1,3
20602486894,2024,PASCO,1,0.09090909090909091,2,0.23840830449826989,0.021757463315904876,0.06493506493506493,0.5,0.012987012987012988,1,2
20602581234,2024,PASCO,1,0.045454545454545456,1,0.2245762711864407,0.021757463315904876,0.06493506493506493,1.0,0.012987012987012988,1,1
20602640079,2024,PASCO,1,0.045454545454545456,1,0.2245762711864407,0.021757463315904876,0.06493506493506493,1.0,0.012987012987012988,1,1
20603013540,2024,PASCO,1,0.045454545454545456,1,0.2245762711864407,0.021757463315904876,0.06493506493506493,1.0,0.012987012987012988,1,1
20603398573,2024,PASCO,1,0.045454545454545456,1,0.2245762711864407,0.021757463315904876,0.06493506493506493,1.0,0.012987012987012988,1,1
20603549261,2024,PASCO,1,0.045454545454545456,1,0.2245762711864407,0.021757463315904876,0.06493506493506493,1.0,0.012987012987012988,1,1
20603641834,2024,PASCO,1,0.045454545454545456,1,0.2245762711864407,0.021757463315904876,0.06493506493506493,1.0,0.012987012987012988,1,1
20603919395,2024,PASCO,1,0.045454545454545456,1,0.2245762711864407,0.021757463315904876,0.06493506493506493,1.0,0.012987012987012988,1,1
20604695067,2024,PASCO,1,0.045454545454545456,1,0.2245762711864407,0.021757463315904876,0.06493506493506493,1.0,0.012987012987012988,1,1
20604906475,2024,PASCO,1,0.045454545454545456,1,0.2245762711864407,0.021757463315904876,0.06493506493506493,1.0,0.012987012987012988,1,1
20605286306,2024,PASCO,1,0.045454545454545456,1,0.2245762711864407,0.021757463315904876,0.06493506493506493,1.0,0.012987012987012988,1,1
20605875778,2024,PASCO,1,0.045454545454545456,1,0.2245762711864407,0.021757463315904876,0.06493506493506493,1.0,0.012987012987012988,1,1
20608077163,2024,PASCO,3,0.13636363636363635,7,0.24432624113475176,0.021757463315904876,0.06493506493506493,0.42857142857142855,0.03896103896103896,1,3
20611372338,2024,PASCO,1,0.045454545454545456,1,0.2245762711864407,0.021757463315904876,0.06493506493506493,1.0,0.012987012987012988,1,1
20613220004,2024,PASCO,1,0.045454545454545456,1,0.2245762711864407,0.021757463315904876,0.06493506493506493,1.0,0.012987012987012988,1,1
20613377205,2024,PASCO,1,0.045454545454545456,1,0.2245762711864407,0.021757463315904876,0.06493506493506493,1.0,0.012987012987012988,1,1
99000035293,2024,PASCO,1,0.13636363636363635,4,0.26438986953184956,0.021757463315904876,0.06493506493506493,0.25,0.012987012987012988,1,3
10176407471,2024,PIURA,1,0.045454545454545456,1,0.1840277777777778,0.041522491349480974,0.08823529411764706,1.0,0.029411764705882353,1,1
20154727826,2024,PIURA,1,0.045454545454545456,1,0.1840277777777778,0.041522491349480974,0.08823529411764706,1.0,0.029411764705882353,1,1
20261295246,2024,PIURA,1,0.09090909090909091,2,0.2658179012345679,0.041522491349480974,0.08823529411764706,0.5,0.029411764705882353,1,4
20274419637,2024,PIURA,1,0.045454545454545456,1,0.1840277777777778,0.041522491349480974,0.08823529411764706,1.0,0.029411764705882353,1,2
20339480932,2024,PIURA,1,0.045454545454545456,1,0.1840277777777778,0.041522491349480974,0.08823529411764706,1.0,0.029411764705882353,1,2
20480188404,2024,PIURA,1,0.13636363636363635,4,0.23340108401084012,0.041522491349480974,0.08823529411764706,0.25,0.029411764705882353,1,4
20525491677,2024,PIURA,1,0.045454545454545456,1,0.1840277777777778,0.041522491349480974,0.08823529411764706,1.0,0.029411764705882353,3,1
20525637639,2024,PIURA,1,0.045454545454545456,1,0.1840277777777778,0.041522491349480974,0.08823529411764706,1.0,0.029411764705882353,1,1
20525822029,2024,PIURA,1,0.045454545454545456,1,0.1840277777777778,0.041522491349480974,0.08823529411764706,1.0,0.029411764705882353,1,1
20526032854,2024,PIURA,2,0.045454545454545456,2,0.1840277777777778,0.041522491349480974,0.08823529411764706,1.0,0.058823529411764705,1,1
20526146191,2024,PIURA,1,0.045454545454545456,1,0.1840277777777778,0.041522491349480974,0.08823529411764706,1.0,0.029411764705882353,3,1
20526201478,2024,PIURA,3,0.045454545454545456,3,0.1840277777777778,0.041522491349480974,0.08823529411764706,1.0,0.08823529411764706,1,1
20526203501,2024,PIURA,1,0.045454545454545456,1,0.1840277777777778,0.041522491349480974,0.08823529411764706,1.0,0.029411764705882353,1,1
20526652135,2024,PIURA,1,0.045454545454545456,1,0.1840277777777778,0.041522491349480974,0.08823529411764706,1.0,0.029411764705882353,1,1
20526657871,2024,PIURA,1,0.045454545454545456,1,0.1840277777777778,0.041522491349480974,0.08823529411764706,1.0,0.029411764705882353,1,1
20529940395,2024,PIURA,1,0.045454545454545456,1,0.1840277777777778,0.041522491349480974,0.08823529411764706,1.0,0.029411764705882353,1,1
20529966351,2024,PIURA,1,0.045454545454545456,1,0.1840277777777778,0.041522491349480974,0.08823529411764706,1.0,0.029411764705882353,1,1
20530036481,2024,PIURA,1,0.045454545454545456,1,0.1840277777777778,0.041522491349480974,0.08823529411764706,1.0,0.029411764705882353,1,1
20530091075,2024,PIURA,2,0.045454545454545456,2,0.1840277777777778,0.041522491349480974,0.08823529411764706,1.0,0.058823529411764705,3,1
20533651918,2024,PIURA,1,0.09090909090909091,2,0.23105298457411133,0.041522491349480974,0.08823529411764706,0.5,0.029411764705882353,1,2
20600085841,2024,PIURA,2,0.045454545454545456,2,0.1840277777777778,0.041522491349480974,0.08823529411764706,1.0,0.058823529411764705,1,1
20600419839,2024,PIURA,1,0.045454545454545456,1,0.1840277777777778,0.041522491349480974,0.08823529411764706,1.0,0.029411764705882353,1,1
20600480996,2024,PIURA,1,0.045454545454545456,1,0.1840277777777778,0.041522491349480974,0.08823529411764706,1.0,0.029411764705882353,1,1
20602951830,2024,PIURA,1,0.045454545454545456,1,0.1840277777777778,0.041522491349480974,0.08823529411764706,1.0,0.029411764705882353,1,1
20605435077,2024,PIURA,1,0.045454545454545456,1,0.1840277777777778,0.041522491349480974,0.08823529411764706,1.0,0.029411764705882353,1,1
20605547436,2024,PIURA,1,0.045454545454545456,1,0.1840277777777778,0.041522491349480974,0.08823529411764706,1.0,0.029411764705882353,1,1
20605622080,2024,PIURA,2,0.045454545454545456,2,0.1840277777777778,0.041522491349480974,0.08823529411764706,1.0,0.058823529411764705,1,1
20608080784,2024,PIURA,1,0.045454545454545456,1,0.1840277777777778,0.041522491349480974,0.08823529411764706,1.0,0.029411764705882353,1,1
20106758477,2024,PUNO,1,0.09090909090909091,2,0.20579450418160095,0.25,0.25,0.5,0.25,1,2
20518145763,2024,PUNO,1,0.045454545454545456,1,0.18591473286562332,0.25,0.25,1.0,0.25,1,1
20536612972,2024,PUNO,1,0.2272727272727273,5,0.2934412265758092,0.25,0.25,0.2,0.25,1,5
20602241671,2024,PUNO,1,0.045454545454545456,1,0.18591473286562332,0.25,0.25,1.0,0.25,1,1
20450151221,2024,SAN MARTIN,1,0.045454545454545456,1,0.2269433465085639,0.02790503956684714,0.061224489795918366,1.0,0.02040816326530612,1,1
20450186440,2024,SAN MARTIN,1,0.09090909090909091,2,0.24519572953736654,0.02790503956684714,0.061224489795918366,0.5,0.02040816326530612,2,3
20450278051,2024,SAN MARTIN,2,0.045454545454545456,2,0.2269433465085639,0.02790503956684714,0.061224489795918366,1.0,0.04081632653061224,2,1
20450299139,2024,SAN MARTIN,2,0.045454545454545456,2,0.2269433465085639,0.02790503956684714,0.061224489795918366,1.0,0.04081632653061224,2,2
20450302377,2024,SAN MARTIN,1,0.045454545454545456,1,0.2269433465085639,0.02790503956684714,0.061224489795918366,1.0,0.02040816326530612,1,1
20450445305,2024,SAN MARTIN,1,0.045454545454545456,1,0.2269433465085639,0.02790503956684714,0.061224489795918366,1.0,0.02040816326530612,1,1
20480188404,2024,SAN MARTIN,2,0.13636363636363635,4,0.23340108401084012,0.02790503956684714,0.061224489795918366,0.5,0.04081632653061224,1,4
20480403496,2024,SAN MARTIN,1,0.09090909090909091,4,0.25036337209302323,0.02790503956684714,0.061224489795918366,0.25,0.02040816326530612,1,2
20480686692,2024,SAN MARTIN,1,0.045454545454545456,1,0.2269433465085639,0.02790503956684714,0.061224489795918366,1.0,0.02040816326530612,1,2
20489532981,2024,SAN MARTIN,1,0.13636363636363635,3,0.25747384155455905,0.02790503956684714,0.061224489795918366,0.3333333333333333,0.02040816326530612,1,4
20493537742,2024,SAN MARTIN,1,0.18181818181818182,7,0.2962166809974205,0.02790503956684714,0.061224489795918366,0.14285714285714285,0.02040816326530612,2,4
20493836651,2024,SAN MARTIN,1,0.045454545454545456,1,0.2269433465085639,0.02790503956684714,0.061224489795918366,1.0,0.02040816326530612,1,1
20493953614,2024,SAN MARTIN,1,0.045454545454545456,1,0.2269433465085639,0.02790503956684714,0.061224489795918366,1.0,0.02040816326530612,1,1
20494017521,2024,SAN MARTIN,1,0.045454545454545456,1,0.2269433465085639,0.02790503956684714,0.061224489795918366,1.0,0.02040816326530612,1,1
20496054041,2024,SAN MARTIN,1,0.045454545454545456,1,0.2269433465085639,0.02790503956684714,0.061224489795918366,1.0,0.02040816326530612,1,1
20529457554,2024,SAN MARTIN,1,0.045454545454545456,1,0.2269433465085639,0.02790503956684714,0.061224489795918366,1.0,0.02040816326530612,1,1
20533651918,2024,SAN MARTIN,1,0.09090909090909091,2,0.23105298457411133,0.02790503956684714,0.061224489795918366,0.5,0.02040816326530612,2,2
20534016949,2024,SAN MARTIN,1,0.09090909090909091,2,0.2699843260188088,0.02790503956684714,0.061224489795918366,0.5,0.02040816326530612,1,3
20539158091,2024,SAN MARTIN,1,0.045454545454545456,1,0.2269433465085639,0.02790503956684714,0.061224489795918366,1.0,0.02040816326530612,1,1
20542350033,2024,SAN MARTIN,2,0.13636363636363635,4,0.26459293394777267,0.02790503956684714,0.061224489795918366,0.5,0.04081632653061224,1,3
20560034289,2024,SAN MARTIN,1,0.045454545454545456,1,0.2269433465085639,0.02790503956684714,0.061224489795918366,1.0,0.02040816326530612,2,1
20560168994,2024,SAN MARTIN,1,0.13636363636363635,5,0.25728155339805825,0.02790503956684714,0.061224489795918366,0.2,0.02040816326530612,1,3
20570866533,2024,SAN MARTIN,1,0.045454545454545456,1,0.2269433465085639,0.02790503956684714,0.061224489795918366,1.0,0.02040816326530612,1,1
20572125191,2024,SAN MARTIN,3,0.045454545454545456,3,0.2269433465085639,0.02790503956684714,0.061224489795918366,1.0,0.061224489795918366,1,1
20572164331,2024,SAN MARTIN,1,0.045454545454545456,1,0.2269433465085639,0.02790503956684714,0.061224489795918366,1.0,0.02040816326530612,1,1
20572224849,2024,SAN MARTIN,1,0.045454545454545456,1,0.2269433465085639,0.02790503956684714,0.061224489795918366,1.0,0.02040816326530612,1,1
20600194861,2024,SAN MARTIN,2,0.045454545454545456,2,0.2269433465085639,0.02790503956684714,0.061224489795918366,1.0,0.04081632653061224,1,1
20600683650,2024,SAN MARTIN,1,0.045454545454545456,1,0.2269433465085639,0.02790503956684714,0.061224489795918366,1.0,0.02040816326530612,2,3
20600721179,2024,SAN MARTIN,1,0.09090909090909091,3,0.25036337209302323,0.02790503956684714,0.061224489795918366,0.3333333333333333,0.02040816326530612,1,3
20601290309,2024,SAN MARTIN,1,0.045454545454545456,1,0.2269433465085639,0.02790503956684714,0.061224489795918366,1.0,0.02040816326530612,1,1
20601500214,2024,SAN MARTIN,1,0.045454545454545456,1,0.2269433465085639,0.02790503956684714,0.061224489795918366,1.0,0.02040816326530612,1,1
20601533171,2024,SAN MARTIN,1,0.045454545454545456,1,0.2269433465085639,0.02790503956684714,0.061224489795918366,1.0,0.02040816326530612,1,1
20602811914,2024,SAN MARTIN,1,0.045454545454545456,1,0.2269433465085639,0.02790503956684714,0.061224489795918366,1.0,0.02040816326530612,1,1
20604572968,2024,SAN MARTIN,1,0.045454545454545456,1,0.2269433465085639,0.02790503956684714,0.061224489795918366,1.0,0.02040816326530612,1,1
20609697238,2024,SAN MARTIN,1,0.045454545454545456,1,0.2269433465085639,0.02790503956684714,0.061224489795918366,1.0,0.02040816326530612,1,1
20609836149,2024,SAN MARTIN,1,0.045454545454545456,1,0.2269433465085639,0.02790503956684714,0.061224489795918366,1.0,0.02040816326530612,1,1
20610467190,2024,SAN MARTIN,2,0.045454545454545456,2,0.2269433465085639,0.02790503956684714,0.061224489795918366,1.0,0.04081632653061224,1,1
20611692928,2024,SAN MARTIN,1,0.045454545454545456,1,0.2269433465085639,0.02790503956684714,0.061224489795918366,1.0,0.02040816326530612,1,1
20612549258,2024,SAN MARTIN,1,0.045454545454545456,1,0.2269433465085639,0.02790503956684714,0.061224489795918366,1.0,0.02040816326530612,1,1
20612984515,2024,SAN MARTIN,1,0.045454545454545456,1,0.2269433465085639,0.02790503956684714,0.061224489795918366,1.0,0.02040816326530612,1,1
20612988723,2024,SAN MARTIN,1,0.045454545454545456,1,0.2269433465085639,0.02790503956684714,0.061224489795918366,1.0,0.02040816326530612,1,1
20133176404,2024,TACNA,1,0.045454545454545456,1,0.191815144766147,0.0625,0.0625,1.0,0.0625,2,1
20257427022,2024,TACNA,1,0.045454545454545456,1,0.191815144766147,0.0625,0.0625,1.0,0.0625,1,1
20406330495,2024,TACNA,1,0.045454545454545456,1,0.191815144766147,0.0625,0.0625,1.0,0.0625,3,1
20453991769,2024,TACNA,1,0.045454545454545456,1,0.191815144766147,0.0625,0.0625,1.0,0.0625,1,1
20456323007,2024,TACNA,1,0.045454545454545456,1,0.191815144766147,0.0625,0.0625,1.0,0.0625,1,2
20494637074,2024,TACNA,1,0.09090909090909091,2,0.2295136575616256,0.0625,0.0625,0.5,0.0625,1,2
20519658501,2024,TACNA,1,0.045454545454545456,1,0.191815144766147,0.0625,0.0625,1.0,0.0625,2,1
20529202998,2024,TACNA,1,0.18181818181818182,5,0.28353909465020577,0.0625,0.0625,0.2,0.0625,1,4
20532656347,2024,TACNA,1,0.045454545454545456,1,0.191815144766147,0.0625,0.0625,1.0,0.0625,3,1
20533652213,2024,TACNA,1,0.13636363636363635,5,0.2631779984721161,0.0625,0.0625,0.2,0.0625,1,4
20536907930,2024,TACNA,1,0.045454545454545456,1,0.191815144766147,0.0625,0.0625,1.0,0.0625,1,1
20547282559,2024,TACNA,1,0.045454545454545456,1,0.191815144766147,0.0625,0.0625,1.0,0.0625,1,2
20563050684,2024,TACNA,1,0.045454545454545456,1,0.191815144766147,0.0625,0.0625,1.0,0.0625,1,1
20565699955,2024,TACNA,1,0.09090909090909091,2,0.21057457212713937,0.0625,0.0625,0.5,0.0625,2,2
20608077163,2024,TACNA,1,0.13636363636363635,7,0.24432624113475176,0.0625,0.0625,0.14285714285714285,0.0625,1,3
20609409445,2024,TACNA,1,0.045454545454545456,1,0.191815144766147,0.0625,0.0625,1.0,0.0625,1,1
20409316868,2024,TUMBES,1,0.045454545454545456,1,0.18046097433211106,0.051039697542533076,0.08695652173913043,1.0,0.043478260869565216,1,1
20409339728,2024,TUMBES,2,0.045454545454545456,2,0.18046097433211106,0.051039697542533076,0.08695652173913043,1.0,0.08695652173913043,1,1
20409357203,2024,TUMBES,1,0.045454545454545456,1,0.18046097433211106,0.051039697542533076,0.08695652173913043,1.0,0.043478260869565216,1,1
20409401113,2024,TUMBES,2,0.045454545454545456,2,0.18046097433211106,0.051039697542533076,0.08695652173913043,1.0,0.08695652173913043,2,1
20409481125,2024,TUMBES,1,0.045454545454545456,1,0.18046097433211106,0.051039697542533076,0.08695652173913043,1.0,0.043478260869565216,1,1
20409487913,2024,TUMBES,1,0.045454545454545456,1,0.18046097433211106,0.051039697542533076,0.08695652173913043,1.0,0.043478260869565216,2,1
20483981202,2024,TUMBES,1,0.045454545454545456,1,0.18046097433211106,0.051039697542533076,0.08695652173913043,1.0,0.043478260869565216,2,1
20484228451,2024,TUMBES,1,0.045454545454545456,1,0.18046097433211106,0.051039697542533076,0.08695652173913043,1.0,0.043478260869565216,1,2
20525954529,2024,TUMBES,1,0.045454545454545456,1,0.18046097433211106,0.051039697542533076,0.08695652173913043,1.0,0.043478260869565216,1,1
20526688679,2024,TUMBES,1,0.045454545454545456,1,0.18046097433211106,0.051039697542533076,0.08695652173913043,1.0,0.043478260869565216,1,1
20529698918,2024,TUMBES,1,0.045454545454545456,1,0.18046097433211106,0.051039697542533076,0.08695652173913043,1.0,0.043478260869565216,2,3
20553546266,2024,TUMBES,1,0.045454545454545456,1,0.18046097433211106,0.051039697542533076,0.08695652173913043,1.0,0.043478260869565216,1,1
20565699955,2024,TUMBES,1,0.09090909090909091,2,0.21057457212713937,0.051039697542533076,0.08695652173913043,0.5,0.043478260869565216,1,2
20600381726,2024,TUMBES,1,0.045454545454545456,1,0.18046097433211106,0.051039697542533076,0.08695652173913043,1.0,0.043478260869565216,1,1
20600475496,2024,TUMBES,1,0.045454545454545456,1,0.18046097433211106,0.051039697542533076,0.08695652173913043,1.0,0.043478260869565216,1,1
20600508653,2024,TUMBES,1,0.045454545454545456,1,0.18046097433211106,0.051039697542533076,0.08695652173913043,1.0,0.043478260869565216,1,1
20602429670,2024,TUMBES,1,0.09090909090909091,2,0.26459293394777267,0.051039697542533076,0.08695652173913043,0.5,0.043478260869565216,1,2
20606891947,2024,TUMBES,1,0.045454545454545456,1,0.18046097433211106,0.051039697542533076,0.08695652173913043,1.0,0.043478260869565216,1,1
20609370743,2024,TUMBES,1,0.045454545454545456,1,0.18046097433211106,0.051039697542533076,0.08695652173913043,1.0,0.043478260869565216,1,1
20610312251,2024,TUMBES,1,0.045454545454545456,1,0.18046097433211106,0.051039697542533076,0.08695652173913043,1.0,0.043478260869565216,1,1
20610504486,2024,TUMBES,1,0.045454545454545456,1,0.18046097433211106,0.051039697542533076,0.08695652173913043,1.0,0.043478260869565216,1,1
20393151812,2024,UCAYALI,1,0.045454545454545456,1,0.1950736126840317,0.05215419501133786,0.09523809523809523,1.0,0.047619047619047616,1,2
20393281279,2024,UCAYALI,1,0.045454545454545456,1,0.1950736126840317,0.05215419501133786,0.09523809523809523,1.0,0.047619047619047616,2,1
20393418321,2024,UCAYALI,1,0.045454545454545456,1,0.1950736126840317,0.05215419501133786,0.09523809523809523,1.0,0.047619047619047616,2,1
20393469669,2024,UCAYALI,1,0.045454545454545456,1,0.1950736126840317,0.05215419501133786,0.09523809523809523,1.0,0.047619047619047616,1,1
20393513587,2024,UCAYALI,1,0.045454545454545456,1,0.1950736126840317,0.05215419501133786,0.09523809523809523,1.0,0.047619047619047616,1,1
20393665506,2024,UCAYALI,1,0.045454545454545456,1,0.1950736126840317,0.05215419501133786,0.09523809523809523,1.0,0.047619047619047616,2,1
20393675480,2024,UCAYALI,2,0.09090909090909091,3,0.2370956641431521,0.05215419501133786,0.09523809523809523,0.6666666666666666,0.09523809523809523,1,3
20393801370,2024,UCAYALI,1,0.045454545454545456,1,0.1950736126840317,0.05215419501133786,0.09523809523809523,1.0,0.047619047619047616,1,1
20393945886,2024,UCAYALI,1,0.045454545454545456,1,0.1950736126840317,0.05215419501133786,0.09523809523809523,1.0,0.047619047619047616,1,1
20393987538,2024,UCAYALI,1,0.045454545454545456,1,0.1950736126840317,0.05215419501133786,0.09523809523809523,1.0,0.047619047619047616,1,1
20491560496,2024,UCAYALI,1,0.09090909090909091,2,0.22312176165803108,0.05215419501133786,0.09523809523809523,0.5,0.047619047619047616,1,2
20491656761,2024,UCAYALI,1,0.09090909090909091,3,0.24346289752650177,0.05215419501133786,0.09523809523809523,0.3333333333333333,0.047619047619047616,1,3
20533652213,2024,UCAYALI,1,0.13636363636363635,5,0.2631779984721161,0.05215419501133786,0.09523809523809523,0.2,0.047619047619047616,1,4
20534013923,2024,UCAYALI,1,0.045454545454545456,1,0.1950736126840317,0.05215419501133786,0.09523809523809523,1.0,0.047619047619047616,1,2
20567140220,2024,UCAYALI,1,0.09090909090909091,3,0.2367697594501718,0.05215419501133786,0.09523809523809523,0.3333333333333333,0.047619047619047616,1,2
20571266122,2024,UCAYALI,1,0.045454545454545456,1,0.1950736126840317,0.05215419501133786,0.09523809523809523,1.0,0.047619047619047616,1,1
20601202574,2024,UCAYALI,1,0.09090909090909091,2,0.2367697594501718,0.05215419501133786,0.09523809523809523,0.5,0.047619047619047616,1,2
20601888361,2024,UCAYALI,1,0.045454545454545456,1,0.1950736126840317,0.05215419501133786,0.09523809523809523,1.0,0.047619047619047616,2,1
20602237282,2024,UCAYALI,1,0.045454545454545456,1,0.1950736126840317,0.05215419501133786,0.09523809523809523,1.0,0.047619047619047616,1,1
20604031509,2024,UCAYALI,1,0.045454545454545456,1,0.1950736126840317,0.05215419501133786,0.09523809523809523,1.0,0.047619047619047616,1,1
